%time,opos,force
1753067826547820926,0,0.0
1753067826549792531,1,0.0
1753067826551800839,1,0.0
1753067826553804054,0,0.0
1753067826555788406,0,0.0
1753067826605741423,0,0.0
1753067826607779093,1,0.0
1753067826609783821,0,0.0
1753067826611773743,0,0.0
1753067826613694291,0,0.0
1753067826615782196,0,0.0
1753067826617800300,0,0.0
1753067826619734554,0,0.0
1753067826621744370,0,0.0
1753067826623756938,0,0.0
1753067826625704835,0,0.0
1753067826736631066,0,0.0
1753067826738494900,0,0.0
1753067826740562193,1,0.0
1753067826742526258,0,0.0
1753067826744517854,1,0.0
1753067826746460558,0,0.0
1753067826748500670,0,0.0
1753067826750488759,0,0.0
1753067826752532201,0,0.0
1753067826754531397,0,0.0
1753067826756486491,0,0.0
1753067826758507319,1,0.0
1753067826760463665,0,0.0
1753067826762423883,0,0.0
1753067826764442695,0,0.0
1753067826766449837,0,0.0
1753067826768494094,0,0.0
1753067826770459254,0,0.0
1753067826772441157,1,0.0
1753067826774472198,0,0.0
1753067826776451454,0,0.0
1753067826778421025,0,0.0
1753067826780433523,0,0.0
1753067826782424714,0,0.0
1753067826784370562,1,0.0
1753067826786416612,0,0.0
1753067826788385826,0,0.0
1753067826790427569,0,0.0
1753067826792410061,1,0.0
1753067826794389456,1,0.0
1753067826796408091,1,0.0
1753067826798452643,1,0.0
1753067826800359050,0,0.0
1753067826802395224,0,0.0
1753067826804360695,0,0.0
1753067826806359431,0,0.0
1753067826808334538,1,0.0
1753067826810361870,0,0.0
1753067826812348674,0,0.0
1753067826814358814,1,0.0
1753067826816380659,1,0.0
1753067826818397435,0,0.0
1753067826820345232,0,0.0
1753067826822372456,0,0.0
1753067826824319624,0,0.0
1753067826826277202,1,0.0
1753067826828279679,1,0.0
1753067826830344583,0,0.0
1753067826832299711,1,0.0
1753067826834269964,0,0.0
1753067826836270788,1,0.0
1753067826838311883,0,0.0
1753067826840283191,0,0.0
1753067826842275660,0,0.0
1753067826844305665,0,0.0
1753067826846278692,0,0.0
1753067826848303338,0,0.0
1753067826850267059,0,0.0
1753067826852284664,0,0.0
1753067826854225626,0,0.0
1753067826856256267,0,0.0
1753067826858233412,0,0.0
1753067826860272925,1,0.0
1753067826862255656,0,0.0
1753067826864254294,0,0.0
1753067826866213295,0,0.0
1753067826868210856,0,0.0
1753067826870193244,0,0.0
1753067826872230943,0,0.0
1753067826874185042,0,0.0
1753067826876182236,1,0.0
1753067826878157706,0,0.0
1753067826880118499,1,0.0
1753067826882158544,0,0.0
1753067826884146303,0,0.0
1753067826886157228,1,0.0
1753067826888115448,0,0.0
1753067826890179333,0,0.0
1753067826892127351,0,0.0
1753067826894117650,0,0.0
1753067826896224645,1,0.0
1753067826898124411,0,0.0
1753067826900104346,1,0.0
1753067826902105332,0,0.0
1753067826904123523,1,0.0
1753067826906135302,0,0.0
1753067826908116988,1,0.0
1753067826910103052,0,0.0
1753067826912111861,1,0.0
1753067826914138156,0,0.0
1753067826916261444,0,0.0
1753067826918111086,0,0.0
1753067826920131687,0,0.0
1753067826922062365,0,0.0
1753067826924081169,1,0.0
1753067826926103509,0,0.0
1753067826928075854,0,0.0
1753067826930082997,0,0.0
1753067826932066015,0,0.0
1753067826934092404,0,0.0
1753067826936143970,1,0.0
1753067826938174279,0,0.0
1753067826940108451,1,0.0
1753067826942097652,1,0.0
1753067826944124683,0,0.0
1753067826946149650,0,0.0
1753067826948177900,0,0.0
1753067826950193856,0,0.0
1753067826952106100,1,0.0
1753067826954095863,1,0.0
1753067826956092842,1,0.0
1753067826958078231,0,0.0
1753067826960105018,1,0.0
1753067826962103840,0,0.0
1753067826964145518,1,0.0
1753067826966093130,0,0.0
1753067826968048820,1,0.0
1753067826970040060,0,0.0
1753067826972055198,0,0.0
1753067826974068287,1,0.0
1753067826976023212,1,0.0
1753067826978005866,1,0.0
1753067826980025482,0,0.0
1753067826982049368,0,0.0
1753067826984013211,0,2.0322007129243804
1753067826986018398,0,2.0322007129243804
1753067826988003257,0,0.0
1753067826990042766,1,0.0
1753067826991997597,1,0.0
1753067826994019179,1,0.0
1753067826996036316,1,0.0
1753067826998091960,0,0.0
1753067826999958282,1,0.0
1753067827001943673,0,0.0
1753067827004074458,0,0.0
1753067827006004440,1,0.0
1753067827008011387,0,0.0
1753067827010009507,0,0.0
1753067827012059955,0,0.0
1753067827013965032,0,0.0
1753067827016176821,0,0.0
1753067827017978755,0,0.0
1753067827020046620,0,0.0
1753067827021998491,0,0.0
1753067827023910859,0,0.0
1753067827025971097,0,0.0
1753067827027964000,0,0.0
1753067827029954997,0,0.0
1753067827031999706,0,0.0
1753067827033930856,0,0.0
1753067827036003660,1,0.0
1753067827037932918,0,0.0
1753067827039959272,0,0.0
1753067827041888041,0,0.0
1753067827043898228,1,0.0
1753067827045880316,1,0.0
1753067827047880303,0,0.0
1753067827049880333,0,0.0
1753067827051866986,0,0.0
1753067827053908843,0,0.0
1753067827055857084,0,0.0
1753067827057847668,0,0.0
1753067827059853808,0,0.0
1753067827061827422,0,0.0
1753067827063935095,0,0.0
1753067827065975660,0,0.0
1753067827067893325,1,0.0
1753067827069884582,1,0.0
1753067827071864029,1,0.0
1753067827073870536,0,0.0
1753067827075934285,0,0.0
1753067827077875062,0,0.0
1753067827079877933,0,0.0
1753067827081827511,0,0.0
1753067827083836555,1,0.0
1753067827085844955,0,0.0
1753067827087872125,1,0.0
1753067827089809308,0,0.0
1753067827091792258,0,0.0
1753067827093785762,0,0.0
1753067827095810137,0,0.0
1753067827097808400,0,0.0
1753067827099900717,0,0.0
1753067827101801447,0,0.0
1753067827103883703,0,0.0
1753067827105784534,0,0.0
1753067827107740873,0,0.0
1753067827109749638,0,0.0
1753067827111777075,0,0.0
1753067827113745407,0,0.0
1753067827115791410,1,0.0
1753067827117754363,0,0.0
1753067827119750304,0,0.0
1753067827121749451,0,0.0
1753067827123838918,0,0.0
1753067827125753781,0,0.0
1753067827127751520,0,0.0
1753067827129780409,0,0.0
1753067827131752807,1,0.0
1753067827133783143,0,0.0
1753067827135777129,0,0.0
1753067827137808928,0,0.0
1753067827139791758,0,0.0
1753067827141729411,0,0.0
1753067827143721474,0,0.0
1753067827145765004,0,0.0
1753067827147789650,0,0.0
1753067827149773714,0,0.0
1753067827151837947,0,0.0
1753067827153805124,1,0.0
1753067827155823441,0,0.0
1753067827157769458,0,0.0
1753067827159760951,0,0.0
1753067827161779393,0,0.0
1753067827163789909,0,0.0
1753067827165805028,0,0.0
1753067827167772678,1,0.0
1753067827169748146,1,0.0
1753067827171772443,1,0.0
1753067827173796575,0,0.0
1753067827175780272,0,0.0
1753067827177811384,1,0.0
1753067827179860166,1,0.0
1753067827181738757,0,2.227905363064849
1753067827183678507,1,2.075307715767291
1753067827185775626,1,0.6578567635304716
1753067827187764961,0,0.6578567635304716
1753067827189677024,0,0.0
1753067827191648665,0,0.0
1753067827193658802,1,0.0
1753067827195637013,0,0.0
1753067827197618154,0,0.0
1753067827199647126,1,0.0
1753067827201633915,0,0.0
1753067827203646162,0,0.0
1753067827205635221,0,0.0
1753067827207634638,0,0.0
1753067827209679274,0,0.0
1753067827211633674,0,0.0
1753067827213646445,1,0.0
1753067827215656797,1,0.0
1753067827217589822,1,0.0
1753067827219629122,0,0.0
1753067827221638776,0,0.0
1753067827223611185,1,0.0
1753067827225553044,1,0.0
1753067827227633376,0,0.0
1753067827229566188,0,0.0
1753067827231585769,0,0.0
1753067827233560238,0,0.0
1753067827235548240,0,0.0
1753067827237571834,0,0.0
1753067827239558840,0,0.0
1753067827241533936,0,0.0
1753067827243532101,0,0.0
1753067827245498097,1,0.0
1753067827247554045,0,0.0
1753067827249548345,0,0.0
1753067827251529352,0,0.0
1753067827253569931,1,0.0
1753067827255532440,0,0.0
1753067827257539072,0,0.0
1753067827259549249,0,0.0
1753067827261540137,0,0.0
1753067827263527021,0,0.0
1753067827265535994,0,0.0
1753067827267594269,0,0.0
1753067827269580228,0,0.0
1753067827271508762,0,0.0
1753067827273492360,0,0.0
1753067827275527450,1,0.0
1753067827277505296,0,0.0
1753067827279525924,1,0.0
1753067827281491262,1,0.0
1753067827283574247,0,0.0
1753067827285578378,0,0.0
1753067827287530256,0,0.0
1753067827289547483,0,0.0
1753067827291552223,0,0.0
1753067827293556648,1,0.0
1753067827295553548,0,0.0
1753067827297569794,1,0.0
1753067827299539114,0,0.0
1753067827301508504,1,0.0
1753067827303489746,0,0.0
1753067827305539971,0,0.0
1753067827307471596,0,0.0
1753067827309492121,1,0.0
1753067827311432329,0,0.0
1753067827313474822,0,0.0
1753067827315428690,1,0.0
1753067827317473374,0,0.0
1753067827319497135,0,0.0
1753067827321452373,0,0.0
1753067827323460554,1,0.0
1753067827325439195,0,0.0
1753067827327408268,1,0.0
1753067827329400311,0,0.0
1753067827331386997,0,0.0
1753067827333377002,0,0.0
1753067827335383613,0,0.0
1753067827337397294,0,0.0
1753067827339455380,0,0.0
1753067827341416577,1,0.0
1753067827343351098,0,0.0
1753067827345413492,0,0.0
1753067827347323549,0,0.0
1753067827349341976,0,0.0
1753067827351413332,0,0.0
1753067827353420665,0,0.0
1753067827355376757,1,0.0
1753067827357467110,1,0.0
1753067827359368475,0,0.0
1753067827361298123,0,0.0
1753067827363325857,1,0.0
1753067827365301150,1,0.0
1753067827367348775,1,0.0
1753067827369263474,1,0.0
1753067827371280406,0,0.0
1753067827373321051,0,0.0
1753067827375295429,1,0.0
1753067827377331385,0,0.0
1753067827379313904,1,0.0
1753067827381353763,0,0.0
1753067827383308909,0,0.0
1753067827385323845,0,0.0
1753067827387288902,1,0.0
1753067827389264872,1,0.0
1753067827391250545,0,0.0
1753067827393255578,0,0.0
1753067827395192633,1,0.0
1753067827397323405,0,0.0
1753067827399284237,0,0.0
1753067827401305900,0,0.0
1753067827403311658,0,0.0
1753067827405315639,0,0.0
1753067827407275172,0,0.0
1753067827409280715,0,0.0
1753067827411274347,0,0.0
1753067827413306327,1,0.0
1753067827415317740,0,0.0
1753067827417206960,1,0.0
1753067827419183204,0,0.0
1753067827421230225,0,0.0
1753067827423212708,0,0.0
1753067827425208774,0,0.0
1753067827427255994,1,0.0
1753067827429295359,0,0.0
1753067827431282656,0,0.0
1753067827433191072,0,0.0
1753067827435321244,0,0.0
1753067827437231315,1,0.0
1753067827439240710,0,0.0
1753067827441276801,0,0.0
1753067827443181196,0,0.0
1753067827445162273,0,0.0
1753067827447229027,0,0.0
1753067827449263052,0,0.0
1753067827451155947,0,0.0
1753067827453182444,0,0.0
1753067827455174169,0,0.0
1753067827457225435,0,0.0
1753067827459226352,0,0.0
1753067827461275571,0,0.0
1753067827463254815,0,0.0
1753067827465166144,0,0.0
1753067827467195050,0,0.0
1753067827469206832,0,0.0
1753067827471240267,0,0.0
1753067827473214610,0,0.0
1753067827475160041,0,0.0
1753067827477172910,0,0.0
1753067827479233603,0,0.0
1753067827481181186,1,0.0
1753067827483197410,1,0.0
1753067827485144954,0,0.0
1753067827487177449,0,0.0
1753067827489242386,0,0.0
1753067827491125039,0,0.0
1753067827493118901,0,0.0
1753067827495085752,0,0.0
1753067827497164075,1,0.0
1753067827499096104,1,0.0
1753067827501125985,0,0.0
1753067827503151650,0,0.0
1753067827505151591,0,0.0
1753067827507119168,0,0.0
1753067827509125396,1,0.0
1753067827511115915,0,0.0
1753067827513093258,1,0.0
1753067827515071099,0,0.0
1753067827517068240,0,0.0
1753067827519030876,1,0.0
1753067827521129087,1,0.0
1753067827523094057,0,0.0
1753067827525130610,0,0.0
1753067827527073930,0,0.0
1753067827529068200,0,0.0
1753067827531075455,0,0.0
1753067827533106750,0,0.0
1753067827535025116,0,0.0
1753067827537024804,0,0.0
1753067827539072193,0,0.0
1753067827541077470,0,0.0
1753067827543062539,0,0.0
1753067827545069359,0,0.0
1753067827547096219,0,0.0
1753067827549036507,0,0.0
1753067827551030817,0,0.0
1753067827552994231,0,0.0
1753067827555058766,0,0.0
1753067827557051462,0,0.0
1753067827558982792,0,0.0
1753067827561060368,0,0.0
1753067827563031011,0,0.0
1753067827565017005,0,0.0
1753067827566977211,1,0.0
1753067827569003693,1,0.0
1753067827570955820,0,0.0
1753067827573030415,0,0.0
1753067827574979250,0,0.0
1753067827576935003,1,0.0
1753067827578955606,0,0.0
1753067827581093794,0,0.6578567635304716
1753067827583022755,1,0.6578567635304716
1753067827584940655,1,0.068131864288691
1753067827586911972,1,0.0
1753067827589050676,0,0.0
1753067827590977006,0,0.0
1753067827592937119,0,0.0
1753067827595013581,0,0.0
1753067827596987388,0,0.0
1753067827598971410,0,0.0
1753067827600940274,0,0.0
1753067827603061449,0,0.0
1753067827604893385,0,0.0
1753067827606909814,0,0.0
1753067827608884537,0,0.0
1753067827610869680,0,0.0
1753067827612953009,0,0.0
1753067827614938183,1,0.0
1753067827616880547,0,0.0
1753067827618982157,0,0.0
1753067827620978036,0,0.0
1753067827622919613,1,0.0
1753067827624915745,0,0.0
1753067827626952264,0,0.0
1753067827628891422,0,0.0
1753067827630913415,0,0.0
1753067827632901262,0,0.0
1753067827634839280,0,0.0
1753067827636845382,0,0.0
1753067827638886993,0,0.0
1753067827640909051,0,0.0
1753067827642864740,0,0.0
1753067827644773880,0,0.0
1753067827646877677,0,0.0
1753067827648871553,1,0.0
1753067827650946591,0,0.0
1753067827652813003,0,0.0
1753067827654830148,0,0.0
1753067827656837159,0,0.0
1753067827658823333,1,0.0
1753067827660812634,0,0.0
1753067827662797926,0,0.0
1753067827664826678,0,0.0
1753067827666836292,0,0.0
1753067827668734794,0,0.0
1753067827670725660,0,0.0
1753067827672768208,0,0.0
1753067827674759444,0,0.0
1753067827676736893,0,0.0
1753067827678773968,0,0.0
1753067827680823361,0,0.0
1753067827682787511,0,0.0
1753067827684769675,0,0.0
1753067827686846999,0,0.0
1753067827688817253,0,0.0
1753067827690811882,0,0.0
1753067827692862456,0,0.0
1753067827694799747,0,0.0
1753067827696803138,0,0.0
1753067827698785549,0,0.0
1753067827700733265,0,0.0
1753067827702735972,0,0.0
1753067827704781697,0,0.0
1753067827707002860,0,0.0
1753067827708897522,1,0.0
1753067827710788828,0,0.0
1753067827712780102,1,0.0
1753067827714758367,1,0.0
1753067827716761896,0,0.0
1753067827718700434,0,0.0
1753067827720731060,1,0.0
1753067827722863848,0,0.0
1753067827724864241,0,0.0
1753067827726762186,0,0.0
1753067827728735939,0,0.0
1753067827730807959,0,0.0
1753067827732763170,0,0.0
1753067827734682417,0,0.0
1753067827736673670,0,0.0
1753067827738654001,0,0.0
1753067827740797887,0,0.0
1753067827742737668,0,1.3969999125044588
1753067827744733895,0,0.8960742391599507
1753067827746728665,0,0.0
1753067827748601011,1,0.0
1753067827750597405,1,0.0
1753067827752647430,1,0.0
1753067827754574467,0,0.0
1753067827756589639,1,0.0
1753067827758623238,0,0.0
1753067827760608844,0,0.0
1753067827762590721,1,0.0
1753067827764566164,0,0.0
1753067827766559625,0,0.0
1753067827768544521,1,0.0
1753067827770493090,0,0.0
1753067827772487609,0,0.0
1753067827774510837,0,0.0
1753067827776495586,0,0.0
1753067827778515992,0,0.0
1753067827780614966,0,0.0
1753067827782601599,0,0.0
1753067827784626905,0,0.0
1753067827786625311,1,0.0
1753067827788512536,0,0.0
1753067827790545226,0,0.0
1753067827792523787,1,0.0
1753067827794515262,0,0.0
1753067827796521414,0,0.0
1753067827798491861,0,0.0
1753067827800481349,0,0.0
1753067827802487426,0,0.0
1753067827804533903,0,0.0
1753067827806466282,0,0.0
1753067827808461704,1,0.0
1753067827810547619,0,0.0
1753067827812537782,0,0.0
1753067827814541865,1,0.0
1753067827816526931,0,0.0
1753067827818538349,0,0.0
1753067827820520906,0,0.0
1753067827822539546,1,0.0
1753067827824568761,0,0.0
1753067827826643745,1,0.0
1753067827828742680,0,0.0
1753067827830512475,1,0.0
1753067827832477682,0,0.0
1753067827834454987,0,0.0
1753067827836421058,0,0.0
1753067827838567182,0,0.0
1753067827840425748,0,0.0
1753067827842423691,0,0.0
1753067827844413893,0,0.0
1753067827846511642,0,0.0
1753067827848538283,0,0.0
1753067827850464842,0,0.0
1753067827852455081,0,0.0
1753067827854453159,1,0.0
1753067827856503139,0,0.0
1753067827858439375,1,0.0
1753067827860441046,1,0.0
1753067827862425635,0,0.0
1753067827864485022,0,0.0
1753067827866464376,0,0.0
1753067827868436885,0,0.0
1753067827870432886,1,0.0
1753067827872404852,1,0.0
1753067827874382412,0,0.0
1753067827876411581,0,0.0
1753067827878385141,0,0.0
1753067827880364154,0,0.0
1753067827882354073,0,0.0
1753067827884393751,0,0.0
1753067827886375904,0,0.0
1753067827888499549,0,0.0
1753067827890366404,0,0.0
1753067827892438950,0,0.0
1753067827894332689,0,0.0
1753067827896409878,0,0.0
1753067827898383045,0,0.0
1753067827900342730,0,0.0
1753067827902350692,0,0.0
1753067827904452034,0,0.0
1753067827906765136,0,0.0
1753067827908406693,0,0.0
1753067827910399496,1,0.0
1753067827912310049,0,0.0
1753067827914360584,0,0.0
1753067827916299895,0,0.0
1753067827918335526,0,0.0
1753067827920327441,0,0.0
1753067827922341319,0,0.0
1753067827924298654,0,0.0
1753067827926267095,0,0.0
1753067827928267850,0,0.0
1753067827930296538,0,0.0
1753067827932246650,0,0.0
1753067827934224487,1,0.0
1753067827936231710,0,0.0
1753067827938293079,0,0.0
1753067827940227132,0,0.0
1753067827942261171,0,0.0
1753067827944221157,0,0.0
1753067827946171974,0,0.0
1753067827948150952,1,0.0
1753067827950176845,1,0.0
1753067827952224994,1,0.0
1753067827954290248,0,0.0
1753067827956268675,0,0.0
1753067827958198376,0,0.0
1753067827960212541,0,0.0
1753067827962233658,0,0.0
1753067827964223624,0,0.0
1753067827966161864,1,0.0
1753067827968175203,0,0.0
1753067827970128868,0,0.0
1753067827972173434,0,0.0
1753067827974146989,0,0.0
1753067827976214064,0,0.0
1753067827978155525,1,0.0
1753067827980188487,1,0.0
1753067827982184296,0,0.0
1753067827984170471,0,0.0
1753067827986259284,0,0.0
1753067827988197905,0,0.0
1753067827990199040,1,0.0
1753067827992150853,1,0.0
1753067827994194027,0,0.0
1753067827996202485,0,0.0
1753067827998197955,0,0.0
1753067828000145134,0,0.0
1753067828002211064,0,0.0
1753067828004119181,0,0.0
1753067828006266422,1,0.0
1753067828008190414,1,0.0
1753067828010283084,1,0.0
1753067828012176929,0,0.0
1753067828014165996,0,0.0
1753067828016142988,0,0.0
1753067828018183277,0,0.0
1753067828020180964,0,0.0
1753067828022363054,0,0.0
1753067828024179289,0,0.0
1753067828026236306,0,0.0
1753067828028275025,0,0.0
1753067828030286732,0,0.0
1753067828032107055,0,0.0
1753067828034135759,0,0.0
1753067828036184676,0,0.0
1753067828038148930,0,0.0
1753067828040081664,0,0.0
1753067828042094496,1,0.0
1753067828044144900,0,0.0
1753067828046103870,1,0.0
1753067828048042797,0,0.0
1753067828050023305,0,0.0
1753067828052109382,0,0.0
1753067828054076551,0,0.0
1753067828056148815,0,0.0
1753067828058066745,1,0.0
1753067828060126766,0,0.0
1753067828062089907,0,0.0
1753067828064050589,0,0.0
1753067828066051219,0,0.0
1753067828068020469,0,0.0
1753067828069984969,0,0.0
1753067828072028812,0,0.0
1753067828073961693,0,0.0
1753067828076106517,0,0.0
1753067828078035561,0,0.0
1753067828079951633,0,0.0
1753067828081981440,0,0.0
1753067828083957731,0,0.0
1753067828085966441,0,0.0
1753067828087964978,0,0.0
1753067828089928431,0,0.0
1753067828091973156,0,0.0
1753067828094038480,0,0.0
1753067828096148706,0,0.0
1753067828098076851,1,0.0
1753067828099954511,1,0.0
1753067828102015201,0,0.0
1753067828104025763,1,0.0
1753067828105937681,1,0.0
1753067828107974198,0,0.0
1753067828109908087,0,0.0
1753067828112008361,0,0.0
1753067828113949326,0,0.0
1753067828115931363,0,0.0
1753067828118022690,1,0.0
1753067828119919929,0,0.0
1753067828121967325,0,0.0
1753067828123983162,0,0.0
1753067828126023969,0,0.0
1753067828127981137,0,0.0
1753067828129950373,0,0.0
1753067828131931312,0,0.0
1753067828134009067,0,0.0
1753067828136018784,0,0.0
1753067828138046945,0,0.0
1753067828140044590,0,0.0
1753067828141859753,1,0.0
1753067828143912459,0,0.0
1753067828146052292,1,0.0
1753067828147927938,0,0.0
1753067828150015797,0,0.0
1753067828151856393,0,0.0
1753067828153856166,1,0.0
1753067828155871247,0,0.0
1753067828157873917,0,0.0
1753067828159849414,0,0.0
1753067828161894554,0,0.0
1753067828163877679,1,0.0
1753067828165836706,0,0.0
1753067828167883993,0,0.0
1753067828169778697,0,0.0
1753067828171876472,0,0.0
1753067828173879935,0,0.0
1753067828175882491,1,0.0
1753067828177889614,0,0.0
1753067828179869012,0,0.0
1753067828181846467,0,0.0
1753067828183861652,1,0.0
1753067828185832006,1,0.0
1753067828187811360,0,0.0
1753067828189841445,0,0.0
1753067828191806560,0,0.0
1753067828193774345,0,0.0
1753067828195819351,0,0.0
1753067828197801492,0,0.0
1753067828199824546,0,0.0
1753067828201774419,1,0.0
1753067828203748415,0,0.0
1753067828205759891,0,0.0
1753067828207790928,0,0.0
1753067828209786563,0,0.0
1753067828211733369,1,0.0
1753067828213750978,1,0.0
1753067828215749506,1,0.0
1753067828217772364,1,0.0
1753067828220008288,0,0.0
1753067828221799391,0,0.0
1753067828223798643,0,0.0
1753067828225784202,0,0.0
1753067828227714892,0,0.0
1753067828229702136,0,0.0
1753067828231758952,0,0.0
1753067828233722086,0,0.0
1753067828235762665,0,0.0
1753067828237757106,0,0.0
1753067828239731657,0,0.0
1753067828241798762,0,0.0
1753067828243731138,0,0.0
1753067828245700689,0,0.0
1753067828247706835,0,0.0
1753067828249735532,0,0.0
1753067828251721515,0,0.0
1753067828253719793,0,0.0
1753067828255704557,0,0.0
1753067828257757495,1,0.0
1753067828259683872,0,0.0
1753067828261728057,0,0.0
1753067828263695761,0,0.0
1753067828265677114,0,0.0
1753067828267762428,0,0.0
1753067828269675822,0,2.555868684567188
1753067828271620917,0,2.555868684567188
1753067828273636527,0,0.0
1753067828275635511,0,0.0
1753067828277654249,0,0.0
1753067828279637969,0,0.0
1753067828281624138,0,0.0
1753067828283618765,0,0.0
1753067828285681683,0,0.0
1753067828287651591,0,0.0
1753067828289642297,0,0.0
1753067828291727940,0,0.0
1753067828293681165,0,0.0
1753067828295710040,0,0.0
1753067828297669205,0,0.0
1753067828299695552,1,0.0
1753067828301692569,0,0.0
1753067828303770838,0,0.0
1753067828305655008,0,0.0
1753067828307785796,0,0.0
1753067828309630564,0,0.0
1753067828311702611,0,0.0
1753067828313586963,0,0.0
1753067828315659613,0,0.0
1753067828317756152,0,0.0
1753067828319745140,0,0.0
1753067828321705818,0,0.0
1753067828323697482,1,0.0
1753067828325726443,0,0.0
1753067828327684587,0,0.0
1753067828329693548,0,0.0
1753067828331662678,0,0.0
1753067828333712016,0,0.0
1753067828335763547,0,0.0
1753067828337740311,0,0.0
1753067828339686526,1,0.0
1753067828341715349,0,0.0
1753067828343730046,0,0.0
1753067828345638292,0,0.0
1753067828347680154,0,0.0
1753067828349733829,0,0.0
1753067828351729037,0,0.0
1753067828353701486,0,0.0
1753067828355660389,0,0.0
1753067828357628507,0,0.0
1753067828359599290,0,0.0
1753067828361569424,0,0.0
1753067828363573549,0,0.9619979354649526
1753067828365562957,0,0.9619979354649526
1753067828367586754,0,0.0
1753067828369612350,0,0.0
1753067828371534738,0,0.0
1753067828373601725,0,0.0
1753067828375688055,0,0.0
1753067828377527059,0,0.0
1753067828379476795,0,0.0
1753067828381489001,0,0.0
1753067828383417237,1,0.0
1753067828385411787,0,0.0
1753067828387502663,0,0.0
1753067828389463568,0,0.0
1753067828391482375,0,0.0
1753067828393440077,0,0.0
1753067828395429872,0,0.0
1753067828397487404,0,0.0
1753067828399456113,0,0.0
1753067828401472015,0,0.0
1753067828403456217,0,0.0
1753067828405399799,0,0.0
1753067828407333609,0,0.0
1753067828409391403,0,0.0
1753067828411346009,0,0.0
1753067828413435603,0,0.0
1753067828415466815,0,0.0
1753067828417466283,0,0.0
1753067828419449410,1,0.0
1753067828421428285,0,0.0
1753067828423345936,0,0.0
1753067828425388841,0,0.0
1753067828427363976,1,0.0
1753067828429329649,0,0.0
1753067828431333982,0,0.0
1753067828433368358,0,0.0
1753067828435316511,0,0.0
1753067828437391207,1,0.0
1753067828439358502,0,0.0
1753067828441347712,0,0.0
1753067828443347972,1,0.0
1753067828445320962,0,0.0
1753067828447378192,0,0.0
1753067828449312538,0,0.0
1753067828451351273,0,0.0
1753067828453420490,0,0.0
1753067828455370716,0,0.0
1753067828457293775,0,0.0
1753067828459349093,0,0.0
1753067828461281240,0,0.0
1753067828463277207,0,0.0
1753067828465294804,0,0.0
1753067828467298161,0,0.0
1753067828469343087,0,0.0
1753067828471430920,0,0.0
1753067828473320073,0,0.0
1753067828475293824,0,0.0
1753067828477268877,0,0.0
1753067828479313853,0,0.0
1753067828481244731,0,0.0
1753067828483285304,0,0.0
1753067828485223081,0,0.0
1753067828487259348,0,0.0
1753067828489288205,0,0.0
1753067828491321304,0,0.0
1753067828493260786,0,0.0
1753067828495259871,0,0.0
1753067828497315293,0,0.0
1753067828499328778,0,0.0
1753067828501314273,0,0.0
1753067828503264910,0,0.0
1753067828505301081,0,0.0
1753067828507218861,0,0.0
1753067828509217065,0,0.0
1753067828511269271,0,0.0
1753067828513247219,0,0.0
1753067828515181205,0,0.0
1753067828517209835,0,0.0
1753067828519189791,1,0.0
1753067828521218742,0,0.0
1753067828523164119,0,0.0
1753067828525200213,0,0.0
1753067828527165751,0,0.0
1753067828529197680,0,0.0
1753067828531160891,0,0.0
1753067828533208097,0,0.0
1753067828535212374,0,0.0
1753067828537204922,0,0.0
1753067828539145871,0,0.0
1753067828541140153,0,0.0
1753067828543135286,0,0.0
1753067828545155240,0,0.0
1753067828547200896,0,0.0
1753067828549202017,0,0.0
1753067828551160659,0,0.0
1753067828553271776,1,0.0
1753067828555272806,0,0.0
1753067828557191037,0,0.0
1753067828559213471,0,0.0
1753067828561160026,0,0.0
1753067828563178094,0,0.0
1753067828565168176,0,0.0
1753067828567135455,0,0.0
1753067828569134627,0,0.0
1753067828571172791,1,0.0
1753067828573176167,0,0.0
1753067828575140522,0,0.0
1753067828577121002,0,0.0
1753067828579101496,0,0.0
1753067828581095010,0,0.0
1753067828583005648,0,0.0
1753067828585020798,0,0.0
1753067828587035952,0,0.0
1753067828589081665,0,0.0
1753067828591069933,0,0.0
1753067828593090535,0,0.0
1753067828595062683,0,0.0
1753067828597021826,1,0.0
1753067828599055306,0,0.0
1753067828601006250,0,0.0
1753067828603033656,0,0.0
1753067828605006088,0,0.0
1753067828607052758,0,0.0
1753067828609149790,1,0.0
1753067828611081236,0,0.0
1753067828613007554,0,0.0
1753067828614997133,0,0.0
1753067828616940333,0,0.0
1753067828619011915,0,0.0
1753067828621038040,0,0.0
1753067828623058817,0,0.0
1753067828625060128,0,0.0
1753067828627025632,0,0.0
1753067828628981319,0,0.0
1753067828631023939,0,0.0
1753067828632997900,0,0.0
1753067828635038476,0,0.0
1753067828637012621,0,0.0
1753067828639035192,0,0.0
1753067828641001430,0,0.0
1753067828643005107,0,0.0
1753067828645006879,0,0.0
1753067828647037424,0,0.0
1753067828649028645,0,0.0
1753067828651053797,0,0.0
1753067828652992220,0,0.0
1753067828654964762,0,0.0
1753067828656912743,0,0.0
1753067828658907701,0,0.0
1753067828660978980,0,0.0
1753067828662966115,0,0.0
1753067828664972907,0,0.0
1753067828666908129,0,0.0
1753067828668942186,0,0.0
1753067828670885626,0,0.0
1753067828672887036,0,0.0
1753067828674929976,0,0.0
1753067828676912488,0,0.0
1753067828678913135,0,0.0
1753067828680903630,0,0.0
1753067828682983922,1,0.0
1753067828685025962,0,0.0
1753067828686956167,0,0.0
1753067828688861742,0,0.0
1753067828690891347,0,0.0
1753067828692885547,0,0.0
1753067828694941485,0,0.0
1753067828696835643,0,0.0
1753067828698897062,0,0.0
1753067828700855179,0,0.0
1753067828702963577,1,0.0
1753067828704851611,0,0.0
1753067828706890422,0,0.0
1753067828708860356,0,0.0
1753067828710924997,0,0.0
1753067828712845776,0,0.0
1753067828714800312,0,0.0
1753067828716822200,0,0.0
1753067828718815166,0,0.0
1753067828720778662,0,0.0
1753067828722831999,0,0.0
1753067828724874428,0,0.0
1753067828726796854,0,0.0
1753067828728786704,0,0.0
1753067828730750075,0,0.0
1753067828732743076,0,0.0
1753067828734732787,1,0.0
1753067828736748071,0,0.0
1753067828738748935,0,0.0
1753067828740851731,0,0.0
1753067828742745693,0,0.0
1753067828744754388,0,0.0
1753067828746754899,0,0.0
1753067828748810401,0,0.0
1753067828750731011,1,0.0
1753067828752757914,0,0.0
1753067828754758655,0,0.0
1753067828756740665,0,0.0
1753067828758710085,0,0.0
1753067828760716929,0,0.0
1753067828762704047,0,0.0
1753067828764722687,1,0.0
1753067828766699281,0,0.0
1753067828768761037,0,0.0
1753067828770741022,0,0.0
1753067828772729132,0,0.0
1753067828774720294,0,0.0
1753067828776698831,0,0.0
1753067828778735208,0,0.0
1753067828780736493,0,0.0
1753067828782763146,0,0.0
1753067828784721179,1,0.0
1753067828786685010,0,0.0
1753067828788692466,0,0.0
1753067828790745303,0,0.0
1753067828792650182,0,0.0
1753067828794695136,0,0.0
1753067828796645473,0,0.0
1753067828798700504,1,0.0
1753067828800661059,0,0.0
1753067828802691075,0,0.0
1753067828804691303,1,0.0
1753067828806677227,0,0.0
1753067828808642954,1,0.0
1753067828810691188,0,0.0
1753067828812686323,0,0.0
1753067828814649225,1,0.0
1753067828816662502,0,0.0
1753067828818618201,0,0.0
1753067828820636628,0,0.0
1753067828822625634,0,0.0
1753067828824649216,0,0.0
1753067828826634786,0,0.0
1753067828828611933,0,0.0
1753067828830595009,0,0.0
1753067828832603640,0,0.0
1753067828834612415,0,0.0
1753067828836600344,0,0.0
1753067828838607583,1,0.4166512636284803
1753067828840599941,0,0.4166512636284803
1753067828842595940,0,0.35062209135017786
1753067828844599227,0,0.0
1753067828846602927,0,0.0
1753067828848679975,1,0.0
1753067828850637168,0,0.0
1753067828852587073,0,0.0
1753067828854601707,1,0.5146671971770127
1753067828856563552,0,2.227905363064849
1753067828858568539,0,1.8903817222170385
1753067828860567282,1,0.0
1753067828862586023,1,0.0
1753067828864596239,0,0.0
1753067828866595953,0,0.0
1753067828868611368,0,0.0
1753067828870584355,0,0.0
1753067828872609850,0,0.0
1753067828874659659,0,0.0
1753067828876559559,0,0.0
1753067828878580077,0,0.0
1753067828880567548,0,0.0
1753067828882588080,0,0.0
1753067828884589492,0,0.0
1753067828886616221,0,0.0
1753067828888622113,0,0.0
1753067828890562329,0,0.0
1753067828892584370,0,0.0
1753067828894566670,0,0.0
1753067828896563878,0,0.0
1753067828898465711,0,0.0
1753067828900464199,0,0.0
1753067828902476987,0,0.0
1753067828904457641,0,0.0
1753067828906521354,0,0.0
1753067828908528349,0,0.0
1753067828910531566,0,0.0
1753067828912504233,0,0.0
1753067828914404322,0,0.0
1753067828916399274,0,0.0
1753067828918404304,0,0.0
1753067828920440162,0,0.0
1753067828922428623,0,0.0
1753067828924420086,0,0.0
1753067828926310234,0,0.0
1753067828928400713,0,0.0
1753067828930305739,0,0.0
1753067828932444398,0,0.0
1753067828934351852,0,0.0
1753067828936344728,0,0.0
1753067828938360082,0,0.0
1753067828940383449,0,0.0
1753067828942381189,0,0.0
1753067828944427802,0,0.0
1753067828946439216,0,0.0
1753067828948398581,0,0.0
1753067828950358604,0,0.0
1753067828952338207,0,0.0
1753067828954440710,0,0.0
1753067828956476659,0,0.0
1753067828958376542,0,0.0
1753067828960370144,0,0.0
1753067828962354340,1,0.0
1753067828964378911,0,0.0
1753067828966387728,1,0.0
1753067828968405579,0,0.0
1753067828970400934,0,0.0
1753067828972358002,0,0.0
1753067828974388935,1,0.0
1753067828976408757,0,0.0
1753067828978347762,0,0.0
1753067828980289068,1,0.0
1753067828982278004,0,0.0
1753067828984356168,0,0.0
1753067828986264573,0,0.0
1753067828988320068,0,0.0
1753067828990319354,0,0.0
1753067828992345963,0,0.0
1753067828994312894,1,0.0
1753067828996316607,0,0.0
1753067828998278678,0,0.0
1753067829000352169,0,0.0
1753067829002320568,0,0.0
1753067829004355929,0,0.0
1753067829006322024,1,0.0
1753067829008305583,0,0.0
1753067829010313956,1,0.0
1753067829012283373,0,0.0
1753067829014297080,0,0.0
1753067829016255607,1,0.0
1753067829018279823,0,0.0
1753067829020292061,0,0.0
1753067829022269080,0,0.0
1753067829024298345,0,0.0
1753067829026293757,0,0.0
1753067829028175656,0,0.0
1753067829030214005,0,0.0
1753067829032199417,0,0.0
1753067829034222147,0,0.0
1753067829036223351,0,0.0
1753067829038217771,0,0.0
1753067829040240821,1,0.0
1753067829042231808,1,0.0
1753067829044193499,0,0.0
1753067829046195382,0,0.0
1753067829048195373,0,0.0
1753067829050243669,0,0.0
1753067829052172378,0,0.0
1753067829054217704,0,0.0
1753067829056210017,0,0.0
1753067829058163263,1,0.0
1753067829060119555,0,0.0
1753067829062143300,0,0.0
1753067829064150130,0,0.0
1753067829066127060,0,0.0
1753067829068158460,0,0.0
1753067829070120514,0,0.0
1753067829072137598,0,0.0
1753067829074216128,0,0.0
1753067829076114853,0,0.0
1753067829078129554,0,0.0
1753067829080079250,0,0.0
1753067829082114257,0,0.0
1753067829084108105,0,0.0
1753067829086088700,0,0.0
1753067829088099430,0,0.0
1753067829090086111,0,0.0
1753067829092100951,1,0.0
1753067829094097203,0,0.0
1753067829096039989,0,0.0
1753067829098093916,0,0.0
1753067829100071251,0,0.0
1753067829102091950,0,0.0
1753067829104079900,0,0.0
1753067829106075946,0,0.0
1753067829108096123,0,0.0
1753067829110084289,0,0.0
1753067829112193238,0,0.0
1753067829114091863,0,0.0
1753067829116124907,0,0.0
1753067829118106771,1,0.0
1753067829120164410,0,0.0
1753067829122101925,0,0.0
1753067829124147895,0,0.0
1753067829126126560,1,0.0
1753067829128116539,0,0.0
1753067829130062117,0,0.0
1753067829132021735,0,0.0
1753067829134066064,0,0.0
1753067829136102633,0,0.0
1753067829138036065,0,0.0
1753067829140073901,0,0.0
1753067829142053080,0,0.0
1753067829143995853,0,0.0
1753067829145941296,1,0.0
1753067829147980587,0,0.0
1753067829150022969,0,0.0
1753067829151993653,0,0.0
1753067829153947992,0,0.6356444344579993
1753067829156024814,0,0.6578567635304716
1753067829158087361,0,0.0
1753067829160046077,0,0.0
1753067829162015843,0,0.0
1753067829163977847,1,0.0
1753067829166112019,0,0.0
1753067829167930868,0,0.0
1753067829169930413,0,0.0
1753067829171920887,0,0.0
1753067829174051920,0,0.0
1753067829175966493,1,0.0
1753067829177944190,0,0.0
1753067829180040830,0,0.0
1753067829182010276,0,0.0
1753067829183991220,0,0.0
1753067829185976604,0,0.0
1753067829188022531,0,0.0
1753067829190045957,0,0.0
1753067829192014759,0,0.0
1753067829194031864,0,0.0
1753067829195951166,0,0.0
1753067829197920682,0,0.0
1753067829199945260,0,0.0
1753067829201952704,0,0.0
1753067829203944580,0,0.0
1753067829205928744,0,0.0
1753067829207959087,0,0.0
1753067829209960108,1,0.0
1753067829211967463,0,0.0
1753067829214015125,0,0.0
1753067829215968616,0,0.0
1753067829217933504,0,0.0
1753067829219932796,0,0.0
1753067829221925035,0,0.0
1753067829223931073,1,0.0
1753067829225924428,1,0.0
1753067829228033965,0,0.0
1753067829230027398,0,0.0
1753067829232059439,0,0.0
1753067829233916455,0,0.0
1753067829235878348,0,0.0
1753067829237880097,0,0.0
1753067829239861469,0,0.0
1753067829241865303,1,1.3969999125044588
1753067829243891496,0,1.3969999125044588
1753067829245936673,0,0.0
1753067829247873092,0,0.0
1753067829249853775,0,0.0
1753067829251942071,0,0.0
1753067829253922906,0,0.0
1753067829255827965,0,0.0
1753067829257779415,1,0.0
1753067829259902996,1,0.0
1753067829261809568,1,0.0
1753067829263849554,0,0.0
1753067829265842890,0,0.0
1753067829267821741,1,0.0
1753067829269827745,0,0.0
1753067829271811332,0,0.0
1753067829273824344,0,0.0
1753067829275824718,0,0.0
1753067829277840603,0,0.0
1753067829279763933,1,0.0
1753067829281804758,0,0.0
1753067829283786836,0,0.0
1753067829285812436,0,0.0
1753067829287805895,0,0.0
1753067829289710538,0,0.0
1753067829291712676,0,0.0
1753067829293739549,0,0.0
1753067829295771178,0,0.0
1753067829297756760,0,0.0
1753067829299741097,0,0.0
1753067829301751298,0,0.0
1753067829303723270,1,0.0
1753067829305757290,0,0.0
1753067829307797970,0,0.0
1753067829309751475,0,0.0
1753067829311721870,1,0.0
1753067829313881156,0,0.0
1753067829315744764,0,0.0
1753067829317690799,1,0.0
1753067829319697805,0,0.0
1753067829321704282,0,0.0
1753067829323794229,0,0.0
1753067829325759939,1,0.0
1753067829327706214,1,0.0
1753067829329838188,1,0.0
1753067829331736654,0,0.0
1753067829333817326,1,0.0
1753067829335725982,0,0.0
1753067829337711190,0,0.0
1753067829339720961,0,0.0
1753067829341738144,0,0.0
1753067829343734862,0,0.0
1753067829345782792,0,0.0
1753067829347751390,0,0.0
1753067829349797861,0,0.0
1753067829351799268,0,0.0
1753067829353798190,0,0.0
1753067829355779022,0,0.0
1753067829357823139,0,0.0
1753067829359689991,0,0.0
1753067829361653057,0,0.0
1753067829363616421,0,0.0
1753067829365591479,0,0.0
1753067829367620412,1,0.0
1753067829369612191,0,0.0
1753067829371616070,0,0.0
1753067829373756917,0,0.0
1753067829375735956,0,0.0
1753067829377704910,0,0.0
1753067829379669864,0,0.0
1753067829381695099,0,0.0
1753067829383657650,0,0.0
1753067829385625321,1,0.0
1753067829387621293,0,0.0
1753067829389630794,0,0.0
1753067829391655964,0,0.0
1753067829393603027,0,0.0
1753067829395664691,0,0.0
1753067829397586083,0,0.0
1753067829399664214,1,0.0
1753067829401586583,0,0.0
1753067829403606500,0,0.0
1753067829405584127,1,0.0
1753067829407602977,0,0.0
1753067829409624602,0,0.0
1753067829411548714,0,0.0
1753067829413565176,0,0.0
1753067829415526115,0,0.0
1753067829417560982,0,0.0
1753067829419509350,1,0.0
1753067829421534263,0,0.0
1753067829423538083,0,0.0
1753067829425526812,0,0.0
1753067829427494290,0,0.0
1753067829429570896,0,0.0
1753067829431618655,0,0.0
1753067829433594392,1,0.0
1753067829435569731,1,0.0
1753067829437509210,0,0.0
1753067829439531259,1,0.0
1753067829441592865,0,0.0
1753067829443549895,0,0.0
1753067829445450051,0,0.0
1753067829447495548,0,0.0
1753067829449494194,0,0.0
1753067829451441111,0,0.0
1753067829453507427,1,0.0
1753067829455663693,0,0.0
1753067829457534324,0,0.0
1753067829459554396,0,0.0
1753067829461507509,0,0.0
1753067829463580101,1,0.0
1753067829465537794,0,0.0
1753067829467638417,0,0.0
1753067829469526631,1,0.0
1753067829471494808,0,0.0
1753067829473510996,0,0.0
1753067829475512675,0,0.0
1753067829477562986,0,0.0
1753067829479567355,0,0.0
1753067829481536154,0,0.0
1753067829483473297,1,0.0
1753067829485491833,0,0.0
1753067829487510689,0,0.0
1753067829489465265,0,0.0
1753067829491479754,0,0.0
1753067829493475665,0,0.0
1753067829495452731,0,0.0
1753067829497420010,0,0.0
1753067829499430449,1,0.0
1753067829501400021,0,0.0
1753067829503510197,0,0.0
1753067829505478372,0,0.0
1753067829507482848,0,0.0
1753067829509490803,0,0.0
1753067829511383424,0,0.0
1753067829513377348,1,0.0
1753067829515391272,0,0.0
1753067829517361640,0,0.0
1753067829519408488,0,0.0
1753067829521381935,0,0.0
1753067829523439911,0,0.0
1753067829525352799,0,0.0
1753067829527376533,0,0.0
1753067829529312730,0,0.0
1753067829531289566,0,0.0
1753067829533265878,0,0.0
1753067829535327059,1,0.0
1753067829537273311,1,0.0
1753067829539353361,0,0.0
1753067829541337697,0,0.0
1753067829543297515,0,0.0
1753067829545349019,0,0.0
1753067829547337560,0,0.0
1753067829549276598,0,0.0
1753067829551358252,1,0.0
1753067829553308401,0,0.0
1753067829555325753,0,0.0
1753067829557252691,0,0.0
1753067829559259199,0,0.0
1753067829561225136,0,0.0
1753067829563229045,0,0.0
1753067829565313338,0,0.0
1753067829567277844,0,0.0
1753067829569298301,0,0.0
1753067829571249445,0,0.0
1753067829573330149,1,0.0
1753067829575305012,0,0.0
1753067829577298699,1,0.0
1753067829579263589,0,0.0
1753067829581307149,0,0.0
1753067829583341883,1,0.0
1753067829585260827,0,0.0
1753067829587246124,1,0.0
1753067829589223255,0,0.0
1753067829591239459,0,0.0
1753067829593255623,0,0.0
1753067829595225178,0,0.0
1753067829597229511,0,0.0
1753067829599244035,0,0.0
1753067829601154972,0,0.0
1753067829603179239,1,0.0
1753067829605191800,1,0.0
1753067829607313571,0,0.0
1753067829609234879,0,0.0
1753067829611280859,0,0.0
1753067829613225490,0,0.11969984174460913
1753067829615190352,1,0.11969984174460913
1753067829617157999,0,0.0
1753067829619144681,1,0.0
1753067829621181429,1,0.0
1753067829623178693,0,0.0
1753067829625240678,0,0.0
1753067829627179106,0,0.0
1753067829629143223,1,0.0
1753067829631158249,1,0.0
1753067829633151276,0,0.0
1753067829635208802,0,0.0
1753067829637197102,0,0.0
1753067829639245039,0,0.0
1753067829641112983,1,0.0
1753067829643151137,0,0.0
1753067829645046693,0,0.0
1753067829647127439,0,0.0
1753067829649121112,1,0.0
1753067829651081373,0,0.0
1753067829653106523,0,0.0
1753067829655094452,0,0.0
1753067829657114742,0,0.0
1753067829659198577,0,0.0
1753067829661108664,0,0.0
1753067829663135218,0,0.0
1753067829665083693,0,0.0
1753067829667090271,1,0.0
1753067829669126901,1,0.0
1753067829671128471,0,0.0
1753067829673112512,0,0.0
1753067829675134743,0,0.0
1753067829677075204,0,0.0
1753067829679124661,0,0.0
1753067829681082661,1,0.0
1753067829683100062,0,0.0
1753067829685104708,1,0.0
1753067829687135202,0,0.0
1753067829689091965,0,0.0
1753067829691070399,0,0.0
1753067829693127767,0,0.0
1753067829695115738,0,0.0
1753067829697078101,0,0.0
1753067829699137989,0,0.0
1753067829702096147,1,0.0
1753067829705073044,0,0.0
1753067829707104094,0,0.0
1753067829709112658,0,0.0
1753067829711070107,0,0.0
1753067829713047052,1,0.0
1753067829715032027,0,0.0
1753067829717048195,0,0.0
1753067829719052382,0,0.0
1753067829721943711,0,0.0
1753067829725025457,1,0.0
1753067829726984126,0,0.0
1753067829729026944,0,0.0
1753067829731965944,0,0.0
1753067829734972033,1,0.0
1753067829736994163,0,0.0
1753067829738992903,0,0.0
1753067829740946690,0,0.0
1753067829742960876,0,0.0
1753067829744925522,1,0.0
1753067829746946420,0,0.0
1753067829748936798,0,0.0
1753067829750960044,1,0.0
1753067829752987514,1,0.0
1753067829754933631,0,0.0
1753067829756931127,0,0.0
1753067829758950821,0,0.0
1753067829760929356,1,0.0
1753067829762923779,0,0.0
1753067829764935832,1,0.0
1753067829766944027,1,0.0
1753067829768971980,0,0.0
1753067829770890507,1,0.0
1753067829772886285,1,0.0
1753067829774862669,0,0.0
1753067829776850132,0,0.0
1753067829778791407,1,0.0
1753067829780834732,0,0.0
1753067829782790259,0,0.0
1753067829784835541,0,0.0
1753067829786749146,1,0.0
1753067829788836967,1,0.0
1753067829790728958,0,0.0
1753067829792742227,1,0.0
1753067829794763456,1,0.0
1753067829796779584,0,0.0
1753067829798802128,0,0.0
1753067829800802055,0,0.0
1753067829802768915,0,0.0
1753067829804823840,0,1.0259054770881106
1753067829806759261,1,1.3969999125044588
1753067829808845996,0,0.34642078657664954
1753067829810836729,0,0.0
1753067829812791976,0,0.0
1753067829814836229,0,0.0
1753067829816982973,0,0.0
1753067829818851507,0,0.0
1753067829820854004,1,0.0
1753067829822884777,1,0.4166512636284803
1753067829824805349,0,0.4166512636284803
1753067829826812580,1,0.0
1753067829828822932,0,0.0
1753067829830770036,0,0.0
1753067829832768919,0,0.0
1753067829834780949,0,0.0
1753067829836756984,0,0.0
1753067829838782179,0,0.0
1753067829840856770,1,0.0
1753067829842819280,0,0.0
1753067829844889108,1,0.0
1753067829846833219,0,0.0
1753067829848827608,0,0.0
1753067829850734577,1,0.0
1753067829852727658,0,0.0
1753067829854774201,0,0.0
1753067829856724398,0,0.0
1753067829858740792,0,0.0
1753067829860732566,0,0.0
1753067829862742480,1,0.0
1753067829864686347,0,0.0
1753067829866690848,0,0.0
1753067829868699396,0,0.0
1753067829870719191,0,0.0
1753067829872754805,1,0.0
1753067829874752248,0,0.0
1753067829876705659,0,0.0
1753067829878764563,0,0.0
1753067829880747629,0,0.0
1753067829882682427,0,0.0
1753067829884786472,0,0.0
1753067829886806103,1,0.0
1753067829888678137,1,0.0
1753067829890672225,0,0.0
1753067829892688460,0,0.0
1753067829894654132,1,0.0
1753067829896742453,0,0.0
1753067829898689132,1,0.0
1753067829900672248,1,0.0
1753067829902684305,0,0.0
1753067829904634581,0,0.0
1753067829906624325,1,0.0
1753067829908639941,0,0.0
1753067829910613761,0,0.0
1753067829912646312,0,0.0
1753067829914637666,0,0.0
1753067829916672160,0,0.0
1753067829918631209,0,0.0
1753067829920603417,0,0.0
1753067829922586259,0,0.0
1753067829924589442,0,0.0
1753067829926660065,0,0.0
1753067829928666352,0,0.0
1753067829930688484,0,0.0
1753067829932680535,0,0.0
1753067829934746911,0,0.0
1753067829936656505,0,0.0
1753067829938603129,1,0.0
1753067829940577853,1,0.0
1753067829942557531,0,0.0
1753067829944636177,0,0.0
1753067829946613729,0,0.0
1753067829948589814,0,0.0
1753067829950620060,0,0.0
1753067829952602221,1,0.0
1753067829954593556,0,0.0
1753067829956553010,0,0.0
1753067829958581997,0,0.0
1753067829960577182,1,0.0
1753067829962605991,1,0.0
1753067829964566251,0,0.0
1753067829966614319,1,0.0
1753067829968586689,0,0.0
1753067829970543336,0,0.0
1753067829972579333,1,0.0
1753067829974523474,0,0.0
1753067829976528812,0,0.0
1753067829978524455,0,0.0
1753067829980530355,0,0.0
1753067829982526642,0,0.0
1753067829984526761,0,0.0
1753067829986487702,0,0.0
1753067829988517228,0,0.0
1753067829990533679,0,0.0
1753067829992574236,0,0.0
1753067829994546088,0,0.0
1753067829996475933,0,0.0
1753067829998548040,0,0.0
1753067830000538850,0,0.0
1753067830002514155,0,0.0
1753067830004518009,0,0.0
1753067830006495188,0,1.823135947950654
1753067830008474130,0,1.9049509041513992
1753067830010419255,0,0.0
1753067830012448006,0,0.0
1753067830014441768,0,0.0
1753067830016391577,0,0.0
1753067830018425618,0,0.0
1753067830020426526,0,0.0
1753067830022440026,0,0.0
1753067830024406621,0,0.0
1753067830026346267,0,0.0
1753067830028370267,0,0.0
1753067830030381371,0,0.0
1753067830032418131,0,0.0
1753067830034415252,0,0.0
1753067830036426403,1,0.0
1753067830038477549,1,0.0
1753067830040340464,0,0.0
1753067830042425835,0,0.0
1753067830044392908,0,0.0
1753067830046439540,0,0.0
1753067830048478681,1,0.0
1753067830050412637,1,0.0
1753067830052404405,0,0.0
1753067830054335074,1,0.0
1753067830056392128,0,0.0
1753067830058368787,0,0.0
1753067830060373674,0,0.0
1753067830062359293,0,0.0
1753067830064470766,0,0.0
1753067830066439014,0,0.0
1753067830068389380,0,0.0
1753067830070306884,1,0.0
1753067830072289105,1,0.0
1753067830074323908,0,0.0
1753067830076343598,0,0.0
1753067830078371749,0,0.0
1753067830080347687,0,0.0
1753067830082340725,1,0.0
1753067830084283778,1,0.0
1753067830086298828,0,0.0
1753067830088337380,0,0.0
1753067830090314629,0,0.0
1753067830092283238,0,0.0
1753067830094305871,0,0.0
1753067830096272492,0,0.0
1753067830098241649,0,0.0
1753067830100255130,0,0.0
1753067830102285468,0,0.0
1753067830104290010,0,0.0
1753067830106295800,0,0.0
1753067830108264965,0,0.0
1753067830110245518,0,0.0
1753067830112218161,0,0.0
1753067830114242158,1,0.0
1753067830116214317,0,0.0
1753067830118244866,0,0.0
1753067830120291951,0,0.0
1753067830122214625,1,0.0
1753067830124178022,0,0.0
1753067830126185063,0,0.0
1753067830128172064,0,0.0
1753067830130228906,0,0.0
1753067830132260981,0,0.0
1753067830134209542,0,0.0
1753067830136254843,0,0.0
1753067830138231199,0,0.0
1753067830140238030,1,0.0
1753067830142232565,0,0.0
1753067830144217424,0,0.0
1753067830146237109,0,0.0
1753067830148144351,0,0.0
1753067830150219153,0,0.0
1753067830152240975,1,0.0
1753067830154180457,0,0.0
1753067830156183028,0,0.0
1753067830158176372,0,0.0
1753067830160169684,0,0.0
1753067830162200070,0,0.6578567635304716
1753067830164136316,0,0.6578567635304716
1753067830166210499,0,0.0
1753067830168120747,0,0.0
1753067830170177982,0,0.0
1753067830172098403,0,0.0
1753067830174174977,0,0.0
1753067830176182036,1,0.0
1753067830178188799,0,0.0
1753067830180104929,0,0.0
1753067830182144295,1,0.0
1753067830184134342,1,0.0
1753067830186260426,0,0.0
1753067830188154443,1,0.0
1753067830190134502,1,0.0
1753067830192038494,0,0.0
1753067830194090345,0,0.0
1753067830196098817,0,0.0
1753067830198098693,0,0.0
1753067830200216116,0,0.0
1753067830202205224,1,0.0
1753067830204077136,0,0.0
1753067830206102016,0,0.0
1753067830208088864,0,0.0
1753067830210142508,0,0.0
1753067830212028261,0,0.0
1753067830214069348,0,0.0
1753067830216147417,0,0.0
1753067830218175961,0,0.0
1753067830220141798,0,0.0
1753067830222122780,0,0.0
1753067830224083621,0,0.0
1753067830226174791,0,0.0
1753067830228061302,0,0.0
1753067830230060191,0,0.0
1753067830232008917,0,0.0
1753067830233980188,0,0.0
1753067830235968189,0,0.0
1753067830238062904,0,0.0
1753067830240006222,1,0.0
1753067830242069892,0,0.0
1753067830244037953,0,0.0
1753067830246038851,0,0.0
1753067830247985667,0,0.0
1753067830249932444,0,0.0
1753067830251999156,0,0.0
1753067830254069846,0,0.0
1753067830256009895,0,0.0
1753067830258008815,0,0.0
1753067830259953789,0,0.0
1753067830262079295,0,0.0
1753067830263976916,1,0.0
1753067830265918001,1,0.0
1753067830267918587,0,0.0
1753067830269938918,0,0.0
1753067830271967970,1,0.0
1753067830273923935,0,0.0
1753067830275938883,0,0.0
1753067830277973024,0,0.0
1753067830279937703,0,0.0
1753067830281918137,0,0.0
1753067830283937590,0,0.0
1753067830285896013,0,0.0
1753067830287910048,0,0.0
1753067830289866310,0,0.0
1753067830291886641,0,0.0
1753067830293914389,0,0.0
1753067830295857204,0,0.0
1753067830297952029,0,0.0
1753067830299944157,1,0.0
1753067830301999409,0,0.0
1753067830303914692,1,0.0
1753067830305831292,0,0.0
1753067830307855983,0,0.0
1753067830309905347,0,0.0
1753067830311850644,0,0.0
1753067830313865024,0,0.0
1753067830315874851,0,0.0
1753067830317915727,0,0.0
1753067830319873220,0,0.0
1753067830321912520,0,0.0
1753067830323841673,0,0.0
1753067830325859756,1,0.0
1753067830327842839,0,0.0
1753067830329835767,0,0.0
1753067830331843863,0,0.0
1753067830333860815,0,0.0
1753067830335823940,0,0.0
1753067830337888289,0,0.0
1753067830339854620,0,0.0
1753067830341886073,0,0.0
1753067830343852718,0,0.0
1753067830345868164,1,0.0
1753067830347796390,0,0.0
1753067830349869688,0,0.0
1753067830351854412,0,0.0
1753067830353831391,0,0.0
1753067830355828589,1,0.0
1753067830357786360,0,0.0
1753067830359782298,0,0.0
1753067830361801637,0,0.0
1753067830363806446,0,0.0
1753067830365770058,0,0.0
1753067830367775336,0,0.0
1753067830369823287,0,0.0
1753067830371856142,0,0.0
1753067830373781894,0,0.0
1753067830375798768,0,0.0
1753067830377791629,0,0.0
1753067830379744981,0,0.0
1753067830381807104,0,0.0
1753067830383769296,0,0.0
1753067830385760753,0,0.0
1753067830387821199,0,0.0
1753067830389837016,0,0.0
1753067830391834764,1,0.0
1753067830393788983,0,0.0
1753067830395720123,0,0.0
1753067830397740672,0,0.0
1753067830399698526,0,0.0
1753067830401726806,0,0.0
1753067830403715444,0,0.0
1753067830405699766,0,0.0
1753067830407769874,0,0.0
1753067830409770317,0,0.0
1753067830411729892,0,0.0
1753067830413695570,0,0.0
1753067830415761603,0,0.0
1753067830417785816,1,0.0
1753067830419779287,0,0.0
1753067830421713826,0,0.0
1753067830423690067,0,0.0
1753067830425663947,0,0.0
1753067830427656368,0,0.0
1753067830429713419,0,0.0
1753067830431691767,0,0.0
1753067830433708242,0,0.0
1753067830435663590,1,0.0
1753067830437739717,0,0.0
1753067830439726654,0,0.0
1753067830441708060,0,0.0
1753067830443775569,0,0.0
1753067830445725473,0,0.0
1753067830447742353,0,0.0
1753067830449707995,1,0.0
1753067830451640385,1,0.0
1753067830453628777,0,0.0
1753067830455635997,0,0.0
1753067830457666298,0,0.0
1753067830459658303,0,0.0
1753067830461643281,0,0.0
1753067830463682785,0,0.0
1753067830465609311,0,0.0
1753067830467610092,0,0.0
1753067830469616207,0,0.0
1753067830471625178,1,0.0
1753067830473628218,0,0.0
1753067830475666000,1,0.0
1753067830477616592,0,0.0
1753067830479597953,1,0.0
1753067830481620509,0,0.0
1753067830483667274,0,0.0
1753067830485668066,0,0.0
1753067830487671764,0,0.0
1753067830489613570,0,0.0
1753067830491590536,0,0.0
1753067830493623102,0,0.0
1753067830495614568,0,0.0
1753067830497603020,0,0.0
1753067830499593398,1,0.0
1753067830501605602,0,0.0
1753067830503568533,0,0.0
1753067830505560944,0,0.0
1753067830507556655,0,0.0
1753067830509621972,0,0.0
1753067830511547560,0,0.0
1753067830513484609,0,0.0
1753067830515514818,1,0.0
1753067830517532393,1,0.0
1753067830519549381,1,0.0
1753067830521554291,0,0.0
1753067830523542837,0,0.0
1753067830525572577,0,0.0
1753067830527551310,0,0.0
1753067830529555238,0,0.0
1753067830531536638,1,0.0
1753067830533509818,0,0.0
1753067830535492323,0,0.0
1753067830537521941,0,0.0
1753067830539484561,0,0.0
1753067830541489705,0,0.0
1753067830543512094,0,0.0
1753067830545463748,0,0.0
1753067830547507412,0,0.0
1753067830549498624,0,0.0
1753067830551472247,0,0.0
1753067830553489525,1,0.0
1753067830555500041,0,0.0
1753067830557497135,0,0.0
1753067830559441400,1,0.0
1753067830561430168,0,0.0
1753067830563428478,0,0.0
1753067830565431201,0,0.0
1753067830567437469,0,0.0
1753067830569467870,0,0.0
1753067830571459111,0,0.0
1753067830573439766,0,0.0
1753067830575364786,0,0.0
1753067830577393186,0,0.0
1753067830579377023,0,0.0
1753067830581392347,0,0.0
1753067830583373313,0,0.0
1753067830585352972,0,0.0
1753067830587381145,0,0.0
1753067830589351495,0,0.0
1753067830591434539,1,0.0
1753067830593395655,0,0.0
1753067830595330356,1,0.0
1753067830597339691,0,0.0
1753067830599300312,0,0.0
1753067830601317698,0,0.0
1753067830603288701,0,0.0
1753067830605362532,0,0.0
1753067830607306733,0,0.0
1753067830609421762,0,0.0
1753067830611334662,0,0.0
1753067830613332482,1,0.0
1753067830615315051,0,0.0
1753067830617328263,0,0.0
1753067830619364832,0,0.0
1753067830621346310,0,0.0
1753067830623335354,0,0.0
1753067830625334318,0,0.0
1753067830627344214,1,0.0
1753067830629345263,0,0.0
1753067830631338355,0,0.0
1753067830633390112,0,0.0
1753067830635350425,0,0.0
1753067830637298884,0,0.0
1753067830639284846,1,0.0
1753067830641278811,0,0.0
1753067830643250250,0,0.0
1753067830645230352,0,0.0
1753067830647274075,0,0.0
1753067830649305684,0,0.0
1753067830651296240,0,0.0
1753067830653291370,0,0.9619979354649526
1753067830655263264,0,0.9619979354649526
1753067830657301149,0,0.0
1753067830659292522,0,0.0
1753067830661233807,0,0.0
1753067830663273325,0,0.0
1753067830665204088,0,0.0
1753067830667203563,1,0.0
1753067830669244966,0,0.0
1753067830671228401,0,0.0
1753067830673173421,0,0.0
1753067830675166151,0,0.0
1753067830677285173,1,0.0
1753067830679267568,1,0.0
1753067830681223413,0,0.0
1753067830683316893,0,0.0
1753067830685222645,0,0.0
1753067830687235509,1,0.0
1753067830689217246,0,0.0
1753067830691207659,1,0.0
1753067830693233334,0,0.0
1753067830695218728,0,0.0
1753067830697281987,0,0.0
1753067830699230428,0,0.0
1753067830701177600,0,0.0
1753067830703220109,0,0.0
1753067830705175675,0,0.0
1753067830707225632,0,0.0
1753067830709152867,0,0.0
1753067830711164735,0,0.0
1753067830713231836,0,0.0
1753067830715192398,1,0.0
1753067830717155288,1,0.0
1753067830719144704,0,0.0
1753067830721187516,1,0.0
1753067830723161808,0,0.0
1753067830725180119,1,0.0
1753067830727135629,1,0.0
1753067830729146869,0,0.0
1753067830731100718,0,0.0
1753067830733119911,0,0.0
1753067830735105643,1,0.0
1753067830737110096,0,0.0
1753067830739136284,0,0.0
1753067830741109736,0,0.0
1753067830743052006,0,0.0
1753067830745057938,0,0.0
1753067830747053982,0,0.0
1753067830749093558,0,0.0
1753067830751100958,0,0.0
1753067830753135450,0,0.0
1753067830755096230,1,0.0
1753067830757088570,0,0.0
1753067830759063223,1,0.0
1753067830761075685,0,0.0
1753067830763057423,1,0.0
1753067830765141866,0,0.0
1753067830767076987,1,0.0
1753067830769120403,0,0.0
1753067830771076055,0,0.0
1753067830773106538,0,0.0
1753067830775002011,0,0.0
1753067830777116796,0,0.0
1753067830779047610,0,0.0
1753067830781048713,0,0.0
1753067830783061177,1,0.0
1753067830785066235,0,0.0
1753067830787080779,0,0.0
1753067830789055419,0,0.0
1753067830791004196,1,0.0
1753067830792946929,0,0.0
1753067830794980353,1,0.0
1753067830797004185,0,0.0
1753067830799018044,1,0.0
1753067830801029518,0,0.0
1753067830802994183,0,0.0
1753067830805026688,0,0.0
1753067830807004442,0,0.0
1753067830808989091,0,0.0
1753067830811005092,0,0.0
1753067830812956234,0,0.0
1753067830814976423,0,0.0
1753067830816935812,0,0.0
1753067830819039025,0,0.0
1753067830820988163,0,0.0
1753067830822960821,0,0.0
1753067830824903116,0,0.0
1753067830826971215,0,0.0
1753067830828976658,0,0.0
1753067830830982248,0,0.0
1753067830832941502,0,0.0
1753067830834970650,0,0.0
1753067830836950161,0,0.0
1753067830839016333,0,0.0
1753067830841007835,0,0.0
1753067830842884521,0,0.0
1753067830844977354,0,0.0
1753067830846870766,0,0.0
1753067830848871166,0,0.0
1753067830850902374,0,0.0
1753067830852960489,0,0.0
1753067830854843357,1,0.0
1753067830856856342,0,0.0
1753067830858892989,0,0.0
1753067830860809323,0,0.0
1753067830862826698,0,0.0
1753067830864897490,1,0.0
1753067830866787617,1,0.0
1753067830868777087,1,0.0
1753067830870785575,0,0.0
1753067830872781318,0,0.0
1753067830874794177,1,0.0
1753067830876804909,0,0.0
1753067830878728632,0,0.0
1753067830880765629,0,0.0
1753067830882841421,0,0.0
1753067830884817314,0,0.0
1753067830886790056,0,0.0
1753067830888878494,0,0.0
1753067830890979287,0,0.0
1753067830892806015,0,0.0
1753067830894959230,0,0.0
1753067830896822821,0,0.0
1753067830898817557,0,0.0
1753067830900826480,0,0.0
1753067830902816531,0,0.0
1753067830904771750,0,0.0
1753067830906888676,0,0.0
1753067830908796228,0,0.0
1753067830910785080,0,0.0
1753067830912822064,0,0.0
1753067830914803904,0,0.0
1753067830916844046,0,0.0
1753067830918865621,0,0.0
1753067830920814778,0,0.0
1753067830922762129,0,0.0
1753067830924747599,0,0.0
1753067830926686200,0,0.0
1753067830928712630,0,0.0
1753067830930653853,0,0.0
1753067830932722909,0,0.0
1753067830934793444,1,0.0
1753067830936874590,0,0.0
1753067830938830548,0,0.0
1753067830940736498,0,0.0
1753067830942821817,0,0.0
1753067830944688644,0,0.0
1753067830946626774,1,0.0
1753067830948633686,0,0.0
1753067830950630838,0,0.0
1753067830952610813,1,0.0
1753067830954621354,1,0.0
1753067830956625820,0,0.0
1753067830958624132,0,0.0
1753067830960622751,0,0.0
1753067830962625960,0,0.0
1753067830964738521,0,0.0
1753067830966721091,0,0.0
1753067830968744490,0,0.11969984174460913
1753067830970705506,0,0.11969984174460913
1753067830972714344,0,0.0
1753067830974715669,0,0.0
1753067830976705733,0,0.0
1753067830978654662,1,0.0
1753067830980602634,1,0.0
1753067830982616585,0,0.0
1753067830984568949,0,0.0
1753067830986614393,0,0.0
1753067830988609197,0,0.0
1753067830990628952,0,0.0
1753067830992659036,0,0.0
1753067830994600754,0,0.0
1753067830996587827,0,0.0
1753067830998606462,0,0.0
1753067831000607172,1,0.0
1753067831002587002,1,0.0
1753067831004611486,0,0.0
1753067831006613530,1,0.0
1753067831008652444,1,0.0
1753067831010595045,0,0.0
1753067831012535654,0,0.0
1753067831014571397,0,0.0
1753067831016605156,0,0.0
1753067831018588865,1,0.0
1753067831020598366,0,0.0
1753067831022614420,0,0.0
1753067831024561214,0,0.0
1753067831026577306,0,0.0
1753067831028575529,0,0.0
1753067831030568922,0,0.0
1753067831032574889,0,0.0
1753067831034508569,0,0.0
1753067831036498581,0,0.0
1753067831038550480,0,0.0
1753067831040531436,0,0.0
1753067831042568609,0,0.6578567635304716
1753067831044565031,0,0.6578567635304716
1753067831046564207,0,0.0
1753067831048555717,0,0.0
1753067831050545938,0,0.0
1753067831052521518,0,0.0
1753067831054502141,0,0.0
1753067831056582139,0,0.0
1753067831058538684,0,0.0
1753067831060486392,0,0.0
1753067831062540920,0,0.0
1753067831064460992,0,0.0
1753067831066508502,0,0.0
1753067831068501171,0,0.0
1753067831070479019,0,0.0
1753067831072494318,0,0.0
1753067831074506289,0,0.0
1753067831076450782,0,0.0
1753067831078451794,0,0.0
1753067831080507265,0,0.0
1753067831082449404,0,0.0
1753067831084484998,0,0.0
1753067831086449746,0,0.0
1753067831088423617,0,0.0
1753067831090455899,0,0.0
1753067831092418512,0,0.0
1753067831094385705,0,0.0
1753067831096426638,0,0.0
1753067831098438656,1,0.0
1753067831100473009,0,0.0
1753067831102398657,0,0.0
1753067831104529332,0,0.0
1753067831106533949,1,0.0
1753067831108452862,0,0.0
1753067831110405026,0,0.0
1753067831112384141,0,0.0
1753067831114335348,0,0.0
1753067831116354729,0,0.0
1753067831118410049,0,0.0
1753067831120389543,0,0.0
1753067831122405630,0,0.0
1753067831124374862,0,0.0
1753067831126375445,0,0.0
1753067831128397744,0,0.0
1753067831130306196,0,0.0
1753067831132366002,0,0.0
1753067831134287289,0,0.0
1753067831136360409,0,0.0
1753067831138349901,0,0.0
1753067831140262109,1,0.0
1753067831142300938,0,0.0
1753067831144333339,0,0.0
1753067831146238463,0,0.0
1753067831148265628,0,0.0
1753067831150246643,1,0.0
1753067831152285332,0,0.0
1753067831154265604,0,0.0
1753067831156294566,0,0.0
1753067831158298383,1,0.0
1753067831160244072,1,0.0
1753067831162251061,0,0.0
1753067831164285087,0,0.0
1753067831166252822,0,0.0
1753067831168223652,0,0.0
1753067831170270495,0,0.0
1753067831172319318,0,0.0
1753067831174339852,0,0.0
1753067831176318398,0,0.0
1753067831178248365,0,0.0
1753067831180256791,0,0.0
1753067831182277771,0,0.0
1753067831184226795,0,0.0
1753067831186319151,0,0.0
1753067831188239397,0,0.0
1753067831190197303,0,0.0
1753067831192193397,0,0.0
1753067831194195053,0,0.0
1753067831196187709,0,0.0
1753067831198218544,0,0.0
1753067831200217368,0,0.0
1753067831202205790,0,0.0
1753067831204193694,1,0.0
1753067831206231450,0,0.0
1753067831208220099,0,0.0
1753067831210230448,0,0.0
1753067831212221373,0,0.0
1753067831214226678,0,0.0
1753067831216172534,0,0.0
1753067831218186385,0,0.0
1753067831220146616,0,0.0
1753067831222153138,0,0.09443080872895804
1753067831224140025,0,0.4166512636284803
1753067831226182657,0,0.0
1753067831228153721,0,0.0
1753067831230148169,0,0.0
1753067831232229346,0,0.0
1753067831234129962,0,0.0
1753067831236187426,0,0.0
1753067831238077486,0,0.0
1753067831240206571,0,0.0
1753067831242169904,1,0.0
1753067831244202290,0,0.0
1753067831246141680,0,0.0
1753067831248252723,1,0.0
1753067831250198186,0,0.0
1753067831252105415,0,0.0
1753067831254165711,0,0.0
1753067831256202689,1,0.0
1753067831258165774,0,0.0
1753067831260129767,0,0.0
1753067831262284961,0,0.0
1753067831264134157,0,0.0
1753067831266204464,0,0.0
1753067831268164534,0,0.0
1753067831270133058,0,0.0
1753067831272178887,0,0.0
1753067831274152275,1,0.0
1753067831276114436,0,0.0
1753067831278112056,0,0.0
1753067831280101069,0,0.5430117744022707
1753067831282097850,1,3.5082500736396898
1753067831284054674,0,3.208987264021982
1753067831286085008,0,0.0
1753067831288173542,0,0.0
1753067831290104911,0,0.0
1753067831292047719,0,0.0
1753067831294077459,1,0.0
1753067831296055741,0,0.0
1753067831298096286,0,0.0
1753067831300163446,1,0.0
1753067831302097011,0,0.0
1753067831304066374,0,0.0
1753067831306053659,0,0.0
1753067831308064031,0,0.0
1753067831310085310,0,0.0
1753067831312036701,0,0.0
1753067831314145149,0,0.0
1753067831316137785,0,0.0
1753067831318125002,0,0.0
1753067831320055421,0,0.0
1753067831322019323,0,0.0
1753067831323994724,0,0.0
1753067831326022757,0,0.0
1753067831328124640,0,0.0
1753067831330007903,1,0.0
1753067831332096177,0,0.0
1753067831334035728,0,0.0
1753067831336060645,1,0.0
1753067831337941519,0,0.0
1753067831340049234,0,0.0
1753067831341955340,0,0.0
1753067831343910320,0,0.0
1753067831345980423,1,0.0
1753067831347942627,0,0.0
1753067831349957563,0,0.0
1753067831351929066,0,0.0
1753067831353950196,0,0.0
1753067831355945059,0,0.0
1753067831358012050,1,0.0
1753067831359985124,0,0.0
1753067831361957515,0,0.0
1753067831363936064,0,0.0
1753067831365922661,0,0.0
1753067831367993066,0,0.0
1753067831369918791,0,0.0
1753067831371962891,0,0.0
1753067831374083436,0,0.0
1753067831375970036,1,0.0
1753067831377899375,0,0.0
1753067831379897035,0,0.0
1753067831381889587,0,0.0
1753067831383909266,0,0.0
1753067831386094401,0,0.0
1753067831387916783,0,0.0
1753067831389936165,0,0.0
1753067831391916070,0,0.0
1753067831393954792,0,0.0
1753067831395867164,0,0.0
1753067831398147091,0,0.0
1753067831399872515,0,0.0
1753067831401829053,0,0.0
1753067831403828231,0,0.0
1753067831405838327,1,0.0
1753067831407886713,0,1.9049509041513992
1753067831409889092,0,1.9049509041513992
1753067831411886591,0,0.0
1753067831413842864,0,0.0
1753067831415879864,0,0.0
1753067831417859580,0,0.0
1753067831419807940,0,0.0
1753067831421825580,0,0.0
1753067831423798945,0,0.0
1753067831425769633,1,0.0
1753067831427800166,0,0.0
1753067831429791104,0,0.0
1753067831431811272,1,0.0
1753067831433864504,0,0.0
1753067831435783662,0,0.0
1753067831437827932,0,0.0
1753067831439778437,0,0.0
1753067831441727370,0,0.0
1753067831443952828,0,0.0
1753067831445863580,1,0.0
1753067831447875030,1,0.0
1753067831449779651,0,0.0
1753067831451814923,0,0.3841460874363042
1753067831453796091,0,0.6578567635304716
1753067831455855008,0,0.2727186392012658
1753067831457823705,1,0.0
1753067831459733908,1,0.0
1753067831461704932,0,0.0
1753067831463766601,0,0.0
1753067831465769623,0,0.0
1753067831467746105,0,0.0
1753067831469748121,0,0.0
1753067831471788946,0,0.0
1753067831473728456,0,0.0
1753067831475769098,0,0.0
1753067831477797864,0,0.0
1753067831479834930,1,0.0
1753067831481765544,1,0.0
1753067831483749184,1,0.0
1753067831485889770,1,0.0
1753067831487706962,0,0.0
1753067831490729357,0,0.0
1753067831492692964,0,0.0
1753067831494709146,0,0.0
1753067831496679624,0,0.0
1753067831498713023,0,0.0
1753067831500737211,0,0.0
1753067831502752319,0,0.0
1753067831504686874,1,0.0
1753067831506699617,0,0.0
1753067831508722084,0,0.0
1753067831510763333,0,0.0
1753067831512708684,0,0.0
1753067831514723841,0,0.0
1753067831516666006,0,0.0
1753067831518680546,0,0.0
1753067831520617466,0,0.0
1753067831522646714,0,0.0
1753067831524604436,0,0.0
1753067831526621069,0,0.0
1753067831528609343,0,0.0
1753067831530591988,0,0.0
1753067831532620336,0,0.0
1753067831534604746,0,0.0
1753067831536659458,1,0.0
1753067831538669185,0,0.0
1753067831540634458,0,0.0
1753067831542629914,0,0.0
1753067831544603422,0,0.0
1753067831546594148,0,0.0
1753067831548622739,0,0.0
1753067831550617925,0,0.0
1753067831552659335,0,0.0
1753067831554573485,0,0.0
1753067831556642903,0,0.0
1753067831558718727,0,0.0
1753067831560643989,0,0.0
1753067831562679415,0,0.0
1753067831564626273,0,0.0
1753067831566668229,0,0.0
1753067831568641785,0,0.0
1753067831570651317,0,0.0
1753067831572623135,1,0.0
1753067831574630420,1,0.0
1753067831576603913,0,0.0
1753067831578600884,0,0.0
1753067831580596499,0,0.0
1753067831582575529,0,0.0
1753067831584560958,0,0.0
1753067831586534394,1,0.0
1753067831588592154,1,0.0
1753067831590541318,0,0.0
1753067831592597861,0,0.0
1753067831594557631,0,0.0
1753067831596565986,0,0.0
1753067831598574620,0,0.0
1753067831600552335,0,0.0
1753067831602554709,0,0.0
1753067831604557335,0,0.0
1753067831606512865,1,0.0
1753067831608496324,0,0.0
1753067831610633016,0,0.0
1753067831612565634,0,0.0
1753067831614566094,0,0.0
1753067831616478161,0,0.0
1753067831618527775,0,0.0
1753067831620530208,0,0.0
1753067831622527237,0,0.0
1753067831624453111,0,0.0
1753067831626427441,0,0.0
1753067831628455500,0,0.0
1753067831630453521,0,0.0
1753067831632469489,0,0.0
1753067831634485829,0,0.0
1753067831636474255,0,0.0
1753067831638457688,0,0.0
1753067831640422246,0,0.0
1753067831642458920,0,0.0
1753067831644453136,0,0.0
1753067831646440593,0,0.0
1753067831648415932,0,0.0
1753067831650490952,0,0.0
1753067831652435748,0,0.0
1753067831654482656,0,0.0
1753067831656446182,0,0.0
1753067831658413095,0,0.0
1753067831660432049,1,0.0
1753067831662417362,0,0.0
1753067831664387598,1,0.0
1753067831666420610,0,0.0
1753067831668409816,0,0.0
1753067831670416478,0,0.0
1753067831672379880,0,0.0
1753067831674364082,0,0.0
1753067831676332934,0,0.0
1753067831678372582,1,0.0
1753067831680345426,0,0.0
1753067831682362826,0,0.0
1753067831684393548,0,0.0
1753067831686379612,0,0.0
1753067831688362368,0,0.0
1753067831690307570,0,0.0
1753067831692344966,0,0.0
1753067831694301145,0,0.0
1753067831696358572,0,0.0
1753067831698393644,0,0.0
1753067831700303295,0,0.0
1753067831702301115,0,0.0
1753067831704267442,0,0.0
1753067831706282374,0,0.0
1753067831708300858,0,0.0
1753067831710263034,0,0.0
1753067831712254848,0,0.0
1753067831714305429,0,0.0
1753067831716285764,1,0.0
1753067831718254776,0,0.0
1753067831720282938,1,0.0
1753067831722301459,0,0.0
1753067831724268783,0,0.0
1753067831726263762,0,0.0
1753067831728273398,0,0.0
1753067831730254890,0,0.0
1753067831732214377,0,0.0
1753067831734237195,0,0.0
1753067831736189854,0,0.0
1753067831738256319,0,0.0
1753067831740210507,0,0.0
1753067831742234009,0,0.0
1753067831744214865,0,0.0
1753067831746168347,0,0.0
1753067831748273652,0,0.0
1753067831750267045,0,0.0
1753067831752315733,0,0.0
1753067831754253957,0,0.0
1753067831756235936,0,0.0
1753067831758224989,0,0.0
1753067831760226660,1,0.0
1753067831762212662,1,0.0
1753067831764216930,0,0.0
1753067831766225804,0,0.0
1753067831768197166,0,0.0
1753067831770252237,0,0.0
1753067831772227091,0,0.0
1753067831774251200,0,0.0
1753067831776194446,0,0.0
1753067831778203218,0,0.0
1753067831780159551,0,0.0
1753067831782188891,0,0.0
1753067831784179188,0,0.0
1753067831786223175,0,0.0
1753067831788172299,0,0.0
1753067831790230869,1,0.0
1753067831792232377,0,0.0
1753067831794204824,1,0.0
1753067831796153275,0,0.0
1753067831798134411,0,0.0
1753067831800091904,0,0.0
1753067831802042410,0,0.0
1753067831804041587,0,0.0
1753067831806056381,0,0.0
1753067831807989148,1,0.0
1753067831809986716,0,0.0
1753067831812045790,0,0.0
1753067831814048794,1,0.0
1753067831816091598,0,0.0
1753067831818070477,0,0.0
1753067831819985334,0,0.0
1753067831822075882,0,0.0
1753067831824031303,1,0.0
1753067831826018415,0,0.0
1753067831827992468,0,0.0
1753067831830086486,0,0.0
1753067831832020181,0,0.0
1753067831834080785,0,0.0
1753067831836005340,0,0.0
1753067831838033628,0,0.0
1753067831840028407,0,0.0
1753067831842071249,1,0.0
1753067831844020091,0,0.0
1753067831846034227,0,0.0
1753067831848015834,0,0.0
1753067831850025705,0,0.0
1753067831851979314,0,0.0
1753067831854020869,0,0.0
1753067831856004426,0,0.0
1753067831858079800,0,0.0
1753067831860034443,0,0.0
1753067831862028790,0,0.0
1753067831864084204,0,0.0
1753067831866058669,0,0.0
1753067831868010857,1,0.0
1753067831870023973,0,0.0
1753067831872013341,1,0.0
1753067831873932123,0,0.0
1753067831875954885,0,0.0
1753067831877923782,1,0.0
1753067831879958948,0,0.0
1753067831881937818,0,0.0
1753067831883952907,0,0.0
1753067831885965856,0,0.0
1753067831887986156,0,0.0
1753067831890061891,0,0.0
1753067831891924701,0,0.0
1753067831893983323,0,0.0
1753067831895999353,0,0.0
1753067831897956038,1,0.0
1753067831899916440,0,0.0
1753067831901930403,0,0.0
1753067831903881067,0,0.0
1753067831905897598,1,0.0
1753067831907902889,0,0.0
1753067831909938498,1,0.0
1753067831911883284,0,0.0
1753067831913987296,0,0.0
1753067831915986095,1,0.0
1753067831917960054,1,0.0
1753067831919985044,0,0.0
1753067831921906033,0,0.0
1753067831923864670,0,0.0
1753067831925903741,0,0.0
1753067831927867307,1,0.0
1753067831929929942,0,0.0
1753067831931882706,0,0.0
1753067831933916021,0,0.0
1753067831935896749,0,0.0
1753067831937911432,0,0.0
1753067831939842248,0,0.0
1753067831941824509,0,0.0
1753067831943872604,0,0.0
1753067831945795504,0,0.0
1753067831947833146,1,0.0
1753067831949805670,1,0.0
1753067831951794045,0,0.0
1753067831953814774,0,0.0
1753067831955780728,0,0.0
1753067831957734855,0,0.0
1753067831959798384,1,0.0
1753067831961767083,0,0.0
1753067831963748471,0,0.0
1753067831965749563,0,0.0
1753067831967974184,0,0.0
1753067831969868696,1,0.0
1753067831971807451,0,0.0
1753067831973758652,0,0.0
1753067831975752446,0,0.0
1753067831977810566,0,0.0
1753067831979763822,0,0.0
1753067831981756601,0,0.0
1753067831983742463,1,0.0
1753067831985797434,0,0.0
1753067831987827499,0,0.0
1753067831989808526,0,0.0
1753067831991834777,0,0.0
1753067831993802640,1,0.0
1753067831995788916,1,0.0
1753067831997791458,0,0.0
1753067831999766858,0,0.0
1753067832001784856,0,0.0
1753067832003832445,1,0.0
1753067832005767259,1,0.0
1753067832007759640,1,0.0
1753067832009779543,1,0.0
1753067832011786239,0,0.0
1753067832013757282,0,0.0
1753067832015743525,0,0.0
1753067832017739804,0,0.0
1753067832019712470,1,0.0
1753067832021701303,0,0.0
1753067832023684711,1,0.0
1753067832025691296,0,0.0
1753067832027691121,0,0.0
1753067832029653203,0,0.0
1753067832031734998,0,0.0
1753067832033782789,0,0.0
1753067832035776360,0,0.0
1753067832037762752,0,0.0
1753067832039766939,0,0.0
1753067832041743261,0,0.0
1753067832043740444,0,0.0
1753067832045739250,1,0.0
1753067832047731475,0,0.0
1753067832049729328,0,0.0
1753067832051722784,0,0.0
1753067832053682416,0,0.0
1753067832055705924,0,0.0
1753067832057724153,0,0.0
1753067832059761302,0,0.0
1753067832061665570,0,0.0
1753067832063632667,0,0.0
1753067832065686060,0,0.0
1753067832067632399,0,0.0
1753067832069637012,0,0.0
1753067832071708503,1,0.0
1753067832074684503,0,0.0
1753067832076685128,0,0.0
1753067832078773687,0,0.0
1753067832080670180,0,0.0
1753067832082655157,0,0.0
1753067832084619035,0,0.0
1753067832086640661,0,0.0
1753067832088626065,0,0.0
1753067832090602924,0,0.0
1753067832092616232,0,0.0
1753067832094611983,0,0.0
1753067832096611806,0,0.0
1753067832098650458,0,0.0
1753067832100674654,0,0.0
1753067832102652225,0,0.0
1753067832104761533,0,0.0
1753067832106666162,0,0.0
1753067832108613508,0,0.0
1753067832110603690,0,0.0
1753067832112758598,0,0.0
1753067832114607243,0,0.0
1753067832116524400,1,0.0
1753067832118528470,0,0.0
1753067832120603714,0,0.0
1753067832122632051,0,0.0
1753067832124698383,0,0.0
1753067832126584700,1,0.0
1753067832128600682,0,0.0
1753067832130618422,0,0.0
1753067832132589234,0,0.0
1753067832134594286,0,0.0
1753067832136504435,0,0.0
1753067832138532129,0,0.0
1753067832140533539,0,0.0
1753067832142527281,1,0.0
1753067832144546562,1,0.0
1753067832146544852,0,0.0
1753067832148545900,0,0.0
1753067832150511429,0,0.0
1753067832152534077,1,0.0
1753067832154512024,0,0.0
1753067832156554750,0,0.0
1753067832158528464,0,0.0
1753067832160527391,0,0.0
1753067832162595995,0,0.0
1753067832164522283,0,0.0
1753067832166480204,0,0.0
1753067832168504946,1,0.0
1753067832170448090,0,0.0
1753067832172486303,1,0.0
1753067832174432412,0,0.0
1753067832176499192,0,0.0
1753067832178495466,0,0.0
1753067832180484089,0,0.0
1753067832182537646,0,0.0
1753067832184428163,0,0.0
1753067832186419778,1,0.0
1753067832188396695,0,0.0
1753067832190407865,1,0.0
1753067832192385243,0,0.0
1753067832194374276,1,0.0
1753067832196456536,0,0.0
1753067832198493324,0,0.0
1753067832200435274,0,0.0
1753067832202388011,1,0.0
1753067832204389632,0,0.0
1753067832206403648,0,0.0
1753067832208401480,0,0.0
1753067832210355065,0,0.0
1753067832212383070,0,0.0
1753067832214356564,0,0.0
1753067832216392565,0,0.0
1753067832218371329,0,0.0
1753067832220319466,0,0.0
1753067832222323643,0,0.0
1753067832224311114,1,0.0
1753067832226346074,0,0.0
1753067832228366399,1,0.0
1753067832230365026,0,0.0
1753067832232360814,0,0.0
1753067832234298398,0,0.0
1753067832236276542,0,0.0
1753067832238303872,0,0.0
1753067832240308562,0,0.0
1753067832242296229,0,0.0
1753067832244330629,0,0.0
1753067832246319729,0,0.0
1753067832248334764,0,0.0
1753067832250348020,0,0.0
1753067832252252254,0,0.0
1753067832254288410,0,0.0
1753067832256274812,0,0.0
1753067832258299843,0,0.0
1753067832260288963,0,0.0
1753067832262303793,0,0.0
1753067832264343020,1,0.0
1753067832266241686,0,0.0
1753067832268253033,0,0.0
1753067832270235083,1,0.0
1753067832272283337,0,0.0
1753067832274293072,0,0.0
1753067832276208694,1,0.0
1753067832278246537,0,0.0
1753067832280279453,1,0.0
1753067832282234366,0,0.0
1753067832284216257,0,0.0
1753067832286256626,0,0.0
1753067832288274242,0,0.0
1753067832290252939,0,0.0
1753067832292256702,1,0.0
1753067832294250232,0,0.0
1753067832296258281,0,0.0
1753067832298219469,0,0.0
1753067832300188614,0,0.0
1753067832302248575,0,0.0
1753067832304183402,0,0.0
1753067832306181045,0,0.0
1753067832308162784,1,0.0
1753067832310182971,0,0.0
1753067832312163415,0,0.0
1753067832314170109,0,0.0
1753067832316146455,0,0.0
1753067832318180126,0,0.0
1753067832320145837,0,0.0
1753067832322157068,1,0.0
1753067832324146735,1,0.0
1753067832326125956,0,0.0
1753067832328134771,1,0.0
1753067832330132915,0,0.0
1753067832332130070,0,0.0
1753067832334138005,0,0.0
1753067832336177952,0,0.0
1753067832338170590,0,0.0
1753067832340088441,1,0.0
1753067832342136520,0,0.0
1753067832344149513,1,0.0
1753067832346217351,0,0.0
1753067832348156291,1,0.0
1753067832350204766,0,0.0
1753067832352143201,1,0.0
1753067832354181570,0,0.0
1753067832356216696,0,0.0
1753067832358214458,0,0.0
1753067832360121245,0,0.0
1753067832362115196,0,0.0
1753067832364101169,1,0.0
1753067832366135570,1,0.0
1753067832368191988,0,0.0
1753067832370192970,0,0.0
1753067832372112998,0,0.0
1753067832374094641,0,0.0
1753067832376120315,0,0.0
1753067832378108954,1,0.0
1753067832380081588,0,0.0
1753067832382083303,0,0.0
1753067832384138368,1,0.0
1753067832386117825,0,0.0
1753067832388118092,0,0.0
1753067832390089855,0,0.0
1753067832392013873,0,0.0
1753067832394028464,0,0.0
1753067832396002790,0,0.0
1753067832398000958,1,0.0
1753067832400008131,0,0.0
1753067832402037032,0,0.0
1753067832403991961,0,0.0
1753067832406071704,1,0.0
1753067832408014665,1,0.0
1753067832410046629,0,0.0
1753067832411974895,0,0.0
1753067832413995676,0,0.0
1753067832415994587,0,0.0
1753067832419290545,1,0.0
1753067832419981169,0,0.0
1753067832421998696,0,0.0
1753067832424077838,0,0.0
1753067832425958035,0,0.0
1753067832427948885,1,0.0
1753067832429981197,0,0.0
1753067832431971304,0,0.0
1753067832433940767,1,0.0
1753067832435962136,0,0.0
1753067832437943946,0,0.0
1753067832439938297,1,0.0
1753067832441980934,1,0.0
1753067832443908772,0,0.0
1753067832445893657,1,0.0
1753067832447929111,0,0.0
1753067832449938705,0,0.0
1753067832451955653,0,0.0
1753067832453938452,0,0.0
1753067832455914449,0,0.0
1753067832457924649,0,0.0
1753067832460006773,1,0.0
1753067832461970733,0,0.0
1753067832463977593,0,0.0
1753067832465876635,0,0.0
1753067832467935248,0,0.0
1753067832469924054,0,0.0
1753067832471942598,1,0.0
1753067832473940091,1,0.0
1753067832475891429,0,0.0
1753067832477915634,0,0.0
1753067832479901232,0,0.0
1753067832481902010,0,0.0
1753067832483894428,0,0.0
1753067832485926424,0,0.0
1753067832487899836,0,0.0
1753067832489895633,0,0.0
1753067832491919973,0,0.08151228515902403
1753067832493880039,0,0.0
1753067832495963290,1,0.0
1753067832497836410,0,0.0
1753067832499914541,0,0.0
1753067832501796289,0,0.0
1753067832503887985,1,0.0
1753067832505863070,0,0.0
1753067832507807639,1,0.0
1753067832509807952,1,0.0
1753067832511757962,0,0.0
1753067832513735115,0,0.0
1753067832515736725,0,0.0
1753067832517768807,0,0.0
1753067832519799059,1,0.0
1753067832521797487,0,0.0
1753067832523789955,1,0.0
1753067832525805097,1,0.0
1753067832527786905,0,0.0
1753067832529849326,0,0.0
1753067832531920433,0,0.0
1753067832533823550,0,0.0
1753067832535835482,0,0.0
1753067832537767188,0,0.0
1753067832539723111,0,0.0
1753067832541720227,0,0.0
1753067832543714301,1,0.0
1753067832545727853,1,0.0
1753067832547725824,1,0.0
1753067832549759674,0,0.0
1753067832551722940,0,0.0
1753067832553696917,0,0.0
1753067832555690343,1,0.0
1753067832557688212,1,0.0
1753067832559710771,0,0.0
1753067832561691549,0,0.0
1753067832563727056,0,0.0
1753067832565730358,1,0.0
1753067832567772407,0,0.0
1753067832569786283,0,0.0
1753067832571737831,0,0.0
1753067832574727268,0,0.0
1753067832576706340,0,0.0
1753067832578701862,0,0.0
1753067832580692436,0,0.0
1753067832582733333,0,0.0
1753067832584718062,0,0.0
1753067832586730062,0,0.0
1753067832588757579,0,0.0
1753067832590757223,0,0.0
1753067832592696390,1,0.0
1753067832594571791,0,0.0
1753067832596579369,0,0.0
1753067832598597715,0,0.0
1753067832600610615,0,0.0
1753067832602589579,0,0.0
1753067832604610681,1,0.0
1753067832606609164,1,0.0
1753067832608594121,0,0.0
1753067832610584175,0,0.0
1753067832612666175,0,0.0
1753067832614601693,0,0.0
1753067832616608989,0,0.0
1753067832618594351,0,0.0
1753067832620639092,0,0.0
1753067832622600230,0,0.0
1753067832624656766,0,0.0
1753067832626587667,0,0.0
1753067832628609932,1,0.0
1753067832630619526,1,0.0
1753067832632622855,1,0.0
1753067832634597934,0,0.0
1753067832636595572,0,0.0
1753067832638608310,0,0.0
1753067832640599202,0,0.0
1753067832642642516,0,0.0
1753067832644622855,0,0.0
1753067832646626433,0,0.0
1753067832648580219,0,0.0
1753067832650577248,0,0.0
1753067832652573821,0,0.0
1753067832654573426,1,0.0
1753067832656621339,1,0.0
1753067832658619396,0,0.0
1753067832660591856,0,0.0
1753067832662552614,1,0.0
1753067832664572119,1,0.0
1753067832666604930,0,0.0
1753067832668579529,0,0.0
1753067832670579447,0,0.0
1753067832672502827,0,0.0
1753067832674522313,0,0.0
1753067832676563756,1,0.0
1753067832678556582,0,0.0
1753067832680542311,0,0.0
1753067832682579020,0,0.0
1753067832684542571,0,0.0
1753067832686526855,0,0.0
1753067832688537187,0,0.0
1753067832690580758,0,0.0
1753067832692551051,0,0.0
1753067832694543983,1,0.0
1753067832696533722,1,0.0
1753067832698548814,0,0.0
1753067832700538884,1,0.0
1753067832702491603,0,0.0
1753067832704467298,1,0.0
1753067832706472971,0,0.0
1753067832708475002,0,0.0
1753067832710479194,0,0.0
1753067832712471166,0,0.0
1753067832714468445,1,0.0
1753067832716459935,0,0.0
1753067832718471419,1,0.0
1753067832720444032,0,0.0
1753067832722516184,0,0.0
1753067832724475844,0,0.0
1753067832726511120,0,0.0
1753067832728461712,0,0.0
1753067832730442413,0,0.0
1753067832732469732,0,0.0
1753067832734458214,0,0.0
1753067832736491066,0,0.0
1753067832738455120,0,0.0
1753067832740421194,0,0.0
1753067832742426166,0,0.0
1753067832744394633,0,0.0
1753067832746491262,0,0.0
1753067832748420236,0,0.0
1753067832750393302,0,0.0
1753067832752455444,0,0.0
1753067832754404895,1,0.0
1753067832756442442,0,0.0
1753067832758425750,0,0.0
1753067832760405548,0,0.0
1753067832762362095,0,0.0
1753067832764399781,1,0.0
1753067832766380812,0,0.0
1753067832768336513,0,0.0
1753067832770356265,0,0.0
1753067832772338520,0,0.0
1753067832774396641,0,0.0
1753067832776346680,0,0.0
1753067832778317142,0,0.0
1753067832780349302,0,0.0
1753067832782410206,1,0.0
1753067832784313799,0,0.0
1753067832786282831,0,0.0
1753067832788292890,0,0.0
1753067832790291450,0,0.0
1753067832792253233,0,0.0
1753067832794252612,0,0.0
1753067832796319346,0,0.0
1753067832798367546,1,0.0
1753067832800307743,0,0.0
1753067832802237521,0,0.0
1753067832804233805,0,0.0
1753067832806224025,0,0.0
1753067832808257014,0,0.0
1753067832810246181,0,0.0
1753067832812265076,1,0.0
1753067832814227894,0,0.0
1753067832816294507,0,0.0
1753067832818217672,0,0.0
1753067832820306736,0,0.0
1753067832822236764,0,0.0
1753067832824265691,0,0.0
1753067832826213754,1,0.0
1753067832828176291,0,0.0
1753067832830195281,0,0.0
1753067832832212070,0,0.0
1753067832834196844,0,0.0
1753067832836214813,0,0.0
1753067832838196930,1,0.0
1753067832840196799,0,0.0
1753067832842198801,0,0.0
1753067832844155268,0,0.0
1753067832846148733,0,0.0
1753067832848178656,0,0.0
1753067832850171364,0,0.0
1753067832852184460,0,0.0
1753067832854159538,0,0.0
1753067832856140996,0,0.0
1753067832858176479,1,0.0
1753067832860129484,0,0.0
1753067832862198140,0,0.0
1753067832864180306,1,0.0
1753067832866148962,0,0.0
1753067832868131350,0,0.0
1753067832870155516,0,0.0
1753067832872157127,1,0.0
1753067832874275241,0,0.0
1753067832876286623,0,0.0
1753067832878304090,0,0.0
1753067832880270398,0,0.0
1753067832882178236,0,0.0
1753067832884202470,1,0.0
1753067832886292754,1,0.0
1753067832888160535,0,0.0
1753067832890173026,1,0.0
1753067832892071022,1,0.0
1753067832894049432,0,0.0
1753067832896075454,0,0.0
1753067832898091571,0,0.0
1753067832900094445,0,0.0
1753067832902106934,1,0.0
1753067832904064024,0,0.0
1753067832906031532,0,0.0
1753067832908121749,1,0.0
1753067832910098937,1,0.0
1753067832912058979,0,0.0
1753067832914013510,0,0.0
1753067832916021447,0,0.0
1753067832918116863,0,0.0
1753067832920072835,0,0.0
1753067832922050212,0,0.0
1753067832924015401,0,0.0
1753067832926019697,0,0.0
1753067832927976738,0,0.0
1753067832930043083,0,0.0
1753067832932016873,0,0.0
1753067832934042287,1,0.0
1753067832936043291,0,0.0
1753067832938074141,0,0.0
1753067832940123963,0,0.0
1753067832942035117,0,0.0
1753067832943968631,0,0.0
1753067832945968651,0,0.0
1753067832948078554,0,0.0
1753067832950051125,0,0.0
1753067832951968899,0,0.0
1753067832953935667,0,0.0
1753067832955970620,0,0.0
1753067832957981945,0,0.0
1753067832959917161,1,0.0
1753067832961876773,0,0.0
1753067832963957172,0,0.0
1753067832965888641,0,0.0
1753067832967878611,0,0.0
1753067832969894692,1,0.0
1753067832971895506,1,0.0
1753067832973913661,0,0.0
1753067832975921561,0,0.0
1753067832977947712,0,0.0
1753067832979890596,0,0.0
1753067832981913961,0,0.0
1753067832983813324,0,0.0
1753067832985807791,0,0.0
1753067832987875090,0,0.0
1753067832989852415,0,0.0
1753067832991910625,0,0.0
1753067832993901529,0,0.0
1753067832995904674,0,0.0
1753067832997877918,0,0.0
1753067832999861177,0,0.0
1753067833001858763,0,0.0
1753067833003889003,0,0.0
1753067833005934949,0,0.0
1753067833007928834,0,0.0
1753067833009910851,0,0.0
1753067833011938154,0,0.0
1753067833013921472,0,0.0
1753067833015921778,0,0.0
1753067833017871383,0,0.0
1753067833019898349,1,0.0
1753067833021912628,0,0.0
1753067833023947358,1,0.0
1753067833026028030,0,0.0
1753067833028027733,0,0.0
1753067833029911708,0,0.0
1753067833032005054,0,0.0
1753067833033890998,1,0.0
1753067833035908435,0,0.0
1753067833037901805,0,0.0
1753067833039848635,0,0.0
1753067833041901019,0,0.0
1753067833043882322,0,0.0
1753067833045867285,0,0.0
1753067833047869250,0,0.0
1753067833049861530,0,0.0
1753067833051941027,0,0.0
1753067833053843106,0,0.0
1753067833055795870,0,0.0
1753067833057748469,0,0.0
1753067833059775670,0,0.0
1753067833061843033,0,0.0
1753067833063808517,0,0.0
1753067833065779946,0,0.0
1753067833067788717,0,0.0
1753067833069781648,0,0.0
1753067833071748877,0,0.0
1753067833073862531,0,0.0
1753067833075874095,0,0.0
1753067833078004585,0,0.0
1753067833079830792,0,0.0
1753067833081824641,0,0.0
1753067833083750190,0,0.0
1753067833085782004,0,0.0
1753067833087797789,0,0.0
1753067833089738866,0,0.0
1753067833091820151,0,0.0
1753067833093750483,0,0.0
1753067833095788235,0,0.0
1753067833097849112,1,0.0
1753067833099757253,1,0.0
1753067833101749221,0,0.0
1753067833104715724,0,0.0
1753067833106720742,0,0.0
1753067833108705436,0,0.0
1753067833110732233,0,0.0
1753067833112726992,0,0.0
1753067833114732848,0,0.0
1753067833116674653,0,0.0
1753067833118720160,0,0.0
1753067833120655466,0,0.0
1753067833122704145,0,0.0
1753067833124709718,0,0.0
1753067833126744377,0,0.0
1753067833128706308,0,0.0
1753067833130706619,0,0.0
1753067833132775467,0,0.0
1753067833134706269,0,0.0
1753067833136738585,0,0.0
1753067833138784974,0,0.0
1753067833140754642,0,0.0
1753067833142730475,0,0.0
1753067833144752971,0,0.0
1753067833146738380,0,0.0
1753067833148701692,0,0.0
1753067833150724597,0,0.0
1753067833152649685,0,0.0
1753067833154678424,0,0.0
1753067833156691981,0,0.0
1753067833158734078,0,0.0
1753067833160730253,0,0.0
1753067833162726345,0,0.0
1753067833164705073,0,0.0
1753067833166734935,0,0.0
1753067833168698586,0,0.0
1753067833170669567,0,0.0
1753067833172607718,1,0.0
1753067833174582071,0,0.0
1753067833176577233,0,0.0
1753067833178608799,0,0.0
1753067833180596289,0,0.0
1753067833182627926,0,0.0
1753067833184614832,1,0.0
1753067833186612778,0,0.0
1753067833188665700,0,0.0
1753067833190632664,0,0.0
1753067833192584330,0,0.0
1753067833194653107,0,0.0
1753067833196670672,0,0.0
1753067833198695577,1,0.0
1753067833200610502,0,0.0
1753067833202593517,0,0.0
1753067833204664770,0,0.0
1753067833206623247,0,0.0
1753067833208616852,0,0.0
1753067833210610697,0,0.0
1753067833212562028,0,0.0
1753067833214583914,0,0.0
1753067833216605460,1,0.0
1753067833218594337,0,0.0
1753067833220604691,0,0.0
1753067833222616959,0,0.0
1753067833224577712,0,0.0
1753067833226516456,0,0.0
1753067833228562354,0,0.0
1753067833230563742,0,0.0
1753067833232503258,0,0.0
1753067833234490829,0,0.0
1753067833236488813,0,0.0
1753067833238511964,0,0.0
1753067833240484100,0,0.0
1753067833242535039,0,0.0
1753067833244451151,0,0.0
1753067833246482709,0,0.0
1753067833248547269,0,0.0
1753067833250478742,0,0.0
1753067833252486791,1,0.0
1753067833254425021,1,0.0
1753067833256468530,1,0.0
1753067833258476279,0,0.0
1753067833260518179,0,0.0
1753067833262423193,0,0.0
1753067833264455561,0,0.0
1753067833266450732,0,0.0
1753067833268448802,0,0.0
1753067833270460411,0,0.0
1753067833272412168,1,0.0
1753067833274365572,0,0.0
1753067833276444353,1,0.0
1753067833278417943,0,0.0
1753067833280438251,0,0.0
1753067833282430761,0,0.0
1753067833284420100,0,0.0
1753067833286333783,1,0.0
1753067833288331374,0,0.0
1753067833290323667,0,0.0
1753067833292356549,0,0.0
1753067833294355392,0,0.0
1753067833296403702,0,0.0
1753067833298344715,0,0.0
1753067833300399959,0,0.0
1753067833302385805,0,0.0
1753067833304392285,0,0.0
1753067833306385400,0,0.0
1753067833308347416,0,0.0
1753067833310331807,0,0.0
1753067833312333708,0,0.0
1753067833314273614,0,0.0
1753067833316410865,0,0.0
1753067833318254095,0,0.0
1753067833320368337,0,0.0
1753067833322269484,0,0.0
1753067833324293960,0,0.0
1753067833326235884,0,0.0
1753067833328244713,0,0.0
1753067833330269166,0,0.0
1753067833332291553,0,0.0
1753067833334238609,0,0.0
1753067833336296072,0,1.9049509041513992
1753067833338237054,0,1.9049509041513992
1753067833340245541,0,0.0
1753067833342222147,0,0.0
1753067833344242914,0,0.0
1753067833346217280,0,0.0
1753067833348200346,0,0.0
1753067833350289582,0,0.0
1753067833352240200,1,0.0
1753067833354210676,0,0.0
1753067833356299518,0,0.0
1753067833358236108,0,0.0
1753067833360194418,0,0.0
1753067833362199763,0,0.0
1753067833364245293,0,0.0
1753067833366173090,1,0.0
1753067833368201771,0,0.0
1753067833370205176,0,0.0
1753067833372196806,1,0.0
1753067833374257435,0,0.0
1753067833376241082,0,0.0
1753067833378205705,0,0.0
1753067833380194011,0,0.0
1753067833382241338,0,0.0
1753067833384231580,0,0.0
1753067833386219829,0,0.0
1753067833388253586,0,0.0
1753067833390196954,0,0.0
1753067833392253271,0,0.0
1753067833394215062,0,0.0
1753067833396142637,0,0.0
1753067833398188418,0,0.0
1753067833400200528,0,0.0
1753067833402201608,0,0.0
1753067833404207542,0,0.0
1753067833406258645,0,0.0
1753067833408199313,0,0.0
1753067833410228423,1,0.0
1753067833412221879,0,0.0
1753067833414173999,1,0.0
1753067833416148993,1,0.0
1753067833418128568,0,0.0
1753067833420189261,0,0.0
1753067833422144812,0,0.0
1753067833424105320,0,0.0
1753067833426165947,0,0.0
1753067833428107683,1,0.0
1753067833430153314,1,0.0
1753067833432123671,0,0.0
1753067833434118365,0,0.0
1753067833436100533,0,0.0
1753067833438175068,0,0.0
1753067833440062862,0,0.0
1753067833442127202,1,0.0
1753067833444067919,1,0.0
1753067833446230283,1,0.0
1753067833448102511,0,0.0
1753067833450110680,0,0.0
1753067833452097137,0,0.0
1753067833454125097,1,0.0
1753067833456142765,0,0.0
1753067833458176199,0,0.0
1753067833460101482,0,0.0
1753067833462088494,0,0.0
1753067833464041566,0,0.0
1753067833466054961,0,0.0
1753067833468042699,0,0.0
1753067833470087912,0,0.0
1753067833472056837,0,0.0
1753067833474110105,0,0.0
1753067833476036128,0,0.0
1753067833478054199,0,0.0
1753067833480050640,0,0.0
1753067833482100437,0,0.0
1753067833484122648,0,0.0
1753067833486096450,1,0.0
1753067833488054429,0,0.0
1753067833490037578,0,0.0
1753067833492024527,0,0.0
1753067833494011094,0,0.0
1753067833496094671,0,0.36887516223345906
1753067833498049807,0,5.867568748841556
1753067833500076139,1,0.0
1753067833502106079,0,0.0
1753067833504095799,0,0.0
1753067833506067550,0,0.0
1753067833508120173,0,0.0
1753067833510094002,1,0.0
1753067833512024514,0,0.0
1753067833513903523,0,0.0
1753067833515994058,0,0.0
1753067833517970780,0,0.0
1753067833520032257,0,0.0
1753067833521889264,1,0.0
1753067833524019356,1,0.0
1753067833525906164,0,0.0
1753067833527982087,1,0.0
1753067833529855589,0,0.0
1753067833531923136,0,0.0
1753067833533890571,0,0.0
1753067833535950687,0,0.0
1753067833537919132,0,0.0
1753067833539944120,0,0.0
1753067833541940612,0,0.0
1753067833544018653,0,0.0
1753067833545965307,0,0.0
1753067833548011470,0,0.0
1753067833549940645,0,0.0
1753067833552016016,1,0.0
1753067833553937948,0,0.0
1753067833555922006,0,0.0
1753067833557940898,0,0.0
1753067833559911559,0,0.0
1753067833561874913,0,0.0
1753067833563865594,0,0.0
1753067833565896375,0,0.0
1753067833567868302,0,0.0
1753067833569888841,0,0.0
1753067833571884482,0,0.0
1753067833573879186,1,0.0
1753067833575835654,0,0.0
1753067833577832299,0,0.0
1753067833579836687,0,0.0
1753067833581870003,0,0.0
1753067833583927730,0,0.0
1753067833586020365,0,0.0
1753067833587894415,1,0.0
1753067833589913258,0,0.0
1753067833591854428,0,0.0
1753067833593825811,0,0.0
1753067833595807590,0,0.0
1753067833597840992,0,0.0
1753067833599805304,0,0.0
1753067833601850077,0,0.0
1753067833603781460,0,0.0
1753067833605880590,0,0.0
1753067833607852044,0,0.0
1753067833609845180,0,0.0
1753067833611847903,0,0.0
1753067833613953817,0,0.0
1753067833615854857,0,0.0
1753067833617922475,0,0.0
1753067833619876661,0,0.0
1753067833621864648,0,0.0
1753067833623997386,0,0.0
1753067833625854441,0,0.0
1753067833627852215,0,0.0
1753067833629814018,0,0.0
1753067833631829909,0,0.0
1753067833633833570,0,0.0
1753067833635816021,0,0.0
1753067833637820405,0,0.0
1753067833639832801,0,0.0
1753067833641773311,0,0.0
1753067833643818283,0,0.0
1753067833645837059,1,0.0
1753067833647836079,0,0.0
1753067833649867771,0,0.0
1753067833651824558,0,0.0
1753067833653796852,0,0.0
1753067833655817199,0,0.0
1753067833657844313,0,0.0
1753067833659882922,1,0.0
1753067833661859179,0,0.0
1753067833663972541,0,0.0
1753067833665846398,0,0.0
1753067833667949147,0,0.0
1753067833669815352,1,0.0
1753067833671943471,0,0.0
1753067833673780044,0,0.4166512636284803
1753067833675854616,0,0.0871444507907429
1753067833677790155,0,0.0
1753067833679918874,1,0.0
1753067833681844543,0,0.0
1753067833683828560,0,0.0
1753067833685809574,0,0.0
1753067833687758091,1,0.0
1753067833689786886,0,0.0
1753067833691761902,0,0.0
1753067833693705203,0,0.0
1753067833695703892,0,0.0
1753067833697747431,1,0.0
1753067833699722016,0,0.0
1753067833701695474,0,0.0
1753067833703732568,0,0.0
1753067833705734475,0,0.0
1753067833707726325,0,0.0
1753067833709753670,0,0.0
1753067833711758413,0,0.0
1753067833713769102,0,0.0
1753067833715690063,1,0.0
1753067833717770487,1,0.0
1753067833719712311,0,0.0
1753067833721742276,1,0.0
1753067833723675354,0,0.0
1753067833725651098,0,0.0
1753067833727695758,0,0.0
1753067833729654165,0,0.0
1753067833731710960,0,0.0
1753067833733685469,0,0.0
1753067833735649595,0,0.0
1753067833737646682,0,0.0
1753067833739639625,1,0.0
1753067833741599747,0,0.0
1753067833743600523,0,0.0
1753067833745585444,0,0.0
1753067833747565741,0,0.0
1753067833749673605,0,0.0
1753067833751616776,0,0.0
1753067833753611721,0,0.0
1753067833755682447,0,0.0
1753067833757660509,0,0.0
1753067833759599918,0,0.0
1753067833761596321,0,0.0
1753067833763620147,0,0.0
1753067833765507077,0,0.0
1753067833767548485,0,0.0
1753067833769549532,0,0.0
1753067833771575888,0,0.0
1753067833773528739,0,0.0
1753067833775601332,0,0.0
1753067833777489999,0,0.0
1753067833779538332,0,0.0
1753067833781545394,0,0.0
1753067833783555442,0,0.0
1753067833785513810,0,0.0
1753067833787563403,0,0.0
1753067833789502193,0,0.0
1753067833791464335,0,0.0
1753067833793475500,0,0.0
1753067833795471763,0,0.0
1753067833797446956,0,0.0
1753067833799437735,0,0.0
1753067833801384225,0,0.0
1753067833803434900,0,0.0
1753067833805457335,0,0.0
1753067833807488606,0,0.0
1753067833809500503,1,0.0
1753067833811598302,1,0.0
1753067833813472490,0,0.0
1753067833815520517,0,0.0
1753067833817461061,0,0.0
1753067833819443451,0,0.0
1753067833821421801,0,0.0
1753067833823396415,0,0.0
1753067833825417127,0,0.0
1753067833827402560,0,0.0
1753067833829411091,0,0.0
1753067833831336104,0,0.0
1753067833833319906,0,0.0
1753067833835314597,0,0.0
1753067833837276152,0,0.0
1753067833839316724,0,0.0
1753067833841280442,0,0.0
1753067833843266521,0,0.0
1753067833845337569,0,0.0
1753067833847258351,0,0.0
1753067833849348249,0,0.0
1753067833851307752,0,0.0
1753067833853320582,0,0.0
1753067833855316940,1,0.0
1753067833857277034,0,0.0
1753067833859284815,0,0.0
1753067833861329337,0,0.0
1753067833863302414,0,0.0
1753067833865285269,0,0.0
1753067833867274182,0,0.0
1753067833869288805,0,0.0
1753067833871340152,0,0.0
1753067833873355893,0,0.0
1753067833875380378,0,0.0
1753067833877334810,0,0.0
1753067833879387263,0,0.0
1753067833881354415,0,0.0
1753067833883274851,0,0.0
1753067833885305078,0,1.3978031736893277
1753067833887209830,0,2.227905363064849
1753067833889180426,0,0.0
1753067833891301521,0,0.0
1753067833893312420,0,0.0
1753067833895313885,0,0.0
1753067833897252316,0,0.0
1753067833899256922,0,0.0
1753067833901230462,0,0.0
1753067833903235075,0,0.0
1753067833905225376,1,0.0
1753067833907273589,0,0.0
1753067833909276391,0,0.0
1753067833911175363,0,0.0
1753067833913157285,0,0.11969984174460913
1753067833915156894,0,0.11969984174460913
1753067833917173780,0,0.0
1753067833919196322,0,0.0
1753067833921221182,0,0.0
1753067833923226073,0,0.0
1753067833925191740,0,0.0
1753067833927198159,0,0.0
1753067833929154156,1,0.0
1753067833931160546,0,0.0
1753067833933198367,0,0.0
1753067833935201494,0,0.0
1753067833937285049,0,0.0
1753067833939283506,0,0.0
1753067833941267599,0,0.0
1753067833943244959,0,0.0
1753067833945241975,1,0.0
1753067833947270413,0,0.0
1753067833949189234,0,0.0
1753067833951225658,0,0.0
1753067833953208043,0,0.0
1753067833955320652,0,0.0
1753067833957234340,0,0.0
1753067833959307542,0,0.0
1753067833961259875,1,0.0
1753067833963247225,0,0.0
1753067833965206078,0,0.0
1753067833967255115,0,0.0
1753067833969111820,0,0.0
1753067833971062984,0,0.0
1753067833973114441,0,0.0
1753067833975120483,0,0.0
1753067833977160425,0,0.0
1753067833979130591,0,0.0
1753067833981124174,0,0.0
1753067833983082324,0,0.0
1753067833985082333,0,0.0
1753067833987032332,0,0.0
1753067833989082273,0,0.0
1753067833991098945,0,0.0
1753067833993087781,0,0.0
1753067833995097984,0,0.0
1753067833997110714,0,0.0
1753067833999084498,0,0.0
1753067834001061895,0,0.0
1753067834003157286,1,0.0
1753067834005098726,1,0.0
1753067834007038451,1,0.0
1753067834009046469,0,0.0
1753067834011109245,0,0.0
1753067834013132154,0,0.0
1753067834015186678,0,0.0
1753067834017223743,0,0.0
1753067834019081414,0,0.0
1753067834021088755,0,0.0
1753067834023128237,0,0.0
1753067834025070231,0,0.0
1753067834027126122,0,0.0
1753067834029098435,1,0.0
1753067834031037881,0,0.0
1753067834033075977,0,0.0
1753067834035075469,0,0.0
1753067834037046421,0,0.0
1753067834039045172,0,0.0
1753067834041042077,0,0.0
1753067834043003856,0,0.0
1753067834044962012,0,0.0
1753067834046976559,0,0.0
1753067834048993978,0,0.0
1753067834051078555,0,0.0
1753067834053102622,0,0.0
1753067834055085782,0,0.0
1753067834057028673,1,0.0
1753067834058964177,0,0.0
1753067834061093217,0,0.0
1753067834063038122,0,0.0
1753067834064948191,0,0.5078323681521998
1753067834067032640,0,0.6578567635304716
1753067834068955397,0,0.14011460087042982
1753067834070942570,1,0.0
1753067834072951980,0,0.0
1753067834074939485,0,0.0
1753067834076962269,1,0.0
1753067834078917393,0,0.0
1753067834080968699,0,0.0
1753067834082985934,1,0.0
1753067834084965098,0,0.0
1753067834086996007,0,0.0
1753067834088979271,1,0.0
1753067834090949216,0,0.0
1753067834092936534,0,0.0
1753067834094920674,1,0.0
1753067834096908230,1,0.0
1753067834098999347,0,0.0
1753067834100935490,0,0.0
1753067834102876035,0,0.0
1753067834104890826,0,0.0
1753067834106951042,0,0.0
1753067834108858353,0,0.0
1753067834110876171,0,0.0
1753067834112882715,0,0.0
1753067834114892786,0,0.0
1753067834116865666,0,0.0
1753067834118883148,1,0.0
1753067834120906555,0,0.0
1753067834122871292,0,0.0
1753067834124810071,0,0.0
1753067834126900277,0,0.0
1753067834128844411,0,0.0
1753067834130864663,0,0.0
1753067834132831818,0,0.0
1753067834134851507,1,0.0
1753067834136864833,0,0.0
1753067834138821419,1,0.0
1753067834140821631,0,0.0
1753067834142893426,0,0.0
1753067834144807217,1,0.0
1753067834146813927,0,0.0
1753067834148868395,0,0.0
1753067834150781137,0,0.0
1753067834152850720,0,0.0
1753067834154826493,0,0.0
1753067834156847511,0,0.0
1753067834158822192,0,0.0
1753067834160791838,1,0.0
1753067834162770115,0,0.0
1753067834164714857,0,0.0
1753067834166756361,0,0.0
1753067834168711385,0,0.0
1753067834170780234,0,0.0
1753067834172727052,0,0.0
1753067834174765002,1,0.0
1753067834176719207,0,0.0
1753067834178726963,0,0.0
1753067834180732499,0,0.0
1753067834182724988,0,0.0
1753067834184702967,0,0.0
1753067834186715535,0,0.0
1753067834188712685,0,0.0
1753067834190666506,0,0.0
1753067834192764157,1,0.0
1753067834194675448,0,0.0
1753067834196664483,0,0.0
1753067834198695891,0,0.0
1753067834200757527,0,0.0
1753067834202716464,0,0.0
1753067834204742560,0,1.209190922048577
1753067834206734622,0,1.209190922048577
1753067834208677740,0,0.0
1753067834210670864,0,0.0
1753067834212695848,1,0.0
1753067834214660742,0,0.0
1753067834216665147,0,0.0
1753067834218679159,0,0.0
1753067834220730463,0,0.0
1753067834222675359,0,0.0
1753067834224666165,1,0.0
1753067834226719141,0,0.0
1753067834228655227,1,0.0
1753067834230599574,1,0.0
1753067834232638660,0,0.0
1753067834234634709,0,0.0
1753067834236655955,0,0.0
1753067834238715545,0,0.0
1753067834240589808,1,0.0
1753067834242620149,0,0.0
1753067834244573654,1,0.0
1753067834246649307,1,0.0
1753067834248654004,0,0.0
1753067834250643451,0,0.0
1753067834252634835,0,0.0
1753067834254682336,0,0.0
1753067834256758802,0,0.0
1753067834258738833,0,0.0
1753067834260684159,0,0.0
1753067834262697076,0,0.0
1753067834264623224,0,0.0
1753067834266594566,0,0.0
1753067834268609061,0,0.0
1753067834270602036,0,0.0
1753067834272577525,0,0.0
1753067834274635664,0,0.0
1753067834276592810,0,0.0
1753067834278616549,0,0.0
1753067834280590821,0,0.0
1753067834282615416,0,0.0
1753067834284619466,0,0.0
1753067834286660087,1,0.0
1753067834288732454,0,0.0
1753067834290699616,0,0.0
1753067834292653605,0,0.0
1753067834294621551,0,0.0
1753067834296621020,1,0.0
1753067834298577941,0,0.0
1753067834300555721,1,0.0
1753067834302714076,1,0.0
1753067834304668379,0,0.0
1753067834306659894,0,0.0
1753067834308599980,0,0.0
1753067834310726056,0,0.0
1753067834312625300,0,0.0
1753067834314583408,0,0.0
1753067834316586334,0,0.0
1753067834318657801,1,0.0
1753067834320501072,0,0.0
1753067834322478172,0,0.0
1753067834324465167,0,0.0
1753067834326494094,0,0.0
1753067834328536698,0,0.0
1753067834330463447,0,0.0
1753067834332471954,0,0.0
1753067834334488919,0,0.0
1753067834336475426,0,0.0
1753067834338464834,1,0.0
1753067834340441300,1,0.0
1753067834342460884,0,0.0
1753067834344418994,0,0.0
1753067834346430611,0,0.0
1753067834348404216,0,0.0
1753067834350465768,1,0.0
1753067834352414740,0,0.0
1753067834354458065,0,0.0
1753067834356527361,0,0.0
1753067834358479926,0,0.0
1753067834360445426,1,0.0
1753067834362472127,0,0.0
1753067834364423253,0,0.0
1753067834366374419,0,0.0
1753067834368370003,0,0.0
1753067834370382591,1,0.0
1753067834372466969,1,0.0
1753067834374405171,0,0.0
1753067834376336597,1,0.0
1753067834378303829,0,0.0
1753067834380411607,0,3.3056111344086
1753067834382415653,0,4.119275273772197
1753067834384423412,0,0.0
1753067834386351215,1,0.0
1753067834388324971,0,0.0
1753067834390391940,0,0.0
1753067834392389202,1,0.0
1753067834394380798,0,0.0
1753067834396317713,0,0.0
1753067834398337838,0,0.0
1753067834400325549,0,0.0
1753067834402294579,0,0.0
1753067834404307670,0,0.0
1753067834406330656,1,0.0
1753067834408294462,0,0.0
1753067834410282913,0,0.0
1753067834412339740,0,0.0
1753067834414299000,0,0.0
1753067834416276254,0,0.0
1753067834418319076,0,0.0
1753067834420236165,1,0.0
1753067834422194777,1,0.0
1753067834424269466,1,0.0
1753067834426297968,0,0.0
1753067834428261674,0,0.0
1753067834430269926,0,0.0
1753067834432336190,0,0.0
1753067834434269963,0,0.0
1753067834436273835,0,0.0
1753067834438209771,0,0.0
1753067834440180315,0,0.0
1753067834442219770,0,0.0
1753067834444226980,0,0.0
1753067834446302022,0,0.0
1753067834448241260,0,0.0
1753067834450237417,1,0.0
1753067834452222090,0,0.0
1753067834454245372,0,0.0
1753067834456172106,1,0.0
1753067834458200544,0,0.0
1753067834460180500,0,0.0
1753067834462189744,0,0.0
1753067834464185997,0,0.0
1753067834466166798,0,0.0
1753067834468221472,0,0.0
1753067834470183572,0,0.0
1753067834472153419,0,0.0
1753067834474143675,0,0.0
1753067834476101632,1,0.0
1753067834478172362,1,0.0
1753067834480135686,0,0.0
1753067834482198465,1,0.0
1753067834484156340,0,0.0
1753067834486131946,0,0.0
1753067834488132431,0,0.0
1753067834490128480,0,0.0
1753067834492228584,0,0.0
1753067834494132217,0,0.0
1753067834496141158,0,0.0
1753067834498130106,0,0.0
1753067834500093655,0,0.0
1753067834502127064,0,0.0
1753067834504149697,0,0.0
1753067834506121215,0,0.0
1753067834508256616,0,0.0
1753067834510224767,0,0.0
1753067834512216272,0,0.0
1753067834514253058,0,0.0
1753067834516321270,0,0.0
1753067834518195433,1,0.0
1753067834520202531,0,0.0
1753067834522183575,0,0.0
1753067834524217163,0,0.0
1753067834526119658,0,0.0
1753067834528123601,0,0.0
1753067834530151212,1,0.0
1753067834532255154,0,0.0
1753067834534146746,0,0.0
1753067834536240076,0,2.6801757927717316
1753067834538211446,0,8.154809568750501
1753067834540137097,0,5.948933031294043
1753067834542163670,1,0.0
1753067834544094417,1,0.0
1753067834546099621,0,0.0
1753067834548246752,0,0.0
1753067834550149913,0,0.0
1753067834552154106,0,0.0
1753067834554096700,0,0.0
1753067834556086353,0,0.0
1753067834558039653,0,0.0
1753067834560038290,0,0.0
1753067834562138403,0,0.0
1753067834564044240,0,0.0
1753067834566092867,0,0.0
1753067834568016621,0,0.0
1753067834570067664,0,0.0
1753067834571998161,0,0.0
1753067834574009614,0,0.0
1753067834575988489,0,0.0
1753067834578063639,0,0.0
1753067834580042916,0,0.0
1753067834582021870,0,0.0
1753067834584073281,0,0.0
1753067834586044098,0,0.0
1753067834587992541,0,0.0
1753067834589973140,0,0.0
1753067834591988374,0,0.0
1753067834593981184,0,0.0
1753067834595956184,0,0.0
1753067834597962414,0,0.0
1753067834600017733,0,0.0
1753067834602007131,0,0.0
1753067834603931513,0,0.0
1753067834605943064,0,0.0
1753067834607994369,0,0.0
1753067834610057937,0,0.0
1753067834611949050,0,0.0
1753067834613919196,0,0.0
1753067834615936105,0,0.0
1753067834618021709,0,0.0
1753067834619934955,0,0.0
1753067834622083134,0,0.0
1753067834623955723,0,0.0
1753067834625964465,0,0.0
1753067834627912994,0,0.0
1753067834629922655,0,0.0
1753067834631871864,0,0.0
1753067834633912243,0,0.0
1753067834635881596,0,0.0
1753067834637900667,0,0.0
1753067834639912196,0,0.0
1753067834641917869,1,0.0
1753067834643915052,0,0.0
1753067834645949299,0,0.0
1753067834647858751,0,0.0
1753067834649836172,0,0.0
1753067834651799436,0,0.0
1753067834653850142,0,0.0
1753067834655835675,0,0.0
1753067834657876974,0,0.0
1753067834659858809,0,0.0
1753067834661867367,0,0.0
1753067834663875394,1,0.0
1753067834665872267,1,0.0
1753067834667878691,0,0.0
1753067834669882025,1,0.0
1753067834671855744,0,0.0
1753067834673811930,0,0.0
1753067834675774475,0,0.0
1753067834677827330,0,0.0
1753067834679834637,0,0.0
1753067834681830167,0,0.0
1753067834683868330,0,0.8395091364115581
1753067834685801720,0,0.8395091364115581
1753067834687891209,0,0.0
1753067834689849326,0,0.0
1753067834691826510,0,0.0
1753067834693838790,0,0.0
1753067834695925962,0,0.0
1753067834697837398,0,0.0
1753067834699784751,0,0.0
1753067834701808501,0,0.0
1753067834703782189,0,0.0
1753067834705792524,0,0.0
1753067834707797017,0,0.0
1753067834709840288,0,0.0
1753067834711909795,0,0.0
1753067834713799627,0,0.0
1753067834716734082,1,0.0
1753067834718799451,0,0.0
1753067834720784646,0,0.0
1753067834722727189,0,0.0
1753067834724784629,0,0.0
1753067834726779788,0,0.0
1753067834728812697,0,0.0
1753067834730817960,0,0.0
1753067834732799806,0,0.0
1753067834734722996,0,0.0
1753067834736712493,1,0.0
1753067834738812592,0,0.0
1753067834740708219,0,0.0
1753067834742845840,0,0.0
1753067834744712717,0,0.0
1753067834746665695,1,0.0
1753067834748620488,0,0.0
1753067834750686446,0,0.0
1753067834752597521,0,0.0
1753067834754789946,0,0.0
1753067834756661484,0,0.0
1753067834758682003,1,0.0
1753067834760697426,1,0.0
1753067834762719068,0,0.0
1753067834764644716,1,0.0
1753067834766692802,0,0.0
1753067834768686240,0,0.0
1753067834770749430,0,0.0
1753067834772698999,1,0.0
1753067834774698135,1,0.0
1753067834776684151,1,0.0
1753067834778699596,0,0.0
1753067834780716572,0,0.0
1753067834782684118,0,0.0
1753067834784643287,0,0.0
1753067834786611595,0,0.0
1753067834788590789,1,0.0
1753067834790601861,0,0.0
1753067834792578860,0,0.0
1753067834794585048,0,0.0
1753067834796617472,1,0.0
1753067834798623460,0,0.0
1753067834800636576,0,0.0
1753067834802592205,0,0.0
1753067834804613126,0,0.0
1753067834806610369,1,0.0
1753067834808627441,0,0.0
1753067834810593025,0,0.0
1753067834812602093,0,0.0
1753067834814511979,0,0.0
1753067834816651082,0,0.0
1753067834818598436,0,0.0
1753067834820653018,1,0.0
1753067834822579754,1,0.0
1753067834824574357,0,0.0
1753067834826577151,1,0.0
1753067834828586019,0,0.0
1753067834830549880,0,0.0
1753067834832493890,0,0.0
1753067834834523137,0,0.0
1753067834836570699,0,0.0
1753067834838555521,0,0.0
1753067834840524849,0,0.0
1753067834842598759,0,0.0
1753067834844552853,0,0.0
1753067834846593336,0,0.0
1753067834848615258,0,0.0
1753067834850621889,1,0.0
1753067834852512895,0,0.0
1753067834854548093,0,0.0
1753067834856519064,0,0.0
1753067834858549709,0,0.0
1753067834860552754,0,0.0
1753067834862498986,0,0.0
1753067834864591152,0,0.0
1753067834866534193,0,0.0
1753067834868531943,0,0.0
1753067834870604739,0,0.0
1753067834872493411,1,0.0
1753067834874492933,0,0.0
1753067834876423475,1,0.0
1753067834878442001,0,0.0
1753067834880433606,0,0.0
1753067834882403779,0,0.0
1753067834884431963,0,0.0
1753067834886410105,0,0.0
1753067834888420739,0,0.0
1753067834890421314,0,0.0
1753067834892489786,0,0.0
1753067834894447106,0,0.0
1753067834896451784,0,0.0
1753067834898475816,0,0.0
1753067834900405330,0,0.0
1753067834902408069,0,0.0
1753067834904472898,0,0.0
1753067834906478584,0,0.0
1753067834908493640,0,0.0
1753067834910441171,0,0.0
1753067834912405969,0,0.0
1753067834914430826,1,0.0
1753067834916377672,0,0.0
1753067834918435480,0,0.0
1753067834920437665,0,0.0
1753067834922307208,0,0.0
1753067834924303500,0,0.0
1753067834926337736,0,0.0
1753067834928327120,0,0.0
1753067834930376855,0,0.0
1753067834932383581,0,0.0
1753067834934362571,0,0.0
1753067834936362169,0,0.0
1753067834938315903,0,0.0
1753067834940359801,0,0.0
1753067834942376850,0,0.0
1753067834944394988,0,0.0
1753067834946353928,0,0.0
1753067834948345529,0,0.0
1753067834950299979,0,0.0
1753067834952278130,0,0.0
1753067834954342566,1,0.0
1753067834956275625,0,0.0
1753067834958240132,0,0.0
1753067834960269316,0,0.0
1753067834962277012,0,0.0
1753067834964252952,1,0.0
1753067834966223957,0,0.0
1753067834968259399,0,0.0
1753067834970236385,0,0.0
1753067834972251653,0,0.0
1753067834974236127,1,0.0
1753067834976228495,0,0.0
1753067834978232945,0,0.0
1753067834980261676,0,0.0
1753067834982253889,1,0.0
1753067834984252070,0,0.0
1753067834986223273,0,0.0
1753067834988201430,0,0.0
1753067834990163550,0,0.0
1753067834992157348,0,0.0
1753067834994098920,0,0.0
1753067834996168841,0,0.0
1753067834998146480,1,0.0
1753067835000114995,0,0.0
1753067835002099645,0,0.0
1753067835004093889,0,0.0
1753067835006088568,0,0.0
1753067835008104244,0,0.0
1753067835010102262,0,0.0
1753067835012085361,0,0.0
1753067835014096690,0,0.0
1753067835016091113,0,0.0
1753067835018092973,0,0.0
1753067835020142261,0,0.0
1753067835022122221,0,0.0
1753067835024224536,0,0.0
1753067835026183739,0,0.0
1753067835028228509,0,0.0
1753067835030227670,0,0.0
1753067835032250262,0,0.0
1753067835034255318,0,0.0
1753067835036278614,0,0.0
1753067835038123981,0,0.0
1753067835040186881,0,0.0
1753067835042136201,0,0.0
1753067835044146737,0,0.0
1753067835046442768,0,0.0
1753067835048179331,0,0.0
1753067835050230992,0,0.0
1753067835052106736,1,0.0
1753067835054153077,0,0.0
1753067835056098134,0,0.0
1753067835058141209,0,0.0
1753067835060101840,0,0.0
1753067835062086779,0,0.0
1753067835064068159,0,0.0
1753067835066093592,1,0.0
1753067835068111407,0,0.0
1753067835070059590,0,0.0
1753067835072042539,1,0.0
1753067835074067905,0,0.0
1753067835076033107,0,0.0
1753067835078146967,0,0.0
1753067835079974238,0,0.0
1753067835082118393,0,0.0
1753067835084051123,0,0.0
1753067835086104148,0,0.0
1753067835088057082,0,0.0
1753067835090067211,0,0.0
1753067835092046369,0,0.0
1753067835094061263,0,0.0
1753067835096072829,1,0.0
1753067835098044843,0,0.0
1753067835099998255,0,0.0
1753067835102017804,1,0.0
1753067835103996638,0,0.0
1753067835105946973,0,0.0
1753067835107997274,0,0.0
1753067835110026283,0,0.0
1753067835112012416,1,0.0
1753067835114039632,0,0.0
1753067835116010058,0,0.0
1753067835118082024,0,0.0
1753067835120012446,0,0.0
1753067835122188513,0,0.0
1753067835124009111,0,0.0
1753067835126093344,0,0.0
1753067835128051238,0,0.0
1753067835130078578,0,0.0
1753067835131999205,0,0.0
1753067835134027874,0,0.0
1753067835136011903,0,0.0
1753067835138035351,0,0.0
1753067835139967881,0,0.0
1753067835141973898,0,0.0
1753067835143922891,0,0.0
1753067835145912970,0,0.0
1753067835147914474,0,0.0
1753067835149945165,0,0.0
1753067835152036871,0,0.0
1753067835153972077,0,0.0
1753067835156027014,0,0.0
1753067835157963507,0,0.0
1753067835159940108,1,0.0
1753067835161924962,0,0.0
1753067835163921704,0,0.0
1753067835165901647,0,0.0
1753067835167911849,0,0.0
1753067835169980675,0,0.0
1753067835171941244,1,0.0
1753067835173912449,1,0.0
1753067835175899475,0,0.0
1753067835177884638,0,0.0
1753067835179927564,0,0.0
1753067835181854429,0,0.0
1753067835183853005,1,0.0
1753067835185881912,1,0.0
1753067835187992996,1,0.0
1753067835189947636,0,0.0
1753067835191852738,0,0.0
1753067835193836239,0,0.0
1753067835195896112,0,0.0
1753067835197923586,0,0.0
1753067835199905037,1,0.0
1753067835201849404,1,0.0
1753067835203927866,1,0.0
1753067835205878962,0,0.0
1753067835207952061,0,0.0
1753067835209944869,1,0.0
1753067835212019925,0,0.0
1753067835213974540,0,0.0
1753067835215967521,0,0.0
1753067835217909955,0,0.0
1753067835219993232,0,0.0
1753067835221812780,0,0.0
1753067835223877321,0,0.0
1753067835225817072,0,0.0
1753067835227776397,0,0.0
1753067835229881624,0,0.0
1753067835231825478,0,0.0
1753067835233829435,0,0.0
1753067835235785315,0,0.0
1753067835237797279,0,0.0
1753067835239831501,1,0.0
1753067835241793634,1,0.0
1753067835243755483,0,0.0
1753067835245798493,0,0.0
1753067835247795062,0,0.0
1753067835249815048,1,0.0
1753067835251934993,0,0.0
1753067835253823745,0,0.0
1753067835255781221,0,0.0
1753067835257773875,0,0.0
1753067835259781238,0,0.0
1753067835261782298,0,0.0
1753067835263779739,0,0.0
1753067835265807955,0,0.0
1753067835267857960,0,0.0
1753067835269728226,0,0.0
1753067835271825424,0,0.0
1753067835273806108,0,0.0
1753067835275771890,0,0.0
1753067835277776336,0,0.0
1753067835279788180,0,0.0
1753067835282738000,0,0.8395091364115581
1753067835284718302,0,0.8395091364115581
1753067835286778279,0,0.0
1753067835288643624,1,0.0
1753067835290640493,0,0.0
1753067835292623263,1,0.0
1753067835294675241,0,0.0
1753067835296659813,0,0.0
1753067835298665742,0,0.0
1753067835300624205,0,0.0
1753067835302686535,0,0.0
1753067835304687942,0,0.0
1753067835306673082,0,0.0
1753067835308693367,0,0.0
1753067835310695285,1,0.0
1753067835312645989,0,0.0
1753067835314681472,0,0.0
1753067835316645996,0,0.0
1753067835318659322,1,0.0
1753067835320642338,0,0.0
1753067835322673597,0,0.0
1753067835324629639,0,0.0
1753067835326608090,0,0.0
1753067835328579875,1,0.0
1753067835330597806,1,0.0
1753067835332573887,0,0.0
1753067835334600643,1,0.0
1753067835336592011,0,0.0
1753067835338628668,1,0.0
1753067835340595123,0,0.0
1753067835342589752,0,0.0
1753067835344645927,0,0.0
1753067835346600309,0,0.0
1753067835348635046,1,0.0
1753067835350674559,0,0.0
1753067835352607084,0,0.0
1753067835354537998,0,0.0
1753067835356534284,0,0.0
1753067835358549005,0,0.0
1753067835360563852,0,0.0
1753067835362580758,0,0.0
1753067835364570641,0,0.0
1753067835366652671,0,0.0
1753067835368635234,1,0.0
1753067835370613107,0,0.0
1753067835372541652,0,0.0
1753067835374626713,0,0.0
1753067835376577572,0,0.0
1753067835378566475,0,0.0
1753067835380571292,0,0.0
1753067835382561528,0,0.0
1753067835384513834,0,0.0
1753067835386556577,0,0.0
1753067835388545482,0,0.0
1753067835390555844,0,0.0
1753067835392547855,0,0.0
1753067835394520874,0,0.0
1753067835396521209,0,0.0
1753067835398550766,0,0.0
1753067835400471231,1,0.0
1753067835402481266,0,0.0
1753067835404558699,0,0.0
1753067835406494137,0,0.0
1753067835408444491,0,0.0
1753067835410460456,0,0.0
1753067835412488923,0,0.0
1753067835414511071,0,0.0
1753067835416502437,0,0.0
1753067835418583100,0,0.0
1753067835420582920,0,0.0
1753067835422511188,1,0.0
1753067835424399622,1,0.0
1753067835426422238,0,0.0
1753067835428493676,0,0.0
1753067835430458795,0,0.0
1753067835432432234,0,0.0
1753067835434506926,0,0.0
1753067835436392840,0,0.0
1753067835438397232,1,0.0
1753067835440422248,1,0.0
1753067835442434496,0,0.0
1753067835444408419,0,0.0
1753067835446417247,0,0.0
1753067835448430218,0,0.0
1753067835450413825,1,0.0
1753067835452396074,1,0.0
1753067835454397494,0,0.0
1753067835456402030,0,0.0
1753067835458418027,0,0.0
1753067835460400786,0,0.0
1753067835462415992,0,0.0
1753067835464380525,0,0.0
1753067835466364955,0,0.0
1753067835468386216,0,0.0
1753067835470404042,0,0.0
1753067835472359027,1,0.0
1753067835474374774,0,0.0
1753067835476347453,0,0.0
1753067835478310249,0,0.0
1753067835480352050,0,0.0
1753067835482323913,0,0.0
1753067835484320843,0,0.0
1753067835486289447,1,0.0
1753067835488280543,0,0.0
1753067835490268329,0,0.0
1753067835492297413,0,0.0
1753067835494334957,0,0.0
1753067835496278975,0,0.0
1753067835498278611,1,0.0
1753067835500236582,0,0.0
1753067835502229106,1,0.0
1753067835504236348,0,0.0
1753067835506230004,0,0.0
1753067835508271045,0,0.0
1753067835510293408,0,0.0
1753067835512254771,0,0.0
1753067835514260265,0,0.0
1753067835516248589,0,0.0
1753067835518264717,0,0.0
1753067835520206089,0,0.0
1753067835522212862,0,0.0
1753067835524185840,1,0.0
1753067835526267693,0,0.0
1753067835528225334,0,0.0
1753067835530189755,0,0.0
1753067835532254984,0,0.0
1753067835534273432,0,0.0
1753067835536219641,0,0.0
1753067835538261951,1,0.0
1753067835540230517,0,0.0
1753067835542239415,0,0.0
1753067835544189017,0,0.0
1753067835546213263,0,0.0
1753067835548183691,0,0.0
1753067835550249731,0,0.0
1753067835552235954,0,0.0
1753067835554248251,0,0.0
1753067835556199519,0,0.0
1753067835558234984,0,0.0
1753067835560165365,0,0.0
1753067835562204573,0,0.0
1753067835564190112,0,0.0
1753067835566196456,0,0.0
1753067835568175313,0,1.9049509041513992
1753067835570177537,0,1.9049509041513992
1753067835572205436,0,0.0
1753067835574178428,0,0.0
1753067835576112761,1,0.0
1753067835578197187,0,0.0
1753067835580161481,0,0.0
1753067835582184303,0,0.0
1753067835584144939,0,0.0
1753067835586176828,0,0.0
1753067835588138943,0,0.0
1753067835590180096,0,0.0
1753067835592158561,0,0.0
1753067835594204460,0,0.0
1753067835596109994,0,0.0
1753067835598112780,0,0.0
1753067835600132760,0,0.0
1753067835602149396,0,0.0
1753067835604082569,0,0.0
1753067835606106722,0,0.0
1753067835608112377,0,0.0
1753067835610162443,1,0.0
1753067835612101227,0,0.0
1753067835614134173,0,0.0
1753067835616042985,1,0.0
1753067835618183117,0,0.0
1753067835620090793,1,0.0
1753067835622057486,0,0.0
1753067835624090916,1,0.0
1753067835626088951,0,0.0
1753067835628070183,0,0.0
1753067835630073539,0,0.0
1753067835632063672,1,0.0
1753067835634101197,1,0.0
1753067835636075108,0,0.0
1753067835638106066,0,0.0
1753067835640080296,1,0.0
1753067835642022072,1,0.0
1753067835644034197,0,0.0
1753067835646127741,1,0.0
1753067835648025217,0,0.0
1753067835650047876,0,0.0
1753067835652003905,0,0.0
1753067835654040640,0,0.0
1753067835656024012,0,0.0
1753067835658083643,0,0.0
1753067835659970041,0,0.0
1753067835661947865,0,0.0
1753067835663992331,0,0.0
1753067835665972308,0,0.0
1753067835667954760,0,0.0
1753067835669968829,0,0.0
1753067835671929132,1,0.0
1753067835673982146,0,0.0
1753067835675936947,0,0.0
1753067835677976026,0,0.0
1753067835679917844,0,0.0
1753067835681910018,1,0.0
1753067835683923300,0,0.0
1753067835685918293,0,0.0
1753067835687904743,0,0.0
1753067835689898346,0,0.0
1753067835691922458,0,0.0
1753067835693937886,0,0.0
1753067835695902775,0,0.0
1753067835697870058,0,0.0
1753067835699838607,0,0.0
1753067835701887732,0,0.0
1753067835704057579,0,0.0
1753067835705953861,0,0.0
1753067835708057344,0,0.0
1753067835709936869,0,0.0
1753067835711979432,0,0.0
1753067835713901084,1,0.0
1753067835716033414,0,0.0
1753067835718009389,0,0.0
1753067835720136777,0,0.0
1753067835721959266,1,0.0
1753067835724006420,0,0.0
1753067835725951531,0,0.0
1753067835728003449,0,0.0
1753067835729900616,0,0.0
1753067835731924334,0,0.0
1753067835733955473,1,0.0
1753067835735930649,1,0.0
1753067835737900693,0,0.0
1753067835739946335,1,0.0
1753067835741974580,0,0.0
1753067835744065431,0,0.0
1753067835745807442,0,0.0
1753067835747788853,0,0.0
1753067835749819231,0,0.0
1753067835751851799,0,0.0
1753067835753814252,0,0.0
1753067835755821351,0,0.0
1753067835757879682,0,0.0
1753067835759778671,0,0.0
1753067835761810849,0,0.0
1753067835763794541,0,0.0
1753067835765788731,0,0.0
1753067835767788311,0,0.0
1753067835769760826,1,0.0
1753067835771797772,0,0.0
1753067835773782003,0,0.0
1753067835775738557,0,0.0
1753067835777805715,0,0.0
1753067835779782727,0,0.0
1753067835781794544,0,0.0
1753067835783812169,0,0.0
1753067835785755504,0,0.0
1753067835787740553,0,0.0
1753067835789747054,0,0.0
1753067835791758286,1,0.0
1753067835793739123,0,0.0
1753067835795726648,0,0.0
1753067835797705639,0,0.0
1753067835799702823,0,0.0
1753067835801758702,0,0.0
1753067835803729989,0,0.0
1753067835805666581,0,0.0
1753067835807685192,0,0.0
1753067835809652557,1,0.0
1753067835811673512,1,0.0
1753067835813648937,0,0.0
1753067835815697014,1,0.0
1753067835817699192,1,0.0
1753067835819659432,0,0.0
1753067835821667342,0,0.0
1753067835823705102,0,0.0
1753067835825680899,0,0.0
1753067835827711546,0,0.0
1753067835829634390,0,0.0
1753067835831610826,1,0.0
1753067835833595332,0,0.020312523428176375
1753067835835593237,1,0.11969984174460913
1753067835837633035,0,0.08798654175441374
1753067835839567684,0,0.0
1753067835841565396,0,0.0
1753067835843619596,0,0.0
1753067835845588283,0,0.0
1753067835847576436,0,0.0
1753067835849553598,0,0.0
1753067835851543542,0,0.0
1753067835853602913,0,0.0
1753067835855628885,0,0.0
1753067835857539582,1,0.0
1753067835859537863,0,0.0
1753067835861570756,0,0.0
1753067835863568850,1,0.0
1753067835865587077,0,0.0
1753067835867587639,0,0.0
1753067835869594477,0,0.0
1753067835871615326,0,0.0
1753067835873634327,0,0.0
1753067835875629840,0,0.0
1753067835877690068,0,0.0
1753067835879678761,0,0.0
1753067835881699098,0,0.0
1753067835883681359,0,0.0
1753067835885720136,0,0.0
1753067835887650669,0,0.0
1753067835889683869,0,0.0
1753067835891678876,0,0.0
1753067835893757194,0,0.0
1753067835895663441,0,0.0
1753067835897747768,0,0.0
1753067835899703679,0,0.0
1753067835901716337,0,0.0
1753067835903717075,0,0.0
1753067835905687251,0,0.0
1753067835907624612,0,0.0
1753067835909615644,0,0.0
1753067835911557253,0,0.0
1753067835913597968,0,0.0
1753067835915640686,0,0.0
1753067835917605872,0,0.0
1753067835919623791,0,0.0
1753067835921596797,1,0.0
1753067835923560408,0,0.0
1753067835925636432,0,0.0
1753067835927587089,0,0.0
1753067835929632052,0,0.0
1753067835931551366,0,0.0
1753067835933624373,1,0.0
1753067835935665853,0,0.0
1753067835937590126,0,0.0
1753067835939661612,0,0.0
1753067835941623024,0,0.0
1753067835943543855,1,0.0
1753067835945565322,1,0.0
1753067835947682310,0,0.0
1753067835949530720,0,0.0
1753067835951494967,0,0.0
1753067835953502505,1,0.0
1753067835955472018,0,0.0
1753067835957455546,0,0.0
1753067835959477819,0,0.0
1753067835961479805,0,0.0
1753067835963502096,1,0.0
1753067835965437907,0,0.0
1753067835967397395,0,0.0
1753067835969458902,0,0.0
1753067835971390579,0,0.0
1753067835973449844,0,0.0
1753067835975434746,0,0.0
1753067835977416744,1,0.0
1753067835979439534,0,0.0
1753067835981430307,0,0.0
1753067835983444445,0,0.0
1753067835985421801,0,0.0
1753067835987400588,0,0.0
1753067835989375320,1,0.0
1753067835991413737,0,0.0
1753067835993419803,1,0.0
1753067835995438753,0,0.0
1753067835997412661,0,0.0
1753067835999401938,0,0.0
1753067836001341616,0,0.0
1753067836003345759,0,0.0
1753067836005421354,0,0.0
1753067836007426480,1,0.0
1753067836009468662,0,0.0
1753067836011462461,0,0.0
1753067836013372700,1,0.0
1753067836015375115,0,0.0
1753067836017354363,0,0.0
1753067836019374628,0,0.0
1753067836021299588,0,0.0
1753067836023337670,0,0.0
1753067836025318123,1,0.0
1753067836027268624,0,0.0
1753067836029302713,0,0.0
1753067836031294153,0,0.0
1753067836033289294,0,0.0
1753067836035314124,0,0.0
1753067836037262846,0,0.0
1753067836039313820,0,0.0
1753067836041258200,0,0.0
1753067836043283005,0,0.0
1753067836045266958,0,0.0
1753067836047266332,0,0.0
1753067836049258454,0,0.0
1753067836051326866,0,0.0
1753067836053324216,0,0.0
1753067836055312100,1,0.0
1753067836057251014,0,0.0
1753067836059285975,0,0.0
1753067836061282184,0,0.0
1753067836063328129,0,0.0
1753067836065269734,0,0.0
1753067836067276065,0,0.0
1753067836069250824,1,0.0
1753067836071294877,0,0.0
1753067836073243002,1,0.0
1753067836075273480,0,0.0
1753067836077258846,0,0.0
1753067836079264399,1,0.0
1753067836081244456,0,0.0
1753067836083266486,0,0.0
1753067836085302788,1,0.0
1753067836087316163,0,0.0
1753067836089275818,0,0.0
1753067836091294933,0,0.0
1753067836093174429,0,0.0
1753067836095219883,0,0.0
1753067836097251953,0,0.0
1753067836099285617,1,0.0
1753067836101260985,0,0.0
1753067836103386672,0,0.0
1753067836105288708,0,0.0
1753067836107348557,0,0.0
1753067836109319386,0,0.0
1753067836111305761,0,0.0
1753067836113220777,1,0.0
1753067836115192582,0,0.0
1753067836117149015,1,0.0
1753067836119168288,0,0.0
1753067836121110972,0,0.0
1753067836123134349,0,0.0
1753067836125137948,0,0.0
1753067836127174735,0,0.0
1753067836129111031,0,0.0
1753067836131159843,1,0.0
1753067836133195053,1,0.0
1753067836135222586,1,0.0
1753067836137213076,0,0.0
1753067836139194472,0,0.0
1753067836141234821,1,0.0
1753067836143200901,0,0.0
1753067836145175940,1,0.0
1753067836147224531,1,0.0
1753067836149149965,1,0.0
1753067836151205748,0,0.0
1753067836153221092,0,0.0
1753067836155202057,1,0.0
1753067836157194326,0,0.0
1753067836159127441,0,0.0
1753067836161207822,1,0.0
1753067836163121195,0,0.0
1753067836165138033,0,0.0
1753067836167163842,0,0.0
1753067836169122281,0,0.0
1753067836171163820,0,0.0
1753067836173180191,0,0.0
1753067836175182270,0,0.0
1753067836177228998,0,0.0
1753067836179174234,0,0.0
1753067836181214790,1,0.0
1753067836183175842,0,0.0
1753067836185110712,0,0.0
1753067836187017605,1,0.0
1753067836189042633,0,0.0
1753067836191136509,1,0.0
1753067836193066094,0,0.0
1753067836195017685,0,0.0
1753067836196985005,0,0.0
1753067836199038836,0,0.0
1753067836200993854,0,0.0
1753067836203067192,0,0.0
1753067836205003587,0,0.0
1753067836207038065,0,0.0
1753067836208998082,1,0.0
1753067836210979515,0,0.0
1753067836212965426,1,0.0
1753067836214993946,0,0.0
1753067836217036958,0,0.0
1753067836218992107,0,0.0
1753067836221005035,0,0.0
1753067836222976994,0,0.0
1753067836225028517,0,0.0
1753067836226987368,0,0.0
1753067836228952605,0,0.0
1753067836230984427,0,0.0
1753067836232968929,0,0.0
1753067836234986420,0,0.0
1753067836236994840,1,0.0
1753067836239015557,1,0.0
1753067836240997811,0,0.0
1753067836242928809,1,0.0
1753067836244951815,0,0.0
1753067836246958140,0,0.0
1753067836248926574,0,0.0
1753067836250927476,1,0.0
1753067836252883905,1,0.0
1753067836254952851,0,0.0
1753067836256916051,0,0.0
1753067836258939737,0,0.0
1753067836260943648,1,0.0
1753067836262871573,0,0.0
1753067836264897483,0,0.0
1753067836266947321,0,0.0
1753067836268947480,0,0.0
1753067836271089275,1,0.0
1753067836273092135,0,0.0
1753067836274923228,0,0.0
1753067836276911188,0,0.0
1753067836278925244,0,0.0
1753067836280947116,0,0.0
1753067836282907799,0,0.0
1753067836284982498,0,0.0
1753067836286980861,0,0.0
1753067836289001065,0,0.0
1753067836290855327,0,0.0
1753067836292864265,0,0.0
1753067836294877746,0,0.0
1753067836296876474,1,0.0
1753067836298889511,0,0.0
1753067836300837411,0,0.0
1753067836302883327,0,0.0
1753067836304832867,0,0.0
1753067836306844205,0,0.0
1753067836308839199,0,0.0
1753067836310803171,0,0.0
1753067836312755183,0,0.0
1753067836314770719,1,0.0
1753067836316756377,1,0.0
1753067836318779672,0,0.0
1753067836320730374,1,0.0
1753067836322725944,0,0.0
1753067836324799903,0,0.0
1753067836326781388,0,0.0
1753067836328723990,0,0.0
1753067836330761367,0,0.0
1753067836332728035,0,0.0
1753067836334788328,0,0.0
1753067836336733722,0,0.0
1753067836338760423,1,0.0
1753067836340770468,0,0.0
1753067836342808667,1,0.0
1753067836344774936,0,0.0
1753067836346759795,0,0.0
1753067836348750647,0,0.0
1753067836350759172,0,0.0
1753067836352739196,0,0.0
1753067836354827488,0,0.0
1753067836356729248,0,0.0
1753067836358840022,0,0.0
1753067836360772355,0,0.0
1753067836362802435,0,0.0
1753067836364768674,0,0.0
1753067836366859549,0,0.0
1753067836368814892,0,0.0
1753067836370807608,0,0.0
1753067836372735765,0,0.0
1753067836374660024,0,0.0
1753067836376672291,0,0.0
1753067836378680209,0,0.0
1753067836380747089,0,0.0
1753067836382687968,0,0.0
1753067836384651499,0,0.0
1753067836386678231,0,0.0
1753067836388744633,0,0.0
1753067836390711225,0,0.0
1753067836392716683,0,0.0
1753067836394670056,0,0.0
1753067836396669698,0,0.0
1753067836398726354,0,0.0
1753067836400620868,0,0.0
1753067836402668833,0,0.0
1753067836404617010,0,0.0
1753067836406653929,0,0.0
1753067836408681876,0,0.0
1753067836410682589,0,0.0
1753067836412685477,0,0.0
1753067836414672030,0,0.0
1753067836416651739,0,0.0
1753067836418680146,0,0.0
1753067836420714342,0,0.0
1753067836422667881,0,0.0
1753067836424589142,0,0.0
1753067836426588648,0,0.0
1753067836428609253,0,0.0
1753067836430644267,0,0.0
1753067836432653440,0,0.0
1753067836434649476,0,0.0
1753067836436629943,1,0.0
1753067836438664210,1,0.0
1753067836440601645,0,0.0
1753067836442619927,0,0.0
1753067836444537088,0,0.0
1753067836446566654,1,0.0
1753067836448524459,0,0.0
1753067836450542552,0,0.0
1753067836452551214,0,0.0
1753067836454572750,1,0.0
1753067836456555379,0,0.0
1753067836458562772,0,0.0
1753067836460521174,0,0.0
1753067836462548309,0,0.0
1753067836464479308,0,0.0
1753067836466603412,0,0.0
1753067836468586701,0,0.0
1753067836470630940,0,0.0
1753067836472553181,0,0.0
1753067836474531950,0,0.0
1753067836476527120,0,0.0
1753067836478525637,0,0.0
1753067836480533528,0,0.0
1753067836482569045,0,0.0
1753067836484499479,0,0.0
1753067836486531263,0,0.0
1753067836488468788,0,0.0
1753067836490474606,1,0.0
1753067836492521478,0,0.0
1753067836494547481,0,0.0
1753067836496516943,0,0.0
1753067836498524700,0,0.0
1753067836500535415,0,0.0
1753067836502455158,0,0.0
1753067836504498347,1,0.0
1753067836506508118,1,0.0
1753067836508497544,0,0.0
1753067836510469094,0,0.0
1753067836512430119,0,0.0
1753067836514443768,0,0.0
1753067836516429643,0,0.0
1753067836518501206,1,0.0
1753067836520457157,0,0.0
1753067836522411958,0,0.0
1753067836524420574,0,0.0
1753067836526432374,1,0.0
1753067836528464522,0,0.0
1753067836530499956,0,0.0
1753067836532463613,0,0.0
1753067836534440216,1,0.0
1753067836536437055,1,0.0
1753067836538437271,1,0.0
1753067836540478467,1,0.0
1753067836542481123,0,0.0
1753067836544401556,0,0.0
1753067836546414349,0,0.0
1753067836548392106,1,0.0
1753067836550389582,0,0.0
1753067836552385774,1,0.0
1753067836554461007,0,0.0
1753067836556414936,0,0.0
1753067836558301582,0,0.0
1753067836560322734,0,0.0
1753067836562267984,0,0.0
1753067836564262921,0,0.0
1753067836566373302,0,0.0
1753067836568305516,0,0.0
1753067836570404222,1,0.0
1753067836572396541,0,0.0
1753067836574429799,0,0.0
1753067836576316006,0,0.0
1753067836578375865,0,0.0
1753067836580289378,1,0.0
1753067836582252340,0,0.0
1753067836584317236,0,0.0
1753067836586240216,0,0.0
1753067836588261304,0,0.0
1753067836590230841,0,0.0
1753067836592222158,0,0.0
1753067836594217671,0,0.0
1753067836596212107,0,0.0
1753067836598255452,0,0.0
1753067836600263670,0,0.0
1753067836602281444,1,0.0
1753067836604252978,0,0.0
1753067836606301881,0,0.0
1753067836608224415,1,0.0
1753067836610217779,1,0.0
1753067836612212831,0,0.0
1753067836614254160,0,0.0
1753067836616233410,0,0.0
1753067836618255147,0,0.0
1753067836620249291,1,0.0
1753067836622248779,0,0.0
1753067836624245151,0,0.0
1753067836626207935,0,0.0
1753067836628302198,0,0.0
1753067836630252837,0,0.0
1753067836632328167,0,0.0
1753067836634303031,1,0.0
1753067836636206604,0,0.0
1753067836638190369,0,0.0
1753067836640180154,0,0.0
1753067836642230805,0,0.0
1753067836644239766,0,0.0
1753067836646224996,0,0.0
1753067836648194497,0,0.0
1753067836650250552,0,0.0
1753067836652216528,0,0.0
1753067836654247991,0,0.0
1753067836656173206,0,0.0
1753067836658170777,0,0.0
1753067836660121238,0,0.0
1753067836662138656,0,0.0
1753067836664140082,0,0.0
1753067836666174281,0,0.0
1753067836668134743,0,0.0
1753067836670204380,0,0.0
1753067836672269960,1,0.0
1753067836674215304,0,0.0
1753067836676190994,0,0.0
1753067836678144697,0,0.0
1753067836680165045,1,0.0
1753067836682105706,0,0.0
1753067836684090877,0,0.0
1753067836686136955,1,0.0
1753067836688147708,0,0.0
1753067836690140003,0,0.0
1753067836692136933,0,0.0
1753067836694193683,1,0.0
1753067836696121529,0,0.0
1753067836698106661,0,0.0
1753067836700094751,0,0.0
1753067836702104123,0,0.0
1753067836704068486,0,0.0
1753067836706104862,1,0.0
1753067836708097506,0,0.0
1753067836710125275,0,0.0
1753067836712087208,0,0.0
1753067836714082664,0,0.0
1753067836716020132,0,0.0
1753067836718052230,1,0.0
1753067836720054942,0,0.0
1753067836722079826,0,0.0
1753067836724055482,1,0.0
1753067836726110017,1,0.0
1753067836728185902,0,0.0
1753067836730143644,0,0.0
1753067836732017117,0,0.0
1753067836734065450,0,0.0
1753067836736031624,1,0.0
1753067836738075438,0,0.0
1753067836739970939,1,0.0
1753067836741957353,0,0.0
1753067836744039177,0,0.0
1753067836745941597,0,0.0
1753067836747962577,0,0.0
1753067836749889862,0,0.0
1753067836751937348,1,0.0
1753067836753966118,0,0.0
1753067836755981328,0,0.0
1753067836757976104,0,0.0
1753067836759927883,1,0.0
1753067836761930253,0,0.0
1753067836763954748,0,1.0049639639519194
1753067836765905873,0,0.0
1753067836768093117,0,0.0
1753067836769957362,0,0.0
1753067836771925222,0,0.0
1753067836773878349,0,0.0
1753067836776018214,0,0.0
1753067836778023529,0,0.0
1753067836780013900,0,0.0
1753067836782036132,1,0.0
1753067836783953869,1,0.0
1753067836785899230,1,0.0
1753067836787862964,0,0.0
1753067836789928204,1,0.0
1753067836791937691,0,0.0
1753067836793930777,0,0.0
1753067836795861292,0,0.0
1753067836797858187,0,0.0
1753067836799908486,0,0.0
1753067836801860506,0,0.0
1753067836803871411,1,0.0
1753067836805825130,0,0.0
1753067836807827768,0,0.0
1753067836809836254,0,0.0
1753067836811837002,0,0.0
1753067836813876227,0,0.0
1753067836815854739,0,0.0
1753067836817832205,0,0.0
1753067836819836260,1,0.0
1753067836821752933,0,0.0
1753067836823803002,0,0.0
1753067836825793506,0,0.0
1753067836827799562,0,0.0
1753067836829835417,0,0.0
1753067836831867500,0,0.0
1753067836833758105,1,0.0
1753067836835772552,0,0.0
1753067836837760186,0,0.0
1753067836839781171,1,0.0
1753067836841793160,1,0.0
1753067836843806263,0,0.0
1753067836845813050,0,0.0
1753067836847771419,0,0.0
1753067836849792504,1,0.0
1753067836851874365,1,0.0
1753067836853738523,0,0.0
1753067836855736968,0,0.0
1753067836857770432,0,0.0
1753067836859740905,0,0.0
1753067836861751624,0,0.0
1753067836863733542,0,0.0
1753067836865830353,0,0.0
1753067836867798162,0,0.0
1753067836869798419,0,0.0
1753067836871789286,0,0.0
1753067836873802139,0,0.0
1753067836875822913,0,0.0
1753067836877737770,0,0.0
1753067836879711769,0,0.0
1753067836881784057,1,0.0
1753067836883792272,0,0.0
1753067836885774563,1,0.0
1753067836887744356,0,0.0
1753067836889756422,0,0.0
1753067836891708521,0,0.0
1753067836893689570,0,0.0
1753067836895719942,0,0.0
1753067836897717224,0,0.0
1753067836899787771,0,0.0
1753067836901747864,0,0.0
1753067836903768668,0,0.0
1753067836905757778,0,0.0
1753067836907765970,0,0.0
1753067836909722691,1,0.0
1753067836911756516,1,0.0
1753067836913833427,0,0.0
1753067836915987266,1,0.0
1753067836917775877,0,0.0
1753067836919710662,0,0.0
1753067836921679920,0,0.0
1753067836923685178,0,0.0
1753067836925659512,0,0.0
1753067836927714598,0,0.0
1753067836929883038,0,0.0
1753067836931761580,0,0.0
1753067836933821509,0,0.0
1753067836935742322,0,0.0
1753067836937731726,1,0.0
1753067836939794342,0,0.0
1753067836941759046,1,0.0
1753067836943768969,0,0.0
1753067836945759090,0,0.0
1753067836947777607,0,0.0
1753067836949805114,0,0.0
1753067836951768592,0,0.0
1753067836953674000,0,0.0
1753067836955630058,1,0.0
1753067836957619912,0,0.0
1753067836959563934,0,0.0
1753067836961535641,0,0.0
1753067836963549697,0,0.0
1753067836965665108,0,0.0
1753067836967545130,0,0.0
1753067836969627830,0,0.0
1753067836971551737,1,0.0
1753067836973607566,0,0.0
1753067836975563246,1,0.0
1753067836977508925,0,0.0
1753067836979550342,0,0.0
1753067836981544727,0,0.6578567635304716
1753067836983533224,0,0.6578567635304716
1753067836985518087,0,0.0
1753067836987514329,0,0.0
1753067836989514882,1,0.0
1753067836991486051,0,0.0
1753067836993635202,0,0.0
1753067836995524009,1,0.0
1753067836997551434,0,0.0
1753067836999535307,1,0.0
1753067837001538025,0,0.0
1753067837003482305,0,0.0
1753067837005507849,0,0.0
1753067837007501816,0,0.0
1753067837009553809,0,0.0
1753067837011445458,1,0.0
1753067837013492386,0,0.0
1753067837015481470,0,0.0
1753067837017441613,0,0.0
1753067837019470560,0,0.0
1753067837021433176,1,0.0
1753067837023505364,0,0.0
1753067837025438243,0,0.0
1753067837027434058,0,0.0
1753067837029468583,0,0.0
1753067837031385787,0,0.0
1753067837033390307,0,0.0
1753067837035405238,0,0.0
1753067837037445721,0,0.0
1753067837039391034,0,0.0
1753067837041471310,0,0.0
1753067837043442677,0,0.0
1753067837045471314,0,0.0
1753067837047436531,0,0.0
1753067837049424198,0,0.0
1753067837051439047,0,0.0
1753067837053439451,1,0.0
1753067837055454196,0,0.0
1753067837057429635,0,0.0
1753067837059427085,1,0.0
1753067837061457074,0,0.0
1753067837063451973,0,0.0
1753067837065407395,0,0.0
1753067837067363423,1,0.0
1753067837069356671,1,0.0
1753067837071343178,1,0.0
1753067837073348840,0,0.0
1753067837075335386,0,0.0
1753067837077411775,1,0.0
1753067837079368173,0,0.0
1753067837081388767,0,0.0
1753067837083363792,0,0.0
1753067837085374377,0,0.0
1753067837087375468,0,0.0
1753067837089255972,1,0.0
1753067837091373500,0,0.0
1753067837093298171,0,0.0
1753067837095272417,0,0.0
1753067837097273891,1,0.0
1753067837099284034,0,0.0
1753067837101288535,0,0.0
1753067837103292569,0,0.0
1753067837105309284,0,0.0
1753067837107229318,0,0.0
1753067837109250561,0,0.0
1753067837111347007,0,0.0
1753067837113312898,0,0.0
1753067837115280167,0,0.0
1753067837117296700,0,0.0
1753067837119296780,0,0.0
1753067837121302397,0,0.0
1753067837123352397,0,0.0
1753067837125322415,0,0.0
1753067837127254361,1,0.0
1753067837129274459,0,0.0
1753067837131212938,0,0.0
1753067837133283266,0,0.0
1753067837135252316,0,0.0
1753067837137201283,1,0.0
1753067837139336875,0,0.0
1753067837141271980,0,0.0
1753067837143200683,1,0.0
1753067837145221898,0,0.0
1753067837147214823,0,0.0
1753067837149245713,0,0.0
1753067837151188645,0,0.0
1753067837153226807,0,0.0
1753067837155193629,0,0.0
1753067837157243496,0,0.0
1753067837159226968,0,0.0
1753067837161216427,0,0.0
1753067837163254100,1,0.0
1753067837165232604,0,0.0
1753067837167241026,1,0.0
1753067837169207563,0,0.0
1753067837171195923,0,0.0
1753067837173180890,0,0.0
1753067837175194107,0,0.0
1753067837177160385,0,0.0
1753067837179161292,1,0.0
1753067837181196448,1,0.0
1753067837183230264,1,0.0
1753067837185240694,0,0.0
1753067837187253074,1,0.0
1753067837189195998,0,0.0
1753067837191145281,0,0.0
1753067837193126162,1,0.0
1753067837195180747,0,0.0
1753067837197206307,0,0.0
1753067837199258694,1,0.0
1753067837201248240,0,0.0
1753067837203269573,0,0.0
1753067837205176849,0,0.0
1753067837207160757,0,0.0
1753067837209158635,0,0.0
1753067837211196217,0,0.0
1753067837213139895,0,0.0
1753067837215071785,0,0.0
1753067837217092530,0,0.0
1753067837219077168,0,0.0
1753067837221147485,0,0.0
1753067837223155050,1,0.0
1753067837225119920,1,0.0
1753067837227108371,0,0.0
1753067837229081767,0,0.0
1753067837231046375,1,0.0
1753067837233126178,1,0.0
1753067837235091201,0,0.0
1753067837237062625,1,0.0
1753067837239080738,0,0.0
1753067837241084726,0,0.0
1753067837243137356,1,0.0
1753067837245101449,0,0.0
1753067837247057634,0,0.0
1753067837249031354,0,0.0
1753067837251044759,0,0.0
1753067837253021947,0,0.0
1753067837255054063,0,0.0
1753067837257032564,0,0.0
1753067837259004566,0,0.0
1753067837261042577,1,0.0
1753067837263025118,0,0.0
1753067837265014035,0,0.0
1753067837267038023,0,0.0
1753067837269007846,0,0.0
1753067837271023998,0,0.0
1753067837273022918,0,0.0
1753067837275037378,0,0.0
1753067837277000274,0,0.0
1753067837278983841,0,0.0
1753067837281022661,1,0.0
1753067837283171189,0,0.0
1753067837285011327,0,0.0
1753067837287069751,1,0.0
1753067837289136848,0,0.0
1753067837291090654,1,0.0
1753067837293156455,1,0.0
1753067837295013540,0,0.0
1753067837296979539,0,0.0
1753067837298956887,1,0.0
1753067837301038247,0,0.0
1753067837302980988,1,0.0
1753067837304924696,0,0.0
1753067837306895673,0,0.0
1753067837309044177,0,0.0
1753067837310905298,0,0.0
1753067837313135845,0,0.0
1753067837314977776,0,0.0
1753067837316942320,0,0.0
1753067837318971499,0,0.0
1753067837320875371,0,0.0
1753067837323011253,0,0.0
1753067837325015336,0,0.0
1753067837326951499,1,0.0
1753067837328986405,0,0.0
1753067837330966058,0,0.0
1753067837332922300,0,0.0
1753067837334863944,0,0.0
1753067837336893512,0,0.0
1753067837338817590,0,0.0
1753067837340906119,0,0.0
1753067837342867449,0,0.0
1753067837344875707,0,0.0
1753067837346976006,0,0.0
1753067837348968498,0,0.0
1753067837350961265,0,0.0
1753067837352908794,1,0.0
1753067837354826982,0,0.0
1753067837356870623,0,0.0
1753067837358880608,0,0.0
1753067837360908221,0,0.0
1753067837362794754,0,0.0
1753067837364770605,1,0.0
1753067837366805117,0,0.0
1753067837368779739,0,0.0
1753067837370736745,0,0.0
1753067837372759023,1,0.0
1753067837374766937,0,0.0
1753067837376770259,0,0.0
1753067837378752818,0,0.0
1753067837380764408,0,0.0
1753067837382734199,0,0.0
1753067837384794701,0,0.0
1753067837386765611,0,0.0
1753067837388715334,0,0.0
1753067837390794566,0,0.0
1753067837392770779,0,0.0
1753067837394899906,1,0.0
1753067837396880826,0,0.0
1753067837398780422,0,0.0
1753067837400865603,0,0.0
1753067837402888799,1,0.0
1753067837404923288,0,0.0
1753067837406873403,0,0.0
1753067837408771867,0,0.0
1753067837410725764,0,0.0
1753067837412767270,0,0.0
1753067837414730366,0,0.0
1753067837416729767,1,0.0
1753067837418762393,0,0.0
1753067837420795233,0,0.0
1753067837422801622,0,0.0
1753067837424785286,0,0.0
1753067837426733559,0,0.0
1753067837428713082,0,0.0
1753067837430726562,0,0.0
1753067837432688832,0,0.0
1753067837434742911,0,0.0
1753067837436723612,0,0.0
1753067837438738635,0,0.0
1753067837440704440,0,0.0
1753067837442735347,1,0.0
1753067837444670357,1,0.0
1753067837446698131,1,0.0
1753067837448661497,0,0.0
1753067837450722598,0,0.0
1753067837452659394,0,0.0
1753067837454765103,0,0.0
1753067837456742652,0,0.0
1753067837458723187,1,0.0
1753067837460784508,1,0.0
1753067837462724892,0,0.0
1753067837464679499,1,0.0
1753067837466731537,0,0.0
1753067837468674450,1,0.0
1753067837470654334,0,0.0
1753067837472641430,0,0.0
1753067837474696881,0,0.0
1753067837476656691,0,0.0
1753067837478721928,0,0.0
1753067837480607403,0,0.0
1753067837482638306,0,0.0
1753067837484612024,0,0.0
1753067837486647147,0,0.0
1753067837488613737,1,0.0
1753067837490649578,0,0.0
1753067837492643464,0,0.0
1753067837494671894,1,0.0
1753067837496584295,0,0.0
1753067837498679195,0,0.0
1753067837500638046,1,0.0
1753067837502678427,0,0.0
1753067837504610436,0,0.0
1753067837506594942,0,0.0
1753067837508589841,0,0.0
1753067837510547254,0,0.0
1753067837512528835,1,0.0
1753067837514572236,0,0.0
1753067837516513010,0,0.0
1753067837518605446,0,0.0
1753067837520570790,0,0.0
1753067837522605237,0,0.0
1753067837524596469,0,0.0
1753067837526591830,1,0.0
1753067837528576731,0,0.0
1753067837530596506,1,0.0
1753067837532576476,0,0.0
1753067837534578629,1,0.0
1753067837536571573,0,0.0
1753067837538575542,0,0.0
1753067837540551276,1,0.0
1753067837542560920,0,0.0
1753067837544528567,0,0.0
1753067837546564715,1,0.0
1753067837548547078,0,0.0
1753067837550544194,0,0.0
1753067837552529403,0,0.0
1753067837554543916,1,0.0
1753067837556472472,0,0.0
1753067837558548545,1,0.0
1753067837560500964,0,0.0
1753067837562533295,0,0.0
1753067837564476656,1,0.0
1753067837566465251,0,0.0
1753067837568529651,0,0.0
1753067837570456478,0,0.0
1753067837572606952,0,0.0
1753067837574514186,0,0.0
1753067837576566986,0,0.0
1753067837578493371,0,0.0
1753067837580559796,0,0.0
1753067837582589680,0,0.0
1753067837584599192,0,0.0
1753067837586528228,1,0.0
1753067837588516787,0,0.0
1753067837590530655,0,0.0
1753067837592474025,0,0.0
1753067837594416713,1,0.0
1753067837596505989,0,0.0
1753067837598461918,0,0.0
1753067837600472956,0,0.0
1753067837602497594,0,0.0
1753067837604457333,0,0.0
1753067837606430276,0,0.0
1753067837608454901,0,0.0
1753067837610445404,0,0.0
1753067837612341884,0,0.0
1753067837614350567,0,0.0
1753067837616429992,0,0.0
1753067837618535194,0,0.0
1753067837620443612,0,0.0
1753067837622457262,0,0.0
1753067837624436748,0,0.0
1753067837626407486,0,0.0
1753067837628444606,0,0.0
1753067837630420133,1,0.0
1753067837632395319,0,0.0
1753067837634450861,0,0.0
1753067837636415650,0,0.0
1753067837638442771,1,0.0
1753067837640409112,0,0.0
1753067837642317869,0,0.0
1753067837644394500,0,0.0
1753067837646424943,1,0.0
1753067837648294151,1,0.0
1753067837650373940,0,0.0
1753067837652351801,1,0.0
1753067837654355046,1,0.0
1753067837656339600,0,0.0
1753067837658382238,0,0.0
1753067837660411017,0,0.0
1753067837662356299,0,0.0
1753067837664414998,1,0.0
1753067837666398885,0,0.0
1753067837668396611,0,0.0
1753067837670354337,0,0.0
1753067837672284101,0,0.0
1753067837674260239,0,0.0
1753067837676200972,1,0.0
1753067837678250484,0,0.0
1753067837680244060,0,0.0
1753067837682246133,0,0.0
1753067837684247654,0,0.0
1753067837686294934,0,0.0
1753067837688226726,1,0.0
1753067837690290777,0,0.0
1753067837692350056,0,0.0
1753067837694311683,0,0.0
1753067837696310452,0,0.0
1753067837698300559,1,0.0
1753067837700251573,0,0.0
1753067837702247127,0,0.0
1753067837704209869,0,0.0
1753067837706179848,0,0.0
1753067837708165850,1,0.0
1753067837710195951,0,0.0
1753067837712164001,1,0.0
1753067837714228143,0,0.0
1753067837716210608,0,0.0
1753067837718240035,0,0.0
1753067837720202003,0,0.0
1753067837722174734,0,0.0
1753067837724191642,0,0.0
1753067837726175684,0,0.0
1753067837728176559,1,0.0
1753067837730162253,0,0.0
1753067837732205447,0,0.0
1753067837734212323,0,0.0
1753067837736246630,0,0.0
1753067837738187349,0,0.0
1753067837740224617,0,0.0
1753067837742156952,0,0.0
1753067837744208594,1,0.0
1753067837746138501,0,0.0
1753067837748182968,0,0.0
1753067837750133832,1,0.0
1753067837752099771,0,0.0
1753067837754154269,0,0.0
1753067837756152986,0,0.0
1753067837758139208,0,0.0
1753067837760204910,1,0.0
1753067837762155962,1,0.0
1753067837764088722,0,0.0
1753067837766120970,0,0.0
1753067837768122227,1,0.0
1753067837770090877,1,0.0
1753067837772130838,1,0.0
1753067837774125648,1,0.0
1753067837776145070,0,0.0
1753067837778187770,1,0.0
1753067837780079157,0,0.0
1753067837782089154,0,0.0
1753067837784090184,0,0.0
1753067837786097721,1,0.0
1753067837788134446,0,0.0
1753067837790113173,0,0.0
1753067837792089689,0,0.0
1753067837794111297,0,0.0
1753067837796161492,0,0.0
1753067837798021356,0,0.0
1753067837800036643,0,0.0
1753067837802029941,0,0.0
1753067837803994541,0,0.0
1753067837805983931,1,0.0
1753067837807999334,0,0.0
1753067837810048085,0,0.0
1753067837811982514,0,0.0
1753067837814020881,1,0.0
1753067837816098847,0,0.0
1753067837818073585,0,0.0
1753067837820038098,0,0.0
1753067837821958461,0,0.0
1753067837823953693,0,0.0
1753067837825940575,0,0.0
1753067837827929585,0,0.0
1753067837829922594,0,0.0
1753067837831975757,0,0.0
1753067837833946754,1,0.0
1753067837836020472,1,0.0
1753067837837973332,0,0.0
1753067837839988022,0,0.0
1753067837841935327,0,0.0
1753067837843936684,0,0.0
1753067837845877188,1,0.0
1753067837847871595,1,0.0
1753067837849925776,1,0.0
1753067837851903832,0,0.0
1753067837854061420,1,0.0
1753067837856021558,0,0.0
1753067837857946377,0,0.0
1753067837859925888,0,0.0
1753067837862032440,0,0.0
1753067837864022080,0,0.0
1753067837865956867,0,0.0
1753067837867852545,1,0.0
1753067837869828344,0,0.0
1753067837871802208,0,0.0
1753067837873891902,0,0.0
1753067837875940040,0,0.0
1753067837877878516,0,0.0
1753067837879861452,0,0.0
1753067837881850660,0,0.0
1753067837883803348,0,0.0
1753067837885824355,0,0.0
1753067837887779585,0,0.0
1753067837889749958,0,0.07758098974503146
1753067837891771693,0,0.11969984174460913
1753067837893755281,0,0.11969984174460913
1753067837895797757,0,0.0
1753067837897821461,0,0.0
1753067837899823449,0,0.0
1753067837901842147,0,0.0
1753067837903873761,0,0.0
1753067837905842370,0,0.0
1753067837907869807,0,0.0
1753067837909958856,0,0.0
1753067837911934086,0,0.0
1753067837913815462,0,0.0
1753067837915849506,0,0.0
1753067837917794307,0,0.0
1753067837919922483,0,0.0
1753067837921877582,0,0.0
1753067837923847643,1,0.0
1753067837925840898,0,0.0
1753067837927782671,0,0.0
1753067837929738887,0,0.0
1753067837931786942,1,0.0
1753067837933789489,1,0.0
1753067837935839584,0,0.0
1753067837937751250,1,0.0
1753067837939756293,0,0.0
1753067837941747338,0,0.0
1753067837943787799,0,0.0
1753067837945829272,0,0.0
1753067837947714182,0,0.0
1753067837949882888,1,0.0
1753067837951872996,0,0.0
1753067837953772761,0,0.0
1753067837955739871,0,0.0
1753067837957723080,0,0.0
1753067837959756761,0,0.0
1753067837961721553,0,0.0
1753067837963756950,1,0.0
1753067837965748349,0,0.0
1753067837967759261,0,0.0
1753067837969750046,1,0.0
1753067837971811280,0,0.0
1753067837973725043,1,0.0
1753067837975724269,0,0.0
1753067837977771594,0,0.0
1753067837979726840,0,0.0
1753067837981739197,0,0.0
1753067837983751492,0,0.0
1753067837985686612,0,0.0
1753067837987706935,0,0.0
1753067837989717291,0,0.0
1753067837991685726,0,0.0
1753067837993655637,1,0.0
1753067837995629692,0,0.0
1753067837997765248,0,0.0
1753067837999684765,0,0.0
1753067838001653794,0,0.0
1753067838003657572,0,0.0
1753067838005716698,0,0.0
1753067838007641064,0,0.0
1753067838009591653,0,0.0
1753067838011630575,0,0.0
1753067838013625053,0,0.0
1753067838015657969,0,0.0
1753067838017604679,0,0.0
1753067838019628780,0,0.0
1753067838021609538,0,0.0
1753067838023609993,0,0.0
1753067838025582899,0,0.0
1753067838027722921,1,0.0
1753067838029639819,1,0.0
1753067838031655516,0,0.0
1753067838033702794,0,0.0
1753067838035674457,1,0.0
1753067838037738698,1,0.0
1753067838039736413,0,0.0
1753067838041600652,0,0.0
1753067838043711145,0,0.0
1753067838045638773,0,0.0
1753067838047651055,0,0.0
1753067838049688891,0,0.0
1753067838051721431,0,0.0
1753067838053657259,0,0.0
1753067838055750989,1,0.0
1753067838057668317,0,0.0
1753067838059632649,0,0.0
1753067838061666393,0,0.0
1753067838063660504,0,0.0
1753067838065678975,0,0.0
1753067838067643791,0,0.0
1753067838069671498,0,0.0
1753067838071641140,1,0.0
1753067838073616864,0,0.0
1753067838075620365,1,0.0
1753067838077595637,0,0.0
1753067838079527131,0,0.0
1753067838081552596,1,0.0
1753067838083558592,0,0.0
1753067838085511104,0,0.0
1753067838087533498,0,0.0
1753067838089510971,0,0.0
1753067838091501418,0,0.0
1753067838093474853,0,0.0
1753067838095467862,0,2.0322007129243804
1753067838097476955,1,2.0322007129243804
1753067838099495270,1,0.0
1753067838101507250,0,0.0
1753067838103549794,0,0.0
1753067838105578162,0,0.0
1753067838107487518,0,0.0
1753067838109499435,0,0.0
1753067838111599620,0,0.0
1753067838113510648,0,0.0
1753067838115444968,0,0.0
1753067838117480531,0,0.0
1753067838119433034,0,0.0
1753067838121522504,0,0.0
1753067838123538538,0,0.0
1753067838125485371,0,0.0
1753067838127460479,0,0.0
1753067838129425299,0,0.0
1753067838131454241,0,0.0
1753067838133458345,1,0.0
1753067838135490556,0,0.0
1753067838137518162,0,0.0
1753067838139451311,0,0.0
1753067838141451204,0,0.0
1753067838143558329,1,0.0
1753067838145517540,0,0.0
1753067838147517098,0,0.0
1753067838149445955,1,0.0
1753067838151451751,0,0.0
1753067838153425018,0,0.0
1753067838155364230,0,0.0
1753067838157351937,0,0.0
1753067838159392101,0,0.0
1753067838161359897,0,0.0
1753067838163412665,0,0.0
1753067838165443198,0,0.0
1753067838167409896,0,0.0
1753067838169451433,0,0.0
1753067838171406101,0,0.0
1753067838173379134,0,0.0
1753067838175351861,0,0.0
1753067838177378602,0,0.0
1753067838179305007,0,0.0
1753067838181296234,0,0.0
1753067838183347636,0,0.0
1753067838185345208,0,0.0
1753067838187334067,0,0.0
1753067838189308432,0,0.0
1753067838191354186,1,0.0
1753067838193352553,0,0.0
1753067838195335497,0,0.0
1753067838197303176,1,0.0
1753067838199319128,0,0.0
1753067838201310554,0,0.0
1753067838203280826,1,0.0
1753067838205270593,1,0.0
1753067838207320376,0,0.0
1753067838209295434,1,0.0
1753067838211304507,0,0.0
1753067838213267941,0,0.0
1753067838215270333,0,0.0
1753067838217319195,0,0.0
1753067838219264396,0,0.0
1753067838221266183,0,0.0
1753067838223272482,0,0.0
1753067838225264892,0,0.0
1753067838227254948,0,0.0
1753067838229260926,0,0.0
1753067838231245012,0,0.0
1753067838233214233,1,0.0
1753067838235168112,0,0.0
1753067838237175038,0,0.0
1753067838239197077,1,0.0
1753067838241210096,0,0.0
1753067838243168386,0,0.0
1753067838245150071,0,0.0
1753067838247164796,0,0.0
1753067838249175283,0,0.0
1753067838251190152,0,0.0
1753067838253158989,0,0.0
1753067838255116256,0,0.0
1753067838257130629,0,0.0
1753067838259206289,0,0.0
1753067838261191915,0,0.0
1753067838263160549,0,0.0
1753067838265191615,0,0.0
1753067838267170290,0,0.0
1753067838269184664,0,0.0
1753067838271169471,1,0.0
1753067838273178827,0,0.0
1753067838275130473,0,0.0
1753067838277161972,0,0.0
1753067838279123381,1,0.0
1753067838281187260,0,0.0
1753067838283083368,1,0.0
1753067838285080194,0,0.0
1753067838287124925,0,0.0
1753067838289143710,0,0.0
1753067838291138315,0,0.0
1753067838293154149,0,0.0
1753067838295127300,1,0.0
1753067838297140239,0,0.0
1753067838299162875,0,0.0
1753067838301155410,0,0.0
1753067838303171053,0,0.0
1753067838305146267,1,0.0
1753067838307145544,1,0.0
1753067838309092261,0,0.0
1753067838311159339,1,0.0
1753067838313130250,0,0.0
1753067838315131694,0,0.0
1753067838317211194,0,0.0
1753067838319187311,0,0.0
1753067838321178153,0,0.0
1753067838323163787,0,0.0
1753067838325155003,0,0.0
1753067838327151739,0,0.0
1753067838329086260,0,0.0
1753067838331118275,0,0.0
1753067838333081076,0,0.0
1753067838335155725,1,0.0
1753067838337112407,0,0.0
1753067838339044859,0,0.0
1753067838341061749,0,0.0
1753067838343006538,0,0.0
1753067838345067472,0,0.0
1753067838347053934,0,0.0
1753067838349048304,0,0.0
1753067838351030490,0,0.0
1753067838352957394,0,0.0
1753067838355008960,1,0.0
1753067838357012098,0,0.0
1753067838358971794,0,0.0
1753067838361014212,0,0.0
1753067838363006396,0,0.0
1753067838364978616,0,0.0
1753067838366953708,0,0.0
1753067838368972113,1,0.0
1753067838371022489,0,0.0
1753067838372976070,0,0.0
1753067838375023111,0,0.0
1753067838377045261,0,0.0
1753067838379008808,0,0.0
1753067838380960606,0,0.0
1753067838382966752,0,0.0
1753067838384984161,0,0.0
1753067838386977129,0,0.0
1753067838388939786,0,0.0
1753067838390969359,0,0.0
1753067838392962527,0,0.0
1753067838394952505,0,0.0
1753067838396938572,0,0.0
1753067838398979505,1,0.0
1753067838400995706,0,0.0
1753067838403033519,0,0.0
1753067838405022912,0,0.0
1753067838407007398,0,0.0
1753067838408990118,0,0.0
1753067838410895655,1,0.0
1753067838412883865,0,0.0
1753067838414926318,0,0.0
1753067838416892967,0,0.0
1753067838418966691,0,0.0
1753067838420967188,0,0.0
1753067838422864121,0,0.0
1753067838424899124,0,0.0
1753067838426883753,0,0.0
1753067838428848849,0,0.0
1753067838430872903,0,0.0
1753067838432884404,0,0.0
1753067838434891479,0,0.0
1753067838436807250,0,0.0
1753067838438869936,0,0.0
1753067838440818903,0,0.0
1753067838442956985,0,0.0
1753067838444824914,0,0.0
1753067838446920543,0,0.0
1753067838448816574,0,0.0
1753067838450813904,1,0.0
1753067838452786443,0,0.0
1753067838454802694,0,0.0
1753067838456839602,0,0.0
1753067838458797419,1,0.0
1753067838460721708,0,0.0
1753067838462771888,0,0.0
1753067838464799737,1,0.0
1753067838466753099,1,0.0
1753067838468759594,0,0.0
1753067838470756554,0,0.0
1753067838472760214,0,0.0
1753067838474693783,0,0.0
1753067838476751473,0,0.0
1753067838478762135,0,0.0
1753067838480789883,0,0.0
1753067838482758952,0,0.0
1753067838484814073,0,0.0
1753067838486797597,0,0.0
1753067838488808383,0,0.0
1753067838490737523,0,0.0
1753067838492707230,0,0.0
1753067838494762700,0,0.0
1753067838496766631,0,0.0
1753067838498723200,0,0.0
1753067838500713519,0,0.0
1753067838502742403,0,0.0
1753067838504662425,1,0.0
1753067838506694836,1,0.0
1753067838508700254,0,0.0
1753067838510710384,0,0.0
1753067838512664249,1,0.0
1753067838514697445,0,0.0
1753067838516614229,0,0.0
1753067838518704296,0,0.0
1753067838520735378,0,0.0
1753067838522717523,1,0.0
1753067838524681162,0,0.0
1753067838526650296,1,0.0
1753067838528713464,0,0.0
1753067838530648464,0,0.0
1753067838532635114,1,0.0
1753067838534663426,0,0.0
1753067838536636029,0,0.0
1753067838538655544,1,0.0
1753067838540611349,0,0.0
1753067838542629012,0,0.0
1753067838544659347,0,0.0
1753067838546641636,0,0.0
1753067838548627924,1,0.0
1753067838550636664,1,0.0
1753067838552626741,0,0.0
1753067838554676154,0,0.0
1753067838556674512,1,0.0
1753067838558618800,0,0.0
1753067838560624675,1,0.0
1753067838562600667,0,0.0
1753067838564648166,0,0.0
1753067838566626450,0,0.0
1753067838568621403,0,0.0
1753067838570698134,0,0.0
1753067838572606268,0,0.0
1753067838574624634,1,0.0
1753067838576590825,0,0.0
1753067838578576401,0,0.0
1753067838580577486,1,0.0
1753067838582584631,1,0.0
1753067838584578656,0,0.0
1753067838586623993,0,0.0
1753067838588706195,1,0.0
1753067838590659096,0,0.0
1753067838592672040,0,0.0
1753067838594665205,0,0.0
1753067838596600757,0,0.0
1753067838598645723,0,0.0
1753067838600607479,0,0.0
1753067838602630489,0,0.0
1753067838604572718,0,0.0
1753067838606591048,1,0.0
1753067838608569889,0,0.0
1753067838610575951,0,0.0
1753067838612534625,1,0.0
1753067838614608239,0,0.0
1753067838616559665,0,0.0
1753067838618580715,0,0.0
1753067838620608776,0,0.0
1753067838622571260,0,0.0
1753067838624547112,1,0.0
1753067838626535437,1,0.0
1753067838628522010,0,0.0
1753067838630524745,1,0.0
1753067838632522420,1,0.0
1753067838634527979,1,0.0
1753067838636539918,0,0.0
1753067838638521839,1,0.0
1753067838640522712,0,0.0
1753067838642513944,1,0.0
1753067838644535936,0,0.0
1753067838646483510,0,0.0
1753067838648511558,0,0.0
1753067838650539850,0,0.0
1753067838652531055,0,0.0
1753067838654492871,0,0.0
1753067838656488176,0,0.0
1753067838658577583,0,0.0
1753067838660447300,0,0.0
1753067838662497030,0,0.0
1753067838664507893,0,0.0
1753067838666473397,0,0.0
1753067838668509338,0,0.0
1753067838670484402,0,0.0
1753067838672466642,0,0.0
1753067838674442400,0,0.0
1753067838676450848,0,0.0
1753067838678438324,0,0.0
1753067838680455163,0,0.0
1753067838682460883,0,0.0
1753067838684462128,0,0.0
1753067838686458656,1,0.0
1753067838688436602,0,0.0
1753067838690402777,1,0.0
1753067838692371227,0,0.0
1753067838694421771,0,0.0
1753067838696382862,0,0.0
1753067838698433529,1,0.0
1753067838700369119,0,0.0
1753067838702391901,0,0.0
1753067838704364841,1,0.0
1753067838706330997,0,0.0
1753067838708320723,0,0.0
1753067838710319443,1,0.0
1753067838712295070,0,0.0
1753067838714378833,0,0.0
1753067838716373061,0,0.0
1753067838718393452,0,0.0
1753067838720398291,0,0.0
1753067838722386143,0,0.0
1753067838724321250,0,0.0
1753067838726317359,0,0.0
1753067838728264029,0,0.0
1753067838730357690,0,0.0
1753067838732309517,0,0.0
1753067838734313941,1,0.0
1753067838736325871,1,0.0
1753067838738328506,0,0.0
1753067838740265320,0,0.0
1753067838742276757,1,0.0
1753067838744255307,0,0.0
1753067838746261506,0,0.0
1753067838748264549,0,0.0
1753067838750216324,0,0.0
1753067838752275098,0,0.0
1753067838754220996,0,0.0
1753067838756273751,0,0.0
1753067838758278747,0,0.0
1753067838760315430,0,0.0
1753067838762269853,0,0.0
1753067838764237094,1,0.0
1753067838766240118,1,0.0
1753067838768263498,0,0.0
1753067838770262276,1,0.0
1753067838772244443,0,0.0
1753067838774257089,0,0.0
1753067838776179363,0,0.0
1753067838778183617,0,0.0
1753067838780195889,0,0.0
1753067838782181518,0,0.0
1753067838784252269,0,0.0
1753067838786216489,0,0.0
1753067838788200486,1,0.0
1753067838790160555,1,0.0
1753067838792179547,0,0.0
1753067838794185973,0,0.0
1753067838796142539,0,0.0
1753067838798177935,0,0.0
1753067838800163635,0,0.0
1753067838802210837,1,0.0
1753067838804225379,1,0.0
1753067838806181853,0,0.0
1753067838808146288,0,0.0
1753067838810163735,0,0.0
1753067838812161710,0,0.0
1753067838814214018,1,0.0
1753067838816282868,0,0.0
1753067838818151919,0,0.0
1753067838820161440,0,0.0
1753067838822142412,0,0.0
1753067838824097185,0,0.0
1753067838826121870,1,0.0
1753067838828076300,1,0.0
1753067838830124407,0,0.0
1753067838832076485,0,0.0
1753067838834098239,0,0.0
1753067838836050461,0,0.0
1753067838838102859,0,0.0
1753067838840174064,0,0.0
1753067838842074182,1,0.0
1753067838844139647,0,0.0
1753067838846195293,0,0.0
1753067838848161269,0,0.0
1753067838850072599,1,0.0
1753067838852122417,0,0.0
1753067838854125388,0,0.0
1753067838856116469,0,0.0
1753067838858147213,0,0.0
1753067838860044144,0,0.0
1753067838862096136,0,0.0
1753067838864039224,0,0.0
1753067838866123055,0,0.0
1753067838868066364,1,0.0
1753067838870101519,1,0.0
1753067838872062109,0,0.0
1753067838874122271,0,0.0
1753067838876035224,0,0.0
1753067838878044657,1,0.0
1753067838880070499,0,0.0
1753067838882026382,0,0.0
1753067838884030995,1,0.0
1753067838886030105,0,0.0
1753067838887951473,0,0.0
1753067838890011099,0,0.0
1753067838891975894,0,0.0
1753067838894001328,0,0.0
1753067838896009755,1,0.0
1753067838898049531,0,0.0
1753067838900012145,1,0.0
1753067838902052980,0,0.0
1753067838904006652,0,0.0
1753067838906094260,0,0.0
1753067838907995850,1,0.0
1753067838910015705,0,0.0
1753067838911948295,1,0.0
1753067838913972261,0,0.0
1753067838915979150,0,0.0
1753067838917960119,0,0.0
1753067838919998842,0,0.0
1753067838922117935,0,0.0
1753067838924046456,0,0.0
1753067838925977117,0,0.0
1753067838927923551,0,0.0
1753067838929956591,0,0.0
1753067838931956315,0,0.0
1753067838933877111,0,0.0
1753067838935915685,1,0.0
1753067838937959803,0,0.0
1753067838939934204,0,0.0
1753067838941921620,0,0.0
1753067838943916009,0,0.0
1753067838945918718,0,0.0
1753067838947944819,0,0.0
1753067838949914406,0,0.0
1753067838951919054,0,0.0
1753067838953874907,0,0.0
1753067838955911488,0,0.0
1753067838957876827,0,0.0
1753067838960017718,0,0.0
1753067838961861420,0,0.0
1753067838963891945,0,0.0
1753067838965871471,0,0.0
1753067838968016498,0,0.0
1753067838969851503,0,0.0
1753067838971960366,0,0.0
1753067838973845538,0,0.0
1753067838975868468,0,0.0
1753067838977866217,0,0.0
1753067838979932942,0,0.0
1753067838981839014,0,0.0
1753067838983870013,0,0.0
1753067838985830049,0,0.0
1753067838987839440,0,0.0
1753067838989817386,0,0.0
1753067838991837085,0,0.0
1753067838993827306,0,0.0
1753067838996009352,0,0.0
1753067838997870739,0,0.0
1753067838999844885,0,0.0
1753067839001879717,0,0.0
1753067839003869196,0,0.0
1753067839005803457,0,0.0
1753067839007827735,0,0.0
1753067839009834768,0,0.0
1753067839011857874,0,0.0
1753067839013798340,1,0.0
1753067839015819750,0,0.0
1753067839017819312,1,0.0
1753067839019836293,0,0.0
1753067839021784697,1,0.0
1753067839023765828,0,0.0
1753067839025770730,0,0.0
1753067839027770308,1,0.0
1753067839029721189,0,0.0
1753067839031772671,1,0.0
1753067839033735773,1,0.0
1753067839035758560,0,0.0
1753067839037761064,1,0.0
1753067839039768080,0,0.0
1753067839041738545,0,0.0
1753067839043645608,0,0.0
1753067839045679788,0,0.0
1753067839047648735,0,0.0
1753067839049596631,1,0.0
1753067839051617204,0,0.0
1753067839053610585,0,0.0
1753067839055635398,0,0.0
1753067839057649052,0,0.0
1753067839059639334,1,0.0
1753067839061598402,0,0.0
1753067839063602170,1,0.0
1753067839065598635,0,0.0
1753067839067586924,1,0.0
1753067839069618968,0,0.0
1753067839071622249,0,0.0
1753067839073571298,0,0.0
1753067839075579768,0,0.0
1753067839077571367,0,0.0
1753067839079570170,0,0.0
1753067839081564997,0,0.0
1753067839083565628,0,0.0
1753067839085562057,0,0.0
1753067839087587932,1,0.0
1753067839089581557,0,0.0
1753067839091595101,0,0.0
1753067839093595610,1,0.0
1753067839095622053,0,0.0
1753067839097649555,0,0.0
1753067839099568343,0,0.0
1753067839101579195,0,0.0
1753067839103579873,0,0.0
1753067839105593169,0,0.0
1753067839107627785,1,0.0
1753067839109587867,0,0.0
1753067839111634089,0,0.0
1753067839113623165,0,0.0
1753067839115615862,0,0.0
1753067839117582750,0,0.0
1753067839119552307,1,0.0
1753067839121583070,1,0.0
1753067839123594354,0,0.0
1753067839125569427,0,0.0
1753067839127573274,0,0.0
1753067839129652835,1,0.0
1753067839131607106,1,0.0
1753067839133617912,0,0.0
1753067839135554017,0,0.0
1753067839137554001,0,0.0
1753067839139554042,0,0.0
1753067839141550991,0,0.0
1753067839143525118,1,0.0
1753067839145580540,1,0.0
1753067839147523218,0,0.0
1753067839149529692,0,0.0
1753067839151520414,0,0.0
1753067839153597758,0,0.0
1753067839155502657,1,0.0
1753067839157514838,0,0.0
1753067839159491276,0,0.0
1753067839161507622,0,0.0
1753067839163540734,0,0.0
1753067839165471878,0,0.0
1753067839167532554,1,0.0
1753067839169495534,1,0.0
1753067839171477057,0,0.0
1753067839173514065,0,0.0
1753067839175492768,0,0.0
1753067839177523374,1,0.0
1753067839179513594,0,0.0
1753067839181490823,0,0.0
1753067839183493627,1,0.0
1753067839185498176,0,0.0
1753067839187438195,0,0.0
1753067839189418747,0,0.0
1753067839191458931,1,0.0
1753067839193502464,0,0.0
1753067839195503810,0,0.0
1753067839197506094,1,0.0
1753067839199469302,0,0.0
1753067839201457476,0,0.0
1753067839203423831,1,0.0
1753067839205427965,0,0.0
1753067839207438541,0,0.0
1753067839209450275,0,0.0
1753067839211483198,0,0.0
1753067839213482850,0,0.0
1753067839215439312,0,0.0
1753067839217446661,0,0.0
1753067839219377212,0,0.0
1753067839221429481,1,0.0
1753067839223367542,1,0.0
1753067839225357685,0,0.0
1753067839227460990,0,0.0
1753067839229345214,0,0.0
1753067839231416456,0,0.0
1753067839233310237,0,0.0
1753067839235357716,0,0.0
1753067839237320182,0,0.0
1753067839239312187,0,0.0
1753067839241371298,0,0.0
1753067839243362810,0,0.0
1753067839245290060,0,0.0
1753067839247317105,0,0.0
1753067839249389344,0,0.0
1753067839251306985,0,0.0
1753067839253387231,0,0.0
1753067839255323541,0,0.0
1753067839257386613,1,0.0
1753067839259324449,0,0.0
1753067839261322346,0,0.0
1753067839263301951,1,0.0
1753067839265319788,0,0.0
1753067839267287516,1,0.0
1753067839269245704,0,0.0
1753067839271248055,1,0.0
1753067839273319112,0,0.0
1753067839275283370,1,0.0
1753067839277273569,1,0.0
1753067839279252711,0,0.0
1753067839281258717,0,0.0
1753067839283292605,0,0.0
1753067839285279543,1,0.0
1753067839287313742,0,0.0
1753067839289311030,0,0.0
1753067839291230279,0,0.0
1753067839293278939,0,0.0
1753067839295205068,0,0.0
1753067839297294237,0,0.0
1753067839299274102,1,0.0
1753067839301253133,1,0.0
1753067839303373169,0,0.0
1753067839305206915,0,0.0
1753067839307200875,0,0.0
1753067839309172053,0,0.0
1753067839311259765,0,0.0
1753067839313209586,0,0.0
1753067839315223423,1,0.0
1753067839317319350,0,0.0
1753067839319247391,0,0.0
1753067839321207991,0,0.0
1753067839323173468,0,0.0
1753067839325171198,0,0.0
1753067839327303797,0,0.0
1753067839329198628,0,0.0
1753067839331263262,0,0.0
1753067839333179085,0,0.0
1753067839335188847,0,0.0
1753067839337135394,0,0.0
1753067839339132962,0,0.0
1753067839341138896,0,0.0
1753067839343124911,0,0.0
1753067839345170099,0,0.0
1753067839347165683,0,0.0
1753067839349187189,0,0.0
1753067839351189096,0,0.0
1753067839353215676,0,0.0
1753067839355169676,0,0.0
1753067839357187373,1,0.0
1753067839359196295,0,0.0
1753067839361140350,0,0.0
1753067839363115233,0,0.0
1753067839365138245,0,0.0
1753067839367184710,0,0.0
1753067839369180719,1,0.0
1753067839371123876,0,0.0
1753067839373143672,0,0.0
1753067839375171490,0,0.0
1753067839377085499,0,0.0
1753067839379168970,1,0.0
1753067839381172596,0,0.0
1753067839383126589,0,0.0
1753067839385039776,0,0.0
1753067839387075304,0,0.0
1753067839389073877,0,0.0
1753067839391121317,0,0.0
1753067839393057562,1,0.0
1753067839395129682,0,0.0
1753067839397102508,0,0.0
1753067839399121830,1,0.0
1753067839401098710,1,0.0
1753067839403129085,0,0.0
1753067839405095344,0,0.0
1753067839407042538,0,0.0
1753067839409059257,0,0.0
1753067839411044184,0,0.0
1753067839413014092,0,0.0
1753067839415029289,0,0.0
1753067839417051484,0,0.0
1753067839419074089,0,0.0
1753067839421090023,0,0.0
1753067839423127136,0,0.0
1753067839425093258,0,0.0
1753067839427079738,0,0.0
1753067839429048332,0,0.0
1753067839431013375,1,0.0
1753067839433028103,1,0.0
1753067839434988711,0,0.0
1753067839437034429,1,0.0
1753067839439022043,0,0.0
1753067839441044261,0,0.0
1753067839443253425,1,0.0
1753067839445040376,0,0.0
1753067839446966997,0,0.0
1753067839449006256,0,0.0
1753067839451015982,0,0.0
1753067839453041234,0,0.0
1753067839455196926,0,0.0
1753067839457007229,0,0.0
1753067839458950178,0,0.0
1753067839460940767,0,0.0
1753067839462949975,0,0.0
1753067839464961712,0,0.0
1753067839467007083,0,0.0
1753067839469025810,0,0.0
1753067839470977376,0,0.0
1753067839472973384,0,0.0
1753067839475063717,0,0.0
1753067839476974281,0,0.0
1753067839478976498,0,0.0
1753067839480973348,0,0.0
1753067839482946202,0,0.0
1753067839485016280,0,0.0
1753067839486944654,0,0.0
1753067839488918262,0,0.0
1753067839490950025,0,0.0
1753067839492940913,0,0.0
1753067839494973080,0,0.0
1753067839496927050,0,0.0
1753067839498917574,0,0.0
1753067839500898160,0,0.0
1753067839502907127,0,0.0
1753067839504918599,0,0.0
1753067839506918000,0,0.0
1753067839508985387,0,0.0
1753067839510959336,0,0.0
1753067839512818886,0,0.0
1753067839514854903,0,0.0
1753067839516941288,1,0.0
1753067839518941559,0,0.0
1753067839520953080,0,0.0
1753067839522954171,0,0.0
1753067839524949153,0,0.0
1753067839527008871,1,0.0
1753067839528941497,0,0.0
1753067839530966901,0,0.0
1753067839532923745,0,0.0
1753067839534831892,0,0.0
1753067839536935768,0,0.0
1753067839538907338,0,0.0
1753067839540869258,0,0.0
1753067839542879087,0,0.0
1753067839544872863,0,0.0
1753067839546828025,0,0.0
1753067839548919337,0,0.0
1753067839550895842,0,0.0
1753067839552799570,0,0.0
1753067839554831177,0,0.0
1753067839556787436,0,0.0
1753067839558819881,0,0.0
1753067839560789123,1,0.0
1753067839562820380,1,0.0
1753067839564756272,0,0.0
1753067839566759162,0,0.0
1753067839568741879,0,0.0
1753067839570774858,0,0.0
1753067839572760445,0,0.0
1753067839574729453,0,0.0
1753067839576740730,0,0.0
1753067839578738395,0,0.0
1753067839580738997,0,0.0
1753067839582736601,0,0.0
1753067839584777928,0,0.0
1753067839586739955,0,0.0
1753067839588763487,0,0.0
1753067839590667585,0,0.0
1753067839592666465,0,0.0
1753067839594674616,0,0.0
1753067839596675641,0,0.0
1753067839598691139,0,0.0
1753067839600758868,1,0.0
1753067839602735796,0,0.0
1753067839604735210,0,0.0
1753067839606662109,0,0.0
1753067839608751282,0,0.0
1753067839610719363,0,0.0
1753067839612669409,0,0.0
1753067839614685491,0,0.0
1753067839616688310,0,0.0
1753067839618694053,0,0.0
1753067839620644039,0,0.0
1753067839622652343,0,0.0
1753067839624705253,0,0.0
1753067839626654328,0,0.0
1753067839628669141,0,0.0
1753067839630659869,0,0.0
1753067839632691128,0,0.0
1753067839634694276,1,0.0
1753067839636652563,0,0.0
1753067839638670315,1,0.0
1753067839640707134,0,0.0
1753067839642716027,0,0.0
1753067839644666707,0,0.0
1753067839646660287,0,0.0
1753067839648626557,0,0.0
1753067839650605242,1,0.0
1753067839652606990,0,0.0
1753067839654619353,0,0.0
1753067839656631567,0,0.0
1753067839658655500,0,0.0
1753067839660615712,0,0.0
1753067839662602829,1,0.0
1753067839664643458,0,0.0
1753067839666666418,0,0.0
1753067839668617653,0,0.0
1753067839670619080,0,0.0
1753067839672526328,1,0.0
1753067839674586433,0,0.0
1753067839676581423,0,0.0
1753067839678599925,0,0.0
1753067839680585116,0,0.0
1753067839682595994,0,0.0
1753067839684653739,0,0.0
1753067839686661624,0,0.0
1753067839688600208,0,0.0
1753067839690680553,1,0.0
1753067839692567210,0,0.0
1753067839694565552,0,0.0
1753067839696614763,0,0.0
1753067839698557198,0,0.0
1753067839700512924,0,0.0
1753067839702542300,0,0.0
1753067839704507011,0,0.0
1753067839706551639,0,0.0
1753067839708495394,0,0.0
1753067839710512698,0,0.0
1753067839712522385,0,0.0
1753067839714510964,0,0.0
1753067839716512608,1,0.4965545385839848
1753067839718513020,0,8.937905148413593
1753067839720476501,0,8.937905148413593
1753067839722510031,0,0.0
1753067839724477527,0,0.0
1753067839726465177,0,0.0
1753067839728455675,0,0.0
1753067839730467094,0,0.0
1753067839732448203,0,0.0
1753067839734472675,0,0.0
1753067839736439771,0,0.0
1753067839738451281,0,0.0
1753067839740499355,1,0.0
1753067839742512961,0,0.0
1753067839744439422,0,0.0
1753067839746433548,0,0.0
1753067839748434256,0,0.0
1753067839750444530,0,0.0
1753067839752418149,0,0.0
1753067839754423717,0,0.0
1753067839756484261,1,0.0
1753067839758418111,0,0.0
1753067839760409794,0,0.0
1753067839762453622,1,0.0
1753067839764411480,0,0.0
1753067839766439477,0,0.0
1753067839768377654,0,0.0
1753067839770365752,1,0.0
1753067839772384942,0,0.0
1753067839774344259,0,0.0
1753067839776437345,0,0.0
1753067839778332634,0,0.0
1753067839780331646,0,0.0
1753067839782334609,1,0.0
1753067839784304237,0,0.0
1753067839786386126,0,0.0
1753067839788406345,0,0.0
1753067839790350741,0,0.0
1753067839792348718,1,0.0
1753067839794333530,0,0.0
1753067839796372890,0,0.0
1753067839798395763,0,0.0
1753067839800363719,0,0.0
1753067839802303439,0,0.0
1753067839804355004,0,0.0
1753067839806330383,0,0.0
1753067839808284578,0,0.0
1753067839810250769,0,0.0
1753067839812339307,0,0.0
1753067839814269368,1,0.0
1753067839816293486,0,0.0
1753067839818254048,0,0.0
1753067839820271775,0,0.0
1753067839822286117,0,0.0
1753067839824278198,0,0.0
1753067839826230939,0,0.0
1753067839828334741,0,0.0
1753067839830182813,0,0.0
1753067839832242267,0,0.0
1753067839834189386,0,0.0
1753067839836248200,0,0.0
1753067839838189499,0,0.0
1753067839840274050,0,0.0
1753067839842189456,0,0.0
1753067839844192101,0,0.0
1753067839846247277,1,0.0
1753067839848202300,0,0.0
1753067839850184196,0,0.0
1753067839852163179,0,0.0
1753067839854127448,0,0.0
1753067839856165232,0,0.0
1753067839858128054,0,0.0
1753067839860153066,0,0.0
1753067839862193877,0,0.0
1753067839864175897,0,0.0
1753067839866172135,0,0.0
1753067839868184368,0,0.0
1753067839870102411,0,0.0
1753067839872146723,0,0.0
1753067839874099343,0,0.0
1753067839876209355,0,0.0
1753067839878107390,0,0.0
1753067839880154775,1,0.0
1753067839882190695,0,0.0
1753067839884201120,0,0.0
1753067839886179262,0,0.0
1753067839888123868,0,0.0
1753067839890117906,1,0.0
1753067839892185998,0,0.0
1753067839894136828,0,0.0
1753067839896169527,0,0.0
1753067839898181464,1,0.0
1753067839900162294,0,0.0
1753067839902141312,0,0.0
1753067839904093598,0,0.0
1753067839906126198,0,0.0
1753067839908051514,0,0.0
1753067839910011161,0,0.0
1753067839912051866,0,0.0
1753067839914066306,0,0.0
1753067839916046793,0,0.0
1753067839918048708,0,0.0
1753067839920066834,1,0.0
1753067839922052197,0,0.0
1753067839924054781,0,0.0
1753067839926045349,0,0.0
1753067839928068409,0,0.0
1753067839930018032,0,0.0
1753067839932089319,0,0.0
1753067839934004991,0,0.0
1753067839936059264,1,0.0
1753067839938020425,0,0.0
1753067839940054782,0,0.0
1753067839942052443,0,0.0
1753067839944097551,1,0.0
1753067839946005933,0,0.0
1753067839948056661,0,0.0
1753067839950046476,1,0.0
1753067839952021261,0,0.0
1753067839954040515,0,0.0
1753067839955966274,0,0.0
1753067839958118779,1,0.0
1753067839960062511,0,0.0
1753067839962022895,0,0.0
1753067839963966911,0,0.0
1753067839966026780,0,0.0
1753067839968022393,0,0.0
1753067839970005850,0,0.0
1753067839972005731,0,0.0
1753067839973929551,0,0.0
1753067839975985046,0,0.0
1753067839977930785,0,0.0
1753067839979913916,0,0.0
1753067839981907527,0,0.0
1753067839983916599,0,0.0
1753067839985922341,0,0.0
1753067839987945058,0,0.0
1753067839989956753,0,0.0
1753067839991964926,0,0.0
1753067839993900801,1,0.0
1753067839995911403,0,0.0
1753067839997973985,1,0.0
1753067839999955978,0,0.0
1753067840001872079,0,0.0
1753067840004034679,0,0.0
1753067840005954642,0,0.0
1753067840007935954,1,0.0
1753067840009980283,1,0.0
1753067840011942483,0,0.0
1753067840013969287,1,0.0
1753067840015966635,0,0.0
1753067840017935586,0,0.0
1753067840020062010,1,0.0
1753067840021912009,0,0.0
1753067840023935000,0,0.0
1753067840025917493,0,0.0
1753067840028005477,0,0.0
1753067840029914032,0,0.0
1753067840031901134,0,0.0
1753067840033903103,0,0.0
1753067840035950487,0,0.0
1753067840037939521,0,0.0
1753067840039942943,0,0.0
1753067840041908975,0,0.0
1753067840043883584,1,0.0
1753067840045895003,0,0.0
1753067840047910233,0,0.0
1753067840049937991,0,0.0
1753067840051873844,0,0.0
1753067840053871870,0,0.0
1753067840055899511,0,0.0
1753067840057877488,1,0.0
1753067840059906740,0,0.0
1753067840061840652,0,0.0
1753067840063885037,0,0.0
1753067840065850008,0,0.0
1753067840067926764,0,0.0
1753067840069986961,1,0.0
1753067840071822303,0,0.0
1753067840073867063,0,0.0
1753067840075809946,0,0.0
1753067840077861718,0,0.0
1753067840079792162,1,0.0
1753067840081885746,0,0.0
1753067840083795808,0,0.0
1753067840085866371,0,0.0
1753067840087781726,0,0.0
1753067840089751638,1,0.0
1753067840091823772,0,0.0
1753067840093789919,0,0.0
1753067840095754513,0,0.0
1753067840097802116,0,0.0
1753067840099803874,0,0.0
1753067840101749990,0,0.0
1753067840103745454,0,0.0
1753067840105876603,0,0.0
1753067840107778396,0,0.0
1753067840109772554,1,0.0
1753067840111743619,1,0.0
1753067840113811978,1,0.0
1753067840115771283,0,0.0
1753067840117814580,0,0.0
1753067840119802103,1,0.0
1753067840121709437,0,0.0
1753067840123738678,1,0.0
1753067840125727688,0,0.0
1753067840127700923,1,0.0
1753067840129682100,0,0.0
1753067840131702478,0,0.0
1753067840133667648,0,0.0
1753067840135734544,1,0.0
1753067840137684248,0,0.0
1753067840139699683,1,0.0
1753067840141754485,0,0.0
1753067840143696146,0,0.0
1753067840145738904,0,0.0
1753067840147739060,0,0.0
1753067840149788836,0,0.0
1753067840151758911,0,0.0
1753067840153766821,1,0.0
1753067840155799749,0,0.0
1753067840157687496,0,0.0
1753067840159756488,0,0.0
1753067840161717288,0,0.0
1753067840163697443,0,0.0
1753067840165712904,0,0.0
1753067840167707879,0,0.0
1753067840170683390,1,0.0
1753067840172723140,0,0.0
1753067840174686987,0,0.0
1753067840176675841,0,0.11969984174460913
1753067840178683923,0,0.11969984174460913
1753067840180647376,0,0.0
1753067840182629201,0,0.0
1753067840184625741,0,0.0
1753067840186644886,0,0.0
1753067840188679565,0,0.0
1753067840190626854,0,0.0
1753067840192616571,0,0.0
1753067840194641212,0,0.0
1753067840196653947,0,0.0
1753067840198635629,0,0.0
1753067840200564594,0,0.0
1753067840202612933,0,0.0
1753067840204573525,1,0.0
1753067840206583073,1,0.0
1753067840208611135,0,0.0
1753067840210579993,1,0.0
1753067840212580346,0,0.0
1753067840214582591,1,0.0
1753067840216562332,1,0.0
1753067840218617789,0,0.0
1753067840220575907,0,0.0
1753067840222591147,0,0.0
1753067840224539801,0,0.0
1753067840226611977,0,0.0
1753067840228585724,1,0.0
1753067840230591248,0,0.0
1753067840232599363,1,0.0
1753067840234563954,0,0.0
1753067840236503370,0,0.0
1753067840238579989,1,0.0
1753067840240551630,0,0.0
1753067840242498043,1,0.0
1753067840244522571,0,0.0
1753067840246508674,0,0.0
1753067840248532422,0,0.0
1753067840250500673,0,0.0
1753067840252537173,0,0.0
1753067840254495486,0,0.0
1753067840256556854,1,0.0
1753067840258484877,1,0.0
1753067840260478128,1,0.0
1753067840262441214,0,0.0
1753067840264452501,0,0.0
1753067840266507970,0,0.0
1753067840268489697,0,0.0
1753067840270486641,0,0.0
1753067840272476125,0,0.0
1753067840274429036,1,0.0
1753067840276443887,0,0.0
1753067840278393988,0,0.0
1753067840280405932,1,0.0
1753067840282458656,0,0.0
1753067840284446839,0,0.0
1753067840286441853,1,0.0
1753067840288434089,0,0.0
1753067840290384104,0,0.0
1753067840292464718,0,0.0
1753067840294419301,0,0.0
1753067840296459258,0,0.0
1753067840298433845,0,0.0
1753067840300470773,1,0.0
1753067840302456141,0,0.0
1753067840304391460,0,0.0
1753067840306404834,0,0.0
1753067840308415939,0,0.0
1753067840310350071,0,0.0
1753067840312377644,0,0.0
1753067840314364594,1,0.0
1753067840316378517,1,0.0
1753067840318418516,0,0.0
1753067840320349661,1,0.0
1753067840322352023,0,0.0
1753067840324370017,0,0.0
1753067840326330501,0,0.0
1753067840328388796,0,1.209190922048577
1753067840330310843,1,1.209190922048577
1753067840332382109,0,0.0
1753067840334343127,1,0.0
1753067840336334661,1,0.0
1753067840338283730,0,0.0
1753067840340345062,0,0.0
1753067840342276768,0,0.0
1753067840344274331,0,0.0
1753067840346245157,0,0.0
1753067840348297412,0,0.0
1753067840350264495,0,0.0
1753067840352262320,0,0.0
1753067840354264226,0,0.0
1753067840356301250,0,0.0
1753067840358293922,1,0.0
1753067840360323555,1,0.0
1753067840362277127,0,0.0
1753067840364333749,0,0.0
1753067840366271211,0,0.0
1753067840368243892,0,0.0
1753067840370272985,0,0.0
1753067840372228171,0,0.0
1753067840374193278,0,0.0
1753067840376221797,1,0.0
1753067840378194860,0,0.0
1753067840380185594,1,0.0
1753067840382238305,0,0.0
1753067840384226321,0,0.0
1753067840386224926,0,0.0
1753067840388232579,0,0.0
1753067840390227579,1,0.0
1753067840392205237,1,0.0
1753067840394282737,0,0.0
1753067840396252594,0,0.0
1753067840398222440,0,0.0
1753067840400192576,0,0.0
1753067840402233224,0,0.0
1753067840404192680,1,0.0
1753067840406135324,1,0.0
1753067840408216576,0,0.0
1753067840410139797,0,0.0
1753067840412162966,0,0.0
1753067840414223369,0,0.0
1753067840416170283,0,0.0
1753067840418179509,0,0.0
1753067840420168446,0,0.0
1753067840422208442,0,0.0
1753067840424250295,0,0.0
1753067840426192511,0,0.0
1753067840428121735,0,0.0
1753067840430108639,1,0.0
1753067840432200902,0,0.0
1753067840434143105,0,0.0
1753067840436144603,1,0.0
1753067840438169101,0,0.0
1753067840440176760,0,0.0
1753067840442179656,0,0.0
1753067840444144994,1,0.0
1753067840446097616,0,0.0
1753067840448120066,1,0.0
1753067840450126725,1,0.0
1753067840452088479,0,0.0
1753067840454131743,0,0.0
1753067840456144835,0,0.0
1753067840458106866,0,0.0
1753067840460058768,0,0.0
1753067840462045111,0,0.0
1753067840464048444,0,0.0
1753067840466100271,0,0.0
1753067840468070771,0,0.0
1753067840470105739,1,0.0
1753067840472046747,0,0.0
1753067840474083645,0,0.0
1753067840476077902,1,0.0
1753067840478069175,0,0.0
1753067840480064395,1,0.0
1753067840482079817,1,0.0
1753067840484077954,0,0.0
1753067840486116558,1,0.0
1753067840487994815,0,0.0
1753067840490073772,0,0.0
1753067840492048004,0,0.0
1753067840494065570,1,0.0
1753067840496093518,1,0.0
1753067840498139064,1,0.0
1753067840500155272,0,0.0
1753067840502068318,1,0.0
1753067840504039457,0,0.0
1753067840506077139,0,0.0
1753067840508104116,0,0.0
1753067840510082479,0,0.0
1753067840511996988,0,0.0
1753067840514075254,1,0.0
1753067840516003720,0,1.085031365901856
1753067840518039010,0,1.085031365901856
1753067840520007456,0,0.0
1753067840522017096,0,0.0
1753067840524021688,0,0.0
1753067840525957582,0,0.0
1753067840527963520,0,0.0
1753067840529954911,0,0.0
1753067840532076262,0,0.0
1753067840533979352,0,0.0
1753067840536092386,1,0.0
1753067840538143254,0,0.0
1753067840540081375,0,0.0
1753067840542026089,0,0.0
1753067840544048012,1,0.0
1753067840545903766,0,0.0
1753067840548068040,0,0.0
1753067840549955974,0,0.0
1753067840552062616,0,0.0
1753067840553981919,0,0.0
1753067840556067355,0,0.0
1753067840557941636,0,0.0
1753067840559990671,0,0.0
1753067840561981174,0,0.0
1753067840564009885,0,0.0
1753067840565945762,0,0.0
1753067840568048297,0,0.0
1753067840569984149,1,0.0
1753067840572002016,0,0.0
1753067840573925689,1,0.0
1753067840575981744,1,0.0
1753067840577921872,0,0.0
1753067840579952818,1,0.0
1753067840581955587,0,0.0
1753067840583942305,0,0.0
1753067840586060278,0,0.0
1753067840588011921,1,0.0
1753067840589969406,1,0.0
1753067840591929802,1,0.0
1753067840594024010,0,0.0
1753067840595924733,0,0.0
1753067840597985386,0,0.0
1753067840599888214,0,0.0
1753067840601947062,0,0.0
1753067840603831585,0,0.0
1753067840605910872,1,0.0
1753067840607802586,0,0.0
1753067840609906745,0,0.0
1753067840611818304,0,0.0
1753067840613801629,0,0.0
1753067840615804065,0,0.0
1753067840617861471,0,0.0
1753067840619849302,0,0.0
1753067840621870189,0,0.0
1753067840623858619,0,0.0
1753067840625844344,0,0.0
1753067840627856963,0,0.0
1753067840629810081,0,0.0
1753067840631847246,1,0.0
1753067840633879291,0,0.0
1753067840635869776,0,0.0
1753067840637880881,0,0.0
1753067840639870611,0,0.0
1753067840641823130,0,0.0
1753067840643825881,0,0.0
1753067840645831743,0,0.0
1753067840647832386,0,0.0
1753067840649772046,0,0.0
1753067840651760588,0,0.0
1753067840653738315,0,0.0
1753067840655767168,0,0.0
1753067840657763901,0,0.0
1753067840659796214,0,0.0
1753067840661788526,0,0.0
1753067840663757087,0,0.0
1753067840665774015,0,0.0
1753067840667780128,0,0.0
1753067840669766754,0,0.0
1753067840671783939,0,0.0
1753067840673757797,1,0.0
1753067840675781553,0,0.0
1753067840677729181,0,0.0
1753067840680734271,0,0.0
1753067840682694517,1,0.0
1753067840684708153,0,0.0
1753067840686689379,0,0.0
1753067840688698529,1,0.0
1753067840690685050,1,0.0
1753067840692688242,1,0.0
1753067840694714006,0,0.0
1753067840696717885,1,0.0
1753067840698721520,0,0.0
1753067840700746330,0,0.0
1753067840702733715,0,0.0
1753067840704685565,0,0.0
1753067840706690711,0,0.0
1753067840708750563,1,0.0
1753067840710676757,0,0.0
1753067840712697736,0,0.0
1753067840714701348,0,0.0
1753067840716682481,0,0.0
1753067840718760065,0,0.0
1753067840720732675,0,0.0
1753067840722667777,0,0.0
1753067840724617840,0,0.0
1753067840726596880,0,0.0
1753067840728619471,1,0.0
1753067840730620248,0,0.0
1753067840732607411,0,0.0
1753067840734575315,0,0.0
1753067840736626979,1,0.0
1753067840738671386,1,0.0
1753067840740582624,0,0.0
1753067840742621148,0,0.0
1753067840744632051,0,0.0
1753067840746628341,0,0.0
1753067840748611751,0,0.0
1753067840750677439,1,0.0
1753067840752606753,0,0.0
1753067840754570303,0,0.0
1753067840756579283,0,0.0
1753067840758605258,0,0.0
1753067840760607750,0,0.0
1753067840762663502,0,0.0
1753067840764619381,0,0.0
1753067840766610315,0,0.0
1753067840768617826,0,0.0
1753067840770604665,1,0.0
1753067840772625539,1,0.0
1753067840774628679,0,0.0
1753067840776560849,0,0.0
1753067840778570014,0,0.0
1753067840780587340,1,0.0
1753067840782507922,0,0.0
1753067840784542152,1,0.0
1753067840786557036,0,0.0
1753067840788637009,0,0.0
1753067840790589421,0,0.0
1753067840792563068,0,0.0
1753067840794570330,1,0.0
1753067840796550502,0,0.0
1753067840798594122,0,0.0
1753067840800545574,0,0.0
1753067840802509306,0,0.0
1753067840804478737,0,0.0
1753067840806482195,0,0.0
1753067840808570679,0,0.0
1753067840810473862,0,0.0
1753067840812472418,0,0.0
1753067840814459353,0,0.0
1753067840816500567,0,0.0
1753067840818440639,0,0.0
1753067840820444731,0,0.0
1753067840822430033,0,0.0
1753067840824487685,1,0.0
1753067840826411631,0,0.0
1753067840828493886,0,0.0
1753067840830433735,0,0.0
1753067840832427133,0,0.0
1753067840834472814,1,0.0
1753067840836459333,0,0.0
1753067840838477497,0,0.0
1753067840840411344,1,0.0
1753067840842427118,0,0.0
1753067840844415827,1,0.0
1753067840846435193,1,0.0
1753067840848418255,0,0.0
1753067840850389510,0,0.0
1753067840852432342,0,0.0
1753067840854375679,0,0.0
1753067840856378354,0,0.0
1753067840858368615,0,0.0
1753067840860491746,0,0.0
1753067840862459653,0,0.0
1753067840864470541,0,0.0
1753067840866422990,0,0.0
1753067840868417068,1,0.0
1753067840870381635,0,0.0
1753067840872403781,0,0.0
1753067840874334617,0,0.0
1753067840876340354,0,0.0
1753067840878295401,0,0.0
1753067840880275077,0,0.0
1753067840882305501,1,0.0
1753067840884295873,0,0.0
1753067840886333779,0,0.0
1753067840888306886,0,0.0
1753067840890317066,0,0.0
1753067840892309353,0,0.0
1753067840894308435,1,0.0
1753067840896277706,0,0.0
1753067840898318402,0,0.0
1753067840900320512,1,0.0
1753067840902399473,0,0.0
1753067840904315944,0,0.0
1753067840906422152,0,0.0
1753067840908370361,0,0.0
1753067840910296647,0,0.0
1753067840912301334,1,0.0
1753067840914294252,0,0.0
1753067840916345463,0,0.0
1753067840918265293,1,0.0
1753067840920274923,0,0.0
1753067840922281395,1,0.0
1753067840924320232,1,0.0
1753067840926339516,1,0.0
1753067840928245729,0,0.0
1753067840930235040,0,0.0
1753067840932202765,0,0.0
1753067840934203922,0,0.0
1753067840936187634,0,0.0
1753067840938238733,1,0.0
1753067840940186464,0,0.0
1753067840942229348,0,0.0
1753067840944171743,0,0.0
1753067840946256013,1,0.0
1753067840948184045,0,0.0
1753067840950194119,0,0.0
1753067840952229659,0,0.0
1753067840954175843,0,0.0
1753067840956176030,0,0.0
1753067840958179300,0,0.0
1753067840960201956,1,0.0
1753067840962191014,0,0.0
1753067840964248214,0,0.0
1753067840966187376,0,0.0
1753067840968185850,0,0.0
1753067840970189260,0,0.0
1753067840972178285,0,0.0
1753067840974195235,0,0.0
1753067840976255195,0,0.0
1753067840978263998,1,0.0
1753067840980219124,0,0.0
1753067840982235445,0,0.0
1753067840984211556,0,0.0
1753067840986210364,0,0.0
1753067840988222998,1,0.0
1753067840990224499,0,0.0
1753067840992239219,0,0.0
1753067840994163770,1,0.0
1753067840996264172,0,0.0
1753067840998219399,0,0.0
1753067841000157414,0,0.0
1753067841002141274,0,0.0
1753067841004176188,0,0.0
1753067841006132070,0,0.0
1753067841008272400,0,0.0
1753067841010186586,0,0.0
1753067841012151372,0,0.0
1753067841014178381,0,0.0
1753067841016099786,0,0.0
1753067841018110712,0,0.0
1753067841020119099,0,0.0
1753067841022161786,0,0.0
1753067841024066398,1,0.0
1753067841026140150,0,0.0
1753067841028066539,0,0.0
1753067841030136527,0,0.0
1753067841032116934,0,0.0
1753067841034092731,0,0.0
1753067841036033331,0,0.0
1753067841038060139,0,0.0
1753067841040028585,0,0.0
1753067841042083013,0,0.0
1753067841044045689,0,0.0
1753067841046076209,0,0.0
1753067841048037862,0,0.0
1753067841050035788,0,0.0
1753067841052046635,0,0.0
1753067841054043307,0,0.0
1753067841056007988,0,0.0
1753067841058055706,0,0.0
1753067841060072191,0,0.0
1753067841062033699,1,0.0
1753067841063964585,0,0.0
1753067841065952597,1,0.0
1753067841067914626,0,0.0
1753067841070021174,0,0.0
1753067841071944159,0,0.0
1753067841073980228,0,0.0
1753067841075968510,0,0.0
1753067841077974631,0,0.0
1753067841079952825,0,0.0
1753067841081948292,1,0.0
1753067841083928642,0,0.0
1753067841085945513,0,0.0
1753067841087973432,0,0.0
1753067841089912246,0,0.0
1753067841091853572,0,0.0
1753067841093887587,0,0.0
1753067841095849975,0,0.0
1753067841097872998,1,0.0
1753067841099887410,0,0.0
1753067841101817162,0,0.0
1753067841103850693,0,0.0
1753067841105822507,1,0.0
1753067841107827880,1,0.0
1753067841109784245,1,0.0
1753067841111774057,0,0.0
1753067841113832880,0,0.0
1753067841115876278,0,0.0
1753067841117838212,0,0.0
1753067841119950325,0,0.0
1753067841121870990,0,0.0
1753067841123926563,0,0.0
1753067841125858517,0,0.0
1753067841127932942,0,0.0
1753067841129880326,0,0.0
1753067841131862425,0,0.0
1753067841133941865,0,6.6268251142514965
1753067841135884527,0,8.242746160370197
1753067841137862996,0,8.242746160370197
1753067841139875754,0,0.0
1753067841141944914,0,0.0
1753067841143888501,0,0.0
1753067841145895500,0,0.0
1753067841147895050,0,0.0
1753067841149881502,0,0.0
1753067841151939602,1,0.0
1753067841153873315,0,0.0
1753067841155919995,1,0.0
1753067841157865087,1,0.0
1753067841159836765,0,0.0
1753067841161822725,0,0.0
1753067841163942169,0,0.0
1753067841165826390,0,0.0
1753067841167847248,0,0.0
1753067841169873490,0,0.0
1753067841171838202,1,0.0
1753067841173875630,0,0.0
1753067841175838669,1,0.0
1753067841177832466,0,0.0
1753067841179805288,0,0.0
1753067841181765059,0,0.0
1753067841183757025,0,0.0
1753067841185855229,0,0.0
1753067841187942899,0,0.0
1753067841189798032,0,0.0
1753067841191801231,0,0.0
1753067841193834377,0,0.0
1753067841195968625,0,0.0
1753067841197790291,0,0.0
1753067841199787732,0,0.0
1753067841201801587,0,0.0
1753067841203768235,0,0.0
1753067841205780435,1,0.0
1753067841207781909,0,0.0
1753067841209754901,0,0.0
1753067841211731853,0,0.0
1753067841213785436,0,0.0
1753067841215775425,0,0.0
1753067841217730260,0,0.0
1753067841219738198,0,0.0
1753067841221753769,0,0.0
1753067841223778641,0,0.0
1753067841225741259,0,0.0
1753067841227764460,0,0.0
1753067841229808683,0,0.0
1753067841231811518,0,0.0
1753067841233737124,0,0.0
1753067841235715459,0,0.0
1753067841237683436,1,0.0
1753067841239735846,0,0.0
1753067841241687953,0,0.0
1753067841243764577,0,0.0
1753067841245727452,0,0.0
1753067841247719894,0,0.0
1753067841249722498,1,0.0
1753067841251777950,0,0.0
1753067841253827890,0,0.0
1753067841255778230,1,0.0
1753067841257800457,1,0.0
1753067841259866305,0,0.0
1753067841261783446,0,0.0
1753067841263849195,0,0.0
1753067841265726309,1,0.0
1753067841267740525,1,0.0
1753067841269732578,1,0.0
1753067841271740428,0,0.0
1753067841273766169,0,0.0
1753067841275728860,0,0.0
1753067841277743576,0,0.26418955569454344
1753067841279695450,1,0.6578567635304716
1753067841281659736,0,0.5024025049133554
1753067841283661378,1,0.0
1753067841285783395,0,0.0
1753067841287651588,1,0.0
1753067841289689390,0,0.0
1753067841291752529,0,0.0
1753067841293747953,0,0.0
1753067841295747772,0,0.0
1753067841297741430,0,0.0
1753067841299679438,0,0.0
1753067841301642824,0,0.0
1753067841303587110,1,0.0
1753067841305523937,0,0.0
1753067841307593181,0,0.0
1753067841309619105,0,0.0
1753067841311613160,0,0.0
1753067841313578702,0,0.0
1753067841315594909,0,0.0
1753067841317593021,0,0.0
1753067841319586306,1,0.0
1753067841321597796,0,0.0
1753067841323638846,0,0.0
1753067841325589614,0,0.0
1753067841327556728,0,0.0
1753067841329568742,0,0.0
1753067841331662056,1,0.0
1753067841333622467,0,0.0
1753067841335580557,0,0.0
1753067841337564959,0,0.0
1753067841339536665,0,0.0
1753067841341506803,0,0.0
1753067841343527415,1,0.0
1753067841345498906,0,0.0
1753067841347526519,0,0.0
1753067841349464717,0,0.0
1753067841351550298,0,0.0
1753067841353497673,0,0.0
1753067841355455532,0,0.0
1753067841357478748,0,0.0
1753067841359429771,0,0.0
1753067841361420577,0,0.0
1753067841363474233,0,0.0
1753067841365429198,0,0.0
1753067841367435236,0,0.0
1753067841369449029,0,0.0
1753067841371461210,1,0.0
1753067841373458176,1,0.0
1753067841375471888,0,0.0
1753067841377414836,1,0.0
1753067841379458248,0,0.0
1753067841381482933,0,0.0
1753067841383544041,0,0.0
1753067841385482654,0,0.0
1753067841387524886,0,0.0
1753067841389483312,0,0.0
1753067841391439026,0,0.0
1753067841393389086,1,0.0
1753067841395411480,1,0.0
1753067841397516822,0,0.0
1753067841399436557,0,0.0
1753067841401408836,0,0.0
1753067841403357518,1,0.0
1753067841405339023,0,0.0
1753067841407317675,0,0.0
1753067841409415631,0,0.0
1753067841411361799,0,0.0
1753067841413332058,0,0.0
1753067841415345731,0,0.0
1753067841417315384,0,0.0
1753067841419298949,0,0.0
1753067841421372008,0,0.0
1753067841423385117,1,0.0
1753067841425272495,0,0.0
1753067841427328566,0,0.0
1753067841429309311,0,0.0
1753067841431278776,0,0.0
1753067841433277809,0,0.0
1753067841435277277,0,0.0
1753067841437307515,0,0.0
1753067841439283202,0,0.0
1753067841441275080,1,0.0
1753067841443266459,0,0.0
1753067841445259430,0,0.0
1753067841447264869,0,0.0
1753067841449231924,0,0.0
1753067841451302144,0,0.0
1753067841453293870,0,0.0
1753067841455205520,0,0.0
1753067841457252730,0,0.0
1753067841459260433,0,0.0
1753067841461211961,0,0.0
1753067841463278331,0,0.0
1753067841465286155,0,0.0
1753067841467322145,1,0.0
1753067841469280084,0,0.0
1753067841471209286,1,0.0
1753067841473207902,1,0.0
1753067841475198361,0,0.0
1753067841477247405,0,0.0
1753067841479237346,0,0.0
1753067841481230644,0,0.0
1753067841483194341,0,0.0
1753067841485240061,0,0.0
1753067841487168063,0,0.0
1753067841489272517,1,0.0
1753067841491189679,0,0.0
1753067841493189404,1,0.0
1753067841495178065,0,0.0
1753067841497143166,0,0.0
1753067841499200076,1,0.0
1753067841501138097,0,0.0
1753067841503151216,0,0.0
1753067841505166414,0,0.0
1753067841507147756,0,0.0
1753067841509171570,0,0.0
1753067841511158866,0,0.0
1753067841513134237,0,0.0
1753067841515078675,0,0.0
1753067841517112089,1,0.0
1753067841519102493,0,0.0
1753067841521247079,0,0.0
1753067841523120814,0,0.0
1753067841525147860,0,0.0
1753067841527120397,0,0.0
1753067841529173597,0,0.0
1753067841531163494,0,0.0
1753067841533188625,0,0.0
1753067841535196534,0,0.0
1753067841537205706,0,0.0
1753067841539166124,0,0.0
1753067841541201185,0,0.0
1753067841543158477,1,0.0
1753067841545159521,0,0.0
1753067841547124258,0,0.0
1753067841549111967,0,0.0
1753067841551102563,0,0.0
1753067841553127284,0,0.0
1753067841555131627,0,0.0
1753067841557138398,0,0.0
1753067841559101020,0,0.0
1753067841561077339,0,0.0
1753067841563040042,0,0.0
1753067841565077034,0,0.0
1753067841567047857,0,0.0
1753067841569069321,1,0.0
1753067841571119155,1,0.0
1753067841573078820,1,0.0
1753067841575113790,0,0.0
1753067841577076009,1,0.0
1753067841579107699,0,0.0
1753067841581062284,1,0.0
1753067841583086742,1,0.0
1753067841585057890,0,0.0
1753067841587045257,0,0.0
1753067841589140431,0,0.0
1753067841591170620,1,0.0
1753067841593041657,0,0.0
1753067841595033947,0,0.0
1753067841597001073,0,0.0
1753067841599007646,0,0.0
1753067841601044392,0,0.0
1753067841603029533,0,0.0
1753067841604996208,0,0.0
1753067841607010585,0,0.0
1753067841608933057,0,0.0
1753067841611001225,0,0.0
1753067841613031393,1,0.0
1753067841614982319,0,0.0
1753067841617013314,1,0.0
1753067841618991786,1,0.0
1753067841620968984,0,0.0
1753067841623045816,0,0.0
1753067841625040556,0,0.0
1753067841626970016,0,0.0
1753067841629043905,0,0.0
1753067841631030457,0,0.0
1753067841633018366,0,0.0
1753067841635056812,0,0.0
1753067841636894253,1,0.0
1753067841638947462,0,0.0
1753067841640938444,0,0.0
1753067841642884394,0,0.0
1753067841644970186,0,0.0
1753067841646919235,1,0.0
1753067841648956961,0,0.0
1753067841651105988,0,0.0
1753067841652944706,1,0.0
1753067841654885263,0,0.0
1753067841656895406,1,0.0
1753067841659027878,0,0.0
1753067841660948702,0,0.0
1753067841663078762,0,0.0
1753067841664947354,0,0.0
1753067841666957229,0,0.0
1753067841668866976,1,0.0
1753067841670948076,1,0.0
1753067841672947680,0,0.0
1753067841674990611,0,0.0
1753067841676911508,0,0.0
1753067841678912953,0,0.0
1753067841680839852,0,0.0
1753067841682893646,0,0.0
1753067841684844621,0,0.0
1753067841686920483,0,0.0
1753067841688823446,0,0.0
1753067841690845231,1,0.0
1753067841692790199,0,0.0
1753067841694824175,1,0.0
1753067841696900888,0,0.0
1753067841698828102,0,0.0
1753067841700822051,0,0.0
1753067841702899136,0,0.0
1753067841704808269,1,0.6578567635304716
1753067841706888804,0,0.6578567635304716
1753067841708856887,0,0.0
1753067841710847091,0,0.0
1753067841712848291,0,0.0
1753067841714847524,1,0.0
1753067841716808406,0,0.0
1753067841718855292,0,0.0
1753067841720787008,0,0.0
1753067841722805197,0,0.0
1753067841724814666,0,0.0
1753067841726768141,0,0.0
1753067841728747438,0,0.0
1753067841730778657,1,0.0
1753067841732827828,1,0.0
1753067841734777109,1,0.0
1753067841736762385,1,0.0
1753067841738828252,0,0.0
1753067841740804502,0,0.0
1753067841742805586,0,0.0
1753067841744795244,0,0.0
1753067841746760804,0,0.0
1753067841748747063,0,1.0111849258814394
1753067841750766288,1,2.0322007129243804
1753067841752760495,0,1.0151594911198316
1753067841754694259,0,0.4166512636284803
1753067841756672738,0,0.2712208779055384
1753067841758766336,0,0.0
1753067841760706281,0,0.0
1753067841762747557,1,0.0
1753067841764707882,0,0.0
1753067841766754422,0,0.0
1753067841768738541,0,0.0
1753067841770748899,1,0.0
1753067841772710898,0,0.0
1753067841774695954,0,0.0
1753067841776699366,1,0.0
1753067841778690460,0,0.0
1753067841780706060,0,0.0
1753067841782727917,0,0.0
1753067841784670664,0,0.0
1753067841786720034,0,0.0
1753067841788713223,0,0.0
1753067841790769563,0,0.0
1753067841792718486,0,0.0
1753067841794655983,0,0.6578567635304716
1753067841796657643,0,0.6578567635304716
1753067841798751020,1,0.0
1753067841800667476,0,0.0
1753067841802665487,0,0.0
1753067841804650517,0,0.0
1753067841806658480,0,0.0
1753067841808625150,0,0.0
1753067841810667304,0,0.0
1753067841812642703,0,0.0
1753067841814682822,1,0.0
1753067841816651574,1,0.0
1753067841818664287,0,0.0
1753067841820627215,0,0.0
1753067841822648592,0,0.0
1753067841824624333,0,0.0
1753067841826637443,0,0.0
1753067841828596238,0,0.0
1753067841830614894,0,0.0
1753067841832600255,0,0.0
1753067841834614345,0,0.0
1753067841836608257,1,0.0
1753067841838529179,0,0.0
1753067841840537102,0,0.0
1753067841842597836,0,0.0
1753067841844531518,1,0.0
1753067841846574905,1,0.0
1753067841848620035,0,0.0
1753067841850594086,0,0.0
1753067841852613736,0,0.0
1753067841854595252,0,0.0
1753067841856588848,1,0.0
1753067841858587328,0,0.0
1753067841860581632,0,0.0
1753067841862595785,0,0.0
1753067841864603709,1,0.0
1753067841866530994,0,0.0
1753067841868596828,0,0.0
1753067841870601170,0,0.0
1753067841872505342,0,0.0
1753067841874564054,0,0.0
1753067841876538075,1,0.0
1753067841878562479,0,0.0
1753067841880518953,0,0.0
1753067841882560508,0,0.0
1753067841884585977,0,0.0
1753067841886555804,0,0.0
1753067841888567858,0,0.0
1753067841890561653,1,0.0
1753067841892555875,0,0.0
1753067841894514966,0,0.0
1753067841896484115,0,0.0
1753067841898490158,1,0.0
1753067841900508584,1,0.0
1753067841902487766,0,0.0
1753067841904503908,0,0.0
1753067841906599759,0,0.0
1753067841908543784,0,0.0
1753067841910549424,1,0.0
1753067841912436246,1,0.0
1753067841914371663,0,0.0
1753067841916431503,0,0.0
1753067841918395925,0,0.0
1753067841920389454,1,0.0
1753067841922391253,0,0.0
1753067841924296290,0,0.0
1753067841926452907,0,0.0
1753067841928372253,0,0.0
1753067841930351827,0,0.0
1753067841932384892,0,0.0
1753067841934396667,1,0.0
1753067841936421982,0,0.0
1753067841938303689,0,0.0
1753067841940321348,0,0.0
1753067841942326808,0,0.0
1753067841944377268,1,0.0
1753067841946288512,0,0.0
1753067841948322512,0,0.0
1753067841950334852,0,0.0
1753067841952354372,0,0.0
1753067841954354423,0,0.0
1753067841956305865,1,0.0
1753067841958338749,0,0.0
1753067841960385397,1,0.0
1753067841962358551,0,0.0
1753067841964364232,1,0.0
1753067841966379241,0,0.0
1753067841968351499,0,0.0
1753067841970275526,0,0.0
1753067841972274067,0,0.0
1753067841974288962,1,0.0
1753067841976303861,1,0.0
1753067841978300288,0,0.0
1753067841980284755,0,0.0
1753067841982308537,0,0.0
1753067841984317923,0,0.0
1753067841986282586,1,0.0
1753067841988260290,0,0.0
1753067841990241341,0,0.0
1753067841992269005,0,0.0
1753067841994266475,0,0.0
1753067841996266217,0,0.0
1753067841998226027,0,0.0
1753067842000309598,0,0.0
1753067842002309625,0,0.0
1753067842004327673,1,0.0
1753067842006230417,0,0.0
1753067842008256767,0,0.0
1753067842010217155,0,0.0
1753067842012225006,0,0.0
1753067842014225005,0,0.0
1753067842016156009,0,0.0
1753067842018207896,0,0.0
1753067842020221026,0,0.0
1753067842022230075,0,0.0
1753067842024293900,0,0.0
1753067842026335231,1,0.0
1753067842028276384,0,0.0
1753067842030273828,1,0.0
1753067842032170448,0,0.0
1753067842034220993,0,0.0
1753067842036217945,0,0.0
1753067842038205814,1,0.0
1753067842040153524,0,0.0
1753067842042206482,1,0.0
1753067842044203861,1,0.0
1753067842046172442,0,0.0
1753067842048164572,0,0.0
1753067842050191436,0,0.0
1753067842052159077,0,0.0
1753067842054201384,1,0.0
1753067842056209533,0,0.0
1753067842058218372,0,0.0
1753067842060212018,0,0.0
1753067842062202102,0,0.0
1753067842064102420,0,0.0
1753067842066154644,0,0.0
1753067842068135992,1,0.0
1753067842070154681,1,0.0
1753067842072106020,0,0.0
1753067842074114758,0,0.0
1753067842076079620,0,0.0
1753067842078116887,0,0.0
1753067842080091666,0,0.0
1753067842082234531,0,0.0
1753067842084214290,0,0.0
1753067842086128667,0,0.0
1753067842088146950,0,0.0
1753067842090206090,0,0.0
1753067842092068779,0,0.0
1753067842094185795,0,0.0
1753067842096075542,0,0.0
1753067842098111085,1,0.0
1753067842100169833,0,0.0
1753067842102151073,0,0.0
1753067842104152459,0,0.0
1753067842106220100,0,0.0
1753067842108094778,0,0.0
1753067842110162224,0,0.0
1753067842112106699,0,0.0
1753067842114154482,0,0.0
1753067842116094813,1,0.0
1753067842117959194,0,0.0
1753067842120024060,1,0.0
1753067842122026730,0,0.0
1753067842124029432,0,0.0
1753067842126017672,0,0.0
1753067842128098705,0,0.0
1753067842130075633,1,0.0
1753067842131961062,0,0.0
1753067842133964563,0,0.0
1753067842135966100,0,0.0
1753067842137940705,0,0.0
1753067842139967178,1,0.0
1753067842142056534,0,0.0
1753067842144026063,1,0.0
1753067842146080248,0,0.0
1753067842148015480,0,0.0
1753067842150039679,0,0.0
1753067842152003531,0,0.0
1753067842153996590,0,0.0
1753067842156019058,0,0.0
1753067842158026195,0,0.0
1753067842159986742,0,0.0
1753067842161954428,0,0.0
1753067842163948282,0,0.0
1753067842166020872,0,0.0
1753067842168008574,0,0.0
1753067842169981354,0,0.0
1753067842172022210,0,0.0
1753067842174029699,0,0.0
1753067842175928157,1,0.0
1753067842177948389,0,0.0
1753067842180069567,0,0.0
1753067842181948966,0,0.0
1753067842183932953,0,0.0
1753067842185896345,0,0.0
1753067842187959266,0,0.0
1753067842189926277,0,0.0
1753067842191880042,0,0.0
1753067842193919786,0,0.0
1753067842195898313,0,0.0
1753067842197935044,0,0.0
1753067842199853937,0,0.0
1753067842201882084,0,0.0
1753067842204072637,0,0.0
1753067842205937715,0,0.0
1753067842207975663,0,0.7340375631995862
1753067842209982309,0,0.8395091364115581
1753067842211945227,1,0.15986617417033966
1753067842214060595,1,0.0
1753067842215977251,0,0.0
1753067842217903782,1,0.0
1753067842219977464,0,0.0
1753067842221831645,0,0.0
1753067842223945066,0,0.0
1753067842225805030,0,0.0
1753067842227958418,0,0.0
1753067842229834855,0,0.0
1753067842231822225,0,0.0
1753067842233829076,0,0.0
1753067842235796088,0,0.0
1753067842237806194,1,0.0
1753067842239858406,0,0.0
1753067842241798296,1,0.0
1753067842243787222,1,0.0
1753067842245781197,0,0.0
1753067842247788018,1,0.0
1753067842249773210,0,0.0
1753067842251812136,0,0.0
1753067842253833871,0,0.0
1753067842255800676,0,0.0
1753067842257748986,0,0.0
1753067842259855152,0,0.0
1753067842261825111,0,0.0
1753067842263809810,1,0.0
1753067842265827709,1,0.0
1753067842267811242,0,0.0
1753067842269790462,0,0.0
1753067842271798924,0,0.0
1753067842273783060,0,0.0
1753067842275724596,0,0.0
1753067842277776919,0,0.0
1753067842279768756,0,0.0
1753067842281769033,1,0.0
1753067842283784565,0,0.0
1753067842285772144,0,0.0
1753067842287797758,0,0.0
1753067842289756738,1,0.0
1753067842291699842,0,0.0
1753067842293758239,0,0.0
1753067842295717980,0,0.0
1753067842297721220,0,0.0
1753067842299706020,0,0.0
1753067842301815289,0,0.0
1753067842304756492,0,0.0
1753067842306774617,0,0.0
1753067842308749185,0,0.0
1753067842310710586,1,0.0
1753067842312726631,0,0.0
1753067842314700648,0,0.0
1753067842316643548,0,0.0
1753067842318671446,1,0.0
1753067842320660001,1,0.0
1753067842322725920,1,0.0
1753067842324706257,0,0.0
1753067842326701485,0,0.0
1753067842328667518,0,0.0
1753067842330728904,0,0.0
1753067842332707987,0,0.0
1753067842334878409,0,0.0
1753067842336673989,0,0.0
1753067842338630450,0,0.0
1753067842340697308,0,0.0
1753067842342620660,0,0.0
1753067842344627501,1,0.0
1753067842346616094,0,0.0
1753067842348681174,0,0.0
1753067842350669021,0,0.0
1753067842352748841,0,0.0
1753067842354698260,0,0.0
1753067842356691916,1,0.0
1753067842358615254,0,0.0
1753067842360566048,0,0.0
1753067842362550030,0,0.0
1753067842364597757,0,0.0
1753067842366589884,0,0.0
1753067842368582771,1,0.0
1753067842370638372,0,0.0
1753067842372654968,0,0.0
1753067842374673581,0,0.0
1753067842376677816,1,0.0
1753067842378587228,1,0.0
1753067842380591364,0,0.0
1753067842382590282,0,0.0
1753067842384563101,0,0.0
1753067842386566439,0,0.0
1753067842388581402,0,0.0
1753067842390588864,1,0.0
1753067842392569562,1,0.0
1753067842394577582,0,0.0
1753067842396541777,0,0.0
1753067842398563820,0,0.0
1753067842400571000,0,0.0
1753067842402600148,0,0.0
1753067842404525198,0,0.0
1753067842406515405,0,0.0
1753067842408554410,0,0.0
1753067842410532092,0,0.0
1753067842412572513,0,0.0
1753067842414556802,0,0.0
1753067842416485675,0,0.0
1753067842418479794,0,0.0
1753067842420512455,0,0.0
1753067842422517661,0,0.0
1753067842424470255,0,0.0
1753067842426514186,0,0.0
1753067842428491807,0,0.0
1753067842430515030,0,0.0
1753067842432459527,0,0.0
1753067842434494309,0,0.0
1753067842436445427,0,0.0
1753067842438604750,0,0.0
1753067842440549604,0,0.0
1753067842442475711,0,0.0
1753067842444495338,0,0.0
1753067842446494452,0,0.0
1753067842448493647,0,0.0
1753067842450514925,0,0.0
1753067842452508609,0,0.0
1753067842454487102,0,0.0
1753067842456457223,1,0.0
1753067842458506438,0,0.0
1753067842460417940,0,0.0
1753067842462480421,1,0.0
1753067842464503111,0,0.0
1753067842466514381,0,0.0
1753067842468465091,0,0.0
1753067842470387189,0,0.0
1753067842472415236,0,0.0
1753067842474344028,1,0.0
1753067842476393319,0,0.0
1753067842478379535,0,0.0
1753067842480448808,0,0.0
1753067842482423941,0,0.0
1753067842484416444,0,0.0
1753067842486432300,0,0.0
1753067842488460074,0,0.0
1753067842490418075,0,0.0
1753067842492403060,0,0.0
1753067842494419662,0,0.0
1753067842496456634,0,0.0
1753067842498355026,0,0.0
1753067842500341924,0,0.0
1753067842502352542,0,0.0
1753067842504386239,1,0.0
1753067842506303751,0,0.0
1753067842508361809,0,0.0
1753067842510304147,0,0.0
1753067842512341163,1,0.0
1753067842514313519,1,0.0
1753067842516337284,0,0.0
1753067842518302107,0,0.0
1753067842520313627,0,0.0
1753067842522317654,0,0.0
1753067842524295774,0,0.0
1753067842526281706,0,0.0
1753067842528286571,0,0.0
1753067842530300301,0,0.0
1753067842532305242,0,0.0
1753067842534321802,0,0.0
1753067842536295535,0,0.0
1753067842538322779,0,0.0
1753067842540286982,1,0.0
1753067842542284733,0,0.0
1753067842544284804,0,0.0
1753067842546276105,1,0.0
1753067842548242781,0,0.0
1753067842550212519,0,0.0
1753067842552217003,0,0.0
1753067842554202867,0,0.0
1753067842556253633,0,0.0
1753067842558244967,0,0.0
1753067842560212238,1,0.0
1753067842562230599,0,0.0
1753067842564191742,0,0.0
1753067842566270053,0,0.0
1753067842568224237,0,0.0
1753067842570224047,0,0.0
1753067842572218472,0,0.0
1753067842574238379,0,0.0
1753067842576221104,0,0.0
1753067842578196184,0,0.0
1753067842580159610,0,0.0
1753067842582177541,0,0.0
1753067842584180938,0,0.0
1753067842586212295,0,0.0
1753067842588207681,0,0.0
1753067842590298940,1,0.0
1753067842592183534,0,0.0
1753067842594160123,0,0.8395091364115581
1753067842596173991,1,0.8395091364115581
1753067842598191034,1,0.0
1753067842600224785,0,0.0
1753067842602259119,0,0.0
1753067842604188817,0,0.0
1753067842606232136,1,0.0
1753067842608190088,0,0.0
1753067842610139392,0,0.0
1753067842612104141,0,0.0
1753067842614126491,1,0.0
1753067842616101148,0,0.0
1753067842618201704,0,0.0
1753067842620176821,0,0.0
1753067842622196420,0,0.0
1753067842624138705,1,0.0
1753067842626145252,0,0.0
1753067842628052725,0,0.0
1753067842630085270,0,0.0
1753067842632073961,0,0.0
1753067842634107565,0,0.0
1753067842636154352,0,0.0
1753067842638139005,0,0.0
1753067842640117545,0,0.0
1753067842642120030,1,0.0
1753067842644090794,0,0.0
1753067842646117362,0,0.0
1753067842648116326,0,0.0
1753067842650127445,1,0.0
1753067842652126051,0,0.0
1753067842654100353,1,0.0
1753067842656051768,0,0.0
1753067842658074484,0,0.0
1753067842660110914,0,0.0
1753067842662030481,0,0.0
1753067842664037951,0,0.0
1753067842666108445,1,0.0
1753067842668023616,0,0.0
1753067842670039277,0,0.0
1753067842672043195,0,0.0
1753067842674115810,0,0.0
1753067842676045402,0,0.0
1753067842678062907,0,0.0
1753067842679920790,0,0.0
1753067842681978671,0,0.0
1753067842683981770,0,0.0
1753067842685968028,0,0.0
1753067842688032940,1,0.0
1753067842690026921,0,0.0
1753067842692025096,0,0.0
1753067842694013723,1,0.0
1753067842695933861,0,0.0
1753067842697963454,1,0.0
1753067842699955854,0,0.0
1753067842701949128,0,0.0
1753067842703947427,0,0.0
1753067842706028873,1,0.0
1753067842707958441,0,0.0
1753067842709893148,0,0.0
1753067842711905798,1,0.0
1753067842713881785,0,0.0
1753067842715892610,0,0.0
1753067842717936643,1,0.0
1753067842719941580,1,0.0
1753067842721905085,0,0.0
1753067842723936617,0,0.0
1753067842725854302,1,0.0
1753067842727974550,0,0.0
1753067842729886404,0,0.0
1753067842731931149,0,0.0
1753067842733877840,0,0.0
1753067842735950763,0,0.0
1753067842737881085,0,0.0
1753067842739990866,0,0.0
1753067842741901376,0,0.0
1753067842743949598,0,0.0
1753067842745888822,0,0.0
1753067842747890158,0,0.0
1753067842749822932,0,0.0
1753067842751923669,0,0.0
1753067842753853695,0,0.0
1753067842755923658,0,0.0
1753067842757862500,0,0.0
1753067842759946600,1,0.0
1753067842761879095,1,0.0
1753067842763857389,0,0.0
1753067842765888140,0,0.0
1753067842767848327,0,0.0
1753067842769784965,0,0.0
1753067842771782742,0,0.0
1753067842773836965,0,0.0
1753067842775832434,0,0.0
1753067842777791467,1,0.0
1753067842779835113,0,0.0
1753067842781800363,0,0.0
1753067842783805138,0,0.0
1753067842785808121,0,0.0
1753067842787770764,0,0.0
1753067842789814920,0,0.0
1753067842791825895,0,0.0
1753067842793781004,0,0.0
1753067842795843653,1,0.0
1753067842797805750,0,0.0
1753067842799779724,0,0.0
1753067842801781382,0,0.0
1753067842803761938,1,0.0
1753067842805783594,0,0.0
1753067842807773261,0,0.0
1753067842809822368,0,0.0
1753067842811788485,0,0.0
1753067842813762068,0,0.0
1753067842815769720,0,0.0
1753067842817769418,0,0.0
1753067842819776556,0,0.0
1753067842821699252,0,0.0
1753067842823728555,0,0.0
1753067842825714049,0,0.0
1753067842827747059,0,0.0
1753067842829734623,0,0.0
1753067842831759407,0,0.0
1753067842833724563,0,0.0
1753067842835718850,0,0.0
1753067842837694859,0,0.0
1753067842839704950,0,0.0
1753067842841667288,0,0.0
1753067842843690588,0,0.0
1753067842845685063,0,0.0
1753067842847717947,1,0.0
1753067842849716412,0,0.0
1753067842851643296,0,0.0
1753067842853622975,0,0.0
1753067842855641411,0,0.0
1753067842857655979,0,0.0
1753067842859701259,0,0.0
1753067842861637431,1,0.0
1753067842863626798,0,0.0
1753067842865660733,0,0.0
1753067842867667604,0,0.0
1753067842869633459,0,0.0
1753067842871631257,0,0.0
1753067842873698789,0,0.0
1753067842875586256,0,0.0
1753067842877580021,0,0.0
1753067842879615342,0,0.0
1753067842881568663,0,0.0
1753067842883591366,0,0.0
1753067842885593688,1,0.0
1753067842887620121,0,0.0
1753067842889670522,1,0.0
1753067842891697724,0,0.0
1753067842893646271,0,0.0
1753067842895605130,0,0.0
1753067842897527595,0,0.0
1753067842899581662,1,0.0
1753067842901579630,1,0.0
1753067842903615067,0,0.0
1753067842905602503,1,0.0
1753067842907568550,0,0.0
1753067842909522551,0,0.0
1753067842911544128,0,0.0
1753067842913534225,0,0.0
1753067842915482539,0,0.0
1753067842917506775,0,0.0
1753067842919512184,0,0.0
1753067842921510650,0,0.0
1753067842923553492,0,0.0
1753067842925615186,0,0.0
1753067842927605457,0,0.0
1753067842929567071,1,0.0
1753067842931569442,0,0.0
1753067842933546665,1,0.0
1753067842935552948,1,0.0
1753067842937527935,0,0.0
1753067842939533213,1,0.0
1753067842941570648,0,0.0
1753067842943688616,0,0.0
1753067842945654604,0,0.0
1753067842947636237,0,0.0
1753067842949642710,1,0.0
1753067842951592136,0,0.0
1753067842953610635,0,0.0
1753067842955605130,0,0.0
1753067842957600453,0,0.0
1753067842959586627,0,0.0
1753067842961576916,0,0.0
1753067842963582382,0,0.0
1753067842965598436,0,0.0
1753067842967614619,1,0.0
1753067842969578542,0,0.0
1753067842971605305,0,0.0
1753067842973527379,0,0.0
1753067842975650596,1,0.0
1753067842977636338,0,0.0
1753067842979625404,0,0.0
1753067842981540486,0,0.0
1753067842983507937,0,0.0
1753067842985521624,0,0.0
1753067842987511912,0,0.0
1753067842989525893,0,0.0
1753067842991564226,0,0.0
1753067842993591107,0,0.07819704331230132
1753067842995574108,0,0.6578567635304716
1753067842997578949,0,0.6430648316303851
1753067842999523151,0,0.0
1753067843001382663,0,0.0
1753067843003425892,0,0.0
1753067843005444277,0,0.0
1753067843007409931,0,0.0
1753067843009357202,0,0.0
1753067843011412343,1,0.0
1753067843013345009,0,0.0
1753067843015360008,0,0.0
1753067843017390589,0,0.0
1753067843019344015,1,0.0
1753067843021415379,0,0.0
1753067843023353597,0,0.0
1753067843025355480,0,0.0
1753067843027399632,0,0.0
1753067843029372884,0,0.0
1753067843031337960,0,0.0
1753067843033328276,0,0.0
1753067843035383742,0,0.0
1753067843037333241,0,0.0
1753067843039304600,0,0.0
1753067843041289716,0,0.0
1753067843043354225,0,0.0
1753067843045327202,0,0.0
1753067843047345290,0,0.0
1753067843049364023,0,0.0
1753067843051342181,0,0.0
1753067843053253144,1,0.0
1753067843055353237,0,0.0
1753067843057312565,0,0.0
1753067843059324585,1,0.0
1753067843061350770,0,0.0
1753067843063303148,0,0.0
1753067843065331644,1,0.0
1753067843067313999,0,0.0
1753067843069243889,0,0.0
1753067843071299684,0,0.0
1753067843073387152,0,0.0
1753067843075335369,0,0.0
1753067843077352357,0,0.0
1753067843079330102,1,0.0
1753067843081378918,1,0.0
1753067843083341615,1,0.0
1753067843085294460,0,0.0
1753067843087324612,0,0.0
1753067843089298735,0,0.0
1753067843091317918,0,0.0
1753067843093298280,0,0.0
1753067843095271645,0,0.0
1753067843097247173,1,0.0
1753067843099221661,0,0.0
1753067843101231706,0,0.0
1753067843103265803,0,0.0
1753067843105282726,0,0.0
1753067843107222232,0,0.0
1753067843109183143,0,0.0
1753067843111170651,0,0.0
1753067843113155729,0,0.0
1753067843115144745,0,0.0
1753067843117124497,0,0.0
1753067843119115182,0,0.0
1753067843121113894,0,0.0
1753067843123085921,1,0.0
1753067843125127922,0,0.0
1753067843127098349,0,0.0
1753067843129121760,1,0.0
1753067843131099151,0,0.0
1753067843133072430,0,0.0
1753067843135170768,0,0.0
1753067843137042346,0,0.0
1753067843139057653,0,0.0
1753067843141101117,0,0.0
1753067843143060069,0,0.0
1753067843145052478,0,0.0
1753067843147083069,0,0.0
1753067843149082451,0,0.0
1753067843151114672,1,0.0
1753067843153082722,0,0.0
1753067843155062496,0,0.0
1753067843157066584,0,0.0
1753067843159185216,0,0.0
1753067843161082472,0,0.0
1753067843163081222,0,0.0
1753067843165069966,0,0.0
1753067843167068631,0,0.0
1753067843169047182,0,0.0
1753067843171099788,1,0.0
1753067843173055099,0,0.0
1753067843175066167,0,0.0
1753067843177063739,0,0.0
1753067843179120183,0,0.0
1753067843181114787,0,0.0
1753067843183163220,0,0.0
1753067843185139384,1,0.0
1753067843187109603,1,0.0
1753067843189119371,0,0.0
1753067843191124116,0,0.0
1753067843193055712,0,0.0
1753067843195052152,0,0.0
1753067843196991575,0,0.0
1753067843199028081,0,0.0
1753067843201013580,0,0.0
1753067843203153380,0,0.0
1753067843205088274,0,0.0
1753067843207088289,0,0.0
1753067843209055758,0,0.0
1753067843211008859,0,0.0
1753067843213004019,0,0.0
1753067843215042010,0,0.0
1753067843217067024,0,0.0
1753067843219025182,0,0.0
1753067843221097553,0,0.0
1753067843223131502,0,0.0
1753067843225168436,0,0.0
1753067843227127622,0,0.0
1753067843229091838,0,0.0
1753067843231072523,0,0.0
1753067843233089074,0,0.0
1753067843235106182,0,0.0
1753067843237149760,0,0.0
1753067843239130422,0,0.0
1753067843241055260,0,0.0
1753067843243043300,0,0.0
1753067843245042606,0,0.0
1753067843247017637,1,0.0
1753067843249011974,0,0.0
1753067843251042250,0,0.0
1753067843253123538,0,0.0
1753067843255087626,1,0.0
1753067843257065902,0,0.0
1753067843259056481,0,0.0
1753067843260993814,0,0.0
1753067843263059206,0,0.0
1753067843265018449,0,0.0
1753067843267004848,0,0.0
1753067843268931621,1,0.0
1753067843270875091,0,0.0
1753067843272966706,0,0.0
1753067843274924554,0,0.0
1753067843277022471,0,0.0
1753067843278950265,1,0.0
1753067843281038475,1,0.0
1753067843282942885,1,0.0
1753067843285018740,0,0.0
1753067843286969152,0,0.0
1753067843288955362,0,0.0
1753067843290874246,1,0.0
1753067843292949589,0,0.0
1753067843294954467,0,0.0
1753067843297010144,0,0.0
1753067843298911719,0,0.0
1753067843300920622,1,0.0
1753067843302984876,0,0.0
1753067843304926277,0,0.0
1753067843306968991,0,0.0
1753067843309004285,0,0.0
1753067843310851160,0,0.0
1753067843312827909,0,0.0
1753067843314802052,0,0.0
1753067843316800326,0,0.0
1753067843318829508,0,0.0
1753067843320828134,0,0.0
1753067843322828869,0,0.0
1753067843324863986,0,0.0
1753067843326804816,1,0.0
1753067843328767935,0,0.0
1753067843330816989,0,0.0
1753067843332783532,0,0.0
1753067843334789976,0,0.0
1753067843336768088,1,0.0
1753067843338770682,1,0.0
1753067843340767121,0,0.0
1753067843342846899,0,0.0
1753067843344820162,0,0.0
1753067843346866037,0,0.0
1753067843348791804,0,0.0
1753067843350812731,0,0.0
1753067843352787224,0,0.0
1753067843354791765,0,0.0
1753067843356772045,0,0.0
1753067843358763935,0,0.0
1753067843360722023,1,0.0
1753067843362772657,1,0.0
1753067843364788182,0,0.0
1753067843366798222,0,0.0
1753067843368767647,0,0.0
1753067843370770140,0,0.0
1753067843372720300,0,0.0
1753067843374762031,0,0.0
1753067843376750644,0,0.0
1753067843378751098,0,0.0
1753067843380699857,1,0.0
1753067843382751962,0,0.0
1753067843384731630,0,0.0
1753067843386702944,1,0.0
1753067843388650818,0,0.0
1753067843390653585,0,0.0
1753067843392709239,0,0.0
1753067843394705371,1,0.0
1753067843396707528,0,0.0
1753067843398730161,0,0.0
1753067843400758864,0,0.0
1753067843402727571,0,0.0
1753067843404711359,0,0.0
1753067843406697669,0,0.0
1753067843408710963,0,0.0
1753067843410693029,0,0.0
1753067843412656105,0,0.0
1753067843414653450,0,0.0
1753067843416634256,1,0.0
1753067843418658709,0,0.0
1753067843420650870,0,0.0
1753067843422618072,0,0.0
1753067843424704192,0,0.0
1753067843426683882,0,0.0
1753067843428587098,0,0.0
1753067843430595703,1,0.0
1753067843432616361,0,0.0
1753067843434652495,0,0.0
1753067843436626868,0,0.0
1753067843438606598,0,0.0
1753067843440667664,0,0.0
1753067843442656453,1,0.0
1753067843444648193,0,0.0
1753067843446615441,1,0.0
1753067843448679433,1,0.0
1753067843450645294,0,0.0
1753067843452674490,0,0.0
1753067843454623397,0,0.0
1753067843456604510,0,0.0
1753067843458594745,0,0.0
1753067843460533232,0,0.0
1753067843462575801,0,0.0
1753067843464550995,0,0.0
1753067843466656842,0,0.0
1753067843468569508,0,0.0
1753067843470569561,0,0.0
1753067843472575191,0,0.0
1753067843474536916,0,0.0
1753067843476545356,0,0.0
1753067843478544395,0,0.0
1753067843480553984,1,0.0
1753067843482543213,0,0.0
1753067843484553921,0,0.0
1753067843486583367,1,0.0
1753067843488585341,0,0.0
1753067843490643316,1,0.0
1753067843492554400,0,0.0
1753067843494578593,0,0.0
1753067843496540149,0,0.0
1753067843498562324,0,0.0
1753067843500598011,0,0.0
1753067843502547140,0,0.0
1753067843504580990,0,0.0
1753067843506519622,0,0.0
1753067843508542305,0,0.0
1753067843510537394,0,0.0
1753067843512508081,0,0.0
1753067843514489364,0,0.0
1753067843516512033,0,0.0
1753067843518502410,0,0.0
1753067843520516166,0,0.0
1753067843522545948,0,0.0
1753067843524474973,0,0.0
1753067843526455475,0,0.0
1753067843528494890,0,0.0
1753067843530419489,0,0.0
1753067843532420339,0,1.3969999125044588
1753067843534430352,0,1.3969999125044588
1753067843536429075,0,0.0
1753067843538450409,0,0.0
1753067843540448605,0,0.0
1753067843542436645,0,0.0
1753067843544391375,0,0.0
1753067843546400044,0,0.0
1753067843548373535,1,0.0
1753067843550402188,0,0.0
1753067843552476342,0,0.0
1753067843554437403,0,0.0
1753067843556404610,0,0.0
1753067843558412700,0,0.0
1753067843560426962,0,0.0
1753067843562381377,0,0.0
1753067843564365792,1,0.0
1753067843566387014,0,0.0
1753067843568396707,0,0.0
1753067843570399001,0,0.0
1753067843572367478,0,0.0
1753067843574374750,0,0.0
1753067843576513985,0,0.0
1753067843578450868,0,0.0
1753067843580539699,0,0.0
1753067843582422172,0,0.0
1753067843584431001,0,0.0
1753067843586429044,0,0.0
1753067843588412250,0,0.0
1753067843590365813,0,0.0
1753067843592434840,0,0.0
1753067843594457700,0,0.0
1753067843596389172,1,0.0
1753067843598400877,0,0.0
1753067843600340508,0,0.0
1753067843602332106,0,0.0
1753067843604316910,0,0.0
1753067843606315129,0,0.0
1753067843608315122,0,0.0
1753067843610351147,0,0.0
1753067843612252099,1,0.0
1753067843614271993,1,0.0
1753067843616267155,0,0.0
1753067843618268942,0,0.0
1753067843620262660,0,0.0
1753067843622238180,0,0.0
1753067843624285123,0,0.0
1753067843626305143,0,0.0
1753067843628292525,0,0.0
1753067843630253532,0,0.0
1753067843632254146,0,0.0
1753067843634283240,0,0.0
1753067843636262716,0,0.0
1753067843638271459,1,0.0
1753067843640323126,0,0.0
1753067843642245722,0,0.0
1753067843644197940,0,0.0
1753067843646283710,0,0.0
1753067843648226975,1,0.0
1753067843650277024,1,0.0
1753067843652192675,1,0.0
1753067843654204633,0,0.0
1753067843656242645,0,0.0
1753067843658314146,0,0.0
1753067843660254209,0,0.0
1753067843662229386,0,0.0
1753067843664233828,0,0.0
1753067843666227297,0,0.0
1753067843668204345,0,0.0
1753067843670164806,1,0.0
1753067843672109485,0,0.0
1753067843674170241,0,0.0
1753067843676186264,1,0.0
1753067843678163224,0,0.0
1753067843680115351,0,0.0
1753067843682108361,0,0.0
1753067843684098288,0,0.0
1753067843686138985,0,0.0
1753067843688135848,0,0.0
1753067843690143680,1,0.0
1753067843692100188,1,0.0
1753067843694162728,1,0.0
1753067843696137602,0,0.0
1753067843698102701,0,0.0
1753067843700065130,0,0.0
1753067843702095844,0,0.0
1753067843704057390,0,0.0
1753067843706164138,0,0.0
1753067843708174426,0,0.0
1753067843710150407,0,0.0
1753067843712136526,0,0.0
1753067843714237951,1,0.0
1753067843716093953,0,0.0
1753067843718156261,0,0.0
1753067843720013483,0,0.0
1753067843722039322,0,0.0
1753067843723994027,0,0.0
1753067843726036155,0,0.0
1753067843728015842,0,0.0
1753067843730023841,1,0.0
1753067843731984651,0,0.0
1753067843734009937,0,0.0
1753067843736113457,0,0.0
1753067843738027710,0,0.0
1753067843740102012,1,0.0
1753067843742100967,0,0.0
1753067843744046284,0,0.0
1753067843746124561,0,0.0
1753067843747990790,0,0.0
1753067843749999180,0,0.0
1753067843752045366,0,0.0
1753067843754038238,0,0.0
1753067843756043643,0,0.0
1753067843757969190,0,0.0
1753067843760042248,1,0.0
1753067843761964656,1,0.0
1753067843764012294,1,0.0
1753067843766060379,0,0.0
1753067843768008645,0,0.0
1753067843769977865,0,0.0
1753067843771995559,0,0.0
1753067843774053893,0,0.0
1753067843775959615,1,0.0
1753067843777966644,1,0.0
1753067843779987589,0,0.0
1753067843781962587,1,0.0
1753067843783975382,0,0.0
1753067843785968324,0,0.0
1753067843788019490,1,0.0
1753067843789957762,0,0.0
1753067843791919690,0,0.0
1753067843793871600,0,0.0
1753067843795950653,0,0.0
1753067843797927078,0,0.0
1753067843799986219,1,0.0
1753067843801939537,0,0.0
1753067843803965018,0,0.0
1753067843805946446,0,0.0
1753067843807894537,1,0.0
1753067843809926538,0,0.0
1753067843811933708,0,0.0
1753067843813909904,0,0.0
1753067843815882604,0,0.0
1753067843817862242,0,0.0
1753067843819875307,0,0.0
1753067843821878999,1,0.0
1753067843823827031,0,0.0
1753067843825844086,0,0.0
1753067843827816067,0,0.0
1753067843829856654,0,0.0
1753067843831961778,0,0.0
1753067843833878445,0,0.0
1753067843836022432,0,0.0
1753067843837884806,0,0.0
1753067843839872922,1,0.9619979354649526
1753067843841967516,1,0.07636803381213719
1753067843843879961,0,0.0
1753067843845949955,1,0.0
1753067843847825751,0,0.0
1753067843849891784,0,0.0
1753067843851862505,0,0.0
1753067843853815812,0,0.0
1753067843855865901,0,0.0
1753067843857908994,0,0.0
1753067843859783863,0,0.0
1753067843861846100,0,0.0
1753067843863783544,0,0.0
1753067843865796107,0,0.0
1753067843867830270,0,0.0
1753067843869814386,0,0.0
1753067843871781598,0,0.0
1753067843873790697,0,0.0
1753067843875821866,0,0.0
1753067843877812644,1,0.0
1753067843879827028,0,0.0
1753067843881807955,0,0.0
1753067843883809800,0,0.0
1753067843885849801,1,0.0
1753067843887824932,0,0.0
1753067843889771612,0,0.0
1753067843891782413,0,0.0
1753067843893734258,1,0.0
1753067843895745359,0,0.0
1753067843897737036,0,0.0
1753067843899737344,0,0.0
1753067843901758944,0,0.0
1753067843903786159,0,0.0
1753067843905742217,0,0.0
1753067843907769108,0,0.0
1753067843909702764,0,0.0
1753067843911780110,0,1.1370416700903523
1753067843913716567,0,2.0322007129243804
1753067843915740612,0,1.0482556451844123
1753067843917704931,0,0.0
1753067843919724765,0,0.0
1753067843921743421,0,0.0
1753067843923821951,0,0.0
1753067843925814140,0,0.0
1753067843927703018,0,0.0
1753067843929680704,0,0.0
1753067843931690559,1,0.0
1753067843933681794,0,0.0
1753067843935687123,0,0.0
1753067843937689413,0,0.0
1753067843939659045,0,0.0
1753067843941686084,1,0.0
1753067843943683702,0,0.0
1753067843945637936,0,0.0
1753067843947638414,0,0.0
1753067843949678595,0,0.0
1753067843951693789,0,0.0
1753067843953557278,0,0.0
1753067843955556269,1,0.0
1753067843957541682,0,0.0
1753067843959554759,0,0.0
1753067843961593727,0,0.0
1753067843963574685,0,0.0
1753067843965574044,0,0.0
1753067843967515100,0,0.0
1753067843969553863,0,0.0
1753067843971529767,0,0.0
1753067843973565895,0,0.0
1753067843975634724,0,0.0
1753067843977562972,0,0.0
1753067843979578913,0,0.0
1753067843981563610,0,0.0
1753067843983579027,0,0.0
1753067843985579454,1,0.0
1753067843987572475,0,0.0
1753067843989571488,0,0.0
1753067843991597332,0,0.0
1753067843993553691,1,0.0
1753067843995624910,0,0.0
1753067843997574582,0,0.0
1753067843999582703,0,0.0
1753067844001579634,0,0.0
1753067844003580331,0,0.0
1753067844005613051,0,0.0
1753067844007648349,0,0.0
1753067844009581640,0,0.0
1753067844011568965,0,0.0
1753067844013560715,0,0.0
1753067844015611254,0,0.0
1753067844017565921,0,0.0
1753067844019515346,0,0.0
1753067844021555777,0,0.0
1753067844023535644,0,0.0
1753067844025556311,0,0.0
1753067844027544180,0,0.0
1753067844029513865,1,0.0
1753067844031517642,0,0.0
1753067844033509362,0,0.0
1753067844035530077,0,0.0
1753067844037560758,0,0.0
1753067844039539879,0,0.0
1753067844041521773,0,0.0
1753067844043499333,0,0.0
1753067844045503639,0,0.0
1753067844047503485,1,0.0
1753067844049543052,0,0.0
1753067844051528276,0,0.0
1753067844053521641,0,0.0
1753067844055469719,0,0.0
1753067844057475601,0,0.0
1753067844059468667,0,0.0
1753067844061451690,0,0.0
1753067844063495536,0,0.0
1753067844065478941,0,0.0
1753067844067474781,0,0.0
1753067844069400399,0,0.0
1753067844071457378,0,0.0
1753067844073430587,0,0.0
1753067844075435111,1,0.0
1753067844077408248,0,0.0
1753067844079432632,0,0.0
1753067844081403901,0,0.0
1753067844083405483,0,0.0
1753067844085477008,0,0.0
1753067844087444621,0,0.0
1753067844089387357,0,0.0
1753067844091391223,0,0.0
1753067844093422023,0,0.0
1753067844095425435,0,0.0
1753067844097418954,0,0.0
1753067844099407452,0,0.0
1753067844101394297,0,0.0
1753067844103356772,0,0.0
1753067844105388569,1,0.0
1753067844107412986,0,0.0
1753067844109409865,0,0.0
1753067844111373125,0,0.0
1753067844113399777,0,0.0
1753067844115369422,1,0.0
1753067844117300151,0,0.0
1753067844119296064,0,0.0
1753067844121318958,0,0.0
1753067844123355817,1,0.0
1753067844125346228,1,0.0
1753067844127352126,0,0.0
1753067844129296039,0,0.0
1753067844131297198,0,0.0
1753067844133292130,0,0.0
1753067844135337888,0,0.0
1753067844137266628,0,0.0
1753067844139276439,0,0.0
1753067844141296608,0,0.0
1753067844143265237,0,0.0
1753067844145294817,0,0.0
1753067844147274422,0,0.0
1753067844149267778,0,0.0
1753067844151202026,0,0.0
1753067844153314074,0,0.0
1753067844155278421,0,0.0
1753067844157226804,0,0.0
1753067844159239564,0,0.0
1753067844161296413,0,0.0
1753067844163289913,1,0.0
1753067844165280554,0,0.0
1753067844167282733,0,0.0
1753067844169293557,0,0.0
1753067844171290840,0,0.0
1753067844173217529,0,0.0
1753067844175255054,0,0.0
1753067844177263764,0,0.0
1753067844179287449,0,0.0
1753067844181246830,0,0.0
1753067844183256642,0,0.0
1753067844185282656,0,0.0
1753067844187221471,0,0.0
1753067844189234571,0,0.0
1753067844191267882,0,1.3969999125044588
1753067844193245908,0,1.3969999125044588
1753067844195289323,0,0.0
1753067844197221467,0,0.0
1753067844199198754,0,0.0
1753067844201203371,0,0.0
1753067844203191176,0,0.0
1753067844205224632,0,0.0
1753067844207201562,1,0.0
1753067844209209636,0,0.0
1753067844211201505,0,0.0
1753067844213192683,0,0.0
1753067844215222581,0,0.0
1753067844217169159,0,0.0
1753067844219140878,0,0.0
1753067844221112257,0,0.0
1753067844223137630,0,0.0
1753067844225096172,0,0.0
1753067844227229485,0,0.0
1753067844229130158,0,0.0
1753067844231141530,0,0.0
1753067844233117858,0,0.0
1753067844235113538,0,0.0
1753067844237236258,0,0.0
1753067844239277301,0,0.0
1753067844241228073,0,0.0
1753067844243140215,0,0.0
1753067844245101332,0,0.0
1753067844247051829,0,0.0
1753067844249100138,0,0.0
1753067844251071283,0,0.0
1753067844253144311,0,0.0
1753067844255090723,0,0.0
1753067844257122382,1,0.0
1753067844259057740,1,0.0
1753067844261112264,0,0.0
1753067844263092473,0,0.0
1753067844265048916,0,0.0
1753067844267165163,0,0.0
1753067844269146475,0,0.0
1753067844271051133,0,0.0
1753067844273091153,0,0.0
1753067844275147352,0,0.0
1753067844277224074,1,0.0
1753067844279146074,0,0.0
1753067844281133082,0,0.0
1753067844283098454,0,0.0
1753067844285134839,1,0.0
1753067844287153531,0,0.0
1753067844289146869,0,0.0
1753067844291049910,0,0.0
1753067844293074175,1,0.0
1753067844295086505,0,0.0
1753067844297001713,0,0.0
1753067844298995902,0,0.0
1753067844301077868,1,0.0
1753067844303063005,0,0.0
1753067844305084342,0,0.0
1753067844307054555,0,0.0
1753067844309062073,0,0.0
1753067844311013101,0,0.0
1753067844313029975,1,0.0
1753067844314989718,0,0.0
1753067844317039845,0,0.0
1753067844319048989,0,0.0
1753067844321061216,1,0.0
1753067844322972574,0,0.0
1753067844325092697,0,0.0
1753067844327054839,0,0.0
1753067844329087269,0,0.0
1753067844331077057,0,0.0
1753067844333067893,1,0.0
1753067844335059645,0,0.0
1753067844336927517,0,0.0
1753067844338960668,0,0.0
1753067844341002372,0,0.0
1753067844342997377,0,0.0
1753067844344996936,0,0.0
1753067844347092667,1,0.0
1753067844349045908,0,0.0
1753067844351004890,0,0.0
1753067844352997413,0,0.0
1753067844355048862,0,0.0
1753067844356973549,0,0.0
1753067844358900765,0,0.0
1753067844360841160,0,0.0
1753067844362864197,0,0.0
1753067844364913396,0,0.0
1753067844366862357,0,0.0
1753067844368862760,0,0.0
1753067844370881120,0,0.0
1753067844372872100,1,0.0
1753067844374847030,0,0.0
1753067844376859546,1,0.0
1753067844378874461,0,0.0
1753067844380829042,0,0.0
1753067844382867053,0,0.0
1753067844384938115,0,0.0
1753067844386801261,0,0.0
1753067844388786124,0,0.0
1753067844390816360,0,0.0
1753067844392783736,0,0.0
1753067844394833479,0,0.0
1753067844396901954,0,0.0
1753067844398879947,1,0.0
1753067844400887145,0,0.0
1753067844402819130,0,0.0
1753067844404801277,1,0.0
1753067844406863478,0,0.0
1753067844408824527,0,0.0
1753067844410799729,0,0.0
1753067844412744722,0,0.0
1753067844414748344,0,0.0
1753067844416729189,0,0.0
1753067844418768291,1,0.0
1753067844420799374,0,0.0
1753067844422817614,0,0.0
1753067844424782157,1,0.0
1753067844426789961,0,0.0
1753067844428717123,0,0.0
1753067844430724103,0,0.0
1753067844432730979,0,0.0
1753067844434693330,1,0.0
1753067844436704809,0,0.0
1753067844438708108,0,0.0
1753067844440716317,1,0.0
1753067844442769430,0,0.0
1753067844444715761,0,0.0
1753067844446720079,0,0.0
1753067844448712895,0,0.0
1753067844450697336,1,0.0
1753067844452720541,1,0.0
1753067844454701731,0,0.0
1753067844456721165,1,0.0
1753067844458664086,1,0.0
1753067844460691381,0,0.0
1753067844462681017,0,0.0
1753067844464647473,1,0.0
1753067844466790962,0,0.0
1753067844468771339,0,0.0
1753067844470779599,0,0.0
1753067844472777114,0,0.0
1753067844474787311,0,0.0
1753067844476656992,0,0.0
1753067844478657323,0,0.0
1753067844480606220,0,0.0
1753067844482641283,0,0.0
1753067844484663427,0,0.0
1753067844486673101,0,0.0
1753067844488610413,0,0.0
1753067844490682279,0,0.0
1753067844492637381,0,0.0
1753067844494690147,0,0.0
1753067844496615763,0,0.0
1753067844498631184,0,0.0
1753067844500651575,0,0.0
1753067844502631465,1,0.0
1753067844504604100,0,0.0
1753067844506641406,0,0.0
1753067844508601729,1,0.0
1753067844510590505,0,0.0
1753067844512583603,0,0.0
1753067844514585102,1,0.0
1753067844516550896,0,0.0
1753067844518604949,1,0.0
1753067844520601849,1,0.0
1753067844522628289,0,0.0
1753067844524611660,0,0.0
1753067844526583134,0,0.0
1753067844528571621,0,0.0
1753067844530586797,0,0.0
1753067844532554528,1,0.0
1753067844534562766,0,0.0
1753067844536599594,0,0.0
1753067844538593914,0,0.0
1753067844540667591,0,0.0
1753067844542603809,0,2.227905363064849
1753067844544535415,0,2.227905363064849
1753067844546572899,0,0.0
1753067844548533974,1,0.0
1753067844550498320,0,0.0
1753067844552532971,0,0.0
1753067844554562131,1,0.0
1753067844556565410,0,0.0
1753067844558557541,0,0.0
1753067844560568154,0,1.085031365901856
1753067844562560394,0,1.085031365901856
1753067844564499615,0,0.0
1753067844566632408,0,0.0
1753067844568545235,0,0.0
1753067844570525424,1,0.0
1753067844572545291,0,0.0
1753067844574512940,0,0.0
1753067844576544258,1,0.0
1753067844578489452,0,0.0
1753067844580558045,1,0.0
1753067844582559337,0,0.0
1753067844584490054,0,0.0
1753067844586554172,0,0.0
1753067844588502552,0,0.0
1753067844590488695,0,0.0
1753067844592370657,0,0.0
1753067844594365603,0,0.0
1753067844596386660,0,0.0
1753067844598390352,0,0.0
1753067844600406002,0,0.0
1753067844602439652,0,0.0
1753067844604404553,0,0.0
1753067844606433361,0,0.0
1753067844608470076,0,0.0
1753067844610453204,0,0.0
1753067844612412232,0,0.0
1753067844614401992,1,0.0
1753067844616363244,0,0.0
1753067844618403892,0,0.0
1753067844620403582,1,0.0
1753067844622382834,0,0.0
1753067844624389570,0,0.0
1753067844626380494,0,0.0
1753067844628354239,0,0.0
1753067844630389021,1,0.0
1753067844632374167,0,0.0
1753067844634402792,0,0.0
1753067844636388403,0,0.0
1753067844638305571,1,0.0
1753067844640389605,0,0.0
1753067844642363128,1,0.0
1753067844644423769,0,0.0
1753067844646374737,0,0.0
1753067844648308111,1,0.0
1753067844650368680,1,0.0
1753067844652339379,0,0.0
1753067844654385638,1,0.0
1753067844656409331,1,0.0
1753067844658396401,0,0.0
1753067844660488588,1,0.0
1753067844662313129,0,0.0
1753067844664368074,0,0.0
1753067844666335978,0,0.0
1753067844668350186,0,0.0
1753067844670287672,0,0.0
1753067844672318288,0,0.0
1753067844674267880,1,0.0
1753067844676298617,0,0.0
1753067844678333075,0,0.0
1753067844680295783,0,0.0
1753067844682298335,0,0.0
1753067844684301521,0,0.0
1753067844686361376,0,0.0
1753067844688312079,0,0.0
1753067844690287807,0,0.0
1753067844692231207,0,0.0
1753067844694232390,1,0.0
1753067844696275796,0,0.0
1753067844698276975,0,0.0
1753067844700238099,0,0.0
1753067844702234927,0,0.0
1753067844704221516,1,0.0
1753067844706210723,0,0.0
1753067844708186553,0,0.0
1753067844710226371,0,0.0
1753067844712252728,0,0.0
1753067844714268820,0,0.0
1753067844716242575,0,0.0
1753067844718200620,0,0.0
1753067844720232747,0,0.0
1753067844722245650,1,0.0
1753067844724261514,0,0.0
1753067844726202047,0,0.0
1753067844728235194,0,0.0
1753067844730160131,0,0.0
1753067844732150995,0,0.0
1753067844734191219,0,0.0
1753067844736198729,1,0.0
1753067844738220969,0,0.0
1753067844740199386,0,0.0
1753067844742200985,0,0.0
1753067844744222271,1,0.0
1753067844746187316,0,0.0
1753067844748177505,0,0.0
1753067844750160459,0,0.0
1753067844752114355,0,0.0
1753067844754202334,0,0.0
1753067844756173894,1,0.0
1753067844758217579,0,0.0
1753067844760189592,0,0.0
1753067844762186527,0,0.0
1753067844764166510,0,0.0
1753067844766250869,0,0.0
1753067844768142699,0,0.0
1753067844770096270,0,0.0
1753067844772097871,0,0.0
1753067844774144271,1,0.0
1753067844776150366,0,0.0
1753067844778154579,0,0.0
1753067844780118014,0,0.0
1753067844782142358,1,0.0
1753067844784111712,0,0.0
1753067844786097721,1,0.0
1753067844788093906,0,0.0
1753067844790058326,0,0.0
1753067844792074019,0,0.0
1753067844794120325,0,0.0
1753067844796054610,0,0.0
1753067844798063944,1,0.0
1753067844800070493,1,0.0
1753067844802126596,0,0.0
1753067844804061846,0,0.0
1753067844806098955,0,0.0
1753067844808051100,0,0.0
1753067844810105783,0,0.0
1753067844812067368,0,0.0
1753067844814107005,0,0.0
1753067844816066429,0,0.0
1753067844818142292,0,0.0
1753067844820058979,0,0.0
1753067844822038981,0,0.0
1753067844824081417,0,0.0
1753067844826076687,0,0.0
1753067844828049825,0,0.0
1753067844830024869,0,0.0
1753067844831958533,0,0.0
1753067844834004234,0,0.0
1753067844835990151,0,0.0
1753067844837969585,0,0.0
1753067844839967302,0,0.0
1753067844842049339,0,0.0
1753067844843963518,0,0.0
1753067844845998546,0,0.0
1753067844848044964,0,0.0
1753067844849960143,0,0.0
1753067844851965996,0,0.0
1753067844853946159,1,0.0
1753067844855945839,0,0.0
1753067844858026659,0,0.0
1753067844859999605,1,0.0
1753067844862001210,0,0.0
1753067844863947048,1,0.0
1753067844865959913,0,0.0
1753067844867947923,0,0.0
1753067844870118621,0,0.0
1753067844871995320,0,0.0
1753067844873964547,0,0.0
1753067844876028970,1,0.0
1753067844877962656,0,0.0
1753067844879946075,0,0.0
1753067844882044069,0,0.0
1753067844883932701,0,0.0
1753067844886020274,0,0.0
1753067844887924684,0,0.0
1753067844889897291,0,0.0
1753067844891866081,0,0.0
1753067844893867737,0,0.0
1753067844895911470,0,0.0
1753067844897889473,0,0.0
1753067844899904450,0,0.0
1753067844901862633,1,0.0
1753067844903899674,0,0.0
1753067844905840226,0,0.0
1753067844907838427,0,0.0
1753067844909842163,0,0.0
1753067844911862900,0,0.0
1753067844913930183,0,0.0
1753067844915910672,1,0.0
1753067844917894980,1,0.0
1753067844919885941,1,0.0
1753067844921882239,0,0.0
1753067844923915731,0,0.0
1753067844925867369,0,0.0
1753067844927835455,0,0.0
1753067844929794743,0,0.0
1753067844931789046,0,0.6578567635304716
1753067844933832999,0,0.6578567635304716
1753067844935865888,1,0.11685522373225588
1753067844937835411,0,0.0
1753067844939805396,1,0.0
1753067844941902341,0,0.0
1753067844943924039,0,0.0
1753067844945781808,0,0.0
1753067844947755840,0,0.0
1753067844949788749,0,0.0
1753067844951777593,0,0.0
1753067844953760779,1,0.0
1753067844955763136,0,0.0
1753067844957786107,0,0.0
1753067844959753701,1,0.0
1753067844961703572,0,0.0
1753067844963768926,0,0.0
1753067844965855631,0,0.0
1753067844967706534,0,0.0
1753067844969761017,1,0.0
1753067844971780750,0,0.0
1753067844973763020,0,0.0
1753067844975800606,0,0.0
1753067844977744110,0,0.0
1753067844979788811,0,0.0
1753067844981788351,0,0.0
1753067844983693643,0,0.0
1753067844985770013,0,0.0
1753067844987780396,0,0.0
1753067844989773828,0,0.0
1753067844991790222,0,0.0
1753067844993770830,0,0.0
1753067844995755481,0,0.0
1753067844997818420,0,0.0
1753067844999751317,1,0.0
1753067845001736161,1,0.0
1753067845003734317,0,0.0
1753067845005762825,0,0.0
1753067845007718151,0,0.0
1753067845009745059,0,0.0
1753067845011778055,0,0.0
1753067845013748998,0,0.0
1753067845015750722,0,0.0
1753067845017756756,0,0.0
1753067845019742562,0,0.0
1753067845021760910,0,0.0
1753067845023811797,0,0.0
1753067845025743394,0,0.0
1753067845027758082,1,0.0
1753067845029719783,0,0.0
1753067845031753386,0,0.0
1753067845033726322,0,0.0
1753067845035704854,0,0.0
1753067845037696679,0,0.0
1753067845039732236,0,0.0
1753067845041683288,1,0.0
1753067845043665855,0,0.0
1753067845045743173,0,0.0
1753067845047643301,0,0.0
1753067845049678842,0,0.0
1753067845051702383,0,0.0
1753067845053623298,0,0.0
1753067845055655161,0,0.0
1753067845057653020,1,0.0
1753067845059637147,1,0.0
1753067845061597901,0,0.0
1753067845063670779,0,0.0
1753067845065605357,0,0.0
1753067845067659776,0,0.0
1753067845069652527,0,0.0
1753067845071599670,1,0.0
1753067845073525662,0,0.0
1753067845075540500,0,0.0
1753067845077549594,1,0.0
1753067845079516155,0,0.0
1753067845081568981,0,0.0
1753067845083542419,1,0.0
1753067845085554756,1,0.0
1753067845087685276,0,0.0
1753067845089747520,0,0.0
1753067845091684394,1,0.0
1753067845093682456,0,0.0
1753067845095674270,0,0.0
1753067845097634392,1,0.0
1753067845099653107,1,0.0
1753067845101693221,1,0.0
1753067845103618876,1,0.0
1753067845105680787,0,0.0
1753067845107669858,0,0.0
1753067845109612374,1,0.0
1753067845111595341,0,0.0
1753067845113661171,0,0.0
1753067845115675647,0,0.0
1753067845117591296,0,0.0
1753067845119686948,0,0.0
1753067845121582158,0,0.0
1753067845123639417,1,0.0
1753067845125581966,0,0.0
1753067845127622105,0,0.0
1753067845129601957,1,0.0
1753067845131572791,0,0.0
1753067845133566300,0,0.0
1753067845135470302,0,0.0
1753067845137546700,0,0.0
1753067845139543795,1,0.23746536456272982
1753067845141522595,0,2.0322007129243804
1753067845143498023,0,1.9813030082788057
1753067845145462380,0,0.0
1753067845147443150,0,0.0
1753067845149355169,0,0.0
1753067845151362474,0,0.0
1753067845153415485,0,0.0
1753067845155414802,0,0.0
1753067845157412503,0,0.0
1753067845159344706,0,0.0
1753067845161387327,1,0.0
1753067845163284297,0,0.0
1753067845165366059,0,0.0
1753067845167313593,1,0.0
1753067845169343556,1,0.0
1753067845171344356,0,0.0
1753067845173383838,0,0.0
1753067845175300891,0,0.0
1753067845177331879,0,0.0
1753067845179300574,0,0.0
1753067845181332353,1,0.0
1753067845183286738,0,0.0
1753067845185303885,0,0.0
1753067845187311672,1,0.0
1753067845189331390,1,0.0
1753067845191371594,1,0.0
1753067845193342354,0,0.0
1753067845195395669,0,0.0
1753067845197304852,1,0.0
1753067845199429841,0,0.0
1753067845201299239,0,0.0
1753067845203352036,0,0.0
1753067845205348957,0,0.0
1753067845207319049,0,0.0
1753067845209306820,0,0.0
1753067845211349349,0,0.0
1753067845213331774,0,0.0
1753067845215305647,0,0.0
1753067845217325154,0,0.0
1753067845219311875,1,0.0
1753067845221330930,0,0.0
1753067845223308094,1,0.0
1753067845225317731,0,0.0
1753067845227311854,1,0.0
1753067845229293605,1,0.0
1753067845231291582,0,0.0
1753067845233265125,0,0.0
1753067845235363033,1,0.0
1753067845237341394,0,0.0
1753067845239318892,0,0.0
1753067845241335725,0,0.0
1753067845243264522,1,0.0
1753067845245215453,0,0.0
1753067845247225389,0,0.0
1753067845249234754,0,0.0
1753067845251243838,0,0.0
1753067845253212482,0,0.0
1753067845255254214,0,0.0
1753067845257188584,0,0.0
1753067845259259518,0,0.0
1753067845261247186,0,0.0
1753067845263243136,0,0.0
1753067845265231599,1,0.0
1753067845267229926,0,0.0
1753067845269215963,1,0.0
1753067845271223559,0,0.0
1753067845273258662,0,0.0
1753067845275204979,1,0.0
1753067845277220766,0,0.0
1753067845279357690,0,0.0
1753067845281199092,0,0.0
1753067845283237031,0,0.0
1753067845285213924,0,0.0
1753067845287252787,0,0.0
1753067845289199875,0,0.0
1753067845291179502,0,0.0
1753067845293195790,0,0.0
1753067845295192771,0,0.0
1753067845297217127,1,0.0
1753067845299229952,0,0.0
1753067845301244779,0,0.0
1753067845303234348,1,0.0
1753067845305239176,0,0.0
1753067845307183669,0,0.0
1753067845309148197,0,0.0
1753067845311164598,0,0.0
1753067845313113614,1,0.0
1753067845315092435,1,0.0
1753067845317135821,0,0.0
1753067845319110080,0,0.0
1753067845321154998,0,0.0
1753067845323142745,0,0.0
1753067845325128225,1,0.0
1753067845327096549,0,0.0
1753067845329122649,0,0.0
1753067845331097040,0,0.0
1753067845333078402,1,0.0
1753067845335051825,0,0.0
1753067845337092965,0,0.0
1753067845339095469,1,0.0
1753067845341079373,0,0.0
1753067845343077883,0,0.0
1753067845345035983,1,0.0
1753067845347111657,1,0.0
1753067845349101366,0,0.0
1753067845351086854,0,0.0
1753067845353069895,0,0.0
1753067845355029363,0,0.0
1753067845357044221,0,0.0
1753067845359025222,0,0.0
1753067845361062077,0,0.0
1753067845363065711,0,0.0
1753067845365020347,0,0.0
1753067845367041610,0,0.0
1753067845368994129,0,0.0
1753067845370980165,0,0.0
1753067845372978610,0,0.0
1753067845374968708,0,0.0
1753067845376959518,0,0.0
1753067845378955830,0,0.0
1753067845380973844,0,0.0
1753067845382987167,1,0.0
1753067845384965152,0,0.0
1753067845386964676,0,0.0
1753067845388964032,0,0.0
1753067845390930472,0,0.0
1753067845392965897,0,0.0
1753067845394943974,1,0.0
1753067845396937288,0,0.0
1753067845398940029,0,0.0
1753067845400932889,0,0.0
1753067845402950117,0,0.0
1753067845404919094,0,0.0
1753067845406844473,0,0.0
1753067845409019261,0,0.0
1753067845410869976,0,0.0
1753067845412922007,1,0.0
1753067845414911156,0,0.0
1753067845416937152,0,0.0
1753067845418918573,0,0.0
1753067845420974924,0,0.0
1753067845423018869,0,0.0
1753067845425150390,0,0.0
1753067845427018683,0,0.0
1753067845428912552,1,0.0
1753067845430883427,0,0.0
1753067845432996397,0,0.0
1753067845434884518,1,0.0
1753067845436953060,0,0.0
1753067845438934167,0,0.0
1753067845440930289,0,0.0
1753067845442839065,0,0.0
1753067845444805432,1,0.0
1753067845446801718,0,0.0
1753067845448799609,0,0.0
1753067845450801458,1,0.0
1753067845452771615,0,0.0
1753067845454785621,0,0.0
1753067845456859945,1,0.0
1753067845458800157,0,0.0
1753067845460753462,0,0.0
1753067845462793877,0,0.0
1753067845464802073,1,0.0
1753067845466753867,0,0.0
1753067845468778015,0,0.0
1753067845470732777,0,0.0
1753067845472825837,0,0.0
1753067845474740166,0,0.0
1753067845476794176,0,0.0
1753067845478796946,0,0.0
1753067845480732266,0,0.0
1753067845482728272,0,0.0
1753067845484721955,1,0.0
1753067845486734506,0,0.0
1753067845488738766,1,0.0
1753067845490692097,0,0.0
1753067845492715326,0,0.0
1753067845494753405,0,0.0
1753067845496768088,0,0.0
1753067845498766870,0,0.0
1753067845500718782,0,0.0
1753067845502829613,1,0.0
1753067845504760325,0,0.0
1753067845506713098,0,0.0
1753067845508850164,1,0.0
1753067845510891789,0,0.0
1753067845512875593,0,0.0
1753067845514801561,0,0.0
1753067845516894975,1,1.021836940689379
1753067845518850230,1,1.3969999125044588
1753067845520979890,0,0.1250991520539917
1753067845522878371,0,0.0
1753067845524907857,0,0.0
1753067845526763499,0,0.0
1753067845528742509,0,0.0
1753067845530751083,0,0.0
1753067845532763827,1,0.0
1753067845534750091,0,0.0
1753067845536741146,0,0.0
1753067845538808220,0,0.0
1753067845540700550,0,0.0
1753067845542746545,0,0.0
1753067845544681120,0,0.0
1753067845546708054,0,0.0
1753067845548718757,0,0.0
1753067845550812403,0,0.0
1753067845552706236,1,0.0
1753067845554692450,0,0.0
1753067845556752838,0,0.0
1753067845558711171,1,0.0
1753067845560732812,0,0.0
1753067845562696669,0,0.0
1753067845564664406,1,0.0
1753067845566671959,1,0.0
1753067845568708554,0,0.0
1753067845570689479,1,0.0
1753067845572693082,0,0.0
1753067845574697941,0,0.0
1753067845576687730,0,0.0
1753067845578721649,0,0.0
1753067845580720523,1,0.0
1753067845582737912,0,0.0
1753067845584668028,0,0.0
1753067845586575954,0,0.0
1753067845588595244,0,0.0
1753067845590655058,0,0.0
1753067845592629844,0,0.0
1753067845594653096,1,0.0
1753067845596629080,0,0.0
1753067845598593655,1,0.0
1753067845600622585,0,0.0
1753067845602641868,0,0.0
1753067845604612496,0,0.0
1753067845606629655,1,0.0
1753067845608697106,0,0.0
1753067845610614072,0,0.0
1753067845612609647,0,0.0
1753067845614547956,0,0.0
1753067845616528553,1,0.0
1753067845618576759,0,0.0
1753067845620605596,0,0.0
1753067845622608784,0,0.0
1753067845624567382,0,0.0
1753067845626560841,1,0.0
1753067845628543518,0,0.0
1753067845630557682,0,0.0
1753067845632608359,0,0.0
1753067845634609894,0,0.0
1753067845636613803,0,0.0
1753067845638598391,0,0.0
1753067845640557308,0,0.0
1753067845642528959,1,0.0
1753067845644544772,0,0.0
1753067845646558113,0,0.0
1753067845648533381,0,0.0
1753067845650573423,1,0.0
1753067845652555630,1,0.0
1753067845654549389,0,0.0
1753067845656530571,1,0.0
1753067845658522092,0,0.0
1753067845660559626,1,0.0
1753067845662520577,1,0.0
1753067845664563579,0,0.0
1753067845666511832,1,0.0
1753067845668540009,0,0.0
1753067845670596879,0,0.0
1753067845672531001,0,0.0
1753067845674497483,0,0.0
1753067845676607650,0,0.0
1753067845678544787,0,0.0
1753067845680491515,1,0.0
1753067845682506292,1,0.0
1753067845684434086,0,0.0
1753067845686460739,0,0.0
1753067845688466229,0,0.0
1753067845690433254,0,0.0
1753067845692452387,1,0.0
1753067845694458756,1,0.0
1753067845696516976,1,0.0
1753067845698448054,1,0.0
1753067845700467436,0,0.0
1753067845702515565,1,0.0
1753067845704438261,0,0.0
1753067845706448310,0,0.0
1753067845708430398,0,0.0
1753067845710367417,0,0.0
1753067845712382095,0,0.0
1753067845714365877,0,0.0
1753067845716404410,1,0.0
1753067845718433144,0,0.0
1753067845720411907,0,0.0
1753067845722386603,1,0.0
1753067845724360984,0,0.0
1753067845726386456,1,0.0
1753067845728354604,1,0.0
1753067845730390681,0,0.0
1753067845732385883,0,0.0
1753067845734329811,1,0.0
1753067845736414327,0,0.0
1753067845738307679,1,0.0
1753067845740382099,1,0.0
1753067845742260032,0,0.0
1753067845744238594,0,0.0
1753067845746271219,0,0.0
1753067845748339456,1,0.0
1753067845750257314,0,0.0
1753067845752224905,0,0.0
1753067845754313425,1,0.0
1753067845756221239,0,0.0
1753067845758250848,0,0.0
1753067845760173573,1,0.0
1753067845762202206,0,0.0
1753067845764199294,0,0.0
1753067845766210807,1,0.0
1753067845768211139,0,0.0
1753067845770215529,0,0.0
1753067845772304643,1,0.0
1753067845774147695,1,0.0
1753067845776209194,0,0.0
1753067845778198110,0,0.0
1753067845780213665,0,0.0
1753067845782204271,0,0.0
1753067845784195434,0,0.0
1753067845786167581,0,0.0
1753067845788198459,0,0.0
1753067845790219417,1,0.0
1753067845792213605,0,0.0
1753067845794233973,0,0.0
1753067845796226842,1,0.0
1753067845798265042,0,0.0
1753067845800285091,0,0.0
1753067845802249986,0,0.0
1753067845804234018,0,0.0
1753067845806219719,0,0.0
1753067845808177100,0,0.0
1753067845810225566,1,0.0
1753067845812196110,0,0.0
1753067845814183000,1,0.0
1753067845816230874,0,0.0
1753067845818207848,1,0.0
1753067845820154995,0,0.0
1753067845822169668,0,0.0
1753067845824140859,0,4.670038665621726
1753067845826176067,0,4.670038665621726
1753067845828221387,0,0.0
1753067845830185004,1,0.0
1753067845832192909,0,0.0
1753067845834176627,1,0.0
1753067845836111868,0,0.0
1753067845838161160,0,0.0
1753067845840146342,0,0.0
1753067845842187294,0,0.0
1753067845844222297,0,0.0
1753067845846246992,1,0.0
1753067845848119934,1,0.0
1753067845850130424,0,0.0
1753067845852123616,0,0.0
1753067845854106441,0,0.0
1753067845856142796,0,0.0
1753067845858132977,0,0.0
1753067845860136329,1,0.0
1753067845862123336,0,0.0
1753067845864116014,0,0.0
1753067845866210321,0,0.0
1753067845868202502,1,0.0
1753067845870132132,0,0.0
1753067845872127415,1,0.0
1753067845874226451,0,0.0
1753067845876112685,1,0.0
1753067845878169637,0,0.0
1753067845880090276,0,0.0
1753067845882092091,0,0.0
1753067845884132502,0,0.0
1753067845886136179,1,0.0
1753067845888210577,0,0.0
1753067845890078949,0,0.0
1753067845892131977,0,0.0
1753067845894080451,0,0.0
1753067845896074433,0,0.0
1753067845898018080,0,0.0
1753067845900048120,0,0.0
1753067845902020153,0,0.0
1753067845904018312,0,0.0
1753067845906155244,0,0.0
1753067845908116644,0,0.0
1753067845910099464,0,0.0
1753067845912058664,1,0.0
1753067845914061498,1,0.0
1753067845916040885,0,0.0
1753067845918041237,1,0.0
1753067845920038901,1,0.0
1753067845922045376,0,0.0
1753067845924025404,1,0.0
1753067845926055428,1,0.0
1753067845927983663,1,0.0
1753067845929945653,1,0.0
1753067845931946409,1,0.0
1753067845933977814,1,0.0
1753067845935999387,0,0.0
1753067845937985893,0,0.0
1753067845939967047,0,0.0
1753067845942078934,0,0.0
1753067845944044669,1,0.0
1753067845946000952,0,0.0
1753067845947986765,0,0.0
1753067845949973597,0,0.0
1753067845952017424,0,0.0
1753067845953943512,1,0.0
1753067845955976913,0,0.0
1753067845957968278,1,0.0
1753067845959924843,0,0.0
1753067845961964431,0,0.0
1753067845964043324,0,0.0
1753067845965933323,1,0.0
1753067845967981928,1,0.0
1753067845969928378,0,0.0
1753067845971873435,0,0.0
1753067845973871139,0,0.0
1753067845975875446,0,0.0
1753067845977876234,0,0.0
1753067845979847580,1,0.0
1753067845981847417,0,0.0
1753067845983836857,0,0.0
1753067845985800606,1,0.0
1753067845987837817,0,0.0
1753067845989873875,0,0.0
1753067845991844645,0,0.0
1753067845993846405,0,0.0
1753067845995845765,0,0.0
1753067845997817361,0,0.0
1753067845999856327,1,0.0
1753067846001868477,1,0.0
1753067846003844428,0,0.0
1753067846005849227,1,0.0
1753067846007838204,1,0.0
1753067846009880884,0,0.0
1753067846011878145,0,0.0
1753067846013893415,0,0.0
1753067846015829813,0,0.0
1753067846017868748,0,0.0
1753067846019824105,0,0.0
1753067846021838080,1,0.0
1753067846023815927,0,0.0
1753067846025790126,0,0.0
1753067846027839328,0,0.0
1753067846029845460,0,0.0
1753067846031835376,0,0.0
1753067846033791603,1,0.0
1753067846035807016,0,0.0
1753067846037771184,0,0.0
1753067846039768445,0,0.0
1753067846041783843,0,0.0
1753067846043764077,1,0.0
1753067846045813293,1,0.0
1753067846047896739,0,0.0
1753067846049837313,0,0.0
1753067846051829453,0,0.0
1753067846053718565,0,0.0
1753067846055754204,0,0.0
1753067846057722576,0,0.0
1753067846059741344,0,0.0
1753067846061753086,0,0.0
1753067846063708980,0,0.0
1753067846065766231,0,0.0
1753067846067728221,0,0.0
1753067846069780630,1,0.0
1753067846071790150,0,0.0
1753067846073751582,0,0.0
1753067846075746240,1,0.0
1753067846077736592,1,0.0
1753067846079752605,0,0.0
1753067846081774647,0,0.0
1753067846083751432,0,0.0
1753067846085782778,1,0.0
1753067846087753140,0,0.0
1753067846089713697,1,0.0
1753067846091729716,0,0.0
1753067846093673671,0,0.0
1753067846095626190,0,0.0
1753067846097633502,0,0.0
1753067846099677482,0,0.0
1753067846101687145,0,0.0
1753067846103704956,0,0.0
1753067846105707809,0,0.0
1753067846107728271,0,0.0
1753067846109705553,0,0.0
1753067846111702872,0,0.0
1753067846113697712,0,0.0
1753067846115694488,0,0.0
1753067846117664174,1,0.0
1753067846119702173,0,0.0
1753067846121690335,0,0.0
1753067846123689283,0,1.3969999125044588
1753067846125660295,0,1.3969999125044588
1753067846127695457,1,0.0
1753067846129676111,1,0.0
1753067846131662394,0,0.0
1753067846133710744,1,0.0
1753067846135634099,1,0.0
1753067846137676434,0,0.0
1753067846139628055,0,0.0
1753067846141625056,0,0.0
1753067846143615492,0,1.453488404668164
1753067846145697383,0,6.59141806713363
1753067846147634847,0,5.434028319400998
1753067846149629131,0,0.0
1753067846151637398,1,0.0
1753067846153630100,0,0.0
1753067846155628551,1,0.0
1753067846157637511,0,0.0
1753067846159631470,0,0.0
1753067846161577018,1,0.0
1753067846163587222,1,0.0
1753067846165698233,0,0.0
1753067846167692170,1,0.0
1753067846169702708,0,0.0
1753067846171729736,0,0.0
1753067846173606804,1,0.0
1753067846175621650,1,0.0
1753067846177620376,0,0.0
1753067846179618629,1,0.0
1753067846181581587,0,0.0
1753067846183550619,0,0.0
1753067846185547503,0,0.0
1753067846187548743,0,0.0
1753067846189512175,0,0.0
1753067846191528708,1,0.0
1753067846193541537,0,0.0
1753067846195540630,1,0.0
1753067846197529469,0,0.0
1753067846199501160,0,0.0
1753067846201556641,0,0.0
1753067846203498755,1,0.0
1753067846205487606,1,0.0
1753067846207490524,1,0.0
1753067846209513981,0,0.0
1753067846211468947,0,0.0
1753067846213475319,0,0.0
1753067846215529106,0,0.0
1753067846217540504,0,0.0
1753067846219520560,0,0.0
1753067846221458565,0,0.0
1753067846223543591,0,0.0
1753067846225508642,1,0.0
1753067846227466327,0,0.0
1753067846229422244,1,0.0
1753067846231442953,0,0.0
1753067846233495497,0,0.0
1753067846235488559,0,0.0
1753067846237482510,0,0.0
1753067846239481613,1,0.0
1753067846241549436,0,0.0
1753067846243508744,1,0.0
1753067846245539321,0,0.0
1753067846247517547,0,0.0
1753067846249504590,0,0.0
1753067846251543903,0,0.0
1753067846253478347,1,0.0
1753067846255540171,0,0.0
1753067846257524036,0,0.0
1753067846259488089,0,0.0
1753067846261435201,0,0.0
1753067846263448771,0,0.0
1753067846265439131,0,0.0
1753067846267440120,0,0.0
1753067846269442501,1,0.0
1753067846271471735,1,0.0
1753067846273407411,0,0.0
1753067846275420658,0,0.0
1753067846277376782,0,0.0
1753067846279352154,0,0.0
1753067846281337610,1,0.0
1753067846283351347,0,0.0
1753067846285373592,0,0.0
1753067846287311944,0,0.0
1753067846289385225,0,0.0
1753067846291375086,1,0.0
1753067846293293607,0,0.0
1753067846295341836,0,0.0
1753067846297287289,0,0.0
1753067846299393369,1,0.0
1753067846301345256,0,0.0
1753067846303277945,0,0.0
1753067846305245037,0,0.0
1753067846307312413,0,0.0
1753067846309273881,0,0.0
1753067846311325570,0,0.0
1753067846313306703,0,0.0
1753067846315315171,1,0.0
1753067846317275217,1,0.0
1753067846319268867,1,0.0
1753067846321283494,0,0.0
1753067846323263456,0,0.0
1753067846325248889,1,0.0
1753067846327249716,0,0.0
1753067846329253048,1,0.0
1753067846331180688,0,0.0
1753067846333199231,0,0.0
1753067846335242316,0,0.0
1753067846337216918,1,0.0
1753067846339219923,0,0.0
1753067846341259086,0,0.0
1753067846343220316,0,0.0
1753067846345232244,1,0.0
1753067846347224794,0,0.0
1753067846349207817,0,0.0
1753067846351241938,0,0.0
1753067846353125613,1,0.0
1753067846355182470,1,0.0
1753067846357321436,0,0.0
1753067846359248720,0,0.0
1753067846361212680,0,0.0
1753067846363246290,1,0.0
1753067846365217459,0,0.0
1753067846367192915,0,0.0
1753067846369200447,0,0.0
1753067846371199010,1,0.0
1753067846373202574,0,0.0
1753067846375224031,0,0.0
1753067846377173608,0,0.0
1753067846379202199,1,0.0
1753067846381157649,0,0.0
1753067846383227903,0,0.0
1753067846385154812,1,0.0
1753067846387198282,0,0.0
1753067846389138641,0,0.0
1753067846391174816,1,0.0
1753067846393176363,1,0.0
1753067846395109815,0,0.0
1753067846397167543,0,0.0
1753067846399099309,0,0.0
1753067846401171773,1,0.0
1753067846403083335,0,0.0
1753067846405072759,0,0.0
1753067846407081179,0,0.0
1753067846409143039,1,0.0
1753067846411104732,1,0.0
1753067846413071432,0,0.0
1753067846415107848,0,0.0
1753067846417093409,0,0.0
1753067846419083331,0,0.0
1753067846421048170,0,0.0
1753067846423074543,1,0.0
1753067846425099101,1,0.0
1753067846427066043,1,0.0
1753067846429045228,0,0.0
1753067846431029931,0,0.0
1753067846433029547,0,0.0
1753067846435027297,0,0.0
1753067846437035851,1,0.0
1753067846439066006,0,0.0
1753067846441074736,0,0.0
1753067846443067558,0,0.0
1753067846445012464,0,0.0
1753067846446960240,0,0.0
1753067846448999036,0,0.0
1753067846451010034,0,0.0
1753067846452978838,0,0.0
1753067846455031590,0,0.0
1753067846457137532,0,0.0
1753067846459058449,0,0.0
1753067846460993279,0,0.0
1753067846462967461,0,0.0
1753067846464954966,0,0.0
1753067846466964925,0,0.0
1753067846468945446,0,0.0
1753067846470967014,1,0.0
1753067846473058164,0,0.0
1753067846474979429,1,0.0
1753067846477026420,1,0.0
1753067846479021603,1,0.0
1753067846481032025,0,0.0
1753067846483028793,0,0.0
1753067846485014643,0,0.0
1753067846487053571,0,0.0
1753067846489002032,1,1.3969999125044588
1753067846491049165,0,1.3969999125044588
1753067846492974120,1,0.0
1753067846494992550,0,0.0
1753067846496941050,1,0.0
1753067846498937519,0,0.0
1753067846500927651,0,0.0
1753067846502956457,0,0.0
1753067846504915653,0,0.0
1753067846506929909,0,0.0
1753067846508941743,0,0.0
1753067846510976814,0,0.0
1753067846512937937,0,0.0
1753067846514908520,0,0.0
1753067846516951944,1,0.0
1753067846518896678,0,0.0
1753067846520951578,1,0.0
1753067846522875308,0,0.0
1753067846525003916,1,0.0
1753067846526892948,0,0.0
1753067846528965369,0,0.0
1753067846530922439,0,0.0
1753067846532925454,1,0.3457301222265748
1753067846534897283,0,0.4166512636284803
1753067846536899237,0,0.08754517260236538
1753067846538895796,0,0.0
1753067846540987899,0,0.0
1753067846542929884,0,0.0
1753067846544949484,0,0.0
1753067846546880599,0,0.0
1753067846548839828,0,0.0
1753067846550831636,0,0.0
1753067846552891736,0,0.0
1753067846554834583,0,0.0
1753067846556815150,0,0.0
1753067846558778935,0,0.0
1753067846560785278,0,0.0
1753067846562769125,0,0.0
1753067846564821173,0,0.0
1753067846566759722,1,0.0
1753067846568794199,1,0.0
1753067846570748990,0,0.0
1753067846572797637,1,0.0
1753067846574786766,1,0.0
1753067846576809091,0,0.0
1753067846578828025,0,0.0
1753067846580874502,0,0.0
1753067846582801106,1,0.0
1753067846584760265,0,0.0
1753067846586750943,0,0.0
1753067846588778570,0,0.0
1753067846590789890,0,0.0
1753067846592788189,1,0.0
1753067846594805756,0,0.0
1753067846596755121,1,0.0
1753067846598816406,1,0.0
1753067846600819077,0,0.0
1753067846602760786,0,0.0
1753067846604799116,0,0.0
1753067846606814438,0,0.0
1753067846608782279,0,0.0
1753067846610784094,0,0.0
1753067846612775945,0,0.0
1753067846614806939,1,0.0
1753067846616794438,1,0.0
1753067846618770691,0,0.0
1753067846620763872,0,0.0
1753067846622774717,1,0.0
1753067846624765682,0,0.0
1753067846626764103,1,0.0
1753067846628761850,0,0.0
1753067846630744920,0,0.0
1753067846632768232,0,0.0
1753067846634727052,0,0.0
1753067846636677950,0,0.0
1753067846638710215,0,0.0
1753067846640725942,1,0.0
1753067846642756977,0,0.0
1753067846644716233,0,0.0
1753067846646710070,0,0.0
1753067846648710473,0,0.0
1753067846650701450,0,0.0
1753067846652695616,0,0.0
1753067846654679944,0,0.0
1753067846656653554,0,0.0
1753067846658647894,0,0.0
1753067846660677585,0,0.0
1753067846662668758,0,0.0
1753067846664653941,0,0.0
1753067846666635358,0,0.0
1753067846668656119,0,0.0
1753067846670554810,0,0.0
1753067846672624213,0,0.0
1753067846674598291,0,0.0
1753067846676587976,1,0.0
1753067846678605235,0,0.0
1753067846680562351,0,0.0
1753067846682639794,0,0.0
1753067846684615179,0,0.0
1753067846686602468,0,0.0
1753067846688579884,0,0.0
1753067846690617780,0,0.0
1753067846692594959,0,0.0
1753067846694635555,0,0.0
1753067846696631225,0,0.0
1753067846698596805,1,0.0
1753067846700599754,0,0.0
1753067846702660058,0,0.0
1753067846704569105,0,0.0
1753067846706593358,0,0.0
1753067846708568912,0,0.0
1753067846710556671,0,0.0
1753067846712505577,1,0.0
1753067846714543774,0,0.0
1753067846716533750,0,0.0
1753067846718560199,1,0.0
1753067846720544854,0,0.0
1753067846722549603,0,0.0
1753067846724559480,0,0.0
1753067846726551696,0,0.0
1753067846728549168,1,0.0
1753067846730558773,0,0.0
1753067846732535667,0,0.0
1753067846734533447,0,0.0
1753067846736563211,1,0.0
1753067846738590216,0,0.0
1753067846740522995,0,0.0
1753067846742516344,1,0.0
1753067846744487439,0,0.0
1753067846746562237,0,0.0
1753067846748469300,0,0.0
1753067846750514756,0,0.0
1753067846752478633,0,0.0
1753067846754511779,0,0.0
1753067846756512893,0,0.0
1753067846758513706,0,0.0
1753067846760546011,0,0.0
1753067846762523354,0,0.0
1753067846764556562,0,0.0
1753067846766540001,1,0.0
1753067846768512242,1,0.0
1753067846770450321,1,0.0
1753067846772551176,0,0.0
1753067846774415907,0,0.0
1753067846776413543,0,0.0
1753067846778457754,0,0.0
1753067846780483226,0,0.0
1753067846782414119,0,0.0
1753067846784495965,0,0.0
1753067846786488815,0,0.0
1753067846788492364,0,0.0
1753067846790491808,0,0.0
1753067846792490015,0,0.0
1753067846794426476,0,0.0
1753067846796466953,0,0.0
1753067846798404652,0,0.0
1753067846800406962,0,0.0
1753067846802387389,0,0.0
1753067846804369787,0,0.0
1753067846806375896,0,0.0
1753067846808416647,0,0.0
1753067846810367864,0,0.0
1753067846812381090,0,0.0
1753067846814308086,1,0.0
1753067846816301824,0,0.0
1753067846818360978,0,0.0
1753067846820312928,0,0.0
1753067846822396884,0,0.0
1753067846824360775,0,0.0
1753067846826335320,0,0.0
1753067846828346794,0,0.0
1753067846830339782,0,0.0
1753067846832335861,1,0.0
1753067846834355638,1,0.0
1753067846836321090,0,0.0
1753067846838292532,0,0.0
1753067846840268398,1,0.0
1753067846842291079,0,0.0
1753067846844281262,0,0.0
1753067846846294731,1,0.0
1753067846848289162,1,0.0
1753067846850276117,1,0.0
1753067846852214763,0,0.0
1753067846854198247,0,0.0
1753067846856231600,1,0.0
1753067846858313376,0,0.0
1753067846860256084,1,0.0
1753067846862285506,0,0.0
1753067846864277643,0,0.0
1753067846866234411,0,0.9619979354649526
1753067846868235132,0,0.9619979354649526
1753067846870298547,1,0.0
1753067846872216341,0,0.0
1753067846874207082,0,0.0
1753067846876198252,0,0.0
1753067846878202087,1,0.0
1753067846880192644,1,0.0
1753067846882184078,1,0.0
1753067846884202433,0,0.0
1753067846886291123,0,0.0
1753067846888218071,0,0.0
1753067846890199868,0,0.0
1753067846892215048,0,0.0
1753067846894226805,0,0.0
1753067846896187623,0,0.0
1753067846898161071,0,0.0
1753067846900188202,0,0.0
1753067846902189091,0,0.0
1753067846904174072,1,0.0
1753067846906153232,0,0.0
1753067846908166893,0,0.0
1753067846910205871,0,0.0
1753067846912182481,0,0.0
1753067846914176995,0,0.0
1753067846916141444,0,0.0
1753067846918223425,0,0.0
1753067846920175242,0,0.0
1753067846922121383,0,0.0
1753067846924158678,0,0.0
1753067846926158777,1,0.0
1753067846928203353,0,0.0
1753067846930120860,0,0.0
1753067846932142541,0,0.0
1753067846934135110,0,0.0
1753067846936109266,0,0.0
1753067846938129324,0,0.0
1753067846940129545,0,0.0
1753067846942155643,0,0.0
1753067846944157759,0,0.0
1753067846946135659,0,0.0
1753067846948128287,0,0.0
1753067846950137801,0,0.0
1753067846952105431,0,0.0
1753067846954137112,0,0.0
1753067846956090921,0,0.0
1753067846958102164,0,0.0
1753067846960060701,0,0.0
1753067846962153238,0,0.0
1753067846964111495,0,0.0
1753067846966073883,0,0.0
1753067846968077036,0,0.0
1753067846970100869,0,0.0
1753067846972046102,0,0.0
1753067846974018799,0,0.0
1753067846976073681,0,0.0
1753067846978135591,0,0.0
1753067846980085707,0,0.0
1753067846982107325,0,0.0
1753067846984036898,0,0.0
1753067846986049404,0,0.0
1753067846988047051,0,0.0
1753067846990065937,0,0.0
1753067846992020465,0,0.0
1753067846994041683,0,0.0
1753067846996048602,1,0.0
1753067846998045558,0,0.0
1753067847000021467,0,0.0
1753067847002034975,1,0.0
1753067847004171355,0,0.0
1753067847006079447,0,0.0
1753067847007970188,0,0.0
1753067847010060780,0,0.0
1753067847012092091,0,0.0
1753067847014002557,0,0.0
1753067847015904932,0,0.0
1753067847017936128,0,0.0
1753067847019924124,0,0.0
1753067847021970262,0,0.0
1753067847023931362,0,0.0
1753067847025924903,0,0.0
1753067847027883501,0,0.0
1753067847029909643,0,0.0
1753067847031967448,0,0.0
1753067847033911810,1,0.0
1753067847035951268,0,0.0
1753067847037943360,0,0.0
1753067847039936740,1,0.0
1753067847041949715,0,0.0
1753067847043921024,0,0.0
1753067847045997646,0,0.0
1753067847047960588,0,0.0
1753067847050099050,0,0.0
1753067847051932732,0,0.0
1753067847053980385,1,0.0
1753067847055971810,0,0.0
1753067847058021250,1,0.0
1753067847059907343,0,0.0
1753067847061945386,0,0.0
1753067847063964018,0,0.0
1753067847065897327,0,0.0
1753067847067919429,0,0.0
1753067847070072871,0,0.0
1753067847071932740,1,0.0
1753067847073944200,0,0.0
1753067847075894264,0,0.0
1753067847078012710,0,0.0
1753067847079970538,0,0.0
1753067847082097773,0,0.0
1753067847083931426,0,0.0
1753067847086003281,0,0.0
1753067847087886462,0,0.0
1753067847089980178,0,0.0
1753067847091840450,1,0.0
1753067847093866737,0,0.0
1753067847095874245,0,0.0
1753067847097839330,0,0.0
1753067847099754305,0,0.0
1753067847101906956,0,0.0
1753067847103771437,0,0.0
1753067847105900149,0,0.0
1753067847107782211,0,0.0
1753067847109814033,0,0.0
1753067847111821186,0,0.0
1753067847113817874,0,0.0
1753067847115816338,1,0.0
1753067847117818754,1,0.0
1753067847119845949,0,0.0
1753067847121831712,0,0.0
1753067847123799527,0,0.0
1753067847125865836,0,0.0
1753067847127844738,0,0.0
1753067847129790047,0,0.0
1753067847131813215,0,0.0
1753067847134884948,0,0.0
1753067847136856138,0,0.0
1753067847138861354,0,0.0
1753067847140884921,0,0.0
1753067847142873612,0,0.0
1753067847144791633,1,0.0
1753067847146820473,0,0.0
1753067847148784210,1,0.0
1753067847150771286,0,0.0
1753067847152727483,0,0.0
1753067847154752991,0,0.0
1753067847156744382,0,0.0
1753067847158753302,0,0.0
1753067847160771528,0,0.0
1753067847162796287,0,0.0
1753067847164734953,0,0.0
1753067847166700768,0,0.0
1753067847168704483,0,0.0
1753067847170696110,0,0.0
1753067847172672809,0,0.0
1753067847174660064,0,0.0
1753067847176675456,0,0.0
1753067847178592234,0,0.0
1753067847180635171,0,0.0
1753067847182606125,0,0.0
1753067847184636653,0,0.0
1753067847186618867,0,0.0
1753067847188601280,0,0.0
1753067847190570041,0,0.0
1753067847192574809,0,0.0
1753067847194555810,0,0.0
1753067847196580207,1,0.0
1753067847198595344,0,0.0
1753067847200602801,0,0.0
1753067847202624517,0,0.0
1753067847204646141,0,0.0
1753067847206600309,0,0.0
1753067847208621355,0,0.0
1753067847210678017,1,0.0
1753067847212590948,0,0.0
1753067847214686704,0,0.0
1753067847216618633,0,0.0
1753067847218593714,1,0.0
1753067847220618680,0,0.0
1753067847222670231,1,0.0
1753067847224622686,0,0.0
1753067847226609338,1,0.0
1753067847228560737,0,0.0
1753067847230635718,0,0.0
1753067847232581414,1,0.0
1753067847234650794,0,0.0
1753067847236563782,0,0.0
1753067847238574466,0,0.0
1753067847240512819,0,0.0
1753067847242580716,0,0.0
1753067847244519222,0,0.0
1753067847246558480,0,0.0
1753067847248537822,0,0.0
1753067847250529057,0,0.0
1753067847252549793,0,0.0
1753067847254518268,0,0.0
1753067847256543378,0,0.0
1753067847258673757,1,0.0
1753067847260672634,0,0.0
1753067847262655579,1,0.0
1753067847264535455,1,0.0
1753067847266618505,0,0.0
1753067847268611651,0,0.0
1753067847270607594,0,0.0
1753067847272554024,0,0.0
1753067847274606516,0,0.0
1753067847276650583,1,0.0
1753067847278602526,0,0.0
1753067847280480647,0,0.0
1753067847282531034,0,0.0
1753067847284497332,0,0.0
1753067847286530465,0,0.0
1753067847288658470,0,0.0
1753067847290701431,0,0.0
1753067847292732122,0,0.0
1753067847294512977,0,0.0
1753067847296472306,0,0.0
1753067847298451154,0,0.0
1753067847300598871,0,0.0
1753067847302521528,1,0.0
1753067847304582230,0,0.0
1753067847306501539,0,0.0
1753067847308622930,0,0.0
1753067847310605201,0,0.0
1753067847312592587,0,0.0
1753067847314630652,0,0.0
1753067847316534847,1,0.0
1753067847318532879,0,0.0
1753067847320555595,0,0.0
1753067847322535416,0,0.0
1753067847324568244,0,0.0
1753067847326461682,0,0.0
1753067847328485764,0,0.0
1753067847330496420,0,0.0
1753067847332482731,0,0.0
1753067847334565088,0,0.0
1753067847336538519,0,0.0
1753067847338513543,0,0.0
1753067847340485948,1,0.0
1753067847342528814,0,0.0
1753067847344409981,0,0.0
1753067847346402604,1,0.0
1753067847348408572,0,0.0
1753067847350338436,1,0.0
1753067847352392643,0,0.0
1753067847354382174,0,0.0
1753067847356334166,0,0.0
1753067847358407113,1,0.0
1753067847360377278,0,0.0
1753067847362327406,0,0.0
1753067847364359794,0,0.0
1753067847366308181,0,0.0
1753067847368302186,0,0.0
1753067847370325927,0,0.0
1753067847372342699,0,0.0
1753067847374348698,0,0.0
1753067847376308657,0,0.0
1753067847378357837,0,0.0
1753067847380297688,0,0.0
1753067847382307035,0,0.0
1753067847384271248,0,0.0
1753067847386317410,0,0.0
1753067847388361497,0,0.0
1753067847390288086,0,0.0
1753067847392261941,0,0.0
1753067847394349192,0,0.0
1753067847396315229,1,0.0
1753067847398269658,0,0.0
1753067847400258202,0,0.0
1753067847402246161,0,0.0
1753067847404273826,0,0.0
1753067847406319552,0,0.0
1753067847408304341,0,0.0
1753067847410336676,1,0.0
1753067847412313711,0,0.0
1753067847414386111,0,0.0
1753067847416346787,0,0.0
1753067847418308065,0,0.0
1753067847420209743,0,0.0
1753067847422208058,0,0.0
1753067847424237276,0,0.0
1753067847426191197,1,0.0
1753067847428217792,0,0.0
1753067847430215206,0,0.0
1753067847432201267,1,0.0
1753067847434243347,0,0.0
1753067847436204584,0,0.0
1753067847438195763,0,0.0
1753067847440181398,0,0.0
1753067847442208113,0,0.0
1753067847444183808,1,0.0
1753067847446177352,0,0.0
1753067847448213223,0,0.0
1753067847450208407,1,0.0
1753067847452229850,0,0.0
1753067847454223443,0,0.0
1753067847456213050,1,0.0
1753067847458239055,0,0.0
1753067847460190659,0,0.0
1753067847462177887,0,0.0
1753067847464158407,0,0.0
1753067847466156790,1,0.0
1753067847468221638,1,0.0
1753067847470231994,1,0.0
1753067847472192311,0,0.0
1753067847474214087,0,0.0
1753067847476198568,0,0.0
1753067847478220313,0,0.0
1753067847480135357,0,0.0
1753067847482106957,0,0.0
1753067847484186768,0,0.0
1753067847486137931,0,0.0
1753067847488113694,1,0.0
1753067847490134589,0,0.0
1753067847492109860,1,0.0
1753067847494089629,0,0.0
1753067847496057330,0,0.0
1753067847498038228,0,0.0
1753067847500026437,0,0.0
1753067847502092682,1,0.0
1753067847504045461,1,0.0
1753067847506085181,0,0.0
1753067847508095918,1,0.0
1753067847510106039,0,0.0
1753067847512058958,0,0.0
1753067847514054116,0,0.0
1753067847516067656,0,0.0
1753067847518097940,1,0.0
1753067847520129237,0,0.0
1753067847522116181,0,0.0
1753067847524100543,0,0.0
1753067847526121092,1,0.0
1753067847528071523,0,0.0
1753067847530085644,0,0.0
1753067847532028045,0,0.0
1753067847534021956,0,0.0
1753067847536057029,0,0.0
1753067847538068731,0,0.0
1753067847540036671,0,0.0
1753067847542067073,0,0.0
1753067847544103564,0,0.0
1753067847546071734,0,0.0
1753067847548066397,0,0.0
1753067847550050572,0,0.0
1753067847552017397,1,0.0
1753067847554041099,1,0.0
1753067847555967045,0,0.0
1753067847557946620,0,0.0
1753067847559914704,1,0.0
1753067847561917045,1,0.0
1753067847563976525,0,0.0
1753067847565914295,0,0.0
1753067847567961682,0,0.0
1753067847569905190,0,0.0
1753067847571928428,0,0.0
1753067847573930663,0,0.0
1753067847575924645,0,0.0
1753067847577913550,0,0.0
1753067847579973614,0,0.0
1753067847581967298,0,0.0
1753067847583908435,0,0.0
1753067847585923414,0,0.0
1753067847587867170,0,0.0
1753067847589908701,0,0.0
1753067847591866456,0,0.0
1753067847593928571,0,0.0
1753067847595902120,0,0.0
1753067847597876315,1,0.0
1753067847599842574,0,0.0
1753067847601909480,0,0.0
1753067847603880930,0,0.0
1753067847605898190,0,0.0
1753067847607852664,0,0.0
1753067847609867818,1,0.0
1753067847611827095,0,0.0
1753067847613872532,0,0.0
1753067847615876848,0,0.0
1753067847617845525,0,0.0
1753067847619834948,0,0.0
1753067847621785206,1,0.0
1753067847623850371,0,0.0
1753067847625864446,0,0.0
1753067847627878941,1,0.0
1753067847629819875,0,0.0
1753067847631838811,0,0.0
1753067847633841917,0,0.0
1753067847635871817,0,0.0
1753067847637872608,0,0.0
1753067847639906605,1,0.0
1753067847641857499,0,0.0
1753067847643841989,1,0.0
1753067847645840942,0,0.0
1753067847647861243,0,0.0
1753067847649835324,0,0.0
1753067847651861210,0,0.0
1753067847653836992,0,0.0
1753067847655867919,0,0.0
1753067847657843616,0,0.0
1753067847659841665,0,0.0
1753067847661807124,1,0.0
1753067847663801817,0,0.0
1753067847665793332,0,0.0
1753067847667842713,0,0.0
1753067847669814903,1,0.0
1753067847671793359,0,0.0
1753067847673801757,0,0.0
1753067847675788058,0,0.0
1753067847677762818,0,0.0
1753067847679812073,0,0.0
1753067847681823541,0,0.0
1753067847683812429,0,0.0
1753067847685738079,0,0.0
1753067847687776298,0,0.0
1753067847689772091,0,0.0
1753067847691737897,1,0.0
1753067847693759664,0,0.0
1753067847695757444,0,0.0
1753067847697735857,0,0.0
1753067847699738372,0,0.0
1753067847701763282,0,0.0
1753067847703767688,0,0.0
1753067847705742640,0,0.0
1753067847707755852,0,0.0
1753067847709748985,0,0.0
1753067847711730992,1,0.0
1753067847713729661,0,0.0
1753067847715741236,0,0.0
1753067847717758677,0,0.0
1753067847719836491,0,0.0
1753067847721788308,1,0.0
1753067847723721636,1,0.0
1753067847725708493,0,0.0
1753067847727710815,0,0.0
1753067847729700890,0,0.0
1753067847731679852,1,0.0
1753067847733696820,1,0.0
1753067847735738246,0,0.0
1753067847737698009,1,0.0
1753067847739773389,0,0.0
1753067847741819646,0,0.0
1753067847743797534,0,0.0
1753067847745790992,0,0.0
1753067847747757499,1,0.0
1753067847749776042,1,0.0
1753067847751750637,0,0.0
1753067847753746317,0,0.0
1753067847755787346,0,0.0
1753067847757769497,0,0.0
1753067847759798622,0,0.0
1753067847761783682,0,0.0
1753067847763750214,0,0.0
1753067847765792252,0,0.0
1753067847767776187,0,0.0
1753067847769718603,0,0.0
1753067847771754486,0,0.0
1753067847773749279,0,0.0
1753067847775767925,0,0.0
1753067847777776070,0,0.0
1753067847779633383,0,0.0
1753067847781575956,0,0.0
1753067847783574362,0,0.0
1753067847785585148,0,0.0
1753067847787596017,0,0.0
1753067847789568016,0,0.0
1753067847791606322,0,0.0
1753067847793571946,0,0.0
1753067847795591387,0,0.0
1753067847797547115,0,0.0
1753067847799559735,0,0.0
1753067847801573099,0,0.0
1753067847803561308,0,0.0
1753067847805568889,0,0.0
1753067847807554572,0,0.0
1753067847809539874,0,0.0
1753067847811546793,1,0.0
1753067847813549231,0,0.0
1753067847815569952,0,0.0
1753067847817595017,0,0.0
1753067847819547307,0,0.0
1753067847821572908,0,0.0
1753067847823599885,1,0.0
1753067847825532379,0,0.0
1753067847827582715,0,0.0
1753067847829589881,0,0.0
1753067847831639896,0,0.0
1753067847833530323,0,0.0
1753067847835596652,0,0.0
1753067847837533410,0,0.0
1753067847839556714,1,0.0
1753067847841551958,1,0.0
1753067847843576508,0,0.0
1753067847845549948,0,0.0
1753067847847548660,0,0.0
1753067847849533692,0,0.0
1753067847851580728,1,0.0
1753067847853541716,1,0.0
1753067847855550890,0,0.0
1753067847857529590,1,0.0
1753067847859447289,1,0.0
1753067847861487680,0,0.0
1753067847863528789,0,0.0
1753067847865506316,0,0.0
1753067847867523474,0,0.0
1753067847869404196,0,0.0
1753067847871441960,1,0.0
1753067847873489160,0,0.0
1753067847875514412,1,0.0
1753067847877443559,0,0.0
1753067847879408923,0,0.0
1753067847881367023,0,0.0
1753067847883370090,0,0.0
1753067847885381229,0,0.0
1753067847887353742,0,0.0
1753067847889380142,0,0.0
1753067847891318010,0,0.0
1753067847893329416,0,0.0
1753067847895345354,1,0.0
1753067847897442842,0,0.0
1753067847899329114,1,0.0
1753067847901357798,0,0.0
1753067847903295269,0,0.0
1753067847905294668,0,0.0
1753067847907286095,0,0.0
1753067847909257303,0,0.0
1753067847911324915,0,0.0
1753067847913353101,1,0.0
1753067847915283741,0,0.0
1753067847917325727,0,0.0
1753067847919330203,0,0.0
1753067847921340432,0,0.0
1753067847923326586,0,0.0
1753067847925342956,1,0.0
1753067847927327491,0,0.0
1753067847929411440,0,0.0
1753067847931307042,0,0.0
1753067847933275715,0,0.0
1753067847935235050,1,0.0
1753067847937256585,0,0.0
1753067847939262526,1,0.0
1753067847941279759,0,0.0
1753067847943270207,1,0.0
1753067847945251158,0,0.0
1753067847947283615,0,0.0
1753067847949293560,0,0.0
1753067847951232201,1,0.0
1753067847953230300,0,0.0
1753067847955272964,1,0.0
1753067847957223671,1,0.0
1753067847959225830,0,0.0
1753067847961232635,0,0.0
1753067847963272639,0,0.0
1753067847965330901,0,0.0
1753067847967257532,1,0.0
1753067847969290418,0,0.0
1753067847971249422,0,0.0
1753067847973194291,0,0.0
1753067847975163253,0,0.0
1753067847977208307,0,0.0
1753067847979190270,0,0.0
1753067847981227689,0,0.0
1753067847983211953,1,0.0
1753067847985179548,0,0.0
1753067847987141867,0,0.0
1753067847989181582,0,0.0
1753067847991216146,0,0.0
1753067847993189709,0,0.0
1753067847995232863,0,0.0
1753067847997157671,0,0.0
1753067847999168012,1,0.0
1753067848001125648,0,0.0
1753067848003114292,0,0.0
1753067848005099064,1,0.0
1753067848007130580,0,0.0
1753067848009058919,0,0.0
1753067848011111748,0,0.0
1753067848013092252,0,0.0
1753067848015043110,0,0.0
1753067848017115136,0,0.0
1753067848019130162,0,0.0
1753067848021102404,0,0.0
1753067848023096969,0,0.0
1753067848025105952,1,0.0
1753067848027075423,0,0.0
1753067848029127688,1,0.0
1753067848031121810,1,0.0
1753067848033112304,0,0.0
1753067848035146478,1,0.0
1753067848037085725,0,0.0
1753067848039085253,0,0.0
1753067848041087766,0,0.0
1753067848043057288,0,0.0
1753067848045093082,0,0.0
1753067848047097915,0,0.0
1753067848049088766,1,0.0
1753067848051093863,0,0.0
1753067848053096323,0,0.0
1753067848055074087,1,0.0
1753067848057113510,0,0.0
1753067848059090131,1,0.0
1753067848061041961,0,0.0
1753067848063060554,0,0.0
1753067848065110902,1,0.0
1753067848067071920,0,0.0
1753067848069049767,0,0.0
1753067848071076521,0,0.0
1753067848073069095,1,0.0
1753067848075126552,0,0.0
1753067848077123412,1,0.0
1753067848079114108,1,0.0
1753067848081052096,0,0.0
1753067848083067005,0,0.0
1753067848085079371,0,0.0
1753067848087074270,0,0.0
1753067848089048424,0,0.0
1753067848091048914,0,0.0
1753067848092982703,0,0.0
1753067848095017895,0,0.0
1753067848096998635,1,0.0
1753067848099035098,0,0.0
1753067848101016129,0,0.0
1753067848103025157,1,0.0
1753067848105024964,1,0.0
1753067848107034647,0,0.0
1753067848108967129,0,0.0
1753067848110982335,0,0.0
1753067848112980307,0,0.0
1753067848115002842,0,0.0
1753067848116962466,1,0.0
1753067848118994022,0,0.0
1753067848120975460,1,0.0
1753067848122995108,0,0.0
1753067848124959848,0,0.0
1753067848126980173,0,0.0
1753067848129003087,0,0.0
1753067848131001779,0,0.0
1753067848132985388,0,0.0
1753067848134946532,0,0.0
1753067848136914056,0,0.0
1753067848139024324,0,0.6313373076774283
1753067848140929955,1,0.0
1753067848143031380,0,0.0
1753067848144923662,0,0.0
1753067848146896770,0,0.0
1753067848148915163,0,0.0
1753067848150917324,1,0.0
1753067848152849889,0,0.0
1753067848155054467,0,0.0
1753067848156888319,0,0.0
1753067848158893495,1,0.0
1753067848160877151,1,0.0
1753067848162938985,0,0.0
1753067848164894146,0,0.0
1753067848166972750,0,0.0
1753067848168892357,1,0.0
1753067848170932764,0,0.0
1753067848172892334,1,0.0
1753067848174842359,0,0.0
1753067848176900998,0,0.0
1753067848178917891,0,0.0
1753067848180826534,0,0.0
1753067848182796738,0,0.0
1753067848184785700,0,0.0
1753067848186813476,0,0.0
1753067848188833296,0,0.0
1753067848190839279,1,0.0
1753067848192882140,0,0.0
1753067848194839175,0,0.0
1753067848196761910,0,0.0
1753067848198765720,0,0.0
1753067848200785733,0,0.0
1753067848202756963,0,0.0
1753067848204779579,0,0.0
1753067848206754296,0,0.0
1753067848208739734,0,0.0
1753067848210820149,0,0.0
1753067848212750008,0,0.0
1753067848214799968,0,0.0
1753067848216761962,0,0.0
1753067848218752441,1,0.0
1753067848220787054,0,0.0
1753067848222768815,0,0.0
1753067848224725440,0,0.0
1753067848226722772,0,0.0
1753067848228666111,0,0.0
1753067848230698255,0,0.0
1753067848232701704,0,0.0
1753067848234716065,0,0.0
1753067848236694397,1,0.0
1753067848238689412,0,0.0
1753067848240674628,0,0.0
1753067848242656109,0,0.0
1753067848244666298,0,0.0
1753067848246680102,0,0.0
1753067848248657097,0,0.0
1753067848250733792,0,0.0
1753067848252660091,0,0.0
1753067848254663848,0,0.0
1753067848256647939,0,0.0
1753067848258669384,0,0.0
1753067848260658360,0,0.0
1753067848262711039,0,0.0
1753067848264686717,0,0.0
1753067848266705860,0,0.0
1753067848268651195,0,0.0
1753067848270724737,0,0.0
1753067848272743071,0,0.0
1753067848274669524,1,0.0
1753067848276712470,0,0.0
1753067848278683455,0,0.0
1753067848280636457,0,0.0
1753067848282690934,0,0.0
1753067848284696092,0,0.0
1753067848286640455,0,0.0
1753067848288631454,0,0.0
1753067848290638814,1,0.0
1753067848292595771,1,0.0
1753067848294657792,0,0.0
1753067848296609850,0,0.0
1753067848298647912,0,0.0
1753067848300611680,1,0.0
1753067848302587804,1,0.0
1753067848304565217,0,0.0
1753067848306593544,1,0.0
1753067848308594082,1,0.0
1753067848310584916,0,0.0
1753067848312521959,1,0.0
1753067848314542009,0,0.0
1753067848316528211,0,0.0
1753067848318545937,0,0.0
1753067848320594762,0,0.0
1753067848322584576,0,0.0
1753067848324596839,0,0.0
1753067848326596083,0,0.0
1753067848328582277,0,0.0
1753067848330571249,0,0.0
1753067848332536481,0,0.0
1753067848334582712,0,0.0
1753067848336530419,0,0.0
1753067848338556510,1,0.0
1753067848340501087,0,0.0
1753067848342540040,0,0.0
1753067848344518049,0,0.0
1753067848346507919,0,0.0
1753067848348490028,0,0.0
1753067848350498959,0,0.0
1753067848352547851,0,0.0
1753067848354486974,0,0.0
1753067848356575804,0,0.0
1753067848358537353,1,0.0
1753067848360496468,0,0.0
1753067848362497440,0,0.0
1753067848364495256,0,0.0
1753067848366493234,0,0.0
1753067848368504706,0,0.0
1753067848370527059,1,0.0
1753067848372503451,0,0.0
1753067848374492332,0,0.0
1753067848376501860,0,0.0
1753067848378473244,0,0.0
1753067848380483453,0,0.0
1753067848382477506,1,0.0
1753067848384499777,0,0.0
1753067848386458103,0,0.0
1753067848388514510,0,0.0
1753067848390493346,1,0.0
1753067848392485057,0,0.0
1753067848394467558,0,0.0
1753067848396478615,0,0.0
1753067848398470519,0,0.0
1753067848400483533,0,0.0
1753067848402467034,0,0.0
1753067848404474283,1,0.0
1753067848406474170,0,0.0
1753067848408463318,0,0.0
1753067848410424423,0,0.0
1753067848412412004,0,0.0
1753067848414396144,1,0.0
1753067848416422617,0,0.0
1753067848418359637,0,0.0
1753067848420407868,0,0.0
1753067848422437001,1,0.0
1753067848424414162,0,0.0
1753067848426417378,1,0.0
1753067848428459805,0,0.0
1753067848430421142,0,0.0
1753067848432362139,0,0.0
1753067848434320891,1,0.0
1753067848436295711,0,0.0
1753067848438350801,0,0.0
1753067848440398999,1,0.0
1753067848442454645,0,0.0
1753067848444385208,0,0.0
1753067848446327081,0,0.0
1753067848448327690,0,0.0
1753067848450352214,0,0.0
1753067848452372988,0,0.0
1753067848454338481,0,0.0
1753067848456336088,0,0.0
1753067848458321927,1,0.0
1753067848460289008,0,0.0
1753067848462279041,1,0.0
1753067848464308166,0,0.0
1753067848466295016,0,0.0
1753067848468326278,0,0.0
1753067848470332900,0,0.0
1753067848472320795,0,0.0
1753067848474298007,1,0.0
1753067848476292269,0,0.0
1753067848478337249,0,0.0
1753067848480269921,0,0.0
1753067848482352614,1,0.0
1753067848484227601,0,0.0
1753067848486282413,0,0.0
1753067848488308331,0,0.0
1753067848490278055,0,0.0
1753067848492326997,0,0.0
1753067848494286795,0,0.0
1753067848496296540,0,0.0
1753067848498220232,0,0.0
1753067848500226589,1,0.0
1753067848502178185,1,0.0
1753067848504231048,0,0.0
1753067848506231236,0,0.0
1753067848508277391,0,0.0
1753067848510181672,0,0.0
1753067848512225388,0,0.0
1753067848514172357,0,0.0
1753067848516175150,0,0.0
1753067848518189090,0,0.0
1753067848520192027,0,0.0
1753067848522198075,0,0.0
1753067848524165745,0,0.0
1753067848526160487,1,0.0
1753067848528204376,0,0.0
1753067848530169047,1,0.0
1753067848532200081,0,0.0
1753067848534167010,0,0.0
1753067848536141515,1,0.0
1753067848538206555,0,0.0
1753067848540171445,0,0.0
1753067848542205065,1,0.0
1753067848544187754,1,0.0
1753067848546185021,0,0.0
1753067848548118198,0,0.0
