%time,field.layout.data_offset,field.data0,field.data1,field.data2,field.data3,field.data4,field.data5,field.data6,field.data7
1753329112268394546,0,956,0,2573,7049,464,613,6387,1095
1753329112270281723,0,956,0,2514,7049,449,613,6387,1030
1753329112272279476,0,956,-1,2570,7049,462,613,6387,1091
1753329112274210168,0,956,-1,2439,7049,462,613,6387,1172
1753329112276218442,0,956,-1,2561,7049,462,613,6387,1097
1753329112278204114,0,956,-1,2504,7049,457,613,6387,1077
1753329112280317397,0,956,-1,2558,7049,461,613,6387,1096
1753329112282247889,0,956,-1,2747,7049,512,613,6387,1116
1753329112284273922,0,956,-1,2572,7049,465,613,6387,1096
1753329112286234771,0,956,-1,2504,7049,435,613,6387,1082
1753329112288236469,0,956,-1,2568,7049,463,613,6387,1095
1753329112290243321,0,956,-2,2072,7049,492,613,6387,1110
1753329112292261093,0,956,-2,2531,7049,464,613,6387,1096
1753329112294248096,0,956,-2,3027,7049,498,613,6387,1096
1753329112296323903,0,956,-2,2569,7049,467,613,6387,1095
1753329112298272501,0,956,-2,2470,7049,467,613,6387,1094
1753329112300278808,0,956,-2,2561,7049,467,613,6387,1095
1753329112302232414,0,956,-2,2659,7049,467,613,6387,1080
1753329112304221447,0,956,-3,2568,7049,466,613,6387,1093
1753329112306234419,0,957,-3,2568,7049,466,613,6387,1145
1753329112308365371,0,957,-3,2568,7049,466,613,6387,1097
1753329112310275439,0,956,-3,2636,7049,466,613,6387,1120
1753329112312280079,0,957,-3,2572,7049,466,613,6387,1099
1753329112314271669,0,957,-3,2502,7049,466,613,6387,1099
1753329112316262048,0,957,-3,2566,7049,466,613,6387,1099
1753329112318250546,0,956,-3,2633,7049,731,613,6387,1108
1753329112320259970,0,957,-2,2569,7049,487,613,6387,1098
1753329112322273203,0,956,-3,2569,7049,221,613,6387,1049
1753329112324256647,0,957,-2,2568,7049,467,613,6387,1095
1753329112326248701,0,956,-2,2499,7049,381,613,6387,1087
1753329112328263437,0,957,-2,2562,7049,461,613,6387,1094
1753329112330250990,0,957,-2,2631,7049,513,613,6387,1117
1753329112332255514,0,956,-2,2567,7049,464,613,6387,1096
1753329112334249117,0,956,-2,2601,7049,310,613,6387,1110
1753329112336255863,0,956,-2,2570,7049,453,613,6387,1097
1753329112338257444,0,956,-2,2596,7049,689,613,6387,1150
1753329112340258768,0,956,-2,2572,7049,470,613,6387,1101
1753329112342257514,0,957,-2,2545,7049,422,613,6387,820
1753329112344283086,0,956,-2,2570,7049,467,613,6387,1080
1753329112346245007,0,957,-2,2468,7049,403,613,6387,1277
1753329112348259304,0,956,-2,2563,7049,462,613,6387,1094
1753329112350302254,0,956,-3,2563,7049,461,613,6387,1094
1753329112352262085,0,957,-2,2667,7050,492,613,6387,1066
1753329112354249427,0,956,-3,2572,7049,463,613,6387,1092
1753329112356256972,0,957,-3,2539,7049,463,613,6387,1092
1753329112358363827,0,957,-3,2571,7049,463,613,6387,1092
1753329112360276692,0,956,-3,2632,7049,463,613,6387,1136
1753329112362259575,0,956,-3,2576,7049,463,613,6387,1096
1753329112364265561,0,957,-4,2517,7049,462,613,6387,1045
1753329112366265314,0,957,-4,2574,7049,462,613,6387,1093
1753329112368268461,0,957,-4,2442,7049,462,613,6387,1128
1753329112370313237,0,957,-5,2564,7050,461,613,6387,1095
1753329112372264919,0,957,-5,2627,7049,495,613,6386,1095
1753329112374255860,0,956,-5,2569,7049,464,613,6387,1095
1753329112376254136,0,956,-5,2569,7049,464,613,6387,1111
1753329112378328370,0,956,-6,2569,7050,463,613,6387,1096
1753329112380251301,0,956,-6,2506,7049,511,613,6387,1170
1753329112382294412,0,956,-6,2564,7049,467,613,6387,1101
1753329112384249229,0,957,-6,2696,7049,467,613,6387,1027
1753329112386316113,0,957,-6,2573,7049,467,613,6387,1095
1753329112388260609,0,957,-6,2505,7049,500,613,6387,1160
1753329112390248364,0,957,-6,2569,7049,469,613,6387,1100
1753329112392262782,0,957,-6,2470,7049,324,613,6386,1036
1753329112394218771,0,957,-6,2561,7049,458,613,6387,1095
1753329112396224925,0,957,-6,2660,7049,522,613,6387,1095
1753329112398258115,0,956,-6,2569,7049,463,613,6387,1095
1753329112400284971,0,956,-5,2569,7049,464,613,6387,1074
1753329112402322171,0,957,-5,2569,7049,464,613,6387,1094
1753329112404250139,0,957,-5,2671,7049,464,613,6387,1115
1753329112406296866,0,957,-5,2576,7049,464,613,6387,1096
1753329112408345507,0,956,-5,2411,7049,464,613,6387,860
1753329112410300878,0,957,-5,2565,7049,464,613,6386,1079
1753329112412245053,0,957,-4,2565,7049,465,613,6387,1262
1753329112414226261,0,956,-4,2565,7049,465,613,6387,1092
1753329112416247857,0,956,-4,2697,7049,431,613,6387,1236
1753329112418237113,0,957,-4,2575,7049,463,613,6387,1103
1753329112420294572,0,956,-4,2444,7049,463,613,6387,919
1753329112422246059,0,957,-4,2566,7049,463,613,6387,1089
1753329112424267328,0,957,-4,2698,7049,433,613,6387,1167
1753329112426261537,0,957,-4,2576,7049,460,613,6387,1094
1753329112428222190,0,957,-4,2636,7049,490,613,6387,1191
1753329112430191097,0,956,-4,2581,7049,463,613,6387,1101
1753329112432204277,0,957,-4,2581,7049,463,613,6387,1101
1753329112434221915,0,957,-4,2581,7049,463,613,6387,979
1753329112436270441,0,957,-4,2581,7049,463,613,6387,1091
1753329112438212760,0,956,-4,2353,7049,463,613,6387,1128
1753329112440205737,0,957,-4,2564,7049,463,613,6387,1093
1753329112442202269,0,957,-4,2663,7049,463,613,6387,1093
1753329112444226907,0,957,-5,2571,7049,462,613,6387,1093
1753329112446230719,0,957,-5,2508,7049,465,613,6387,1110
1753329112448215299,0,957,-5,2568,7049,462,613,6387,1094
1753329112450208131,0,957,-5,2568,7049,458,613,6387,1113
1753329112452209489,0,956,-5,2568,7049,462,613,6387,1096
1753329112454199643,0,957,-5,2568,7049,465,613,6387,1075
1753329112456231333,0,957,-5,2567,7049,462,613,6387,1094
1753329112458187925,0,957,-5,2568,7049,458,613,6387,1114
1753329112460182907,0,957,-5,2568,7049,462,613,6387,1096
1753329112462184130,0,957,-5,2568,7049,495,613,6387,1096
1753329112464230556,0,957,-5,2569,7049,464,613,6387,1097
1753329112466206941,0,956,-5,2569,7049,430,613,6387,1134
1753329112468191129,0,957,-5,2569,7049,462,613,6387,1099
1753329112470205174,0,957,-5,2535,7049,462,613,6387,1063
1753329112472228248,0,957,-5,2568,7049,462,613,6387,1098
1753329112474183518,0,957,-5,2568,7049,416,613,6387,1143
1753329112476198455,0,957,-5,2568,7049,458,613,6387,1101
1753329112478199942,0,957,-5,2524,7049,772,613,6387,945
1753329112480290439,0,957,-5,2564,7049,482,613,6387,1089
1753329112482281157,0,957,-5,2608,7049,214,613,6387,1215
1753329112484271311,0,957,-5,2568,7049,462,613,6387,1100
1753329112486274462,0,957,-5,2568,7049,495,613,6387,1144
1753329112488254030,0,957,-5,2567,7049,464,613,6387,1103
1753329112490282775,0,957,-5,2567,7049,464,613,6387,1058
1753329112492277662,0,957,-5,2567,7049,464,613,6387,1100
1753329112494273481,0,957,-5,2546,7049,513,613,6387,799
1753329112496290241,0,956,-5,2566,7049,468,613,6387,1077
1753329112498279524,0,957,-5,2566,7049,386,613,6387,1313
1753329112500293232,0,957,-5,2566,7050,462,613,6387,1096
1753329112502274704,0,957,-5,2623,7050,705,613,6387,1036
1753329112504340254,0,957,-5,2569,7049,480,613,6387,1091
1753329112506297116,0,957,-5,2570,7049,237,613,6387,1248
1753329112508284740,0,957,-5,2569,7049,462,613,6387,1103
1753329112510254744,0,957,-5,2569,7049,462,613,6387,1071
1753329112512213466,0,956,-5,2569,7049,462,613,6387,1101
1753329112514210410,0,957,-5,2533,7049,462,613,6387,1087
1753329112516235204,0,957,-5,2566,7049,462,613,6387,1100
1753329112518244336,0,957,-5,2566,7050,462,613,6387,1100
1753329112520251655,0,957,-4,2665,7049,463,613,6387,1130
1753329112522318789,0,957,-4,2574,7049,463,613,6387,1103
1753329112524257455,0,957,-4,2642,7049,497,613,6387,1105
1753329112526289869,0,957,-4,2579,7049,465,613,6387,1102
1753329112528301259,0,957,-4,2447,7049,465,613,6387,1019
1753329112530272164,0,956,-4,2569,7049,465,613,6387,1096
1753329112532271712,0,956,-4,2569,7049,465,613,6387,1161
1753329112534283287,0,956,-4,2569,7049,465,613,6387,1100
1753329112536241834,0,957,-4,2511,7049,432,613,6387,1100
1753329112538226855,0,957,-4,2565,7049,463,613,6387,1100
1753329112540197271,0,957,-4,2685,7049,545,613,6387,965
1753329112542196603,0,957,-4,2574,7049,469,613,6387,1089
1753329112544189306,0,957,-4,2574,7049,421,613,6387,1277
1753329112546160037,0,956,-4,2574,7049,466,613,6387,1103
1753329112548158864,0,957,-4,2511,7049,527,613,6387,983
1753329112550181555,0,956,-4,2569,7049,470,613,6387,1094
1753329112552159602,0,957,-4,2569,7049,375,613,6387,1182
1753329112554154634,0,957,-4,2569,7049,463,613,6387,1100
1753329112556173376,0,956,-4,2136,7050,497,613,6387,1115
1753329112558150859,0,957,-4,2536,7049,466,613,6386,1102
1753329112560174186,0,957,-4,2933,7049,402,613,6387,1088
1753329112562141561,0,957,-4,2566,7049,461,613,6387,1101
1753329112564140634,0,957,-4,1841,7049,525,613,6387,1064
1753329112566141341,0,957,-4,2512,7049,466,613,6387,1099
1753329112568149917,0,957,-4,3335,7049,432,613,6387,1053
1753329112570153996,0,957,-4,2573,7049,463,613,6387,1096
1753329112572148563,0,956,-4,2701,7049,463,613,6387,1194
1753329112574212973,0,957,-4,2582,7049,463,613,6387,1103
1753329112576187426,0,957,-3,2333,7049,464,613,6387,1037
1753329112578188462,0,957,-3,2564,7049,464,613,6387,1099
1753329112580206638,0,957,-3,2564,7049,415,613,6387,1203
1753329112582220210,0,957,-3,2564,7049,460,613,6387,1106
1753329112584268913,0,957,-3,2813,7049,509,613,6387,1054
1753329112586200470,0,957,-3,2582,7049,464,613,6387,1102
1753329112588272301,0,956,-3,2582,7050,417,613,6387,1052
1753329112590264374,0,957,-3,2581,7049,461,613,6387,1099
1753329112592329248,0,957,-3,2048,7049,462,613,6387,1099
1753329112594278424,0,957,-3,2542,7049,461,613,6387,1099
1753329112596264111,0,957,-3,2883,7049,540,613,6387,1164
1753329112598209062,0,957,-3,2566,7049,467,613,6387,1104
1753329112600215552,0,956,-3,2629,7049,387,613,6387,1104
1753329112602225775,0,957,-4,2571,7049,460,613,6387,1104
1753329112604222124,0,957,-4,2571,7049,460,613,6387,1104
1753329112606328794,0,957,-4,2571,7050,505,613,6387,1067
1753329112608256030,0,957,-4,2571,7049,463,613,6387,1102
1753329112610202605,0,957,-4,2508,7049,463,613,6387,1139
1753329112612226122,0,956,-4,2566,7049,463,613,6387,1105
1753329112614245774,0,956,-4,2530,7049,463,613,6387,886
1753329112616189738,0,957,-4,2563,7050,463,613,6387,1088
1753329112618220752,0,957,-4,2663,7049,530,613,6387,1220
1753329112620209988,0,957,-4,2571,7049,468,613,6387,1098
1753329112622235751,0,957,-4,2573,7049,517,613,6387,1099
1753329112624199984,0,957,-4,2573,7049,472,613,6387,1099
1753329112626246627,0,957,-4,2509,7049,356,613,6387,1083
1753329112628269803,0,956,-4,2569,7049,463,613,6386,1098
1753329112630249077,0,957,-4,2533,7049,433,613,6387,1233
1753329112632274394,0,957,-4,2566,7049,461,613,6387,1108
1753329112634284429,0,957,-4,2544,7049,486,613,6387,989
1753329112636312337,0,957,-4,2564,7049,463,613,6387,1100
1753329112638301865,0,957,-4,2586,7049,484,613,6387,1117
1753329112640256777,0,957,-4,2566,7049,464,613,6387,1100
1753329112642215170,0,957,-4,2544,7049,473,613,6387,1100
1753329112644298027,0,957,-4,2564,7049,465,613,6387,1100
1753329112646209325,0,956,-4,2586,7049,456,613,6387,1100
1753329112648189284,0,957,-3,2565,7050,465,613,6387,1100
1753329112650180550,0,957,-3,2565,7049,465,613,6387,1099
1753329112652174436,0,956,-3,2565,7049,465,613,6387,1099
1753329112654180558,0,957,-3,2600,7049,514,613,6387,1099
1753329112656269687,0,957,-3,2566,7049,469,613,6387,1098
1753329112658165342,0,956,-3,2565,7049,541,613,6387,1007
1753329112660172246,0,956,-2,2565,7049,475,613,6387,1092
1753329112662151047,0,957,-2,2564,7049,391,613,6387,1198
1753329112664171859,0,957,-2,2564,7049,469,613,6387,1098
1753329112666177780,0,957,-2,2696,7049,601,613,6387,1129
1753329112668195657,0,957,-2,2573,7049,479,613,6387,1101
1753329112670189761,0,956,-2,2505,7050,362,613,6387,1101
1753329112672153883,0,957,-2,2568,7049,470,613,6387,1101
1753329112674162023,0,957,-2,2568,7050,470,613,6387,1101
1753329112676174437,0,956,-2,2567,7050,470,613,6387,1101
1753329112678168156,0,957,-2,2669,7049,492,613,6387,1224
1753329112680194919,0,957,-2,2576,7049,472,613,6387,1110
1753329112682211922,0,957,-2,2474,7049,499,613,6387,1009
1753329112684246420,0,957,-2,2568,7049,474,613,6387,1103
1753329112686196614,0,956,-2,2568,7049,474,613,6387,1081
1753329112688240766,0,956,-1,2568,7049,475,613,6387,1101
1753329112690303239,0,957,-1,2568,7049,475,613,6387,1101
1753329112692233278,0,957,-1,2638,7049,462,613,6387,1101
1753329112694310947,0,957,0,2574,7049,475,613,6387,1101
1753329112696252523,0,957,0,2443,7049,377,613,6387,1070
1753329112698270119,0,956,1,2565,7050,469,613,6387,1099
1753329112700244143,0,957,1,2628,7049,420,613,6387,1150
1753329112702319627,0,957,1,2569,7049,465,613,6387,1104
1753329112704288587,0,957,2,2506,7049,482,613,6387,1053
1753329112706301000,0,957,2,2565,7049,467,613,6387,1100
1753329112708298350,0,957,2,2628,7049,564,613,6387,1100
1753329112710289339,0,957,3,2569,7049,476,613,6387,1100
1753329112712270606,0,957,3,2570,7049,379,613,6387,1257
1753329112714265633,0,957,3,2570,7049,468,613,6387,1113
1753329112716319195,0,957,3,2507,7049,499,613,6387,711
1753329112718313125,0,957,3,2566,7049,471,613,6387,1083
1753329112720277760,0,957,3,2629,7049,441,613,6387,1402
1753329112722351696,0,957,3,2570,7049,468,613,6387,1107
1753329112724221975,0,957,3,2571,7049,532,613,6387,1034
1753329112726263901,0,957,3,2571,7049,473,613,6387,1102
1753329112728226586,0,957,3,2571,7049,410,613,6387,1144
1753329112730209818,0,957,3,2571,7049,468,613,6387,1105
1753329112732266892,0,956,3,2472,7049,433,613,6387,1217
1753329112734261029,0,957,3,2563,7049,466,613,6387,1113
1753329112736239368,0,957,3,2791,7049,727,613,6386,990
1753329112738366630,0,956,3,2580,7049,485,613,6387,1105
1753329112740274166,0,957,3,2388,7049,259,613,6387,945
1753329112742235020,0,957,3,2566,7049,468,613,6387,1093
1753329112744222446,0,957,3,2566,7049,469,613,6387,1254
1753329112746239539,0,957,3,2566,7049,468,613,6387,1106
1753329112748220275,0,956,3,2566,7049,453,613,6387,1200
1753329112750258555,0,957,3,2566,7049,467,613,6387,1113
1753329112752241378,0,957,3,2629,7049,465,613,6387,1040
1753329112754225993,0,957,3,2571,7049,467,613,6387,1109
1753329112756203000,0,956,3,2346,7049,648,613,6387,1089
1753329112758257979,0,957,3,2554,7049,481,613,6387,1107
1753329112760229165,0,957,3,2636,7049,272,613,6387,1044
1753329112762217538,0,957,3,2560,7049,465,613,6387,1104
1753329112764266393,0,956,3,2639,7049,544,613,6387,1167
1753329112766257212,0,957,3,2566,7049,471,613,6387,1108
1753329112768304745,0,956,2,2629,7049,582,613,6387,1108
1753329112770241746,0,957,2,2570,7049,478,613,6387,1108
1753329112772333484,0,957,3,2570,7049,479,613,6387,1079
1753329112774230580,0,957,3,2570,7049,479,613,6387,1107
1753329112776222291,0,957,2,2570,7049,478,613,6387,1107
1753329112778249303,0,957,3,2570,7049,334,613,6387,1165
1753329112780252321,0,957,3,2570,7049,469,613,6387,1112
1753329112782351763,0,957,3,2639,7049,634,613,6387,1038
1753329112784276141,0,957,3,2576,7049,481,613,6387,1106
1753329112786261778,0,957,3,2507,7049,191,613,6387,1203
1753329112788452742,0,957,4,2572,7049,460,613,6387,1114
1753329112790249894,0,957,4,2507,7049,584,613,6387,1068
1753329112792270425,0,957,4,2567,7049,470,613,6387,1111
1753329112794247056,0,957,4,2699,7049,533,613,6387,1057
1753329112796281863,0,957,4,2577,7049,474,613,6387,1107
1753329112798239505,0,956,4,2508,7049,507,613,6387,1110
1753329112800303978,0,957,4,2572,7049,477,613,6387,1107
1753329112802250879,0,957,4,2701,7049,606,613,6387,1175
1753329112804255746,0,957,4,2581,7049,486,613,6387,1112
1753329112806232239,0,957,4,2389,7049,261,613,6387,1110
1753329112808235979,0,957,4,2567,7049,470,613,6387,1113
1753329112810220451,0,957,4,2630,7049,533,613,6387,1062
1753329112812284035,0,957,4,2572,7049,474,613,6387,1109
1753329112814215204,0,957,3,2640,7049,576,613,6387,1094
1753329112816208196,0,957,3,2577,7049,481,613,6387,1108
1753329112818233011,0,956,3,2508,7049,595,613,6387,1278
1753329112820250333,0,957,3,2572,7049,490,613,6387,1121
1753329112822248538,0,957,3,2451,7049,235,613,6387,998
1753329112824310954,0,957,3,2563,7049,471,613,6387,1112
1753329112826272825,0,957,3,2752,7049,673,613,6387,1065
1753329112828245069,0,957,4,2578,7049,487,613,6387,1109
1753329112830244256,0,957,4,2578,7049,487,613,6387,1156
1753329112832331225,0,956,4,2578,7049,487,613,6387,1113
1753329112834253350,0,957,5,2578,7049,475,613,6387,1066
1753329112836279775,0,957,5,2578,7049,487,613,6387,1109
1753329112838258496,0,957,6,2510,7049,432,613,6387,1055
1753329112840246979,0,957,6,2574,7049,484,613,6387,1106
1753329112842239979,0,957,7,2511,7049,410,613,6387,1144
1753329112844213181,0,957,8,2569,7049,481,613,6387,1109
1753329112846211564,0,957,9,2570,7049,512,613,6387,1126
1753329112848201209,0,957,9,2570,7049,484,613,6387,1110
1753329112850226662,0,956,10,2570,7049,406,613,6387,1110
1753329112852207189,0,957,11,2570,7049,480,613,6387,1110
1753329112854208000,0,956,12,2570,7049,447,613,6387,1126
1753329112856211491,0,957,12,2570,7049,479,613,6387,1112
1753329112858211715,0,957,12,2571,7049,479,613,6387,1112
1753329112860200698,0,957,13,2571,7049,574,613,6387,1164
1753329112862281616,0,957,13,2571,7049,487,613,6387,1115
1753329112864268707,0,956,13,2535,7049,390,613,6387,1115
1753329112866340671,0,957,13,2569,7049,479,613,6387,1116
1753329112868252901,0,957,13,2667,7049,627,613,6387,1116
1753329112870299728,0,957,13,2576,7049,490,613,6387,1116
1753329112872343337,0,956,13,2477,7049,343,613,6387,1162
1753329112874298945,0,956,12,2567,7049,478,613,6387,1119
1753329112876284072,0,957,12,2604,7049,563,613,6387,1073
1753329112878292352,0,957,12,2571,7049,485,613,6387,1116
1753329112880275228,0,956,11,1688,7049,-447,613,6387,1094
1753329112882280579,0,957,11,2505,7049,414,613,6387,1114
1753329112884293356,0,957,10,3388,7049,1375,613,6387,1237
1753329112886347610,0,957,9,2569,7049,483,613,6387,1124
1753329112888287493,0,957,9,2491,7049,285,613,6387,1021
1753329112890295816,0,957,8,2563,7049,468,613,6387,1117
1753329112892221280,0,957,8,2706,7049,712,613,6387,1066
1753329112894291150,0,957,7,2574,7049,485,613,6387,1114
1753329112896234109,0,957,7,2574,7049,472,613,6387,1098
1753329112898230467,0,957,7,2574,7049,484,613,6387,1113
1753329112900246682,0,957,7,2574,7049,497,613,6387,1096
1753329112902237697,0,957,7,2574,7049,485,613,6387,1113
1753329112904312074,0,957,7,2643,7049,554,613,6387,1113
1753329112906302843,0,956,7,2579,7049,490,613,6387,1113
1753329112908298695,0,957,7,2511,7049,409,613,6387,1113
1753329112910295234,0,957,7,2574,7049,484,613,6387,1113
1753329112912306421,0,957,8,2642,7049,567,613,6387,1129
1753329112914234257,0,957,8,2578,7049,491,613,6387,1114
1753329112916322460,0,956,9,2612,7049,329,613,6387,1096
1753329112918244954,0,957,9,2581,7049,480,613,6387,1113
1753329112920326024,0,957,9,2416,7049,499,613,6387,1078
1753329112922261950,0,957,10,2570,7049,483,613,6387,1111
1753329112924271590,0,957,11,2252,7049,167,613,6387,1111
1753329112926290240,0,957,11,2546,7049,460,613,6387,1111
1753329112928310742,0,957,12,2995,7049,726,613,6387,1131
1753329112930288343,0,957,12,2580,7050,481,613,6387,1112
1753329112932302578,0,957,13,2580,7049,515,613,6387,1142
1753329112934296855,0,957,13,2581,7049,484,613,6387,1114
1753329112936285865,0,956,14,2514,7049,404,613,6387,1152
1753329112938292351,0,957,15,2577,7049,480,613,6387,1117
1753329112940293501,0,957,15,2578,7049,482,613,6387,1064
1753329112942288320,0,957,16,2579,7049,481,613,6387,1113
1753329112944288953,0,957,16,2580,7049,481,613,6387,1113
1753329112946291889,0,957,17,2518,7049,497,613,6387,1129
1753329112948315218,0,957,17,2579,7049,483,613,6387,1114
1753329112950324245,0,956,18,2544,7049,467,613,6387,1099
1753329112952344543,0,957,18,2577,7049,483,613,6387,1113
1753329112954285896,0,957,18,2491,7049,485,613,6387,1168
1753329112956286405,0,956,18,2573,7049,483,613,6387,1118
1753329112958303680,0,957,18,2662,7049,483,613,6387,1207
1753329112960341321,0,957,18,2582,7049,483,613,6387,1125
1753329112962317840,0,957,18,2560,7049,483,613,6387,1320
1753329112964320508,0,956,18,2580,7049,483,613,6387,1140
1753329112966288489,0,957,18,2580,7049,528,613,6387,1354
1753329112968310900,0,957,18,2580,7050,486,613,6387,1157
1753329112970294213,0,957,17,2829,7049,440,613,6386,731
1753329112972356816,0,957,17,2599,7049,482,613,6387,1125
1753329112974350038,0,957,17,2348,7049,497,613,6387,1157
1753329112976375556,0,957,17,2578,7049,483,613,6387,1128
1753329112978315402,0,957,17,2598,7049,547,613,6387,1103
1753329112980321176,0,957,17,2577,7049,488,613,6387,1127
1753329112982424481,0,957,17,2610,7049,454,613,6387,1120
1753329112984443239,0,956,16,2575,7049,484,613,6387,1127
1753329112986337912,0,957,17,2636,7049,455,613,6387,969
1753329112988336578,0,957,17,2576,7049,483,613,6387,1117
1753329112990310110,0,957,17,2643,7049,483,613,6387,1187
1753329112992315504,0,957,17,2576,7049,483,613,6387,1123
1753329112994301671,0,957,17,2634,7049,513,613,6387,949
1753329112996346567,0,957,17,2576,7049,485,613,6387,1112
1753329112998260222,0,956,17,2547,7049,485,613,6387,1215
1753329113000321986,0,957,17,2569,7049,485,613,6387,1121
1753329113002316205,0,957,-35,2603,7049,485,613,6387,1057
1753329113004283929,0,957,12,2604,7049,485,613,6387,1118
1753329113006264757,0,957,-24,2606,7049,519,613,6387,1046
1753329113008265034,0,957,9,2607,7049,488,613,6387,1116
1753329113010309497,0,956,-16,2608,7049,488,613,6387,1045
1753329113012247556,0,956,7,2609,7049,488,613,6387,1112
1753329113014245949,0,956,7,2610,7049,549,613,6387,1081
1753329113016203069,0,957,7,2611,7049,492,613,6387,1112
1753329113018256370,0,957,-40,2612,7049,431,613,6387,1037
1753329113020245337,0,957,3,2613,7049,488,613,6387,1108
1753329113022229271,0,957,51,2614,7049,454,613,6387,1045
1753329113024192117,0,956,7,2614,7049,485,613,6387,1104
1753329113026233603,0,957,-41,2614,7049,485,613,6387,1129
1753329113028262822,0,957,3,2614,7049,486,613,6387,1105
1753329113030287443,0,957,3,2614,7049,486,613,6387,1105
1753329113032261484,0,957,2,2612,7049,486,613,6387,1142
1753329113034374551,0,957,2,2612,7049,486,613,6387,1106
1753329113036301583,0,957,2,2611,7049,486,613,6387,1105
1753329113038320595,0,956,2,2610,7049,487,613,6387,1103
1753329113040298970,0,957,49,2609,7049,683,613,6387,1633
1753329113042268041,0,957,3,2608,7049,502,613,6387,1141
1753329113044306315,0,957,-44,2606,7049,306,613,6387,667
1753329113046326989,0,956,-1,2604,7049,487,613,6387,1102
1753329113048277190,0,957,-1,2602,7049,487,613,6387,1160
1753329113050299200,0,957,-2,2600,7049,487,613,6387,1102
1753329113052271865,0,957,44,2596,7049,487,613,6387,1169
1753329113054388130,0,956,0,2593,7049,487,613,6387,1100
1753329113056247044,0,957,282,2591,7049,457,613,6387,1358
1753329113058347137,0,957,20,2589,7049,485,613,6387,1115
1753329113060243721,0,957,-120,2587,7049,651,613,6387,1082
1753329113062310309,0,957,9,2584,7049,498,613,6387,1108
1753329113064257544,0,957,14,2584,7049,396,613,6387,819
1753329113066313891,0,956,8,2582,7049,490,613,6387,1085
1753329113068271554,0,957,46,2580,7049,723,613,6387,1341
1753329113070340056,0,957,10,2579,7049,507,613,6387,1101
1753329113072264816,0,957,10,2577,7049,87,613,6387,1241
1753329113074220055,0,957,9,2575,7049,476,613,6387,1107
1753329113076251994,0,957,92,2574,7049,476,613,6387,1118
1753329113078277321,0,956,15,2573,7049,476,613,6387,1106
1753329113080263810,0,956,55,2573,7049,427,613,6387,1106
1753329113082311626,0,957,18,2573,7049,472,613,6387,1106
1753329113084272380,0,957,17,2573,7049,438,613,6387,1107
1753329113086262555,0,957,18,2572,7049,469,613,6387,1106
1753329113088277891,0,957,18,2573,7049,309,613,6387,1107
1753329113090251873,0,957,19,2573,7049,456,613,6387,1107
1753329113092255378,0,956,130,2573,7049,616,613,6387,1052
1753329113094263774,0,957,27,2574,7049,468,613,6387,1104
1753329113096232659,0,957,-82,2574,7049,423,613,6387,1159
1753329113098240087,0,957,20,2575,7049,465,613,6387,1109
1753329113100230834,0,957,37,2576,7049,506,613,6387,1110
1753329113102246903,0,956,22,2576,7049,466,613,6387,1110
1753329113104224044,0,957,23,2577,7049,318,613,6387,1111
1753329113106236741,0,957,23,2577,7049,454,613,6387,1111
1753329113108208982,0,957,-18,2578,7049,658,613,6387,1112
1753329113110219554,0,957,22,2579,7049,468,613,6387,1113
1753329113112214720,0,957,10,2579,7049,511,613,6387,1113
1753329113114196743,0,957,23,2580,7049,469,613,6387,1114
1753329113116285949,0,956,24,2581,7049,468,613,6387,1115
1753329113118207003,0,956,37,2581,7049,489,613,6387,1092
1753329113120481105,0,957,27,2582,7049,468,613,6387,1115
1753329113122268074,0,957,-17,2582,7049,551,613,6387,1115
1753329113124275020,0,957,24,2582,7049,471,613,6387,1115
1753329113126210132,0,957,25,2583,7049,261,613,6387,1139
1753329113128262987,0,957,26,2584,7049,453,613,6387,1119
1753329113130224279,0,957,-23,2584,7049,822,613,6387,1051
1753329113132248181,0,957,24,2585,7049,479,613,6387,1115
1753329113134227766,0,957,1,2586,7049,445,613,6387,913
1753329113136243424,0,957,22,2586,7049,475,613,6387,1101
1753329113138288605,0,957,1,2587,7049,681,613,6387,1271
1753329113140658364,0,957,22,2588,7049,488,613,6387,1115
1753329113142274236,0,957,22,2588,7050,527,613,6387,1093
1753329113144287442,0,957,23,2588,7049,491,613,6387,1114
1753329113146193176,0,957,23,2589,7049,517,613,6387,1068
1753329113148273735,0,957,24,2589,7049,492,613,6387,1111
1753329113150259950,0,956,24,2590,7049,493,613,6387,1112
1753329113152362220,0,957,24,2591,7049,494,613,6387,1113
1753329113154272219,0,956,-93,2591,7049,504,613,6387,1097
1753329113156243263,0,957,16,2591,7049,495,613,6387,1112
1753329113158204393,0,957,133,2591,7049,544,613,6387,1129
1753329113160167984,0,957,25,2591,7049,501,613,6387,1113
1753329113162171604,0,957,-92,2591,7049,434,613,6387,1059
1753329113164194145,0,957,16,2591,7049,497,613,6387,1109
1753329113166214070,0,957,104,2591,7049,468,613,6387,1109
1753329113168223162,0,957,22,2591,7049,497,613,6387,1109
1753329113170230680,0,957,22,2591,7049,443,613,6387,1147
1753329113172284707,0,957,22,2591,7049,495,613,6387,1112
1753329113174266441,0,956,22,2590,7049,580,613,6387,1073
1753329113176249796,0,957,22,2590,7049,504,613,6387,1108
1753329113178250353,0,957,58,2590,7049,475,613,6387,1094
1753329113180244217,0,957,25,2589,7049,505,613,6387,1106
1753329113182271697,0,957,-60,2589,7049,407,613,6387,1120
1753329113184328241,0,957,19,2589,7049,499,613,6387,1107
1753329113186283374,0,957,70,2589,7049,467,613,6387,1208
1753329113188786259,0,957,22,2589,7049,500,613,6387,1114
1753329113190280750,0,957,22,2589,7049,522,613,6387,1068
1753329113192234343,0,957,22,2589,7049,504,613,6387,1111
1753329113194255099,0,957,52,2589,7049,483,613,6387,1157
1753329113196268031,0,957,25,2589,7049,504,613,6387,1114
1753329113198254334,0,956,-4,2589,7049,494,613,6387,1114
1753329113200331599,0,957,22,2589,7049,506,613,6387,1115
1753329113202264894,0,956,23,2589,7049,507,613,6387,1115
1753329113204253357,0,957,148,2589,7050,459,613,6387,1084
1753329113206257580,0,957,33,2589,7049,505,613,6387,1112
1753329113208240581,0,957,-62,2589,7049,340,613,6387,1142
1753329113210225674,0,957,26,2589,7049,494,613,6387,1114
1753329113212232501,0,957,26,2589,7049,657,613,6387,1138
1753329113214257751,0,957,26,2589,7049,507,613,6387,1116
1753329113216259952,0,957,47,2589,7049,448,613,6387,1116
1753329113218364704,0,957,27,2589,7050,505,613,6387,1116
1753329113220277226,0,957,6,2589,7049,488,613,6387,1149
1753329113222305034,0,957,26,2589,7049,504,613,6387,1119
1753329113224269730,0,957,47,2589,7050,505,613,6387,1086
1753329113226282291,0,957,27,2590,7049,505,613,6387,1117
1753329113228280521,0,957,-23,2590,7049,506,613,6387,1117
1753329113230286204,0,957,24,2590,7049,507,613,6387,1117
1753329113232268003,0,957,59,2590,7049,509,613,6387,1117
1753329113234262738,0,957,26,2590,7049,509,613,6387,1117
1753329113236307179,0,957,27,2591,7049,505,613,6387,1118
1753329113238222354,0,957,27,2591,7049,509,613,6387,1119
1753329113240217904,0,957,-58,2591,7049,570,613,6387,1152
1753329113242214376,0,957,21,2592,7050,514,613,6387,1122
1753329113244266175,0,957,107,2592,7049,455,613,6387,1122
1753329113246229064,0,957,27,2592,7049,510,613,6387,1122
1753329113248199586,0,957,-7,2592,7050,513,613,6387,1135
1753329113250155839,0,957,24,2593,7049,512,613,6387,1124
1753329113252154757,0,957,54,2593,7049,327,613,6387,1108
1753329113254160258,0,957,26,2594,7049,499,613,6387,1124
1753329113256190409,0,957,27,2594,7049,513,613,6387,1056
1753329113258182802,0,957,27,2594,7049,500,613,6387,1119
1753329113260189384,0,957,27,2594,7049,568,613,6387,1050
1753329113262186120,0,957,27,2595,7049,506,613,6387,1115
1753329113264252324,0,957,27,2595,7049,504,613,6387,1230
1753329113266166171,0,957,27,2595,7049,507,613,6387,1123
1753329113268180742,0,957,-2,2596,7049,507,613,6387,1095
1753329113270178411,0,957,25,2597,7049,507,613,6387,1123
1753329113272240209,0,957,55,2597,7049,470,613,6387,1175
1753329113274241431,0,957,27,2597,7049,504,613,6387,1127
1753329113276199622,0,957,27,2597,7049,675,613,6387,1097
1753329113278208064,0,957,27,2598,7049,517,613,6387,1126
1753329113280172228,0,957,27,2598,7049,383,613,6387,1071
1753329113282190581,0,957,27,2598,7050,507,613,6387,1122
1753329113284185995,0,957,27,2598,7049,507,613,6387,1185
1753329113286192701,0,957,28,2598,7049,507,613,6387,1127
1753329113288175643,0,957,28,2598,7049,507,613,6387,1127
1753329113290232949,0,957,28,2598,7050,506,613,6387,1127
1753329113292184815,0,957,28,2598,7050,506,613,6387,1127
1753329113294242300,0,957,72,2598,7049,478,613,6387,1119
1753329113296236321,0,957,31,2598,7049,504,613,6387,1126
1753329113298242429,0,957,-12,2598,7049,532,613,6387,1103
1753329113300248523,0,957,28,2598,7049,506,613,6387,1124
1753329113302263017,0,957,28,2598,7049,506,613,6387,1155
1753329113304284573,0,957,28,2598,7050,506,613,6387,1127
1753329113306248537,0,957,28,2598,7049,508,613,6387,897
1753329113308252231,0,957,28,2598,7049,507,613,6387,1110
1753329113310284406,0,957,49,2598,7049,503,613,6387,1330
1753329113312284079,0,957,30,2598,7050,506,613,6387,1126
1753329113314235134,0,957,14,2599,7049,508,613,6387,1142
1753329113316250526,0,957,29,2599,7049,506,613,6387,1128
1753329113318220735,0,957,67,2599,7049,504,613,6387,1120
1753329113320227313,0,957,32,2599,7049,506,613,6387,1128
1753329113322228034,0,957,-5,2599,7049,508,613,6387,1089
1753329113324264574,0,957,30,2600,7049,506,613,6387,1126
1753329113326222572,0,957,30,2600,7049,506,613,6387,1126
1753329113328273428,0,957,30,2600,7049,506,613,6387,1126
1753329113330231904,0,957,45,2600,7050,506,613,6387,1125
1753329113332216075,0,957,31,2600,7049,506,613,6387,1126
1753329113334266994,0,957,15,2600,7049,508,613,6387,1073
1753329113336277062,0,957,31,2601,7049,506,613,6387,1123
1753329113338237719,0,957,69,2601,7049,508,613,6386,1124
1753329113340266845,0,957,34,2601,7049,506,613,6387,1123
1753329113342183755,0,957,84,2601,7049,504,613,6387,1249
1753329113344193961,0,957,39,2602,7049,506,613,6387,1133
1753329113346212900,0,957,-11,2602,7049,504,613,6387,1045
1753329113348264425,0,957,35,2602,7049,506,613,6387,1127
1753329113350192434,0,957,-3,2602,7049,508,613,6387,1088
1753329113352167653,0,957,33,2602,7049,506,613,6387,1124
1753329113354202943,0,957,49,2602,7049,504,613,6387,1125
1753329113356200365,0,957,34,2602,7049,506,613,6387,1124
1753329113358211920,0,957,-16,2602,7049,508,613,6387,1087
1753329113360255973,0,957,32,2602,7049,506,613,6387,1121
1753329113362217929,0,957,105,2602,7049,506,613,6387,1195
1753329113364239492,0,957,37,2602,7049,506,613,6387,1127
1753329113366246077,0,957,0,2602,7049,504,613,6387,1126
1753329113368305044,0,957,35,2602,7049,506,613,6387,1127
1753329113370233597,0,957,35,2602,7049,504,613,6387,1127
1753329113372263850,0,957,35,2602,7049,505,613,6387,1127
1753329113374214367,0,957,36,2602,7049,505,613,6387,1127
1753329113376215912,0,957,31,2602,7049,507,613,6387,1138
1753329113378297450,0,957,36,2602,7049,506,613,6387,1127
1753329113380244314,0,957,41,2602,7049,506,613,6387,1117
1753329113382247261,0,957,36,2602,7049,506,613,6387,1127
1753329113384253181,0,957,-86,2602,7049,505,613,6387,951
1753329113386251107,0,957,28,2602,7049,505,613,6387,1114
1753329113388227983,0,957,146,2602,7049,507,613,6387,1283
1753329113390358273,0,957,37,2602,7049,505,613,6387,1126
1753329113392254259,0,957,42,2602,7049,503,613,6387,1132
1753329113394308837,0,957,37,2602,7049,504,613,6387,1127
1753329113396346676,0,957,32,2602,7049,506,613,6387,1121
1753329113398350106,0,957,38,2603,7049,504,613,6387,1127
1753329113400177071,0,957,59,2603,7049,503,613,6387,1111
1753329113402177351,0,957,39,2603,7049,504,613,6387,1126
1753329113404165168,0,957,24,2603,7049,504,613,6387,1096
1753329113406217407,0,957,38,2603,7049,504,613,6387,1124
1753329113408151384,0,957,-84,2603,7049,506,613,6387,1000
1753329113410186675,0,957,30,2603,7049,504,613,6387,1114
1753329113412211507,0,957,148,2603,7049,503,613,6387,1232
1753329113414154961,0,957,39,2603,7049,504,613,6387,1123
1753329113416165113,0,957,39,2603,7049,503,613,6387,1100
1753329113418174558,0,957,39,2603,7049,503,613,6387,1121
1753329113420181086,0,957,39,2603,7049,505,613,6387,1159
1753329113422210194,0,957,39,2603,7049,503,613,6387,1124
1753329113424205803,0,957,39,2603,7049,500,613,6387,1087
1753329113426197927,0,957,39,2603,7049,502,613,6387,1121
1753329113428244566,0,957,39,2603,7049,506,613,6387,1144
1753329113430220678,0,957,39,2603,7049,502,613,6387,1123
1753329113432229956,0,957,45,2603,7049,394,613,6387,1129
1753329113434363457,0,957,39,2603,7049,494,613,6387,1123
1753329113436319956,0,957,34,2602,7049,599,613,6387,1117
1753329113438380425,0,958,39,2602,7049,502,613,6387,1122
1753329113440304457,0,958,178,2602,7049,501,613,6387,1238
1753329113442261738,0,958,49,2602,7049,502,613,6387,1131
1753329113444287730,0,958,-88,2602,7049,499,613,6387,991
1753329113446314848,0,958,39,2602,7049,501,613,6387,1120
1753329113448268780,0,958,911,2602,7049,499,613,6387,1992
1753329113450294781,0,958,105,2602,7049,500,613,6387,1185
1753329113452297937,0,958,-765,2602,7049,500,613,6387,314
1753329113454333375,0,958,41,2602,7049,500,613,6387,1121
1753329113456314794,0,959,41,2602,7049,500,613,6387,1121
1753329113458293832,0,959,41,2602,7049,500,613,6387,1121
1753329113460271214,0,959,42,2602,7049,500,613,6387,1121
1753329113462372499,0,959,42,2602,7049,502,613,6387,1106
1753329113464317450,0,959,42,2602,7049,500,613,6387,1119
1753329113466277726,0,959,-75,2602,7050,499,613,6387,1002
1753329113468335662,0,959,34,2602,7049,500,613,6387,1111
1753329113470328601,0,959,152,2603,7049,502,613,6387,1267
1753329113472375000,0,959,43,2603,7049,500,613,6387,1123
1753329113474323176,0,959,43,2603,7049,499,613,6387,1071
1753329113476327066,0,959,44,2603,7049,500,613,6387,1119
1753329113478402475,0,959,14,2603,7050,500,613,6387,1089
1753329113480344945,0,959,42,2602,7049,500,613,6387,1116
1753329113482354467,0,959,-8,2602,7049,500,613,6387,1034
1753329113484313821,0,959,38,2602,7049,500,613,6387,1110
1753329113486277248,0,959,119,2602,7049,465,613,6387,1221
1753329113488321108,0,959,44,2601,7049,496,613,6387,1117
1753329113490324973,0,959,45,2601,7049,496,613,6387,1117
1753329113492341936,0,959,45,2600,7049,496,613,6387,1116
1753329113494368962,0,959,45,2600,7049,531,613,6387,1116
1753329113496340487,0,959,45,2599,7049,499,613,6387,1115
1753329113498309909,0,959,-72,2599,7049,636,613,6387,1307
1753329113500271857,0,959,36,2598,7049,509,613,6387,1128
1753329113502273139,0,959,73,2598,7049,372,613,6387,869
1753329113504315375,0,959,39,2597,7049,499,613,6387,1108
1753329113506317526,0,959,90,2597,7049,499,613,6387,1159
1753329113508308157,0,959,43,2596,7049,498,613,6387,1110
1753329113510258684,0,959,72,2595,7049,463,613,6387,1124
1753329113512304248,0,959,45,2595,7049,495,613,6387,1110
1753329113514286280,0,959,15,2595,7049,495,613,6387,1110
1753329113516318678,0,959,43,2595,7049,495,613,6387,1110
1753329113518265533,0,959,44,2595,7049,428,613,6387,1110
1753329113520219005,0,959,44,2595,7049,490,613,6387,1110
1753329113522256023,0,959,44,2595,7050,528,613,6387,1148
1753329113524242517,0,959,44,2595,7049,493,613,6387,1113
1753329113526204428,0,959,-6,2595,7049,493,613,6387,1025
1753329113528189563,0,959,41,2595,7049,493,613,6387,1106
1753329113530170777,0,959,41,2595,7049,494,613,6387,1106
1753329113532163208,0,959,41,2595,7049,493,613,6387,1106
1753329113534162399,0,959,41,2595,7050,478,613,6387,1092
1753329113536203263,0,959,41,2596,7049,491,613,6387,1106
1753329113538224405,0,959,5,2596,7049,535,613,6387,1107
1753329113540196976,0,959,39,2597,7049,495,613,6387,1107
1753329113542188799,0,959,39,2597,7049,495,613,6387,1107
1753329113544182137,0,959,76,2597,7049,494,613,6387,1106
1753329113546195775,0,959,42,2597,7049,494,613,6387,1107
1753329113548162789,0,959,42,2596,7049,450,613,6387,1106
1753329113550158583,0,959,42,2596,7049,489,613,6387,1106
1753329113552216374,0,959,42,2595,7049,533,613,6387,1105
1753329113554194892,0,959,42,2595,7049,492,613,6387,1104
1753329113556281063,0,959,42,2595,7049,491,613,6387,1104
1753329113558199434,0,959,42,2594,7049,491,613,6387,1103
1753329113560173772,0,959,41,2594,7049,526,613,6387,1103
1753329113562180666,0,959,41,2594,7049,493,613,6387,1103
1753329113564201044,0,959,92,2593,7049,494,613,6387,1138
1753329113566197830,0,959,44,2593,7049,492,613,6387,1105
1753329113568218085,0,959,-6,2592,7049,490,613,6387,1082
1753329113570270881,0,959,40,2592,7049,492,613,6387,1102
1753329113572240763,0,959,0,2591,7050,492,613,6387,1044
1753329113574187012,0,959,37,2590,7049,491,613,6387,1096
1753329113576191964,0,959,37,2590,7049,491,613,6387,1148
1753329113578177796,0,959,37,2589,7049,490,613,6387,1098
1753329113580205944,0,959,38,2589,7049,493,613,6387,1153
1753329113582202116,0,959,38,2588,7049,490,613,6387,1101
1753329113584195283,0,959,-30,2588,7049,486,613,6387,979
1753329113586191606,0,959,33,2587,7050,489,613,6387,1091
1753329113588240038,0,959,144,2587,7050,423,613,6387,1202
1753329113590218043,0,959,41,2586,7049,484,613,6387,1098
1753329113592205099,0,959,41,2585,7049,549,613,6387,1097
1753329113594262751,0,959,40,2585,7049,487,613,6387,1097
1753329113596219963,0,959,40,2584,7049,486,613,6387,1134
1753329113598217008,0,959,40,2584,7049,487,613,6387,1099
1753329113600223437,0,959,40,2583,7049,651,613,6387,1280
1753329113602204757,0,959,40,2583,7049,499,613,6387,1111
1753329113604234112,0,959,40,2582,7049,337,613,6387,928
1753329113606255501,0,959,40,2582,7049,485,613,6387,1097
1753329113608253499,0,959,3,2582,7049,449,613,6387,1060
1753329113610286239,0,959,37,2581,7049,483,613,6387,1093
1753329113612287596,0,959,155,2581,7049,516,613,6387,1211
1753329113614265843,0,959,46,2580,7049,484,613,6387,1101
1753329113616253313,0,959,-71,2580,7049,421,613,6387,983
1753329113618262004,0,959,37,2579,7049,479,613,6387,1091
1753329113620260395,0,959,37,2579,7049,543,613,6387,1108
1753329113622433309,0,959,37,2579,7049,484,613,6387,1092
1753329113624321164,0,959,37,2579,7049,484,613,6387,1092
1753329113626216803,0,959,37,2579,7049,484,613,6387,1092
1753329113628311914,0,959,37,2579,7049,613,613,6387,1350
1753329113630274424,0,959,37,2579,7049,495,613,6387,1111
1753329113632350168,0,959,37,2579,7049,495,613,6387,1111
1753329113634230853,0,959,31,2579,7049,367,613,6387,831
1753329113636224220,0,959,36,2579,7049,485,613,6387,1091
1753329113638233413,0,959,36,2579,7049,485,613,6387,1107
1753329113640241280,0,959,36,2579,7049,485,613,6387,1092
1753329113642223787,0,959,130,2579,7050,451,613,6387,1185
1753329113644274194,0,959,43,2579,7049,482,613,6387,1099
1753329113646260450,0,959,-71,2578,7049,482,613,6387,984
1753329113648224395,0,959,34,2578,7049,482,613,6387,1089
1753329113650232258,0,959,54,2578,7049,482,613,6387,1125
1753329113652211208,0,959,35,2578,7049,481,613,6387,1092
1753329113654238819,0,959,15,2578,7049,643,613,6387,1340
1753329113656444509,0,959,34,2577,7049,493,613,6387,1109
1753329113658282367,0,959,54,2577,7049,331,613,6387,846
1753329113660325182,0,959,35,2577,7049,480,613,6387,1090
1753329113662255655,0,959,14,2577,7049,515,613,6387,1085
1753329113664393781,0,959,32,2577,7049,483,613,6387,1089
1753329113666260776,0,959,32,2576,7049,483,613,6387,1088
1753329113668303193,0,959,32,2576,7049,482,613,6387,1088
1753329113670285610,0,959,95,2576,7049,482,613,6387,1135
1753329113672390276,0,959,36,2576,7049,481,613,6387,1092
1753329113674337564,0,959,-26,2576,7049,481,613,6387,1012
1753329113676273455,0,959,31,2576,7049,481,613,6387,1086
1753329113678260564,0,959,31,2576,7049,642,613,6387,1362
1753329113680286360,0,959,30,2576,7049,492,613,6387,1106
1753329113682264531,0,959,30,2576,7049,331,613,6387,862
1753329113684226257,0,959,30,2576,7049,479,613,6387,1088
1753329113686241418,0,959,50,2575,7049,481,613,6387,1092
1753329113688283777,0,959,30,2575,7049,478,613,6387,1087
1753329113690259711,0,959,30,2575,7049,476,613,6387,1087
1753329113692227100,0,959,30,2574,7049,478,613,6387,1086
1753329113694207027,0,959,30,2574,7049,475,613,6387,1070
1753329113696272799,0,959,29,2574,7049,477,613,6387,1085
1753329113698247162,0,959,29,2573,7049,477,613,6387,1046
1753329113700215216,0,959,29,2573,7049,476,613,6387,1081
1753329113702213313,0,959,9,2573,7049,476,613,6387,1115
1753329113704214984,0,959,28,2573,7049,476,613,6387,1083
1753329113706298561,0,959,27,2572,7049,476,613,6387,1082
1753329113708252325,0,959,27,2572,7049,475,613,6387,1082
1753329113710221215,0,959,27,2571,7049,474,613,6387,929
1753329113712279306,0,959,26,2571,7049,474,613,6387,1070
1753329113714221351,0,959,25,2570,7050,472,613,6387,1129
1753329113716219500,0,959,25,2569,7049,473,613,6387,1072
1753329113718226734,0,959,24,2569,7049,473,613,6387,1072
1753329113720220171,0,959,24,2568,7049,474,613,6387,1163
1753329113722246648,0,959,24,2568,7049,473,613,6387,1078
1753329113724216193,0,959,23,2567,7049,469,613,6387,1077
1753329113726219328,0,959,23,2566,7049,471,613,6387,1076
1753329113728219464,0,959,23,2565,7049,475,613,6387,1121
1753329113730224012,0,959,22,2565,7049,471,613,6387,1078
1753329113732220391,0,959,42,2564,7050,469,613,6387,1066
1753329113734305911,0,959,24,2563,7049,470,613,6387,1075
1753329113736193283,0,959,2,2563,7049,468,613,6387,1086
1753329113738209814,0,959,21,2562,7049,469,613,6387,1075
1753329113740219645,0,959,41,2561,7049,471,613,6387,1094
1753329113742314823,0,959,21,2561,7050,468,613,6387,1075
1753329113744327645,0,959,-46,2560,7049,466,613,6387,1006
1753329113746292934,0,959,16,2560,7049,468,613,6387,1069
1753329113748207053,0,959,83,2559,7049,470,613,6387,1036
1753329113750229683,0,959,20,2559,7049,467,613,6387,1066
1753329113752202003,0,959,25,2558,7050,431,613,6387,1140
1753329113754303646,0,959,20,2558,7049,464,613,6387,1070
1753329113756309290,0,959,14,2557,7049,661,613,6387,1210
1753329113758319906,0,959,19,2557,7049,478,613,6387,1080
1753329113760265174,0,959,-49,2556,7049,477,613,6387,1112
1753329113762260002,0,959,13,2555,7049,477,613,6387,1080
1753329113764224923,0,959,80,2555,7049,480,613,6387,1093
1753329113766226715,0,959,17,2554,7049,477,613,6387,1080
1753329113768213878,0,959,-2,2554,7049,474,613,6387,1080
1753329113770211017,0,959,15,2553,7050,475,613,6387,1079
1753329113772194187,0,959,40,2552,7049,315,613,6387,892
1753329113774213345,0,959,16,2552,7049,463,613,6387,1065
1753329113776214962,0,959,104,2552,7049,621,613,6387,1238
1753329113778240102,0,959,22,2551,7049,474,613,6387,1076
1753329113780199940,0,959,-71,2551,7049,479,613,6387,1133
1753329113782216015,0,959,14,2550,7050,475,613,6387,1080
1753329113784214609,0,959,-5,2550,7049,474,613,6387,1080
1753329113786176260,0,959,12,2550,7050,476,613,6387,1080
1753329113788179730,0,959,11,2550,7049,476,613,6387,1068
1753329113790217303,0,959,11,2550,7049,476,613,6387,1079
1753329113792205099,0,959,36,2550,7049,474,613,6387,1102
1753329113794207341,0,959,12,2551,7049,477,613,6387,1082
1753329113796195365,0,959,-14,2551,7049,441,613,6387,1070
1753329113798183477,0,959,8,2552,7049,474,613,6387,1082
1753329113800184497,0,959,28,2552,7049,510,613,6387,1071
1753329113802182540,0,959,9,2552,7049,478,613,6387,1081
1753329113804195592,0,959,8,2552,7049,478,613,6387,1081
1753329113806231627,0,959,-11,2552,7050,478,613,6387,1082
1753329113808254380,0,959,6,2553,7049,478,613,6387,1083
1753329113810270646,0,959,6,2553,7049,476,613,6387,1083
1753329113812285253,0,959,6,2553,7049,478,613,6387,1083
1753329113814255356,0,959,26,2554,7050,282,613,6387,890
1753329113816246828,0,959,6,2554,7049,464,613,6387,1069
1753329113818236009,0,959,49,2554,7050,661,613,6387,1231
1753329113820296540,0,959,9,2555,7049,479,613,6387,1082
1753329113822286071,0,959,-53,2555,7050,485,613,6387,1082
1753329113824289014,0,959,3,2556,7049,480,613,6387,1083
1753329113826246428,0,959,3,2556,7049,412,613,6387,1139
1753329113828267038,0,959,3,2556,7049,475,613,6387,1088
1753329113830248017,0,959,3,2557,7049,542,613,6387,1021
1753329113832256582,0,959,2,2557,7049,480,613,6387,1084
1753329113834247547,0,959,2,2557,7049,280,613,6387,937
1753329113836327705,0,959,2,2558,7049,466,613,6387,1074
1753329113838297729,0,959,22,2558,7049,665,613,6387,1277
1753329113840383424,0,959,3,2558,7049,481,613,6387,1089
1753329113842278644,0,959,2,2558,7049,483,613,6387,1033
1753329113844264575,0,959,2,2559,7049,481,613,6387,1086
1753329113846293788,0,959,-18,2559,7049,564,613,6387,1099
1753329113848256260,0,959,0,2560,7049,488,613,6387,1088
1753329113850228921,0,959,19,2560,7050,404,613,6387,1075
1753329113852283745,0,959,0,2561,7049,482,613,6387,1088
1753329113854241476,0,959,6,2561,7049,483,613,6387,1088
1753329113856286035,0,959,0,2561,7049,483,613,6387,1088
1753329113858261647,0,959,-25,2561,7049,485,613,6387,1055
1753329113860241178,0,959,-2,2562,7049,484,613,6387,1087
1753329113862256493,0,959,17,2562,7049,320,613,6387,925
1753329113864218164,0,959,-2,2563,7050,473,613,6387,1076
1753329113866217101,0,959,3,2563,7049,635,613,6387,1238
1753329113868244478,0,959,-2,2563,7049,485,613,6387,1088
1753329113870234104,0,959,-3,2564,7049,486,613,6387,1089
1753329113872223394,0,959,-3,2564,7049,486,613,6387,1089
1753329113874334473,0,959,-3,2564,7049,489,613,6387,1122
1753329113876302574,0,959,-4,2565,7049,487,613,6387,1092
1753329113878335845,0,959,157,2565,7049,485,613,6387,1059
1753329113880264209,0,959,6,2565,7049,487,613,6387,1090
1753329113882199440,0,959,-117,2565,7049,325,613,6387,1017
1753329113884201322,0,959,-2,2565,7049,475,613,6387,1084
1753329113886189379,0,959,-3,2565,7050,637,613,6387,1157
1753329113888197544,0,959,-3,2565,7050,487,613,6387,1090
1753329113890274046,0,959,-3,2565,7049,487,613,6387,1090
1753329113892192518,0,959,170,2565,7049,489,613,6387,1090
1753329113894227302,0,959,8,2565,7049,487,613,6387,1090
1753329113896215167,0,959,-166,2565,7050,461,613,6387,1123
1753329113898270113,0,959,-5,2565,7049,485,613,6387,1092
1753329113900236715,0,959,45,2565,7049,485,613,6387,1059
1753329113902294787,0,959,-1,2566,7049,486,613,6387,1091
1753329113904255031,0,959,27,2566,7049,511,613,6387,1124
1753329113906444685,0,959,0,2566,7049,488,613,6387,1093
1753329113908324416,0,959,20,2566,7050,433,613,6387,1094
1753329113910417428,0,959,1,2566,7050,485,613,6387,1094
1753329113912359221,0,959,24,2566,7049,542,613,6387,1094
1753329113914325573,0,959,1,2566,7049,490,613,6387,1094
1753329113916295494,0,959,-36,2566,7049,490,613,6387,1094
1753329113918377277,0,959,0,2566,7049,490,613,6387,1094
1753329113920255559,0,959,14,2566,7049,432,613,6387,1094
1753329113922298422,0,959,0,2566,7049,487,613,6387,1094
1753329113924276471,0,959,341,2567,7050,347,613,6387,1294
1753329113926293930,0,959,25,2567,7049,477,613,6387,1110
1753329113928240146,0,959,-315,2567,7049,700,613,6387,924
1753329113930302493,0,959,1,2567,7049,494,613,6387,1096
1753329113932265403,0,959,1,2567,7049,362,613,6387,1096
1753329113934267917,0,959,1,2567,7049,484,613,6387,1096
1753329113936295798,0,959,-163,2568,7049,533,613,6387,1097
1753329113938275285,0,959,-10,2568,7049,489,613,6387,1097
1753329113940336215,0,959,138,2568,7049,420,613,6387,1097
1753329113942337117,0,959,0,2569,7049,484,613,6387,1098
1753329113944255847,0,959,-195,2569,7050,342,613,6387,1098
1753329113946265462,0,959,-13,2569,7049,473,613,6387,1098
1753329113948264026,0,959,184,2570,7050,746,613,6387,1099
1753329113950268423,0,959,1,2570,7049,494,613,6387,1099
1753329113952284853,0,959,16,2570,7049,486,613,6387,1131
1753329113954266777,0,959,2,2571,7050,493,613,6387,1103
1753329113956440377,0,959,-14,2571,7049,275,613,6387,1103
1753329113958276623,0,959,0,2571,7049,477,613,6387,1103
1753329113960228959,0,959,0,2572,7049,705,613,6387,1104
1753329113962276964,0,959,0,2572,7049,493,613,6387,1104
1753329113964302075,0,959,38,2572,7049,466,613,6387,1116
1753329113966249481,0,959,2,2573,7049,491,613,6387,1106
1753329113968254665,0,959,2,2573,7049,491,613,6387,1106
1753329113970267465,0,959,-36,2574,7049,459,613,6387,1064
1753329113972280354,0,959,0,2574,7049,489,613,6387,1104
1753329113974259415,0,959,-35,2574,7049,504,613,6387,1159
1753329113976276245,0,959,-3,2575,7049,491,613,6387,1109
1753329113978279155,0,959,32,2575,7049,-107,613,6387,1054
1753329113980312597,0,959,0,2576,7049,446,613,6387,1106
1753329113982253068,0,959,15,2576,7050,1075,613,6387,1106
1753329113984313310,0,959,0,2577,7049,494,613,6387,1107
1753329113986203477,0,959,0,2577,7050,425,613,6387,1107
1753329113988226134,0,959,0,2578,7049,489,613,6387,1108
1753329113990263693,0,959,23,2579,7049,489,613,6387,1141
1753329113992287552,0,959,2,2579,7049,489,613,6387,1112
1753329113994318084,0,959,-20,2579,7049,520,613,6387,1080
1753329113996278840,0,959,0,2580,7049,491,613,6387,1111
1753329113998252236,0,959,0,2581,7049,360,613,6387,1112
1753329114000279929,0,959,0,2581,7050,481,613,6387,1112
1753329114002382097,0,959,0,2581,7049,662,613,6387,1099
1753329114004371704,0,959,0,2582,7050,495,613,6387,1112
1753329114006351189,0,959,1,2582,7049,446,613,6387,1125
1753329114008378043,0,959,1,2583,7050,491,613,6387,1114
1753329114010250439,0,959,23,2583,7050,427,613,6387,1114
1753329114012321758,0,959,2,2584,7049,486,613,6387,1115
1753329114014245820,0,959,2,2584,7050,431,613,6387,1102
1753329114016257782,0,959,2,2585,7049,483,613,6387,1115
1753329114018256888,0,959,2,2585,7049,652,613,6387,1128
1753329114020268934,0,959,2,2586,7050,496,613,6387,1117
1753329114022424994,0,959,-19,2587,7049,285,613,6387,1105
1753329114024354065,0,959,1,2587,7050,480,613,6387,1117
1753329114026374856,0,959,74,2588,7049,628,613,6387,1118
1753329114028279820,0,959,6,2588,7049,491,613,6387,1118
1753329114030212360,0,959,-42,2588,7049,491,613,6387,1118
1753329114032281065,0,959,4,2589,7049,490,613,6387,1119
1753329114034205530,0,959,54,2590,7049,490,613,6387,1120
1753329114036216414,0,959,7,2590,7049,490,613,6387,1120
1753329114038216903,0,959,-42,2591,7050,442,613,6387,1121
1753329114040216249,0,959,4,2591,7049,487,613,6387,1121
1753329114042223197,0,959,54,2592,7049,490,613,6387,1036
1753329114044310291,0,959,9,2592,7049,487,613,6387,1116
1753329114046222744,0,959,53,2593,7050,509,613,6387,1170
1753329114048290388,0,959,12,2593,7049,488,613,6387,1121
1753329114050285061,0,959,0,2594,7050,485,613,6387,1122
1753329114052299674,0,959,11,2594,7049,488,613,6387,1122
1753329114054359121,0,959,11,2595,7049,488,613,6387,1123
1753329114056261607,0,959,-20,2595,7049,542,613,6387,1123
1753329114058236374,0,959,10,2595,7049,492,613,6387,1123
1753329114060316127,0,959,42,2596,7049,438,613,6387,1056
1753329114062259529,0,959,12,2597,7050,488,613,6387,1120
1753329114064304954,0,959,-257,2597,7049,542,613,6387,1135
1753329114066250174,0,959,-6,2597,7050,492,613,6387,1121
1753329114068263439,0,959,264,2597,7049,470,613,6387,1174
1753329114070313040,0,959,13,2598,7050,491,613,6387,1126
1753329114072259110,0,959,14,2598,7049,562,613,6387,1126
1753329114074348521,0,959,14,2598,7049,496,613,6387,1126
1753329114076347402,0,959,15,2599,7049,564,613,6387,957
1753329114078263428,0,959,16,2599,7049,501,613,6387,1114
1753329114080194014,0,959,-140,2599,7049,492,613,6387,1216
1753329114082357845,0,959,4,2600,7049,501,613,6387,1123
1753329114084240607,0,959,173,2600,7050,357,613,6387,1106
1753329114086295192,0,959,18,2600,7049,490,613,6387,1122
1753329114088205420,0,959,45,2601,7050,544,613,6387,1186
1753329114090252485,0,959,21,2601,7049,495,613,6387,1127
1753329114092273799,0,959,-5,2601,7049,451,613,6387,1149
1753329114094199593,0,959,19,2601,7049,492,613,6387,1129
1753329114096264791,0,959,20,2602,7049,808,613,6387,1163
1753329114098257449,0,959,21,2602,7049,516,613,6387,1133
1753329114100241233,0,959,-23,2602,7049,76,613,6387,1146
1753329114102302416,0,959,19,2603,7050,485,613,6387,1135
1753329114104203610,0,959,91,2603,7050,655,613,6387,1089
1753329114106228771,0,959,25,2603,7049,499,613,6387,1131
1753329114108271162,0,959,-13,2603,7049,499,613,6387,1178
1753329114110331602,0,959,24,2603,7050,500,613,6387,1135
1753329114112334837,0,959,24,2603,7050,321,613,6387,1135
1753329114114433810,0,959,25,2604,7049,488,613,6387,1136
1753329114116279569,0,959,26,2604,7049,659,613,6387,1136
1753329114118318005,0,959,26,2604,7049,502,613,6387,1136
1753329114120279796,0,959,26,2604,7049,502,613,6387,1168
1753329114122306952,0,959,27,2605,7050,502,613,6387,1139
1753329114124237048,0,959,40,2606,7049,503,613,6387,1140
1753329114126379595,0,959,29,2607,7050,504,613,6387,1142
1753329114128360270,0,959,17,2607,7049,469,613,6387,1165
1753329114130345074,0,959,29,2607,7049,501,613,6387,1143
1753329114132320682,0,959,29,2608,7049,617,613,6387,1121
1753329114134387255,0,959,30,2609,7049,511,613,6387,1144
1753329114136300640,0,959,43,2610,7049,455,613,6387,1156
1753329114138409120,0,959,31,2610,7049,508,613,6387,1146
1753329114140352846,0,959,32,2611,7050,509,613,6387,1147
1753329114142262748,0,959,-10,2611,7049,479,613,6387,1135
1753329114144349333,0,959,30,2612,7049,507,613,6387,1147
1753329114146303206,0,959,75,2612,7049,594,613,6387,1115
1753329114148347513,0,959,35,2612,7050,514,613,6387,1145
1753329114150285925,0,959,23,2614,7049,458,613,6387,1190
1753329114152282417,0,959,35,2614,7049,511,613,6387,1150
1753329114154284045,0,959,76,2616,7050,481,613,6387,1141
1753329114156380714,0,959,39,2616,7050,509,613,6387,1151
1753329114158301583,0,959,-31,2617,7050,549,613,6387,1121
1753329114160306410,0,959,36,2618,7050,513,613,6387,1151
1753329114162244569,0,959,36,2619,7049,514,613,6387,1152
1753329114164424403,0,959,37,2619,7050,514,613,6387,1152
1753329114166268382,0,959,37,2620,7049,515,613,6387,1153
1753329114168401115,0,959,38,2620,7049,515,613,6387,1153
1753329114170331085,0,959,-12,2621,7049,536,613,6387,1154
1753329114172315073,0,959,35,2621,7049,518,613,6387,1154
1753329114174255928,0,959,36,2622,7050,520,613,6387,1210
1753329114176308514,0,959,36,2622,7049,520,613,6387,1159
1753329114178250342,0,959,-198,2623,7049,520,613,6387,1092
1753329114180240529,0,959,21,2623,7050,521,613,6387,1156
1753329114182225988,0,959,307,2623,7050,499,613,6387,1224
1753329114184224860,0,959,43,2624,7049,520,613,6387,1162
1753329114186261282,0,959,43,2625,7050,652,613,6387,1108
1753329114188260586,0,959,44,2626,7049,531,613,6387,1160
1753329114190267168,0,959,44,2626,7049,423,613,6387,1192
1753329114192261797,0,959,45,2627,7049,525,613,6387,1163
1753329114194213007,0,959,-4,2627,7049,526,613,6387,1131
1753329114196212232,0,959,41,2628,7049,526,613,6387,1162
1753329114198222928,0,959,93,2629,7049,518,613,6387,1206
1753329114200214200,0,959,45,2629,7049,528,613,6387,1166
1753329114202228291,0,959,-3,2630,7049,573,613,6387,1156
1753329114204221351,0,959,43,2630,7050,532,613,6387,1166
1753329114206256196,0,959,42,2632,7050,476,613,6387,1168
1753329114208255852,0,959,42,2633,7049,530,613,6387,1170
1753329114210241198,0,959,124,2634,7049,491,613,6387,1171
1753329114212228981,0,959,48,2635,7050,528,613,6387,1172
1753329114214220312,0,959,48,2635,7050,283,613,6387,1172
1753329114216243684,0,959,48,2637,7049,512,613,6387,1174
1753329114218237647,0,959,48,2637,7049,765,613,6387,1197
1753329114220258190,0,959,48,2638,7049,532,613,6387,1177
1753329114222300110,0,959,61,2639,7049,488,613,6387,1154
1753329114224275272,0,959,49,2640,7049,530,613,6387,1177
1753329114226215091,0,959,37,2640,7049,539,613,6387,1132
1753329114228224223,0,959,49,2641,7049,532,613,6387,1175
1753329114230240994,0,959,49,2642,7049,532,613,6387,1176
1753329114232218639,0,959,63,2643,7049,777,613,6387,1233
1753329114234255245,0,959,51,2644,7049,551,613,6387,1182
1753329114236256901,0,959,53,2645,7049,299,613,6387,1172
1753329114238309243,0,959,53,2647,7049,533,613,6387,1184
1753329114240281265,0,959,81,2647,7049,466,613,6387,1196
1753329114242370750,0,959,57,2648,7050,529,613,6387,1186
1753329114244282105,0,959,30,2649,7050,559,613,6387,1176
1753329114246247049,0,959,56,2650,7050,531,613,6387,1187
1753329114248226286,0,959,99,2651,7049,569,613,6386,1157
1753329114250321633,0,959,60,2652,7049,533,613,6387,1187
1753329114252309885,0,959,18,2653,7049,504,613,6387,1188
1753329114254291424,0,959,59,2653,7049,532,613,6387,1188
1753329114256238164,0,959,86,2654,7049,562,613,6387,1021
1753329114258230495,0,959,62,2655,7050,534,613,6387,1178
1753329114260222152,0,959,79,2656,7049,515,613,6387,1334
1753329114262258262,0,959,65,2656,7049,532,613,6387,1190
1753329114264225424,0,959,50,2657,7049,501,613,6387,1191
1753329114266245231,0,959,66,2657,7049,531,613,6387,1191
1753329114268260009,0,959,67,2658,7049,574,613,6387,1205
1753329114270273239,0,959,68,2659,7050,534,613,6387,1194
1753329114272266164,0,959,69,2659,7049,573,613,6387,1195
1753329114274231757,0,959,69,2660,7049,538,613,6387,1196
1753329114276223993,0,959,30,2660,7049,529,613,6387,1149
1753329114278199646,0,959,68,2661,7049,538,613,6387,1193
1753329114280225898,0,959,109,2662,7049,511,613,6387,1194
1753329114282225921,0,959,73,2663,7049,536,613,6387,1195
1753329114284298302,0,959,47,2663,7049,531,613,6387,1228
1753329114286254650,0,959,73,2664,7049,536,613,6387,1199
1753329114288266792,0,959,101,2665,7049,589,613,6387,1200
1753329114290226357,0,959,77,2666,7049,540,613,6387,1201
1753329114292220791,0,959,39,2667,7049,443,613,6387,1169
1753329114294293030,0,959,77,2667,7049,533,613,6387,1199
1753329114296236060,0,959,134,2668,7049,658,613,6387,1234
1753329114298236976,0,959,82,2669,7049,542,613,6387,1204
1753329114300230143,0,959,40,2670,7050,537,613,6387,1205
1753329114302244193,0,959,83,2671,7050,542,613,6387,1206
1753329114304250801,0,959,71,2671,7049,542,613,6387,1206
1753329114306258914,0,959,84,2672,7050,543,613,6387,1207
1753329114308233386,0,959,85,2673,7050,625,613,6387,1208
1753329114310230487,0,959,86,2674,7049,549,613,6387,1209
1753329114312189761,0,959,100,2675,7049,369,613,6387,1109
1753329114314185588,0,959,88,2675,7049,537,613,6387,1203
1753329114316179939,0,959,90,2676,7050,538,613,6387,1204
1753329114318251849,0,959,90,2677,7050,693,613,6387,1306
1753329114320200945,0,959,92,2678,7050,550,613,6387,1213
1753329114322239562,0,959,80,2679,7049,433,613,6387,1214
1753329114324235038,0,959,93,2679,7049,543,613,6387,1214
1753329114326285853,0,959,94,2680,7049,714,613,6387,1215
1753329114328198148,0,959,95,2681,7049,556,613,6387,1216
1753329114330268747,0,959,300,2682,7049,512,613,6386,1217
1753329114332271476,0,959,112,2683,7049,554,613,6387,1218
1753329114334225431,0,959,-90,2683,7049,555,613,6387,1218
1753329114336180233,0,959,100,2684,7049,555,613,6387,1219
1753329114338182529,0,959,-4,2684,7049,519,613,6387,1232
1753329114340191535,0,959,93,2685,7049,555,613,6387,1222
1753329114342174604,0,959,168,2686,7049,637,613,6387,1223
1753329114344271656,0,959,102,2686,7049,562,613,6387,1223
1753329114346251075,0,959,29,2687,7049,519,613,6387,1267
1753329114348340145,0,959,99,2688,7049,561,613,6387,1228
1753329114350264343,0,959,173,2689,7049,577,613,6387,1173
1753329114352219969,0,959,107,2690,7049,563,613,6387,1226
1753329114354197539,0,959,56,2690,7049,166,613,6387,1226
1753329114356222875,0,959,104,2691,7050,535,613,6387,1227
1753329114358218888,0,959,82,2692,7049,933,613,6387,1284
1753329114360279314,0,959,106,2693,7049,566,613,6387,1233
1753329114362202347,0,959,90,2694,7049,567,613,6387,1191
1753329114364251483,0,959,105,2695,7049,568,613,6387,1232
1753329114366206320,0,959,145,2696,7049,569,613,6387,1233
1753329114368240741,0,959,110,2696,7049,570,613,6387,1233
1753329114370199056,0,959,111,2698,7050,593,613,6387,1235
1753329114372264382,0,959,112,2698,7050,574,613,6387,1235
1753329114374259549,0,959,90,2699,7049,600,613,6387,1236
1753329114376197400,0,959,112,2701,7049,578,613,6387,1238
1753329114378221650,0,959,112,2701,7049,531,613,6387,1238
1753329114380275557,0,959,113,2702,7049,577,613,6387,1239
1753329114382230324,0,959,643,2703,7050,729,613,6387,1272
1753329114384193072,0,959,154,2704,7050,590,613,6387,1244
1753329114386176753,0,959,-351,2705,7049,341,613,6387,1200
1753329114388205656,0,959,118,2706,7050,574,613,6387,1243
1753329114390191741,0,959,118,2707,7050,642,613,6387,1257
1753329114392192371,0,959,120,2708,7049,581,613,6387,1246
1753329114394197700,0,959,98,2709,7049,661,613,6387,1247
1753329114396277027,0,959,120,2710,7050,589,613,6387,1248
1753329114398300341,0,959,120,2711,7049,591,613,6387,1249
1753329114400215157,0,959,70,2712,7049,465,613,6387,1282
1753329114402329648,0,959,119,2713,7050,585,613,6387,1253
1753329114404217279,0,959,149,2714,7049,867,613,6387,1222
1753329114406276143,0,959,122,2715,7049,608,613,6387,1253
1753329114408225059,0,959,167,2716,7050,337,613,6387,1254
1753329114410473727,0,959,127,2717,7049,590,613,6387,1255
1753329114412341985,0,959,90,2718,7049,581,613,6387,1311
1753329114414313232,0,959,125,2719,7049,592,613,6387,1261
1753329114416207403,0,959,142,2720,7049,625,613,6387,1207
1753329114418228623,0,959,128,2722,7049,596,613,6387,1260
1753329114420207660,0,959,-9,2723,7049,587,613,6387,1293
1753329114422243892,0,960,119,2724,7050,599,613,6387,1265
1753329114424221242,0,959,258,2725,7049,578,613,6387,1266
1753329114426294312,0,959,130,2726,7050,599,613,6387,1267
1753329114428222331,0,959,130,2727,7049,253,613,6387,1236
1753329114430216256,0,959,132,2728,7049,575,613,6387,1266
1753329114432225470,0,959,132,2729,7049,923,613,6387,1323
1753329114434249888,0,959,133,2731,7049,603,613,6387,1274
1753329114436283870,0,960,155,2732,7049,560,613,6387,1263
1753329114438259695,0,959,135,2733,7049,602,613,6387,1275
1753329114440270589,0,959,135,2734,7049,604,613,6387,1265
1753329114442235797,0,959,136,2735,7049,604,613,6387,1276
1753329114444226623,0,959,137,2736,7049,586,613,6387,1277
1753329114446298578,0,959,137,2737,7050,605,613,6387,1278
1753329114448266448,0,959,189,2738,7049,587,613,6387,1279
1753329114450265729,0,959,143,2739,7049,604,613,6387,1280
1753329114452284423,0,959,175,2740,7049,526,613,6387,1182
1753329114454320313,0,959,147,2741,7049,599,613,6387,1275
1753329114456258624,0,959,116,2742,7049,646,613,6387,1344
1753329114458300539,0,959,146,2743,7049,604,613,6387,1282
1753329114460304055,0,959,96,2744,7049,647,613,6387,1237
1753329114462245998,0,959,144,2745,7049,608,613,6387,1281
1753329114464293980,0,959,195,2746,7049,602,613,6387,1030
1753329114466290474,0,959,150,2747,7049,608,613,6387,1264
1753329114468291845,0,959,150,2748,7049,1005,613,6387,1495
1753329114470330129,0,959,151,2749,7049,639,613,6387,1283
1753329114472271706,0,959,78,2750,7049,205,613,6387,1339
1753329114474261923,0,959,147,2751,7050,607,613,6387,1289
1753329114476333075,0,959,254,2752,7049,802,613,6387,1257
1753329114478308941,0,959,156,2753,7050,623,613,6387,1289
1753329114480259523,0,959,52,2754,7049,422,613,6387,1290
1753329114482222365,0,959,150,2755,7049,610,613,6387,1291
1753329114484293014,0,959,151,2756,7049,610,613,6387,1292
1753329114486241104,0,959,226,2756,7049,573,613,6387,1239
1753329114488326618,0,959,159,2757,7049,609,613,6387,1289
1753329114490241591,0,959,160,2758,7049,736,613,6387,1290
1753329114492317919,0,959,161,2758,7049,619,613,6387,1290
1753329114494248305,0,959,207,2758,7049,585,613,6387,1290
1753329114496274719,0,959,167,2760,7049,618,613,6387,1292
1753329114498238029,0,959,155,2761,7049,143,613,6387,1447
1753329114500420053,0,959,168,2762,7049,583,613,6387,1305
1753329114502281107,0,959,137,2763,7049,1013,613,6387,1152
1753329114504289332,0,959,167,2763,7049,616,613,6387,1295
1753329114506287388,0,959,168,2764,7049,571,613,6387,1296
1753329114508339263,0,959,170,2765,7049,613,613,6387,1297
1753329114510278722,0,959,325,2766,7049,614,613,6387,1283
1753329114512254508,0,959,183,2766,7049,614,613,6387,1297
1753329114514230175,0,959,30,2767,7049,503,613,6387,1298
1753329114516241209,0,959,174,2768,7049,606,613,6387,1299
1753329114518188346,0,959,207,2768,7050,765,613,6387,1345
1753329114520276500,0,959,178,2769,7050,618,613,6387,1303
1753329114522242063,0,959,97,2770,7049,618,613,6387,1204
1753329114524314127,0,959,174,2771,7049,618,613,6387,1298
1753329114526270336,0,959,226,2771,7049,654,613,6387,1335
1753329114528275269,0,959,180,2772,7050,620,613,6387,1302
1753329114530258578,0,959,131,2773,7050,630,613,6387,1319
1753329114532278929,0,960,178,2773,7049,621,613,6387,1304
1753329114534238307,0,959,230,2774,7049,599,613,6387,1288
1753329114536264166,0,959,184,2775,7049,619,613,6387,1305
1753329114538237896,0,959,217,2776,7049,764,613,6387,1306
1753329114540247320,0,959,189,2776,7049,630,613,6387,1306
1753329114542222731,0,959,108,2777,7049,531,613,6387,1307
1753329114544244550,0,959,185,2778,7050,624,613,6387,1308
1753329114546272010,0,959,186,2779,7049,635,613,6387,1271
1753329114548248210,0,959,188,2779,7049,625,613,6387,1306
1753329114550216173,0,959,189,2780,7049,569,613,6387,1307
1753329114552247328,0,959,190,2781,7050,623,613,6387,1308
1753329114554229512,0,959,241,2781,7050,724,613,6387,1531
1753329114556233490,0,959,196,2782,7049,631,613,6387,1325
1753329114558218478,0,959,123,2783,7049,604,613,6387,1103
1753329114560246595,0,959,192,2783,7049,631,613,6387,1310
1753329114562244182,0,959,503,2784,7049,674,613,6387,1296
1753329114564252238,0,959,217,2785,7049,637,613,6387,1311
1753329114566318323,0,959,-17,2785,7049,963,613,6387,1288
1753329114568274017,0,959,202,2786,7050,663,613,6387,1310
1753329114570324692,0,959,204,2786,7049,663,613,6387,1310
1753329114572274473,0,959,153,2787,7049,235,613,6387,1311
1753329114574270643,0,959,202,2787,7049,633,613,6387,1311
1753329114576264967,0,959,180,2787,7050,634,613,6387,1311
1753329114578305332,0,959,203,2788,7049,634,613,6387,1312
1753329114580253194,0,959,204,2788,7049,632,613,6387,1312
1753329114582423495,0,959,205,2789,7049,636,613,6387,1313
1753329114584280136,0,959,206,2789,7050,647,613,6387,1313
1753329114586256548,0,959,206,2789,7049,639,613,6387,1313
1753329114588273747,0,959,191,2790,7049,677,613,6387,1336
1753329114590364434,0,959,207,2790,7049,643,613,6387,1315
1753329114592252035,0,959,208,2792,7049,606,613,6387,1317
1753329114594318598,0,959,210,2792,7049,642,613,6387,1317
1753329114596221258,0,959,210,2792,7049,680,613,6387,1317
1753329114598315738,0,959,211,2793,7049,647,613,6387,1318
1753329114600276999,0,959,206,2793,7049,648,613,6387,1318
1753329114602270473,0,959,212,2793,7049,648,613,6387,1318
1753329114604284689,0,959,133,2794,7049,753,613,6387,1319
1753329114606317004,0,959,208,2794,7049,657,613,6387,1319
1753329114608265750,0,959,261,2794,7049,543,613,6387,1333
1753329114610306224,0,959,214,2794,7049,650,613,6387,1320
1753329114612258755,0,959,245,2795,7049,660,613,6387,1321
1753329114614243879,0,959,218,2795,7049,652,613,6387,1321
1753329114616248964,0,959,190,2795,7050,687,613,6387,1321
1753329114618248478,0,959,218,2795,7049,657,613,6387,1321
1753329114620270956,0,959,218,2796,7049,658,613,6387,1322
1753329114622288769,0,959,219,2796,7049,658,613,6387,1322
1753329114624311653,0,959,220,2797,7049,691,613,6387,1360
1753329114626288694,0,959,220,2797,7049,662,613,6387,1326
1753329114628309684,0,959,221,2797,7049,653,613,6387,1326
1753329114630296192,0,959,221,2798,7049,663,613,6387,1327
1753329114632308440,0,959,171,2798,7049,656,613,6387,1327
1753329114634313347,0,959,218,2799,7049,665,613,6387,1328
1753329114636293175,0,959,219,2799,7049,598,613,6387,1328
1753329114638353213,0,959,220,2800,7049,662,613,6387,1329
1753329114640326415,0,959,220,2800,7049,730,613,6387,1345
1753329114642272546,0,959,221,2801,7050,670,613,6387,1331
1753329114644254089,0,959,430,2801,7049,640,613,6387,1331
1753329114646246535,0,959,238,2802,7049,670,613,6387,1332
1753329114648252655,0,959,82,2802,7049,393,613,6387,1332
1753329114650269398,0,959,228,2803,7049,651,613,6387,1333
1753329114652286033,0,960,140,2803,7050,960,613,6387,1333
1753329114654250345,0,959,221,2804,7049,676,613,6387,1334
1753329114656301737,0,959,222,2804,7049,677,613,6387,1334
1753329114658279756,0,959,259,2805,7050,678,613,6387,1350
1753329114660216855,0,959,226,2806,7049,679,613,6387,1337
1753329114662210528,0,959,351,2806,7049,619,613,6387,1337
1753329114664259779,0,959,235,2807,7050,676,613,6387,1338
1753329114666241310,0,959,69,2807,7049,698,613,6387,1338
1753329114668263031,0,959,224,2808,7049,679,613,6387,1339
1753329114670170885,0,959,319,2809,7050,-2,613,6387,1494
1753329114672314050,0,959,233,2809,7049,629,613,6387,1351
1753329114674271028,0,959,139,2810,7049,1342,613,6387,1251
1753329114676351948,0,959,227,2811,7049,684,613,6387,1346
1753329114678283592,0,959,227,2811,7050,579,613,6387,1424
1753329114680318582,0,959,228,2812,7049,678,613,6387,1353
1753329114682253633,0,959,228,2812,7049,701,613,6387,1222
1753329114684285223,0,959,229,2813,7049,681,613,6387,1344
1753329114686250173,0,959,236,2814,7049,673,613,6387,1330
1753329114688349926,0,959,230,2814,7049,682,613,6387,1344
1753329114690242774,0,959,225,2815,7049,768,613,6387,1361
1753329114692214730,0,959,232,2816,7049,691,613,6387,1347
1753329114694236989,0,959,232,2817,7049,722,613,6387,1333
1753329114696215277,0,959,232,2818,7049,696,613,6387,1348
1753329114698209445,0,959,233,2818,7049,568,613,6387,1364
1753329114700222975,0,959,232,2819,7049,687,613,6387,1350
1753329114702257197,0,959,164,2820,7049,688,613,6387,1351
1753329114704254029,0,959,227,2821,7050,689,613,6387,1352
1753329114706380928,0,959,338,2822,7049,712,613,6387,1353
1753329114708293480,0,959,236,2823,7049,693,613,6387,1354
1753329114710298258,0,959,125,2824,7049,697,613,6387,1323
1753329114712379841,0,959,227,2824,7049,694,613,6387,1353
1753329114714306274,0,959,227,2825,7050,588,613,6387,1386
1753329114716337602,0,959,227,2825,7049,687,613,6387,1356
1753329114718455378,0,959,295,2826,7049,792,613,6387,1357
1753329114720233831,0,959,233,2826,7049,697,613,6387,1357
1753329114722225734,0,959,705,2827,7049,698,613,6387,1358
1753329114724215646,0,959,268,2827,7049,698,613,6387,1358
1753329114726209959,0,959,-195,2828,7049,699,613,6387,1359
1753329114728204283,0,959,234,2829,7049,700,613,6387,1360
1753329114730208605,0,959,235,2829,7049,660,613,6387,1360
1753329114732215249,0,959,235,2830,7049,698,613,6387,1361
1753329114734192828,0,959,271,2830,7050,801,613,6387,1392
1753329114736237740,0,959,237,2831,7049,707,613,6387,1365
1753329114738302306,0,959,200,2831,7049,715,613,6387,369
1753329114740305795,0,959,236,2832,7049,709,613,6387,1291
1753329114742264178,0,959,235,2833,7050,710,613,6387,1292
1753329114744304060,0,959,272,2833,7049,623,613,6387,2241
1753329114746361794,0,959,238,2834,7049,705,613,6387,1363
1753329114748241171,0,959,238,2835,7049,658,613,6387,1310
1753329114750216378,0,959,238,2835,7049,703,613,6387,1360
1753329114752200466,0,959,363,2836,7049,703,613,6387,1431
1753329114754244142,0,960,247,2837,7049,704,613,6387,1367
1753329114756233200,0,959,175,2838,7049,650,613,6387,1421
1753329114758278502,0,959,243,2838,7049,701,613,6387,1372
1753329114760250291,0,959,278,2839,7049,774,613,6387,1351
1753329114762309852,0,959,246,2839,7049,708,613,6387,1372
1753329114764254451,0,959,246,2840,7049,567,613,6387,1394
1753329114766306981,0,959,247,2841,7049,699,613,6387,1375
1753329114768265247,0,959,241,2841,7049,744,613,6387,1375
1753329114770186636,0,959,246,2842,7049,703,613,6387,1376
1753329114772258646,0,959,247,2842,7050,641,613,6387,1376
1753329114774287389,0,959,247,2843,7050,699,613,6387,1377
1753329114776242801,0,959,254,2843,7049,1022,613,6387,1467
1753329114778236746,0,959,249,2844,7050,724,613,6387,1385
1753329114780239019,0,959,250,2844,7049,421,613,6387,1329
1753329114782210592,0,959,250,2845,7049,702,613,6387,1382
1753329114784192404,0,959,245,2846,7049,684,613,6387,1451
1753329114786226143,0,959,251,2846,7049,701,613,6387,1388
1753329114788223725,0,959,257,2847,7049,1160,613,6387,1334
1753329114790231121,0,959,253,2847,7049,735,613,6387,1385
1753329114792240277,0,959,525,2848,7049,348,613,6387,1386
1753329114794206806,0,959,274,2849,7049,706,613,6387,1387
1753329114796205442,0,959,3,2850,7049,706,613,6387,1420
1753329114798207136,0,959,255,2850,7049,706,613,6387,1391
1753329114800206529,0,959,377,2852,7049,781,613,6387,1348
1753329114802243319,0,959,265,2853,7049,712,613,6387,1390
1753329114804232967,0,959,417,2853,7049,675,613,6387,1390
1753329114806200359,0,959,279,2854,7049,709,613,6387,1391
1753329114808218541,0,959,2,2855,7049,719,613,6387,1405
1753329114810200181,0,959,259,2856,7049,710,613,6387,1394
1753329114812221356,0,959,944,2857,7049,666,613,6387,1383
1753329114814288565,0,959,311,2858,7050,706,613,6387,1396
1753329114816331905,0,959,-513,2859,7049,1052,613,6387,1397
1753329114818338109,0,959,253,2860,7049,733,613,6387,1398
1753329114820350090,0,959,367,2861,7049,437,613,6387,1313
1753329114822227767,0,959,263,2862,7049,711,613,6387,1393
1753329114824272533,0,959,264,2863,7050,801,613,6387,1425
1753329114826244899,0,959,265,2864,7049,719,613,6387,1398
1753329114828301426,0,959,266,2865,7050,719,613,6387,1399
1753329114830274290,0,959,268,2866,7050,673,613,6387,1369
1753329114832296697,0,959,269,2867,7049,716,613,6387,1398
1753329114834273741,0,959,271,2868,7049,805,613,6387,1399
1753329114836330977,0,959,272,2869,7049,723,613,6387,1400
1753329114838224553,0,959,184,2870,7049,680,613,6387,1386
1753329114840261970,0,959,268,2871,7049,720,613,6387,1401
1753329114842253129,0,959,386,2872,7049,720,613,6387,1386
1753329114844271657,0,959,279,2873,7049,720,613,6387,1402
1753329114846208473,0,959,280,2874,7050,780,613,6387,1534
1753329114848251790,0,959,281,2875,7049,725,613,6387,1414
1753329114850221453,0,959,165,2875,7050,806,613,6387,1299
1753329114852271323,0,959,275,2876,7049,731,613,6387,1406
1753329114854246706,0,959,270,2877,7049,681,613,6387,1353
1753329114856247145,0,959,275,2877,7049,729,613,6387,1403
1753329114858226368,0,959,276,2878,7050,729,613,6387,1442
1753329114860233575,0,959,276,2879,7049,730,613,6387,1408
1753329114862183222,0,959,282,2880,7049,1045,613,6387,1409
1753329114864214116,0,959,276,2880,7049,754,613,6387,1409
1753329114866195844,0,959,314,2881,7050,534,613,6387,1410
1753329114868206238,0,959,280,2882,7049,739,613,6387,1411
1753329114870209518,0,959,243,2882,7050,645,613,6387,1411
1753329114872182985,0,959,277,2883,7049,734,613,6387,1412
1753329114874191637,0,959,277,2884,7049,757,613,6387,1413
1753329114876214008,0,959,277,2884,7049,737,613,6387,1413
1753329114878182224,0,959,365,2885,7049,1027,613,6387,1414
1753329114880212681,0,959,284,2886,7049,761,613,6387,1415
1753329114882174551,0,959,233,2886,7049,226,613,6387,1431
1753329114884202333,0,960,281,2888,7049,723,613,6387,1418
1753329114886180213,0,959,281,2889,7049,810,613,6387,1419
1753329114888229729,0,959,282,2889,7049,731,613,6387,1419
1753329114890227096,0,959,333,2890,7049,744,613,6387,1436
1753329114892215314,0,959,287,2890,7049,734,613,6387,1421
1753329114894214921,0,959,287,2891,7050,692,613,6387,1422
1753329114896224173,0,959,288,2892,7049,733,613,6387,1423
1753329114898218663,0,959,288,2892,7049,734,613,6387,1408
1753329114900237140,0,959,289,2893,7049,736,613,6387,1423
1753329114902288123,0,959,127,2894,7049,780,613,6387,1440
1753329114904315584,0,959,278,2894,7049,741,613,6387,1425
1753329114906261424,0,959,470,2895,7049,723,613,6387,1479
1753329114908251946,0,959,293,2896,7049,743,613,6387,1431
1753329114910227554,0,959,299,2896,7050,601,613,6387,1409
1753329114912263071,0,959,294,2897,7049,735,613,6387,1431
1753329114914274694,0,959,295,2898,7049,736,613,6387,1432
1753329114916278460,0,959,311,2899,7049,853,613,6387,1433
1753329114918278254,0,959,297,2899,7049,745,613,6387,1433
1753329114920296780,0,959,283,2900,7050,679,613,6387,1403
1753329114922284949,0,959,297,2901,7049,742,613,6387,1432
1753329114924319375,0,959,293,2902,7049,742,613,6387,1486
1753329114926296340,0,959,299,2903,7049,743,613,6387,1438
1753329114928303139,0,959,300,2903,7049,767,613,6387,1472
1753329114930296593,0,959,300,2904,7049,745,613,6387,1442
1753329114932306400,0,959,301,2905,7049,834,613,6387,1443
1753329114934360886,0,959,301,2906,7049,751,613,6387,1444
1753329114936288977,0,959,323,2907,7050,676,613,6387,1445
1753329114938398428,0,959,305,2908,7049,746,613,6387,1446
1753329114940290927,0,959,305,2908,7049,779,613,6387,1459
1753329114942318270,0,959,306,2909,7049,749,613,6387,1448
1753329114944287799,0,959,205,2910,7049,800,613,6387,1481
1753329114946309064,0,959,300,2910,7049,753,613,6387,1451
1753329114948277181,0,959,581,2911,7049,882,613,6387,1252
1753329114950501076,0,959,322,2912,7049,764,613,6387,1439
1753329114952358208,0,959,122,2913,7049,824,613,6387,1640
1753329114954295540,0,959,309,2914,7050,768,613,6387,1456
1753329114956259704,0,959,310,2915,7049,573,613,6387,1425
1753329114958322014,0,959,310,2916,7049,755,613,6387,1455
1753329114960258252,0,959,311,2917,7049,582,613,6387,1456
1753329114962248554,0,959,312,2918,7050,743,613,6387,1457
1753329114964312699,0,959,283,2919,7050,954,613,6387,1458
1753329114966233163,0,959,312,2921,7049,759,613,6387,1460
1753329114968260983,0,959,342,2922,7049,822,613,6387,1448
1753329114970239679,0,959,315,2923,7049,766,613,6387,1462
1753329114972250633,0,959,287,2925,7049,1202,613,6387,1464
1753329114974240314,0,959,314,2926,7049,801,613,6387,1465
1753329114976249776,0,959,315,2927,7049,317,613,6387,1466
1753329114978241080,0,959,316,2928,7049,766,613,6387,1467
1753329114980249505,0,959,347,2930,7049,756,613,6387,1435
1753329114982252560,0,959,320,2931,7049,768,613,6387,1467
1753329114984236191,0,959,343,2932,7050,757,613,6387,1446
1753329114986237336,0,959,324,2933,7049,769,613,6387,1468
1753329114988302801,0,959,274,2934,7050,770,613,6387,1438
1753329114990217981,0,959,321,2935,7049,771,613,6387,1467
1753329114992238744,0,959,352,2937,7049,828,613,6387,1469
1753329114994227439,0,959,325,2938,7049,778,613,6387,1470
1753329114996332362,0,959,326,2939,7049,779,613,6387,1471
1753329114998235772,0,959,327,2940,7049,780,613,6387,1472
1753329115000272547,0,959,327,2941,7049,781,613,6387,1473
1753329115002246158,0,959,248,2943,7049,604,613,6387,1475
1753329115004255125,0,959,323,2944,7050,770,613,6387,1476
1753329115006256190,0,959,375,2945,7049,964,613,6387,1462
1753329115008278902,0,959,328,2945,7049,785,613,6387,1476
1753329115010295224,0,959,329,2946,7049,741,613,6387,1477
1753329115012377540,0,959,330,2947,7050,783,613,6387,1478
1753329115014258163,0,959,331,2949,7050,735,613,6387,1480
1753329115016270757,0,959,332,2949,7049,781,613,6387,1480
1753329115018249814,0,959,362,2950,7049,792,613,6387,1497
1753329115020281601,0,959,335,2951,7049,783,613,6387,1483
1753329115022235182,0,959,256,2952,7050,731,613,6387,1570
1753329115024291805,0,959,331,2953,7049,781,613,6387,1492
1753329115026237349,0,959,507,2954,7049,375,613,6387,1438
1753329115028262943,0,959,345,2955,7049,753,613,6387,1490
1753329115030236499,0,959,252,2955,7049,1248,613,6387,1459
1753329115032242184,0,959,340,2956,7049,790,613,6387,1488
1753329115034221618,0,959,311,2957,7050,743,613,6387,1520
1753329115036213454,0,959,339,2958,7049,789,613,6387,1493
1753329115038214143,0,959,391,2959,7050,825,613,6387,1516
1753329115040190847,0,959,345,2959,7049,793,613,6387,1495
1753329115042184309,0,959,324,2960,7049,757,613,6387,1530
1753329115044187163,0,959,344,2961,7049,791,613,6387,1500
1753329115046195902,0,959,346,2962,7049,803,613,6387,1468
1753329115048217415,0,959,347,2964,7049,792,613,6387,1501
1753329115050197519,0,959,352,2964,7049,792,613,6387,1534
1753329115052244707,0,959,348,2965,7049,793,613,6387,1504
1753329115054224647,0,959,263,2966,7049,778,613,6387,1505
1753329115056199542,0,959,344,2967,7049,791,613,6387,1506
1753329115058196911,0,959,431,2968,7049,820,613,6387,1507
1753329115060228531,0,959,352,2969,7049,794,613,6387,1508
1753329115062275255,0,959,352,2970,7049,1207,613,6387,1476
1753329115064240544,0,959,353,2971,7049,825,613,6387,1508
1753329115066224734,0,959,348,2973,7050,508,613,6387,1556
1753329115068237090,0,959,354,2974,7049,801,613,6387,1514
1753329115070234204,0,959,360,2975,7049,819,613,6387,1469
1753329115072243067,0,959,356,2976,7049,804,613,6387,1513
1753329115074359816,0,959,357,2977,7049,755,613,6387,1514
1753329115076279594,0,959,357,2978,7049,801,613,6387,1515
1753329115078248930,0,959,358,2979,7049,1119,613,6387,1562
1753329115080260229,0,959,359,2980,7049,826,613,6387,1521
1753329115082261156,0,959,359,2981,7049,827,613,6387,1522
1753329115084290583,0,959,360,2982,7049,539,613,6387,1476
1753329115086254366,0,959,361,2983,7049,808,613,6387,1520
1753329115088269096,0,959,378,2984,7049,730,613,6387,1499
1753329115090284579,0,959,364,2986,7049,804,613,6387,1522
1753329115092302241,0,959,350,2987,7049,864,613,6387,1523
1753329115094301189,0,959,365,2988,7050,811,613,6387,1524
1753329115096272835,0,959,381,2988,7049,912,613,6387,1592
1753329115098252294,0,959,367,2990,7049,821,613,6387,1531
1753329115100305033,0,959,353,2991,7049,493,613,6387,1464
1753329115102324127,0,959,368,2992,7049,799,613,6387,1528
1753329115104290284,0,959,369,2993,7049,968,613,6387,1529
1753329115106310621,0,959,370,2995,7049,814,613,6387,1531
1753329115108245676,0,959,371,2996,7050,783,613,6387,1587
1753329115110356496,0,959,372,2997,7050,814,613,6387,1537
1753329115112271265,0,959,389,2998,7050,744,613,6387,1483
1753329115114234351,0,959,374,2998,7049,811,613,6387,1534
1753329115116269799,0,959,555,3000,7049,825,613,6387,1489
1753329115118272957,0,959,390,3001,7049,816,613,6387,1533
1753329115120240104,0,959,196,3002,7049,816,613,6387,1581
1753329115122241590,0,959,378,3003,7049,818,613,6387,1539
1753329115124290250,0,959,292,3004,7049,807,613,6387,1540
1753329115126307942,0,959,373,3005,7049,820,613,6387,1541
1753329115128234037,0,959,460,3006,7049,833,613,6387,1564
1753329115130277547,0,959,382,3008,7049,822,613,6387,1546
1753329115132230068,0,959,383,3009,7049,961,613,6387,1494
1753329115134275124,0,959,384,3010,7049,834,613,6387,1544
1753329115136267819,0,959,379,3011,7049,657,613,6387,1597
1753329115138218300,0,959,384,3011,7049,821,613,6387,1549
1753329115140294644,0,959,385,3013,7049,821,613,6387,1529
1753329115142274410,0,959,386,3014,7050,822,613,6387,1550
1753329115144260256,0,959,357,3015,7049,875,613,6387,1606
1753329115146271858,0,959,386,3016,7049,826,613,6387,1556
1753329115148215889,0,959,416,3017,7049,836,613,6387,1502
1753329115150272218,0,959,390,3018,7049,828,613,6387,1554
1753329115152244535,0,959,390,3019,7050,870,613,6387,1555
1753329115154286216,0,959,391,3020,7049,832,613,6387,1556
1753329115156221855,0,959,392,3021,7049,828,613,6387,1579
1753329115158249223,0,959,393,3022,7049,833,613,6387,1560
1753329115160370292,0,959,400,3023,7049,858,613,6387,1561
1753329115162307997,0,959,396,3024,7049,835,613,6387,1562
1753329115164369406,0,959,412,3025,7050,779,613,6387,1664
1753329115166383545,0,959,398,3026,7049,832,613,6387,1571
1753329115168349129,0,959,399,3027,7049,833,613,6387,1573
1753329115170318309,0,959,187,3028,7049,762,613,6387,1450
1753329115172303078,0,959,386,3030,7049,830,613,6387,1566
1753329115174369249,0,959,578,3030,7049,1109,613,6387,1588
1753329115176301700,0,959,402,3032,7049,853,613,6387,1570
1753329115178231916,0,959,372,3032,7049,785,613,6387,1548
1753329115180293461,0,959,401,3033,7050,849,613,6387,1570
1753329115182194323,0,959,431,3034,7049,675,613,6387,1571
1753329115184305641,0,959,406,3037,7049,837,613,6387,1574
1753329115186279400,0,959,406,3037,7049,1291,613,6387,1574
1753329115188361934,0,959,407,3037,7049,872,613,6387,1574
1753329115190342929,0,959,379,3039,7049,452,613,6387,1545
1753329115192234326,0,959,407,3040,7049,841,613,6387,1574
1753329115194229688,0,959,356,3041,7050,875,613,6387,1506
1753329115196279932,0,959,405,3043,7049,844,613,6387,1572
1753329115198198770,0,959,295,3045,7049,834,613,6387,1675
1753329115200248102,0,959,399,3046,7049,842,613,6387,1583
1753329115202239354,0,959,592,3047,7049,856,613,6387,1537
1753329115204714305,0,959,415,3048,7049,843,613,6387,1581
1753329115206245797,0,959,415,3048,7049,877,613,6387,1597
1753329115208208648,0,959,416,3051,7049,846,613,6387,1585
1753329115210199198,0,959,417,3052,7049,864,613,6387,1571
1753329115212214495,0,959,418,3052,7049,846,613,6387,1585
1753329115214238403,0,959,419,3053,7049,811,613,6387,1602
1753329115216294288,0,959,419,3054,7049,844,613,6387,1588
1753329115218227792,0,959,339,3055,7049,1011,613,6387,1574
1753329115220249182,0,959,415,3056,7050,857,613,6387,1589
1753329115222216361,0,959,496,3056,7049,815,613,6387,1573
1753329115224290641,0,959,421,3057,7049,854,613,6387,1589
1753329115226237855,0,959,422,3058,7049,805,613,6387,1552
1753329115228307465,0,959,422,3059,7049,852,613,6387,1588
1753329115230313824,0,959,423,3059,7049,852,613,6387,1626
1753329115232318835,0,959,424,3060,7049,853,613,6387,1592
1753329115234317382,0,959,430,3061,7049,880,613,6387,1593
1753329115236325430,0,959,426,3062,7049,858,613,6387,1594
1753329115238258659,0,959,426,3063,7049,850,613,6387,1611
1753329115240282602,0,959,427,3063,7049,860,613,6387,1596
1753329115242224505,0,959,422,3064,7049,732,613,6387,1580
1753329115244237456,0,959,428,3065,7050,853,613,6387,1597
1753329115246255390,0,959,435,3065,7049,663,613,6387,1597
1753329115248236234,0,959,430,3066,7049,842,613,6387,1598
1753329115250254527,0,959,469,3067,7049,1176,613,6387,1599
1753329115252244378,0,959,435,3067,7049,868,613,6387,1599
1753329115254324055,0,959,436,3068,7049,869,613,6387,1600
1753329115256329602,0,959,414,3069,7049,573,613,6387,1526
1753329115258263548,0,959,436,3070,7049,849,613,6387,1596
1753329115260293625,0,959,436,3070,7049,1082,613,6387,1633
1753329115262244063,0,959,437,3071,7049,868,613,6387,1600
1753329115264229402,0,959,422,3072,7049,674,613,6387,1655
1753329115266263029,0,959,438,3072,7049,854,613,6387,1605
1753329115268252003,0,959,439,3073,7049,878,613,6387,1589
1753329115270304761,0,959,440,3074,7049,856,613,6387,1606
1753329115272267640,0,959,441,3074,7049,687,613,6387,1622
1753329115274289349,0,959,442,3075,7049,843,613,6387,1608
1753329115276247669,0,959,532,3076,7050,1111,613,6387,1555
1753329115278258776,0,959,451,3077,7049,863,613,6387,1606
1753329115280253714,0,960,364,3078,7049,816,613,6387,1644
1753329115282242733,0,959,446,3078,7049,859,613,6387,1610
1753329115284227073,0,959,447,3080,7049,939,613,6387,1559
1753329115286215207,0,959,448,3081,7050,866,613,6387,1609
1753329115288238227,0,959,465,3081,7050,765,613,6387,1693
1753329115290288338,0,959,451,3082,7049,859,613,6387,1616
1753329115292230922,0,959,437,3083,7049,1053,613,6387,1601
1753329115294225447,0,959,453,3084,7049,873,613,6387,1617
1753329115296220109,0,959,448,3084,7050,838,613,6387,1632
1753329115298223874,0,959,454,3085,7050,872,613,6387,1619
1753329115300260212,0,959,263,3086,7049,890,613,6387,1620
1753329115302225686,0,959,441,3086,7049,874,613,6387,1620
1753329115304234884,0,959,634,3087,7049,787,613,6387,1621
1753329115306265020,0,959,459,3088,7049,869,613,6387,1622
1753329115308237604,0,959,480,3088,7049,915,613,6387,1606
1753329115310225203,0,959,462,3089,7049,872,613,6387,1622
1753329115312226931,0,959,412,3090,7049,981,613,6387,1638
1753329115314266484,0,959,460,3091,7049,881,613,6387,1625
1753329115316208491,0,959,410,3091,7049,849,613,6387,1541
1753329115318321711,0,959,458,3092,7049,880,613,6387,1620
1753329115320335123,0,959,348,3093,7049,846,613,6387,1635
1753329115322279502,0,959,450,3094,7049,878,613,6387,1623
1753329115324281916,0,959,613,3095,7049,897,613,6387,1678
1753329115326238401,0,959,464,3096,7049,881,613,6387,1629
1753329115328235546,0,959,414,3097,7049,897,613,6387,1630
1753329115330217287,0,959,463,3098,7049,883,613,6387,1631
1753329115332225128,0,959,427,3098,7049,850,613,6387,1614
1753329115334244177,0,959,462,3099,7050,882,613,6387,1630
1753329115336241186,0,959,551,3100,7049,1169,613,6387,1631
1753329115338307606,0,959,469,3101,7049,906,613,6387,1632
1753329115340271522,0,959,470,3102,7049,907,613,6387,1633
1753329115342268288,0,959,420,3103,7049,368,613,6387,1634
1753329115344287366,0,959,467,3104,7049,870,613,6387,1635
1753329115346253447,0,959,467,3105,7049,1053,613,6387,1599
1753329115348269109,0,959,467,3105,7049,885,613,6387,1633
1753329115350255724,0,959,549,3106,7049,920,613,6387,1672
1753329115352256495,0,959,474,3107,7049,891,613,6387,1638
1753329115354273708,0,959,394,3108,7049,975,613,6387,1564
1753329115356303065,0,959,468,3109,7049,899,613,6387,1635
1753329115358286414,0,959,468,3110,7049,876,613,6387,1673
1753329115360311226,0,959,469,3111,7049,899,613,6387,1639
1753329115362255006,0,959,469,3112,7049,843,613,6387,1796
1753329115364261324,0,959,469,3112,7050,897,613,6387,1652
1753329115366260909,0,959,521,3113,7049,847,613,6387,1535
1753329115368278918,0,959,474,3114,7049,895,613,6387,1645
1753329115370294965,0,959,475,3115,7049,930,613,6387,1663
1753329115372297533,0,959,475,3115,7049,900,613,6387,1647
1753329115374256603,0,959,506,3116,7049,912,613,6387,1557
1753329115376362376,0,959,478,3117,7050,903,613,6387,1643
1753329115378326967,0,959,362,3117,7049,670,613,6387,1802
1753329115380291210,0,959,471,3118,7049,887,613,6387,1655
1753329115382288698,0,959,589,3119,7049,994,613,6387,1588
1753329115384291480,0,959,480,3119,7049,898,613,6387,1651
1753329115386289712,0,959,481,3120,7049,841,613,6387,1699
1753329115388355473,0,959,482,3121,7049,895,613,6387,1657
1753329115390356190,0,959,609,3122,7049,1681,613,6387,1680
1753329115392391705,0,959,493,3122,7049,956,613,6387,1659
1753329115394332061,0,959,373,3123,7049,190,613,6387,1694
1753329115396313011,0,959,486,3124,7049,902,613,6387,1664
1753329115398299592,0,959,480,3124,7049,1027,613,6387,1631
1753329115400326120,0,959,486,3126,7049,913,613,6387,1664
1753329115402232085,0,959,486,3127,7049,774,613,6387,1698
1753329115404243728,0,959,487,3128,7049,905,613,6387,1668
1753329115406324952,0,959,408,3128,7049,961,613,6387,1681
1753329115408297064,0,959,483,3130,7050,910,613,6387,1671
1753329115410370298,0,959,565,3131,7049,879,613,6387,1672
1753329115412333201,0,959,491,3132,7049,908,613,6387,1673
1753329115414320341,0,959,492,3133,7049,838,613,6387,1674
1753329115416330519,0,959,493,3134,7049,905,613,6387,1675
1753329115418270923,0,959,465,3136,7049,991,613,6387,1709
1753329115420212205,0,959,492,3137,7050,912,613,6387,1681
1753329115422269625,0,959,650,3138,7049,913,613,6387,1429
1753329115424358280,0,959,506,3139,7049,913,613,6387,1664
1753329115426245228,0,959,506,3141,7049,913,613,6387,1666
1753329115428221371,0,959,351,3142,7049,892,613,6387,1919
1753329115430167397,0,959,495,3143,7050,913,613,6387,1687
1753329115432173081,0,959,444,3144,7049,1078,613,6387,1473
1753329115434158851,0,959,493,3145,7049,927,613,6387,1673
1753329115436154192,0,959,456,3147,7050,693,613,6387,1890
1753329115438171150,0,959,491,3148,7049,910,613,6387,1692
1753329115440172705,0,959,579,3149,7049,1011,613,6387,1661
1753329115442191133,0,959,497,3151,7050,919,613,6387,1693
1753329115444195470,0,959,498,3152,7049,987,613,6387,1681
1753329115446214822,0,959,498,3153,7049,925,613,6387,1694
1753329115448239944,0,959,529,3154,7050,838,613,6387,1695
1753329115450237838,0,959,502,3155,7050,918,613,6387,1696
1753329115452245944,0,959,503,3156,7049,994,613,6387,1697
1753329115454233039,0,959,503,3157,7049,926,613,6387,1698
1753329115456288053,0,959,474,3158,7049,926,613,6387,1666
1753329115458239977,0,959,501,3159,7050,927,613,6387,1697
1753329115460226723,0,959,502,3160,7049,985,613,6387,1677
1753329115462257223,0,959,503,3161,7050,932,613,6387,1698
1753329115464211755,0,959,534,3162,7049,915,613,6387,1754
1753329115466213130,0,959,508,3163,7049,932,613,6387,1704
1753329115468213249,0,959,478,3164,7050,893,613,6387,1672
1753329115470233054,0,959,506,3165,7050,931,613,6387,1704
1753329115472224422,0,959,537,3166,7050,829,613,6387,1738
1753329115474214173,0,959,511,3167,7049,924,613,6387,1708
1753329115476248016,0,959,517,3169,7049,1069,613,6387,1677
1753329115478282103,0,959,512,3170,7049,937,613,6387,1709
1753329115480234446,0,959,507,3171,7049,866,613,6387,1743
1753329115482293670,0,959,514,3172,7049,933,613,6387,1713
1753329115484267624,0,959,520,3173,7050,916,613,6387,1659
1753329115486237265,0,959,516,3174,7049,933,613,6387,1711
1753329115488237455,0,959,512,3175,7049,934,613,6387,1712
1753329115490221233,0,959,517,3176,7050,935,613,6387,1713
1753329115492234370,0,959,523,3178,7049,965,613,6387,1684
1753329115494212281,0,959,519,3179,7049,937,613,6387,1714
1753329115496252980,0,959,515,3180,7049,826,613,6387,1768
1753329115498195949,0,959,521,3181,7049,930,613,6387,1720
1753329115500243648,0,959,522,3182,7049,930,613,6387,1442
1753329115502210145,0,959,523,3184,7049,929,613,6387,1702
1753329115504192383,0,959,524,3185,7049,1257,613,6387,1960
1753329115506209760,0,959,525,3186,7049,954,613,6387,1723
1753329115508232263,0,959,547,3187,7050,845,613,6387,1693
1753329115510291033,0,959,528,3189,7050,946,613,6387,1724
1753329115512238277,0,959,529,3189,7049,946,613,6387,1724
1753329115514206752,0,959,530,3191,7050,770,613,6387,1726
1753329115516251630,0,959,531,3191,7049,933,613,6387,1726
1753329115518205294,0,959,320,3192,7049,924,613,6387,1758
1753329115520269868,0,959,518,3193,7049,933,613,6387,1730
1753329115522208297,0,959,710,3193,7049,1237,613,6387,1699
1753329115524309401,0,959,534,3193,7049,956,613,6387,1728
1753329115526271017,0,959,536,3194,7049,730,613,6387,1729
1753329115528258967,0,959,536,3194,7049,940,613,6387,1729
1753329115530265579,0,959,538,3194,7049,940,613,6387,1760
1753329115532296352,0,959,539,3195,7049,941,613,6387,1732
1753329115534245275,0,959,540,3195,7049,1053,613,6387,1754
1753329115536274735,0,959,541,3195,7049,950,613,6387,1734
1753329115538215056,0,959,542,3195,7049,944,613,6387,1835
1753329115540300075,0,959,543,3196,7049,950,613,6387,1742
1753329115542244837,0,959,544,3197,7049,889,613,6387,1675
1753329115544327740,0,959,545,3197,7049,947,613,6387,1738
1753329115546245350,0,960,546,3198,7049,1028,613,6387,1752
1753329115548283115,0,959,547,3199,7049,954,613,6387,1741
1753329115550202188,0,959,548,3199,7049,873,613,6387,1742
1753329115552207744,0,959,549,3200,7049,949,613,6387,1743
1753329115554200072,0,959,520,3201,7049,964,613,6387,1744
1753329115556248937,0,959,549,3202,7050,951,613,6387,1745
1753329115558240815,0,959,581,3203,7049,965,613,6387,1801
1753329115560249779,0,959,554,3204,7049,954,613,6387,1751
1753329115562244361,0,959,525,3206,7049,942,613,6387,1399
1753329115564226324,0,959,554,3207,7049,954,613,6387,1728
1753329115566158914,0,959,555,3208,7049,1009,613,6387,2014
1753329115568149034,0,959,556,3210,7050,960,613,6387,1752
1753329115570159808,0,959,753,3211,7049,928,613,6387,1753
1753329115572202915,0,959,572,3212,7050,960,613,6387,1754
1753329115574164895,0,959,378,3214,7049,963,613,6387,1756
1753329115576183891,0,959,561,3215,7049,962,613,6387,1757
1753329115578218796,0,959,474,3216,7050,1000,613,6387,1826
1753329115580198722,0,959,556,3218,7049,967,613,6387,1765
1753329115582214346,0,959,645,3219,7049,1086,613,6387,1665
1753329115584202710,0,959,565,3220,7050,978,613,6387,1760
1753329115586162928,0,959,478,3221,7049,769,613,6387,1761
1753329115588150813,0,959,560,3223,7049,964,613,6387,1763
1753329115590150289,0,959,598,3224,7049,930,613,6387,1810
1753329115592176988,0,959,565,3225,7049,963,613,6387,1768
1753329115594172659,0,959,566,3227,7049,963,613,6387,1770
1753329115596170958,0,959,567,3228,7049,1018,613,6387,1703
1753329115598201592,0,959,568,3229,7049,969,613,6387,1767
1753329115600194445,0,959,532,3230,7049,999,613,6387,1737
1753329115602281234,0,959,567,3232,7050,974,613,6387,1768
1753329115604223930,0,959,812,3233,7050,769,613,6387,1769
1753329115606268962,0,959,587,3235,7049,960,613,6387,1771
1753329115608322324,0,959,338,3236,7050,1167,613,6387,1756
1753329115610225100,0,959,571,3237,7049,977,613,6387,1772
1753329115612267534,0,959,571,3239,7049,978,613,6387,1774
1753329115614218660,0,959,573,3240,7049,979,613,6387,1775
1753329115616261463,0,959,573,3242,7049,960,613,6387,1760
1753329115618470500,0,959,574,3243,7049,981,613,6387,1776
1753329115620287227,0,959,617,3244,7049,987,613,6387,1777
1753329115622253898,0,959,579,3245,7049,983,613,6387,1778
1753329115624228530,0,959,536,3246,7050,984,613,6387,1585
1753329115626216363,0,959,577,3248,7049,985,613,6387,1767
1753329115628230450,0,959,577,3249,7049,981,613,6387,1925
1753329115630226169,0,959,577,3249,7049,987,613,6387,1779
1753329115632312792,0,959,584,3251,7050,951,613,6387,1767
1753329115634303158,0,959,580,3252,7049,986,613,6387,1781
1753329115636321426,0,959,575,3253,7049,1005,613,6387,1797
1753329115638282488,0,959,580,3254,7050,989,613,6387,1784
1753329115640391914,0,959,586,3255,7050,908,613,6387,1785
1753329115642282445,0,959,582,3256,7049,984,613,6387,1786
1753329115644273207,0,959,582,3257,7049,1087,613,6387,2011
1753329115646312448,0,959,583,3258,7049,994,613,6387,1805
1753329115648284300,0,959,620,3258,7049,872,613,6387,1619
1753329115650295092,0,959,587,3259,7049,986,613,6387,1792
1753329115652278956,0,959,638,3260,7049,1029,613,6387,1718
1753329115654291773,0,959,592,3261,7049,991,613,6387,1789
1753329115656258783,0,959,505,3262,7049,1029,613,6387,1865
1753329115658260697,0,959,587,3263,7050,994,613,6387,1796
1753329115660279474,0,959,624,3264,7049,1083,613,6387,1814
1753329115662283586,0,959,591,3265,7050,1003,613,6387,1799
1753329115664272524,0,959,592,3265,7049,835,613,6387,1799
1753329115666271682,0,959,592,3266,7049,991,613,6387,1800
1753329115668260723,0,959,593,3267,7049,984,613,6387,1785
1753329115670269879,0,959,594,3268,7049,992,613,6387,1801
1753329115672294895,0,959,484,3269,7049,971,613,6387,1802
1753329115674251095,0,959,587,3270,7049,991,613,6387,1803
1753329115676274121,0,959,750,3270,7049,930,613,6387,1820
1753329115678258174,0,959,601,3271,7049,988,613,6387,1805
1753329115680280620,0,959,602,3272,7050,989,613,6387,1806
1753329115682255661,0,959,603,3273,7049,1059,613,6387,1823
1753329115684274273,0,959,603,3274,7049,995,613,6387,1809
1753329115686287179,0,959,604,3275,7049,996,613,6387,1741
1753329115688424190,0,959,605,3276,7050,997,613,6387,1806
1753329115690266287,0,959,635,3277,7049,982,613,6387,1877
1753329115692260215,0,959,608,3278,7049,997,613,6387,1813
1753329115694216258,0,959,579,3279,7050,1063,613,6387,1814
1753329115696226768,0,959,607,3280,7049,1002,613,6387,1815
1753329115698229642,0,959,643,3281,7049,849,613,6387,1801
1753329115700225710,0,959,610,3281,7049,991,613,6387,1815
1753329115702237898,0,959,606,3283,7049,1095,613,6387,1885
1753329115704273708,0,959,612,3283,7049,998,613,6387,1822
1753329115706235459,0,959,618,3284,7049,1023,613,6387,1771
1753329115708261692,0,959,614,3285,7049,1000,613,6387,1820
1753329115710228804,0,959,615,3286,7049,1000,613,6387,1852
1753329115712314863,0,959,615,3287,7049,1000,613,6387,1825
1753329115714307954,0,959,632,3288,7049,1038,613,6387,1688
1753329115716238709,0,959,619,3289,7049,1003,613,6387,1816
1753329115718239312,0,959,598,3290,7049,980,613,6387,1925
1753329115720234829,0,959,619,3291,7049,1001,613,6387,1826
1753329115722236476,0,959,626,3292,7049,1049,613,6387,1827
1753329115724242321,0,959,622,3294,7049,1005,613,6387,1829
1753329115726236278,0,959,623,3295,7049,1004,613,6387,1861
1753329115728243630,0,959,624,3296,7049,1005,613,6387,1834
1753329115730282324,0,959,625,3297,7049,977,613,6387,1835
1753329115732307339,0,959,626,3298,7049,1004,613,6387,1836
1753329115734270076,0,959,591,3299,7049,1057,613,6387,1806
1753329115736290395,0,959,625,3300,7049,1008,613,6387,1835
1753329115738285702,0,959,655,3301,7049,941,613,6387,1836
1753329115740268760,0,959,629,3302,7049,1004,613,6387,1837
1753329115742290004,0,959,601,3303,7049,1111,613,6387,1838
1753329115744271719,0,959,629,3304,7049,1014,613,6387,1839
1753329115746330307,0,959,468,3305,7049,922,613,6387,1646
1753329115748264771,0,959,619,3306,7050,1007,613,6387,1827
1753329115750247161,0,959,813,3307,7049,1099,613,6387,2007
1753329115752236242,0,959,635,3308,7049,1015,613,6387,1842
1753329115754240762,0,959,555,3309,7049,992,613,6387,1911
1753329115756278301,0,959,631,3311,7049,1014,613,6387,1850
1753329115758257693,0,959,633,3312,7049,1014,613,6387,1799
1753329115760243205,0,959,633,3313,7049,1014,613,6387,1848
1753329115762246966,0,959,685,3314,7049,1053,613,6387,1817
1753329115764255797,0,959,639,3315,7049,1018,613,6387,1848
1753329115766334086,0,959,640,3316,7049,1018,613,6387,1849
1753329115768258644,0,959,553,3317,7049,988,613,6387,1850
1753329115770325520,0,959,635,3318,7049,1017,613,6387,1851
1753329115772248670,0,959,673,3320,7049,1146,613,6387,1815
1753329115774293058,0,959,640,3320,7049,1026,613,6387,1850
1753329115776296519,0,959,641,3321,7049,975,613,6387,1889
1753329115778255285,0,959,642,3322,7049,1024,613,6387,1855
1753329115780292242,0,959,606,3323,7049,991,613,6387,1818
1753329115782286909,0,959,641,3324,7049,1022,613,6387,1854
1753329115784263228,0,959,679,3325,7049,1120,613,6387,1855
1753329115786298250,0,959,645,3326,7049,1031,613,6387,1856
1753329115788258853,0,959,646,3327,7049,989,613,6387,1857
1753329115790243691,0,959,647,3328,7049,1029,613,6387,1858
1753329115792302683,0,959,647,3329,7049,999,613,6387,1859
1753329115794307478,0,959,648,3330,7049,1027,613,6387,1860
1753329115796282663,0,959,611,3331,7049,996,613,6387,1861
1753329115798266304,0,959,646,3331,7049,1026,613,6387,1861
1753329115800288920,0,959,647,3332,7049,1140,613,6387,1862
1753329115802270145,0,959,648,3333,7049,1036,613,6387,1863
1753329115804290028,0,959,649,3334,7049,929,613,6387,1826
1753329115806260923,0,959,650,3336,7049,1030,613,6387,1863
1753329115808300618,0,959,650,3336,7049,1129,613,6387,2069
1753329115810277862,0,959,651,3337,7049,1038,613,6387,1879
1753329115812278305,0,959,689,3338,7049,941,613,6387,1697
1753329115814258777,0,959,655,3339,7049,1033,613,6387,1868
1753329115816291847,0,959,831,3340,7049,1453,613,6387,1726
1753329115818293257,0,959,670,3341,7049,1065,613,6387,1859
1753329115820233197,0,959,546,3341,7049,704,613,6387,2001
1753329115822235749,0,959,662,3342,7049,1040,613,6387,1871
1753329115824257216,0,959,698,3343,7049,895,613,6387,1871
1753329115826259026,0,959,666,3344,7049,1031,613,6387,1872
1753329115828250148,0,959,544,3344,7049,1067,613,6387,1872
1753329115830256489,0,959,658,3345,7049,1036,613,6387,1873
1753329115832258404,0,959,696,3346,7049,1067,613,6387,1889
1753329115834214592,0,959,663,3347,7049,1039,613,6387,1876
1753329115836211591,0,959,662,3348,7049,972,613,6387,1877
1753329115838204584,0,959,663,3348,7049,1037,613,6387,1877
1753329115840233984,0,959,628,3349,7049,1061,613,6387,1878
1753329115842252877,0,959,663,3350,7049,1041,613,6387,1879
1753329115844234286,0,959,700,3351,7049,1057,613,6387,1950
1753329115846236822,0,959,667,3351,7049,1044,613,6387,1886
1753329115848223433,0,959,668,3352,7049,989,613,6387,1802
1753329115850230378,0,959,669,3353,7049,1042,613,6387,1881
1753329115852240727,0,959,671,3354,7049,1042,613,6387,1882
1753329115854204487,0,959,920,3354,7049,1000,613,6387,1882
1753329115856333895,0,959,692,3355,7049,1040,613,6387,1883
1753329115858265045,0,959,403,3356,7049,1080,613,6387,1936
1753329115860320805,0,959,671,3357,7049,1044,613,6387,1889
1753329115862280857,0,959,678,3358,7049,1042,613,6387,1890
1753329115864275009,0,959,674,3359,7049,1045,613,6387,1891
1753329115866300115,0,959,675,3359,7049,1070,613,6387,1908
1753329115868336548,0,959,676,3360,7049,1049,613,6387,1893
1753329115870263276,0,959,677,3361,7049,1003,613,6387,1894
1753329115872261482,0,959,676,3362,7049,1046,613,6387,1895
1753329115874252118,0,959,765,3363,7049,1070,613,6387,1896
1753329115876243572,0,959,684,3364,7049,1049,613,6387,1897
1753329115878223297,0,959,597,3364,7049,1152,613,6387,1897
1753329115880288453,0,959,679,3365,7049,1057,613,6387,1898
1753329115882256105,0,959,605,3366,7049,1053,613,6387,1830
1753329115884278264,0,959,675,3367,7049,1058,613,6387,1895
1753329115886243648,0,959,744,3368,7049,1041,613,6387,1948
1753329115888263820,0,959,681,3369,7049,1058,613,6387,1901
1753329115890249580,0,959,688,3370,7049,1082,613,6387,1902
1753329115892253268,0,959,683,3371,7049,1061,613,6387,1903
1753329115894372764,0,959,683,3372,7049,1061,613,6387,1904
1753329115896237731,0,959,684,3373,7049,1062,613,6387,1905
1753329115898225635,0,959,772,3374,7049,1024,613,6387,1906
1753329115900255386,0,959,692,3375,7049,1061,613,6387,1907
1753329115902221052,0,959,605,3375,7049,1083,613,6387,1907
1753329115904235551,0,959,686,3376,7049,1063,613,6387,1908
1753329115906217813,0,959,723,3377,7049,1186,613,6387,1909
1753329115908200842,0,959,690,3378,7049,1074,613,6387,1910
1753329115910192344,0,959,654,3379,7049,847,613,6387,1943
1753329115912199529,0,959,688,3380,7049,1059,613,6387,1914
1753329115914189617,0,959,726,3381,7049,1105,613,6387,1883
1753329115916199504,0,959,692,3382,7049,1064,613,6387,1914
1753329115918196077,0,959,650,3383,7049,1065,613,6387,1915
1753329115920205101,0,959,690,3384,7049,1066,613,6386,1916
1753329115922201105,0,959,696,3385,7049,1215,613,6387,1980
1753329115924213262,0,959,692,3386,7049,1079,613,6387,1922
1753329115926204649,0,959,730,3387,7049,953,613,6387,1860
1753329115928290741,0,959,695,3388,7049,1070,613,6387,1920
1753329115930198368,0,959,696,3389,7049,1001,613,6387,1937
1753329115932209917,0,959,696,3390,7049,1066,613,6387,1923
1753329115934203430,0,959,661,3391,7049,1115,613,6387,1907
1753329115936261232,0,959,696,3391,7049,1071,613,6387,1923
1753329115938229710,0,959,696,3392,7049,1072,613,6387,1924
1753329115940258461,0,959,733,3394,7049,1133,613,6387,1926
1753329115942210841,0,959,700,3395,7049,1078,613,6387,1927
1753329115944222043,0,959,663,3396,7049,1056,613,6387,1991
1753329115946276201,0,959,698,3397,7049,1078,613,6387,1933
1753329115948216467,0,959,735,3398,7049,1063,613,6387,1903
1753329115950240335,0,959,702,3399,7049,1077,613,6387,1933
1753329115952216016,0,959,591,3400,7049,509,613,6387,1864
1753329115954222807,0,959,695,3401,7049,1035,613,6387,1930
1753329115956277780,0,959,807,3402,7049,1591,613,6387,1969
1753329115958227177,0,959,704,3403,7049,1077,613,6387,1935
1753329115960226369,0,959,705,3404,7049,1078,613,6387,1898
1753329115962246005,0,959,705,3405,7049,1078,613,6387,1934
1753329115964226850,0,959,643,3406,7049,1118,613,6387,1972
1753329115966223767,0,959,702,3407,7049,1082,613,6387,1939
1753329115968225745,0,959,765,3408,7049,1006,613,6387,1956
1753329115970287352,0,959,708,3409,7049,1077,613,6387,1942
1753329115972237604,0,959,709,3410,7049,1162,613,6387,1889
1753329115974217416,0,959,709,3411,7049,1085,613,6387,1940
1753329115976242857,0,959,1080,3412,7049,1056,613,6387,1978
1753329115978218224,0,959,737,3413,7049,1084,613,6387,1945
1753329115980225945,0,959,419,3414,7049,1084,613,6387,1946
1753329115982248188,0,959,716,3415,7049,1085,613,6387,1947
1753329115984240605,0,959,628,3416,7049,1010,613,6387,1895
1753329115986243105,0,959,710,3417,7049,1081,613,6387,1945
1753329115988269168,0,959,799,3418,7049,1127,613,6387,1998
1753329115990265868,0,959,718,3419,7049,1086,613,6387,1950
1753329115992261489,0,959,754,3420,7049,1047,613,6387,1914
1753329115994229450,0,959,722,3421,7049,1084,613,6387,1950
1753329115996226422,0,959,637,3421,7049,1154,613,6387,1987
1753329115998217649,0,959,717,3423,7049,1090,613,6387,1954
1753329116000238013,0,959,799,3423,7049,1032,613,6387,1971
1753329116002245370,0,959,725,3424,7049,1088,613,6387,1957
1753329116004267182,0,959,747,3426,7049,1095,613,6387,1959
1753329116006310040,0,959,729,3426,7049,1089,613,6387,1959
1753329116008259521,0,959,679,3427,7049,1083,613,6387,2129
1753329116010235857,0,959,727,3428,7049,1090,613,6387,1973
1753329116012246535,0,959,613,3429,7049,1037,613,6387,1906
1753329116014244289,0,959,719,3430,7049,1085,613,6387,1970
1753329116016254083,0,959,834,3430,7049,1110,613,6387,1869
1753329116018211030,0,959,730,3431,7049,1088,613,6387,1964
1753329116020243260,0,959,731,3432,7049,1189,613,6387,1980
1753329116022243684,0,959,733,3433,7049,1097,613,6387,1967
1753329116024328190,0,959,733,3434,7049,1097,613,6387,1968
1753329116026308161,0,959,734,3435,7049,1091,613,6387,1953
1753329116028239812,0,959,735,3436,7049,1096,613,6387,1969
1753329116030225295,0,959,685,3437,7049,1048,613,6387,2016
1753329116032250220,0,959,733,3438,7049,1093,613,6387,1974
1753329116034247031,0,959,734,3440,7049,1146,613,6387,1824
1753329116036288729,0,959,735,3441,7049,1097,613,6387,1966
1753329116038255862,0,959,816,3442,7049,1040,613,6387,1862
1753329116040294178,0,959,742,3443,7049,1094,613,6387,1960
1753329116042220353,0,959,713,3444,7049,1159,613,6387,2187
1753329116044399271,0,959,742,3445,7049,1099,613,6387,1979
1753329116046354470,0,959,692,3446,7049,1142,613,6387,1964
1753329116048287145,0,959,740,3448,7049,1103,613,6387,1981
1753329116050265192,0,959,792,3448,7049,1050,613,6387,1981
1753329116052246657,0,959,746,3449,7049,1100,613,6387,1982
1753329116054272644,0,959,584,3450,7049,1218,613,6387,1966
1753329116056288220,0,959,735,3451,7049,1109,613,6387,1982
1753329116058288864,0,959,897,3452,7049,1144,613,6387,1983
1753329116060363414,0,959,748,3452,7049,1112,613,6387,1983
1753329116062268815,0,959,697,3453,7049,996,613,6387,1984
1753329116064286503,0,959,746,3454,7049,1105,613,6387,1985
1753329116066293734,0,959,797,3454,7049,1010,613,6387,1985
1753329116068277344,0,959,749,3455,7049,1100,613,6387,1986
1753329116070292640,0,959,780,3455,7049,1282,613,6387,2003
1753329116072340169,0,959,753,3456,7049,1114,613,6387,1988
1753329116074262227,0,959,673,3456,7049,1055,613,6387,1988
1753329116076280571,0,959,748,3457,7049,1111,613,6387,1989
1753329116078275946,0,959,828,3457,7049,1049,613,6387,1989
1753329116080285764,0,959,755,3458,7049,1107,613,6387,1990
1753329116082270127,0,959,756,3459,7049,1121,613,6387,2007
1753329116084284266,0,959,756,3459,7049,1110,613,6387,1993
1753329116086272332,0,959,676,3460,7049,1152,613,6387,1994
1753329116088288356,0,959,751,3461,7049,1116,613,6387,1995
1753329116090279521,0,960,832,3462,7049,1040,613,6387,2027
1753329116092273761,0,959,759,3462,7049,1111,613,6387,1998
1753329116094237355,0,959,760,3462,7049,1081,613,6387,1998
1753329116096235727,0,959,760,3464,7049,1111,613,6387,2000
1753329116098251057,0,959,762,3465,7049,1095,613,6387,1970
1753329116100259241,0,960,762,3466,7049,1112,613,6387,2000
1753329116102259304,0,959,733,3467,7049,1065,613,6387,1985
1753329116104276944,0,959,762,3468,7049,1110,613,6387,2001
1753329116106331629,0,959,763,3469,7049,1110,613,6387,2002
1753329116108276992,0,959,763,3469,7049,1009,613,6387,2002
1753329116110290192,0,959,764,3471,7049,1103,613,6387,2004
1753329116112254800,0,959,794,3472,7049,1206,613,6387,2020
1753329116114265092,0,959,768,3473,7049,1112,613,6387,2007
1753329116116243715,0,959,739,3474,7049,1159,613,6387,1992
1753329116118241647,0,959,768,3475,7049,1116,613,6387,2008
1753329116120284249,0,959,769,3476,7049,1433,613,6387,1992
1753329116122276787,0,959,769,3477,7049,1140,613,6387,2008
1753329116124237255,0,959,770,3478,7049,895,613,6387,2009
1753329116126225823,0,959,771,3479,7049,1122,613,6387,2010
1753329116128266393,0,959,801,3480,7049,1130,613,6387,2011
1753329116130265591,0,959,775,3481,7049,1122,613,6387,2012
1753329116132354508,0,959,584,3482,7049,1113,613,6387,1976
1753329116134311003,0,959,762,3483,7049,1121,613,6387,2011
1753329116136330871,0,959,925,3484,7049,1161,613,6387,2050
1753329116138361555,0,959,775,3485,7049,1124,613,6387,2016
1753329116140253758,0,959,683,3486,7049,1110,613,6387,2034
1753329116142283533,0,959,770,3487,7049,1123,613,6387,2019
1753329116144245026,0,959,814,3488,7049,1395,613,6387,2004
1753329116146227894,0,959,776,3489,7049,1145,613,6387,2020
1753329116148247065,0,959,740,3490,7049,996,613,6387,1984
1753329116150252620,0,959,774,3491,7049,1135,613,6387,2019
1753329116152366838,0,959,775,3492,7049,1088,613,6387,2020
1753329116154312877,0,959,776,3493,7049,1131,613,6387,2021
1753329116156359564,0,959,777,3494,7049,1146,613,6387,2008
1753329116158455474,0,959,778,3495,7049,1133,613,6387,2022
1753329116160297971,0,959,704,3496,7049,1134,613,6387,2023
1753329116162325210,0,959,774,3496,7049,1134,613,6387,2023
1753329116164245412,0,959,849,3498,7049,1188,613,6387,2025
1753329116166236863,0,959,780,3498,7049,1140,613,6387,2025
1753329116168254559,0,959,776,3499,7049,647,613,6387,2040
1753329116170239089,0,959,782,3500,7049,1104,613,6387,2028
1753329116172235320,0,959,789,3501,7049,1579,613,6387,2015
1753329116174223216,0,959,783,3501,7049,1140,613,6387,2028
1753329116176211590,0,959,778,3502,7049,1141,613,6387,2081
1753329116178201354,0,959,784,3503,7049,1142,613,6387,2034
1753329116180221808,0,959,828,3504,7049,1110,613,6387,1983
1753329116182201105,0,959,788,3505,7049,1142,613,6387,2032
1753329116184274593,0,959,752,3505,7049,1204,613,6387,2046
1753329116186221778,0,959,787,3506,7049,1147,613,6387,2034
1753329116188260502,0,959,875,3507,7049,1067,613,6387,2020
1753329116190265070,0,959,795,3508,7049,1144,613,6387,2035
1753329116192256654,0,959,796,3509,7049,1145,613,6387,2036
1753329116194213922,0,959,708,3510,7049,1042,613,6387,2014
1753329116196213010,0,959,790,3510,7049,1140,613,6387,2035
1753329116198223788,0,959,784,3511,7049,1264,613,6387,2073
1753329116200260231,0,959,791,3512,7049,1152,613,6387,2040
1753329116202213189,0,959,884,3512,7049,1047,613,6387,2025
1753329116204276061,0,959,799,3513,7049,1146,613,6387,2040
1753329116206237680,0,959,748,3514,7049,1114,613,6387,2018
1753329116208244885,0,959,796,3515,7049,1146,613,6387,2040
1753329116210239941,0,959,797,3516,7049,1143,613,6387,2064
1753329116212288132,0,959,797,3516,7049,1148,613,6387,2042
1753329116214199057,0,959,755,3517,7049,1012,613,6387,2043
1753329116216219718,0,959,794,3518,7049,1139,613,6387,2044
1753329116218213027,0,959,727,3518,7049,1248,613,6387,2044
1753329116220293257,0,959,791,3519,7049,1149,613,6387,2045
1753329116222217486,0,959,953,3520,7049,1108,613,6387,2061
1753329116224393882,0,959,804,3521,7049,1146,613,6387,2048
1753329116226252051,0,959,753,3521,7049,1073,613,6387,2048
1753329116228259211,0,959,801,3522,7049,1141,613,6387,2049
1753329116230249164,0,959,801,3523,7049,1731,613,6387,2050
1753329116232310531,0,959,802,3524,7049,1185,613,6387,2051
1753329116234259558,0,959,802,3524,7049,521,613,6387,2037
1753329116236259012,0,959,803,3525,7049,1138,613,6387,2051
1753329116238297700,0,959,1671,3526,7049,1078,613,6387,2121
1753329116240270237,0,959,869,3526,7049,1133,613,6387,2057
1753329116242267891,0,959,53,3527,7049,1411,613,6387,2228
1753329116244279736,0,959,810,3528,7049,1153,613,6387,2072
1753329116246252647,0,959,810,3529,7049,1269,613,6387,1903
1753329116248261868,0,959,811,3529,7049,1162,613,6387,2060
1753329116250284364,0,959,811,3530,7049,1109,613,6387,2061
1753329116252299930,0,960,812,3531,7049,1158,613,6387,2062
1753329116254284867,0,959,812,3532,7049,1114,613,6387,2063
1753329116256308428,0,959,813,3532,7049,1155,613,6387,2063
1753329116258282718,0,959,814,3533,7049,1232,613,6387,2080
1753329116260265678,0,959,815,3534,7049,1161,613,6387,2066
1753329116262233429,0,959,815,3535,7049,1136,613,6387,2052
1753329116264281056,0,959,816,3536,7049,1159,613,6387,2067
1753329116266267079,0,959,766,3537,7049,1139,613,6387,1818
1753329116268275476,0,959,813,3538,7049,1157,613,6387,2051
1753329116270327388,0,959,751,3539,7049,1103,613,6387,2285
1753329116272252112,0,959,810,3539,7049,1153,613,6387,2069
1753329116274282027,0,959,925,3541,7049,1230,613,6387,2087
1753329116276276100,0,959,821,3541,7049,1159,613,6387,2072
1753329116278244971,0,959,821,3542,7049,1159,613,6387,2073
1753329116280271511,0,959,822,3543,7049,1126,613,6387,2090
1753329116282247653,0,959,823,3543,7049,1156,613,6387,2075
1753329116284252036,0,959,1272,3544,7049,1280,613,6387,2076
1753329116286246278,0,959,857,3545,7049,1166,613,6387,2077
1753329116288213457,0,959,440,3545,7049,1099,613,6387,2062
1753329116290223546,0,959,828,3546,7049,1161,613,6387,2077
1753329116292233604,0,959,712,3547,7049,992,613,6387,2078
1753329116294237996,0,959,820,3547,7049,1149,613,6387,2078
1753329116296245904,0,959,858,3548,7049,1321,613,6387,2125
1753329116298239385,0,959,825,3549,7049,1163,613,6387,2084
1753329116300242960,0,959,826,3549,7049,1290,613,6387,2053
1753329116302307060,0,959,826,3550,7049,1173,613,6387,2082
1753329116304226908,0,959,827,3551,7049,1066,613,6387,2083
1753329116306272604,0,959,828,3552,7049,1167,613,6387,2084
1753329116308225631,0,959,828,3552,7049,1149,613,6387,2069
1753329116310239212,0,959,829,3553,7049,1167,613,6387,2084
1753329116312285364,0,959,830,3554,7049,1187,613,6387,2132
1753329116314292186,0,959,831,3555,7049,1169,613,6387,2090
1753329116316293534,0,959,794,3556,7049,1238,613,6387,2146
1753329116318263189,0,959,829,3557,7049,1177,613,6387,2096
1753329116320281090,0,959,830,3558,7049,982,613,6387,2011
1753329116322268022,0,959,831,3559,7049,1163,613,6387,2091
1753329116324260122,0,959,831,3560,7049,1288,613,6387,2077
1753329116326308759,0,959,832,3561,7049,1174,613,6387,2092
1753329116328268645,0,959,869,3562,7049,1132,613,6387,2093
1753329116330274680,0,959,836,3562,7049,1172,613,6387,2093
1753329116332274149,0,959,799,3564,7049,1263,613,6387,2079
1753329116334241016,0,959,834,3565,7049,1181,613,6387,2095
1753329116336228998,0,959,871,3566,7049,731,613,6387,2058
1753329116338206166,0,959,838,3567,7049,1149,613,6387,2094
1753329116340235846,0,959,802,3568,7049,1582,613,6387,2149
1753329116342229491,0,959,836,3569,7049,1183,613,6387,2100
1753329116344236606,0,959,1121,3570,7049,1113,613,6387,2085
1753329116346257771,0,959,858,3571,7049,1180,613,6387,2101
1753329116348277302,0,959,575,3572,7049,1224,613,6387,2064
1753329116350270270,0,959,838,3573,7049,1185,613,6387,2100
1753329116352249622,0,959,956,3574,7049,1842,613,6387,2101
1753329116354243412,0,959,849,3574,7049,1236,613,6387,2101
1753329116356281218,0,959,768,3575,7049,610,613,6387,2102
1753329116358236469,0,959,844,3576,7049,1192,613,6387,2103
1753329116360218568,0,959,845,3576,7049,1149,613,6387,2103
1753329116362214206,0,959,845,3577,7049,1190,613,6387,2104
1753329116364265397,0,959,846,3577,7049,1192,613,6387,2104
1753329116366223083,0,959,847,3578,7049,1193,613,6387,2105
1753329116368300137,0,959,847,3578,7049,1194,613,6387,2105
1753329116370212013,0,959,846,3579,7049,1071,613,6387,2143
1753329116372307658,0,960,847,3579,7049,1187,613,6387,2109
1753329116374209610,0,959,847,3579,7049,1311,613,6387,2109
1753329116376343416,0,959,848,3580,7049,1198,613,6387,2110
1753329116378223797,0,959,849,3581,7049,1200,613,6387,2143
1753329116380252908,0,959,849,3581,7049,1200,613,6387,2113
1753329116382210170,0,959,814,3582,7049,1140,613,6387,2145
1753329116384229766,0,959,849,3582,7049,1197,613,6387,2116
1753329116386236230,0,959,885,3583,7049,1189,613,6387,2086
1753329116388276861,0,959,852,3584,7049,1198,613,6387,2116
1753329116390240707,0,959,852,3584,7049,1149,613,6387,2169
1753329116392325872,0,959,853,3585,7049,1198,613,6387,2121
1753329116394239913,0,959,742,3586,7049,1168,613,6387,2223
1753329116396322490,0,959,846,3587,7049,1197,613,6387,2131
1753329116398221262,0,959,1009,3588,7049,1229,613,6387,2030
1753329116400309611,0,959,859,3589,7049,1202,613,6387,2125
1753329116402237524,0,959,809,3589,7049,1073,613,6387,2125
1753329116404272387,0,959,856,3590,7049,1193,613,6387,2126
1753329116406290281,0,959,820,3590,7049,1322,613,6387,2073
1753329116408228909,0,959,854,3592,7049,1203,613,6387,2124
1753329116410227225,0,959,943,3592,7049,1121,613,6387,2155
1753329116412224125,0,959,862,3594,7049,1198,613,6387,2129
1753329116414233232,0,959,863,3595,7049,1225,613,6387,2151
1753329116416223181,0,959,863,3596,7049,1200,613,6387,2132
1753329116418239063,0,959,864,3597,7049,1287,613,6387,2133
1753329116420219512,0,959,864,3598,7049,1206,613,6387,2134
1753329116422234273,0,959,865,3600,7049,1153,613,6387,2084
1753329116424225828,0,959,865,3601,7049,1202,613,6387,2133
1753329116426228367,0,959,866,3602,7049,1245,613,6387,2119
1753329116428231428,0,959,866,3603,7049,1205,613,6387,2134
1753329116430209335,0,959,867,3604,7049,1204,613,6387,2119
1753329116432225471,0,959,868,3605,7049,1206,613,6387,2135
1753329116434249120,0,959,898,3606,7049,1103,613,6387,2153
1753329116436249959,0,959,871,3607,7049,1198,613,6386,2138
1753329116438239303,0,959,877,3608,7049,1285,613,6387,2123
1753329116440222566,0,959,872,3609,7049,1206,613,6387,2139
1753329116442205681,0,959,838,3610,7049,1245,613,6387,2157
1753329116444227568,0,959,871,3611,7049,1209,613,6387,2142
1753329116446239650,0,959,872,3612,7049,1232,613,6387,2089
1753329116448344614,0,959,873,3613,7049,1211,613,6387,2140
1753329116450382114,0,959,873,3614,7049,1211,613,6387,2141
1753329116452250511,0,959,904,3615,7049,1215,613,6387,2044
1753329116454286881,0,959,876,3616,7049,1212,613,6387,2136
1753329116456247802,0,959,796,3617,7049,1162,613,6387,2039
1753329116458225048,0,959,872,3617,7049,1208,613,6387,2129
1753329116460254859,0,959,873,3619,7049,1231,613,6387,2313
1753329116462289648,0,959,874,3620,7049,1210,613,6387,2146
1753329116464264465,0,959,1156,3621,7049,1566,613,6387,2124
1753329116466321997,0,959,896,3621,7049,1236,613,6387,2145
1753329116468264039,0,959,616,3622,7049,960,613,6387,2146
1753329116470320406,0,959,876,3623,7049,1217,613,6387,2147
1753329116472259758,0,959,877,3624,7049,1226,613,6387,2133
1753329116474296466,0,959,878,3624,7049,1218,613,6387,2147
1753329116476255590,0,959,879,3624,7049,1200,613,6387,2161
1753329116478302402,0,959,880,3625,7049,1218,613,6387,2149
1753329116480250910,0,959,769,3625,7049,1253,613,6387,2387
1753329116482284054,0,959,873,3625,7049,1222,613,6387,2166
1753329116484253420,0,959,985,3625,7049,1207,613,6387,1914
1753329116486299753,0,959,882,3625,7049,1222,613,6387,2148
1753329116488251943,0,959,883,3625,7049,1305,613,6387,2185
1753329116490231757,0,959,884,3624,7049,1230,613,6387,2149
1753329116492264004,0,959,822,3624,7049,1109,613,6387,2164
1753329116494281698,0,959,881,3624,7049,1223,613,6387,2150
1753329116496260486,0,959,944,3624,7049,1109,613,6387,2150
1753329116498234239,0,959,887,3624,7049,1216,613,6387,2150
1753329116500236047,0,959,938,3624,7049,1260,613,6387,2273
1753329116502274989,0,959,891,3625,7049,1221,613,6387,2160
1753329116504480525,0,959,921,3625,7049,1149,613,6387,2108
1753329116506245847,0,959,894,3625,7049,1218,613,6387,2157
1753329116508307009,0,959,864,3626,7049,1663,613,6387,2142
1753329116510294485,0,959,892,3627,7049,1253,613,6387,2157
1753329116512270230,0,959,893,3627,7049,871,613,6387,2204
1753329116514270643,0,959,893,3628,7049,1225,613,6387,2162
1753329116516263922,0,959,842,3629,7049,1167,613,6387,2163
1753329116518244774,0,959,889,3630,7049,1222,613,6386,2164
1753329116520251975,0,959,970,3631,7049,1222,613,6387,2134
1753329116522263621,0,959,896,3632,7049,1223,613,6387,2164
1753329116524234206,0,959,902,3633,7049,1223,613,6387,2149
1753329116526232163,0,959,898,3634,7049,1223,613,6387,2164
1753329116528217862,0,959,893,3635,7049,1161,613,6387,2149
1753329116530212159,0,959,899,3635,7049,1218,613,6387,2164
1753329116532253349,0,959,900,3636,7049,1288,613,6387,2128
1753329116534251882,0,959,901,3637,7049,1223,613,6387,2163
1753329116536293706,0,959,901,3638,7049,1224,613,6387,2164
1753329116538297298,0,959,872,3639,7049,1267,613,6387,2165
1753329116540257496,0,959,901,3639,7049,1227,613,6387,2165
1753329116542263592,0,959,902,3640,7049,1169,613,6387,2129
1753329116544329846,0,959,902,3641,7049,1222,613,6387,2164
1753329116546327522,0,959,809,3641,7049,1197,613,6387,2164
1753329116548398738,0,959,897,3642,7049,1221,613,6387,2165
1753329116550373786,0,959,940,3643,7049,1313,613,6387,2189
1753329116552363587,0,959,902,3643,7049,1227,613,6387,2168
1753329116554276681,0,959,903,3644,7049,1250,613,6387,2169
1753329116556285261,0,959,903,3645,7049,1229,613,6387,2170
1753329116558253184,0,959,905,3645,7049,1367,613,6387,2239
1753329116560273474,0,959,905,3646,7049,1239,613,6387,2176
1753329116562334727,0,959,795,3646,7049,1132,613,6387,2107
1753329116564271733,0,959,898,3647,7049,1232,613,6387,2172
1753329116566291428,0,959,967,3647,7049,1236,613,6387,2172
1753329116568278466,0,959,905,3648,7049,1233,613,6387,2173
1753329116570267201,0,959,911,3648,7049,1351,613,6387,2173
1753329116572356733,0,959,907,3649,7049,1242,613,6387,2174
1753329116574314701,0,959,902,3650,7049,1126,613,6387,2175
1753329116576273894,0,959,907,3651,7049,1233,613,6387,2176
1753329116578316817,0,959,908,3651,7049,1349,613,6387,2153
1753329116580282329,0,959,909,3652,7049,1243,613,6387,2175
1753329116582277874,0,959,909,3653,7049,1158,613,6387,2213
1753329116584367709,0,959,910,3653,7049,1236,613,6387,2179
1753329116586294574,0,959,910,3654,7049,988,613,6387,2165
1753329116588291830,0,959,911,3654,7049,1219,613,6387,2179
1753329116590263149,0,959,843,3655,7049,1575,613,6387,2180
1753329116592226367,0,959,907,3656,7049,1246,613,6387,2181
1753329116594271764,0,959,975,3656,7049,1138,613,6387,2180
1753329116596272253,0,959,913,3657,7049,1240,613,6387,2181
1753329116598220718,0,959,913,3658,7049,1241,613,6387,2182
1753329116600229091,0,959,914,3658,7049,1241,613,6387,2182
1753329116602202287,0,959,894,3659,7049,1409,613,6387,2183
1753329116604207433,0,960,913,3659,7049,1256,613,6387,2183
1753329116606235282,0,959,933,3660,7049,1035,613,6387,2184
1753329116608278862,0,959,915,3660,7049,1240,613,6387,2184
1753329116610205211,0,959,921,3661,7049,1365,613,6387,2185
1753329116612219666,0,959,917,3661,7049,1250,613,6387,2185
1753329116614238695,0,959,911,3662,7049,1149,613,6387,2201
1753329116616214182,0,959,917,3663,7049,1244,613,6387,2188
1753329116618258853,0,959,917,3663,7049,1244,613,6387,2188
1753329116620308072,0,959,918,3664,7049,1245,613,6387,2189
1753329116622276174,0,959,918,3664,7049,1245,613,6387,2189
1753329116624299046,0,959,924,3665,7049,1222,613,6387,2260
1753329116626312584,0,959,920,3666,7049,1244,613,6387,2196
1753329116628224067,0,959,921,3666,7049,1268,613,6387,2164
1753329116630270691,0,959,921,3667,7049,1247,613,6387,2195
1753329116632177441,0,959,957,3667,7049,1436,613,6387,2157
1753329116634219191,0,959,924,3668,7049,1262,613,6387,2193
1753329116636213551,0,959,882,3668,7049,1102,613,6387,2247
1753329116638200019,0,959,922,3669,7049,1252,613,6387,2198
1753329116640241110,0,959,929,3670,7049,1257,613,6387,2183
1753329116642287554,0,959,923,3671,7049,1253,613,6387,2199
1753329116644242373,0,959,924,3671,7049,1202,613,6387,2215
1753329116646302359,0,959,924,3672,7049,1250,613,6387,2201
1753329116648232600,0,959,918,3673,7049,1256,613,6387,2218
1753329116650356739,0,959,925,3673,7049,1252,613,6387,2203
1753329116652229440,0,959,931,3674,7049,1248,613,6387,2189
1753329116654295440,0,959,926,3674,7049,1252,613,6387,2203
1753329116656226926,0,959,926,3675,7049,1277,613,6387,2204
1753329116658278205,0,959,926,3676,7049,1256,613,6387,2205
1753329116660224092,0,959,921,3677,7049,1257,613,6387,2222
1753329116662221519,0,959,928,3678,7049,1258,613,6387,2208
1753329116664227072,0,959,934,3679,7049,1321,613,6387,2240
1753329116666244537,0,959,928,3679,7049,1264,613,6387,2212
1753329116668239675,0,959,929,3680,7049,1202,613,6387,2182
1753329116670219643,0,959,929,3681,7049,1261,613,6387,2211
1753329116672230318,0,959,930,3682,7049,1301,613,6387,2180
1753329116674230680,0,959,930,3683,7049,1264,613,6387,2211
1753329116676221969,0,959,930,3683,7049,1225,613,6387,2243
1753329116678203179,0,959,931,3684,7049,1263,613,6387,2214
1753329116680205194,0,959,931,3685,7049,1280,613,6387,2215
1753329116682208737,0,959,931,3686,7049,1265,613,6387,2216
1753329116684196158,0,959,932,3687,7049,1249,613,6387,2248
1753329116686252149,0,959,932,3688,7049,1265,613,6387,2221
1753329116688203014,0,959,932,3688,7049,1310,613,6387,2190
1753329116690351632,0,959,933,3689,7049,1270,613,6387,2219
1753329116692283768,0,959,933,3690,7049,1243,613,6387,2220
1753329116694245383,0,959,934,3691,7049,1269,613,6387,2221
1753329116696231133,0,959,934,3692,7049,1274,613,6387,2222
1753329116698239182,0,959,934,3693,7049,1271,613,6387,2223
1753329116700212263,0,959,934,3694,7049,1295,613,6387,2224
1753329116702186004,0,959,934,3694,7049,1274,613,6387,2224
1753329116704274240,0,959,935,3696,7049,1275,613,6387,2226
1753329116706198446,0,959,972,3697,7049,1275,613,6387,2212
1753329116708282870,0,959,938,3697,7049,1276,613,6387,2226
1753329116710221656,0,959,939,3698,7049,1211,613,6387,2211
1753329116712291222,0,959,939,3699,7049,1273,613,6387,2227
1753329116714229092,0,959,940,3700,7049,1148,613,6387,2245
1753329116716316154,0,959,940,3701,7049,1265,613,6387,2230
1753329116718335010,0,959,829,3702,7049,1365,613,6387,2177
1753329116720274088,0,959,933,3703,7049,1273,613,6387,2228
1753329116722258642,0,959,1044,3704,7049,1300,613,6387,2267
1753329116724303048,0,959,941,3705,7049,1277,613,6387,2233
1753329116726270629,0,959,942,3705,7049,1278,613,6387,2233
1753329116728333763,0,959,942,3706,7049,1279,613,6387,2234
1753329116730322180,0,959,943,3706,7049,1240,613,6387,2234
1753329116732321391,0,959,943,3707,7049,1277,613,6387,2235
1753329116734244028,0,959,906,3708,7049,1277,613,6387,2236
1753329116736321026,0,959,941,3708,7049,1277,613,6387,2236
1753329116738326819,0,959,867,3708,7049,1319,613,6387,2236
1753329116740281896,0,959,935,3709,7049,1282,613,6387,2237
1753329116742219392,0,959,1047,3709,7049,1242,613,6387,2237
1753329116744322522,0,959,945,3710,7049,1279,613,6387,2238
1753329116746295679,0,959,997,3711,7049,1293,613,6387,2255
1753329116748360350,0,959,949,3711,7049,1280,613,6387,2240
1753329116750264033,0,959,949,3712,7049,1215,613,6387,2241
1753329116752233300,0,959,950,3712,7049,1275,613,6387,2241
1753329116754189103,0,959,980,3713,7049,1310,613,6387,2225
1753329116756289159,0,959,954,3714,7049,1278,613,6387,2242
1753329116758228259,0,959,975,3715,7049,1224,613,6387,2205
1753329116760222697,0,959,955,3715,7049,1275,613,6387,2240
1753329116762238632,0,959,934,3716,7049,1369,613,6387,2295
1753329116764228907,0,959,954,3716,7049,1283,613,6387,2245
1753329116766261741,0,959,954,3717,7049,1271,613,6387,2246
1753329116768254109,0,959,954,3718,7049,1282,613,6387,2247
1753329116770228982,0,959,959,3718,7049,1347,613,6387,2247
1753329116772253344,0,959,955,3719,7049,1287,613,6387,2248
1753329116774227705,0,959,955,3721,7049,1280,613,6387,2233
1753329116776318118,0,959,955,3721,7049,1288,613,6387,2249
1753329116778246031,0,959,1045,3722,7049,1255,613,6387,2266
1753329116780268583,0,959,964,3723,7049,1285,613,6387,2252
1753329116782297807,0,959,875,3723,7049,1294,613,6387,2252
1753329116784246313,0,959,958,3724,7049,1286,613,6387,2253
1753329116786300811,0,959,954,3726,7049,1146,613,6387,2255
1753329116788289613,0,959,960,3726,7049,1275,613,6387,2255
1753329116790264904,0,959,960,3726,7049,1493,613,6387,2238
1753329116792223217,0,959,962,3728,7049,1292,613,6387,2256
1753329116794250248,0,959,962,3729,7049,1292,613,6387,2257
1753329116796244056,0,959,963,3729,7049,1248,613,6387,2289
1753329116798283941,0,959,964,3730,7049,1289,613,6387,2260
1753329116800270452,0,959,964,3731,7049,1257,613,6387,2246
1753329116802395717,0,959,964,3731,7049,1287,613,6387,2260
1753329116804235934,0,959,935,3732,7049,1277,613,6387,2261
1753329116806353590,0,959,964,3733,7049,1288,613,6387,2262
1753329116808268914,0,959,993,3734,7049,1330,613,6387,2246
1753329116810490350,0,959,966,3735,7049,1291,613,6387,2263
1753329116812337870,0,959,972,3735,7049,1251,613,6387,2263
1753329116814329929,0,959,968,3737,7049,1289,613,6387,2265
1753329116816295348,0,959,964,3737,7049,1346,613,6387,2297
1753329116818364236,0,959,969,3738,7049,1295,613,6387,2268
1753329116820280845,0,959,939,3739,7049,1325,613,6387,2237
1753329116822316502,0,959,968,3740,7049,1298,613,6387,2268
1753329116824258146,0,959,1004,3741,7049,1269,613,6387,2285
1753329116826324860,0,959,972,3742,7049,1296,613,6387,2271
1753329116828261860,0,959,967,3743,7049,1281,613,6387,2255
1753329116830378009,0,959,973,3744,7049,1295,613,6387,2272
1753329116832258908,0,959,974,3744,7049,1316,613,6387,2304
1753329116834272516,0,959,974,3745,7049,1297,613,6387,2275
1753329116836274249,0,959,945,3746,7049,1276,613,6387,2206
1753329116838298836,0,959,973,3747,7049,1295,613,6387,2272
1753329116840291947,0,959,923,3748,7049,1363,613,6387,2273
1753329116842345375,0,959,971,3749,7049,1300,613,6387,2274
1753329116844257726,0,959,1022,3750,7049,1228,613,6387,2275
1753329116846331040,0,959,976,3751,7049,1295,613,6387,2276
1753329116848246069,0,959,1007,3751,7049,1233,613,6387,2276
1753329116850251298,0,959,980,3752,7049,1290,613,6387,2277
1753329116852226161,0,959,951,3753,7049,1420,613,6387,2211
1753329116854267615,0,959,979,3754,7049,1301,613,6387,2274
1753329116856264950,0,959,892,3755,7049,1367,613,6387,2341
1753329116858288927,0,959,973,3756,7049,1307,613,6387,2280
1753329116860285701,0,959,1011,3756,7049,1282,613,6387,2243
1753329116862207530,0,959,978,3757,7049,1306,613,6387,2279
1753329116864361666,0,959,1029,3757,7049,1230,613,6387,2279
1753329116866200694,0,959,983,3758,7049,1302,613,6387,2280
1753329116868182500,0,959,983,3759,7049,1389,613,6387,2281
1753329116870177633,0,959,984,3759,7049,1309,613,6387,2280
1753329116872169544,0,959,934,3760,7049,1259,613,6387,2373
1753329116874169442,0,959,981,3760,7049,1307,613,6387,2288
1753329116876207133,0,959,982,3761,7049,1309,613,6387,2289
1753329116878179661,0,959,982,3761,7049,1309,613,6387,2168
1753329116880209285,0,959,983,3762,7049,1310,613,6387,2281
1753329116882190769,0,959,1034,3762,7049,1121,613,6387,2572
1753329116884214080,0,959,988,3763,7049,1298,613,6387,2304
1753329116886190778,0,959,1017,3764,7049,1455,613,6387,2067
1753329116888199827,0,959,991,3764,7049,1312,613,6387,2287
1753329116890172692,0,959,991,3765,7049,1358,613,6387,2526
1753329116892240637,0,959,992,3765,7049,1318,613,6387,2306
1753329116894208649,0,959,992,3766,7049,1403,613,6387,2069
1753329116896228852,0,959,992,3766,7049,1325,613,6387,2289
1753329116898203827,0,959,993,3767,7049,1053,613,6387,2267
1753329116900214772,0,959,993,3768,7049,1307,613,6387,2289
1753329116902208697,0,959,1000,3769,7049,1439,613,6387,2313
1753329116904225946,0,959,994,3770,7049,1319,613,6387,2293
1753329116906220576,0,959,995,3770,7049,1265,613,6387,2270
1753329116908218411,0,959,996,3771,7049,1316,613,6387,2292
1753329116910195818,0,959,991,3772,7049,1217,613,6387,2316
1753329116912226744,0,959,997,3773,7049,1310,613,6387,2296
1753329116914196636,0,959,1003,3774,7049,1419,613,6387,2297
1753329116916218438,0,959,998,3775,7049,1320,613,6387,2298
1753329116918212203,0,959,994,3776,7049,1354,613,6387,2276
1753329116920213886,0,959,1000,3777,7049,1325,613,6387,2298
1753329116922216475,0,959,1006,3778,7049,1285,613,6387,2299
1753329116924260396,0,959,1002,3778,7049,1324,613,6387,2299
1753329116926206949,0,959,997,3779,7049,1353,613,6387,2300
1753329116928200151,0,959,1002,3780,7049,1328,613,6387,2301
1753329116930190417,0,959,1003,3780,7049,1266,613,6387,2301
1753329116932233624,0,959,1004,3781,7049,1325,613,6387,2302
1753329116934230356,0,959,881,3782,7049,1383,613,6387,2303
1753329116936223619,0,959,996,3782,7049,1331,613,6387,2303
1753329116938206752,0,959,1091,3782,7049,1406,613,6387,2303
1753329116940205850,0,959,1005,3782,7049,1338,613,6387,2303
1753329116942201861,0,959,1006,3784,7049,1184,613,6387,2290
1753329116944199730,0,959,1006,3784,7049,1327,613,6387,2304
1753329116946191940,0,959,1037,3785,7049,1383,613,6387,2357
1753329116948213008,0,959,1010,3785,7049,1332,613,6387,2308
1753329116950221681,0,959,930,3786,7049,1357,613,6387,2309
1753329116952230521,0,959,1005,3786,7049,1335,613,6387,2309
1753329116954255130,0,959,1057,3786,7049,1321,613,6387,2257
1753329116956244514,0,959,1011,3787,7049,1335,613,6387,2306
1753329116958245447,0,959,961,3787,7049,1534,613,6387,2321
1753329116960228306,0,959,1008,3788,7049,1352,613,6387,2308
1753329116962252237,0,959,1009,3788,7049,1353,613,6387,2308
1753329116964224005,0,959,1010,3789,7049,1146,613,6387,2295
1753329116966234769,0,959,1011,3789,7049,1338,613,6387,2308
1753329116968218957,0,959,968,3790,7049,1332,613,6387,2324
1753329116970263049,0,959,1009,3790,7049,1340,613,6387,2310
1753329116972216183,0,959,1103,3791,7049,1358,613,6387,2386
1753329116974195886,0,959,1017,3791,7049,1342,613,6387,2317
1753329116976206760,0,959,967,3792,7049,1433,613,6387,2318
1753329116978208600,0,959,1015,3792,7049,1351,613,6387,2318
1753329116980229349,0,959,1066,3792,7049,1254,613,6387,2334
1753329116982230694,0,959,1020,3793,7049,1345,613,6387,2320
1753329116984208849,0,959,969,3793,7049,1401,613,6387,2303
1753329116986281191,0,959,1016,3793,7049,1351,613,6387,2319
1753329116988225411,0,959,1067,3794,7049,1295,613,6387,2336
1753329116990250881,0,959,1020,3794,7049,1348,613,6387,2321
1753329116992213285,0,959,1020,3795,7049,1317,613,6387,2322
1753329116994218348,0,959,1020,3796,7049,1348,613,6387,2323
1753329116996233587,0,959,1055,3796,7049,1349,613,6387,2338
1753329116998274024,0,959,1022,3797,7049,1349,613,6387,2325
1753329117000202165,0,959,1022,3798,7049,1359,613,6387,2311
1753329117002202235,0,959,1022,3798,7049,1351,613,6387,2325
1753329117004226589,0,959,1022,3799,7049,1541,613,6387,2372
1753329117006222053,0,959,1022,3799,7049,1367,613,6387,2329
1753329117008229893,0,959,936,3800,7049,1149,613,6387,2330
1753329117010211910,0,959,1016,3801,7049,1351,613,6387,2331
1753329117012219195,0,959,1103,3802,7049,1569,613,6387,2269
1753329117014237577,0,959,1023,3803,7049,1369,613,6387,2329
1753329117016270040,0,959,1039,3803,7049,1127,613,6387,2329
1753329117018220846,0,959,1026,3804,7049,1352,613,6387,2330
1753329117020242952,0,959,1010,3805,7049,1337,613,6387,2347
1753329117022241037,0,959,1024,3806,7049,1351,613,6387,2333
1753329117024279775,0,959,990,3807,7049,1633,613,6387,2334
1753329117026305030,0,959,1024,3808,7049,1373,613,6387,2335
1753329117028243298,0,959,1053,3808,7049,1077,613,6387,2318
1753329117030232828,0,959,1027,3809,7049,1353,613,6387,2335
1753329117032232042,0,959,836,3810,7049,1437,613,6387,2336
1753329117034242709,0,959,1014,3811,7049,1361,613,6387,2337
1753329117036258143,0,959,1212,3812,7049,1326,613,6387,2422
1753329117038248772,0,959,1029,3813,7049,1359,613,6387,2345
1753329117040243528,0,959,1274,3814,7049,1337,613,6387,2261
1753329117042240222,0,959,1050,3814,7049,1360,613,6387,2340
1753329117044236364,0,959,806,3815,7049,1358,613,6387,2341
1753329117046242913,0,959,1033,3816,7049,1360,613,6387,2342
1753329117048227488,0,959,1034,3817,7049,1361,613,6387,2343
1753329117050227466,0,959,836,3817,7049,1362,613,6387,2305
1753329117052339540,0,959,1020,3818,7049,1362,613,6387,2341
1753329117054300996,0,959,1183,3819,7049,1501,613,6387,2342
1753329117056377190,0,959,1034,3820,7049,1374,613,6387,2343
1753329117058323088,0,959,1230,3821,7049,1229,613,6387,2306
1753329117061231646,0,959,1049,3821,7049,1363,613,6387,2341
1753329117062406929,0,959,766,3822,7049,1421,613,6387,2379
1753329117064302030,0,959,1030,3823,7049,1367,613,6387,2346
1753329117066302168,0,959,1031,3824,7049,1461,613,6387,2332
1753329117068238153,0,959,1031,3824,7049,1374,613,6387,2346
1753329117070268047,0,959,1245,3825,7049,1251,613,6387,2347
1753329117072224690,0,959,1049,3825,7049,1365,613,6387,2346
1753329117074210399,0,960,875,3826,7049,1428,613,6387,2416
1753329117076285497,0,959,1038,3827,7049,1370,613,6387,2354
1753329117078287712,0,959,1038,3828,7049,1393,613,6387,2286
1753329117080220740,0,959,1039,3828,7049,1372,613,6387,2349
1753329117082236039,0,959,1003,3829,7049,1350,613,6387,2327
1753329117084269888,0,959,1037,3829,7049,1371,613,6387,2349
1753329117086196273,0,959,1126,3829,7049,1400,613,6387,2372
1753329117088244307,0,959,1045,3830,7049,1375,613,6387,2351
1753329117090201054,0,959,994,3830,7049,1376,613,6387,2366
1753329117092214095,0,959,1042,3831,7049,1376,613,6387,2353
1753329117094226024,0,959,1042,3832,7049,1383,613,6387,2354
1753329117096220615,0,959,1042,3832,7049,1378,613,6387,2354
1753329117098217223,0,959,1094,3833,7049,1366,613,6387,2355
1753329117100208507,0,959,1047,3834,7049,1379,613,6387,2356
1753329117102244959,0,959,997,3834,7049,1379,613,6387,2356
1753329117104306350,0,959,1044,3835,7049,1380,613,6387,2357
1753329117106322823,0,959,1096,3836,7049,1285,613,6387,2306
1753329117108259438,0,959,1049,3836,7049,1374,613,6387,2354
1753329117110284292,0,959,1050,3837,7049,1414,613,6387,2407
1753329117112286269,0,959,1050,3837,7049,1378,613,6387,2359
1753329117114255117,0,959,1051,3838,7049,1403,613,6387,2360
1753329117116245815,0,959,1051,3839,7049,1382,613,6387,2361
1753329117118233375,0,959,1051,3839,7049,1330,613,6387,2361
1753329117120250021,0,959,1052,3840,7049,1379,613,6387,2362
1753329117122261075,0,959,1052,3840,7049,1408,613,6387,2362
1753329117124282139,0,959,1053,3841,7049,1382,613,6387,2363
1753329117126263858,0,959,1082,3841,7049,1350,613,6387,2348
1753329117128273800,0,959,1056,3842,7049,1380,613,6387,2363
1753329117130232335,0,959,1026,3842,7049,1413,613,6387,2415
1753329117132242154,0,959,1055,3843,7049,1383,613,6387,2368
1753329117134273833,0,959,1056,3843,7049,1383,613,6387,2368
1753329117136241351,0,959,1056,3844,7049,1452,613,6387,2385
1753329117138278141,0,959,1057,3845,7049,1389,613,6387,2371
1753329117140244731,0,959,1058,3845,7049,1299,613,6387,2386
1753329117142389123,0,959,1058,3846,7049,1383,613,6387,2373
1753329117144251246,0,959,1059,3846,7049,1411,613,6387,2358
1753329117146245500,0,959,1059,3847,7049,1385,613,6387,2373
1753329117148247022,0,959,1060,3847,7049,1412,613,6387,2373
1753329117150286990,0,959,1061,3848,7049,1387,613,6387,2374
1753329117152217606,0,959,974,3848,7049,1396,613,6387,2357
1753329117154266608,0,959,1055,3849,7049,1388,613,6387,2374
1753329117156235545,0,959,1056,3849,7049,1387,613,6387,2458
1753329117158257403,0,959,1057,3850,7049,1387,613,6387,2381
1753329117160209564,0,959,1095,3850,7049,1421,613,6387,2359
1753329117162339217,0,959,1061,3851,7049,1391,613,6387,2380
1753329117164227923,0,959,1062,3852,7049,1443,613,6387,2381
1753329117166370351,0,959,1063,3853,7049,1396,613,6387,2382
1753329117168251369,0,959,1026,3853,7049,1385,613,6387,2351
1753329117170366611,0,959,1061,3854,7049,1396,613,6387,2381
1753329117172245872,0,959,1179,3855,7049,1411,613,6387,2350
1753329117174223632,0,959,1072,3856,7049,1398,613,6387,2381
1753329117176285380,0,959,1042,3856,7049,1387,613,6387,2413
1753329117178293199,0,959,1070,3857,7049,1397,613,6387,2384
1753329117180307425,0,959,983,3858,7049,1424,613,6387,2385
1753329117182325016,0,959,1065,3858,7049,1400,613,6387,2385
1753329117184343886,0,959,1065,3859,7049,1354,613,6387,2386
1753329117186425240,0,959,1066,3860,7049,1398,613,6387,2387
1753329117188264472,0,959,1066,3860,7049,1446,613,6387,2387
1753329117190327126,0,959,1066,3861,7049,1402,613,6387,2388
1753329117192328174,0,959,1155,3862,7049,1200,613,6387,2067
1753329117194220264,0,959,1074,3863,7049,1388,613,6387,2366
1753329117196278116,0,959,1023,3863,7049,1672,613,6387,2719
1753329117198214015,0,959,1070,3864,7049,1411,613,6387,2393
1753329117200258525,0,959,1071,3865,7049,1449,613,6387,2363
1753329117202246336,0,959,1071,3865,7049,1415,613,6387,2392
1753329117204277483,0,959,1071,3866,7049,1331,613,6387,2393
1753329117206290359,0,959,1072,3867,7049,1411,613,6387,2394
1753329117208324030,0,959,1073,3868,7049,1411,613,6387,2395
1753329117210323823,0,959,1073,3869,7049,1412,613,6387,2396
1753329117212326284,0,959,963,3869,7049,1413,613,6387,2396
1753329117214308446,0,959,1066,3870,7049,1414,613,6387,2397
1753329117216325733,0,959,1114,3871,7049,1631,613,6387,2398
1753329117218320899,0,959,1069,3871,7049,1431,613,6387,2398
1753329117220406803,0,959,1070,3872,7049,1432,613,6387,2399
1753329117222388605,0,959,1133,3873,7049,1268,613,6387,2278
1753329117224413323,0,959,1076,3874,7049,1421,613,6387,2392
1753329117226299057,0,959,1076,3875,7049,1338,613,6387,2499
1753329117228401459,0,959,1076,3875,7049,1417,613,6387,2401
1753329117230314496,0,959,1077,3876,7049,1401,613,6387,2417
1753329117232285562,0,959,1077,3877,7049,1418,613,6387,2404
1753329117234295607,0,959,1078,3877,7049,1436,613,6387,2435
1753329117236286807,0,959,1078,3878,7049,1421,613,6387,2407
1753329117238314029,0,959,1078,3879,7049,996,613,6387,2377
1753329117240344142,0,959,1079,3880,7049,1392,613,6387,2407
1753329117242220826,0,959,1079,3881,7049,1765,613,6387,2376
1753329117244253040,0,959,1080,3881,7049,1422,613,6387,2405
1753329117246226754,0,959,1043,3882,7049,1406,613,6387,2406
1753329117248241195,0,960,1077,3883,7049,1424,613,6387,2407
1753329117250221111,0,959,1114,3884,7049,1315,613,6387,2408
1753329117252285832,0,959,1081,3885,7049,1417,613,6387,2409
1753329117254321067,0,959,1132,3886,7049,1458,613,6387,2410
1753329117256193355,0,959,1085,3886,7049,1423,613,6387,2410
1753329117258202112,0,959,1086,3887,7049,1403,613,6387,2374
1753329117260206191,0,959,1086,3888,7049,1423,613,6387,2410
1753329117262190001,0,959,925,3888,7049,1206,613,6387,2633
1753329117264252481,0,959,1074,3889,7049,1408,613,6387,2427
1753329117266319210,0,959,1236,3890,7049,1529,613,6387,2205
1753329117268235098,0,959,1087,3890,7049,1418,613,6387,2412
1753329117270230487,0,959,1087,3891,7049,1460,613,6387,2375
1753329117272300712,0,959,1088,3892,7049,1422,613,6387,2411
1753329117274285168,0,959,1088,3892,7049,1398,613,6387,2448
1753329117276239716,0,959,1089,3893,7049,1420,613,6387,2415
1753329117278244446,0,959,1119,3893,7049,1395,613,6387,2377
1753329117280280485,0,959,1093,3894,7049,1417,613,6387,2413
1753329117282347126,0,959,1063,3894,7049,1492,613,6387,2413
1753329117284293643,0,959,1090,3895,7049,1422,613,6387,2414
1753329117286321615,0,959,1090,3895,7049,1541,613,6387,2437
1753329117288252339,0,959,1091,3896,7049,1431,613,6387,2416
1753329117290297000,0,959,1121,3896,7049,1317,613,6387,2431
1753329117292274516,0,959,1095,3897,7049,1423,613,6387,2418
1753329117294307239,0,959,1096,3897,7049,1351,613,6387,2418
1753329117296299084,0,959,1096,3898,7049,1417,613,6387,2419
1753329117298276675,0,959,1097,3898,7049,1572,613,6387,2419
1753329117300214784,0,959,1098,3899,7049,1429,613,6387,2420
1753329117302230485,0,959,1098,3899,7049,1429,613,6387,2420
1753329117304200474,0,959,1225,3899,7049,1318,613,6387,2458
1753329117306192886,0,959,1108,3900,7049,1420,613,6387,2424
1753329117308186473,0,959,983,3900,7049,1418,613,6387,2372
1753329117310237028,0,959,1100,3901,7049,1420,613,6387,2421
1753329117312193151,0,959,1101,3901,7049,1522,613,6387,2473
1753329117314182701,0,959,1101,3902,7049,1429,613,6387,2426
1753329117316171053,0,959,1102,3902,7049,1328,613,6387,2442
1753329117318180592,0,959,1103,3903,7049,1421,613,6387,2428
1753329117320189238,0,959,1110,3903,7049,1610,613,6387,2412
1753329117322184048,0,959,1104,3904,7049,1436,613,6387,2428
1753329117324292389,0,959,1105,3904,7049,1404,613,6387,2428
1753329117326224374,0,959,1106,3905,7049,1434,613,6387,2429
1753329117328253097,0,959,1106,3905,7049,1465,613,6387,2429
1753329117330288239,0,959,1107,3905,7049,1436,613,6387,2429
1753329117332205414,0,959,1103,3906,7049,1504,613,6387,2355
1753329117334215957,0,959,1109,3907,7049,1441,613,6387,2425
1753329117336204416,0,959,1109,3907,7049,1374,613,6387,2517
1753329117338212378,0,959,1110,3907,7049,1436,613,6387,2432
1753329117340226188,0,959,1117,3908,7049,1476,613,6387,2433
1753329117342199186,0,959,1112,3909,7049,1439,613,6387,2434
1753329117344197033,0,959,1077,3909,7049,1439,613,6387,2417
1753329117346251397,0,959,1111,3910,7049,1439,613,6387,2434
1753329117348206965,0,959,1142,3911,7049,1513,613,6387,2451
1753329117350193928,0,959,1114,3911,7049,1446,613,6387,2436
1753329117352220839,0,959,1085,3911,7049,1450,613,6387,2451
1753329117354242955,0,959,1114,3912,7049,1447,613,6387,2438
1753329117356301135,0,959,1063,3913,7049,1422,613,6387,2424
1753329117358354368,0,959,1111,3913,7049,1447,613,6387,2438
1753329117360200511,0,959,1193,3913,7049,1447,613,6387,2438
1753329117362219986,0,959,1119,3914,7049,1448,613,6387,2439
1753329117364217367,0,959,1512,3914,7049,1449,613,6387,2454
1753329117366226238,0,959,1149,3915,7049,1450,613,6387,2441
1753329117368215309,0,959,763,3915,7049,1427,613,6387,2441
1753329117370220076,0,959,1123,3916,7049,1450,613,6387,2442
1753329117372218166,0,959,1036,3916,7049,1474,613,6387,2442
1753329117374205243,0,959,1117,3917,7049,1454,613,6387,2443
1753329117376194861,0,959,1081,3918,7049,1461,613,6387,2475
1753329117378202849,0,959,1116,3919,7049,1456,613,6387,2447
1753329117380206018,0,959,1111,3919,7049,1389,613,6387,2447
1753329117382199006,0,959,1116,3920,7049,1453,613,6387,2448
1753329117384220469,0,959,1241,3920,7049,1386,613,6387,2402
1753329117386228320,0,959,1126,3921,7049,1450,613,6387,2446
1753329117388314905,0,959,1127,3922,7049,1452,613,6387,2447
1753329117390234588,0,959,1011,3923,7049,1606,613,6387,2448
1753329117392281872,0,959,1119,3924,7049,1465,613,6387,2449
1753329117394372573,0,959,1156,3924,7049,1351,613,6387,2432
1753329117396251111,0,959,1123,3925,7049,1459,613,6387,2449
1753329117398217117,0,959,1123,3926,7049,1387,613,6387,2450
1753329117400242777,0,959,1123,3927,7049,1456,613,6387,2451
1753329117402217068,0,959,1124,3928,7049,1476,613,6387,2414
1753329117404252096,0,959,1125,3928,7049,1458,613,6387,2449
1753329117406245945,0,959,1088,3929,7049,1406,613,6387,2435
1753329117408347808,0,959,1122,3929,7049,1456,613,6387,2449
1753329117410214837,0,959,1159,3930,7049,1472,613,6387,2427
1753329117412238512,0,959,1126,3930,7049,1458,613,6387,2448
1753329117414233083,0,959,1346,3931,7049,1423,613,6387,2283
1753329117416249121,0,959,1143,3932,7049,1457,613,6387,2437
1753329117418242936,0,959,886,3932,7049,1479,613,6387,2604
1753329117420296734,0,959,1125,3933,7049,1459,613,6387,2451
1753329117422340018,0,959,1162,3933,7049,1422,613,6387,2436
1753329117424342923,0,959,1128,3934,7049,1456,613,6387,2451
1753329117426322478,0,959,1129,3934,7049,1464,613,6387,2451
1753329117428272165,0,959,1129,3934,7049,1457,613,6387,2450
1753329117430292304,0,959,1130,3935,7049,1450,613,6387,2451
1753329117432275640,0,959,1130,3935,7049,1457,613,6387,2451
1753329117434327015,0,959,1094,3935,7049,1485,613,6387,2659
1753329117436386414,0,959,1128,3936,7049,1459,613,6387,2468
1753329117438332518,0,959,1166,3936,7049,1859,613,6387,2275
1753329117440335676,0,959,1133,3937,7049,1489,613,6387,2454
1753329117442254554,0,959,1133,3937,7049,1848,613,6387,2454
1753329117444333907,0,959,1134,3937,7049,1517,613,6387,2454
1753329117446246164,0,959,1135,3938,7049,779,613,6387,2478
1753329117448230086,0,959,1135,3938,7049,1463,613,6387,2457
1753329117450221273,0,959,1136,3938,7049,1560,613,6387,2457
1753329117452184222,0,959,1136,3939,7049,1470,613,6387,2458
1753329117454174202,0,959,1099,3939,7049,1338,613,6387,2472
1753329117456219802,0,959,1134,3939,7049,1460,613,6387,2459
1753329117458190020,0,959,1171,3939,7049,1588,613,6387,2459
1753329117460175164,0,959,1138,3940,7049,1470,613,6387,2460
1753329117462207709,0,959,1101,3940,7049,1441,613,6387,2460
1753329117464220687,0,959,1136,3940,7049,1468,613,6387,2460
1753329117466233487,0,959,1130,3941,7049,1475,613,6387,2515
1753329117468240695,0,959,1136,3941,7049,1471,613,6387,2465
1753329117470222853,0,959,1142,3941,7049,1500,613,6387,2448
1753329117472242716,0,959,1137,3942,7049,1474,613,6387,2465
1753329117474231322,0,959,1138,3942,7049,1474,613,6387,2465
1753329117476215909,0,959,1174,3942,7049,1453,613,6387,2528
1753329117478196169,0,959,1141,3942,7049,1474,613,6387,2469
1753329117480218170,0,959,1141,3942,7049,1062,613,6387,2369
1753329117482208818,0,959,1141,3943,7049,1444,613,6387,2463
1753329117484257136,0,959,1104,3943,7049,1845,613,6387,2563
1753329117486282762,0,959,1139,3944,7049,1476,613,6387,2471
1753329117488245684,0,959,1176,3944,7049,1521,613,6387,2471
1753329117490255112,0,959,1142,3945,7049,1480,613,6387,2472
1753329117492206747,0,959,1143,3945,7049,1481,613,6387,2494
1753329117494273527,0,959,1143,3946,7049,1482,613,6387,2475
1753329117496256718,0,959,1194,3947,7049,1483,613,6387,2509
1753329117498217388,0,959,1148,3947,7049,1483,613,6387,2479
1753329117500241105,0,959,986,3948,7049,1472,613,6387,2286
1753329117502277287,0,959,1136,3949,7049,1484,613,6387,2466
1753329117504204620,0,959,1248,3949,7049,1482,613,6387,2626
1753329117506244829,0,959,1145,3950,7049,1484,613,6387,2479
1753329117508188277,0,959,1145,3951,7049,1487,613,6387,2480
1753329117510256598,0,959,1145,3952,7049,1486,613,6387,2481
1753329117512193321,0,960,1146,3953,7049,1469,613,6387,2482
1753329117514191497,0,959,1146,3953,7049,1486,613,6387,2482
1753329117516190419,0,959,1146,3954,7049,1505,613,6387,2461
1753329117518274544,0,959,1147,3955,7049,1489,613,6387,2483
1753329117520187216,0,959,1147,3956,7049,1566,613,6387,2453
1753329117522168046,0,959,1148,3957,7049,1496,613,6387,2482
1753329117524184243,0,959,1037,3958,7049,1336,613,6387,2536
1753329117526192129,0,959,1139,3959,7049,1485,613,6387,2488
1753329117528196290,0,959,1251,3960,7049,1905,613,6387,2437
1753329117530239980,0,959,1149,3961,7049,1519,613,6387,2486
1753329117532233842,0,959,1112,3961,7049,1156,613,6387,2454
1753329117534228046,0,959,1147,3962,7049,1493,613,6387,2485
1753329117536316826,0,959,1147,3963,7049,1450,613,6387,2434
1753329117538188649,0,959,1147,3964,7049,1491,613,6387,2483
1753329117540209064,0,959,1185,3964,7049,1424,613,6387,2483
1753329117542212239,0,959,1151,3965,7049,1488,613,6387,2484
1753329117544228054,0,959,1114,3966,7049,1524,613,6387,2462
1753329117546237791,0,959,1149,3966,7049,1492,613,6387,2483
1753329117548222060,0,959,1186,3967,7049,1410,613,6387,2470
1753329117550217600,0,959,1151,3968,7049,1488,613,6387,2484
1753329117552209793,0,959,1116,3968,7049,1534,613,6387,2484
1753329117554199681,0,959,1150,3969,7049,1493,613,6387,2485
1753329117556224248,0,959,1150,3969,7049,1447,613,6387,2499
1753329117558188409,0,959,1151,3970,7049,1490,613,6387,2487
1753329117560194808,0,959,1151,3970,7049,1491,613,6387,2487
1753329117562275686,0,959,1187,3970,7049,1492,613,6387,2458
1753329117564389505,0,959,1153,3970,7049,1491,613,6387,2485
1753329117566222055,0,959,1154,3970,7049,1470,613,6387,2485
1753329117568306742,0,959,1154,3970,7049,1490,613,6387,2485
1753329117570236630,0,959,1154,3971,7049,1511,613,6387,2500
1753329117572371735,0,959,1154,3971,7049,1491,613,6387,2487
1753329117574230759,0,959,1154,3971,7049,1430,613,6387,2694
1753329117576236223,0,959,1154,3971,7049,1487,613,6387,2502
1753329117578235999,0,959,1154,3971,7049,1524,613,6387,2294
1753329117580320503,0,959,1155,3971,7049,1489,613,6387,2487
1753329117582226041,0,959,1236,3971,7049,1448,613,6387,2501
1753329117584297520,0,959,1161,3971,7049,1487,613,6387,2488
1753329117586242801,0,959,1182,3972,7049,1640,613,6387,2489
1753329117588330037,0,959,1163,3972,7049,1498,613,6387,2488
1753329117590232900,0,959,1147,3972,7049,1285,613,6387,2511
1753329117592293916,0,959,1162,3972,7049,1482,613,6387,2490
1753329117594212312,0,959,1156,3973,7049,1567,613,6387,2468
1753329117596238749,0,959,1161,3973,7049,1488,613,6387,2489
1753329117598152604,0,959,1161,3973,7049,1496,613,6387,2429
1753329117600148905,0,959,1162,3974,7049,1489,613,6387,2486
1753329117602149035,0,959,1411,3974,7049,1433,613,6387,2546
1753329117604228940,0,959,1182,3974,7049,1484,613,6387,2490
1753329117606241157,0,959,954,3974,7049,1469,613,6387,2490
1753329117608215812,0,959,1166,3976,7049,1482,613,6387,2492
1753329117610205113,0,959,1166,3976,7049,1483,613,6387,2432
1753329117612213721,0,959,1167,3976,7049,1482,613,6387,2488
1753329117614227501,0,959,1152,3976,7049,1614,613,6387,2389
1753329117616263382,0,959,1167,3977,7049,1493,613,6387,2481
1753329117618174751,0,959,1168,3977,7049,1381,613,6387,2610
1753329117620158662,0,959,1168,3977,7049,1484,613,6387,2491
1753329117622171100,0,959,1163,3977,7049,1554,613,6387,2459
1753329117624147953,0,959,1169,3977,7049,1488,613,6387,2488
1753329117626143667,0,959,1175,3977,7049,1296,613,6387,2488
1753329117628140550,0,959,1170,3977,7049,1474,613,6387,2488
1753329117630146184,0,959,1165,3977,7049,1666,613,6387,2519
1753329117632159690,0,959,1171,3977,7049,1488,613,6387,2490
1753329117634154551,0,959,1172,3977,7049,1530,613,6387,2490
1753329117636166316,0,959,1172,3977,7049,1491,613,6387,2490
1753329117638168482,0,959,1178,3977,7049,1491,613,6387,2459
1753329117640172554,0,959,1174,3977,7049,1491,613,6387,2488
1753329117642176049,0,959,1168,3977,7049,1498,613,6387,2488
1753329117644186723,0,959,1175,3977,7049,1491,613,6387,2488
1753329117646187282,0,959,1176,3977,7049,1491,613,6387,2488
1753329117648190143,0,959,1176,3977,7049,1442,613,6387,2487
1753329117650246655,0,959,1177,3977,7049,1487,613,6387,2487
1753329117652255199,0,959,1177,3977,7049,1413,613,6387,2455
1753329117654288831,0,959,1178,3977,7049,1482,613,6387,2485
1753329117656261712,0,959,1098,3977,7049,1740,613,6387,2485
1753329117659687524,0,959,1173,3977,7049,1501,613,6387,2485
1753329117660271260,0,959,1174,3977,7049,1404,613,6387,2485
1753329117662231674,0,959,1174,3977,7049,1494,613,6387,2485
1753329117664230244,0,959,1175,3977,7049,1517,613,6387,2457
1753329117666240951,0,959,1176,3977,7049,1495,613,6387,2482
1753329117668258317,0,959,1176,3977,7049,1480,613,6387,2482
1753329117670226128,0,959,1177,3977,7049,1494,613,6387,2482
1753329117672221614,0,959,1440,3977,7049,1480,613,6387,2482
1753329117674227085,0,959,1197,3976,7049,1493,613,6387,2481
1753329117676225987,0,959,934,3976,7049,1447,613,6387,2442
1753329117678242237,0,959,1179,3976,7049,1490,613,6387,2478
1753329117680242167,0,959,1260,3976,7049,1817,613,6387,2478
1753329117682281812,0,959,1186,3976,7049,1514,613,6387,2478
1753329117684243099,0,959,1063,3976,7049,1007,613,6387,2470
1753329117686296940,0,959,1177,3976,7049,1476,613,6387,2477
1753329117688367168,0,959,1183,3974,7049,1451,613,6387,2483
1753329117690273608,0,959,1179,3974,7049,1474,613,6387,2475
1753329117692235983,0,959,1174,3974,7049,1751,613,6387,2467
1753329117694208618,0,959,1179,3974,7049,1495,613,6387,2475
1753329117696201333,0,959,1180,3974,7049,1480,613,6387,2475
1753329117698217003,0,959,1180,3973,7049,1493,613,6387,2473
1753329117700209820,0,959,1161,3973,7049,1249,613,6387,2453
1753329117702214195,0,959,1180,3972,7049,1475,613,6387,2471
1753329117704215106,0,959,1181,3972,7049,1659,613,6387,2471
1753329117706225583,0,959,1181,3971,7049,1489,613,6387,2470
1753329117708227942,0,959,1181,3971,7049,1445,613,6387,2469
1753329117710290094,0,959,1182,3970,7049,1486,613,6387,2468
1753329117712261446,0,959,1133,3970,7049,1514,613,6387,2439
1753329117714259421,0,959,1178,3969,7049,1488,613,6387,2465
1753329117716280382,0,959,1226,3969,7049,1400,613,6387,2465
1753329117718265303,0,959,1181,3968,7049,1481,613,6387,2464
1753329117720301279,0,959,1133,3967,7049,1481,613,6387,2446
1753329117722279932,0,959,1178,3967,7049,1481,613,6387,2461
1753329117724291691,0,959,1178,3966,7049,1471,613,6387,2460
1753329117726321007,0,959,1178,3965,7049,1480,613,6387,2459
1753329117728240588,0,959,1177,3964,7049,1480,613,6387,2458
1753329117730240195,0,959,1176,3963,7049,1479,613,6387,2659
1753329117732316719,0,959,1176,3962,7049,1480,613,6387,2471
1753329117734277562,0,959,1224,3962,7049,1400,613,6387,2225
1753329117736268104,0,959,1180,3961,7049,1473,613,6387,2451
1753329117738194501,0,959,1132,3960,7049,1525,613,6387,2450
1753329117740310667,0,959,1176,3959,7049,1477,613,6387,2449
1753329117742172415,0,959,1224,3958,7049,1451,613,6387,2448
1753329117744202081,0,959,1180,3957,7049,1474,613,6387,2447
1753329117746197484,0,959,1131,3957,7049,1463,613,6387,2447
1753329117748206643,0,959,1176,3955,7049,1473,613,6387,2444
1753329117750160939,0,959,1224,3955,7049,1506,613,6387,2444
1753329117752176112,0,959,1179,3953,7049,1474,613,6387,2442
1753329117754175660,0,959,1179,3952,7049,1409,613,6387,2417
1753329117756263887,0,959,1179,3951,7049,1469,613,6387,2438
1753329117758223794,0,959,1489,3950,7049,1610,613,6387,2722
1753329117760251621,0,959,1202,3949,7049,1478,613,6387,2457
1753329117762221990,0,959,892,3948,7049,1354,613,6387,2171
1753329117764243031,0,959,1179,3947,7049,1468,613,6387,2434
1753329117766248705,0,959,1179,3946,7049,1439,613,6387,2517
1753329117768206024,0,959,1179,3945,7049,1464,613,6387,2438
1753329117770226923,0,959,1179,3943,7049,1400,613,6387,2352
1753329117772227620,0,959,1179,3942,7049,1458,613,6387,2428
1753329117774233094,0,959,1131,3942,7049,1534,613,6387,2428
1753329117776213980,0,959,1176,3941,7049,1463,613,6387,2427
1753329117778217668,0,959,1224,3940,7049,1462,613,6387,2493
1753329117780224042,0,959,1180,3938,7049,1460,613,6387,2429
1753329117782247544,0,959,1131,3936,7049,1468,613,6387,2383
1753329117784238866,0,959,1175,3935,7049,1459,613,6387,2422
1753329117786222654,0,959,1175,3934,7049,1481,613,6387,2397
1753329117788228856,0,959,1175,3933,7049,1457,613,6387,2418
1753329117790241184,0,959,1175,3932,7049,1463,613,6387,2501
1753329117792254043,0,959,1175,3930,7049,1456,613,6387,2421
1753329117794232616,0,959,1176,3929,7049,1551,613,6387,2360
1753329117796247250,0,959,1175,3928,7049,1460,613,6387,2414
1753329117798239918,0,959,1175,3926,7049,1077,613,6387,2412
1753329117800233509,0,959,1175,3925,7049,1429,613,6387,2411
1753329117802226755,0,959,1175,3924,7049,1851,613,6387,2671
1753329117804230720,0,959,1175,3922,7049,1457,613,6387,2427
1753329117806202082,0,959,1175,3921,7049,1524,613,6387,2166
1753329117808244735,0,959,1175,3920,7049,1460,613,6387,2406
1753329117810219478,0,959,1175,3918,7049,1434,613,6387,2404
1753329117812219053,0,959,1174,3917,7049,1457,613,6387,2402
1753329117814255624,0,959,1174,3916,7049,1457,613,6387,2401
1753329117816228113,0,959,1174,3914,7049,1481,613,6387,2375
1753329117818249625,0,959,1174,3913,7049,1457,613,6387,2396
1753329117820204302,0,959,1174,3911,7049,1510,613,6387,2418
1753329117822308465,0,959,1174,3910,7049,1461,613,6387,2395
1753329117824203545,0,959,1174,3908,7049,1420,613,6387,2034
1753329117826278209,0,959,1174,3907,7049,1458,613,6387,2365
1753329117828210773,0,959,1174,3906,7049,1359,613,6387,2766
1753329117830315597,0,959,1174,3904,7049,1450,613,6387,2391
1753329117832237762,0,959,1174,3903,7049,1474,613,6387,2435
1753329117834281313,0,959,1174,3902,7049,1452,613,6387,2392
1753329117836233499,0,959,1173,3900,7049,1399,613,6387,2277
1753329117838193100,0,959,1173,3899,7049,1448,613,6387,2381
1753329117840208276,0,959,1364,3898,7049,2372,613,6387,1610
1753329117842224516,0,959,1187,3896,7049,1517,613,6387,2320
1753329117844214185,0,959,995,3894,7049,356,613,6387,3111
1753329117846256056,0,959,1173,3893,7049,1430,613,6387,2375
1753329117848224205,0,959,1172,3892,7049,1593,613,6387,2418
1753329117850254341,0,959,1171,3890,7049,1441,613,6387,2375
1753329117852243749,0,959,1171,3889,7049,1420,613,6387,2391
1753329117854196359,0,959,1171,3887,7049,1439,613,6387,2373
1753329117856246914,0,959,1171,3885,7049,1438,613,6387,2420
1753329117858216974,0,959,1170,3884,7049,1438,613,6387,2374
1753329117860235876,0,959,1170,3882,7049,1437,613,6387,2323
1753329117862212801,0,959,1170,3881,7049,1435,613,6387,2367
1753329117864308748,0,959,1169,3877,7049,1424,613,6387,2392
1753329117866341118,0,959,1169,3876,7049,1431,613,6387,2364
1753329117868406917,0,959,1169,3874,7049,1401,613,6387,2362
1753329117870424073,0,959,1169,3873,7049,1427,613,6387,2361
1753329117872327723,0,959,1169,3873,7049,1451,613,6387,2380
1753329117874337348,0,959,1169,3871,7049,1428,613,6387,2360
1753329117876238576,0,959,1168,3869,7049,1447,613,6387,2405
1753329117878218536,0,959,1168,3867,7049,1426,613,6387,2359
1753329117880332690,0,959,1167,3866,7049,1425,613,6387,2319
1753329117882349974,0,959,1167,3864,7049,1424,613,6387,2353
1753329117884369883,0,959,1166,3864,7049,1365,613,6387,2451
1753329117886324752,0,959,1166,3863,7049,1418,613,6387,2359
1753329117888343527,0,959,1165,3862,7049,1494,613,6387,2299
1753329117890293479,0,959,1165,3859,7049,1421,613,6387,2351
1753329117892336818,0,959,1165,3858,7049,1419,613,6387,2730
1753329117894228377,0,959,1164,3857,7049,1418,613,6387,2377
1753329117896223330,0,959,1164,3855,7049,1417,613,6387,1994
1753329117898284959,0,959,1164,3853,7049,1416,613,6387,2345
1753329117900253678,0,959,1163,3852,7049,1481,613,6387,2305
1753329117902296797,0,959,1163,3851,7049,1419,613,6387,2340
1753329117904285143,0,959,1163,3850,7049,1418,613,6387,2338
1753329117906263245,0,959,1163,3849,7049,1376,613,6387,2376
1753329117908250413,0,959,1162,3847,7049,1413,613,6387,2338
1753329117910261028,0,959,1162,3846,7049,1347,613,6387,1988
1753329117912262116,0,959,1162,3845,7049,1405,613,6387,2310
1753329117914261761,0,959,1162,3844,7049,1522,613,6387,2686
1753329117916329470,0,959,1161,3843,7049,1411,613,6387,2336
1753329117918293622,0,959,1160,3842,7049,1440,613,6387,2335
1753329117920385084,0,959,1160,3841,7049,1412,613,6387,2334
1753329117922208979,0,959,1160,3840,7049,1380,613,6387,2332
1753329117924307195,0,959,1159,3838,7049,1408,613,6387,2330
1753329117926237158,0,959,1159,3837,7049,1363,613,6387,2302
1753329117928246032,0,959,1159,3836,7049,1403,613,6387,2326
1753329117930260131,0,959,1158,3835,7049,1400,613,6387,2325
1753329117932266691,0,959,1158,3834,7049,1400,613,6387,2324
1753329117934256737,0,959,1157,3832,7049,1453,613,6387,2255
1753329117936386283,0,959,1157,3831,7049,1402,613,6387,2316
1753329117938248449,0,959,1157,3829,7049,1753,613,6387,2381
1753329117940314846,0,959,1156,3828,7049,1426,613,6387,2318
1753329117942281936,0,959,1156,3826,7049,1038,613,6387,2277
1753329117944220789,0,959,1156,3825,7049,1396,613,6387,2312
1753329117946209586,0,959,1155,3824,7049,1450,613,6387,2377
1753329117948284476,0,959,1155,3822,7049,1398,613,6387,2313
1753329117950220279,0,959,1154,3821,7049,1342,613,6387,2218
1753329117952264566,0,959,1154,3820,7049,1392,613,6387,2304
1753329117954202336,0,959,1153,3819,7049,1403,613,6387,2475
1753329117956230013,0,959,1153,3817,7049,1391,613,6387,2314
1753329117958241181,0,959,1152,3816,7049,1305,613,6387,2235
1753329117960217459,0,959,1152,3814,7049,1384,613,6387,2305
1753329117962215502,0,959,1151,3813,7049,1467,613,6387,2277
1753329117964268400,0,959,1151,3812,7049,1388,613,6387,2301
1753329117966221360,0,959,1150,3810,7049,1356,613,6387,2358
1753329117968227697,0,959,1150,3809,7049,1384,613,6387,2302
1753329117970218079,0,959,1149,3807,7049,1308,613,6387,2241
1753329117972232941,0,959,1149,3806,7049,1377,613,6387,2294
1753329117974222736,0,959,1148,3804,7049,1481,613,6387,2320
1753329117976265724,0,959,1148,3803,7049,1383,613,6387,2293
1753329117978222930,0,959,1148,3801,7049,1404,613,6387,2054
1753329117980258663,0,959,1147,3800,7049,1383,613,6387,2272
1753329117982248566,0,959,1147,3798,7049,1345,613,6387,2571
1753329117984263158,0,959,1145,3797,7049,1379,613,6387,2292
1753329117986324222,0,959,1145,3796,7049,1378,613,6387,2291
1753329117988215847,0,959,1144,3794,7049,1399,613,6387,2303
1753329117990243441,0,959,1144,3793,7049,1377,613,6387,2289
1753329117992189076,0,959,1143,3791,7049,1375,613,6387,2286
1753329117994235470,0,959,1143,3790,7049,1375,613,6387,2285
1753329117996188084,0,959,1142,3789,7049,1423,613,6387,2374
1753329117998216868,0,959,1141,3787,7049,1376,613,6387,2289
1753329118000194306,0,959,1141,3786,7049,1494,613,6387,2236
1753329118002220950,0,960,1140,3785,7049,1382,613,6387,2283
1753329118004203560,0,959,1140,3784,7049,1189,613,6387,2297
1753329118006243970,0,959,1139,3782,7049,1366,613,6387,2281
1753329118008204824,0,959,1139,3781,7049,1369,613,6387,2266
1753329118010221097,0,959,1139,3780,7049,1364,613,6387,2278
1753329118012250113,0,959,1138,3779,7049,1416,613,6387,2291
1753329118014242378,0,959,1138,3778,7049,1367,613,6387,2277
1753329118016266778,0,959,1137,3777,7049,1391,613,6387,2262
1753329118018325403,0,959,1135,3775,7049,1367,613,6387,2273
1753329118020266695,0,959,1135,3774,7049,1366,613,6387,2324
1753329118022219744,0,959,1134,3774,7049,1365,613,6387,2276
1753329118024178138,0,959,1134,3772,7049,1356,613,6387,2236
1753329118026193351,0,959,1133,3772,7049,1363,613,6387,2271
1753329118028209139,0,959,1133,3771,7049,1345,613,6387,2270
1753329118030190957,0,959,1132,3770,7049,1359,613,6387,2269
1753329118032197338,0,959,1132,3769,7049,1317,613,6387,2268
1753329118034195630,0,959,1131,3768,7049,1354,613,6387,2267
1753329118036191261,0,959,1130,3767,7049,1392,613,6387,2266
1753329118038194776,0,959,1130,3766,7049,1355,613,6387,2265
1753329118040186771,0,959,1129,3766,7049,1354,613,6387,2227
1753329118042199570,0,959,1129,3765,7049,1353,613,6387,2261
1753329118044207395,0,959,1128,3764,7049,2304,613,6387,2231
1753329118046209138,0,959,1127,3763,7049,1422,613,6387,2257
1753329118048227366,0,959,1127,3762,7049,567,613,6387,2270
1753329118050230827,0,959,1125,3761,7049,1356,613,6387,2256
1753329118052246908,0,959,1125,3760,7049,1241,613,6387,2255
1753329118054227689,0,959,1124,3759,7049,1345,613,6387,2254
1753329118056254781,0,959,1124,3758,7049,1344,613,6387,2374
1753329118058231577,0,959,1123,3757,7049,1343,613,6387,2261
1753329118060253049,0,959,1122,3757,7049,2079,613,6387,2191
1753329118062228063,0,959,1122,3755,7049,1396,613,6387,2253
1753329118064256408,0,959,1121,3754,7049,706,613,6387,2155
1753329118066292618,0,959,1120,3753,7049,1343,613,6387,2244
1753329118068263301,0,959,1119,3752,7049,1309,613,6387,2303
1753329118070278601,0,959,1118,3751,7049,1338,613,6387,2246
1753329118072302368,0,959,1118,3750,7049,1338,613,6387,2245
1753329118074321154,0,959,1117,3749,7049,1337,613,6387,2215
1753329118076214488,0,959,1116,3748,7049,1336,613,6387,2241
1753329118078282566,0,959,1115,3746,7049,1304,613,6387,2208
1753329118080257755,0,959,1115,3745,7049,1334,613,6387,2236
1753329118082292534,0,959,1114,3744,7049,1364,613,6387,2235
1753329118084311708,0,959,1112,3743,7049,1334,613,6387,2234
1753329118086315440,0,959,1111,3742,7049,1312,613,6387,2264
1753329118088279780,0,959,1111,3741,7049,1330,613,6387,2234
1753329118090267032,0,959,1110,3740,7049,1362,613,6387,2170
1753329118092343962,0,959,1109,3738,7049,1330,613,6387,2226
1753329118094251857,0,959,1108,3737,7049,1156,613,6387,2257
1753329118096241878,0,959,1108,3736,7049,1316,613,6387,2226
1753329118098231904,0,959,1107,3735,7049,1471,613,6387,2225
1753329118100217912,0,959,1106,3734,7049,1326,613,6387,2224
1753329118102223739,0,959,1105,3733,7049,1358,613,6387,2125
1753329118104256861,0,959,1105,3731,7049,1326,613,6387,2214
1753329118106261536,0,959,1104,3730,7049,1274,613,6387,2342
1753329118108248006,0,959,1103,3729,7049,1320,613,6387,2221
1753329118110237948,0,959,1102,3728,7049,1337,613,6387,2220
1753329118112220623,0,959,1102,3726,7049,1319,613,6387,2218
1753329118114211257,0,959,1101,3725,7049,1336,613,6387,2217
1753329118116202956,0,959,1100,3723,7049,1317,613,6387,2215
1753329118118225449,0,959,1098,3722,7049,1338,613,6387,2229
1753329118120259839,0,959,1097,3721,7049,1317,613,6387,2214
1753329118122193595,0,959,1096,3719,7049,1262,613,6387,2212
1753329118124241561,0,959,1095,3718,7049,1311,613,6387,2211
1753329118126225176,0,959,1094,3716,7049,1331,613,6387,2223
1753329118128224867,0,959,1094,3715,7049,1311,613,6387,2209
1753329118130205759,0,959,1093,3714,7049,1603,613,6387,2414
1753329118132207983,0,959,1092,3712,7049,1331,613,6387,2221
1753329118134194947,0,959,1091,3711,7049,1070,613,6387,1985
1753329118136209288,0,959,1090,3709,7049,1310,613,6387,2201
1753329118138208449,0,959,1089,3708,7049,1293,613,6387,2214
1753329118140175347,0,959,1088,3707,7049,1306,613,6387,2200
1753329118142233241,0,959,1087,3706,7049,1305,613,6387,2213
1753329118144245819,0,959,1086,3704,7049,1304,613,6387,2198
1753329118146191304,0,959,1086,3703,7049,1265,613,6387,2197
1753329118148206517,0,959,1085,3702,7049,1299,613,6387,2196
1753329118150185649,0,959,1083,3701,7049,1403,613,6387,2218
1753329118152204687,0,959,1082,3700,7049,1305,613,6387,2195
1753329118154207987,0,959,1081,3698,7049,1295,613,6387,2208
1753329118156255687,0,959,1080,3697,7049,1301,613,6387,2193
1753329118158237117,0,959,1079,3696,7049,1300,613,6387,2192
1753329118160229880,0,959,1078,3695,7049,1301,613,6387,2191
1753329118162251158,0,959,1077,3695,7049,1298,613,6387,2191
1753329118164225767,0,959,1076,3694,7049,1305,613,6387,2190
1753329118166210292,0,959,1075,3692,7049,1297,613,6387,2188
1753329118168151890,0,959,1074,3692,7049,1228,613,6387,2188
1753329118170284619,0,959,1073,3691,7049,1289,613,6387,2187
1753329118172218388,0,959,1072,3690,7049,1514,613,6387,2186
1753329118174292111,0,959,1071,3688,7049,1304,613,6387,2184
1753329118176347940,0,959,1071,3688,7049,1201,613,6387,2222
1753329118178227630,0,959,1070,3687,7049,1295,613,6387,2186
1753329118180215942,0,959,1069,3686,7049,1309,613,6387,2133
1753329118182211724,0,959,1068,3685,7049,1294,613,6387,2180
1753329118184206744,0,959,1066,3684,7049,1237,613,6387,2156
1753329118186254452,0,959,1065,3683,7049,1288,613,6387,2176
1753329118188230001,0,959,1064,3682,7049,1219,613,6387,2213
1753329118190276792,0,959,1063,3681,7049,1282,613,6387,2177
1753329118192317629,0,959,1063,3680,7049,1351,613,6387,2138
1753329118194235914,0,959,1062,3679,7049,1285,613,6387,2172
1753329118196223557,0,959,1061,3678,7049,1238,613,6387,2157
1753329118198240798,0,959,1060,3676,7049,1278,613,6387,2168
1753329118200252598,0,959,1059,3675,7049,1331,613,6387,2167
1753329118202265971,0,959,1058,3674,7049,1280,613,6387,2166
1753329118204259839,0,959,1057,3673,7049,1325,613,6387,2165
1753329118206259511,0,959,1056,3672,7049,1282,613,6387,2164
1753329118208260846,0,959,1055,3670,7049,1201,613,6387,2176
1753329118210269774,0,959,1054,3669,7049,1275,613,6387,2162
1753329118212280880,0,959,1053,3668,7049,1274,613,6387,2161
1753329118214338526,0,959,1052,3667,7049,1273,613,6387,2160
1753329118216334908,0,960,1051,3666,7049,1299,613,6387,2250
1753329118218306740,0,959,1049,3664,7049,1273,613,6387,2163
1753329118220279914,0,959,1048,3663,7049,1297,613,6387,2071
1753329118222268528,0,959,1047,3662,7049,1272,613,6387,2155
1753329118224326292,0,959,1046,3660,7049,1064,613,6387,2176
1753329118226344445,0,959,1045,3659,7049,1256,613,6387,2153
1753329118228288590,0,959,1044,3658,7049,1411,613,6387,2152
1753329118230339345,0,959,1043,3657,7049,1266,613,6387,2151
1753329118232281202,0,959,1042,3655,7049,1247,613,6387,2149
1753329118234265663,0,959,1042,3654,7049,1263,613,6387,2148
1753329118236345909,0,959,1041,3653,7049,1308,613,6387,2162
1753329118238273889,0,959,1040,3652,7049,1265,613,6387,2147
1753329118240274245,0,959,1039,3651,7049,1343,613,6387,2146
1753329118242273282,0,959,1037,3649,7049,1269,613,6387,2144
1753329118244304560,0,959,1037,3648,7049,1268,613,6387,2143
1753329118246268004,0,959,1035,3647,7049,1468,613,6387,2343
1753329118248355882,0,959,1034,3646,7049,1282,613,6387,2156
1753329118250249559,0,959,1032,3645,7049,984,613,6387,1955
1753329118252258275,0,959,1031,3643,7049,1258,613,6387,2138
1753329118254253163,0,959,1030,3642,7049,1257,613,6387,2175
1753329118256257898,0,959,1029,3641,7049,1256,613,6387,2139
1753329118258239845,0,959,1028,3639,7049,1226,613,6387,2137
1753329118260341374,0,959,1027,3638,7049,1252,613,6387,2136
1753329118262235807,0,959,1026,3636,7049,1350,613,6387,2082
1753329118264295364,0,959,1025,3635,7049,1258,613,6387,2129
1753329118266201355,0,959,1024,3634,7049,1169,613,6387,2180
1753329118268264349,0,959,1023,3632,7049,1249,613,6387,2130
1753329118270236691,0,959,1022,3631,7049,1244,613,6387,2129
1753329118272335880,0,959,1021,3630,7049,1249,613,6387,2128
1753329118274249742,0,959,1020,3628,7049,1349,613,6387,2142
1753329118276405447,0,959,1019,3627,7049,1255,613,6387,2126
1753329118278260818,0,960,1018,3626,7049,1144,613,6387,2125
1753329118280272009,0,959,1017,3625,7049,1247,613,6387,2124
1753329118282245736,0,959,1016,3624,7049,1275,613,6387,2106
1753329118284249637,0,960,1014,3622,7049,1249,613,6387,2120
1753329118286265461,0,959,1012,3621,7049,1240,613,6387,2119
1753329118288214075,0,959,1012,3621,7049,1247,613,6387,2119
1753329118290202656,0,959,1011,3619,7049,1072,613,6387,2079
1753329118292217628,0,959,1010,3618,7049,1233,613,6387,2113
1753329118294220321,0,959,1008,3617,7049,1217,613,6387,2166
1753329118296203570,0,959,1007,3616,7049,1230,613,6387,2115
1753329118298228615,0,959,1006,3615,7049,1369,613,6387,2129
1753329118300186060,0,959,1005,3613,7049,1239,613,6387,2113
1753329118302185153,0,960,1004,3612,7049,1177,613,6387,2042
1753329118304200465,0,959,1003,3611,7049,1232,613,6387,2106
1753329118306268846,0,959,1001,3611,7049,1293,613,6387,2176
1753329118308262583,0,959,1000,3609,7049,1235,613,6387,2109
1753329118310246852,0,959,999,3608,7049,1275,613,6387,2108
1753329118312292811,0,959,998,3607,7049,1235,613,6387,2107
1753329118314240745,0,959,996,3606,7049,1192,613,6387,2106
1753329118316291917,0,959,995,3605,7049,1229,613,6387,2105
1753329118318263478,0,959,993,3604,7049,1278,613,6387,2190
1753329118320341254,0,959,992,3603,7049,1230,613,6387,2110
1753329118322272005,0,959,990,3602,7049,1296,613,6387,2054
1753329118324304227,0,959,989,3600,7049,1232,613,6387,2102
1753329118326343049,0,959,988,3600,7049,1230,613,6387,2102
1753329118328337817,0,959,987,3599,7049,1025,613,6387,2123
1753329118330309970,0,959,986,3598,7049,1212,613,6387,2102
1753329118332271063,0,959,985,3596,7049,1421,613,6387,2078
1753329118334397895,0,959,983,3595,7049,1226,613,6387,2098
1753329118336316449,0,959,982,3595,7049,1263,613,6387,2119
1753329118338323124,0,959,982,3593,7049,1226,613,6387,2097
1753329118340329138,0,959,980,3592,7049,1204,613,6387,2096
1753329118342336989,0,959,979,3591,7049,1222,613,6387,2095
1753329118344272781,0,959,978,3590,7049,1266,613,6387,2072
1753329118346298472,0,959,976,3590,7049,1224,613,6387,2093
1753329118348277436,0,959,975,3589,7049,1223,613,6387,2147
1753329118350354634,0,959,973,3588,7049,1222,613,6387,2095
1753329118352291126,0,959,972,3588,7049,1221,613,6387,2040
1753329118354321473,0,959,971,3587,7049,1220,613,6387,2090
1753329118356288095,0,959,969,3586,7049,1175,613,6387,2058
1753329118358334177,0,959,968,3585,7049,1216,613,6387,2085
1753329118360279820,0,959,967,3584,7049,1196,613,6387,2069
1753329118362313222,0,959,965,3583,7049,1214,613,6387,2082
1753329118364278590,0,959,964,3583,7049,1252,613,6387,1991
1753329118366319407,0,959,962,3582,7049,1215,613,6387,2074
1753329118368281075,0,959,960,3581,7049,1101,613,6387,2181
1753329118370268219,0,959,959,3580,7049,1204,613,6387,2080
1753329118372266181,0,959,958,3579,7049,1185,613,6387,2047
1753329118374238124,0,959,957,3578,7049,1202,613,6387,2076
1753329118376249501,0,959,956,3577,7049,1277,613,6387,2092
1753329118378227677,0,959,954,3576,7049,1206,613,6387,2075
1753329118380238337,0,959,953,3575,7049,1263,613,6387,2058
1753329118382245974,0,959,952,3574,7049,1208,613,6387,2072
1753329118384243432,0,959,949,3573,7049,704,613,6387,1981
1753329118386252923,0,959,948,3572,7049,1169,613,6387,2063
1753329118388227653,0,959,1144,3571,7049,1703,613,6387,2152
1753329118390261103,0,959,960,3570,7049,1207,613,6387,2068
1753329118392327721,0,959,761,3569,7049,1028,613,6387,2083
1753329118394285388,0,959,942,3568,7049,1191,613,6387,2067
1753329118396287198,0,959,941,3567,7049,1291,613,6387,2066
1753329118398280507,0,959,939,3566,7049,1198,613,6387,2065
1753329118400251629,0,959,938,3564,7049,1155,613,6387,2047
1753329118402265587,0,959,937,3563,7049,1191,613,6387,2061
1753329118404246373,0,959,935,3562,7049,1164,613,6387,2076
1753329118406251755,0,959,934,3561,7049,1187,613,6387,2060
1753329118408245324,0,959,933,3560,7049,1226,613,6387,2043
1753329118410250832,0,959,932,3559,7049,1189,613,6387,2057
1753329118412272103,0,959,930,3557,7049,1188,613,6387,2055
1753329118414240189,0,959,929,3556,7049,1187,613,6387,2016
1753329118416256697,0,959,929,3555,7049,1186,613,6387,2050
1753329118418259801,0,959,928,3554,7049,1185,613,6387,2103
1753329118420252627,0,959,926,3553,7049,1184,613,6387,2052
1753329118422244317,0,959,924,3552,7049,1183,613,6387,2051
1753329118424299363,0,959,923,3551,7049,1182,613,6387,2050
1753329118426221901,0,959,921,3550,7049,1210,613,6387,2049
1753329118428235498,0,959,920,3549,7049,1182,613,6387,2048
1753329118430224064,0,959,918,3548,7049,1209,613,6387,2047
1753329118432298329,0,959,917,3547,7049,1182,613,6387,2046
1753329118434283806,0,959,916,3546,7049,1112,613,6387,1991
1753329118436377250,0,960,914,3545,7049,1175,613,6387,2040
1753329118438254257,0,959,913,3544,7049,1216,613,6387,2093
1753329118440358357,0,959,911,3543,7049,1176,613,6387,2042
1753329118442267959,0,959,910,3541,7049,1175,613,6387,2055
1753329118444281911,0,959,909,3541,7049,1174,613,6387,2041
1753329118446251522,0,959,907,3539,7049,1173,613,6387,2039
1753329118448267331,0,959,906,3538,7049,1172,613,6387,2038
1753329118450247294,0,959,905,3537,7049,1285,613,6387,2037
1753329118452248213,0,959,903,3536,7049,1179,613,6387,2036
1753329118454235621,0,959,902,3535,7049,1193,613,6387,2035
1753329118456257542,0,959,900,3533,7049,1177,613,6387,2033
1753329118458253973,0,959,898,3533,7049,1114,613,6387,2018
1753329118460260373,0,959,897,3532,7049,1170,613,6387,2031
1753329118462215495,0,959,895,3531,7049,1197,613,6387,2030
1753329118464234103,0,959,894,3530,7049,1170,613,6387,2029
1753329118466238945,0,959,1224,3529,7049,1229,613,6387,2011
1753329118468247589,0,959,916,3527,7049,1174,613,6387,2025
1753329118470237071,0,959,583,3527,7049,-76,613,6387,2025
1753329118472256171,0,959,888,3526,7049,1079,613,6387,2024
1753329118474244677,0,959,887,3525,7049,2284,613,6387,1948
1753329118476245869,0,959,885,3524,7049,1166,613,6387,2016
1753329118478224830,0,959,884,3522,7049,1059,613,6387,2152
1753329118480232425,0,959,882,3521,7049,1157,613,6387,2023
1753329118482220569,0,959,881,3520,7049,1071,613,6387,1959
1753329118484211264,0,959,879,3519,7049,1150,613,6387,2017
1753329118486238317,0,959,878,3518,7049,1204,613,6387,2016
1753329118488247507,0,959,876,3517,7049,1153,613,6387,2015
1753329118490250768,0,959,875,3515,7049,1153,613,6387,1975
1753329118492259426,0,959,874,3514,7049,1152,613,6387,2009
1753329118494244610,0,959,872,3513,7049,1162,613,6387,2077
1753329118496227843,0,959,870,3512,7049,1151,613,6387,2012
1753329118498246961,0,959,868,3510,7049,1151,613,6387,2010
1753329118500191969,0,959,866,3509,7049,1217,613,6387,1977
1753329118502240617,0,959,865,3508,7049,1154,613,6387,2006
1753329118504219449,0,959,864,3507,7049,1048,613,6387,2089
1753329118506200936,0,959,862,3505,7049,1145,613,6387,2009
1753329118508195362,0,959,861,3505,7049,1144,613,6387,1941
1753329118510192843,0,959,859,3503,7049,1143,613,6387,2002
1753329118512210790,0,959,857,3502,7049,1142,613,6387,2047
1753329118514237492,0,959,856,3501,7049,1140,613,6387,2003
1753329118516245054,0,959,854,3500,7049,1140,613,6387,2002
1753329118518195155,0,959,853,3499,7049,1138,613,6387,2001
1753329118520203700,0,959,851,3498,7049,1176,613,6387,2055
1753329118522316591,0,959,850,3497,7049,1140,613,6387,2003
1753329118524274020,0,959,848,3496,7049,1163,613,6387,1969
1753329118526306419,0,959,846,3495,7049,1140,613,6387,1999
1753329118528295100,0,959,845,3493,7049,1764,613,6387,1975
1753329118530414716,0,959,842,3492,7049,1185,613,6387,1994
1753329118532268356,0,959,841,3492,7049,572,613,6387,2016
1753329118534381233,0,959,839,3490,7049,1136,613,6387,1994
1753329118536278098,0,959,837,3489,7049,1122,613,6387,1940
1753329118538219455,0,959,836,3488,7049,1134,613,6387,1988
1753329118540217072,0,959,834,3487,7049,385,613,6387,1714
1753329118542266671,0,959,832,3486,7049,1076,613,6387,1966
1753329118544236247,0,959,831,3485,7049,1794,613,6387,2291
1753329118546215627,0,959,830,3484,7049,1128,613,6387,1988
1753329118548216139,0,959,828,3483,7049,1155,613,6387,1987
1753329118550215406,0,959,826,3482,7049,1127,613,6387,1986
1753329118552224206,0,959,824,3481,7049,1193,613,6387,2018
1753329118554209889,0,959,822,3480,7049,1131,613,6387,1987
1753329118556217545,0,959,821,3479,7049,1043,613,6387,1952
1753329118558206755,0,960,819,3478,7049,1123,613,6387,1982
1753329118560244297,0,959,818,3477,7049,1152,613,6387,1928
1753329118562230367,0,959,816,3476,7049,1123,613,6387,1976
1753329118564211875,0,959,813,3475,7049,1085,613,6387,1975
1753329118566204401,0,959,812,3474,7049,1119,613,6387,1974
1753329118568209603,0,959,810,3474,7049,1075,613,6387,1974
1753329118570203955,0,959,808,3473,7049,1114,613,6387,1973
1753329118572198672,0,959,807,3472,7049,1123,613,6387,1972
1753329118574202214,0,959,805,3471,7049,1114,613,6387,1971
1753329118576215501,0,959,803,3470,7049,1103,613,6387,1955
1753329118578236432,0,959,801,3469,7049,1111,613,6387,1968
1753329118580256463,0,959,1530,3469,7049,1119,613,6387,1952
1753329118582253113,0,959,853,3468,7049,1109,613,6387,1966
1753329118584283870,0,959,852,3467,7049,1108,613,6387,1965
1753329118586251443,0,959,121,3466,7049,1119,613,6387,1980
1753329118588238899,0,959,795,3465,7049,1107,613,6387,1964
1753329118590216294,0,959,793,3464,7049,1118,613,6387,1946
1753329118592289504,0,959,791,3462,7049,1105,613,6387,1960
1753329118594278626,0,959,789,3462,7049,1103,613,6387,1922
1753329118596260422,0,959,787,3461,7049,1102,613,6387,1956
1753329118598258125,0,959,786,3459,7049,1101,613,6387,1992
1753329118600257384,0,959,784,3458,7049,1100,613,6387,1956
1753329118602237083,0,959,782,3457,7049,1066,613,6387,1955
1753329118604318454,0,959,781,3455,7049,1095,613,6387,1953
1753329118606267991,0,959,779,3454,7049,1149,613,6387,1790
1753329118608356018,0,959,777,3453,7049,1097,613,6387,1939
1753329118610223473,0,959,776,3451,7049,1041,613,6387,2061
1753329118612279178,0,959,774,3450,7049,1091,613,6387,1945
1753329118614216909,0,959,773,3449,7049,1090,613,6387,1981
1753329118616283003,0,959,771,3447,7049,1088,613,6387,1945
1753329118618269467,0,959,770,3446,7049,1096,613,6387,1960
1753329118620282454,0,959,768,3445,7049,1086,613,6387,1944
1753329118622226806,0,959,766,3443,7049,1085,613,6387,1942
1753329118624256643,0,959,764,3442,7049,1083,613,6387,1941
1753329118626260492,0,959,762,3441,7049,1110,613,6387,1940
1753329118628243254,0,959,761,3440,7049,1082,613,6387,1939
1753329118630240577,0,959,807,3439,7049,1129,613,6387,1921
1753329118632236098,0,959,762,3438,7049,1084,613,6387,1936
1753329118634251367,0,959,712,3437,7049,1115,613,6387,1967
1753329118636256176,0,959,754,3435,7049,1083,613,6387,1935
1753329118638251717,0,959,752,3434,7049,1049,613,6387,1934
1753329118640236898,0,959,750,3434,7049,1078,613,6387,1934
1753329118642223225,0,959,749,3432,7049,1063,613,6387,1932
1753329118644256398,0,959,747,3431,7049,1075,613,6387,1931
1753329118646227449,0,959,745,3430,7049,1120,613,6387,1983
1753329118648265696,0,959,744,3429,7049,1075,613,6387,1933
1753329118650267978,0,959,742,3428,7049,1304,613,6387,1335
1753329118652284050,0,959,740,3427,7049,1090,613,6387,1886
1753329118654251045,0,959,787,3426,7049,910,613,6387,2322
1753329118656224156,0,959,740,3425,7049,1075,613,6387,1917
1753329118658240043,0,959,739,3424,7049,1007,613,6387,2007
1753329118660258464,0,959,737,3423,7049,1069,613,6387,1921
1753329118662266947,0,959,735,3422,7049,1069,613,6387,1920
1753329118664236882,0,959,734,3421,7049,1066,613,6387,1919
1753329118666254047,0,959,685,3420,7049,1238,613,6387,1918
1753329118668263988,0,959,727,3419,7049,1077,613,6387,1917
1753329118670263494,0,959,725,3418,7049,1076,613,6387,1916
1753329118672267549,0,959,771,3417,7049,929,613,6387,1861
1753329118674272736,0,959,726,3416,7049,1063,613,6387,1910
1753329118676212269,0,959,1050,3415,7049,968,613,6387,2159
1753329118678209274,0,959,746,3414,7049,1054,613,6387,1927
1753329118680311650,0,959,444,3413,7049,1119,613,6387,1730
1753329118682261300,0,959,721,3413,7049,1056,613,6387,1911
1753329118684263672,0,959,719,3411,7049,1056,613,6387,1855
1753329118686317590,0,959,717,3410,7049,1055,613,6387,1904
1753329118688274133,0,959,716,3410,7049,1042,613,6387,2128
1753329118690357003,0,959,714,3408,7049,1053,613,6387,1919
1753329118692269103,0,959,748,3407,7049,1024,613,6387,1657
1753329118694247165,0,959,713,3406,7049,1049,613,6387,1898
1753329118696253767,0,959,762,3405,7049,1117,613,6387,1920
1753329118698350178,0,959,713,3404,7049,1053,613,6387,1897
1753329118700245468,0,959,786,3403,7049,990,613,6387,1948
1753329118702267463,0,959,716,3402,7049,1047,613,6387,1899
1753329118704311700,0,959,589,3400,7049,923,613,6387,1897
1753329118706281673,0,959,703,3399,7049,1036,613,6387,1896
1753329118708262764,0,959,752,3398,7049,1111,613,6387,1895
1753329118710243964,0,959,704,3397,7049,1039,613,6387,1894
1753329118712202665,0,959,702,3395,7049,929,613,6387,1909
1753329118714225200,0,959,701,3394,7049,1029,613,6387,1892
1753329118716216584,0,959,730,3393,7049,1061,613,6387,1837
1753329118718233292,0,959,700,3392,7049,1029,613,6387,1886
1753329118720231151,0,959,699,3391,7049,1104,613,6387,1955
1753329118722204699,0,959,698,3389,7049,1032,613,6387,1888
1753329118724219646,0,959,697,3388,7049,954,613,6387,1872
1753329118726208953,0,959,696,3387,7049,1023,613,6387,1885
1753329118728211717,0,959,695,3385,7049,996,613,6387,1899
1753329118730219234,0,959,694,3385,7049,1018,613,6387,1884
1753329118732225450,0,959,876,3383,7049,1016,613,6387,1913
1753329118734190795,0,959,707,3382,7049,1015,613,6387,1884
1753329118736227055,0,959,529,3381,7049,1142,613,6387,1883
1753329118738197090,0,959,692,3380,7049,1022,613,6387,1882
1753329118740196294,0,959,685,3379,7049,1010,613,6387,1881
1753329118742220212,0,959,690,3378,7049,1018,613,6387,1880
1753329118744202012,0,959,689,3376,7049,1016,613,6387,1847
1753329118746207597,0,959,688,3375,7049,1015,613,6387,1874
1753329118748189234,0,959,687,3374,7049,966,613,6387,1858
1753329118750196768,0,959,686,3373,7049,1008,613,6387,1871
1753329118752213330,0,959,685,3372,7049,950,613,6387,1816
1753329118754208988,0,959,684,3370,7049,1002,613,6387,1864
1753329118756250731,0,959,683,3370,7049,1000,613,6387,1864
1753329118758231568,0,959,687,3369,7049,1151,613,6387,1933
1753329118760366924,0,959,681,3367,7049,1008,613,6387,1866
1753329118762231898,0,959,674,3366,7049,1151,613,6387,1850
1753329118764267947,0,959,679,3365,7049,1016,613,6387,1863
1753329118766279841,0,959,678,3364,7049,890,613,6387,1862
1753329118768234804,0,959,677,3363,7049,1004,613,6387,1861
1753329118770208943,0,959,676,3362,7049,934,613,6387,1860
1753329118772325962,0,959,675,3361,7049,996,613,6387,1859
1753329118774214479,0,959,695,3359,7049,1005,613,6387,1789
1753329118776277394,0,959,674,3358,7049,993,613,6387,1851
1753329118778198913,0,959,853,3357,7049,1090,613,6387,1919
1753329118780277228,0,959,686,3356,7049,999,613,6387,1854
1753329118782219955,0,959,490,3354,7049,976,613,6387,1836
1753329118784381089,0,959,670,3353,7049,994,613,6387,1850
1753329118786240628,0,959,685,3352,7049,1033,613,6387,1849
1753329118788274036,0,959,670,3350,7049,995,613,6387,1847
1753329118790208426,0,959,647,3349,7049,907,613,6387,1863
1753329118792329599,0,959,666,3348,7049,986,613,6387,1846
1753329118794229735,0,959,671,3347,7049,1097,613,6387,1829
1753329118796232266,0,959,665,3345,7049,992,613,6387,1842
1753329118798230899,0,959,629,3344,7049,889,613,6387,1841
1753329118800225375,0,959,661,3343,7049,983,613,6387,1840
1753329118802242739,0,959,546,3342,7049,1057,613,6387,1801
1753329118804200263,0,959,649,3341,7049,985,613,6387,1835
1753329118806219735,0,959,763,3339,7049,1712,613,6387,1833
1753329118808203651,0,959,657,3338,7049,1038,613,6387,1832
1753329118810204458,0,959,605,3337,7049,378,613,6387,1831
1753329118812235459,0,959,651,3336,7049,987,613,6387,1830
1753329118814228278,0,959,650,3333,7049,953,613,6387,1827
1753329118816236975,0,959,649,3332,7049,983,613,6387,1826
1753329118818225395,0,959,728,3331,7049,946,613,6387,1810
1753329118820243457,0,959,652,3329,7049,978,613,6387,1822
1753329118822247783,0,959,528,3328,7049,1245,613,6387,1835
1753329118824215981,0,959,642,3327,7049,996,613,6387,1821
1753329118826216677,0,959,763,3326,7049,727,613,6387,1857
1753329118828228649,0,959,648,3325,7049,975,613,6387,1822
1753329118830221502,0,959,647,3323,7049,1092,613,6387,1782
1753329118832219704,0,959,645,3322,7049,982,613,6387,1816
1753329118834236632,0,959,614,3320,7049,898,613,6387,1814
1753329118836336435,0,960,641,3319,7049,974,613,6387,1813
1753329118838300311,0,959,639,3317,7049,974,613,6387,1811
1753329118840230271,0,959,667,3316,7049,973,613,6387,1847
1753329118842305176,0,959,638,3314,7049,972,613,6387,1810
1753329118844223414,0,959,637,3313,7049,904,613,6387,1772
1753329118846279281,0,959,635,3312,7049,966,613,6387,1806
1753329118848237640,0,960,655,3311,7049,1130,613,6387,2028
1753329118850282302,0,959,635,3309,7049,977,613,6387,1819
1753329118852292359,0,959,617,3307,7049,788,613,6387,1594
1753329118854332628,0,959,630,3307,7049,962,613,6387,1801
1753329118856288044,0,959,624,3305,7049,1000,613,6387,1853
1753329118858251406,0,959,628,3304,7049,964,613,6387,1802
1753329118860235684,0,959,627,3303,7049,991,613,6387,1801
1753329118862275784,0,959,626,3301,7049,964,613,6387,1799
1753329118864256289,0,959,631,3300,7049,963,613,6387,1844
1753329118866369283,0,959,624,3299,7049,962,613,6387,1800
1753329118868255548,0,959,624,3297,7049,768,613,6387,1646
1753329118870280263,0,959,624,3296,7049,945,613,6387,1786
1753329118872260850,0,959,638,3294,7049,1050,613,6387,1890
1753329118874346273,0,959,623,3293,7049,950,613,6387,1791
1753329118876272925,0,959,606,3291,7049,990,613,6387,1734
1753329118878344762,0,959,620,3290,7049,952,613,6387,1784
1753329118880253890,0,959,619,3289,7049,986,613,6387,1783
1753329118882256324,0,959,618,3287,7049,953,613,6387,1781
1753329118884264341,0,959,618,3286,7049,980,613,6387,1780
1753329118886251782,0,959,617,3285,7049,953,613,6387,1778
1753329118888256044,0,959,529,3284,7049,822,613,6387,1777
1753329118890245490,0,959,609,3283,7049,941,613,6387,1776
1753329118892251865,0,959,689,3282,7049,1105,613,6387,1761
1753329118894231187,0,959,612,3280,7049,953,613,6387,1772
1753329118896232398,0,959,618,3279,7049,919,613,6387,1771
1753329118898226128,0,959,612,3278,7049,949,613,6387,1770
1753329118900212176,0,959,605,3277,7049,894,613,6387,1732
1753329118902195608,0,959,609,3275,7049,944,613,6387,1764
1753329118904243492,0,959,607,3274,7049,972,613,6387,1801
1753329118906221609,0,959,606,3273,7049,945,613,6387,1765
1753329118908231761,0,959,605,3271,7049,945,613,6387,1740
1753329118910226744,0,959,604,3270,7049,944,613,6387,1760
1753329118912244074,0,959,574,3269,7049,916,613,6387,1797
1753329118914229384,0,959,600,3267,7049,941,613,6387,1760
1753329118916283695,0,959,599,3265,7049,839,613,6387,1758
1753329118918239209,0,959,598,3264,7049,933,613,6387,1757
1753329118920280780,0,959,597,3263,7049,1036,613,6387,1756
1753329118922224890,0,959,596,3261,7049,940,613,6387,1754
1753329118924371377,0,959,595,3260,7049,940,613,6387,1753
1753329118926272496,0,959,432,3258,7049,955,613,6387,1713
1753329118928379557,0,959,581,3257,7049,939,613,6387,1747
1753329118930209160,0,960,772,3255,7049,755,613,6387,1768
1753329118932339883,0,959,593,3254,7049,924,613,6387,1746
1753329118934271405,0,959,562,3252,7049,1124,613,6387,1758
1753329118936233976,0,959,588,3251,7049,937,613,6387,1744
1753329118938202178,0,959,588,3249,7049,904,613,6387,1779
1753329118940257427,0,959,587,3248,7049,932,613,6387,1744
1753329118942210942,0,959,615,3246,7049,945,613,6387,1666
1753329118944230101,0,959,587,3245,7049,932,613,6387,1735
1753329118946218882,0,959,585,3243,7049,931,613,6387,1825
1753329118948233232,0,959,584,3242,7049,930,613,6387,1739
1753329118950240705,0,959,503,3240,7049,929,613,6387,1805
1753329118952234847,0,959,575,3237,7049,928,613,6387,1739
1753329118954210549,0,959,749,3235,7049,927,613,6387,1684
1753329118956251708,0,959,585,3234,7049,926,613,6387,1732
1753329118958200011,0,959,409,3232,7049,844,613,6387,1698
1753329118960317312,0,959,570,3231,7049,918,613,6387,1726
1753329118962223577,0,959,569,3230,7049,1016,613,6387,1788
1753329118964225649,0,959,567,3228,7049,924,613,6387,1728
1753329118966218543,0,959,617,3227,7049,867,613,6387,1727
1753329118968216432,0,959,569,3226,7049,918,613,6387,1726
1753329118970270550,0,959,568,3225,7049,990,613,6387,1694
1753329118972232547,0,959,567,3223,7049,922,613,6387,1721
1753329118974207194,0,959,566,3222,7049,897,613,6387,1806
1753329118976304227,0,959,565,3221,7049,919,613,6387,1725
1753329118978254268,0,959,564,3219,7049,918,613,6387,1690
1753329118980194046,0,959,563,3218,7049,917,613,6387,1720
1753329118982171285,0,959,511,3217,7049,867,613,6387,1697
1753329118984181832,0,959,557,3215,7049,911,613,6387,1715
1753329118986211266,0,959,556,3214,7049,872,613,6387,1736
1753329118988227149,0,959,555,3212,7049,906,613,6387,1714
1753329118990186217,0,959,634,3211,7049,954,613,6387,1713
1753329118992208239,0,959,558,3209,7049,908,613,6387,1711
1753329118994215678,0,959,527,3208,7049,931,613,6387,1710
1753329118996251435,0,959,553,3206,7049,908,613,6387,1708
1753329118998251963,0,959,464,3205,7049,1039,613,6387,1685
1753329119000234501,0,959,544,3204,7049,917,613,6387,1705
1753329119002230152,0,959,580,3202,7049,865,613,6387,1758
1753329119004238723,0,959,545,3201,7049,911,613,6387,1706
1753329119006222274,0,959,544,3199,7049,794,613,6387,1671
1753329119008210139,0,959,543,3198,7049,899,613,6387,1700
1753329119010284551,0,959,541,3197,7049,898,613,6387,1699
1753329119012216800,0,959,503,3195,7049,849,613,6387,1697
1753329119014224100,0,959,536,3194,7049,894,613,6387,1696
1753329119016198990,0,959,622,3193,7049,942,613,6387,1695
1753329119018368677,0,959,540,3192,7049,895,613,6387,1694
1753329119020229111,0,959,488,3190,7049,919,613,6387,1671
1753329119022289012,0,959,533,3189,7049,895,613,6387,1690
1753329119024205684,0,959,489,3188,7049,885,613,6387,1658
1753329119026199832,0,959,527,3186,7049,894,613,6387,1685
1753329119028201986,0,959,619,3185,7049,1159,613,6387,1714
1753329119030382922,0,959,532,3184,7049,912,613,6387,1685
1753329119032202083,0,959,480,3183,7049,524,613,6387,1684
1753329119034245871,0,959,525,3181,7049,882,613,6387,1682
1753329119036203120,0,959,524,3180,7049,934,613,6387,1703
1753329119038234127,0,959,523,3179,7049,884,613,6387,1682
1753329119040192705,0,959,572,3178,7049,960,613,6387,1681
1753329119042272377,0,959,523,3177,7049,888,613,6387,1680
1753329119044220193,0,959,471,3176,7049,735,613,6387,1712
1753329119046235442,0,959,516,3174,7049,874,613,6387,1679
1753329119048220662,0,959,478,3173,7049,920,613,6387,1645
1753329119050251379,0,959,511,3172,7049,876,613,6387,1675
1753329119052233026,0,959,597,3171,7049,875,613,6387,1652
1753329119054216407,0,959,514,3170,7049,873,613,6387,1671
1753329119056233737,0,959,549,3168,7049,863,613,6387,1780
1753329119058220709,0,959,514,3167,7049,870,613,6387,1676
1753329119060267948,0,959,389,3166,7049,853,613,6387,1619
1753329119062346497,0,959,503,3165,7049,867,613,6387,1670
1753329119064293528,0,959,589,3164,7049,889,613,6387,1682
1753329119066280188,0,959,506,3163,7049,865,613,6387,1669
1753329119068212265,0,959,534,3162,7049,839,613,6387,1554
1753329119070218440,0,959,506,3161,7049,862,613,6387,1659
1753329119072248204,0,959,505,3159,7049,862,613,6387,1758
1753329119074205526,0,959,503,3158,7049,859,613,6387,1663
1753329119076229063,0,959,502,3157,7049,857,613,6387,1663
1753329119078228089,0,959,501,3156,7049,856,613,6387,1662
1753329119080218902,0,959,499,3155,7049,880,613,6387,1661
1753329119082263269,0,959,498,3154,7049,855,613,6387,1660
1753329119084230431,0,959,696,3153,7049,646,613,6387,1625
1753329119086273582,0,959,510,3152,7049,838,613,6387,1655
1753329119088223790,0,959,308,3151,7049,1047,613,6387,1654
1753329119090269093,0,959,493,3150,7049,850,613,6387,1653
1753329119092310140,0,959,513,3149,7049,896,613,6387,1754
1753329119094347234,0,959,492,3148,7049,851,613,6387,1659
1753329119096228823,0,959,491,3147,7049,850,613,6387,1658
1753329119098253333,0,959,474,3146,7049,852,613,6387,1556
1753329119100329148,0,959,487,3145,7049,847,613,6387,1648
1753329119102292212,0,959,486,3144,7049,707,613,6387,1694
1753329119104255232,0,959,485,3143,7049,834,613,6387,1650
1753329119106240860,0,959,484,3142,7049,993,613,6387,1581
1753329119108255782,0,959,482,3141,7049,842,613,6387,1643
1753329119110238971,0,959,571,3140,7049,780,613,6387,1611
1753329119112247508,0,959,487,3139,7049,835,613,6387,1639
1753329119114234696,0,959,397,3138,7049,846,613,6387,1638
1753329119116233977,0,959,479,3137,7049,833,613,6387,1637
1753329119118309242,0,959,478,3137,7049,1075,613,6387,1605
1753329119120305249,0,959,477,3136,7049,848,613,6387,1633
1753329119122288934,0,959,470,3135,7049,630,613,6387,1632
1753329119124250142,0,959,474,3134,7049,830,613,6387,1631
1753329119126258359,0,959,280,3133,7049,909,613,6387,1593
1753329119128242025,0,959,457,3132,7049,834,613,6387,1626
1753329119130218301,0,959,648,3131,7049,763,613,6387,1611
1753329119132274812,0,959,469,3130,7049,827,613,6387,1623
1753329119134228452,0,959,489,3129,7049,816,613,6387,1585
1753329119136292077,0,959,469,3128,7049,824,613,6387,1618
1753329119138230945,0,959,491,3127,7049,833,613,6387,1617
1753329119140253569,0,959,468,3126,7049,822,613,6387,1616
1753329119142255876,0,959,445,3125,7049,823,613,6387,1570
1753329119144207559,0,959,465,3124,7049,820,613,6387,1611
1753329119146197101,0,959,448,3122,7049,855,613,6387,1609
1753329119148260257,0,959,461,3121,7049,821,613,6387,1608
1753329119150227109,0,959,498,3120,7049,772,613,6387,1607
1753329119152219893,0,959,462,3118,7049,814,613,6387,1605
1753329119154222010,0,959,422,3117,7049,825,613,6387,1572
1753329119156215458,0,959,457,3115,7049,813,613,6387,1599
1753329119158222359,0,959,471,3114,7049,812,613,6387,1630
1753329119160234110,0,959,456,3112,7049,811,613,6387,1598
1753329119162222837,0,959,478,3111,7049,809,613,6387,1597
1753329119164241528,0,960,456,3109,7049,808,613,6387,1595
1753329119166213931,0,959,455,3107,7049,807,613,6387,1593
1753329119168218344,0,959,454,3105,7049,806,613,6387,1591
1753329119170209324,0,959,285,3104,7049,793,613,6387,1590
1753329119172200037,0,959,438,3102,7049,803,613,6387,1588
1753329119174217095,0,959,582,3100,7049,713,613,6387,1586
1753329119176233548,0,959,447,3098,7049,795,613,6387,1584
1753329119178235915,0,959,469,3096,7049,857,613,6387,1550
1753329119180234431,0,959,447,3095,7049,796,613,6387,1578
1753329119182301388,0,959,446,3093,7049,795,613,6387,1576
1753329119184232448,0,959,445,3091,7049,786,613,6387,1652
1753329119186313076,0,959,444,3089,7049,793,613,6387,1578
1753329119188311453,0,959,493,3087,7049,713,613,6387,1613
1753329119190265245,0,959,446,3085,7049,784,613,6387,1577
1753329119192315362,0,959,445,3083,7049,892,613,6387,1627
1753329119194301567,0,959,444,3081,7049,789,613,6387,1577
1753329119196283616,0,959,156,3078,7049,908,613,6387,1521
1753329119198275561,0,959,420,3076,7049,795,613,6387,1568
1753329119200221355,0,959,751,3074,7049,674,613,6387,1618
1753329119202244347,0,959,443,3072,7049,783,613,6387,1567
1753329119204239869,0,959,429,3070,7049,702,613,6387,1565
1753329119206254263,0,959,440,3068,7049,775,613,6387,1563
1753329119208269009,0,959,408,3066,7049,822,613,6387,1578
1753329119210258808,0,959,436,3065,7049,776,613,6387,1562
1753329119212253638,0,959,436,3063,7049,803,613,6387,1543
1753329119214285170,0,959,435,3061,7049,776,613,6387,1556
1753329119216246340,0,959,434,3060,7049,724,613,6387,1518
1753329119218233646,0,959,433,3058,7049,769,613,6387,1551
1753329119220224495,0,959,433,3057,7049,811,613,6387,1604
1753329119222233032,0,959,433,3055,7049,770,613,6387,1552
1753329119224199105,0,959,381,3054,7049,748,613,6387,1496
1753329119226248214,0,959,427,3052,7049,766,613,6387,1545
1753329119228255112,0,959,403,3051,7049,992,613,6387,1613
1753329119230246153,0,959,423,3049,7049,781,613,6387,1547
1753329119232239661,0,959,422,3047,7049,594,613,6387,1513
1753329119234196218,0,959,421,3046,7049,764,613,6387,1541
1753329119236244561,0,959,404,3044,7049,775,613,6387,1502
1753329119238221202,0,959,418,3043,7049,762,613,6387,1535
1753329119240244114,0,959,418,3042,7049,770,613,6387,1520
1753329119242236388,0,959,417,3040,7049,760,613,6387,1531
1753329119244249906,0,959,409,3038,7049,765,613,6387,1581
1753329119246211620,0,959,414,3037,7049,758,613,6387,1532
1753329119248194380,0,959,419,3036,7049,846,613,6387,1531
1753329119250212583,0,959,413,3034,7049,762,613,6387,1529
1753329119252211898,0,959,501,3032,7049,629,613,6387,1392
1753329119254208892,0,959,418,3031,7049,750,613,6387,1516
1753329119256232922,0,959,241,3029,7049,880,613,6387,1612
1753329119258245748,0,959,403,3028,7049,757,613,6387,1520
1753329119260255078,0,959,366,3026,7049,639,613,6387,1730
1753329119262268577,0,959,398,3024,7049,746,613,6387,1532
1753329119264215947,0,959,434,3022,7049,862,613,6387,1372
1753329119266269323,0,959,398,3021,7049,753,613,6387,1517
1753329119268216139,0,959,397,3019,7049,862,613,6387,1499
1753329119270225836,0,959,396,3017,7049,759,613,6387,1512
1753329119272317527,0,959,395,3016,7049,758,613,6387,1511
1753329119274235693,0,959,352,3015,7049,757,613,6387,1542
1753329119276278861,0,959,390,3013,7049,757,613,6387,1510
1753329119278231476,0,959,321,3011,7049,674,613,6387,1493
1753329119280251740,0,959,383,3010,7049,749,613,6387,1506
1753329119282223261,0,959,450,3009,7049,957,613,6387,1552
1753329119284272377,0,959,386,3007,7049,762,613,6387,1507
1753329119286275650,0,959,385,3005,7049,713,613,6387,1458
1753329119288245585,0,959,384,3004,7049,757,613,6387,1500
1753329119290278637,0,959,362,3003,7049,792,613,6387,1483
1753329119292351205,0,959,379,3001,7049,759,613,6387,1496
1753329119294207340,0,959,378,3000,7049,696,613,6387,1512
1753329119296204931,0,959,377,2998,7049,753,613,6387,1494
1753329119298196347,0,959,524,2997,7049,725,613,6387,1509
1753329119300213802,0,959,385,2995,7049,751,613,6387,1492
1753329119302202525,0,959,186,2993,7049,727,613,6387,1490
1753329119304259746,0,959,368,2992,7049,748,613,6387,1489
1753329119306236321,0,959,414,2991,7049,888,613,6387,1488
1753329119308263605,0,959,367,2989,7049,759,613,6387,1487
1753329119310261405,0,959,366,2988,7049,672,613,6387,1486
1753329119312265253,0,959,364,2986,7049,751,613,6387,1484
1753329119314302715,0,959,315,2985,7049,615,613,6387,1483
1753329119316343325,0,959,357,2983,7049,741,613,6387,1481
1753329119318301627,0,959,423,2981,7049,731,613,6387,1509
1753329119320356717,0,959,359,2980,7049,740,613,6387,1480
1753329119322308085,0,959,358,2979,7049,757,613,6387,1416
1753329119324329241,0,959,356,2977,7049,741,613,6387,1472
1753329119326312878,0,959,354,2975,7049,741,613,6387,1533
1753329119328320897,0,959,353,2974,7049,741,613,6387,1474
1753329119330293188,0,959,357,2973,7049,803,613,6387,1320
1753329119332255106,0,959,351,2971,7049,745,613,6387,1459
1753329119334312437,0,959,344,2970,7049,651,613,6387,1633
1753329119336333328,0,959,347,2968,7049,737,613,6387,1469
1753329119338319802,0,959,389,2967,7049,616,613,6387,1447
1753329119340320459,0,959,348,2965,7049,726,613,6387,1465
1753329119342315735,0,959,309,2964,7049,819,613,6387,1464
1753329119344318194,0,959,342,2962,7049,732,613,6387,1462
1753329119346309745,0,959,553,2961,7049,688,613,6387,1430
1753329119348310441,0,959,355,2959,7049,728,613,6387,1457
1753329119350313245,0,959,178,2958,7049,860,613,6387,1542
1753329119352356465,0,959,339,2957,7049,737,613,6387,1461
1753329119354395832,0,959,337,2955,7049,737,613,6387,1459
1753329119356274543,0,959,336,2954,7049,668,613,6387,1458
1753329119358295783,0,959,334,2952,7049,731,613,6387,1456
1753329119360249912,0,959,418,2951,7049,620,613,6387,1468
1753329119362260628,0,959,338,2950,7049,722,613,6387,1455
1753329119364349294,0,959,249,2948,7049,785,613,6387,1508
1753329119366322591,0,959,328,2947,7049,726,613,6387,1456
1753329119368277339,0,959,326,2945,7049,574,613,6387,1386
1753329119370384209,0,959,325,2944,7049,713,613,6387,1448
1753329119372270924,0,959,374,2943,7049,778,613,6387,1447
1753329119374338463,0,959,326,2942,7049,716,613,6387,1446
1753329119376280553,0,959,324,2940,7049,609,613,6387,1489
1753329119378318312,0,959,323,2939,7049,706,613,6387,1447
1753329119380267493,0,959,321,2938,7049,784,613,6387,1446
1753329119382355800,0,959,320,2937,7049,710,613,6387,1445
1753329119384295610,0,959,267,2936,7049,624,613,6387,1399
1753329119386309972,0,959,313,2935,7049,702,613,6387,1440
1753329119388360509,0,959,362,2934,7049,825,613,6387,1484
1753329119390290177,0,959,314,2933,7049,708,613,6387,1441
1753329119392268290,0,959,313,2932,7049,715,613,6387,1408
1753329119394246238,0,959,311,2930,7049,706,613,6387,1436
1753329119396324837,0,959,309,2929,7049,716,613,6387,1467
1753329119398230588,0,959,308,2929,7049,704,613,6387,1437
1753329119400272260,0,959,336,2928,7049,698,613,6387,1436
1753329119402253748,0,959,307,2927,7049,700,613,6387,1435
1753329119404319395,0,959,305,2925,7049,752,613,6387,1402
1753329119406268965,0,959,304,2924,7049,701,613,6387,1430
1753329119408268895,0,959,346,2923,7049,788,613,6387,963
1753329119410247803,0,959,304,2922,7049,705,613,6387,1393
1753329119412264364,0,959,264,2921,7049,417,613,6387,1846
1753329119414256057,0,959,299,2919,7049,682,613,6387,1424
1753329119416256252,0,959,291,2918,7049,879,613,6387,1390
1753329119418240818,0,959,295,2917,7049,693,613,6387,1420
1753329119420264569,0,959,300,2916,7049,692,613,6387,1452
1753329119422259523,0,959,293,2915,7049,691,613,6387,1420
1753329119424253291,0,959,307,2914,7049,690,613,6387,1386
1753329119426246233,0,959,292,2913,7049,691,613,6387,1416
1753329119428333885,0,959,274,2912,7049,535,613,6387,1415
1753329119430238721,0,959,288,2911,7049,678,613,6387,1414
1753329119432251274,0,959,325,2910,7049,810,613,6387,1391
1753329119434312590,0,959,288,2909,7049,687,613,6387,1410
1753329119436293275,0,959,242,2908,7049,553,613,6387,1409
1753329119438252704,0,959,282,2907,7049,676,613,6387,1408
1753329119440316130,0,959,281,2906,7049,675,613,6387,1407
1753329119442234977,0,959,301,2905,7049,758,613,6387,1375
1753329119444338910,0,959,280,2904,7049,681,613,6387,1403
1753329119446266446,0,959,263,2903,7049,680,613,6387,1455
1753329119448342856,0,959,277,2902,7049,679,613,6387,1405
1753329119450242998,0,959,270,2901,7049,687,613,6387,1336
1753329119452275340,0,959,274,2899,7049,678,613,6387,1397
1753329119454240685,0,959,294,2898,7049,607,613,6387,1497
1753329119456272326,0,959,273,2897,7049,670,613,6387,1402
1753329119458198256,0,959,272,2896,7049,749,613,6387,1368
1753329119460311292,0,959,271,2895,7049,674,613,6387,1398
1753329119462216403,0,959,254,2893,7049,643,613,6387,1396
1753329119464296445,0,959,268,2892,7049,670,613,6387,1395
1753329119466206017,0,959,282,2891,7049,669,613,6387,1394
1753329119468248948,0,960,267,2890,7049,667,613,6387,1393
1753329119470216616,0,959,244,2889,7049,644,613,6387,1370
1753329119472247657,0,959,263,2886,7049,663,613,6387,1387
1753329119474207463,0,959,283,2885,7049,818,613,6387,1486
1753329119476206925,0,959,261,2884,7049,673,613,6387,1393
1753329119478167642,0,959,283,2883,7049,530,613,6387,1314
1753329119480239837,0,959,261,2881,7049,659,613,6387,1384
1753329119482224281,0,959,237,2880,7049,680,613,6387,1485
1753329119484167062,0,959,257,2879,7049,659,613,6387,1390
1753329119486149724,0,959,279,2878,7049,717,613,6387,1288
1753329119488161174,0,959,256,2877,7049,661,613,6387,1380
1753329119490178316,0,959,255,2876,7049,870,613,6387,1379
1753329119492163187,0,959,254,2874,7049,674,613,6387,1377
1753329119494173838,0,959,410,2873,7049,358,613,6387,1478
1753329119496192459,0,959,264,2872,7049,649,613,6387,1383
1753329119498204053,0,959,106,2871,7049,746,613,6387,1281
1753329119500238541,0,959,250,2869,7049,654,613,6387,1373
1753329119502239545,0,959,249,2868,7049,653,613,6387,1405
1753329119504214191,0,959,248,2867,7049,652,613,6387,1373
1753329119506211213,0,959,297,2866,7049,651,613,6387,1339
1753329119508263269,0,959,249,2864,7049,650,613,6387,1368
1753329119510211167,0,959,280,2863,7049,672,613,6387,1367
1753329119512185917,0,959,250,2862,7049,651,613,6387,1366
1753329119514204113,0,959,217,2861,7049,574,613,6387,1365
1753329119516209921,0,959,245,2860,7049,644,613,6387,1364
1753329119518227226,0,959,244,2859,7049,644,613,6387,1396
1753329119520246208,0,959,243,2858,7049,644,613,6387,1364
1753329119522320371,0,959,242,2856,7049,644,613,6387,1362
1753329119524271465,0,959,273,2855,7049,915,613,6387,1328
1753329119526306453,0,959,242,2854,7049,664,613,6387,1358
1753329119528238176,0,959,241,2853,7049,397,613,6387,1357
1753329119530242560,0,959,240,2852,7049,645,613,6387,1356
1753329119532258804,0,959,207,2851,7049,561,613,6387,1333
1753329119534275028,0,959,237,2849,7049,637,613,6387,1351
1753329119536222382,0,959,268,2848,7049,626,613,6387,1405
1753329119538280701,0,959,237,2847,7049,636,613,6387,1354
1753329119540241474,0,959,204,2846,7049,957,613,6387,1353
1753329119542298786,0,959,234,2845,7049,658,613,6387,1352
1753329119544237978,0,959,233,2844,7049,314,613,6387,1351
1753329119546260285,0,959,232,2843,7049,632,613,6387,1350
1753329119548209882,0,959,232,2842,7049,872,613,6387,1362
1753329119550241115,0,959,231,2840,7049,648,613,6387,1348
1753329119552335255,0,959,180,2839,7049,427,613,6387,1334
1753329119554297645,0,959,226,2838,7049,629,613,6387,1345
1753329119556294354,0,959,226,2837,7049,685,613,6387,1357
1753329119558257900,0,959,225,2836,7049,630,613,6387,1344
1753329119560443311,0,959,224,2835,7049,539,613,6387,1330
1753329119562464758,0,959,223,2834,7049,621,613,6387,1341
1753329119564345364,0,959,223,2832,7049,734,613,6387,1306
1753329119566298723,0,959,222,2831,7049,626,613,6387,1336
1753329119568253279,0,959,198,2831,7049,598,613,6387,1382
1753329119570228928,0,959,218,2829,7049,621,613,6387,1337
1753329119572233082,0,959,241,2828,7049,717,613,6387,1336
1753329119574239147,0,959,219,2827,7049,626,613,6387,1335
1753329119576253676,0,959,218,2826,7049,624,613,6387,1334
1753329119578267628,0,959,217,2825,7049,623,613,6387,1333
1753329119580350240,0,959,266,2824,7049,622,613,6387,1332
1753329119582252305,0,959,219,2823,7049,620,613,6387,1331
1753329119584293182,0,959,144,2822,7049,495,613,6387,1317
1753329119586252199,0,959,211,2821,7049,609,613,6387,1328
1753329119588274710,0,959,210,2820,7049,653,613,6387,1294
1753329119590232418,0,959,209,2819,7049,609,613,6387,1324
1753329119592297292,0,959,231,2818,7049,835,613,6387,1323
1753329119594251274,0,959,209,2817,7049,623,613,6387,1322
1753329119596258351,0,959,185,2816,7049,574,613,6387,1299
1753329119598243214,0,959,205,2815,7049,618,613,6387,1318
1753329119600228526,0,959,227,2814,7049,636,613,6387,1317
1753329119602242856,0,959,206,2813,7049,617,613,6387,1317
1753329119604285875,0,959,205,2812,7049,576,613,6387,1316
1753329119606242394,0,959,204,2811,7049,612,613,6387,1315
1753329119608244636,0,959,180,2809,7049,632,613,6387,1334
1753329119610234028,0,959,202,2809,7049,611,613,6387,1314
1753329119612218095,0,959,201,2807,7049,610,613,6387,1312
1753329119614222746,0,959,200,2806,7049,589,613,6387,1258
1753329119616338489,0,959,199,2805,7049,608,613,6387,1306
1753329119618277533,0,959,198,2804,7049,661,613,6387,1336
1753329119620409019,0,959,198,2803,7049,610,613,6387,1307
1753329119622230328,0,959,196,2802,7049,623,613,6387,1275
1753329119624225203,0,959,195,2801,7049,609,613,6388,1302
1753329119626238810,0,959,194,2800,7049,476,613,6387,1455
1753329119628283304,0,959,193,2799,7049,598,613,6387,1312
1753329119630228836,0,959,192,2797,7049,714,613,6388,1156
1753329119632163561,0,959,192,2796,7049,605,613,6388,1297
1753329119634160420,0,960,191,2795,7049,533,613,6388,1327
1753329119636168411,0,959,190,2794,7049,599,613,6388,1298
1753329119638165295,0,959,212,2793,7049,585,613,6388,1266
1753329119640164347,0,959,190,2792,7049,597,613,6388,1294
1753329119642163443,0,959,166,2790,7049,533,613,6388,1276
1753329119644174905,0,959,186,2789,7049,591,613,6388,1289
1753329119646146616,0,959,164,2787,7049,653,613,6389,1303
1753329119648175137,0,959,182,2787,7049,594,613,6389,1289
1753329119650154015,0,959,224,2785,7049,546,613,6389,1271
1753329119652145345,0,959,183,2784,7049,589,613,6389,1284
1753329119654147635,0,959,159,2783,7049,556,613,6389,1453
1753329119656143154,0,959,179,2781,7049,586,613,6390,1294
1753329119658145630,0,959,162,2780,7049,522,613,6390,1174
1753329119660143113,0,959,176,2779,7049,579,613,6390,1283
1753329119662144293,0,959,213,2778,7049,642,613,6390,1278
1753329119664149968,0,959,177,2777,7049,583,613,6390,1281
1753329119666169121,0,959,176,2775,7049,504,613,6391,1322
1753329119668160413,0,959,175,2774,7049,575,613,6391,1281
1753329119670208130,0,959,548,2773,7049,572,613,6391,1655
1753329119672180896,0,959,201,2772,7049,573,613,6391,1307
1753329119674235865,0,959,-173,2770,7049,652,613,6391,888
1753329119676205281,0,959,170,2769,7049,577,613,6392,1273
1753329119678267941,0,959,220,2768,7049,610,613,6392,1242
1753329119680237387,0,959,173,2767,7049,577,613,6392,1269
1753329119682288245,0,959,216,2766,7049,433,613,6392,1268
1753329119684344175,0,959,174,2765,7049,565,613,6392,1267
1753329119686278484,0,959,129,2763,7049,638,613,6392,1116
1753329119688259514,0,959,169,2762,7049,567,613,6392,1253
1753329119690265727,0,959,168,2761,7049,570,613,6392,1401
1753329119692267079,0,959,168,2761,7049,566,613,6393,1263
1753329119694267346,0,959,167,2758,7049,565,613,6393,1260
1753329119696198345,0,959,166,2758,7049,369,613,6393,1346
1753329119698248102,0,959,167,2758,7049,548,613,6393,1266
1753329119700250674,0,959,166,2757,7049,706,613,6393,1180
1753329119702328003,0,959,166,2756,7049,558,613,6393,1258
1753329119704270216,0,959,115,2755,7049,640,613,6394,1257
1753329119706292438,0,959,162,2754,7049,562,613,6394,1256
1753329119708256250,0,959,139,2753,7049,513,613,6394,1255
1753329119710294302,0,959,159,2752,7049,558,613,6394,1254
1753329119712236442,0,959,159,2750,7049,523,613,6394,1288
1753329119714276319,0,959,159,2749,7049,553,613,6394,1254
1753329119716252304,0,959,143,2748,7049,616,613,6395,1146
1753329119718299833,0,959,157,2746,7049,556,613,6395,1243
1753329119720295279,0,959,157,2746,7049,656,613,6395,1346
1753329119722200624,0,959,156,2744,7049,560,613,6395,1248
1753329119724210122,0,959,-41,2743,7049,681,613,6396,1201
1753329119726216664,0,959,139,2742,7049,568,613,6396,1243
1753329119728273197,0,959,250,2740,7049,479,613,6396,1256
1753329119730271460,0,959,147,2739,7049,559,613,6396,1241
1753329119732320466,0,959,103,2738,7049,607,613,6396,1394
1753329119734275318,0,959,141,2737,7049,560,613,6397,1251
1753329119736264879,0,959,234,2736,7049,375,613,6397,1026
1753329119738252138,0,959,146,2735,7049,544,613,6397,1232
1753329119740275163,0,959,175,2733,7049,615,613,6397,1300
1753329119742295686,0,959,147,2732,7049,547,613,6398,1234
1753329119744354968,0,959,116,2731,7049,658,613,6398,1164
1753329119746319124,0,959,141,2730,7049,553,613,6398,1227
1753329119748233480,0,959,170,2728,7049,335,613,6398,1309
1753329119750266189,0,959,141,2727,7049,535,613,6398,1230
1753329119752252244,0,959,110,2726,7049,791,613,6398,1215
1753329119754210612,0,959,136,2725,7049,552,613,6398,1227
1753329119756294040,0,959,165,2723,7049,245,613,6398,1255
1753329119758259550,0,959,136,2722,7049,528,613,6399,1226
1753329119760416008,0,959,140,2721,7049,809,613,6399,1196
1753329119762305892,0,960,133,2719,7049,549,613,6399,1221
1753329119764336404,0,959,148,2718,7049,455,613,6399,1251
1753329119766341188,0,959,132,2717,7049,543,613,6399,1222
1753329119768317815,0,959,115,2716,7049,569,613,6399,1190
1753329119770273509,0,959,128,2714,7049,545,613,6399,1216
1753329119772269320,0,959,127,2713,7049,335,613,6399,1251
1753329119774238680,0,959,126,2712,7049,530,613,6399,1217
1753329119776241650,0,959,164,2711,7049,532,613,6400,1254
1753329119778278937,0,959,127,2709,7049,530,613,6400,1217
1753329119780346799,0,959,126,2708,7049,530,613,6400,1216
1753329119782272379,0,959,125,2707,7049,530,613,6400,1215
1753329119784410054,0,959,124,2705,7049,530,613,6400,1213
1753329119786350245,0,959,100,2704,7049,690,613,6400,1191
1753329119788335919,0,959,120,2703,7049,542,613,6400,1209
1753329119790321412,0,959,119,2702,7049,478,613,6400,1208
1753329119792364766,0,959,120,2700,7049,536,613,6401,1206
1753329119794337295,0,959,96,2699,7049,716,613,6401,1239
1753329119796466672,0,959,116,2698,7049,549,613,6401,1207
1753329119798285109,0,959,34,2697,7049,163,613,6401,1155
1753329119800284896,0,959,108,2696,7049,518,613,6401,1201
1753329119802310191,0,959,209,2694,7049,555,613,6401,1314
1753329119804331521,0,959,114,2693,7049,520,613,6401,1207
1753329119806281408,0,959,113,2692,7049,746,613,6401,1155
1753329119808293428,0,959,112,2691,7049,535,613,6401,1201
1753329119810275147,0,959,89,2690,7049,534,613,6402,1154
1753329119812313315,0,959,108,2689,7049,533,613,6402,1196
1753329119814271638,0,959,107,2688,7049,532,613,6402,1228
1753329119816256139,0,959,106,2687,7049,531,613,6402,1196
1753329119818258152,0,959,110,2686,7049,530,613,6402,1240
1753329119820271755,0,959,103,2685,7049,530,613,6402,1198
1753329119822280926,0,959,119,2684,7049,531,613,6402,1197
1753329119824294997,0,959,103,2683,7049,528,613,6402,1196
1753329119826247696,0,959,86,2682,7049,527,613,6403,1195
1753329119828258110,0,959,100,2681,7049,527,613,6403,1194
1753329119830267870,0,959,114,2680,7049,528,613,6403,1193
1753329119832269986,0,959,99,2679,7049,525,613,6403,1192
1753329119834251413,0,959,77,2678,7049,573,613,6403,1203
1753329119836264882,0,959,95,2676,7049,528,613,6404,1190
1753329119838244535,0,959,100,2676,7049,478,613,6404,1147
1753329119840237168,0,959,94,2675,7049,523,613,6404,1186
1753329119842234141,0,959,108,2674,7049,523,613,6404,1185
1753329119844238437,0,959,93,2673,7049,522,613,6404,1184
1753329119846231545,0,959,92,2672,7049,494,613,6404,1170
1753329119848203624,0,959,90,2672,7049,519,613,6405,1182
1753329119850193795,0,959,89,2671,7049,543,613,6405,1181
1753329119852199551,0,959,88,2670,7049,519,613,6405,1180
1753329119854219330,0,959,232,2669,7049,522,613,6405,1224
1753329119856255874,0,959,97,2668,7049,518,613,6405,1182
1753329119858367328,0,959,-64,2667,7049,514,613,6405,1103
1753329119860436669,0,959,83,2667,7049,517,613,6405,1175
1753329119862277690,0,959,83,2666,7049,517,613,6405,1174
1753329119864375124,0,959,82,2665,7049,515,613,6405,1173
1753329119866328404,0,959,81,2664,7049,514,613,6406,1172
1753329119868279034,0,959,79,2662,7049,513,613,6406,1170
1753329119870279448,0,959,78,2662,7049,513,613,6406,1170
1753329119872248000,0,959,77,2661,7049,510,613,6406,1169
1753329119874283615,0,959,76,2660,7049,511,613,6406,1168
1753329119876257506,0,959,75,2659,7049,510,613,6406,1167
1753329119878308210,0,959,74,2658,7049,510,613,6406,1166
1753329119880286862,0,959,73,2657,7049,349,613,6407,1179
1753329119882262575,0,959,72,2656,7049,496,613,6407,1165
1753329119884270147,0,959,87,2655,7049,494,613,6407,1180
1753329119886245906,0,959,71,2654,7049,495,613,6407,1164
1753329119888256510,0,959,69,2653,7049,494,613,6407,1163
1753329119890374861,0,959,68,2652,7049,493,613,6407,1162
1753329119892250951,0,959,52,2651,7049,629,613,6407,1132
1753329119894273818,0,959,65,2650,7049,502,613,6408,1158
1753329119896274970,0,959,64,2649,7049,364,613,6408,1171
1753329119898262719,0,959,63,2648,7049,490,613,6408,1157
1753329119900236611,0,959,78,2647,7049,489,613,6408,1141
1753329119902229261,0,959,62,2646,7049,488,613,6408,1154
1753329119904197246,0,959,46,2645,7049,453,613,6408,1169
1753329119906230939,0,959,60,2644,7049,483,613,6409,1153
1753329119908288390,0,959,59,2644,7049,482,613,6409,1153
1753329119910291564,0,959,58,2642,7049,481,613,6409,1151
1753329119912218645,0,959,57,2641,7049,515,613,6409,1150
1753329119914211892,0,959,56,2640,7049,482,613,6410,1150
1753329119916216250,0,959,50,2640,7049,729,613,6410,1083
1753329119918272655,0,959,54,2639,7049,498,613,6410,1144
1753329119920222254,0,959,59,2637,7049,147,613,6410,1263
1753329119922201871,0,959,52,2636,7049,470,613,6410,1150
1753329119924303834,0,959,51,2636,7049,536,613,6410,1032
1753329119926220771,0,959,50,2635,7049,472,613,6410,1140
1753329119928240636,0,959,88,2633,7049,505,613,6410,1193
1753329119930235731,0,959,50,2632,7049,472,613,6410,1141
1753329119932335965,0,959,25,2632,7049,471,613,6410,1118
1753329119934205280,0,959,46,2629,7049,469,613,6410,1136
1753329119936174482,0,959,118,2628,7049,469,613,6410,1209
1753329119938246949,0,959,49,2628,7049,467,613,6410,1141
1753329119940289573,0,959,80,2627,7049,431,613,6410,1172
1753329119942210805,0,959,50,2625,7049,462,613,6410,1140
1753329119944202674,0,959,-56,2624,7049,495,613,6410,980
1753329119946203340,0,959,40,2623,7049,462,613,6410,1127
1753329119948202181,0,959,39,2622,7049,463,613,6410,1180
1753329119950199045,0,959,38,2621,7049,461,613,6410,1129
1753329119952229891,0,959,38,2620,7049,459,613,6410,1128
1753329119954290673,0,959,109,2619,7049,460,613,6410,1216
1753329119956347851,0,959,40,2618,7049,458,613,6410,1132
1753329119958364741,0,959,-9,2617,7049,453,613,6411,1011
1753329119960349610,0,959,36,2616,7049,455,613,6411,1121
1753329119962263328,0,959,36,2615,7049,457,613,6411,1158
1753329119964341002,0,959,34,2614,7049,454,613,6411,1122
1753329119966249777,0,959,84,2613,7049,578,613,6411,1234
1753329119968277575,0,959,37,2612,7049,461,613,6411,1129
1753329119970241362,0,959,37,2612,7049,332,613,6411,1084
1753329119972392651,0,959,36,2611,7049,448,613,6411,1124
1753329119974336204,0,959,35,2610,7049,449,613,6411,1107
1753329119976342552,0,959,35,2610,7049,446,613,6411,1122
1753329119978383516,0,959,34,2609,7049,444,613,6411,1121
1753329119980350925,0,959,33,2608,7049,443,613,6411,1120
1753329119982341086,0,959,-18,2607,7049,376,613,6411,1132
1753329119984410765,0,959,27,2606,7049,435,613,6411,1119
1753329119986247259,0,959,-208,2606,7049,499,613,6411,746
1753329119988297878,0,959,9,2605,7049,437,613,6412,1090
1753329119990238988,0,959,221,2604,7049,435,613,6412,1340
1753329119992273223,0,959,22,2603,7049,434,613,6412,1107
1753329119994248282,0,959,45,2602,7049,437,613,6412,1167
1753329119996251671,0,959,23,2601,7049,431,613,6412,1110
1753329119998267276,0,959,22,2600,7049,511,613,6412,1056
1753329120000317120,0,959,21,2600,7049,435,613,6412,1105
1753329120002257525,0,959,-1,2599,7049,779,613,6413,1030
1753329120004250321,0,959,19,2598,7049,459,613,6413,1097
1753329120006263242,0,959,18,2597,7049,33,613,6413,1147
1753329120008247560,0,959,17,2596,7049,425,613,6413,1099
1753329120010221137,0,959,16,2595,7049,424,613,6413,1098
1753329120012242331,0,959,15,2595,7049,422,613,6414,1098
1753329120014277236,0,959,-198,2594,7049,421,613,6414,801
1753329120016243595,0,959,-2,2593,7049,420,613,6414,1074
1753329120018269605,0,959,209,2592,7049,419,613,6414,1346
1753329120020254536,0,959,11,2591,7049,417,613,6414,1092
1753329120022248232,0,959,10,2589,7049,431,613,6414,1075
1753329120024252202,0,959,9,2588,7049,416,613,6415,1088
1753329120026275520,0,959,31,2587,7049,398,613,6415,1162
1753329120028262797,0,959,8,2586,7049,412,613,6415,1091
1753329120030266823,0,959,-35,2584,7049,413,613,6415,1008
1753329120032284888,0,959,4,2583,7049,409,613,6415,1082
1753329120034286795,0,959,24,2582,7049,408,613,6415,1088
1753329120036275190,0,959,4,2580,7049,407,613,6415,1080
1753329120038325050,0,959,3,2579,7049,406,613,6415,1079
1753329120040281188,0,959,2,2577,7049,405,613,6415,1114
1753329120042214567,0,959,1,2575,7049,404,613,6416,1077
1753329120044219185,0,959,-15,2574,7049,406,613,6416,1023
1753329120046296245,0,959,-1,2572,7049,403,613,6416,1070
1753329120048284378,0,959,-2,2571,7049,400,613,6416,1107
1753329120050290923,0,959,-3,2569,7049,400,613,6416,1070
1753329120052271075,0,959,10,2567,7049,395,613,6416,1061
1753329120054279089,0,959,-4,2566,7049,397,613,6416,1067
1753329120056246957,0,959,17,2564,7049,448,613,6416,1073
1753329120058276945,0,959,-4,2562,7049,399,613,6416,1063
1753329120061292755,0,959,-28,2561,7049,350,613,6416,1091
1753329120062287171,0,959,-8,2560,7049,393,613,6416,1063
1753329120064232612,0,959,-8,2559,7049,391,613,6416,1062
1753329120066286479,0,959,-10,2557,7049,389,613,6416,1060
1753329120068226267,0,959,-26,2556,7049,388,613,6416,1006
1753329120070227974,0,959,-12,2554,7049,387,613,6416,1053
1753329120072296564,0,959,2,2553,7049,386,613,6417,1143
1753329120074298750,0,959,-13,2552,7049,384,613,6417,1058
1753329120076268016,0,959,9,2551,7049,381,613,6417,1080
1753329120078239846,0,959,-12,2550,7049,382,613,6417,1058
1753329120080243770,0,959,-36,2548,7049,380,613,6417,995
1753329120082256434,0,959,-16,2547,7049,379,613,6417,1050
1753329120084240463,0,959,-16,2546,7049,379,613,6417,1119
1753329120086284282,0,959,-17,2545,7049,376,613,6417,1054
1753329120088244631,0,959,-18,2544,7049,268,613,6417,1195
1753329120090223045,0,959,-19,2542,7049,366,613,6418,1061
1753329120092217171,0,959,2,2541,7049,469,613,6418,909
1753329120094201083,0,959,-19,2539,7049,371,613,6418,1047
1753329120096216841,0,959,-42,2538,7049,373,613,6418,1023
1753329120098205495,0,959,-22,2537,7049,368,613,6418,1043
1753329120100229886,0,959,0,2536,7049,257,613,6418,990
1753329120102226240,0,959,-22,2534,7049,357,613,6418,1037
1753329120104204030,0,959,-46,2533,7049,461,613,6419,1050
1753329120106263550,0,959,-26,2532,7049,361,613,6419,1036
1753329120108227233,0,960,-165,2531,7049,359,613,6419,896
1753329120110216990,0,959,-38,2530,7049,358,613,6419,1023
1753329120112214169,0,959,172,2530,7049,375,613,6419,1273
1753329120114207063,0,959,-23,2529,7049,357,613,6420,1041
1753329120116225859,0,959,-113,2528,7049,338,613,6420,913
1753329120118208391,0,959,-32,2527,7049,351,613,6420,1029
1753329120120233974,0,959,-37,2526,7049,350,613,6420,1008
1753329120122229565,0,959,-33,2525,7049,348,613,6420,1026
1753329120124212745,0,959,-34,2524,7049,347,613,6420,1025
1753329120126191745,0,959,-35,2524,7049,347,613,6420,1039
1753329120128195487,0,959,-104,2575,7049,344,613,6420,1024
1753329120130203587,0,959,-106,2550,7049,358,613,6421,1008
1753329120132200712,0,959,-107,2549,7049,342,613,6421,1021
1753329120134179145,0,959,-109,2548,7049,325,613,6421,850
1753329120136249880,0,959,-110,2546,7049,338,613,6421,1006
1753329120138205124,0,959,-112,2545,7049,336,613,6421,1145
1753329120140210634,0,959,-113,2544,7049,335,613,6421,1013
1753329120142207408,0,959,-115,2543,7049,333,613,6421,1026
1753329120144251147,0,959,-116,2541,7049,332,613,6421,1011
1753329120146247378,0,959,-118,2540,7049,376,613,6422,1045
1753329120148282571,0,959,-120,2539,7049,332,613,6422,1011
1753329120150242525,0,959,-121,2539,7049,301,613,6422,989
1753329120152288743,0,959,-122,2538,7049,327,613,6422,1005
1753329120154244937,0,959,-124,2537,7049,310,613,6422,1018
1753329120156260169,0,959,-125,2537,7049,323,613,6422,1003
1753329120158266841,0,959,-127,2537,7049,755,613,6422,1197
1753329120160257659,0,959,-128,2538,7049,353,613,6422,1015
1753329120162272992,0,959,-130,2538,7049,-67,613,6422,858
1753329120164265528,0,959,-131,2538,7049,319,613,6423,1000
1753329120166243016,0,959,-132,2538,7049,543,613,6423,985
1753329120168236172,0,959,-134,2538,7049,332,613,6423,996
1753329120170226427,0,959,-135,2538,7049,106,613,6423,1045
1753329120172231284,0,959,-137,2538,7049,313,613,6423,997
1753329120174247941,0,959,-138,2539,7049,291,613,6423,886
1753329120176221739,0,959,-140,2539,7049,308,613,6424,987
1753329120178228410,0,959,-141,2539,7049,490,613,6424,1091
1753329120180225024,0,959,-143,2539,7049,319,613,6424,992
1753329120182248784,0,959,-144,2539,7049,140,613,6424,1114
1753329120184255915,0,959,-145,2539,7049,304,613,6424,999
1753329120186255658,0,960,-147,2540,7049,317,613,6425,1059
1753329120188245785,0,959,-148,2540,7049,302,613,6425,1002
1753329120190225693,0,959,-149,2480,7049,301,613,6425,1049
1753329120192224878,0,959,-150,2536,7049,300,613,6425,1004
1753329120194232030,0,959,-151,2468,7049,280,613,6425,1047
1753329120196245032,0,959,-152,2532,7049,296,613,6425,1005
1753329120198255380,0,959,-154,2469,7049,343,613,6425,1043
1753329120200241036,0,959,-155,2527,7049,297,613,6426,1006
1753329120202229052,0,959,-156,2470,7049,266,613,6426,1067
1753329120204319244,0,959,-157,2524,7049,293,613,6426,1009
1753329120206277235,0,959,-159,2524,7049,291,613,6426,1008
1753329120208278234,0,959,-160,2502,7049,290,613,6426,1046
1753329120210358691,0,959,-162,2522,7049,288,613,6426,1010
1753329120212242309,0,959,-163,2440,7049,125,613,6426,564
1753329120214350649,0,959,-165,2516,7049,272,613,6426,975
1753329120216279241,0,959,-166,2516,7049,462,613,6426,1511
1753329120218292560,0,959,-168,2516,7049,284,613,6426,1015
1753329120220304088,0,959,-169,2384,7049,283,613,6427,1083
1753329120222340081,0,959,-170,2505,7049,282,613,6426,1021
1753329120224249559,0,959,-171,2930,7049,416,613,6427,449
1753329120226252087,0,959,-173,2535,7049,289,613,6427,980
1753329120228246240,0,959,-174,2061,7049,186,613,6427,1662
1753329120230262320,0,959,-176,2498,7049,278,613,6427,1032
1753329120232305419,0,959,-177,2546,7049,277,613,6427,1018
1753329120234328932,0,959,-178,2499,7049,276,613,6427,1033
1753329120236272689,0,959,-180,2217,7049,323,613,6428,1029
1753329120238251863,0,959,-181,2476,7049,277,613,6428,1034
1753329120240215239,0,959,-183,2651,7049,226,613,6428,1026
1753329120242244951,0,959,-183,2486,7049,271,613,6428,1036
1753329120244233026,0,959,-185,2451,7049,269,613,6428,1025
1753329120246299394,0,959,-186,2480,7049,268,613,6429,1038
1753329120248265260,0,959,-188,2546,7049,345,613,6429,971
1753329120250233964,0,959,-189,2483,7049,271,613,6429,1035
1753329120252242972,0,959,-190,2414,7049,240,613,6429,978
1753329120254272877,0,959,-191,2474,7049,267,613,6429,1034
1753329120256301655,0,959,-192,2439,7049,266,613,6429,1067
1753329120258297018,0,959,-193,2468,7049,265,613,6430,1039
1753329120260284975,0,959,-195,2501,7049,348,613,6430,919
1753329120262319001,0,959,-196,2469,7049,268,613,6430,1032
1753329120264355246,0,959,-197,2466,7049,-52,613,6430,1013
1753329120266280419,0,959,-198,2465,7049,243,613,6430,1034
1753329120268319888,0,959,-199,3089,7049,601,613,6430,998
1753329120270266652,0,959,-200,2509,7049,267,613,6430,1034
1753329120272273920,0,959,-201,1883,7049,258,613,6430,1034
1753329120274220952,0,959,-202,2459,7049,265,613,6430,1037
1753329120276267512,0,959,-203,2457,7049,283,613,6430,1024
1753329120278224534,0,959,-204,2456,7049,264,613,6430,1037
1753329120280257924,0,959,-204,2454,7049,264,613,6430,1011
1753329120282203034,0,959,-205,2451,7049,264,613,6430,1037
1753329120284201547,0,959,-206,2450,7049,263,613,6431,958
1753329120286188759,0,959,-207,2448,7049,262,613,6431,1034
1753329120288287078,0,959,-207,2479,7049,319,613,6431,1067
1753329120290199621,0,959,-208,2446,7049,265,613,6431,1037
1753329120292263827,0,959,-208,2444,7049,265,613,6431,1038
1753329120294245837,0,960,-209,2762,7049,207,613,6431,954
1753329120296252002,0,959,-209,2464,7049,260,613,6431,1033
1753329120298192501,0,960,-210,2200,7049,317,613,6431,1044
1753329120300219816,0,959,-210,2440,7049,264,613,6431,1034
1753329120302216878,0,959,-211,2462,7049,253,613,6432,989
1753329120304227817,0,959,-211,2437,7049,262,613,6432,1030
1753329120306232871,0,959,-211,2435,7049,262,613,6432,1071
1753329120308252326,0,959,-212,2433,7049,261,613,6432,1034
1753329120310232102,0,959,-212,1949,7049,271,613,6432,1703
1753329120312250444,0,959,-212,2393,7049,262,613,6432,1084
1753329120314248991,0,959,-212,2940,7049,253,613,6432,349
1753329120316246690,0,959,-212,2429,7049,262,613,6432,1031
1753329120318243993,0,959,-213,2472,7049,270,613,6432,897
1753329120320237199,0,959,-213,2429,7049,262,613,6433,1021
1753329120322237518,0,959,-213,2426,7049,252,613,6433,1022
1753329120324241770,0,959,-213,2424,7049,261,613,6433,1022
1753329120326231606,0,959,-213,2466,7049,261,613,6433,1055
1753329120328230852,0,959,-213,2423,7049,261,613,6433,1024
1753329120330184459,0,959,-213,2503,7049,261,613,6434,979
1753329120332216715,0,959,-213,2425,7049,261,613,6433,1022
1753329120334196398,0,959,-213,2379,7049,224,613,6434,956
1753329120336210754,0,959,-213,2418,7049,259,613,6434,1017
1753329120338204156,0,959,-213,2482,7049,259,613,6434,1011
1753329120340190254,0,959,-213,2419,7049,259,613,6434,1017
1753329120342185456,0,959,-213,2417,7049,259,613,6434,1048
1753329120344186348,0,959,-213,2416,7049,259,613,6435,1019
1753329120346190051,0,959,-213,2471,7049,259,613,6435,937
1753329120348178525,0,959,-213,2417,7049,259,613,6435,1013
1753329120350196184,0,959,-213,2415,7049,249,613,6435,1048
1753329120352205004,0,959,-213,2414,7049,259,613,6435,1014
1753329120354197956,0,959,-213,2413,7049,269,613,6435,924
1753329120356217891,0,959,-214,2412,7049,259,613,6435,1007
1753329120358219786,0,959,-214,2410,7049,259,613,6435,1006
1753329120360221291,0,959,-214,2409,7049,259,613,6435,1006
1753329120362223968,0,959,-214,2540,7049,249,613,6436,1005
1753329120364228840,0,959,-214,2418,7049,258,613,6436,1004
1753329120366245313,0,959,-214,2450,7049,248,613,6436,1021
1753329120368212129,0,959,-214,2418,7049,258,613,6436,1004
1753329120370211539,0,959,-214,2417,7049,268,613,6436,1003
1753329120372200630,0,959,-214,2416,7049,258,613,6436,1003
1753329120374205238,0,959,-214,2382,7049,259,613,6436,1001
1753329120376268916,0,959,-215,2412,7049,258,613,6437,1000
1753329120378401500,0,959,-215,2411,7049,258,613,6436,998
1753329120380277398,0,959,-215,2471,7049,268,613,6437,1030
1753329120382436492,0,959,-215,2415,7049,259,613,6437,999
1753329120384305511,0,959,-215,2414,7049,229,613,6437,996
1753329120386306027,0,959,-215,2414,7049,257,613,6437,998
1753329120388256191,0,959,-215,2386,7049,266,613,6437,1018
1753329120390285046,0,959,-215,2411,7049,257,613,6438,995
1753329120392241338,0,959,-215,2438,7049,249,613,6438,953
1753329120394285822,0,959,-216,2412,7049,256,613,6438,990
1753329120396254409,0,959,-215,2412,7049,257,613,6438,1035
1753329120398253829,0,959,-216,2412,7049,256,613,6438,991
1753329120400294928,0,959,-216,2413,7049,226,613,6439,949
1753329120402288963,0,959,-215,2413,7049,255,613,6439,986
1753329120404328098,0,959,-216,2412,7049,254,613,6439,1070
1753329120406314652,0,959,-216,2413,7049,254,613,6439,990
1753329120408325499,0,959,-216,2387,7049,170,613,6439,989
1753329120410309769,0,959,-216,2412,7049,248,613,6439,988
1753329120412325964,0,959,-216,2438,7049,248,613,6439,1085
1753329120414315320,0,959,-216,2414,7049,248,613,6439,993
1753329120416326594,0,959,-216,2414,7049,261,613,6440,970
1753329120418314004,0,959,-216,2414,7049,249,613,6440,988
1753329120420322048,0,959,-216,2414,7049,249,613,6440,987
1753329120422297821,0,959,-216,2414,7049,249,613,6440,986
1753329120424295182,0,959,-217,2414,7049,187,613,6440,887
1753329120426308026,0,959,-217,2414,7049,243,613,6440,978
1753329120428380055,0,959,-217,2414,7049,292,613,6440,1059
1753329120430264409,0,959,-217,2414,7049,247,613,6440,982
1753329120432264552,0,959,-218,2414,7049,164,613,6441,1087
1753329120434267044,0,959,-218,2414,7049,240,613,6441,988
1753329120436280710,0,959,-218,2414,7049,274,613,6441,947
1753329120438271602,0,959,-219,2414,7049,242,613,6441,984
1753329120440244704,0,959,-219,2414,7049,375,613,6441,749
1753329120442256130,0,959,-220,2415,7049,250,613,6441,966
1753329120444259587,0,959,-220,2389,7049,117,613,6441,1095
1753329120446245695,0,959,-221,2414,7049,240,613,6442,974
1753329120448268446,0,959,-221,2440,7049,240,613,6442,1096
1753329120450261020,0,959,-222,2416,7049,239,613,6442,982
1753329120452264583,0,959,-223,2416,7049,238,613,6442,1022
1753329120454240553,0,959,-223,2416,7049,238,613,6442,984
1753329120456283943,0,959,-224,2416,7049,173,613,6442,927
1753329120458259251,0,960,-225,2416,7049,231,613,6443,978
1753329120460249458,0,959,-225,2416,7049,261,613,6443,1035
1753329120462254453,0,959,-226,2416,7049,232,613,6443,982
1753329120464274201,0,959,-226,2417,7049,232,613,6443,982
1753329120466245532,0,959,-227,2416,7049,265,613,6443,991
1753329120468250479,0,959,-228,2416,7049,233,613,6443,982
1753329120470248759,0,959,-228,2391,7049,396,613,6444,998
1753329120472259862,0,959,-229,2415,7049,244,613,6444,982
1753329120474189918,0,959,-230,2415,7049,128,613,6444,955
1753329120476198734,0,959,-231,2415,7049,233,613,6444,980
1753329120478190927,0,959,-232,2415,7049,184,613,6444,1099
1753329120480228797,0,959,-232,2416,7049,229,613,6444,988
1753329120482187273,0,959,-233,2442,7049,194,613,6444,869
1753329120484205262,0,959,-234,2418,7049,224,613,6444,980
1753329120486276540,0,959,-234,2418,7049,224,613,6444,923
1753329120488276447,0,959,-235,2418,7049,223,613,6444,975
1753329120490311530,0,959,-235,2391,7049,257,613,6444,1046
1753329120492292815,0,959,-236,2416,7049,225,613,6444,981
1753329120494311370,0,959,-237,2416,7049,224,613,6444,901
1753329120496358815,0,959,-237,2416,7049,224,613,6445,975
1753329120498328315,0,959,-237,2314,7049,704,613,6444,509
1753329120500272759,0,959,-238,2408,7049,259,613,6444,941
1753329120502307904,0,959,-238,2511,7049,-220,613,6445,1393
1753329120504298804,0,959,-239,2416,7049,222,613,6444,975
1753329120506333636,0,959,-240,2383,7049,188,613,6444,1013
1753329120508371033,0,959,-240,2414,7049,219,613,6444,977
1753329120510352723,0,959,-241,2414,7049,251,613,6445,921
1753329120512274704,0,959,-241,2414,7049,220,613,6445,972
1753329120514232739,0,959,-242,2474,7049,352,613,6445,732
1753329120516332759,0,959,-243,2418,7049,228,613,6445,954
1753329120518280063,0,959,-244,2289,7049,143,613,6445,1204
1753329120520275269,0,959,-244,2409,7049,221,613,6445,971
1753329120522312400,0,959,-245,2477,7049,-15,613,6445,1635
1753329120524239833,0,959,-246,2414,7049,201,613,6445,1019
1753329120526338227,0,959,-246,2414,7049,389,613,6445,428
1753329120528370123,0,959,-247,2414,7049,214,613,6445,975
1753329120530295951,0,959,-248,2414,7049,262,613,6445,990
1753329120532410259,0,959,-248,2414,7049,217,613,6445,976
1753329120534289148,0,959,-249,2282,7049,247,613,6445,946
1753329120536279763,0,959,-250,2404,7049,217,613,6445,973
1753329120538267041,0,959,-251,2467,7049,199,613,6445,991
1753329120540275031,0,959,-251,2409,7049,215,613,6445,973
1753329120542261283,0,959,-252,2346,7049,214,613,6445,983
1753329120544283102,0,959,-252,2404,7049,214,613,6445,974
1753329120546277563,0,959,-253,2369,7049,201,613,6445,1008
1753329120548265156,0,959,-253,2402,7049,212,613,6445,976
1753329120550271911,0,959,-254,2402,7049,211,613,6445,976
1753329120552267370,0,959,-254,2402,7049,211,613,6445,976
1753329120554249617,0,959,-255,2402,7049,210,613,6445,977
1753329120556232559,0,959,-255,2358,7049,210,613,6445,885
1753329120558322006,0,959,-256,2397,7049,209,613,6445,970
1753329120560258924,0,959,-256,2419,7049,-26,613,6445,960
1753329120562267497,0,959,-257,2399,7049,191,613,6445,969
1753329120564248869,0,959,-257,2332,7049,427,613,6446,980
1753329120566267859,0,959,-258,2393,7049,207,613,6446,970
1753329120568256261,0,959,-258,2458,7049,207,613,6446,978
1753329120570229910,0,959,-259,2396,7049,206,613,6446,971
1753329120572204455,0,959,-259,2396,7049,158,613,6446,921
1753329120574219840,0,959,-260,2395,7049,202,613,6446,967
1753329120576184319,0,959,-261,2395,7049,201,613,6446,919
1753329120578277854,0,959,-261,2394,7049,201,613,6446,964
1753329120580244910,0,959,-262,2394,7049,166,613,6446,998
1753329120582307515,0,959,-262,2392,7049,197,613,6446,966
1753329120584235602,0,959,-263,2370,7049,109,613,6447,1029
1753329120586247403,0,959,-263,2390,7049,190,613,6446,971
1753329120588239169,0,959,-264,2411,7049,358,613,6447,920
1753329120590219390,0,959,-264,2389,7049,201,613,6447,967
1753329120592241301,0,959,-265,2388,7049,213,613,6447,920
1753329120594242853,0,959,-266,2388,7049,200,613,6447,964
1753329120596246517,0,959,-267,2387,7049,138,613,6447,923
1753329120598239170,0,959,-267,2386,7049,195,613,6447,961
1753329120600223677,0,959,-268,2385,7049,243,613,6448,1019
1753329120602226115,0,959,-269,2385,7049,197,613,6448,964
1753329120604275834,0,959,-270,2384,7049,226,613,6448,924
1753329120606288533,0,959,-270,2383,7049,198,613,6448,961
1753329120608349985,0,959,-272,2383,7049,196,613,6448,985
1753329120610249202,0,959,-272,2382,7049,196,613,6448,963
1753329120612268180,0,959,-273,2403,7049,195,613,6449,945
1753329120614249253,0,959,-274,2383,7049,194,613,6449,961
1753329120616254085,0,959,-275,2338,7049,247,613,6449,978
1753329120618290944,0,959,-276,2377,7049,196,613,6449,961
1753329120620269435,0,959,-276,2421,7049,226,613,6449,717
1753329120622241584,0,959,-277,2379,7049,198,613,6449,942
1753329120624262077,0,959,-278,2378,7049,82,613,6449,1027
1753329120626236067,0,959,-278,2377,7049,188,613,6449,947
1753329120628225060,0,959,-279,2333,7049,60,613,6450,888
1753329120630215935,0,959,-279,2372,7049,178,613,6449,942
1753329120632206898,0,959,-280,2416,7049,389,613,6450,1118
1753329120634202418,0,959,-280,2374,7049,192,613,6450,954
1753329120636192497,0,959,-280,2373,7049,193,613,6450,953
1753329120638180251,0,959,-280,2285,7049,223,613,6450,1209
1753329120640265678,0,959,-280,2366,7049,195,613,6450,972
1753329120642197468,0,959,-281,2488,7049,110,613,6450,716
1753329120644246274,0,959,-281,2374,7049,188,613,6450,952
1753329120646208127,0,959,-281,2337,7049,188,613,6450,955
1753329120648217514,0,959,-281,2369,7049,188,613,6450,951
1753329120650178420,0,959,-282,2368,7049,169,613,6450,980
1753329120652223860,0,960,-282,2367,7049,186,613,6450,951
1753329120654220169,0,959,-283,2466,7049,172,613,6451,916
1753329120656226899,0,959,-284,2373,7049,183,613,6451,947
1753329120658207389,0,959,-284,2273,7049,195,613,6451,946
1753329120660228864,0,959,-285,2365,7049,183,613,6451,945
1753329120662205314,0,959,-285,2400,7049,201,613,6451,944
1753329120664200341,0,959,-286,2366,7049,183,613,6452,944
1753329120666193255,0,959,-287,1482,7049,164,613,6452,1096
1753329120668228363,0,959,-287,2299,7049,181,613,6452,953
1753329120670214893,0,959,-288,3144,7049,533,613,6452,352
1753329120672281007,0,959,-288,2359,7049,206,613,6452,907
1753329120674218813,0,959,-289,2587,7049,-159,613,6452,1386
1753329120676232907,0,959,-289,2374,7049,178,613,6452,941
1753329120678218851,0,959,-290,2181,7049,95,613,6452,941
1753329120680204991,0,959,-290,2359,7049,171,613,6453,940
1753329120682187961,0,959,-290,2421,7049,205,613,6453,945
1753329120684217884,0,959,-291,2362,7049,173,613,6453,939
1753329120686225791,0,959,-291,2299,7049,173,613,6453,932
1753329120688227426,0,959,-292,2356,7049,172,613,6453,938
1753329120690194205,0,959,-292,2356,7049,172,613,6453,937
1753329120692254432,0,959,-292,2355,7049,172,613,6453,937
1753329120694228680,0,959,-293,2354,7049,137,613,6454,853
1753329120696206734,0,959,-293,2354,7049,168,613,6454,929
1753329120698209697,0,959,-294,2354,7049,167,613,6454,959
1753329120700212762,0,959,-294,2353,7049,167,613,6454,930
1753329120702196510,0,959,-295,2353,7049,136,613,6454,963
1753329120704204431,0,959,-295,2352,7049,164,613,6454,931
1753329120706189617,0,959,-296,2414,7049,163,613,6454,962
1753329120708201861,0,959,-297,2356,7049,162,613,6454,932
1753329120710203538,0,959,-298,2355,7049,161,613,6454,866
1753329120712213120,0,959,-298,2354,7049,161,613,6455,926
1753329120714220281,0,959,-299,2291,7049,160,613,6455,943
1753329120716214000,0,959,-300,2348,7049,159,613,6455,926
1753329120718203153,0,959,-301,2411,7049,188,613,6455,908
1753329120720218327,0,959,-302,2352,7049,159,613,6455,923
1753329120722314133,0,959,-303,2351,7049,158,613,6455,923
1753329120724251593,0,959,-303,2351,7049,158,613,6455,940
1753329120726248410,0,959,-304,2350,7049,157,613,6455,922
1753329120728243928,0,959,-305,2350,7049,126,613,6455,835
1753329120730247706,0,959,-306,2349,7049,153,613,6456,915
1753329120732220064,0,959,-307,2417,7049,137,613,6455,1000
1753329120734253587,0,959,-308,2353,7049,150,613,6456,920
1753329120736222793,0,959,-309,2413,7049,194,613,6456,904
1753329120738291179,0,959,-310,2357,7049,151,613,6456,918
1753329120740189457,0,959,-311,2228,7049,150,613,6456,846
1753329120742218700,0,959,-312,2346,7049,149,613,6456,911
1753329120744243996,0,959,-313,2415,7049,118,613,6457,948
1753329120746214262,0,959,-314,2351,7049,145,613,6457,912
1753329120748199439,0,959,-315,2218,7049,174,613,6457,895
1753329120750185232,0,959,-315,2340,7049,146,613,6457,909
1753329120752197356,0,959,-316,1541,7049,115,613,6457,843
1753329120754197671,0,959,-317,2280,7049,142,613,6457,903
1753329120756190388,0,959,-318,3211,7049,125,613,6457,983
1753329120758204692,0,959,-319,2349,7049,139,613,6458,907
1753329120760189721,0,959,-319,2350,7049,139,613,6458,891
1753329120762188033,0,959,-320,2350,7049,137,613,6458,904
1753329120764190508,0,959,-322,2281,7049,135,613,6458,573
1753329120766180421,0,959,-322,2344,7049,135,613,6458,876
1753329120768184569,0,959,-324,2246,7049,132,613,6459,1150
1753329120770192598,0,959,-324,2337,7049,133,613,6458,894
1753329120772201511,0,959,-325,2436,7049,132,613,6459,1028
1753329120774183639,0,959,-326,2344,7049,131,613,6459,901
1753329120776206915,0,959,-327,2281,7049,128,613,6459,923
1753329120778208005,0,959,-329,2340,7049,128,613,6459,900
1753329120780201321,0,959,-330,2340,7049,129,613,6459,876
1753329120782200922,0,959,-330,2339,7049,127,613,6459,895
1753329120784250215,0,959,-332,2339,7049,125,613,6459,935
1753329120786221899,0,959,-333,2339,7049,124,613,6459,895
1753329120788265139,0,959,-334,2258,7049,253,613,6459,890
1753329120790216201,0,959,-335,2332,7049,132,613,6459,893
1753329120792237493,0,959,-336,2375,7049,1,613,6459,760
1753329120794215845,0,959,-337,2334,7049,120,613,6459,880
1753329120796258927,0,959,-338,2334,7049,121,613,6459,1046
1753329120798223223,0,959,-340,2333,7049,117,613,6459,891
1753329120800275654,0,959,-341,2289,7049,116,613,6459,1071
1753329120802279283,0,959,-341,2329,7049,116,613,6459,903
1753329120804272211,0,959,-342,2329,7049,115,613,6459,902
1753329120806232088,0,959,-343,2371,7049,114,613,6459,720
1753329120808275879,0,959,-344,2330,7049,113,613,6460,888
1753329120810235963,0,959,-344,2308,7049,113,613,6459,840
1753329120812251997,0,959,-346,2327,7049,111,613,6460,882
1753329120814247035,0,959,-346,2305,7049,106,613,6460,946
1753329120816272018,0,959,-348,2324,7049,109,613,6460,886
1753329120818240363,0,959,-348,2323,7049,112,613,6460,885
1753329120820335024,0,959,-349,2322,7049,108,613,6460,885
1753329120822265549,0,959,-351,2344,7049,104,613,6460,868
1753329120824270035,0,959,-351,2323,7049,106,613,6460,883
1753329120826255315,0,959,-353,2301,7049,104,613,6460,905
1753329120828263750,0,959,-353,2319,7049,104,613,6460,884
1753329120830255418,0,959,-355,2341,7049,98,613,6460,848
1753329120832269913,0,959,-356,2320,7049,100,613,6460,880
1753329120834266960,0,959,-357,2376,7049,122,613,6460,880
1753329120836426197,0,959,-358,2322,7049,100,613,6460,879
1753329120838223885,0,959,-359,2263,7049,129,613,6460,771
1753329120840223061,0,959,-360,2317,7049,100,613,6460,870
1753329120842246259,0,959,-362,2315,7049,98,613,6461,1074
1753329120844240723,0,959,-363,2315,7049,97,613,6461,884
1753329120846255921,0,959,-364,2054,7049,312,613,6461,738
1753329120848235884,0,959,-365,2293,7049,111,613,6461,872
1753329120850233806,0,959,-366,2530,7049,-191,613,6461,875
1753329120852257868,0,959,-367,2310,7049,87,613,6462,871
1753329120854211693,0,959,-368,2388,7049,122,613,6462,870
1753329120856214231,0,959,-369,2313,7049,87,613,6462,870
1753329120858193275,0,959,-370,2277,7049,85,613,6462,830
1753329120860192541,0,959,-371,2310,7049,85,613,6462,866
1753329120862184141,0,960,-371,2287,7049,89,613,6462,938
1753329120864245101,0,959,-372,2306,7049,85,613,6462,870
1753329120866208459,0,959,-373,2327,7049,166,613,6463,809
1753329120868225881,0,959,-374,2307,7049,89,613,6463,864
1753329120870206050,0,959,-375,2284,7049,3,613,6463,829
1753329120872259235,0,959,-375,2303,7049,81,613,6463,860
1753329120874266616,0,959,-376,2302,7049,79,613,6463,880
1753329120876246321,0,959,-377,2301,7049,79,613,6463,860
1753329120878248419,0,959,-377,2300,7049,79,613,6463,898
1753329120880217262,0,959,-379,2299,7049,77,613,6464,861
1753329120882211291,0,959,-380,2298,7049,76,613,6464,855
1753329120884231163,0,959,-381,2297,7049,75,613,6464,859
1753329120886249842,0,959,-382,2297,7049,40,613,6464,896
1753329120888303185,0,959,-383,2296,7049,70,613,6464,861
1753329120890285896,0,959,-384,2294,7049,69,613,6464,860
1753329120892283250,0,959,-385,2293,7049,103,613,6464,527
1753329120894253572,0,959,-386,2293,7049,70,613,6464,834
1753329120896237628,0,959,-387,2145,7049,71,613,6464,1130
1753329120898253550,0,959,-388,2279,7049,68,613,6464,854
1753329120900232321,0,959,-389,2425,7049,67,613,6465,893
1753329120902290390,0,959,-390,2288,7049,66,613,6465,855
1753329120904297667,0,959,-392,2286,7049,62,613,6465,889
1753329120906275109,0,959,-393,2285,7049,63,613,6465,856
1753329120908223713,0,959,-394,2025,7049,65,613,6465,846
1753329120910220389,0,959,-395,2264,7049,61,613,6465,855
1753329120912272269,0,959,-396,2522,7049,58,613,6465,829
1753329120914307063,0,959,-397,2282,7049,59,613,6465,851
1753329120916218047,0,959,-398,2280,7049,60,613,6466,854
1753329120918324216,0,959,-399,2279,7049,57,613,6466,849
1753329120920224312,0,959,-400,2335,7049,54,613,6466,838
1753329120922236098,0,959,-401,2281,7049,55,613,6466,848
1753329120924173271,0,959,-402,2244,7049,138,613,6466,775
1753329120926197128,0,959,-403,2276,7049,59,613,6466,841
1753329120928231499,0,959,-404,2187,7049,-24,613,6466,874
1753329120930219214,0,959,-405,2267,7049,51,613,6467,842
1753329120932226166,0,959,-407,2353,7049,49,613,6467,845
1753329120934213490,0,960,-408,2270,7049,48,613,6467,841
1753329120936304255,0,959,-409,2269,7049,47,613,6467,875
1753329120938284816,0,959,-410,2268,7049,46,613,6468,843
1753329120940263397,0,959,-411,2302,7049,43,613,6468,793
1753329120942296955,0,959,-412,2268,7049,44,613,6468,838
1753329120944276368,0,959,-413,2266,7049,44,613,6468,689
1753329120946293467,0,959,-414,2266,7049,42,613,6468,825
1753329120948326494,0,959,-415,2327,7049,-25,613,6468,888
1753329120950304863,0,959,-416,2268,7049,35,613,6468,829
1753329120952374432,0,959,-418,2267,7049,98,613,6468,638
1753329120954308011,0,959,-419,2265,7049,36,613,6468,812
1753329120956298731,0,959,-420,2264,7049,37,613,6469,1001
1753329120958290773,0,959,-421,2263,7049,35,613,6469,824
1753329120960281987,0,959,-422,2263,7049,35,613,6469,790
1753329120962344199,0,959,-423,2261,7049,33,613,6469,820
1753329120964342631,0,959,-424,2197,7049,28,613,6469,772
1753329120966314527,0,959,-425,2254,7049,30,613,6469,815
1753329120968332948,0,959,-426,2254,7049,31,613,6469,835
1753329120970307946,0,959,-427,2253,7049,28,613,6469,814
1753329120972352696,0,959,-428,2194,7049,27,613,6469,1517
1753329120974355362,0,959,-429,2247,7049,26,613,6470,864
1753329120976404298,0,959,-430,2247,7049,25,613,6470,863
1753329120978355217,0,959,-431,2435,7049,26,613,6470,215
1753329120980286021,0,959,-433,2259,7049,22,613,6470,812
1753329120982300264,0,959,-434,2127,7049,20,613,6470,850
1753329120984344104,0,959,-435,2248,7049,20,613,6470,812
1753329120986361897,0,959,-437,2310,7049,18,613,6470,772
1753329120988431093,0,959,-438,2251,7049,17,613,6470,806
1753329120990414999,0,959,-439,2188,7049,18,613,6471,998
1753329120992416310,0,959,-440,2245,7049,15,613,6471,818
1753329120994420602,0,959,-442,2244,7049,10,613,6471,670
1753329120996349408,0,959,-442,2243,7049,13,613,6471,805
1753329120998337141,0,959,-444,2306,7049,-24,613,6472,935
1753329121000408191,0,959,-445,2247,7049,7,613,6472,812
1753329121002251951,0,959,-446,2147,7049,42,613,6472,654
1753329121004294642,0,959,-447,2237,7049,8,613,6472,798
1753329121006422105,0,959,-449,2335,7049,4,613,6472,821
1753329121008375202,0,960,-450,2243,7049,5,613,6472,799
1753329121010404491,0,959,-451,2243,7049,5,613,6472,757
1753329121012389025,0,959,-452,2242,7049,3,613,6473,795
1753329121014336703,0,959,-453,1861,7049,2,613,6472,444
1753329121016339931,0,959,-454,2212,7049,1,613,6473,767
1753329121018317398,0,959,-455,2492,7049,-1,613,6473,1194
1753329121020265186,0,959,-456,2231,7049,0,613,6473,797
1753329121022213211,0,959,-457,2267,7049,0,613,6473,773
1753329121024364807,0,959,-458,2233,7049,-2,613,6473,794
1753329121026386380,0,959,-460,2232,7049,-3,613,6473,874
1753329121028299192,0,959,-461,2232,7049,-5,613,6473,799
1753329121030344428,0,959,-462,2396,7049,-10,613,6474,626
1753329121032264283,0,959,-463,2242,7049,-8,613,6474,784
1753329121034294315,0,959,-464,2018,7049,-5,613,6474,840
1753329121036353805,0,959,-466,2224,7049,-10,613,6474,787
1753329121038287663,0,959,-467,2223,7049,-11,613,6474,823
1753329121040304763,0,959,-469,2222,7049,-13,613,6474,787
1753329121042296452,0,959,-469,2280,7049,-13,613,6474,851
1753329121044290866,0,959,-470,2225,7049,-14,613,6474,789
1753329121046349260,0,959,-472,2224,7049,-15,613,6474,813
1753329121048291008,0,959,-473,2223,7049,-17,613,6474,788
1753329121050353428,0,959,-474,2166,7049,-20,613,6474,761
1753329121052311208,0,959,-475,2218,7049,-19,613,6474,783
1753329121054284380,0,959,-476,2239,7049,-126,613,6474,884
1753329121056262428,0,959,-477,2219,7049,-29,613,6474,788
1753329121058365702,0,959,-478,2218,7049,-30,613,6474,786
1753329121060272448,0,959,-479,2218,7049,288,613,6475,799
1753329121062322793,0,959,-481,2216,7049,-10,613,6475,784
1753329121064256230,0,959,-481,2251,7049,-227,613,6475,818
1753329121066251548,0,959,-483,2216,7049,-28,613,6475,784
1753329121068236197,0,959,-483,2348,7049,-28,613,6475,760
1753329121070256875,0,959,-485,2225,7049,-30,613,6475,781
1753329121072233747,0,959,-485,2093,7049,-32,613,6475,771
1753329121074271652,0,959,-485,2214,7049,-30,613,6475,780
1753329121076302579,0,959,-489,2275,7049,18,613,6475,790
1753329121078276393,0,959,-490,2217,7049,-31,613,6475,781
1753329121080271283,0,959,-490,2118,7049,-84,613,6475,603
1753329121082293168,0,959,-492,2208,7049,-37,613,6475,768
1753329121084245797,0,959,-494,2374,7049,-117,613,6476,935
1753329121086327737,0,959,-495,2218,7049,-46,613,6476,781
1753329121088225768,0,959,-496,2051,7049,30,613,6476,714
1753329121090347249,0,959,-497,2205,7049,-42,613,6476,777
1753329121092268619,0,959,-497,2205,7049,-77,613,6476,753
1753329121094266987,0,959,-500,2204,7049,-48,613,6477,776
1753329121096218544,0,959,-501,2181,7049,-13,613,6477,711
1753329121098267209,0,959,-502,2200,7049,-47,613,6477,771
1753329121100212696,0,959,-502,2200,7049,-47,613,6477,736
1753329121102198113,0,959,-504,2199,7049,-49,613,6477,768
1753329121104201568,0,959,-505,2220,7049,-48,613,6477,765
1753329121106215379,0,959,-506,2199,7049,-51,613,6478,767
1753329121108208832,0,959,-506,2178,7049,-2,613,6478,769
1753329121110220745,0,959,-508,2197,7049,-49,613,6478,765
1753329121112212552,0,959,-508,2197,7049,-98,613,6478,736
1753329121114212610,0,959,-509,2196,7049,-54,613,6478,761
1753329121116217844,0,959,-510,2195,7049,-52,613,6478,789
1753329121118195211,0,959,-512,2194,7049,-57,613,6478,761
1753329121120208901,0,959,-513,2214,7049,-60,613,6479,827
1753329121122219490,0,959,-514,2193,7049,-59,613,6479,762
1753329121124196521,0,959,-515,2149,7049,-60,613,6479,785
1753329121126199943,0,959,-517,2188,7049,-62,613,6479,761
1753329121128288020,0,959,-518,2188,7049,-63,613,6479,829
1753329121130330999,0,959,-519,2187,7049,-64,613,6479,763
1753329121132263854,0,959,-520,2186,7049,-65,613,6479,748
1753329121134299220,0,959,-521,2185,7049,-66,613,6479,758
1753329121136340181,0,959,-522,2139,7049,-65,613,6479,817
1753329121138324667,0,959,-523,2179,7049,-68,613,6479,759
1753329121140252723,0,959,-524,2178,7049,-71,613,6480,765
1753329121142276745,0,959,-525,2177,7049,-70,613,6480,758
1753329121144238456,0,959,-527,2139,7049,-55,613,6480,878
1753329121146288527,0,959,-528,2173,7049,-72,613,6480,764
1753329121148335108,0,959,-529,2171,7049,-73,613,6480,764
1753329121150261267,0,959,-530,2274,7049,-91,613,6480,517
1753329121152365547,0,959,-531,2177,7049,-76,613,6480,744
1753329121154335405,0,959,-532,2197,7049,-81,613,6480,720
1753329121156293210,0,959,-534,2176,7049,-80,613,6480,742
1753329121158245958,0,959,-535,2153,7049,-79,613,6481,865
1753329121160296675,0,959,-536,2172,7049,-82,613,6481,751
1753329121162295795,0,959,-537,1887,7049,-83,613,6481,751
1753329121164323806,0,959,-538,2148,7049,-84,613,6481,751
1753329121166227554,0,959,-540,2452,7049,-87,613,6481,721
1753329121168227787,0,959,-541,2168,7049,-87,613,6481,749
1753329121170194093,0,959,-542,2123,7049,-88,613,6481,405
1753329121172300095,0,959,-544,2163,7049,-90,613,6482,725
1753329121174215361,0,959,-545,2184,7049,-89,613,6482,964
1753329121176230973,0,959,-546,2162,7049,-92,613,6482,742
1753329121178247483,0,959,-548,2182,7049,180,613,6482,702
1753329121180224339,0,959,-549,2160,7049,-74,613,6482,739
1753329121182235932,0,959,-550,2160,7049,-349,613,6483,395
1753329121184250223,0,959,-552,2159,7049,-97,613,6483,713
1753329121186195158,0,959,-553,2158,7049,-99,613,6483,938
1753329121188207897,0,959,-554,2157,7049,-100,613,6483,730
1753329121190216690,0,959,-556,2155,7049,-100,613,6483,776
1753329121192346809,0,959,-557,2154,7049,-102,613,6483,732
1753329121194214593,0,959,-558,2153,7049,-88,613,6483,723
1753329121196303397,0,959,-559,2152,7049,-103,613,6483,730
1753329121198218469,0,959,-560,2151,7049,-120,613,6484,729
1753329121200231753,0,959,-561,2149,7049,-107,613,6484,728
1753329121202233300,0,959,-562,2148,7049,-62,613,6484,1631
1753329121204290752,0,959,-563,2146,7049,-105,613,6484,793
1753329121206202621,0,959,-564,2181,7049,-136,613,6484,-112
1753329121208216215,0,959,-565,2147,7049,-109,613,6484,723
1753329121210189663,0,959,-566,1941,7049,-110,613,6484,863
1753329121212196839,0,959,-568,2129,7049,-112,613,6485,731
1753329121214188980,0,959,-568,2332,7049,-82,613,6484,759
1753329121216194866,0,959,-570,2142,7049,-112,613,6485,730
1753329121218191030,0,959,-571,2204,7049,-143,613,6485,615
1753329121220200080,0,959,-572,2145,7049,-116,613,6485,719
1753329121222216638,0,959,-573,1919,7049,-54,613,6485,772
1753329121224223747,0,959,-575,2125,7049,-115,613,6485,720
1753329121226212331,0,959,-576,2249,7049,-149,613,6485,792
1753329121228282989,0,959,-577,2132,7049,-119,613,6486,724
1753329121230237740,0,959,-578,2167,7049,-120,613,6486,723
1753329121232229499,0,959,-580,2133,7049,-122,613,6486,723
1753329121234297416,0,959,-580,2133,7049,-122,613,6486,723
1753329121236211311,0,959,-582,2131,7049,-91,613,6486,809
1753329121238190442,0,959,-583,2130,7049,-123,613,6486,730
1753329121240193666,0,959,-584,2129,7049,-157,613,6487,627
1753329121242282104,0,959,-585,2128,7049,-127,613,6487,722
1753329121244236401,0,959,-586,2092,7049,-158,613,6487,673
1753329121246267591,0,959,-587,2124,7049,-131,613,6487,719
1753329121248269214,0,959,-588,2159,7049,-148,613,6487,652
1753329121250295155,0,959,-589,2125,7049,-135,613,6487,715
1753329121252247713,0,959,-590,2067,7049,390,613,6488,669
1753329121254219096,0,959,-591,2118,7049,-97,613,6488,713
1753329121256219494,0,959,-592,2176,7049,-579,613,6488,723
1753329121258255186,0,959,-593,2122,7049,-135,613,6488,714
1753329121260243540,0,959,-595,2121,7049,-167,613,6488,695
1753329121262323886,0,959,-596,2119,7049,-140,613,6488,713
1753329121264267369,0,959,-597,2118,7049,-157,613,6488,607
1753329121266264409,0,959,-598,2117,7049,-143,613,6488,705
1753329121268209917,0,959,-599,2081,7049,-129,613,6488,743
1753329121270208605,0,959,-601,2113,7049,-145,613,6489,707
1753329121272206166,0,959,-602,2148,7049,80,613,6489,691
1753329121274198903,0,959,-603,2113,7049,-130,613,6489,704
1753329121276243107,0,959,-604,2113,7049,-233,613,6489,630
1753329121278215226,0,959,-606,2112,7049,-141,613,6489,698
1753329121280198450,0,959,-607,2076,7049,-237,613,6489,735
1753329121282255147,0,959,-608,2108,7049,-150,613,6489,697
1753329121284206551,0,959,-609,2106,7049,-151,613,6489,756
1753329121286272349,0,959,-610,2105,7049,-152,613,6489,700
1753329121288230640,0,959,-611,2105,7049,-119,613,6489,691
1753329121290201951,0,959,-613,2104,7049,-152,613,6489,696
1753329121292223071,0,959,-614,2138,7049,-153,613,6489,720
1753329121294262574,0,959,-615,2104,7049,-154,613,6489,694
1753329121296267009,0,959,-615,2166,7049,-188,613,6489,677
1753329121298233483,0,959,-616,2107,7049,-158,613,6490,690
1753329121300232982,0,959,-618,2007,7049,-126,613,6490,702
1753329121302280187,0,959,-619,2098,7049,-158,613,6490,687
1753329121304241399,0,959,-619,2132,7049,-222,613,6490,764
1753329121306253521,0,959,-620,2097,7049,-164,613,6490,689
1753329121308261413,0,959,-621,2060,7049,-180,613,6490,779
1753329121310270338,0,959,-622,2092,7049,-167,613,6490,693
1753329121312286141,0,959,-623,1351,7049,-153,613,6491,658
1753329121314239869,0,959,-624,2035,7049,-168,613,6491,688
1753329121316300094,0,959,-625,2034,7049,-169,613,6491,687
1753329121318276098,0,959,-627,2685,7049,-141,613,6491,686
1753329121320267283,0,959,-628,2080,7049,-170,613,6491,685
1753329121322301958,0,959,-629,2266,7049,-201,613,6491,704
1753329121324297530,0,959,-630,2093,7049,-174,613,6492,683
1753329121326297021,0,959,-631,1353,7049,-190,613,6492,633
1753329121328275740,0,959,-632,2036,7049,-177,613,6492,678
1753329121330264202,0,959,-633,2710,7049,-178,613,6492,727
1753329121332251440,0,959,-634,2084,7049,-179,613,6493,679
1753329121334254280,0,959,-635,2083,7049,-165,613,6493,664
1753329121336340305,0,959,-637,2082,7049,-181,613,6493,677
1753329121338261550,0,959,-637,2081,7049,-197,613,6493,735
1753329121340247519,0,959,-639,2080,7049,-184,613,6493,679
1753329121342227992,0,959,-640,1955,7049,-185,613,6493,647
1753329121344251632,0,959,-641,2068,7049,-186,613,6493,675
1753329121346217179,0,959,-642,2190,7049,-172,613,6493,706
1753329121348279187,0,959,-643,2074,7049,-187,613,6493,676
1753329121350230315,0,959,-644,2205,7049,-188,613,6493,631
1753329121352252474,0,960,-646,2081,7049,-190,613,6494,670
1753329121354242717,0,959,-647,2012,7049,-207,613,6494,713
1753329121356327249,0,959,-648,2074,7049,-194,613,6494,672
1753329121358305213,0,959,-650,2072,7049,-150,613,6494,649
1753329121360257853,0,960,-651,2071,7049,-193,613,6494,668
1753329121362242016,0,959,-652,2069,7049,-240,613,6494,667
1753329121364253830,0,959,-653,2068,7049,-199,613,6494,666
1753329121366243925,0,959,-655,2067,7049,-204,613,6494,686
1753329121368329067,0,959,-656,2066,7049,-202,613,6494,666
1753329121370268368,0,959,-657,2134,7049,-184,613,6495,589
1753329121372288558,0,959,-658,2069,7049,-203,613,6495,659
1753329121374285526,0,959,-660,1901,7049,-205,613,6495,658
1753329121376262293,0,959,-661,2055,7049,-206,613,6495,657
1753329121378275545,0,959,-662,2090,7049,-177,613,6495,634
1753329121380280507,0,959,-663,2056,7049,-205,613,6496,654
1753329121382224877,0,959,-665,1351,7049,-207,613,6496,643
1753329121384258209,0,959,-666,2001,7049,-208,613,6496,651
1753329121386273524,0,959,-667,2766,7049,-239,613,6496,646
1753329121388238070,0,959,-668,2057,7049,-213,613,6496,649
1753329121390243842,0,959,-669,1913,7049,-214,613,6496,796
1753329121392321466,0,959,-670,2044,7049,-215,613,6496,658
1753329121394271239,0,959,-671,2185,7049,-73,613,6497,532
1753329121396303395,0,959,-673,2053,7049,-207,613,6497,648
1753329121398296984,0,959,-674,2120,7049,-321,613,6497,600
1753329121400270224,0,959,-675,2056,7049,-217,613,6497,642
1753329121402242181,0,959,-676,2055,7049,-218,613,6497,641
1753329121404230807,0,959,-678,2054,7049,-250,613,6497,664
1753329121406266934,0,959,-679,2052,7049,-224,613,6497,641
1753329121408240121,0,959,-680,1982,7049,-240,613,6498,639
1753329121410249247,0,959,-681,2045,7049,-227,613,6498,638
1753329121412264659,0,959,-683,2044,7049,-214,613,6498,611
1753329121414283550,0,959,-684,2043,7049,-229,613,6498,633
1753329121416267360,0,959,-685,2041,7049,-249,613,6498,594
1753329121418284081,0,959,-686,2040,7049,-232,613,6498,627
1753329121420260918,0,959,-687,2108,7049,-230,613,6498,875
1753329121422239027,0,959,-689,2043,7049,-235,613,6499,643
1753329121424242315,0,959,-690,2075,7049,-191,613,6499,478
1753329121426416694,0,959,-691,2043,7049,-234,613,6499,628
1753329121428267232,0,959,-692,2008,7049,-280,613,6499,627
1753329121430276257,0,959,-693,2038,7049,-239,613,6499,625
1753329121432287874,0,959,-694,2038,7049,-225,613,6499,671
1753329121434326992,0,959,-696,2036,7049,-241,613,6499,627
1753329121436271579,0,959,-697,2036,7049,-259,613,6500,626
1753329121438242257,0,959,-698,2035,7049,-244,613,6500,625
1753329121440220133,0,959,-699,1967,7049,-228,613,6500,587
1753329121442269795,0,959,-700,2029,7049,-245,613,6500,619
1753329121444209053,0,959,-701,2157,7049,-246,613,6500,618
1753329121446202188,0,959,-703,2037,7049,-248,613,6500,616
1753329121448192606,0,959,-704,1976,7049,-266,613,6501,706
1753329121450182541,0,959,-705,2032,7049,-251,613,6501,621
1753329121452272846,0,959,-707,2091,7049,-236,613,6501,542
1753329121454209838,0,959,-708,2034,7049,-253,613,6501,613
1753329121456191156,0,959,-709,1905,7049,-269,613,6501,658
1753329121458200861,0,959,-710,2024,7049,-256,613,6502,614
1753329121460244720,0,959,-712,2152,7049,-260,613,6502,613
1753329121462211301,0,959,-713,2031,7049,-259,613,6502,612
1753329121464214185,0,959,-715,2004,7049,-260,613,6502,632
1753329121466207457,0,959,-716,2028,7049,-262,613,6502,612
1753329121468195300,0,959,-717,1032,7049,-136,613,6502,531
1753329121470188904,0,959,-718,1952,7049,-255,613,6502,603
1753329121472183255,0,959,-720,2780,7049,-384,613,6502,692
1753329121474181918,0,959,-721,2013,7049,-267,613,6503,609
1753329121476184217,0,959,-722,2075,7049,-17,613,6503,517
1753329121478193018,0,959,-723,2015,7049,-251,613,6503,600
1753329121480195199,0,959,-724,2015,7049,-503,613,6503,711
1753329121482190215,0,959,-726,2015,7049,-272,613,6503,607
1753329121484204727,0,959,-727,2014,7049,-273,613,6503,574
1753329121486237996,0,959,-728,2014,7049,-274,613,6503,602
1753329121488230219,0,959,-730,1914,7049,-280,613,6503,611
1753329121490211850,0,959,-731,2006,7049,-277,613,6503,602
1753329121492288374,0,959,-732,2005,7049,-279,613,6503,601
1753329121494343001,0,959,-734,2172,7049,-277,613,6503,623
1753329121496232541,0,959,-735,2016,7049,-281,613,6503,601
1753329121498219311,0,959,-736,1827,7049,-267,613,6504,632
1753329121500235918,0,959,-737,2001,7049,-282,613,6504,601
1753329121502166729,0,959,-739,2022,7049,-254,613,6504,584
1753329121504169136,0,959,-740,2001,7049,-283,613,6504,598
1753329121506161697,0,959,-741,2001,7049,-314,613,6504,550
1753329121508183089,0,959,-743,2000,7049,-288,613,6504,594
1753329121510161685,0,959,-743,1999,7049,-288,613,6504,674
1753329121512178525,0,959,-745,1999,7049,-290,613,6504,599
1753329121514188248,0,959,-746,1998,7049,-308,613,6505,534
1753329121516225241,0,959,-747,1996,7049,-294,613,6505,593
1753329121518195197,0,959,-748,1996,7049,-247,613,6505,728
1753329121520177377,0,959,-749,1995,7049,-292,613,6505,602
1753329121522189355,0,959,-750,1993,7049,-259,613,6505,509
1753329121524190759,0,959,-751,1992,7049,-292,613,6505,595
1753329121526208995,0,959,-753,1991,7049,-327,613,6506,571
1753329121528199332,0,959,-754,1990,7049,-297,613,6506,594
1753329121530196743,0,959,-756,1989,7049,-329,613,6506,613
1753329121532207884,0,959,-757,1987,7049,-302,613,6506,595
1753329121534295777,0,959,-758,1986,7049,-303,613,6506,477
1753329121536257352,0,959,-759,1985,7049,-304,613,6507,585
1753329121538391575,0,959,-761,2210,7049,-276,613,6507,618
1753329121540296429,0,959,-762,1999,7049,-305,613,6507,588
1753329121542228960,0,959,-763,1748,7049,-306,613,6507,583
1753329121544229924,0,959,-764,1978,7049,-307,613,6507,586
1753329121546242453,0,959,-766,2097,7049,-275,613,6508,589
1753329121548238499,0,959,-767,1984,7049,-308,613,6508,586
1753329121550231262,0,959,-768,1983,7049,-309,613,6508,590
1753329121552240479,0,959,-769,1982,7049,-310,613,6508,584
1753329121554236334,0,959,-770,1981,7049,-393,613,6508,494
1753329121556232152,0,959,-771,1979,7049,-318,613,6508,577
1753329121558221855,0,959,-772,1978,7049,-315,613,6508,587
1753329121560213057,0,959,-773,1977,7049,-320,613,6508,575
1753329121562209868,0,959,-775,1976,7049,-242,613,6508,563
1753329121564220845,0,959,-776,1975,7049,-317,613,6508,574
1753329121566221729,0,959,-777,1973,7049,-269,613,6508,573
1753329121568281860,0,959,-778,1973,7049,-315,613,6508,572
1753329121570202643,0,959,-779,1972,7049,-365,613,6509,571
1753329121572226163,0,959,-780,1971,7049,-321,613,6509,570
1753329121574249571,0,959,-781,1969,7049,-322,613,6509,570
1753329121576219151,0,959,-782,1905,7049,-150,613,6509,569
1753329121578232234,0,959,-784,1962,7049,-312,613,6509,568
1753329121580322790,0,959,-785,2093,7049,-485,613,6509,539
1753329121582223414,0,959,-786,1970,7049,-326,613,6509,564
1753329121584213361,0,959,-787,2003,7049,-327,613,6510,577
1753329121586188806,0,959,-788,1971,7049,-328,613,6510,564
1753329121588205824,0,959,-789,1868,7049,-281,613,6510,563
1753329121590237810,0,959,-790,1961,7049,-327,613,6510,562
1753329121592188773,0,959,-791,1960,7049,-457,613,6510,296
1753329121594196005,0,959,-792,1959,7049,-338,613,6510,540
1753329121596281696,0,959,-793,1958,7049,-197,613,6510,805
1753329121598207806,0,959,-793,1957,7049,-329,613,6511,557
1753329121600207768,0,959,-794,1893,7049,-312,613,6511,542
1753329121602310769,0,959,-795,1952,7049,-329,613,6511,554
1753329121604272858,0,959,-796,1870,7049,-409,613,6511,592
1753329121606252044,0,959,-797,1943,7049,-337,613,6511,555
1753329121608285427,0,959,-798,1986,7049,-290,613,6511,568
1753329121610241743,0,959,-799,1945,7049,-336,613,6511,553
1753329121612236525,0,959,-799,2043,7049,-336,613,6511,591
1753329121614209259,0,959,-800,1950,7049,-337,613,6511,553
1753329121616263779,0,959,-801,1850,7049,-386,613,6512,576
1753329121618229101,0,959,-801,1941,7049,-341,613,6512,552
1753329121620253670,0,959,-802,2038,7049,-406,613,6512,526
1753329121622221881,0,959,-803,1946,7049,-348,613,6512,547
1753329121624255728,0,959,-803,1882,7049,-318,613,6512,562
1753329121626247203,0,959,-804,1938,7049,-347,613,6512,545
1753329121628282387,0,959,-805,1937,7049,-397,613,6512,495
1753329121630273291,0,959,-806,1935,7049,-352,613,6512,538
1753329121632302109,0,959,-806,1996,7049,-303,613,6512,559
1753329121634253230,0,959,-806,1938,7049,-349,613,6512,538
1753329121636239116,0,959,-807,1873,7049,-380,613,6512,603
1753329121638238501,0,959,-807,1930,7049,-352,613,6512,542
1753329121640242309,0,959,-808,1991,7049,-289,613,6512,595
1753329121642264868,0,959,-809,1932,7049,-349,613,6513,545
1753329121644257761,0,959,-810,1931,7049,-431,613,6513,434
1753329121646260766,0,959,-811,1930,7049,-357,613,6513,536
1753329121648221675,0,959,-812,1929,7049,-358,613,6513,627
1753329121650231946,0,959,-813,1928,7049,-359,613,6513,541
1753329121652233490,0,959,-814,1864,7049,-360,613,6513,388
1753329121654220002,0,959,-815,1922,7049,-361,613,6513,529
1753329121656224714,0,959,-816,2052,7049,-362,613,6513,557
1753329121658210732,0,959,-818,1929,7049,-364,613,6513,531
1753329121660280928,0,959,-819,1928,7049,-365,613,6513,531
1753329121662211261,0,959,-820,1260,7049,-372,613,6513,452
1753329121664185694,0,959,-821,1877,7049,-368,613,6513,524
1753329121666148075,0,959,-823,2542,7049,-366,613,6514,584
1753329121668194563,0,959,-824,1924,7049,-371,613,6514,528
1753329121670183066,0,959,-825,1854,7049,-370,613,6514,467
1753329121672254824,0,959,-827,1917,7049,-373,613,6514,522
1753329121674167973,0,959,-828,1985,7049,-374,613,6514,507
1753329121676194518,0,959,-829,1920,7049,-376,613,6514,520
1753329121678167702,0,959,-830,1919,7049,-359,613,6514,518
1753329121680186095,0,959,-831,1918,7049,-376,613,6514,517
1753329121682162643,0,959,-833,1978,7049,-394,613,6514,485
1753329121684151766,0,959,-834,1921,7049,-380,613,6515,513
1753329121686150327,0,959,-835,1893,7049,-381,613,6515,544
1753329121688171234,0,959,-837,1916,7049,-383,613,6515,512
1753329121690167003,0,959,-838,1814,7049,-385,613,6515,396
1753329121692179825,0,959,-840,1908,7049,-387,613,6515,502
1753329121694182858,0,959,-841,2036,7049,-342,613,6515,658
1753329121696199633,0,959,-843,1917,7049,-386,613,6515,511
1753329121698216458,0,959,-845,1888,7049,-434,613,6516,481
1753329121700227564,0,959,-846,1912,7049,-393,613,6516,506
1753329121702214139,0,959,-848,1912,7049,-316,613,6516,388
1753329121704267122,0,959,-849,1911,7049,-390,613,6516,494
1753329121706197487,0,959,-851,1910,7049,-161,613,6516,748
1753329121708224725,0,959,-852,1909,7049,-375,613,6516,510
1753329121710220249,0,959,-853,1909,7049,-727,613,6517,488
1753329121712249377,0,959,-854,1908,7049,-404,613,6517,506
1753329121714186419,0,959,-856,1908,7049,-224,613,6517,455
1753329121716193102,0,959,-857,1907,7049,-393,613,6517,499
1753329121718196023,0,959,-858,1906,7049,-407,613,6517,546
1753329121720185232,0,960,-859,1905,7049,-396,613,6517,500
1753329121722185592,0,959,-860,1931,7049,-397,613,6517,514
1753329121724179479,0,959,-861,1906,7049,-398,613,6517,497
1753329121726226034,0,959,-862,1878,7049,-447,613,6517,496
1753329121728181870,0,959,-862,1903,7049,-402,613,6517,495
1753329121730177523,0,959,-863,1902,7049,-437,613,6517,493
1753329121732187728,0,959,-864,1901,7049,-407,613,6517,491
1753329121734171137,0,959,-865,1901,7049,-438,613,6517,506
1753329121736215156,0,959,-866,1900,7049,-411,613,6517,490
1753329121738167072,0,959,-866,1899,7049,-411,613,6517,518
1753329121740178105,0,959,-867,1899,7049,-412,613,6517,490
1753329121742173752,0,959,-868,1925,7049,-428,613,6518,500
1753329121744246161,0,959,-869,1899,7049,-415,613,6518,488
1753329121746246494,0,959,-870,1899,7049,-416,613,6518,486
1753329121748198182,0,959,-870,1838,7049,-418,613,6518,486
1753329121750215728,0,959,-872,1894,7049,-419,613,6518,485
1753329121752189941,0,959,-873,1893,7049,-421,613,6518,489
1753329121754186774,0,959,-874,1893,7049,-421,613,6518,483
1753329121756173984,0,959,-875,1760,7049,-422,613,6518,482
1753329121758181075,0,959,-877,1881,7049,-424,613,6518,481
1753329121760174629,0,959,-878,1944,7049,-427,613,6518,480
1753329121762206932,0,959,-879,1885,7049,-426,613,6518,479
1753329121764172816,0,959,-880,1885,7049,-425,613,6519,473
1753329121766201696,0,959,-882,1884,7049,-429,613,6519,477
1753329121768174778,0,959,-883,1884,7049,-430,613,6519,501
1753329121770180610,0,959,-884,1883,7049,-431,613,6519,478
1753329121772188176,0,959,-885,1820,7049,-430,613,6519,436
1753329121774198200,0,959,-887,1877,7049,-434,613,6519,473
1753329121776179729,0,959,-888,2009,7049,-437,613,6519,587
1753329121778196837,0,959,-890,1886,7049,-437,613,6519,480
1753329121780236922,0,959,-891,1817,7049,-438,613,6520,463
1753329121782209170,0,959,-893,1880,7049,-440,613,6520,477
1753329121784185433,0,959,-894,1759,7049,-546,613,6520,-169
1753329121786171694,0,959,-896,1869,7049,-451,613,6520,427
1753329121788156483,0,959,-897,1926,7049,-345,613,6520,1052
1753329121790163446,0,959,-899,1872,7049,-446,613,6520,472
1753329121792156149,0,959,-900,1748,7049,-487,613,6521,822
1753329121794171345,0,959,-901,1861,7049,-451,613,6521,499
1753329121796158933,0,959,-903,2047,7049,-413,613,6521,133
1753329121798160612,0,959,-904,1873,7049,-451,613,6521,470
1753329121800146309,0,959,-905,1809,7049,-450,613,6521,487
1753329121802159230,0,959,-907,1867,7049,-454,613,6521,470
1753329121804157647,0,959,-908,1929,7049,-410,613,6522,452
1753329121806159880,0,959,-909,1870,7049,-453,613,6522,468
1753329121808157556,0,959,-911,1806,7049,-500,613,6522,402
1753329121810152782,0,959,-912,1863,7049,-459,613,6522,462
1753329121812146492,0,959,-913,1862,7049,-460,613,6522,461
1753329121814168030,0,959,-915,1861,7049,-462,613,6522,460
1753329121816165520,0,959,-917,1923,7049,-464,613,6522,460
1753329121818165998,0,959,-919,1863,7049,-466,613,6522,459
1753329121820158495,0,959,-920,1799,7049,-467,613,6522,462
1753329121822161899,0,959,-922,1856,7049,-469,613,6522,459
1753329121824154565,0,959,-923,1918,7049,-470,613,6522,494
1753329121826165883,0,959,-924,1858,7049,-471,613,6522,460
1753329121828162840,0,959,-926,1857,7049,-473,613,6522,460
1753329121830172402,0,959,-927,1856,7049,-395,613,6522,633
1753329121832194881,0,959,-928,1855,7049,-469,613,6522,471
1753329121834156260,0,959,-929,1923,7049,-504,613,6523,233
1753329121836166635,0,959,-931,1858,7049,-475,613,6523,453
1753329121838170939,0,959,-932,1788,7049,-442,613,6523,435
1753329121840182604,0,959,-933,1851,7049,-474,613,6523,449
1753329121842165620,0,959,-934,1979,7049,-663,613,6523,452
1753329121844178682,0,959,-936,1859,7049,-491,613,6523,450
1753329121846197357,0,959,-937,1730,7049,-305,613,6523,499
1753329121848251015,0,959,-938,1848,7049,-479,613,6523,452
1753329121850186277,0,959,-940,1847,7049,-481,613,6523,451
1753329121852207001,0,959,-941,1846,7049,-482,613,6523,451
1753329121854205445,0,959,-942,1846,7049,-566,613,6524,517
1753329121856297986,0,959,-943,1845,7049,-491,613,6524,456
1753329121858257668,0,959,-945,1781,7049,-361,613,6524,449
1753329121860306878,0,960,-945,1839,7049,-483,613,6524,456
1753329121862220669,0,959,-947,1837,7049,-485,613,6524,368
1753329121864396952,0,959,-948,1836,7049,-486,613,6524,449
1753329121866297623,0,959,-949,1518,7049,-620,613,6524,434
1753329121868235192,0,959,-950,1812,7049,-498,613,6525,446
1753329121870292378,0,959,-951,2092,7049,-366,613,6525,495
1753329121872286112,0,959,-953,1831,7049,-491,613,6525,449
1753329121874286463,0,960,-954,1830,7049,-574,613,6525,632
1753329121876250843,0,959,-955,1828,7049,-499,613,6525,463
1753329121878215298,0,959,-955,1827,7049,-499,613,6526,209
1753329121880266882,0,959,-957,1826,7049,-501,613,6526,443
1753329121882209720,0,959,-958,1495,7049,-420,613,6526,448
1753329121884232002,0,959,-959,1800,7049,-497,613,6526,443
1753329121886229297,0,959,-960,2085,7049,-413,613,6526,484
1753329121888234780,0,959,-961,1819,7049,-492,613,6526,445
1753329121890233151,0,959,-962,1897,7049,-578,613,6527,402
1753329121892229240,0,959,-963,1823,7049,-501,613,6527,441
1753329121894209374,0,959,-964,1742,7049,-550,613,6527,410
1753329121896218312,0,959,-965,1815,7049,-506,613,6527,437
1753329121898203493,0,959,-966,1956,7049,-446,613,6527,463
1753329121900194688,0,959,-967,1822,7049,-504,613,6527,438
1753329121902224357,0,959,-968,1722,7049,-505,613,6527,456
1753329121904236556,0,959,-969,1813,7049,-505,613,6527,439
1753329121906208672,0,959,-970,1812,7049,-489,613,6528,424
1753329121908248836,0,959,-971,1811,7049,-506,613,6527,437
1753329121910240701,0,959,-972,1845,7049,-507,613,6528,-16
1753329121912233549,0,959,-973,1811,7049,-508,613,6528,402
1753329121914243372,0,959,-974,1810,7049,-509,613,6528,402
1753329121916214619,0,959,-975,1807,7049,-528,613,6528,882
1753329121918221064,0,959,-976,1806,7049,-512,613,6528,435
1753329121920249414,0,959,-977,1770,7049,-495,613,6528,419
1753329121922244806,0,959,-978,1802,7049,-513,613,6528,432
1753329121924208225,0,959,-978,1837,7049,-531,613,6528,402
1753329121926261118,0,959,-979,1801,7049,-515,613,6529,429
1753329121928256218,0,959,-981,1743,7049,-766,613,6529,336
1753329121930254877,0,959,-981,1795,7049,-536,613,6529,420
1753329121932260984,0,959,-981,1852,7049,-269,613,6529,418
1753329121934281120,0,959,-982,1797,7049,-517,613,6529,417
1753329121936266409,0,959,-983,1795,7049,-518,613,6530,576
1753329121938265115,0,959,-983,1794,7049,-518,613,6530,427
1753329121940328221,0,959,-984,1856,7049,-549,613,6530,418
1753329121942256012,0,959,-985,1797,7049,-522,613,6530,423
1753329121944253754,0,959,-986,1795,7049,-142,613,6530,419
1753329121946298126,0,959,-986,1794,7049,-494,613,6531,420
1753329121948255506,0,959,-988,1793,7049,-864,613,6531,407
1753329121950237980,0,959,-989,1792,7049,-525,613,6531,417
1753329121952237289,0,959,-989,1790,7049,-525,613,6531,468
1753329121954196211,0,959,-990,1789,7049,-526,613,6531,419
1753329121956228287,0,959,-991,1725,7049,-416,613,6531,380
1753329121958255310,0,959,-992,1782,7049,-519,613,6532,414
1753329121960244171,0,959,-993,1844,7049,-613,613,6532,378
1753329121962269455,0,959,-994,1785,7049,-528,613,6532,411
1753329121964244468,0,959,-995,1852,7049,-529,613,6532,410
1753329121966308789,0,959,-995,1786,7049,-529,613,6532,410
1753329121968249972,0,959,-996,1717,7049,-548,613,6532,537
1753329121970251262,0,959,-997,1779,7049,-532,613,6532,418
1753329121972264047,0,959,-998,1880,7049,-546,613,6532,291
1753329121974261893,0,959,-999,1785,7049,-535,613,6532,408
1753329121976247884,0,959,-1000,1750,7049,-536,613,6533,383
1753329121978264961,0,959,-1001,1780,7049,-537,613,6533,405
1753329121980274588,0,959,-1002,1813,7049,-538,613,6533,414
1753329121982264646,0,959,-1003,1781,7049,-539,613,6533,404
1753329121984271294,0,959,-1003,1807,7049,-508,613,6534,334
1753329121986245620,0,959,-1004,1781,7049,-538,613,6534,398
1753329121988251867,0,959,-1005,1780,7049,-556,613,6534,450
1753329121990285089,0,959,-1006,1780,7049,-541,613,6534,400
1753329121992321578,0,959,-1006,1753,7049,-541,613,6534,329
1753329121994363324,0,959,-1008,1776,7049,-543,613,6535,393
1753329121996323304,0,959,-1008,1802,7049,-604,613,6535,480
1753329121998298066,0,959,-1009,1777,7049,-548,613,6535,398
1753329122000325092,0,959,-1010,1777,7049,-549,613,6535,397
1753329122002271337,0,959,-1011,1776,7049,-550,613,6536,379
1753329122004256292,0,959,-1012,1776,7049,-551,613,6536,394
1753329122006251493,0,959,-1012,1775,7049,-585,613,6536,446
1753329122008311083,0,959,-1013,1774,7049,-555,613,6536,397
1753329122010255192,0,959,-1014,1773,7049,-474,613,6536,360
1753329122012275222,0,959,-1015,1773,7049,-551,613,6537,392
1753329122014260437,0,959,-1016,1745,7049,-185,613,6537,330
1753329122016265765,0,959,-1017,1770,7049,-525,613,6537,385
1753329122018295441,0,959,-1017,1796,7049,-892,613,6537,443
1753329122020405019,0,959,-1018,1771,7049,-553,613,6537,388
1753329122022254359,0,959,-1019,1770,7049,-554,613,6537,468
1753329122024276296,0,959,-1020,1770,7049,-555,613,6537,392
1753329122026258009,0,959,-1021,1769,7049,-556,613,6537,341
1753329122028414058,0,959,-1022,1769,7049,-557,613,6538,386
1753329122030286374,0,959,-1023,1742,7049,-344,613,6538,67
1753329122032294295,0,959,-1024,1766,7049,-543,613,6538,361
1753329122034222348,0,959,-1025,1766,7049,-728,613,6539,757
1753329122036229836,0,959,-1025,1766,7049,-558,613,6539,389
1753329122038225127,0,959,-1026,1791,7049,-576,613,6539,415
1753329122040246714,0,959,-1027,1767,7049,-561,613,6539,390
1753329122042321553,0,959,-1027,1767,7049,-561,613,6539,389
1753329122044292210,0,959,-1029,1766,7049,-563,613,6539,388
1753329122046297635,0,959,-1030,1738,7049,-576,613,6540,374
1753329122048216087,0,959,-1031,1763,7049,-566,613,6540,386
1753329122050249008,0,959,-1031,1728,7049,-614,613,6540,371
1753329122052276445,0,959,-1032,1759,7049,-570,613,6541,383
1753329122054229443,0,959,-1033,1759,7049,-438,613,6541,415
1753329122056273721,0,959,-1034,1759,7049,-562,613,6541,384
1753329122058245541,0,959,-1034,1758,7049,-759,613,6541,376
1753329122060253118,0,959,-1035,1758,7049,-578,613,6541,382
1753329122062242057,0,959,-1036,1817,7049,-467,613,6541,324
1753329122064244912,0,959,-1036,1761,7049,-571,613,6542,377
1753329122066290777,0,959,-1037,1632,7049,-571,613,6542,442
1753329122068283454,0,959,-1038,1751,7049,-572,613,6542,381
1753329122070249925,0,959,-1039,1819,7049,-705,613,6542,367
1753329122072260635,0,959,-1040,1755,7049,-584,613,6542,380
1753329122074257147,0,959,-1041,1755,7049,-423,613,6543,462
1753329122076255382,0,959,-1041,1754,7049,-573,613,6543,386
1753329122078267682,0,959,-1042,1788,7049,-717,613,6543,168
1753329122080419208,0,959,-1043,1757,7049,-586,613,6543,369
1753329122082310686,0,960,-1044,1722,7049,-587,613,6544,514
1753329122084287874,0,959,-1044,1752,7049,-587,613,6544,379
1753329122086232036,0,959,-1045,1752,7049,-588,613,6544,379
1753329122088198387,0,959,-1046,1683,7049,-604,613,6544,379
1753329122090247678,0,959,-1047,1746,7049,-591,613,6544,379
1753329122092258221,0,959,-1047,1745,7049,-595,613,6545,361
1753329122094239978,0,959,-1048,1745,7049,-592,613,6545,377
1753329122096264354,0,960,-1049,1813,7049,-593,613,6545,371
1753329122098231191,0,959,-1050,1748,7049,-594,613,6545,375
1753329122100227843,0,959,-1051,1748,7049,-592,613,6546,323
1753329122102228043,0,959,-1051,1747,7049,-595,613,6546,371
1753329122104206033,0,959,-1053,1616,7049,-597,613,6546,370
1753329122106259699,0,959,-1054,1737,7049,-598,613,6546,370
1753329122108214374,0,959,-1055,1868,7049,-599,613,6546,354
1753329122110233585,0,959,-1056,1745,7049,-600,613,6546,368
1753329122112295986,0,959,-1057,1745,7049,-601,613,6547,445
1753329122114300193,0,959,-1058,1744,7049,-602,613,6547,373
1753329122116229878,0,959,-1060,1675,7049,-604,613,6547,257
1753329122118203965,0,959,-1061,1738,7049,-605,613,6547,364
1753329122120229459,0,959,-1062,1737,7049,-591,613,6547,430
1753329122122208205,0,959,-1063,1736,7049,-606,613,6547,369
1753329122124251924,0,959,-1065,1673,7049,-608,613,6547,477
1753329122126220285,0,959,-1066,1732,7049,-609,613,6548,376
1753329122128232872,0,959,-1067,1794,7049,-580,613,6548,743
1753329122130229360,0,959,-1068,1735,7049,-609,613,6548,402
1753329122132229917,0,959,-1070,1592,7049,-577,613,6549,-101
1753329122134233030,0,959,-1071,1724,7049,-609,613,6549,364
1753329122136239624,0,959,-1072,1865,7049,-610,613,6549,322
1753329122138238142,0,959,-1073,1732,7049,-611,613,6549,360
1753329122140241730,0,959,-1075,1731,7049,-565,613,6549,435
1753329122142219932,0,959,-1076,1731,7049,-611,613,6550,365
1753329122144260732,0,959,-1077,1667,7049,-612,613,6550,332
1753329122146263115,0,959,-1078,1725,7049,-613,613,6550,361
1753329122148249330,0,959,-1079,1666,7049,-601,613,6550,398
1753329122150226294,0,959,-1081,1719,7049,-615,613,6550,364
1753329122152208277,0,959,-1082,1908,7049,-598,613,6551,435
1753329122154206600,0,959,-1082,1731,7049,-614,613,6551,369
1753329122156266437,0,959,-1083,1599,7049,-646,613,6551,279
1753329122158285182,0,959,-1085,1720,7049,-620,613,6551,363
1753329122160232831,0,959,-1086,1782,7049,-608,613,6551,393
1753329122162230603,0,959,-1087,1722,7049,-621,613,6551,365
1753329122164233302,0,959,-1088,1722,7049,-621,613,6552,320
1753329122166312224,0,959,-1089,1721,7049,-622,613,6552,362
1753329122168247040,0,959,-1089,1823,7049,-622,613,6552,328
1753329122170291469,0,959,-1090,1727,7049,-623,613,6552,359
1753329122172375393,0,959,-1091,1726,7049,-624,613,6553,359
1753329122174241415,0,959,-1092,1725,7049,-625,613,6553,472
1753329122176319061,0,959,-1092,1724,7049,-625,613,6553,368
1753329122178216562,0,959,-1093,1621,7049,-639,613,6553,237
1753329122180290931,0,959,-1093,1715,7049,-627,613,6553,357
1753329122182212724,0,959,-1094,1714,7049,-865,613,6554,319
1753329122184288593,0,959,-1095,1714,7049,-647,613,6554,353
1753329122186298984,0,959,-1096,1713,7049,-460,613,6554,353
1753329122188337039,0,959,-1096,1712,7049,-634,613,6555,352
1753329122190194734,0,959,-1096,1711,7049,-585,613,6555,344
1753329122192298430,0,959,-1097,1711,7049,-631,613,6555,351
1753329122194222625,0,959,-1098,1710,7049,-632,613,6555,325
1753329122196277456,0,959,-1098,1709,7049,-632,613,6555,348
1753329122198255061,0,959,-1099,1646,7049,-620,613,6555,419
1753329122200252955,0,959,-1100,1703,7049,-633,613,6556,352
1753329122202278287,0,959,-1100,1703,7049,-694,613,6556,323
1753329122204532633,0,959,-1101,1702,7049,-639,613,6556,348
1753329122206235614,0,959,-1102,1702,7049,-640,613,6556,289
1753329122208273893,0,959,-1102,1701,7049,-640,613,6557,342
1753329122210219923,0,959,-1103,1700,7049,-641,613,6557,431
1753329122212283458,0,959,-1104,1699,7049,-642,613,6557,346
1753329122214227594,0,959,-1104,1663,7049,-250,613,6557,416
1753329122216233160,0,959,-1105,1695,7049,-613,613,6557,350
1753329122218216587,0,959,-1106,1730,7049,-957,613,6558,322
1753329122220201677,0,959,-1106,1696,7049,-640,613,6558,346
1753329122222326880,0,959,-1107,1637,7049,-398,613,6558,504
1753329122224289572,0,959,-1108,1691,7049,-624,613,6558,356
1753329122226258037,0,959,-1108,1747,7049,-914,613,6559,285
1753329122228257237,0,959,-1109,1693,7049,-646,613,6559,348
1753329122230308879,0,959,-1110,1692,7049,-647,613,6559,316
1753329122232230188,0,959,-1110,1691,7049,-647,613,6559,343
1753329122234264980,0,959,-1112,1691,7049,-649,613,6560,361
1753329122236214766,0,959,-1112,1690,7049,-649,613,6560,343
1753329122238225283,0,959,-1113,1689,7049,-684,613,6560,319
1753329122240267802,0,959,-1114,1688,7049,-653,613,6560,340
1753329122242235502,0,959,-1114,1687,7049,-699,613,6560,377
1753329122244229545,0,959,-1115,1686,7049,-658,613,6560,342
1753329122246226778,0,959,-1116,1747,7049,-580,613,6560,292
1753329122248322886,0,959,-1117,1687,7049,-654,613,6561,338
1753329122250291666,0,959,-1118,1686,7049,-655,613,6561,236
1753329122252211657,0,959,-1118,1686,7049,-655,613,6561,330
1753329122254235836,0,959,-1119,1685,7049,-607,613,6561,432
1753329122256214251,0,959,-1120,1684,7049,-653,613,6561,338
1753329122258367641,0,959,-1121,1683,7049,-654,613,6561,338
1753329122260270838,0,959,-1122,1152,7049,-738,614,6562,259
1753329122262290544,0,959,-1123,1642,7049,-662,613,6562,332
1753329122264312211,0,959,-1124,2238,7049,-663,614,6562,189
1753329122266350161,0,959,-1125,1684,7049,-664,614,6562,321
1753329122268253189,0,959,-1125,1683,7049,-664,614,6563,387
1753329122270238377,0,959,-1126,1682,7049,-665,614,6563,326
1753329122272238745,0,959,-1127,1715,7049,-666,614,6563,281
1753329122274229744,0,959,-1128,1683,7049,-667,614,6563,322
1753329122276256627,0,959,-1129,1460,7049,-463,614,6564,279
1753329122278261518,0,959,-1129,1665,7049,-653,614,6564,318
1753329122280277130,0,959,-1130,1887,7049,-890,614,6564,317
1753329122282311732,0,959,-1131,1680,7049,-673,614,6564,316
1753329122284259033,0,959,-1132,1679,7049,-798,614,6564,38
1753329122286279638,0,959,-1132,1678,7049,-683,615,6565,294
1753329122288254947,0,959,-1133,1678,7049,-560,615,6565,565
1753329122290288887,0,959,-1134,1677,7049,-676,615,6565,313
1753329122292282848,0,959,-1135,1676,7049,-677,615,6565,317
1753329122294264995,0,959,-1136,1676,7049,-678,615,6566,311
1753329122296258564,0,959,-1137,1574,7049,-679,615,6566,350
1753329122298273277,0,959,-1138,1668,7049,-680,616,6566,312
1753329122300277351,0,959,-1139,1797,7049,-681,616,6566,310
1753329122302304570,0,959,-1140,1676,7049,-682,616,6566,309
1753329122304222983,0,959,-1141,1650,7049,-653,616,6566,352
1753329122306250825,0,959,-1143,1675,7049,-683,616,6567,310
1753329122308257984,0,959,-1144,1508,7049,-714,616,6567,314
1753329122310261671,0,959,-1145,1661,7049,-687,617,6567,308
1753329122312332207,0,959,-1146,1792,7049,-658,617,6567,274
1753329122314276280,0,959,-1147,1670,7049,-687,617,6567,303
1753329122316245255,0,959,-1148,1670,7049,-575,617,6567,397
1753329122318238883,0,959,-1149,1669,7049,-680,617,6568,308
1753329122320299411,0,959,-1150,1730,7049,-794,618,6568,307
1753329122322241107,0,959,-1151,1673,7049,-691,618,6568,306
1753329122324262131,0,959,-1152,1613,7049,-658,618,6568,408
1753329122326247699,0,959,-1153,1667,7049,-690,618,6569,311
1753329122328301485,0,959,-1153,1374,7049,-641,618,6569,310
1753329122330246477,0,959,-1155,1645,7049,-688,618,6569,309
1753329122332262124,0,959,-1155,1868,7049,-688,618,6569,367
1753329122334240593,0,959,-1157,1659,7049,-690,619,6569,310
1753329122336251516,0,959,-1158,1761,7049,-774,619,6570,280
1753329122338247753,0,959,-1158,1665,7049,-697,619,6570,306
1753329122340261500,0,959,-1159,1665,7049,-698,619,6570,305
1753329122342267594,0,959,-1160,1631,7049,-666,619,6570,320
1753329122344323463,0,959,-1161,1663,7049,-698,620,6570,306
1753329122346264183,0,959,-1162,1663,7049,-733,620,6571,320
1753329122348260477,0,959,-1163,1662,7049,-702,620,6571,306
1753329122350269569,0,959,-1164,1593,7049,-703,620,6571,302
1753329122352266882,0,959,-1165,1657,7049,-704,620,6571,305
1753329122354276771,0,959,-1165,1785,7049,-734,621,6572,212
1753329122356338634,0,959,-1166,1666,7049,-708,621,6572,298
1753329122358277268,0,959,-1167,1474,7049,-709,621,6572,298
1753329122360372432,0,959,-1167,1652,7049,-709,621,6572,297
1753329122362299285,0,959,-1168,1715,7049,-710,622,6572,297
1753329122364335853,0,959,-1169,1656,7049,-711,622,6573,297
1753329122366286783,0,959,-1170,1593,7049,-712,622,6573,264
1753329122368339154,0,959,-1171,1651,7049,-713,622,6573,295
1753329122370317830,0,959,-1172,1614,7049,-736,623,6573,309
1753329122372275858,0,959,-1173,1647,7049,-716,623,6573,296
1753329122374302106,0,959,-1174,1647,7049,-710,623,6573,242
1753329122376338097,0,959,-1174,1646,7049,-717,623,6574,291
1753329122378309470,0,959,-1175,1682,7049,-720,623,6574,305
1753329122380361764,0,959,-1177,1648,7049,-720,623,6574,291
1753329122382315106,0,959,-1177,1589,7049,-703,623,6574,313
1753329122384294541,0,959,-1179,1643,7049,-721,623,6574,293
1753329122386311601,0,959,-1180,1891,7049,-808,623,6574,304
1753329122388303713,0,959,-1180,1659,7049,-728,623,6574,292
1753329122390382654,0,959,-1182,1430,7049,-660,623,6575,299
1753329122392293673,0,959,-1183,1640,7049,-726,624,6575,292
1753329122394321693,0,959,-1184,1639,7049,-836,624,6575,227
1753329122396404031,0,959,-1185,1638,7049,-736,624,6575,286
1753329122398310522,0,959,-1186,1673,7049,-583,624,6575,240
1753329122400329785,0,959,-1187,1639,7049,-727,624,6575,282
1753329122402306005,0,959,-1188,1638,7049,-633,624,6576,326
1753329122404391812,0,959,-1189,1637,7049,-722,625,6576,284
1753329122406331162,0,959,-1190,1636,7049,-818,625,6576,284
1753329122408308777,0,959,-1192,1634,7049,-732,625,6577,283
1753329122410297002,0,959,-1193,1696,7049,-651,625,6577,309
1753329122412315306,0,959,-1194,1636,7049,-728,625,6577,284
1753329122414323642,0,959,-1195,1635,7049,-729,626,6577,301
1753329122416318947,0,959,-1196,1634,7049,-730,626,6577,285
1753329122418273600,0,959,-1197,1633,7049,-779,626,6578,224
1753329122420335418,0,959,-1198,1632,7049,-735,626,6578,278
1753329122422347184,0,959,-1199,1568,7049,-688,627,6578,291
1753329122424340729,0,959,-1201,1626,7049,-735,627,6578,278
1753329122426368406,0,959,-1202,1688,7049,-736,627,6579,358
1753329122428330535,0,959,-1203,1629,7049,-737,627,6579,283
1753329122430368934,0,959,-1204,1629,7049,-737,627,6579,282
1753329122432296765,0,959,-1205,1564,7049,-821,627,6579,201
1753329122434324733,0,959,-1205,1622,7049,-745,628,6579,275
1753329122436270410,0,959,-1206,1684,7049,-776,628,6580,287
1753329122438235700,0,959,-1207,1625,7049,-749,628,6580,274
1753329122440245189,0,959,-1207,1624,7049,-685,628,6580,113
1753329122442241459,0,959,-1208,1624,7049,-745,628,6580,261
1753329122444268128,0,959,-1209,1691,7049,-685,629,6580,353
1753329122446285777,0,959,-1209,1627,7049,-742,629,6580,267
1753329122448306239,0,959,-1210,1626,7049,-742,629,6580,379
1753329122450302615,0,959,-1211,1625,7049,-743,629,6581,274
1753329122452284868,0,959,-1212,1624,7049,-839,629,6581,171
1753329122454331376,0,959,-1213,1624,7049,-752,629,6581,265
1753329122456287760,0,959,-1214,1623,7049,-671,629,6581,264
1753329122458337588,0,959,-1215,1622,7049,-748,629,6582,264
1753329122460265947,0,959,-1216,1553,7049,-749,630,6582,281
1753329122462287586,0,959,-1217,1616,7049,-750,630,6582,263
1753329122464276221,0,959,-1218,1684,7049,-739,630,6582,499
1753329122466274192,0,959,-1219,1619,7049,-751,630,6583,279
1753329122468267234,0,959,-1219,1619,7049,-764,631,6583,68
1753329122470298046,0,959,-1220,1618,7049,-753,631,6583,261
1753329122472301651,0,959,-1221,1549,7049,-724,631,6583,395
1753329122474275824,0,959,-1222,1612,7049,-753,631,6584,270
1753329122476284799,0,959,-1223,1549,7049,-784,631,6584,80
1753329122478288753,0,959,-1223,1606,7049,-756,632,6584,254
1753329122480277670,0,959,-1224,1771,7049,-744,632,6584,357
1753329122482366450,0,959,-1224,1618,7049,-756,632,6585,260
1753329122484268208,0,959,-1225,1451,7049,-818,632,6585,394
1753329122486285308,0,959,-1226,1604,7049,-763,632,6585,269
1753329122488325562,0,959,-1227,1667,7049,-715,632,6585,166
1753329122490285565,0,959,-1227,1608,7049,-760,633,6585,260
1753329122492286697,0,959,-1228,1608,7049,-748,633,6586,388
1753329122494288001,0,959,-1229,1607,7049,-761,633,6586,268
1753329122496278910,0,959,-1229,1606,7049,-905,633,6586,178
1753329122498259454,0,959,-1230,1606,7049,-773,633,6586,262
1753329122500268708,0,959,-1230,1605,7049,-690,633,6587,220
1753329122502262200,0,959,-1231,1604,7049,-767,634,6587,259
1753329122504266694,0,959,-1232,1604,7049,-802,633,6587,254
1753329122506267983,0,959,-1232,1603,7049,-771,634,6587,258
1753329122508268535,0,959,-1233,1602,7049,-772,634,6588,229
1753329122510268720,0,959,-1234,1602,7049,-773,634,6588,256
1753329122512300012,0,959,-1234,1601,7049,-773,635,6588,256
1753329122514236744,0,959,-1235,1600,7049,-774,635,6588,211
1753329122516304168,0,959,-1235,1600,7049,-774,635,6588,252
1753329122518247468,0,959,-1236,1599,7049,-805,635,6588,237
1753329122520309892,0,959,-1237,1598,7049,-778,636,6588,251
1753329122522256888,0,959,-1237,1067,7049,-666,636,6589,278
1753329122524286354,0,959,-1238,1558,7049,-771,636,6589,253
1753329122526286834,0,959,-1239,2086,7049,-884,636,6589,193
1753329122528332827,0,959,-1240,1596,7049,-781,636,6589,247
1753329122530269427,0,959,-1241,1532,7049,-752,636,6589,235
1753329122532294308,0,959,-1241,1589,7049,-780,637,6590,245
1753329122534305561,0,959,-1242,1652,7049,-828,637,6590,-254
1753329122536305078,0,959,-1243,1593,7049,-786,637,6590,206
1753329122538250828,0,959,-1244,1662,7049,-769,637,6590,648
1753329122540284002,0,959,-1245,1597,7049,-786,637,6590,237
1753329122542236754,0,959,-1247,1464,7049,-788,637,6591,262
1753329122544271708,0,959,-1248,1585,7049,-789,637,6591,236
1753329122546215169,0,959,-1249,1716,7049,-790,638,6591,247
1753329122548206819,0,959,-1250,1593,7049,-791,638,6591,234
1753329122550222425,0,959,-1251,1627,7049,-808,638,6591,245
1753329122552276812,0,959,-1251,1595,7049,-793,638,6591,232
1753329122554244619,0,959,-1252,1560,7049,-779,638,6591,176
1753329122556249497,0,959,-1253,1590,7049,-794,638,6591,226
1753329122558240659,0,959,-1254,1590,7049,-732,639,6593,461
1753329122560244132,0,959,-1255,1589,7049,-792,639,6593,241
1753329122562252556,0,959,-1256,1623,7049,-826,639,6593,167
1753329122564258075,0,959,-1257,1591,7049,-796,639,6593,233
1753329122566261429,0,959,-1258,1591,7049,-797,639,6593,243
1753329122568260017,0,959,-1259,1590,7049,-798,640,6594,232
1753329122570250403,0,959,-1260,1557,7049,-765,640,6594,259
1753329122572246715,0,959,-1261,1588,7049,-798,640,6594,233
1753329122574257661,0,959,-1262,1621,7049,-737,640,6594,341
1753329122576262428,0,959,-1263,1590,7049,-795,641,6594,241
1753329122578275034,0,959,-1264,1557,7049,-857,641,6595,169
1753329122580262194,0,959,-1265,1588,7049,-802,641,6595,234
1753329122582264132,0,959,-1266,1519,7049,-803,641,6595,233
1753329122584256344,0,959,-1267,1583,7049,-804,641,6595,233
1753329122586258450,0,959,-1268,1520,7049,-805,642,6595,234
1753329122588309441,0,959,-1269,1578,7049,-806,642,6595,233
1753329122590247388,0,959,-1270,1542,7049,-807,642,6596,303
1753329122592325059,0,959,-1270,1575,7049,-806,642,6596,237
1753329122594280080,0,959,-1272,1743,7049,-808,642,6596,268
1753329122596315031,0,959,-1272,1587,7049,-808,642,6597,239
1753329122598289661,0,959,-1273,1587,7049,-809,642,6597,239
1753329122600246773,0,959,-1274,1455,7049,-810,643,6597,343
1753329122602273574,0,959,-1275,1576,7049,-811,643,6597,246
1753329122604294832,0,959,-1276,1638,7049,-812,643,6597,142
1753329122606257020,0,959,-1277,1580,7049,-813,643,6598,239
1753329122608318438,0,959,-1278,1392,7049,-814,643,6598,251
1753329122610361671,0,959,-1279,1564,7049,-815,643,6598,240
1753329122612255294,0,959,-1280,1652,7049,-816,643,6598,267
1753329122614238654,0,959,-1280,1569,7049,-816,644,6598,242
1753329122616262694,0,959,-1281,1604,7049,-817,644,6599,170
1753329122618297103,0,959,-1282,1571,7049,-818,644,6599,237
1753329122620314827,0,959,-1283,1570,7049,-771,644,6599,280
1753329122622324373,0,959,-1284,1569,7049,-817,644,6599,240
1753329122624322537,0,959,-1285,1533,7049,-900,645,6599,166
1753329122626337799,0,959,-1286,1566,7049,-825,645,6600,235
1753329122628340176,0,959,-1287,1766,7049,-826,645,6600,250
1753329122630314692,0,959,-1287,1579,7049,-826,646,6600,236
1753329122632359888,0,959,-1288,1413,7049,-793,646,6600,210
1753329122634334276,0,959,-1289,1566,7049,-825,646,6601,234
1753329122636265691,0,959,-1289,1486,7049,-825,646,6601,221
1753329122638229563,0,959,-1290,1559,7049,-826,646,6601,233
1753329122640229789,0,959,-1291,1602,7049,-906,646,6601,99
1753329122642242782,0,959,-1292,1560,7049,-834,646,6602,223
1753329122644245815,0,959,-1293,1560,7049,-756,646,6602,304
1753329122646256538,0,959,-1294,1559,7049,-830,647,6602,229
1753329122648255672,0,959,-1295,1558,7049,-831,647,6602,177
1753329122650222177,0,959,-1295,1557,7049,-831,647,6602,225
1753329122652252397,0,959,-1296,1513,7049,-832,647,6602,212
1753329122654246198,0,959,-1297,1553,7049,-833,647,6603,225
1753329122656251408,0,959,-1298,1595,7049,-786,647,6603,225
1753329122658256119,0,959,-1299,1554,7049,-832,648,6603,225
1753329122660261022,0,959,-1300,1589,7049,-881,648,6603,217
1753329122662309415,0,959,-1301,1555,7049,-837,648,6603,223
1753329122664227771,0,959,-1302,1554,7049,-790,648,6603,299
1753329122666249558,0,959,-1303,1553,7049,-836,649,6604,228
1753329122668246488,0,959,-1304,1552,7049,-824,649,6604,301
1753329122670251870,0,959,-1305,1551,7049,-837,649,6604,232
1753329122672316565,0,959,-1306,1550,7049,-899,649,6605,89
1753329122674341199,0,959,-1306,1549,7049,-842,649,6605,221
1753329122676270670,0,959,-1307,1548,7049,-782,649,6605,285
1753329122678253598,0,959,-1308,1548,7049,-839,650,6605,225
1753329122680226623,0,959,-1308,1547,7049,-839,650,6606,294
1753329122682361160,0,959,-1309,1546,7049,-840,650,6606,229
1753329122684234956,0,959,-1310,1545,7049,-841,650,6606,229
1753329122686257420,0,959,-1310,1607,7049,-823,651,6606,159
1753329122688391958,0,959,-1311,1547,7049,-841,651,6606,224
1753329122690392667,0,959,-1312,1483,7049,-739,651,6607,167
1753329122692325941,0,959,-1313,1541,7049,-835,651,6607,220
1753329122694316674,0,959,-1313,1504,7049,-956,651,6607,267
1753329122696290296,0,959,-1314,1536,7049,-845,651,6607,223
1753329122698284473,0,959,-1314,1571,7049,-845,651,6607,123
1753329122700283178,0,959,-1315,1536,7049,-846,652,6608,216
1753329122702250720,0,959,-1316,1701,7049,-829,652,6608,203
1753329122704502402,0,959,-1316,1547,7049,-846,652,6608,215
1753329122706266958,0,959,-1316,1444,7049,-863,652,6608,265
1753329122708320438,0,959,-1316,1537,7049,-847,652,6609,218
1753329122710258432,0,959,-1317,1536,7049,-830,652,6609,147
1753329122712242256,0,959,-1317,1535,7049,-846,652,6609,213
1753329122714222416,0,959,-1317,1637,7049,-864,653,6609,302
1753329122716242746,0,959,-1318,1541,7049,-849,653,6609,220
1753329122718253678,0,959,-1318,1506,7049,-861,653,6609,130
1753329122720303660,0,959,-1318,1537,7049,-850,653,6610,212
1753329122722255040,0,959,-1318,1536,7049,-837,654,6610,191
1753329122724259467,0,959,-1318,1536,7049,-849,654,6610,209
1753329122726217689,0,959,-1319,1535,7049,-862,654,6611,266
1753329122728234082,0,959,-1319,1534,7049,-850,654,6611,213
1753329122730198904,0,959,-1319,1567,7049,-850,654,6611,162
1753329122732213025,0,959,-1319,1535,7049,-850,655,6611,207
1753329122734207724,0,959,-1320,1501,7049,-839,655,6612,220
1753329122736215861,0,959,-1321,1532,7049,-851,655,6612,207
1753329122738227590,0,959,-1321,1531,7049,-779,655,6612,217
1753329122740426319,0,959,-1321,1530,7049,-846,655,6612,206
1753329122742250500,0,959,-1322,1530,7049,-798,656,6613,315
1753329122744281559,0,959,-1322,1529,7049,-843,656,6613,212
1753329122746262054,0,959,-1323,1562,7049,-947,656,6613,174
1753329122748236598,0,959,-1323,1531,7049,-852,656,6613,209
1753329122750222530,0,959,-1324,1329,7049,-853,656,6613,18
1753329122752243897,0,959,-1324,1515,7049,-853,656,6613,193
1753329122754239554,0,959,-1325,1715,7049,-770,657,6614,447
1753329122756254385,0,959,-1325,1529,7049,-847,657,6614,211
1753329122758321314,0,959,-1325,1494,7049,-877,657,6614,107
1753329122760225166,0,959,-1325,1525,7049,-849,657,6615,203
1753329122762198520,0,959,-1324,1558,7049,-818,657,6614,282
1753329122764212110,0,959,-1324,1527,7049,-846,657,6615,208
1753329122766214381,0,959,-1324,1527,7049,-948,658,6615,277
1753329122768223022,0,959,-1324,1527,7049,-854,658,6615,213
1753329122770262478,0,959,-1324,1527,7049,-854,658,6615,213
1753329122772230884,0,959,-1324,1493,7049,-782,658,6615,242
1753329122774236305,0,959,-1324,1525,7049,-848,658,6616,215
1753329122776215206,0,959,-1324,1558,7049,-848,659,6616,117
1753329122778294423,0,959,-1324,1527,7049,-848,659,6616,208
1753329122780266790,0,959,-1323,1494,7049,-901,659,6616,234
1753329122782295992,0,959,-1324,1525,7049,-852,659,6617,209
1753329122784302832,0,959,-1324,1525,7049,-852,660,6617,209
1753329122786279783,0,959,-1324,1525,7049,-852,660,6617,209
1753329122788247342,0,959,-1324,1525,7049,-870,660,6617,209
1753329122790266440,0,959,-1324,1524,7049,-853,660,6617,208
1753329122792216756,0,959,-1324,1525,7049,-835,660,6618,221
1753329122794282809,0,959,-1324,1524,7049,-852,661,6618,209
1753329122796237349,0,959,-1324,1455,7049,-995,661,6618,267
1753329122798258136,0,959,-1325,1519,7049,-863,661,6618,214
1753329122800280978,0,959,-1325,1588,7049,-720,661,6618,168
1753329122802293885,0,959,-1326,1524,7049,-854,661,6618,210
1753329122804285180,0,959,-1326,1523,7049,-854,661,6619,214
1753329122806305287,0,959,-1326,1523,7049,-854,662,6619,211
1753329122808319386,0,959,-1327,1356,7049,-770,662,6619,299
1753329122810235747,0,959,-1327,1511,7049,-848,662,6619,217
1753329122812215287,0,959,-1328,1738,7049,-849,662,6620,206
1753329122814268242,0,959,-1328,1527,7049,-849,662,6620,217
1753329122816274065,0,959,-1329,1466,7049,-850,663,6620,137
1753329122818243574,0,959,-1329,1521,7049,-850,663,6621,211
1753329122820260878,0,959,-1329,1555,7049,-841,663,6621,-61
1753329122822238445,0,959,-1330,1524,7049,-850,663,6621,190
1753329122824257029,0,959,-1330,1490,7049,-840,664,6621,524
1753329122826231436,0,959,-1331,1520,7049,-850,664,6621,215
1753329122828273604,0,959,-1331,1389,7049,-840,664,6622,155
1753329122830268628,0,959,-1331,1511,7049,-849,665,6622,211
1753329122832266860,0,959,-1331,1676,7049,-811,665,6622,230
1753329122834267489,0,959,-1331,1523,7049,-846,665,6622,212
1753329122836306305,0,959,-1331,1550,7049,-894,665,6622,240
1753329122838231758,0,959,-1331,1525,7049,-850,665,6622,214
1753329122840337828,0,959,-1331,1498,7049,-792,665,6622,187
1753329122842256006,0,959,-1331,1523,7049,-845,665,6623,212
1753329122844272217,0,959,-1331,1523,7049,-845,666,6623,129
1753329122846344871,0,959,-1331,1522,7049,-845,666,6623,206
1753329122848266066,0,959,-1331,1489,7049,-845,666,6623,237
1753329122850235584,0,959,-1331,1520,7049,-845,666,6624,209
1753329122852241216,0,959,-1330,1553,7049,-821,666,6624,251
1753329122854238342,0,959,-1331,1522,7049,-843,667,6624,212
1753329122856253415,0,959,-1330,1522,7049,-842,667,6625,212
1753329122858324377,0,959,-1330,1487,7049,-842,667,6625,271
1753329122860318319,0,959,-1330,1518,7049,-842,667,6625,216
1753329122862267392,0,959,-1329,1517,7049,-864,667,6625,202
1753329122864395540,0,959,-1329,1517,7049,-842,668,6626,216
1753329122866270558,0,959,-1329,1551,7049,-750,668,6626,233
1753329122868349949,0,959,-1329,1520,7049,-835,668,6626,217
1753329122870246574,0,959,-1329,1547,7049,-875,668,6626,222
1753329122872243370,0,959,-1328,1522,7049,-837,669,6626,217
1753329122874233644,0,959,-1328,1522,7049,-837,669,6627,255
1753329122876302904,0,959,-1328,1521,7049,-837,669,6627,220
1753329122878266781,0,959,-1327,1494,7049,-795,669,6627,119
1753329122880283033,0,959,-1327,1519,7049,-832,670,6627,213
1753329122882265571,0,959,-1326,1546,7049,-872,670,6627,205
1753329122884274263,0,959,-1326,1521,7049,-834,670,6628,212
1753329122886279686,0,959,-1326,1521,7049,-834,670,6628,232
1753329122888316163,0,959,-1325,1521,7049,-833,670,6628,214
1753329122890247174,0,959,-1325,1392,7049,-780,671,6628,197
1753329122892285197,0,959,-1324,1512,7049,-828,671,6629,214
1753329122894305061,0,959,-1323,1641,7049,-879,671,6629,315
1753329122896290692,0,959,-1323,1522,7049,-830,671,6629,220
1753329122898259720,0,959,-1322,1522,7049,-829,671,6629,14
1753329122900309482,0,959,-1322,1522,7049,-829,671,6630,206
1753329122902275366,0,959,-1321,1495,7049,-828,672,6630,362
1753329122904263289,0,959,-1321,1520,7049,-828,672,6630,217
1753329122906265954,0,959,-1320,1546,7049,-786,672,6630,232
1753329122908333516,0,959,-1319,1522,7049,-823,672,6631,219
1753329122910289278,0,959,-1319,1522,7049,-863,672,6631,252
1753329122912277432,0,959,-1318,1522,7049,-824,673,6631,222
1753329122914328245,0,959,-1318,1522,7049,-796,673,6631,237
1753329122916290681,0,959,-1317,1522,7049,-821,673,6631,223
1753329122918267414,0,959,-1317,1522,7049,-849,673,6631,183
1753329122920348639,0,959,-1316,1522,7049,-822,674,6631,219
1753329122922289054,0,959,-1316,1522,7049,-793,674,6631,261
1753329122924287423,0,959,-1315,1522,7049,-819,674,6632,222
1753329122926280832,0,959,-1314,1522,7049,-805,674,6632,332
1753329122928287553,0,959,-1314,1522,7049,-816,675,6632,231
1753329122930276354,0,959,-1313,1523,7049,-815,675,6632,339
1753329122932241601,0,959,-1312,1523,7049,-814,675,6633,239
1753329122934229608,0,959,-1312,1523,7049,-802,675,6633,162
1753329122936236510,0,959,-1311,1523,7049,-812,675,6633,235
1753329122938230921,0,959,-1310,1523,7049,-823,675,6633,227
1753329122940268112,0,959,-1310,1523,7049,-812,676,6633,234
1753329122942297935,0,959,-1309,1523,7049,-810,676,6634,234
1753329122944223882,0,959,-1308,1463,7049,-821,676,6634,263
1753329122946248770,0,959,-1307,1518,7049,-809,676,6634,238
1753329122948265985,0,959,-1307,1552,7049,-797,676,6635,216
1753329122950278194,0,959,-1306,1521,7049,-807,677,6635,237
1753329122952334789,0,959,-1305,1548,7049,-806,677,6635,245
1753329122954276234,0,959,-1304,1523,7049,-805,677,6635,239
1753329122956280283,0,959,-1303,1497,7049,-816,677,6635,199
1753329122958314193,0,959,-1302,1521,7049,-803,678,6635,237
1753329122960321903,0,959,-1301,1548,7049,-802,678,6636,8
1753329122962294377,0,959,-1300,1523,7049,-801,678,6636,221
1753329122964283203,0,959,-1299,1395,7049,-776,678,6636,453
1753329122966276730,0,959,-1298,1514,7049,-797,678,6636,240
1753329122968257026,0,959,-1297,1643,7049,-820,678,6637,219
1753329122970361460,0,959,-1296,1524,7049,-796,679,6637,240
1753329122972279829,0,959,-1295,1524,7049,-875,679,6637,270
1753329122974308976,0,959,-1294,1524,7049,-800,679,6638,244
1753329122976276296,0,959,-1293,1497,7049,-748,679,6637,651
1753329122978269409,0,959,-1292,1522,7049,-794,679,6638,274
1753329122980263567,0,959,-1291,1522,7049,-793,679,6638,-189
1753329122982274678,0,959,-1290,1522,7049,-792,680,6638,241
1753329122984297787,0,959,-1289,1523,7049,-791,680,6639,229
1753329122986270147,0,959,-1288,1523,7049,-790,680,6639,241
1753329122988299123,0,959,-1287,1550,7049,-789,680,6639,272
1753329122990270700,0,959,-1286,1525,7049,-787,680,6639,246
1753329122992294794,0,959,-1285,1333,7049,-814,681,6639,-110
1753329122994286195,0,959,-1284,1511,7049,-787,681,6640,220
1753329122996290686,0,959,-1283,1703,7049,-758,681,6640,514
1753329122998287173,0,959,-1282,1525,7049,-783,681,6640,243
1753329123000419225,0,959,-1281,1525,7049,-940,682,6640,177
1753329123002239977,0,959,-1280,1525,7049,-793,682,6640,239
1753329123004225298,0,959,-1279,1525,7049,-662,682,6641,192
1753329123006340047,0,959,-1278,1525,7049,-781,682,6641,238
1753329123008244844,0,959,-1277,1525,7049,-803,682,6641,229
1753329123010199395,0,959,-1275,1526,7049,-779,683,6641,239
1753329123012342672,0,959,-1275,1526,7049,-756,683,6641,239
1753329123014295409,0,959,-1274,1526,7049,-776,683,6641,240
1753329123016225501,0,959,-1273,1526,7049,-747,683,6642,245
1753329123018218551,0,959,-1272,1526,7049,-772,684,6642,242
1753329123020303810,0,959,-1271,1526,7049,-742,684,6642,187
1753329123022216430,0,959,-1269,1526,7049,-767,684,6642,240
1753329123024335519,0,959,-1268,1526,7049,-766,684,6643,240
1753329123026310521,0,959,-1267,1526,7049,-764,685,6643,297
1753329123028395921,0,959,-1266,1526,7049,-763,685,6643,244
1753329123030380763,0,959,-1265,1526,7049,-762,685,6643,243
1753329123032407480,0,959,-1264,1526,7049,-761,685,6643,244
1753329123034314514,0,959,-1263,1526,7049,-748,685,6643,181
1753329123036364340,0,959,-1262,1526,7049,-758,685,6644,239
1753329123038276026,0,959,-1261,1526,7049,-757,685,6644,304
1753329123040311278,0,959,-1260,1526,7049,-756,686,6644,243
1753329123042262569,0,959,-1259,1526,7049,-754,686,6644,272
1753329123044331328,0,959,-1258,1527,7049,-753,686,6644,245
1753329123046271298,0,959,-1257,1527,7049,-764,686,6645,74
1753329123048295311,0,959,-1256,1528,7049,-752,687,6645,232
1753329123050277253,0,959,-1255,1528,7049,-991,687,6645,356
1753329123052288527,0,959,-1253,1528,7049,-767,687,6645,241
1753329123054278739,0,959,-1252,1528,7049,-525,687,6645,259
1753329123056289221,0,959,-1251,1528,7049,-747,688,6645,242
1753329123058285210,0,959,-1250,1528,7049,-746,688,6646,289
1753329123060285166,0,959,-1249,1529,7049,-744,688,6646,246
1753329123062304777,0,959,-1248,1529,7049,-800,688,6646,245
1753329123064328357,0,959,-1246,1529,7049,-745,689,6646,246
1753329123066277748,0,959,-1245,1529,7049,-744,689,6646,294
1753329123068290831,0,959,-1244,1529,7049,-743,689,6647,251
1753329123070283612,0,959,-1242,1529,7049,-811,689,6647,-269
1753329123072274814,0,959,-1241,1529,7049,-745,689,6647,213
1753329123074304372,0,959,-1240,1529,7049,-674,689,6647,696
1753329123076283777,0,959,-1239,1531,7049,-738,690,6648,250
1753329123078264905,0,959,-1238,1531,7049,-769,690,6648,106
1753329123080293428,0,959,-1237,1531,7049,-738,690,6648,240
1753329123082283257,0,959,-1235,1532,7049,-736,691,6648,334
1753329123084318419,0,959,-1234,1532,7049,-735,691,6648,248
1753329123086291451,0,959,-1233,1532,7049,-734,691,6649,227
1753329123088278500,0,959,-1232,1532,7049,-733,691,6649,247
1753329123090295019,0,959,-1231,1532,7049,-722,691,6649,265
1753329123092269504,0,959,-1230,1533,7049,-730,691,6649,250
1753329123094265123,0,959,-1229,1533,7049,-1156,692,6650,233
1753329123096329153,0,959,-1228,1533,7049,-759,692,6650,248
1753329123098267377,0,959,-1228,1533,7049,-379,693,6650,271
1753329123100270410,0,959,-1226,1533,7049,-729,693,6650,251
1753329123102276171,0,959,-1225,1534,7049,-690,693,6650,198
1753329123104311612,0,959,-1224,1535,7049,-724,694,6651,247
1753329123106340174,0,959,-1223,1535,7049,-714,694,6651,315
1753329123108304607,0,959,-1223,1535,7049,-722,694,6651,252
1753329123110266782,0,959,-1221,1536,7049,-788,694,6651,247
1753329123112274176,0,959,-1220,1536,7049,-724,694,6651,252
1753329123114257686,0,959,-1219,1537,7049,-723,694,6651,252
1753329123116354509,0,959,-1218,1537,7049,-712,694,6652,153
1753329123118344326,0,959,-1217,1537,7049,-720,694,6652,245
1753329123120341511,0,959,-1216,1538,7049,-671,695,6652,314
1753329123122296732,0,959,-1215,1538,7049,-714,695,6652,250
1753329123124342132,0,959,-1214,1538,7049,-751,695,6653,300
1753329123126266678,0,959,-1212,1539,7049,-714,696,6653,254
1753329123128296784,0,959,-1211,1539,7049,-713,696,6653,310
1753329123130295530,0,959,-1210,1539,7049,-712,696,6653,259
1753329123132281689,0,959,-1209,1540,7049,-711,697,6654,215
1753329123134373346,0,959,-1208,1540,7049,-710,697,6654,256
1753329123136308151,0,959,-1207,1540,7049,-719,697,6654,325
1753329123138284429,0,959,-1206,1541,7049,-708,697,6654,262
1753329123140303673,0,959,-1205,1541,7049,-726,698,6654,262
1753329123142226818,0,959,-1204,1541,7049,-708,698,6655,262
1753329123144212434,0,959,-1203,1543,7049,-639,698,6655,293
1753329123146226216,0,959,-1202,1543,7049,-700,698,6655,266
1753329123148364651,0,959,-1201,1544,7049,-737,698,6655,322
1753329123150281725,0,959,-1200,1544,7049,-701,698,6656,270
1753329123152280665,0,959,-1199,1544,7049,-729,698,6656,271
1753329123154263231,0,959,-1198,1545,7049,-701,699,6656,271
1753329123156272858,0,959,-1197,1545,7049,-681,699,6656,241
1753329123158273751,0,959,-1196,1546,7049,-698,699,6656,270
1753329123160285914,0,959,-1195,1546,7049,-686,699,6657,242
1753329123162272043,0,959,-1194,1547,7049,-695,700,6657,270
1753329123164283874,0,959,-1193,1547,7049,-704,700,6657,245
1753329123166287443,0,959,-1192,1548,7049,-693,700,6657,269
1753329123168277927,0,959,-1191,1548,7049,-682,700,6657,374
1753329123170275247,0,959,-1190,1548,7049,-690,701,6658,279
1753329123172269593,0,959,-1189,1420,7049,-689,701,6658,347
1753329123174280264,0,959,-1188,1541,7049,-688,701,6658,286
1753329123176292264,0,959,-1187,1670,7049,-687,701,6658,185
1753329123178267606,0,959,-1186,1550,7049,-686,701,6658,280
1753329123180286623,0,959,-1185,1552,7049,-685,702,6658,198
1753329123182262512,0,959,-1184,1552,7049,-684,702,6658,276
1753329123184287123,0,959,-1183,1552,7049,-683,702,6658,359
1753329123186284612,0,959,-1181,1552,7049,-681,702,6658,284
1753329123188312589,0,959,-1181,1552,7049,-681,702,6659,285
1753329123190281351,0,959,-1180,1553,7049,-680,703,6659,286
1753329123192329511,0,959,-1178,1553,7049,-688,703,6659,243
1753329123194320947,0,959,-1177,1554,7049,-677,703,6659,285
1753329123196286485,0,959,-1176,1554,7049,-676,703,6659,285
1753329123198307050,0,959,-1175,1555,7049,-627,703,6659,271
1753329123200233765,0,959,-1174,1555,7049,-670,703,6659,286
1753329123202219569,0,959,-1173,1556,7049,-707,703,6660,301
1753329123204292085,0,959,-1172,1556,7049,-671,703,6660,288
1753329123206244684,0,959,-1170,1557,7049,-631,703,6660,324
1753329123208280576,0,959,-1169,1557,7049,-665,703,6660,293
1753329123210271294,0,959,-1168,1558,7049,-664,703,6660,260
1753329123212285675,0,959,-1167,1558,7049,-663,704,6660,292
1753329123214257505,0,959,-1166,1559,7049,-662,704,6660,251
1753329123216351702,0,959,-1164,1560,7049,-660,704,6661,292
1753329123218269099,0,959,-1163,1560,7049,-696,704,6661,259
1753329123220335912,0,959,-1162,1561,7049,-660,705,6661,291
1753329123222272325,0,959,-1160,1561,7049,-1039,705,6661,387
1753329123224269885,0,959,-1159,1562,7049,-685,705,6661,301
1753329123226270749,0,959,-1158,1562,7049,-304,705,6662,317
1753329123228287359,0,959,-1157,1563,7049,-655,706,6662,304
1753329123230283311,0,959,-1155,1564,7049,-653,706,6662,218
1753329123232304146,0,959,-1154,1564,7049,-652,706,6662,300
1753329123234222079,0,959,-1153,1565,7049,-613,706,6663,350
1753329123236215691,0,959,-1151,1565,7049,-646,706,6663,305
1753329123238205783,0,959,-1150,1566,7049,-446,706,6663,257
1753329123240260168,0,959,-1149,1567,7049,-629,706,6663,304
1753329123242206704,0,959,-1148,1567,7049,-865,706,6663,317
1753329123244231389,0,959,-1147,1568,7049,-644,706,6663,307
1753329123246259572,0,959,-1146,1570,7049,-389,707,6664,271
1753329123248269762,0,959,-1145,1570,7049,-623,707,6664,306
1753329123250263664,0,959,-1143,1571,7049,-838,707,6664,510
1753329123252266872,0,959,-1142,1571,7049,-636,707,6664,324
1753329123254253438,0,959,-1141,1572,7049,-635,707,6664,160
1753329123256250596,0,959,-1140,1573,7049,-634,707,6664,313
1753329123258261737,0,959,-1138,1573,7049,-622,707,6664,267
1753329123260276128,0,959,-1137,1574,7049,-630,707,6664,313
1753329123262296781,0,959,-1135,1575,7049,-637,707,6665,372
1753329123264275814,0,959,-1133,1575,7049,-626,707,6665,319
1753329123266276662,0,959,-1132,1576,7049,-625,707,6665,257
1753329123268289654,0,959,-1130,1576,7049,-623,707,6665,316
1753329123270278457,0,959,-1128,1576,7049,-621,707,6665,428
1753329123272277812,0,959,-1127,1577,7049,-620,707,6665,327
1753329123274259247,0,959,-1125,1578,7049,-656,708,6665,274
1753329123276239769,0,959,-1124,1578,7049,-620,708,6666,325
1753329123278241057,0,959,-1123,1579,7049,-581,708,6666,314
1753329123280243515,0,959,-1121,1581,7049,-614,708,6666,327
1753329123282263088,0,959,-1119,1581,7049,-612,708,6666,328
1753329123284258063,0,959,-1118,1582,7049,-678,708,6666,347
1753329123286247145,0,959,-1116,1583,7049,-613,709,6667,331
1753329123288239345,0,959,-1114,1584,7049,-695,709,6667,311
1753329123290307731,0,959,-1112,1584,7049,-616,709,6667,332
1753329123292239138,0,959,-1111,1585,7049,-530,709,6667,330
1753329123294230708,0,959,-1109,1586,7049,-606,709,6667,334
1753329123296219371,0,959,-1108,1587,7049,-605,710,6667,335
1753329123298216251,0,959,-1106,1587,7049,-603,710,6668,336
1753329123300245109,0,959,-1104,1588,7049,-703,710,6668,305
1753329123302240752,0,959,-1103,1588,7049,-608,710,6668,337
1753329123304232224,0,959,-1101,1589,7049,-534,710,6668,362
1753329123306264541,0,959,-1100,1590,7049,-599,710,6668,341
1753329123308235292,0,959,-1098,1591,7049,-567,711,6668,318
1753329123310226665,0,959,-1097,1592,7049,-594,711,6668,341
1753329123312246788,0,959,-1096,1592,7049,-677,711,6668,332
1753329123314236401,0,959,-1095,1594,7049,-598,711,6669,343
1753329123316260106,0,959,-1094,1595,7049,-543,711,6669,286
1753329123318290287,0,959,-1093,1595,7049,-592,711,6669,341
1753329123320275368,0,959,-1091,1596,7049,-644,711,6669,119
1753329123322259386,0,959,-1090,1597,7049,-593,711,6669,326
1753329123324236755,0,959,-1089,1598,7049,-117,711,6669,611
1753329123326221957,0,959,-1088,1599,7049,-555,712,6670,350
1753329123328280996,0,959,-1086,1599,7049,-1028,712,6670,390
1753329123330219875,0,959,-1085,1599,7049,-587,712,6670,355
1753329123332243964,0,959,-1083,1600,7049,-482,712,6670,327
1753329123334235440,0,959,-1082,1601,7049,-576,712,6670,355
1753329123336251131,0,959,-1081,1602,7049,-585,712,6670,313
1753329123338210175,0,959,-1079,1602,7049,-574,712,6670,354
1753329123340267784,0,959,-1078,1603,7049,-573,712,6671,391
1753329123342219583,0,959,-1076,1604,7049,-571,713,6671,359
1753329123344271347,0,959,-1075,1605,7049,-479,713,6671,425
1753329123346255827,0,959,-1074,1607,7049,-562,713,6671,366
1753329123348221202,0,959,-1073,1608,7049,-660,713,6671,298
1753329123350201979,0,959,-1071,1608,7049,-566,713,6671,363
1753329123352207482,0,959,-1070,1609,7049,-556,714,6672,402
1753329123354216808,0,959,-1069,1610,7049,-563,714,6672,367
1753329123356200667,0,959,-1067,1611,7049,-551,714,6672,361
1753329123358202101,0,959,-1067,1612,7049,-560,714,6672,368
1753329123360225327,0,959,-1065,1613,7049,-577,714,6672,438
1753329123362230808,0,959,-1064,1613,7049,-559,714,6672,375
1753329123364212370,0,959,-1062,1614,7049,-538,715,6673,299
1753329123366249241,0,959,-1061,1615,7049,-554,715,6673,371
1753329123368221196,0,959,-1060,1616,7049,-553,715,6673,373
1753329123370199350,0,959,-1058,1617,7049,-551,715,6673,415
1753329123372196569,0,959,-1056,1618,7049,-549,715,6673,378
1753329123374202795,0,959,-1054,1619,7049,-557,715,6673,380
1753329123376208427,0,959,-1053,1620,7049,-547,715,6673,381
1753329123378196340,0,959,-1051,1620,7049,-534,715,6673,382
1753329123380249303,0,959,-1049,1622,7049,-542,715,6673,384
1753329123382196500,0,959,-1047,1622,7049,-559,716,6673,439
1753329123384215131,0,959,-1046,1624,7049,-540,716,6673,390
1753329123386240883,0,959,-1044,1624,7049,-538,716,6674,338
1753329123388267886,0,959,-1042,1625,7049,-536,716,6674,389
1753329123390235881,0,959,-1041,1626,7049,-535,716,6674,493
1753329123392234745,0,959,-1039,1627,7049,-533,716,6674,400
1753329123394226625,0,959,-1038,1628,7049,-532,716,6674,300
1753329123396248715,0,959,-1036,1629,7049,-529,716,6674,395
1753329123398210567,0,959,-1034,1630,7049,-527,716,6674,382
1753329123400190601,0,959,-1033,1631,7049,-526,716,6674,397
1753329123402235911,0,959,-1031,1632,7049,-554,717,6675,382
1753329123404240790,0,959,-1029,1633,7049,-524,717,6675,399
1753329123406247134,0,959,-1028,1634,7049,-523,717,6675,361
1753329123408238004,0,959,-1026,1635,7049,-521,717,6675,399
1753329123410220519,0,959,-1024,1636,7049,-573,717,6675,425
1753329123412221781,0,959,-1022,1636,7049,-521,717,6676,405
1753329123414199832,0,959,-1020,1638,7049,-465,717,6676,366
1753329123416271221,0,959,-1019,1639,7049,-514,718,6676,405
1753329123418236883,0,959,-1017,1640,7049,-473,718,6676,649
1753329123420311600,0,959,-1016,1641,7049,-508,718,6676,427
1753329123422227925,0,959,-1014,1642,7049,-599,718,6677,170
1753329123424219770,0,959,-1013,1643,7049,-512,719,6677,411
1753329123426217958,0,959,-1011,1644,7049,-510,719,6677,374
1753329123428244760,0,959,-1010,1645,7049,-509,719,6677,410
1753329123430213325,0,959,-1008,1646,7049,-507,719,6677,-10
1753329123432269266,0,959,-1006,1646,7049,-505,719,6678,381
1753329123434246801,0,959,-1005,1518,7049,-504,720,6678,826
1753329123436240274,0,959,-1004,1639,7049,-503,720,6678,417
1753329123438355155,0,959,-1002,1769,7049,-613,720,6678,340
1753329123440244613,0,959,-1000,1651,7049,-507,720,6678,414
1753329123442229034,0,959,-998,1651,7049,-392,720,6678,430
1753329123444244798,0,959,-997,1653,7049,-496,720,6678,418
1753329123446239588,0,959,-995,1653,7049,-440,720,6678,441
1753329123448217811,0,959,-994,1654,7049,-488,720,6679,422
1753329123450241013,0,959,-992,1656,7049,-486,720,6679,461
1753329123452210734,0,959,-991,1657,7049,-485,720,6679,427
1753329123454317619,0,959,-989,1658,7049,-483,720,6679,428
1753329123456286695,0,959,-988,1659,7049,-452,720,6679,412
1753329123458466516,0,959,-987,1660,7049,-479,720,6679,428
1753329123460376275,0,959,-985,1661,7049,-468,721,6679,340
1753329123462364530,0,959,-984,1661,7049,-475,721,6679,423
1753329123464329493,0,959,-983,1662,7049,-483,721,6679,889
1753329123466307757,0,959,-981,1663,7049,-473,721,6680,459
1753329123468249167,0,959,-979,1664,7049,-462,721,6680,133
1753329123470328246,0,959,-978,1665,7049,-469,721,6680,437
1753329123472308236,0,959,-976,1666,7049,-467,721,6680,430
1753329123474284557,0,959,-975,1667,7049,-466,721,6680,438
1753329123476243734,0,959,-973,1668,7049,-473,721,6680,445
1753329123478233887,0,959,-971,1669,7049,-462,721,6681,440
1753329123480310902,0,959,-969,1670,7049,-451,721,6681,467
1753329123482286919,0,959,-967,1671,7049,-457,722,6681,444
1753329123484296474,0,959,-965,1673,7049,-455,722,6681,460
1753329123486289126,0,959,-963,1674,7049,-453,722,6681,447
1753329123488267931,0,959,-962,1675,7049,-491,722,6682,415
1753329123490248820,0,959,-960,1676,7049,-453,722,6682,447
1753329123492243226,0,959,-959,1677,7049,-452,723,6682,466
1753329123494253096,0,959,-957,1678,7049,-450,723,6682,450
1753329123496276998,0,959,-955,1679,7049,-502,723,6683,419
1753329123498260221,0,959,-953,1680,7049,-450,723,6683,451
1753329123500260312,0,959,-952,1681,7049,-395,723,6683,455
1753329123502307854,0,959,-950,1682,7049,-443,724,6683,453
1753329123504265486,0,959,-948,1683,7049,-441,724,6683,453
1753329123506239748,0,959,-946,1684,7049,-439,724,6683,457
1753329123508283209,0,959,-944,1685,7049,-437,724,6683,-86
1753329123510224034,0,959,-942,1687,7049,-434,725,6683,419
1753329123512212164,0,959,-941,1688,7049,-433,724,6684,990
1753329123514230060,0,959,-939,1689,7049,-431,725,6684,464
1753329123516194057,0,959,-937,1690,7049,-483,725,6684,381
1753329123518235374,0,959,-935,1692,7049,-431,725,6684,461
1753329123520206391,0,959,-934,1693,7049,-461,725,6684,510
1753329123522200585,0,959,-932,1694,7049,-430,725,6684,466
1753329123524172372,0,959,-930,1695,7049,-314,725,6684,468
1753329123526149764,0,959,-929,1696,7049,-419,725,6684,469
1753329123528157981,0,959,-927,1697,7049,-447,725,6685,471
1753329123530231833,0,959,-925,1698,7049,-417,725,6685,471
1753329123532246473,0,959,-924,1699,7049,-319,726,6685,439
1753329123534181993,0,959,-922,1700,7049,-407,726,6685,472
1753329123536164782,0,959,-920,1701,7049,-404,726,6686,473
1753329123538163933,0,959,-919,1702,7049,-501,726,6686,516
1753329123540182954,0,959,-917,1704,7049,-409,726,6686,478
1753329123542166541,0,959,-914,1705,7049,-405,726,6686,509
1753329123544189182,0,959,-912,1707,7049,-403,726,6686,482
1753329123546216571,0,959,-911,1707,7049,-402,727,6686,488
1753329123548262765,0,959,-910,1709,7049,-401,727,6686,486
1753329123550210331,0,959,-908,1710,7049,-399,727,6687,487
1753329123552322820,0,959,-906,1712,7049,-397,727,6687,488
1753329123554222909,0,959,-904,1713,7049,-365,727,6687,455
1753329123556273174,0,959,-903,1714,7049,-392,727,6687,488
1753329123558310528,0,959,-901,1715,7049,-390,728,6687,409
1753329123560520148,0,959,-899,1716,7049,-388,728,6687,485
1753329123562239309,0,959,-898,1717,7049,-378,728,6687,633
1753329123564292615,0,959,-896,1719,7049,-384,728,6688,499
1753329123566250561,0,959,-894,1720,7049,-637,728,6688,466
1753329123568259762,0,959,-892,1721,7049,-399,729,6688,500
1753329123570424716,0,959,-890,1722,7049,-151,729,6688,525
1753329123572407238,0,959,-888,1723,7049,-376,729,6688,505
1753329123574292537,0,959,-887,1725,7049,-366,729,6688,565
1753329123576307101,0,959,-884,1727,7049,-372,729,6688,511
1753329123578279153,0,959,-882,1727,7049,11,729,6688,-103
1753329123580276113,0,959,-880,1728,7049,-339,730,6688,468
1753329123582333876,0,959,-878,1729,7049,-718,729,6688,1027
1753329123584272364,0,959,-877,1732,7049,-364,729,6688,512
1753329123586281956,0,959,-875,1733,7049,-362,730,6689,557
1753329123588273629,0,959,-873,1734,7049,-360,730,6689,518
1753329123590263051,0,959,-871,1735,7049,-367,730,6689,536
1753329123592289612,0,959,-869,1736,7049,-356,730,6689,523
1753329123594269073,0,959,-868,1737,7049,-326,730,6689,546
1753329123596287469,0,959,-866,1739,7049,-351,730,6690,526
1753329123598289291,0,959,-863,1741,7049,-368,730,6690,601
1753329123600300633,0,959,-861,1741,7049,-347,730,6690,535
1753329123602308741,0,959,-859,1742,7049,-384,730,6690,490
1753329123604267433,0,959,-858,1743,7049,-347,730,6690,535
1753329123606229660,0,959,-855,1745,7049,-305,730,6691,511
1753329123608241954,0,959,-854,1746,7049,-340,730,6691,537
1753329123610284876,0,959,-852,1747,7049,-328,730,6691,539
1753329123612299581,0,960,-850,1748,7049,-335,731,6691,540
1753329123614282124,0,959,-849,1749,7049,-344,731,6692,541
1753329123616297140,0,959,-846,1752,7049,-332,731,6692,545
1753329123618293416,0,959,-844,1753,7049,-339,731,6692,519
1753329123620313520,0,959,-843,1754,7049,-329,731,6692,546
1753329123622350126,0,959,-840,1755,7049,-428,732,6692,517
1753329123624294229,0,959,-838,1756,7049,-332,732,6692,550
1753329123626439628,0,959,-836,1758,7049,-330,732,6692,553
1753329123628645838,0,959,-834,1760,7049,-159,732,6692,556
1753329123630372691,0,959,-833,1760,7049,-314,732,6693,557
1753329123632302437,0,959,-830,1761,7049,-359,733,6693,579
1753329123634385903,0,959,-828,1763,7049,-313,733,6693,565
1753329123636294588,0,959,-826,1764,7049,-321,733,6693,395
1753329123638397465,0,959,-824,1765,7049,-309,733,6693,557
1753329123640291674,0,959,-822,1766,7049,-307,733,6693,595
1753329123642394431,0,959,-821,1767,7049,-306,734,6693,563
1753329123644384669,0,959,-818,1769,7049,-245,733,6693,601
1753329123646361282,0,959,-816,1770,7049,-297,734,6694,571
1753329123648346971,0,959,-814,1771,7049,-332,734,6694,234
1753329123650318689,0,959,-812,1774,7049,-295,734,6694,549
1753329123652269515,0,959,-810,1775,7049,-293,734,6694,832
1753329123654342381,0,959,-809,1776,7049,-292,734,6694,574
1753329123656309980,0,959,-807,1777,7049,-300,734,6694,581
1753329123658246328,0,959,-805,1779,7049,-289,734,6695,577
1753329123660255055,0,959,-803,1780,7049,-116,734,6695,480
1753329123662291611,0,959,-801,1782,7049,-272,734,6695,574
1753329123664376959,0,959,-799,1783,7049,-392,734,6695,724
1753329123666240135,0,959,-798,1784,7049,-278,734,6695,587
1753329123668225036,0,959,-796,1785,7049,-275,734,6696,514
1753329123670211237,0,959,-794,1787,7049,-273,734,6696,585
1753329123672208563,0,959,-792,1788,7049,-271,734,6696,592
1753329123674194597,0,959,-790,1789,7049,-269,734,6696,588
1753329123676225492,0,959,-789,1790,7049,-236,735,6697,589
1753329123678215867,0,959,-787,1792,7049,-264,735,6697,591
1753329123680231615,0,959,-784,1544,7049,-371,735,6697,310
1753329123682236062,0,959,-782,1777,7049,-267,735,6697,572
1753329123684281730,0,959,-779,2027,7049,-176,735,6697,880
1753329123686221126,0,959,-777,1797,7049,-255,735,6697,598
1753329123688199749,0,959,-775,1798,7049,-253,735,6697,611
1753329123690170305,0,959,-773,1801,7049,-251,735,6697,602
1753329123692162425,0,959,-771,1802,7049,-249,735,6698,647
1753329123694157759,0,959,-768,1803,7049,-246,735,6698,608
1753329123696176126,0,959,-766,1805,7049,-547,735,6698,698
1753329123698157224,0,959,-764,1806,7049,-264,735,6698,618
1753329123700172419,0,959,-761,1807,7049,41,735,6698,505
1753329123702156732,0,959,-759,1809,7049,-236,735,6698,611
1753329123704212451,0,959,-756,1810,7049,-233,735,6698,613
1753329123706151857,0,959,-754,1811,7049,34,735,6699,251
1753329123708185163,0,959,-751,1813,7049,-208,735,6699,588
1753329123710158552,0,959,-749,1814,7049,-481,735,6699,1013
1753329123712154898,0,959,-747,1815,7049,-224,735,6699,623
1753329123714168495,0,959,-744,1817,7049,-269,736,6699,533
1753329123716154244,0,959,-742,1818,7049,-223,736,6699,619
1753329123718145292,0,959,-739,1819,7049,-230,736,6699,738
1753329123720164640,0,959,-737,1821,7049,-218,736,6700,631
1753329123722150808,0,959,-734,1824,7049,-215,736,6700,625
1753329123724160057,0,959,-732,1826,7049,-213,736,6700,633
1753329123726157770,0,959,-729,1827,7049,-210,736,6700,652
1753329123728169490,0,959,-726,1829,7049,-207,737,6700,638
1753329123730173147,0,959,-723,1830,7049,-204,737,6700,586
1753329123732175944,0,959,-721,1832,7049,-202,737,6700,638
1753329123734177825,0,959,-718,1833,7049,-37,737,6701,405
1753329123736189939,0,959,-716,1835,7049,-185,737,6701,623
1753329123738208146,0,959,-714,1836,7049,-384,738,6701,903
1753329123740235445,0,959,-711,1838,7049,-194,738,6701,647
1753329123742250535,0,959,-709,1839,7049,-192,738,6701,688
1753329123744293403,0,959,-706,1841,7049,-189,738,6701,653
1753329123746277896,0,959,-703,1842,7049,-186,738,6702,624
1753329123748262473,0,959,-701,1844,7049,-184,738,6702,655
1753329123750205294,0,959,-698,1845,7049,-348,738,6702,657
1753329123752212897,0,959,-696,1847,7049,-192,739,6702,658
1753329123754212378,0,959,-693,1848,7049,178,739,6702,373
1753329123756201276,0,959,-691,1851,7049,-159,739,6702,641
1753329123758210048,0,959,-688,1853,7049,-411,739,6702,1020
1753329123760206776,0,959,-686,1854,7049,-173,739,6702,673
1753329123762203609,0,959,-684,1856,7049,44,739,6702,283
1753329123764206066,0,959,-681,1857,7049,-152,739,6702,648
1753329123766205561,0,959,-679,1234,7049,-744,739,6702,650
1753329123768203798,0,959,-676,1813,7049,-191,740,6702,651
1753329123770206122,0,959,-674,2440,7049,435,740,6703,653
1753329123772239440,0,959,-672,1864,7049,-140,740,6703,655
1753329123774204757,0,959,-669,1865,7049,-383,740,6703,1103
1753329123776244845,0,959,-667,1867,7049,-154,740,6703,692
1753329123778196294,0,959,-665,1869,7049,113,740,6703,215
1753329123780198961,0,959,-663,1870,7049,-130,740,6703,659
1753329123782212968,0,959,-660,1872,7049,-410,740,6703,1070
1753329123784196321,0,959,-658,1873,7049,-146,740,6704,694
1753329123786189508,0,959,-656,1875,7049,-144,740,6704,740
1753329123788194165,0,959,-654,1876,7049,-141,741,6704,700
1753329123790184852,0,959,-652,1878,7049,-139,741,6704,608
1753329123792198856,0,959,-650,1880,7049,-137,741,6704,696
1753329123794317644,0,959,-647,1881,7049,-134,741,6704,698
1753329123796244668,0,959,-645,1883,7049,-132,741,6705,699
1753329123798240259,0,960,-644,1884,7049,-131,741,6705,700
1753329123800229435,0,959,-641,1886,7049,-110,741,6705,706
1753329123802327166,0,959,-638,1888,7049,-124,742,6705,702
1753329123804271367,0,959,-636,1890,7049,-122,742,6705,745
1753329123806217952,0,959,-634,1892,7049,-120,742,6706,708
1753329123808210125,0,959,-632,1893,7049,-136,742,6706,682
1753329123810266901,0,959,-631,1895,7049,-118,742,6706,708
1753329123812208635,0,959,-629,1897,7049,63,743,6706,413
1753329123814226429,0,959,-626,1898,7049,-100,743,6706,688
1753329123816270346,0,959,-624,1900,7049,-277,743,6706,897
1753329123818316588,0,959,-621,1902,7049,-108,743,6706,706
1753329123820278176,0,959,-619,1904,7049,-118,743,6706,820
1753329123822274504,0,959,-617,1905,7049,-105,743,6706,719
1753329123824256010,0,959,-615,1907,7049,58,744,6707,415
1753329123826258572,0,959,-613,1908,7049,-89,744,6707,699
1753329123828285519,0,959,-610,1910,7049,-134,744,6707,739
1753329123830293666,0,959,-608,1912,7049,-87,744,6707,706
1753329123832279725,0,959,-606,1914,7049,-281,744,6707,990
1753329123834254915,0,959,-604,1915,7049,-97,744,6707,732
1753329123836271481,0,959,-602,1917,7049,-62,744,6707,685
1753329123838263008,0,959,-600,1920,7049,-91,744,6708,731
1753329123840268729,0,959,-597,1921,7049,-88,744,6708,705
1753329123842256389,0,959,-595,1923,7049,-86,744,6708,735
1753329123844262239,0,959,-593,1925,7049,-148,744,6708,660
1753329123846239575,0,959,-590,1926,7049,-86,744,6708,734
1753329123848243489,0,959,-588,1928,7049,28,744,6709,843
1753329123850210704,0,959,-586,1930,7049,-73,744,6709,747
1753329123852248442,0,959,-583,1932,7049,-119,744,6709,734
1753329123854224089,0,959,-581,1934,7049,-72,745,6709,750
1753329123856241298,0,959,-579,1935,7049,-104,745,6709,932
1753329123858224062,0,959,-577,1937,7049,-70,745,6709,767
1753329123860226890,0,959,-575,1939,7049,-35,745,6709,574
1753329123862213635,0,959,-573,1941,7049,-64,745,6710,757
1753329123864233391,0,959,-571,1942,7049,-96,745,6710,633
1753329123866221835,0,959,-568,1944,7049,-61,745,6710,752
1753329123868223360,0,959,-567,1946,7049,-60,745,6710,851
1753329123870222315,0,959,-564,1948,7049,-57,746,6710,763
1753329123872195834,0,959,-563,1950,7049,-23,746,6710,765
1753329123874188361,0,959,-561,1952,7049,-52,746,6711,767
1753329123876198992,0,959,-559,1954,7049,-84,746,6711,722
1753329123878181097,0,959,-558,1956,7049,-51,746,6711,769
1753329123880252331,0,959,-556,1956,7049,-49,747,6711,772
1753329123882200236,0,959,-554,1959,7049,-14,747,6711,822
1753329123884211489,0,959,-553,1961,7049,-44,747,6712,780
1753329123886187216,0,959,-551,1963,7049,-42,747,6712,670
1753329123888186288,0,959,-550,1965,7049,-41,747,6712,776
1753329123890175072,0,959,-548,1966,7049,-73,747,6712,630
1753329123892180320,0,959,-546,1968,7049,-39,748,6712,769
1753329123894175487,0,959,-544,1970,7049,44,748,6712,941
1753329123896226012,0,959,-542,1972,7049,-29,748,6713,786
1753329123898175192,0,959,-540,1974,7049,-27,748,6713,788
1753329123900196435,0,959,-538,1975,7049,-25,748,6713,790
1753329123902182139,0,959,-536,1977,7049,-23,748,6713,882
1753329123904193553,0,959,-534,1980,7049,-21,748,6713,801
1753329123906177093,0,959,-532,1982,7049,-19,748,6713,412
1753329123908189069,0,959,-530,1984,7049,-17,748,6713,776
1753329123910170945,0,959,-529,1985,7049,-3,749,6714,991
1753329123912245317,0,959,-526,1987,7049,-12,748,6714,795
1753329123914174585,0,959,-524,1989,7049,-23,748,6714,789
1753329123916195224,0,959,-522,1992,7049,-9,749,6714,798
1753329123918196867,0,959,-520,1994,7049,77,749,6714,800
1753329123920221706,0,959,-519,1996,7049,0,749,6714,802
1753329123922193211,0,959,-516,1998,7049,511,749,6715,572
1753329123924236577,0,959,-514,2000,7049,43,749,6715,787
1753329123926237891,0,959,-512,2002,7049,-682,749,6715,1010
1753329123928180201,0,959,-509,2003,7049,-5,749,6715,807
1753329123930175993,0,959,-507,2005,7049,143,749,6715,809
1753329123932193453,0,959,-506,2007,7049,8,749,6715,811
1753329123934177634,0,959,-503,2009,7049,-1,749,6715,740
1753329123936194013,0,959,-501,2010,7049,12,749,6716,809
1753329123938177182,0,959,-498,2013,7049,15,749,6716,883
1753329123940186422,0,959,-496,2015,7049,17,749,6716,818
1753329123942183049,0,959,-494,2017,7049,-93,749,6716,984
1753329123944260861,0,959,-491,2019,7049,13,750,6716,833
1753329123946204339,0,959,-489,2020,7049,128,750,6716,595
1753329123948279042,0,959,-486,2022,7049,27,750,6716,817
1753329123950200799,0,959,-483,2024,7049,-18,750,6716,915
1753329123952241936,0,959,-481,2026,7049,28,750,6716,827
1753329123954251377,0,959,-479,2028,7049,92,750,6717,921
1753329123956316021,0,959,-476,2030,7049,38,750,6717,836
1753329123958265400,0,959,-474,2032,7049,-54,750,6717,807
1753329123960241170,0,959,-471,2033,7049,36,750,6717,836
1753329123962231986,0,959,-469,2035,7049,72,751,6717,839
1753329123964245192,0,959,-466,2037,7049,43,751,6717,839
1753329123966259999,0,959,-464,2039,7049,45,751,6717,840
1753329123968244793,0,959,-461,2041,7049,48,751,6717,891
1753329123970374873,0,959,-459,2043,7049,50,751,6717,846
1753329123972182125,0,959,-457,2046,7049,263,751,6718,693
1753329123974296869,0,959,-455,2048,7049,70,751,6718,837
1753329123976230072,0,959,-453,2050,7049,-137,752,6718,1009
1753329123978266279,0,959,-451,2052,7049,59,752,6718,853
1753329123980240689,0,959,-450,2054,7049,222,752,6718,724
1753329123982253911,0,959,-448,2056,7049,74,752,6719,847
1753329123984244252,0,959,-446,2058,7049,-119,752,6719,1034
1753329123986263769,0,959,-444,2060,7049,63,753,6719,864
1753329123988250397,0,959,-442,1666,7049,-86,753,6719,713
1753329123990309161,0,959,-440,2034,7049,56,753,6719,857
1753329123992260656,0,959,-438,2433,7049,244,753,6719,944
1753329123994325159,0,959,-435,2068,7049,75,753,6721,866
1753329123996233223,0,959,-433,2070,7049,239,753,6721,750
1753329123998288521,0,959,-430,2072,7049,92,753,6721,860
1753329124000234812,0,959,-428,2074,7049,-67,753,6721,967
1753329124002272970,0,959,-426,2076,7049,84,753,6722,872
1753329124004235704,0,959,-424,1569,7049,52,753,6722,1011
1753329124006224484,0,959,-421,2042,7049,86,754,6722,887
1753329124008226914,0,959,-419,2553,7049,-65,753,6722,720
1753329124010222694,0,959,-417,2084,7049,79,753,6722,878
1753329124012219253,0,959,-414,2086,7049,236,754,6722,924
1753329124014230139,0,959,-412,2089,7049,95,754,6722,884
1753329124016229117,0,959,-410,2090,7049,67,754,6723,819
1753329124018215476,0,959,-407,2092,7049,98,754,6723,883
1753329124020203539,0,959,-405,2094,7049,164,754,6723,940
1753329124022240621,0,959,-402,2096,7049,108,754,6723,892
1753329124024206438,0,959,-400,2098,7049,46,754,6723,839
1753329124026189386,0,959,-398,2101,7049,107,754,6723,892
1753329124028224823,0,959,-396,2103,7049,109,754,6723,866
1753329124030195317,0,959,-394,2105,7049,111,754,6724,894
1753329124032249108,0,960,-392,2107,7049,113,754,6724,923
1753329124034249582,0,959,-390,2109,7049,115,754,6724,900
1753329124036208104,0,959,-388,2111,7049,147,754,6724,851
1753329124038219636,0,959,-386,2113,7049,121,754,6724,901
1753329124040224256,0,959,-384,2115,7049,93,755,6724,865
1753329124042220031,0,959,-382,2117,7049,123,755,6725,902
1753329124044266901,0,959,-380,2119,7049,125,754,6725,676
1753329124046226347,0,959,-378,2121,7049,127,755,6725,889
1753329124048216679,0,959,-376,2123,7049,129,755,6726,891
1753329124050264366,0,959,-374,2125,7049,161,755,6726,1059
1753329124052309505,0,959,-372,2127,7049,135,755,6726,906
1753329124054231554,0,959,-371,2129,7049,136,755,6726,992
1753329124056356023,0,959,-369,2131,7049,138,755,6726,916
1753329124058291525,0,959,-367,2133,7049,95,756,6727,849
1753329124060338359,0,959,-365,2136,7049,139,756,6727,913
1753329124062251115,0,959,-363,2138,7049,281,756,6727,930
1753329124064248666,0,959,-361,2140,7049,153,756,6727,917
1753329124066229119,0,959,-359,2142,7049,60,756,6727,919
1753329124068248057,0,959,-356,2144,7049,151,756,6728,920
1753329124070232062,0,959,-355,2146,7049,122,756,6728,959
1753329124072258610,0,959,-352,2148,7049,153,756,6728,925
1753329124074250755,0,959,-350,2150,7049,514,757,6728,851
1753329124076271193,0,959,-348,2153,7049,184,757,6729,920
1753329124078255072,0,959,-346,2155,7049,-172,757,6729,1060
1753329124080295468,0,959,-344,2157,7049,161,757,6729,933
1753329124082261618,0,959,-342,2159,7049,148,757,6729,883
1753329124084296576,0,959,-341,2161,7049,163,758,6729,931
1753329124086275114,0,959,-339,2163,7049,165,757,6729,997
1753329124088262506,0,959,-337,2165,7049,167,758,6729,938
1753329124090314885,0,959,-335,2168,7049,167,758,6730,865
1753329124092265896,0,959,-332,2170,7049,172,758,6730,934
1753329124094267614,0,959,-330,2173,7049,174,758,6731,973
1753329124096274400,0,959,-328,2175,7049,175,758,6731,940
1753329124098252027,0,959,-326,2177,7049,71,758,6731,728
1753329124100301989,0,959,-324,2180,7049,171,758,6731,926
1753329124102249141,0,959,-322,2182,7049,280,758,6731,1141
1753329124104258418,0,959,-320,2184,7049,183,758,6731,945
1753329124106239646,0,959,-318,2186,7049,185,758,6732,896
1753329124108238715,0,959,-316,2188,7049,187,758,6732,945
1753329124110246883,0,959,-314,2190,7049,187,758,6732,981
1753329124112244471,0,959,-312,2193,7049,191,758,6732,951
1753329124114228341,0,959,-310,2195,7049,193,758,6732,989
1753329124116234507,0,959,-308,2197,7049,195,758,6732,956
1753329124118286664,0,959,-306,2199,7049,197,758,6733,920
1753329124120262444,0,959,-304,2201,7049,199,758,6733,957
1753329124122261744,0,959,-302,2204,7049,203,758,6733,959
1753329124124247838,0,959,-301,2206,7049,202,758,6733,960
1753329124126243958,0,959,-298,2209,7049,205,758,6733,962
1753329124128313865,0,959,-297,2212,7049,206,758,6734,963
1753329124130250243,0,959,-295,2214,7049,204,758,6734,964
1753329124132282074,0,959,-293,2216,7049,210,758,6734,966
1753329124134299981,0,959,-291,2218,7049,215,758,6734,1005
1753329124136304055,0,959,-289,2221,7049,214,758,6735,971
1753329124138370442,0,959,-288,2223,7049,215,758,6735,973
1753329124140324125,0,959,-286,2225,7049,177,758,6735,939
1753329124142348195,0,959,-285,2226,7049,215,758,6735,973
1753329124144363519,0,959,-282,2230,7049,256,758,6736,937
1753329124146347266,0,959,-279,2233,7049,224,758,6736,975
1753329124148313689,0,959,-277,2235,7049,226,758,6736,1014
1753329124150310568,0,959,-275,2238,7049,228,758,6736,981
1753329124152318402,0,959,-273,2240,7049,125,758,6737,940
1753329124154326589,0,959,-271,2243,7049,224,758,6737,981
1753329124156319479,0,959,-269,2245,7049,249,758,6737,930
1753329124158341331,0,959,-267,2247,7049,229,758,6737,981
1753329124160264282,0,959,-266,2251,7049,314,758,6737,1059
1753329124162376769,0,959,-264,2253,7049,239,758,6737,989
1753329124164310351,0,959,-262,2255,7049,239,758,6737,1013
1753329124166316958,0,959,-261,2257,7049,241,758,6738,994
1753329124168287171,0,959,-259,2260,7049,243,758,6738,920
1753329124170315125,0,959,-257,2262,7049,245,758,6738,991
1753329124172303846,0,959,-255,2265,7049,247,758,6738,1015
1753329124174316221,0,959,-253,2267,7049,249,758,6739,995
1753329124176258102,0,959,-252,2269,7049,411,758,6739,1236
1753329124178247258,0,959,-250,2272,7049,264,758,6739,1016
1753329124180268180,0,959,-248,2274,7049,104,758,6739,729
1753329124182280356,0,959,-246,2276,7049,256,758,6740,998
1753329124184329693,0,959,-245,2278,7049,257,758,6740,1000
1753329124186310578,0,959,-243,2281,7049,259,758,6740,1002
1753329124188316588,0,959,-241,2283,7049,259,758,6740,1031
1753329124190343499,0,959,-239,2286,7049,263,758,6741,1007
1753329124192389597,0,959,-237,2288,7049,432,758,6741,1270
1753329124194223612,0,959,-235,2290,7049,279,758,6741,1029
1753329124196220729,0,959,-233,2294,7049,116,758,6741,719
1753329124198195360,0,959,-231,2296,7049,271,758,6741,1009
1753329124200228397,0,959,-229,2299,7049,273,758,6742,900
1753329124202214041,0,959,-228,2301,7049,274,758,6742,1004
1753329124204241189,0,959,-226,2303,7049,276,758,6742,1168
1753329124206230017,0,959,-224,2306,7049,278,758,6742,1019
1753329124208246921,0,959,-222,2308,7049,280,758,6743,840
1753329124210240020,0,959,-220,2311,7049,282,758,6743,1009
1753329124212305087,0,959,-218,2313,7049,282,758,6743,1074
1753329124214272588,0,959,-216,2315,7049,286,758,6743,1016
1753329124216301698,0,959,-214,2318,7049,290,758,6744,1048
1753329124218250487,0,959,-213,2319,7049,289,758,6744,1021
1753329124220295206,0,959,-211,2323,7049,289,758,6744,1045
1753329124222324307,0,959,-209,2324,7049,293,758,6744,1026
1753329124224312699,0,959,-207,2328,7049,295,758,6744,1027
1753329124226236551,0,959,-205,2330,7049,297,758,6744,984
1753329124228323778,0,959,-203,2334,7049,299,758,6745,1025
1753329124230268258,0,959,-201,2335,7049,301,758,6745,1047
1753329124232357177,0,959,-199,2339,7049,303,758,6745,1029
1753329124234261517,0,959,-197,2340,7049,305,758,6746,1066
1753329124236267796,0,959,-196,2342,7049,306,758,6746,1033
1753329124238230427,0,959,-194,2345,7049,308,758,6746,1020
1753329124240323148,0,959,-192,2347,7049,310,758,6746,1033
1753329124242242148,0,959,-190,2350,7049,312,758,6746,1028
1753329124244227934,0,959,-188,2353,7049,314,758,6747,1035
1753329124246247606,0,959,-186,2355,7049,281,758,6747,1050
1753329124248243999,0,959,-184,2357,7049,315,758,6747,1038
1753329124250188269,0,959,-183,2360,7049,287,758,6747,972
1753329124252165637,0,959,-181,2363,7049,316,758,6747,1034
1753329124254159275,0,959,-179,2365,7049,279,758,6748,1107
1753329124256166886,0,959,-177,2367,7049,317,758,6748,1041
1753329124258152625,0,959,-175,2370,7049,357,758,6748,1016
1753329124260194019,0,959,-173,2373,7049,323,758,6748,1041
1753329124262207388,0,959,-171,2376,7049,311,758,6749,1068
1753329124264242026,0,959,-169,2379,7049,326,758,6749,1045
1753329124266227074,0,959,-167,2381,7049,328,758,6749,1058
1753329124268225592,0,959,-166,2384,7049,329,758,6749,1047
1753329124270204060,0,959,-164,2386,7049,307,758,6750,911
1753329124272226016,0,959,-162,2389,7049,331,758,6750,1039
1753329124274219047,0,959,-160,2391,7049,371,758,6750,1198
1753329124276286094,0,959,-159,2394,7049,337,758,6751,1053
1753329124278252775,0,959,-157,2396,7049,301,758,6751,1076
1753329124280256184,0,959,-155,2399,7049,338,758,6751,1056
1753329124282264414,0,959,-154,2401,7049,363,758,6751,966
1753329124284246308,0,959,-153,2404,7049,342,758,6751,1051
1753329124286268167,0,959,-151,2407,7049,320,758,6752,859
1753329124288230132,0,959,-150,2409,7049,343,758,6752,1039
1753329124290242995,0,959,-149,2412,7049,344,758,6752,1143
1753329124292226092,0,959,-148,2414,7049,345,758,6752,1048
1753329124294210951,0,959,-146,2419,7049,347,758,6752,1155
1753329124296215796,0,959,-145,2422,7049,348,758,6752,1059
1753329124298211253,0,959,-143,2424,7049,350,758,6753,1091
1753329124300216033,0,959,-142,2427,7049,350,758,6753,1063
1753329124302225008,0,959,-140,2429,7049,376,758,6753,1081
1753329124304277390,0,959,-138,2432,7049,356,758,6753,1066
1753329124306255591,0,959,-137,2434,7049,357,758,6753,1067
1753329124308266028,0,959,-135,2437,7049,335,758,6754,966
1753329124310324685,0,959,-134,2439,7049,358,758,6754,1062
1753329124312263935,0,959,-132,2442,7049,360,758,6754,1110
1753329124314272748,0,959,-131,2445,7049,361,758,6755,1066
1753329124316274324,0,959,-129,2448,7049,363,758,6755,1131
1753329124318373037,0,959,-128,2450,7049,364,758,6755,1073
1753329124320262143,0,959,-127,2453,7049,403,758,6755,1048
1753329124322314143,0,959,-125,2455,7049,370,758,6756,1073
1753329124324266497,0,959,-124,2458,7049,333,758,6756,1041
1753329124326300764,0,959,-122,2461,7049,370,758,6756,1071
1753329124328319835,0,959,-121,2464,7049,371,758,6756,1104
1753329124330277802,0,959,-120,2466,7049,372,758,6756,1075
1753329124332420238,0,959,-118,2469,7049,374,758,6757,1096
1753329124334283787,0,959,-117,2472,7049,375,758,6757,1079
1753329124336242063,0,959,-115,2474,7049,376,758,6757,1011
1753329124338246218,0,959,-114,2477,7049,377,758,6757,1076
1753329124340223759,0,959,-112,2480,7049,379,758,6758,1167
1753329124342328597,0,959,-111,2482,7049,380,758,6758,1084
1753329124344254136,0,959,-109,2485,7049,382,758,6758,1326
1753329124346343194,0,959,-108,2487,7049,383,758,6758,1104
1753329124348329031,0,959,-106,2490,7049,385,758,6758,847
1753329124350247222,0,959,-105,2493,7049,386,758,6758,1087
1753329124352252819,0,959,-103,2496,7049,412,758,6759,1141
1753329124354224867,0,959,-103,2498,7049,390,758,6759,1093
1753329124356242664,0,959,-101,2501,7049,368,758,6759,1145
1753329124358285526,0,959,-100,2503,7049,391,758,6759,1098
1753329124360268395,0,959,-99,2507,7049,392,758,6760,953
1753329124362260021,0,959,-97,2509,7049,394,758,6760,1090
1753329124364267640,0,959,-96,2512,7049,395,758,6760,1256
1753329124366234410,0,959,-93,2515,7049,398,758,6760,1104
1753329124368235984,0,959,-93,2456,7049,398,758,6761,1010
1753329124370219303,0,959,-91,2515,7049,399,758,6761,1100
1753329124372183706,0,959,-90,2552,7049,649,758,6761,924
1753329124374173569,0,959,-89,2523,7049,420,758,6761,1089
1753329124376229379,0,959,-87,2492,7049,173,758,6761,1357
1753329124378178296,0,959,-86,2526,7049,404,758,6761,1111
1753329124380173077,0,959,-84,2529,7049,406,758,6761,1112
1753329124382170477,0,959,-83,2532,7049,407,758,6762,1114
1753329124384182975,0,959,-81,2568,7049,409,758,6762,1153
1753329124386171962,0,959,-80,2539,7049,410,758,6762,1119
1753329124388192182,0,959,-79,2509,7049,411,758,6762,1067
1753329124390183756,0,959,-77,2542,7049,413,758,6763,1118
1753329124392351446,0,959,-76,2545,7049,414,758,6763,1120
1753329124394245221,0,959,-74,2380,7049,416,758,6763,1084
1753329124396284813,0,959,-73,2537,7049,417,758,6763,1119
1753329124398252359,0,959,-72,2235,7049,418,758,6764,1158
1753329124400453250,0,959,-70,2519,7049,420,758,6764,1124
1753329124402269603,0,959,-69,2740,7049,421,758,6764,1200
1753329124404265755,0,959,-67,2540,7049,423,758,6764,1133
1753329124406259402,0,959,-66,2609,7049,424,758,6765,1171
1753329124408322622,0,959,-64,2550,7049,426,758,6765,1138
1753329124410287521,0,959,-63,2611,7049,426,758,6765,1174
1753329124412285950,0,959,-62,2560,7049,427,758,6765,1143
1753329124414305051,0,959,-60,2438,7049,534,758,6765,1081
1753329124416380671,0,959,-59,2555,7049,438,758,6765,1141
1753329124418285129,0,959,-57,2601,7049,335,758,6765,1131
1753329124420280233,0,959,-56,2562,7049,433,758,6766,1143
1753329124422257224,0,959,-55,2564,7049,434,758,6766,1183
1753329124424290507,0,959,-53,2566,7049,436,758,6766,1149
1753329124426343285,0,959,-51,2524,7049,438,758,6766,1164
1753329124428342326,0,959,-50,2567,7049,439,758,6767,1154
1753329124430330663,0,959,-49,2531,7049,545,758,6767,1091
1753329124432333413,0,959,-48,2568,7049,449,758,6767,1153
1753329124434274424,0,959,-46,2569,7049,346,758,6767,1205
1753329124436267768,0,959,-45,2571,7049,444,758,6767,1160
1753329124438270616,0,959,-43,2655,7049,446,758,6768,1149
1753329124440258608,0,959,-42,2581,7049,447,758,6768,1162
1753329124442231558,0,959,-41,2500,7049,448,758,6768,1177
1753329124444274071,0,959,-39,2578,7049,450,758,6768,1166
1753329124446249542,0,959,-38,2617,7049,451,758,6769,1173
1753329124448258076,0,959,-36,2583,7049,452,758,6769,1171
1753329124450305832,0,959,-35,2548,7049,453,758,6769,1123
1753329124452243578,0,959,-34,2583,7049,454,758,6770,1170
1753329124454240906,0,959,-33,2585,7049,455,758,6770,1180
1753329124456237873,0,959,-31,2587,7049,457,758,6770,1175
1753329124458245004,0,959,-29,2626,7049,459,758,6770,1118
1753329124460265988,0,959,-28,2593,7049,460,758,6770,1174
1753329124462270304,0,959,-27,2594,7049,461,758,6771,1261
1753329124464273070,0,959,-25,2596,7049,463,758,6771,1185
1753329124466268483,0,959,-24,2559,7049,464,758,6771,1082
1753329124468275117,0,959,-22,2595,7049,466,758,6771,1181
1753329124470274277,0,959,-21,2596,7049,467,758,6772,904
1753329124472224204,0,959,95,2641,7049,467,758,6772,1164
1753329124474228143,0,959,-44,2643,7049,507,758,6772,1510
1753329124476225623,0,959,-31,2645,7049,472,758,6772,1194
1753329124478227446,0,959,-29,2646,7049,473,758,6772,1195
1753329124480243513,0,959,-14,2648,7049,461,758,6772,1164
1753329124482323736,0,959,-24,2650,7049,475,758,6773,1196
1753329124484227957,0,959,-35,2651,7049,452,758,6773,1185
1753329124486257344,0,959,-22,2653,7049,476,758,6773,1198
1753329124488241098,0,959,18,2654,7049,501,758,6773,1239
1753329124490264270,0,959,-17,2656,7049,480,758,6774,1204
1753329124492235158,0,959,-55,2657,7049,482,758,6774,1106
1753329124494473207,0,959,-17,2659,7049,483,758,6774,1200
1753329124496232452,0,959,-15,2660,7049,498,758,6774,1228
1753329124498293449,0,959,-14,2662,7049,487,758,6775,1205
1753329124500198791,0,959,-45,2663,7049,488,758,6775,1100
1753329124502233480,0,959,-14,2664,7049,489,758,6775,1199
1753329124504165732,0,959,19,2665,7049,491,758,6775,1306
1753329124506179423,0,959,-9,2667,7049,492,758,6775,1210
1753329124508220530,0,959,-40,2668,7049,557,758,6776,1179
1753329124510225073,0,959,-9,2670,7049,499,758,6776,1210
1753329124512256132,0,959,23,2671,7049,437,758,6776,1243
1753329124514252434,0,959,-5,2673,7049,497,758,6776,1216
1753329124516251465,0,959,8,2674,7049,460,758,6776,1397
1753329124518251477,0,959,-3,2675,7049,497,758,6777,1231
1753329124520254018,0,959,25,2677,7049,537,758,6777,1093
1753329124522273937,0,959,0,2678,7049,502,758,6777,1224
1753329124524269815,0,959,-25,2680,7049,489,758,6777,1199
1753329124526211050,0,959,0,2681,7049,504,758,6778,1225
1753329124528292275,0,959,44,2683,7049,520,758,6778,1333
1753329124530230684,0,959,5,2684,7049,508,758,6778,1236
1753329124532261483,0,959,6,2685,7049,509,758,6778,1237
1753329124534247512,0,959,7,2687,7049,510,758,6779,1239
1753329124536259794,0,959,75,2688,7049,511,758,6779,1216
1753329124538263134,0,959,14,2690,7049,513,758,6779,1240
1753329124540245340,0,959,44,2691,7049,500,758,6779,1270
1753329124542264458,0,959,18,2692,7049,515,758,6779,1244
1753329124544204561,0,959,31,2694,7049,516,758,6779,1219
1753329124546212900,0,959,21,2696,7049,517,758,6779,1246
1753329124548221984,0,959,64,2697,7049,561,758,6780,1327
1753329124550220787,0,959,26,2699,7049,523,758,6780,1255
1753329124552232606,0,959,45,2701,7049,558,758,6780,1302
1753329124554236559,0,959,30,2702,7049,527,758,6781,1262
1753329124556230306,0,959,44,2704,7049,528,758,6781,1251
1753329124558212620,0,959,33,2705,7049,530,758,6781,1264
1753329124560242978,0,959,90,2707,7049,531,758,6781,1349
1753329124562193411,0,959,40,2709,7049,533,758,6781,1274
1753329124564246272,0,959,41,2711,7049,534,758,6782,1276
1753329124566222405,0,959,43,2712,7049,472,758,6782,1211
1753329124568305314,0,959,44,2715,7049,532,758,6782,1276
1753329124570221651,0,959,76,2716,7049,599,758,6782,1345
1753329124572440841,0,959,50,2718,7049,540,758,6782,1284
1753329124574241713,0,959,68,2720,7049,540,758,6783,1263
1753329124576409636,0,959,54,2721,7049,542,758,6783,1285
1753329124578366515,0,959,91,2725,7049,547,758,6783,1323
1753329124580305236,0,959,62,2726,7049,546,758,6783,1293
1753329124582385757,0,959,13,2729,7049,550,758,6785,1285
1753329124584318409,0,959,62,2731,7049,549,758,6785,1297
1753329124586264938,0,959,63,2733,7049,548,758,6785,1261
1753329124588307817,0,959,65,2735,7049,552,758,6785,1299
1753329124590255730,0,959,83,2738,7049,517,758,6785,1310
1753329124592352809,0,959,71,2740,7049,551,758,6785,1304
1753329124594299883,0,959,27,2742,7049,610,758,6786,1465
1753329124596307035,0,959,72,2744,7049,559,758,6786,1320
1753329124598306278,0,959,103,2747,7049,540,758,6786,1100
1753329124600317437,0,959,78,2749,7049,560,758,6786,1309
1753329124602371346,0,959,51,2752,7049,567,758,6786,1283
1753329124604310512,0,959,81,2754,7049,563,758,6786,1312
1753329124606277839,0,959,83,2756,7049,562,758,6786,1314
1753329124608281726,0,959,86,2758,7049,567,758,6787,1316
1753329124610214814,0,959,63,2761,7049,568,758,6787,1277
1753329124612247359,0,959,87,2763,7049,569,758,6787,1318
1753329124614230440,0,959,90,2766,7049,572,758,6788,1278
1753329124616235691,0,959,93,2769,7049,573,758,6788,1321
1753329124618248507,0,959,-8,2771,7049,594,758,6788,1263
1753329124620288513,0,959,90,2774,7049,577,758,6788,1321
1753329124622254948,0,959,150,2776,7049,562,758,6789,1382
1753329124624250626,0,959,98,2779,7049,579,758,6789,1331
1753329124626206026,0,959,116,2781,7049,581,758,6789,1222
1753329124628204538,0,959,106,2783,7049,583,758,6789,1327
1753329124630204595,0,959,94,2785,7049,584,758,6789,1396
1753329124632259608,0,959,109,2787,7049,586,758,6789,1336
1753329124634233046,0,959,94,2789,7049,590,758,6790,1296
1753329124636231472,0,959,112,2792,7049,589,758,6790,1337
1753329124638262901,0,959,114,2793,7049,591,758,6790,1338
1753329124640224448,0,959,116,2795,7049,593,758,6790,1340
1753329124642209195,0,959,118,2796,7049,592,758,6790,1341
1753329124644232872,0,959,120,2797,7049,596,758,6791,1342
1753329124646271640,0,959,81,2798,7049,600,758,6791,1370
1753329124648281483,0,959,123,2799,7049,599,758,6791,1346
1753329124650422222,0,959,125,2800,7049,600,758,6791,1347
1753329124652401627,0,959,443,2801,7049,603,758,6791,939
1753329124654349292,0,959,152,2801,7049,604,758,6791,1318
1753329124656346595,0,959,-160,2803,7049,603,758,6792,1729
1753329124658331010,0,959,134,2804,7049,607,758,6792,1351
1753329124660237191,0,959,177,2805,7049,607,758,6792,1625
1753329124662288581,0,959,141,2806,7049,610,758,6792,1373
1753329124664249958,0,959,102,2807,7049,611,758,6792,1118
1753329124666321981,0,959,142,2808,7049,612,758,6793,1356
1753329124668238878,0,959,185,2809,7049,613,758,6793,559
1753329124670318587,0,959,149,2811,7049,616,758,6792,1300
1753329124672247234,0,959,110,2812,7049,618,758,6793,2099
1753329124674320748,0,959,151,2813,7049,619,758,6793,1361
1753329124676244663,0,959,194,2815,7049,621,758,6793,1404
1753329124678278132,0,959,158,2817,7049,623,758,6793,1368
1753329124680253206,0,959,160,2818,7049,626,758,6794,1398
1753329124682326705,0,959,162,2820,7049,626,758,6794,1373
1753329124684253569,0,959,164,2822,7049,547,758,6794,1395
1753329124686289890,0,959,166,2824,7049,623,758,6794,1379
1753329124688266897,0,959,115,2826,7049,706,758,6794,1279
1753329124690251223,0,959,166,2827,7049,631,758,6794,1374
1753329124692264384,0,959,239,2830,7049,529,758,6794,1543
1753329124694246135,0,959,176,2832,7049,627,758,6795,1392
1753329124696227482,0,959,119,2834,7049,731,758,6795,1125
1753329124698200752,0,959,175,2836,7049,639,758,6795,1376
1753329124700254578,0,959,177,2839,7049,640,758,6795,1493
1753329124702231757,0,959,179,2841,7049,642,758,6795,1389
1753329124704251066,0,959,92,2843,7049,609,758,6795,1285
1753329124706259132,0,959,177,2845,7049,642,758,6795,1385
1753329124708275590,0,959,309,2847,7049,681,758,6795,1517
1753329124710232153,0,959,191,2850,7049,648,758,6796,1400
1753329124712264255,0,959,152,2851,7049,646,758,6796,1376
1753329124714277097,0,959,193,2854,7049,650,758,6796,1402
1753329124716258711,0,959,182,2856,7049,652,758,6796,1332
1753329124718285993,0,959,195,2858,7049,653,758,6797,1401
1753329124720239966,0,959,169,2860,7049,654,758,6797,1417
1753329124722221751,0,959,197,2862,7049,655,758,6797,1406
1753329124724174760,0,959,228,2864,7049,657,758,6797,1369
1753329124726214798,0,959,204,2866,7049,658,758,6797,1407
1753329124728320990,0,959,177,2868,7049,592,758,6798,1380
1753329124730238047,0,959,205,2868,7049,655,758,6798,1407
1753329124732317109,0,959,207,2871,7049,656,758,6798,1409
1753329124734303824,0,959,161,2872,7049,724,758,6798,1332
1753329124736414803,0,959,208,2873,7049,663,758,6798,1405
1753329124738248721,0,959,210,2874,7049,666,758,6799,1437
1753329124740252708,0,959,212,2875,7049,666,759,6799,1410
1753329124742297115,0,959,196,2875,7049,667,758,6799,1416
1753329124744384369,0,959,214,2876,7049,668,758,6799,1411
1753329124746251208,0,959,234,2876,7049,670,758,6800,1472
1753329124748241396,0,959,219,2876,7049,671,758,6800,1415
1753329124750196194,0,959,187,2876,7049,675,758,6800,1381
1753329124752237003,0,959,221,2877,7049,676,758,6800,1414
1753329124754203493,0,959,195,2877,7049,673,758,6801,1526
1753329124756295247,0,959,222,2876,7049,678,758,6801,1421
1753329124758244449,0,959,267,2877,7049,679,758,6801,1391
1753329124760295125,0,959,228,2877,7049,681,758,6801,1420
1753329124762219380,0,959,248,2877,7049,680,758,6801,1446
1753329124764292422,0,959,234,2878,7049,684,758,6801,1423
1753329124766268999,0,959,175,2878,7049,683,758,6802,1428
1753329124768259920,0,959,233,2879,7049,687,758,6802,1424
1753329124770224497,0,959,262,2879,7049,688,758,6802,1483
1753329124772240292,0,959,238,2880,7049,689,758,6802,1429
1753329124774280749,0,959,240,2881,7049,627,758,6803,1430
1753329124776205687,0,959,243,2881,7049,687,758,6803,1430
1753329124778256277,0,959,245,2883,7049,718,758,6803,1463
1753329124780207651,0,959,246,2884,7049,692,758,6803,1436
1753329124782256336,0,959,221,2885,7049,650,758,6803,1410
1753329124784230367,0,959,248,2886,7049,692,758,6804,1436
1753329124786245400,0,959,205,2889,7049,708,758,6804,1394
1753329124788234251,0,959,249,2890,7049,696,758,6804,1437
1753329124790266860,0,959,295,2892,7049,682,758,6804,1420
1753329124792364289,0,959,255,2893,7049,698,758,6805,1438
1753329124794271573,0,959,212,2895,7049,700,758,6805,1329
1753329124796279776,0,959,256,2896,7049,700,758,6805,1433
1753329124798304403,0,959,511,2898,7049,701,758,6805,1754
1753329124800290312,0,959,278,2899,7049,703,758,6805,1460
1753329124802249291,0,959,-23,2901,7049,681,758,6805,1158
1753329124804245079,0,959,259,2903,7049,703,758,6806,1441
1753329124806320634,0,959,261,2904,7049,729,758,6806,1442
1753329124808298687,0,959,262,2905,7049,708,758,6807,1443
1753329124810261215,0,959,242,2907,7049,788,758,6807,1356
1753329124812276762,0,959,265,2909,7049,717,758,6807,1440
1753329124814270213,0,959,385,2911,7049,640,758,6807,1599
1753329124816263325,0,959,277,2912,7049,714,758,6807,1455
1753329124818345306,0,959,279,2914,7049,715,758,6808,1457
1753329124820289545,0,959,147,2915,7049,692,758,6808,1324
1753329124822282293,0,959,272,2917,7049,715,758,6808,1450
1753329124824282578,0,959,274,2918,7049,754,758,6808,1478
1753329124826287019,0,959,276,2919,7049,720,758,6808,1454
1753329124828247623,0,959,277,2921,7049,706,758,6808,1456
1753329124830295902,0,959,279,2922,7049,721,758,6809,1457
1753329124832280369,0,959,274,2923,7049,722,758,6809,1452
1753329124834284290,0,959,281,2925,7049,724,758,6809,1459
1753329124836291532,0,959,253,2926,7049,701,758,6809,1403
1753329124838302937,0,959,281,2927,7049,724,758,6809,1457
1753329124840239568,0,959,282,2928,7049,748,758,6810,1485
1753329124842249566,0,959,284,2930,7049,727,758,6810,1461
1753329124844227799,0,959,234,2931,7049,729,758,6810,1411
1753329124846305212,0,959,283,2932,7049,730,758,6810,1460
1753329124848247705,0,959,283,2933,7049,731,758,6811,1713
1753329124850269036,0,959,285,2935,7049,732,758,6811,1481
1753329124852236938,0,959,367,2936,7049,709,758,6811,1343
1753329124854284573,0,959,293,2937,7049,732,758,6811,1473
1753329124856244059,0,959,177,2938,7049,770,758,6812,1324
1753329124858245849,0,959,287,2940,7049,737,758,6812,1465
1753329124860245691,0,959,325,2941,7049,723,758,6812,1534
1753329124862257036,0,959,291,2942,7049,738,758,6812,1471
1753329124864240947,0,959,292,2943,7049,753,758,6812,1441
1753329124866250801,0,959,293,2944,7049,740,758,6813,1471
1753329124868287491,0,959,295,2945,7049,742,758,6813,1535
1753329124870227205,0,959,296,2946,7049,742,758,6813,1477
1753329124872223749,0,959,297,2947,7049,976,758,6813,1498
1753329124874244346,0,959,298,2948,7049,762,758,6813,1481
1753329124876236430,0,959,350,2949,7049,531,758,6814,1542
1753329124878234716,0,959,304,2950,7049,747,758,6814,1487
1753329124880266958,0,959,305,2951,7049,748,758,6814,1459
1753329124882244690,0,959,306,2952,7049,749,758,6814,1487
1753329124884252806,0,959,306,2952,7049,779,758,6815,1487
1753329124886302764,0,959,307,2953,7049,753,758,6815,1488
1753329124888251726,0,959,309,2954,7049,711,758,6815,1489
1753329124890251190,0,959,310,2955,7049,752,758,6815,1490
1753329124892263559,0,959,148,2956,7049,797,758,6816,1358
1753329124894205770,0,959,299,2957,7049,757,758,6816,1482
1753329124896210311,0,959,493,2958,7049,715,758,6816,1749
1753329124898211949,0,959,316,2959,7049,757,758,6816,1503
1753329124900223230,0,959,287,2960,7049,802,758,6816,1370
1753329124902240665,0,959,316,2961,7049,762,758,6816,1495
1753329124904263336,0,959,317,2962,7049,763,758,6817,1496
1753329124906202602,0,959,348,2963,7049,722,758,6817,1556
1753329124908267294,0,959,321,2965,7049,763,758,6817,1504
1753329124910259368,0,959,322,2966,7049,764,758,6817,1505
1753329124912405522,0,959,323,2967,7049,765,758,6817,1506
1753329124914241075,0,959,368,2968,7049,809,758,6818,1551
1753329124916355135,0,959,329,2969,7049,770,758,6818,1511
1753329124918250553,0,959,285,2970,7049,742,758,6818,1468
1753329124920332184,0,959,327,2972,7049,771,758,6818,1511
1753329124922215503,0,959,328,2973,7049,757,758,6818,1535
1753329124924308317,0,959,329,2974,7049,772,758,6819,1514
1753329124926245125,0,959,250,2975,7049,787,758,6819,1412
1753329124928274075,0,959,325,2977,7049,776,758,6819,1509
1753329124930305933,0,959,408,2978,7049,776,758,6819,1614
1753329124932220900,0,959,334,2980,7049,777,758,6819,1520
1753329124934275776,0,959,335,2981,7049,779,758,6820,1521
1753329124936220715,0,959,336,2982,7049,780,758,6820,1522
1753329124938242840,0,959,308,2983,7049,810,759,6820,1508
1753329124940241186,0,959,336,2985,7049,784,758,6821,1524
1753329124942270905,0,959,368,2986,7049,820,758,6821,1242
1753329124944240329,0,959,341,2987,7049,789,758,6821,1505
1753329124946230691,0,959,342,2989,7049,726,758,6821,1857
1753329124948196292,0,959,343,2990,7049,786,758,6822,1534
1753329124950211377,0,959,315,2991,7049,852,758,6822,1521
1753329124952214218,0,959,343,2993,7049,794,758,6822,1536
1753329124954229469,0,959,374,2995,7049,795,758,6822,1583
1753329124956211119,0,959,347,2996,7049,796,758,6822,1542
1753329124958187829,0,959,392,2997,7049,798,758,6823,1572
1753329124960193381,0,959,353,2999,7049,799,758,6823,1547
1753329124962285873,0,959,280,3000,7049,798,758,6823,1490
1753329124964199912,0,959,349,3001,7049,801,758,6823,1545
1753329124966182273,0,959,475,3003,7049,803,758,6823,1671
1753329124968205639,0,959,361,3004,7049,803,758,6823,1557
1753329124970262476,0,959,237,3006,7049,378,758,6823,1488
1753329124972238842,0,959,353,3007,7049,774,758,6824,1555
1753329124974231360,0,959,354,3009,7049,776,758,6824,1557
1753329124976273880,0,959,356,3010,7049,776,758,6824,1558
1753329124978218693,0,959,357,3011,7049,810,758,6824,1559
1753329124980235345,0,959,358,3013,7049,782,758,6825,1561
1753329124982261020,0,959,308,3015,7049,781,758,6825,1609
1753329124984232800,0,959,357,3016,7049,783,758,6825,1568
1753329124986243830,0,959,445,3018,7049,753,758,6825,1570
1753329124988225835,0,959,366,3020,7049,782,758,6826,1572
1753329124990286113,0,959,367,3022,7049,784,758,6826,1574
1753329124992273688,0,959,362,3023,7049,834,758,6826,1630
1753329124994346617,0,959,369,3025,7049,789,758,6827,1581
1753329124996327259,0,959,289,3027,7049,741,758,6826,1515
1753329124998314089,0,959,366,3029,7049,788,758,6827,1580
1753329125000357399,0,959,366,3031,7049,754,758,6827,1582
1753329125002289795,0,959,367,3033,7049,785,758,6827,1584
1753329125004279086,0,959,455,3034,7049,1210,758,6827,1465
1753329125006266838,0,959,376,3036,7049,817,758,6827,1578
1753329125008249714,0,959,180,3038,7049,428,758,6828,1700
1753329125010264352,0,959,363,3041,7049,788,758,6828,1592
1753329125012198447,0,959,475,3042,7049,868,758,6828,1492
1753329125014211919,0,959,373,3044,7049,793,758,6828,1587
1753329125016208314,0,959,374,3046,7049,1141,758,6828,1538
1753329125018257596,0,959,375,3049,7049,817,758,6829,1589
1753329125020248960,0,959,427,3051,7049,818,758,6829,1587
1753329125022229400,0,959,381,3053,7049,816,758,6829,1592
1753329125024228251,0,959,383,3055,7049,943,758,6829,1557
1753329125026257663,0,959,384,3057,7049,824,758,6829,1594
1753329125028241207,0,959,333,3059,7049,774,758,6830,1515
1753329125030216442,0,959,381,3061,7049,818,758,6830,1591
1753329125032247682,0,959,433,3062,7049,818,758,6830,1612
1753329125034247098,0,959,387,3064,7049,817,758,6831,1596
1753329125036252188,0,959,274,3066,7049,950,758,6831,1425
1753329125038276069,0,959,380,3067,7049,826,758,6831,1586
1753329125040228173,0,959,495,3069,7049,826,758,6831,1761
1753329125042211019,0,959,390,3070,7049,826,758,6831,1601
1753329125044315136,0,959,426,3072,7049,866,758,6832,1541
1753329125046240788,0,959,395,3073,7049,830,758,6832,1600
1753329125048241257,0,959,390,3075,7049,822,758,6832,1588
1753329125050230358,0,959,396,3076,7049,831,758,6832,1601
1753329125052230196,0,959,367,3078,7049,840,758,6832,1582
1753329125054225237,0,959,396,3080,7049,833,758,6832,1604
1753329125056236682,0,959,432,3081,7049,844,758,6833,1583
1753329125058225388,0,959,401,3082,7049,836,758,6833,1604
1753329125060264118,0,959,402,3083,7049,837,758,6833,1605
1753329125062223740,0,959,403,3084,7049,839,758,6833,1606
1753329125064271757,0,959,493,3086,7049,830,758,6834,1753
1753329125066235749,0,959,411,3086,7049,841,758,6834,1618
1753329125068211067,0,959,340,3087,7049,128,758,6834,1791
1753329125070202737,0,959,409,3088,7049,791,758,6834,1633
1753329125072221797,0,959,410,3088,7049,1508,758,6835,1380
1753329125074213625,0,959,411,3089,7049,848,758,6835,1615
1753329125076210650,0,959,413,3090,7049,851,758,6835,1616
1753329125078235524,0,959,437,3091,7049,814,758,6836,1531
1753329125080324683,0,959,417,3091,7049,852,758,6836,1611
1753329125082235105,0,959,396,3092,7049,782,758,6836,1697
1753329125084541041,0,959,418,3093,7049,851,758,6836,1619
1753329125086238709,0,959,442,3094,7049,840,758,6837,1643
1753329125088331200,0,959,423,3095,7049,854,759,6837,1622
1753329125090279655,0,959,424,3095,7049,808,758,6837,1622
1753329125092290461,0,959,425,3096,7049,855,758,6837,1623
1753329125094256477,0,959,510,3098,7049,823,758,6837,1716
1753329125096284546,0,959,434,3099,7049,856,758,6837,1633
1753329125098263237,0,959,354,3100,7049,858,758,6838,1590
1753329125100319922,0,959,431,3101,7049,860,758,6838,1631
1753329125102264829,0,959,484,3102,7049,817,758,6838,1742
1753329125104292821,0,959,438,3105,7049,861,758,6838,1644
1753329125106272128,0,959,439,3106,7049,861,758,6839,1676
1753329125108302644,0,959,441,3107,7049,864,758,6839,1648
1753329125110280581,0,959,443,3108,7049,520,758,6839,1462
1753329125112327129,0,959,444,3110,7049,842,758,6839,1637
1753329125114272238,0,959,446,3111,7049,1186,758,6840,1762
1753329125116335510,0,959,447,3112,7049,869,758,6840,1648
1753329125118264543,0,959,399,3114,7049,871,758,6840,1599
1753329125120259795,0,959,447,3115,7049,872,758,6840,1647
1753329125122309157,0,959,499,3116,7049,876,758,6841,1699
1753329125124251514,0,959,453,3117,7049,875,758,6841,1653
1753329125126223403,0,959,361,3118,7049,874,758,6841,1591
1753329125128247394,0,959,449,3119,7049,877,758,6841,1650
1753329125130238755,0,959,546,3120,7049,881,758,6842,1746
1753329125132247787,0,959,460,3121,7049,880,758,6842,1659
1753329125134249571,0,959,372,3122,7049,880,758,6842,1602
1753329125136254698,0,959,457,3123,7049,883,758,6842,1657
1753329125138255179,0,959,459,3124,7049,886,758,6842,1627
1753329125140239379,0,959,460,3125,7049,885,758,6843,1656
1753329125142271988,0,959,500,3126,7049,885,758,6843,1727
1753329125144232622,0,959,466,3127,7049,888,758,6843,1663
1753329125146260697,0,959,232,3129,7049,885,758,6844,1399
1753329125148255287,0,959,452,3130,7049,891,758,6844,1646
1753329125150236837,0,959,645,3131,7049,890,758,6844,1780
1753329125152263642,0,959,468,3132,7049,892,758,6844,1658
1753329125154240516,0,959,440,3133,7049,897,758,6844,1719
1753329125156306854,0,959,469,3134,7049,896,758,6845,1664
1753329125158275656,0,959,470,3135,7049,897,758,6845,1634
1753329125160439550,0,959,471,3137,7049,898,758,6845,1665
1753329125162344759,0,959,473,3138,7049,898,758,6845,1666
1753329125164278153,0,959,474,3139,7049,901,758,6845,1371
1753329125166287596,0,959,476,3140,7049,902,758,6846,1646
1753329125168291862,0,959,427,3141,7049,903,758,6846,1952
1753329125170281835,0,959,475,3142,7049,904,758,6846,1670
1753329125172293299,0,959,440,3143,7049,798,758,6846,1605
1753329125174255067,0,959,475,3144,7049,898,758,6846,1667
1753329125176281274,0,959,513,3145,7049,1006,758,6847,1734
1753329125178336225,0,959,480,3146,7049,909,758,6847,1674
1753329125180341045,0,959,481,3147,7049,204,758,6847,1987
1753329125182278082,0,959,483,3148,7049,859,758,6847,1699
1753329125184284269,0,959,447,3148,7049,1566,758,6849,1373
1753329125186309980,0,959,483,3149,7049,914,758,6849,1676
1753329125188332161,0,959,479,3150,7049,913,758,6849,1671
1753329125190282755,0,959,485,3151,7049,916,758,6849,1677
1753329125192323301,0,959,486,3152,7049,919,758,6850,1678
1753329125194415693,0,959,487,3152,7049,919,758,6850,1678
1753329125196257375,0,959,611,3153,7049,918,758,6850,1480
1753329125198254115,0,959,498,3154,7049,921,758,6851,1665
1753329125200251634,0,959,307,3155,7049,921,758,6851,1865
1753329125202227302,0,959,486,3156,7049,922,758,6851,1682
1753329125204274052,0,959,487,3157,7049,922,758,6851,1666
1753329125206291559,0,959,488,3158,7049,924,758,6851,1683
1753329125208255192,0,959,489,3159,7049,925,758,6851,1700
1753329125210336631,0,959,490,3159,7049,925,758,6851,1685
1753329125212323443,0,959,559,3161,7049,891,758,6851,1738
1753329125214396232,0,959,496,3162,7049,925,758,6852,1691
1753329125216392086,0,959,477,3163,7049,966,758,6852,1672
1753329125218339620,0,959,497,3163,7049,930,758,6852,1691
1753329125220340475,0,959,497,3164,7049,928,758,6852,1708
1753329125222321149,0,959,499,3165,7049,932,758,6853,1694
1753329125224321505,0,959,520,3165,7049,932,758,6853,1729
1753329125226394327,0,959,501,3165,7049,934,758,6853,1696
1753329125228440385,0,959,503,3166,7049,938,758,6853,1697
1753329125230312483,0,959,504,3166,7049,937,758,6854,1697
1753329125232334919,0,959,437,3166,7049,943,758,6854,1660
1753329125234320830,0,959,501,3166,7049,940,758,6854,1695
1753329125236346444,0,959,570,3167,7049,872,758,6855,1786
1753329125238313333,0,959,507,3167,7049,937,758,6855,1702
1753329125240294921,0,959,1025,3167,7049,436,758,6855,1829
1753329125242302142,0,959,548,3168,7049,901,758,6856,1713
1753329125244307383,0,959,549,3168,7049,902,758,6856,1713
1753329125246298203,0,959,33,3168,7049,869,758,6856,1726
1753329125248312914,0,959,511,3169,7049,901,758,6856,1715
1753329125250274408,0,959,492,3170,7049,936,758,6857,1716
1753329125252324780,0,959,512,3171,7049,906,758,6857,1717
1753329125254274375,0,959,538,3171,7049,1009,758,6857,1760
1753329125256268219,0,959,515,3172,7049,915,758,6857,1721
1753329125258276509,0,959,510,3173,7049,780,758,6857,1679
1753329125260261062,0,959,516,3174,7049,907,758,6857,1720
1753329125262232813,0,959,517,3176,7049,1010,758,6858,1765
1753329125264369027,0,959,518,3177,7049,915,758,6858,1726
1753329125266250580,0,959,499,3178,7049,1311,758,6858,1613
1753329125268245565,0,959,518,3179,7049,945,758,6858,1720
1753329125270269118,0,959,519,3181,7049,487,758,6858,1824
1753329125272285748,0,959,519,3182,7049,912,758,6859,1731
1753329125274256307,0,959,541,3184,7049,941,758,6859,1744
1753329125276276704,0,959,523,3186,7049,913,758,6859,1736
1753329125278257147,0,959,504,3187,7049,947,758,6860,1737
1753329125280287875,0,959,523,3189,7049,915,758,6860,1739
1753329125282254102,0,959,523,3191,7049,829,758,6860,1729
1753329125284293811,0,959,524,3193,7049,907,758,6860,1742
1753329125286289208,0,959,477,3194,7049,996,758,6860,1743
1753329125288260113,0,959,523,3196,7049,912,758,6861,1745
1753329125290255370,0,959,572,3198,7049,913,758,6861,1669
1753329125292258467,0,959,528,3199,7049,910,758,6861,1742
1753329125294270419,0,959,481,3201,7049,924,758,6861,1791
1753329125296247186,0,959,525,3203,7049,910,758,6861,1750
1753329125298247755,0,959,526,3205,7049,1021,758,6861,1807
1753329125300276179,0,959,527,3206,7049,916,758,6862,1757
1753329125302257485,0,959,528,3208,7049,961,758,6862,1691
1753329125304271000,0,959,528,3210,7049,917,758,6862,1756
1753329125306248620,0,959,530,3212,7049,1028,758,6863,1725
1753329125308262837,0,959,530,3214,7049,924,758,6863,1758
1753329125310261033,0,959,531,3216,7049,888,758,6863,1806
1753329125312269782,0,959,532,3218,7049,920,758,6863,1765
1753329125314277747,0,959,863,3220,7049,975,758,6864,1668
1753329125316260391,0,959,558,3221,7049,923,758,6864,1761
1753329125318305959,0,959,226,3223,7049,858,758,6864,1763
1753329125320295364,0,959,534,3225,7049,917,758,6864,1765
1753329125322284318,0,959,535,3227,7049,917,758,6865,1697
1753329125324285686,0,959,535,3229,7049,917,758,6865,1764
1753329125326282643,0,959,698,3231,7049,1616,758,6865,1766
1753329125328295055,0,959,549,3232,7049,968,758,6865,1767
1753329125330279966,0,959,550,3234,7049,969,758,6865,1769
1753329125332257793,0,959,436,3236,7049,330,758,6865,1756
1753329125334325158,0,959,542,3238,7049,921,758,6866,1771
1753329125336252075,0,959,605,3240,7049,910,758,6866,1750
1753329125338230950,0,959,548,3242,7049,920,758,6866,1774
1753329125340231976,0,959,512,3243,7049,873,758,6866,1745
1753329125342222073,0,959,546,3245,7049,917,758,6867,1774
1753329125344228315,0,959,547,3246,7049,929,758,6867,1744
1753329125346293541,0,959,548,3248,7049,917,758,6867,1775
1753329125348216473,0,959,543,3249,7049,876,758,6867,1776
1753329125350214694,0,959,549,3250,7049,914,758,6868,1777
1753329125352222698,0,959,549,3252,7049,967,758,6868,1720
1753329125354248169,0,959,550,3253,7049,918,758,6868,1775
1753329125356220380,0,959,550,3254,7049,864,758,6869,1737
1753329125358190165,0,959,551,3256,7049,913,758,6869,1775
1753329125360197712,0,959,558,3257,7049,1050,758,6869,1815
1753329125362229915,0,959,554,3258,7049,923,758,6869,1780
1753329125364188829,0,959,591,3259,7049,711,758,6870,1742
1753329125366200134,0,959,557,3260,7049,907,758,6870,1779
1753329125368191921,0,959,609,3261,7049,986,758,6870,1780
1753329125370351017,0,959,563,3262,7049,913,758,6870,1781
1753329125372220602,0,959,564,3263,7049,954,758,6870,1782
1753329125374228842,0,959,565,3264,7049,916,758,6871,1783
1753329125376248804,0,959,596,3264,7049,834,758,6871,1774
1753329125378252182,0,959,569,3265,7049,910,758,6871,1783
1753329125380309950,0,959,575,3265,7049,981,758,6871,1783
1753329125382256982,0,959,571,3266,7049,915,758,6871,1784
1753329125384297830,0,959,566,3267,7049,1348,758,6872,1765
1753329125386254950,0,959,572,3267,7049,947,758,6872,1783
1753329125388272984,0,959,579,3268,7049,429,758,6872,1812
1753329125390304882,0,959,575,3269,7049,908,758,6872,1787
1753329125392249291,0,959,576,3269,7049,971,758,6873,1982
1753329125394252177,0,959,577,3269,7049,913,758,6873,1801
1753329125396239792,0,959,572,3270,7049,857,758,6873,1645
1753329125398226037,0,959,580,3270,7049,908,758,6874,1790
1753329125400251255,0,959,602,3271,7049,962,758,6874,1752
1753329125402231134,0,959,583,3271,7049,912,758,6874,1788
1753329125404284863,0,959,584,3271,7049,779,758,6875,1788
1753329125406268911,0,959,585,3272,7049,902,758,6875,1789
1753329125408260141,0,959,587,3272,7049,981,758,6875,1789
1753329125410252526,0,959,588,3273,7049,907,758,6875,1790
1753329125412286534,0,959,589,3273,7049,929,758,6875,1790
1753329125414295277,0,959,591,3274,7049,909,758,6875,1791
1753329125416239165,0,959,592,3274,7049,887,758,6875,1791
1753329125418259681,0,959,593,3275,7049,907,758,6875,1792
1753329125420283914,0,959,594,3275,7049,907,758,6876,1791
1753329125422398839,0,959,580,3276,7049,946,758,6876,1792
1753329125424315253,0,959,595,3276,7049,909,758,6876,1792
1753329125426309840,0,959,613,3277,7049,969,758,6877,1832
1753329125428323983,0,959,599,3277,7049,914,758,6877,1796
1753329125430273725,0,959,707,3277,7049,944,758,6877,1796
1753329125432267678,0,959,610,3278,7049,916,758,6877,1797
1753329125434232257,0,959,507,3278,7049,865,758,6878,1856
1753329125436225112,0,959,605,3279,7049,911,758,6878,1802
1753329125438228780,0,959,585,3279,7049,1056,758,6879,1802
1753329125440242042,0,959,606,3280,7049,921,758,6879,1803
1753329125442234358,0,959,608,3280,7049,883,758,6879,1744
1753329125444265960,0,959,609,3280,7049,918,758,6879,1798
1753329125446240158,0,959,611,3281,7049,908,758,6879,1799
1753329125448292544,0,959,612,3281,7049,917,758,6880,1799
1753329125450268048,0,959,584,3281,7049,934,758,6880,1799
1753329125452221164,0,959,613,3282,7049,919,758,6880,1800
1753329125454230440,0,959,615,3282,7049,844,758,6880,1859
1753329125456236500,0,959,616,3283,7049,913,758,6881,1805
1753329125458240519,0,959,529,3283,7049,1054,758,6881,1773
1753329125460252273,0,959,612,3284,7049,923,758,6881,1804
1753329125462273447,0,959,650,3284,7049,905,758,6881,1804
1753329125464247956,0,959,618,3284,7049,922,758,6881,1804
1753329125466229214,0,959,576,3285,7049,992,758,6882,1805
1753329125468240728,0,959,618,3285,7049,927,758,6882,1805
1753329125470252824,0,959,619,3286,7049,1053,758,6882,1837
1753329125472246281,0,959,621,3286,7049,936,758,6882,1808
1753329125474286427,0,959,602,3286,7049,899,758,6883,1776
1753329125476252296,0,959,621,3287,7049,934,758,6883,1806
1753329125478228143,0,959,574,3287,7049,923,758,6883,1667
1753329125480232743,0,959,619,3288,7049,933,758,6884,1797
1753329125482249792,0,959,620,3288,7049,1063,758,6884,1999
1753329125484236529,0,959,621,3289,7049,943,758,6884,1813
1753329125486241214,0,959,623,3289,7049,741,758,6884,1813
1753329125488230295,0,959,624,3290,7049,929,758,6885,1814
1753329125490220955,0,959,625,3290,7049,1217,758,6885,1782
1753329125492262468,0,959,626,3290,7049,950,758,6885,1811
1753329125494243588,0,959,627,3291,7049,875,758,6885,1843
1753329125496273884,0,959,627,3291,7049,946,758,6886,1814
1753329125498264082,0,959,628,3291,7049,947,758,6886,1829
1753329125500241977,0,959,629,3291,7049,947,758,6886,1815
1753329125502235291,0,959,630,3292,7049,948,758,6886,1816
1753329125504262204,0,959,631,3292,7049,972,758,6887,1801
1753329125506280833,0,959,631,3292,7049,951,758,6887,1815
1753329125508281795,0,959,631,3292,7049,914,758,6887,1725
1753329125510287406,0,959,632,3293,7049,950,758,6887,1809
1753329125512207156,0,959,632,3293,7049,920,758,6887,1914
1753329125514229196,0,959,632,3294,7049,950,758,6888,1818
1753329125516219414,0,959,633,3294,7049,950,758,6888,1818
1753329125518231406,0,959,634,3294,7049,952,758,6888,1818
1753329125520248017,0,959,634,3294,7049,918,758,6888,1803
1753329125522299210,0,959,635,3295,7049,952,758,6888,1818
1753329125524277742,0,959,849,3295,7049,953,758,6889,1847
1753329125526339376,0,959,652,3296,7049,954,758,6889,1821
1753329125528284841,0,959,440,3296,7049,909,758,6889,1760
1753329125530311537,0,959,637,3297,7049,953,758,6889,1817
1753329125532308322,0,959,638,3297,7049,1269,758,6889,1817
1753329125534333772,0,959,638,3298,7049,979,758,6889,1818
1753329125536235252,0,959,970,3298,7049,674,758,6890,1878
1753329125538205364,0,959,665,3299,7049,960,758,6890,1823
1753329125540203284,0,959,333,3299,7049,942,758,6890,1823
1753329125542207719,0,959,641,3300,7049,960,758,6891,1824
1753329125544201530,0,959,641,3300,7049,961,758,6891,1847
1753329125546204489,0,959,642,3301,7049,962,758,6891,1827
1753329125548214654,0,959,642,3302,7049,902,758,6891,1805
1753329125550138175,0,959,642,3302,7049,961,758,6892,1826
1753329125552181811,0,959,643,3303,7049,1046,758,6892,1865
1753329125554184785,0,959,643,3303,7049,968,758,6892,1830
1753329125556175945,0,959,643,3304,7049,784,758,6893,1869
1753329125558144567,0,959,643,3304,7049,956,758,6893,1834
1753329125560145012,0,959,643,3305,7049,1116,758,6893,1835
1753329125562162349,0,959,644,3305,7049,970,758,6893,1835
1753329125564195719,0,959,644,3306,7049,889,758,6893,1852
1753329125566207257,0,959,645,3306,7049,965,758,6893,1837
1753329125568228213,0,959,646,3307,7049,944,758,6894,1838
1753329125570232690,0,959,646,3307,7049,965,758,6894,1838
1753329125572251346,0,959,647,3308,7049,1066,758,6894,1628
1753329125574271070,0,959,647,3309,7049,974,758,6894,1824
1753329125576267170,0,959,648,3310,7049,819,758,6894,2036
1753329125578250527,0,959,648,3311,7049,963,758,6895,1842
1753329125580238105,0,959,649,3312,7049,1011,758,6895,1858
1753329125582243391,0,959,649,3313,7049,967,758,6895,1845
1753329125584205713,0,959,650,3313,7049,968,758,6895,1738
1753329125586214887,0,959,650,3314,7049,967,758,6896,1838
1753329125588261266,0,959,651,3315,7049,967,758,6896,1839
1753329125590210883,0,959,651,3317,7049,974,758,6896,1916
1753329125592250624,0,959,650,3317,7049,968,758,6897,1846
1753329125594238326,0,959,651,3318,7049,1099,758,6897,1864
1753329125596293922,0,959,652,3319,7049,979,758,6897,1850
1753329125598203211,0,959,652,3320,7049,850,758,6897,1851
1753329125600283513,0,959,652,3320,7049,969,758,6898,1851
1753329125602216764,0,959,653,3321,7049,1035,758,6898,1852
1753329125604271309,0,959,653,3322,7049,975,758,6898,1853
1753329125606282978,0,959,654,3323,7049,792,758,6898,1785
1753329125608271976,0,959,654,3324,7049,961,758,6899,1850
1753329125610257180,0,959,655,3324,7049,1208,758,6899,1918
1753329125612240590,0,959,655,3325,7049,980,758,6899,1856
1753329125614229280,0,959,655,3326,7049,834,758,6899,1857
1753329125616222414,0,959,656,3327,7049,970,758,6899,1858
1753329125618235472,0,959,656,3328,7049,979,758,6900,1859
1753329125620284699,0,959,656,3328,7049,972,758,6900,1859
1753329125622253756,0,959,1015,3329,7049,953,758,6900,1961
1753329125624240907,0,959,683,3330,7049,972,758,6900,1868
1753329125626221600,0,959,325,3332,7049,1313,758,6901,1784
1753329125628224250,0,959,658,3333,7049,998,758,6901,1865
1753329125630228566,0,959,658,3333,7049,858,758,6901,1964
1753329125632263488,0,959,659,3336,7049,989,758,6901,1875
1753329125634239149,0,959,658,3337,7049,940,758,6901,1762
1753329125636251013,0,959,659,3338,7049,987,758,6902,1869
1753329125638250139,0,959,659,3339,7049,1012,758,6902,1938
1753329125640251555,0,959,660,3340,7049,990,758,6902,1876
1753329125642275710,0,959,660,3341,7049,1044,758,6902,1877
1753329125644280065,0,959,660,3342,7049,994,758,6903,1878
1753329125646215504,0,959,661,3343,7049,719,758,6903,1912
1753329125648219178,0,959,661,3344,7049,974,758,6903,1882
1753329125650245147,0,959,661,3346,7049,1159,758,6903,1851
1753329125652239594,0,959,662,3347,7049,988,758,6903,1883
1753329125654215592,0,959,710,3348,7049,1020,758,6904,1884
1753329125656253064,0,959,665,3349,7049,991,758,6904,1885
1753329125658238382,0,959,618,3351,7049,991,758,6904,1920
1753329125660238852,0,959,663,3352,7049,992,758,6904,1891
1753329125662236557,0,959,664,3353,7049,1006,758,6905,1892
1753329125664239231,0,959,664,3355,7049,995,758,6905,1894
1753329125666234152,0,959,664,3356,7049,1082,758,6905,1895
1753329125668226320,0,959,664,3357,7049,1002,758,6906,1896
1753329125670226841,0,959,664,3359,7049,870,758,6906,1843
1753329125672238142,0,959,664,3360,7049,993,758,6906,1895
1753329125674321324,0,959,665,3362,7049,994,758,6906,1897
1753329125676222739,0,959,665,3363,7049,995,758,6907,1528
1753329125678299824,0,959,665,3365,7049,996,758,6907,1872
1753329125680253019,0,959,666,3366,7049,970,758,6907,2298
1753329125682280318,0,959,666,3368,7049,997,758,6908,1907
1753329125684226172,0,959,666,3369,7049,953,758,6908,1874
1753329125686252115,0,959,667,3370,7049,995,758,6908,1906
1753329125688226435,0,959,667,3372,7049,1048,758,6908,1941
1753329125690214359,0,959,667,3374,7049,1002,758,6908,1913
1753329125692255457,0,959,716,3375,7049,975,758,6908,1982
1753329125694273443,0,959,671,3375,7049,1001,758,6908,1919
1753329125696217450,0,959,671,3377,7049,978,758,6908,1820
1753329125698241435,0,959,672,3379,7049,1002,758,6909,1915
1753329125700194762,0,959,698,3381,7049,1002,758,6909,1917
1753329125702250898,0,959,674,3382,7049,1003,758,6909,1918
1753329125704202337,0,959,669,3383,7049,939,758,6910,1919
1753329125706232176,0,959,675,3385,7049,999,758,6910,1921
1753329125708228547,0,959,675,3386,7049,960,758,6910,1956
1753329125710205287,0,959,675,3388,7049,997,758,6911,1927
1753329125712220217,0,959,675,3389,7049,1225,758,6911,1941
1753329125714208762,0,959,675,3390,7049,1014,758,6911,1930
1753329125716212375,0,959,682,3392,7049,877,758,6911,1932
1753329125718192336,0,959,677,3393,7049,1005,758,6911,1933
1753329125720174030,0,959,715,3395,7049,981,758,6913,1922
1753329125722153203,0,959,680,3397,7049,1004,758,6913,1936
1753329125724146120,0,959,644,3398,7049,1090,758,6913,1950
1753329125726145089,0,959,679,3400,7049,1010,758,6913,1940
1753329125728148781,0,959,679,3401,7049,1027,758,6914,1973
1753329125730144416,0,959,680,3403,7049,1012,758,6914,1946
1753329125732145342,0,959,767,3405,7049,929,758,6914,1948
1753329125734139882,0,959,687,3406,7049,1007,758,6914,1949
1753329125736152738,0,959,636,3408,7049,1048,758,6914,1951
1753329125738179121,0,959,684,3410,7049,1011,758,6914,1953
1753329125740252097,0,959,735,3411,7049,1018,758,6915,1977
1753329125742216269,0,960,689,3413,7049,1013,758,6915,1958
1753329125744175130,0,959,690,3414,7049,950,758,6915,1947
1753329125746170538,0,959,690,3416,7049,1009,758,6915,1960
1753329125748172184,0,959,721,3418,7049,1068,758,6915,1962
1753329125750159676,0,959,693,3419,7049,1014,758,6915,1963
1753329125752147194,0,959,694,3421,7049,1127,758,6916,1954
1753329125754149039,0,959,694,3422,7049,1024,758,6916,1965
1753329125756163715,0,959,944,3424,7049,853,758,6917,1936
1753329125758170577,0,959,715,3426,7049,1013,758,6917,1967
1753329125760213763,0,959,716,3428,7049,1013,758,6917,1969
1753329125762198125,0,959,473,3430,7049,1014,758,6917,2014
1753329125764197119,0,959,700,3432,7049,1015,758,6917,1976
1753329125766215728,0,959,700,3433,7049,1056,758,6917,1966
1753329125768268634,0,959,701,3435,7049,1019,758,6917,1979
1753329125770203751,0,959,701,3437,7049,1009,758,6917,1949
1753329125772270381,0,959,702,3439,7049,1019,758,6918,1980
1753329125774215666,0,959,703,3441,7049,1079,758,6918,2026
1753329125776333421,0,959,704,3442,7049,1024,758,6918,1987
1753329125778226932,0,959,700,3444,7049,976,758,6918,1899
1753329125780211854,0,959,706,3446,7049,1022,758,6918,1984
1753329125782166224,0,959,728,3447,7049,1019,758,6918,1985
1753329125784294642,0,959,709,3449,7049,1022,758,6919,1987
1753329125786232840,0,959,710,3451,7049,1005,758,6919,1967
1753329125788262630,0,959,711,3453,7049,1023,758,6919,1990
1753329125790227879,0,959,712,3454,7049,980,758,6919,1960
1753329125792253908,0,959,713,3456,7049,1021,758,6920,1990
1753329125794279439,0,959,693,3458,7049,1021,758,6920,2045
1753329125796354686,0,959,714,3460,7049,1021,758,6920,1998
1753329125798276889,0,959,897,3461,7049,1039,758,6921,1915
1753329125800340302,0,959,730,3462,7049,1024,758,6921,1994
1753329125802274689,0,959,569,3465,7049,562,758,6921,2183
1753329125804412185,0,959,720,3466,7049,990,758,6921,2012
1753329125806281544,0,959,745,3468,7049,1436,758,6922,1753
1753329125808456093,0,959,724,3469,7049,1025,758,6922,1995
1753329125810344821,0,959,776,3471,7049,1112,758,6922,2020
1753329125812283493,0,959,730,3472,7049,1031,758,6922,2000
1753329125814267759,0,959,681,3474,7049,945,758,6922,1965
1753329125816277268,0,959,729,3475,7049,1026,758,6923,2000
1753329125818324067,0,959,730,3477,7049,1140,758,6923,2017
1753329125820345308,0,959,732,3478,7049,1035,758,6923,2004
1753329125822321630,0,959,733,3479,7049,890,758,6923,1976
1753329125824278027,0,959,734,3481,7049,1024,758,6923,2005
1753329125826277089,0,959,785,3482,7049,1086,758,6923,2297
1753329125828290094,0,959,740,3484,7049,1030,758,6923,2030
1753329125830274429,0,959,742,3485,7049,1000,758,6924,1709
1753329125832310785,0,959,742,3486,7049,1028,758,6924,2008
1753329125834311371,0,959,776,3487,7049,932,758,6924,2054
1753329125836309738,0,959,747,3488,7049,1022,758,6924,2013
1753329125838318581,0,959,716,3489,7049,1120,758,6925,1999
1753329125840319528,0,959,747,3490,7049,1030,758,6925,2014
1753329125842264019,0,959,748,3491,7049,1129,758,6925,2305
1753329125844227375,0,959,750,3492,7049,1038,758,6925,2037
1753329125846350094,0,959,751,3493,7049,1039,758,6926,2039
1753329125848281777,0,959,752,3494,7049,889,758,6926,1686
1753329125850277591,0,959,754,3495,7049,1029,758,6926,2014
1753329125852262535,0,959,950,3496,7049,887,758,6926,2047
1753329125854258751,0,959,772,3497,7049,1018,758,6927,2018
1753329125856263434,0,959,578,3498,7049,1242,758,6927,1988
1753329125858410094,0,959,760,3498,7049,1036,758,6927,2017
1753329125860272362,0,959,674,3500,7049,1068,758,6927,2372
1753329125862373903,0,959,758,3501,7049,1038,758,6927,2046
1753329125864264094,0,959,754,3502,7049,1072,758,6928,1726
1753329125866298658,0,959,760,3503,7049,1041,758,6928,2024
1753329125868258279,0,959,888,3504,7049,1006,758,6928,1993
1753329125870311128,0,959,773,3505,7049,1038,758,6929,2024
1753329125872249831,0,959,648,3506,7049,1072,758,6929,2057
1753329125874370690,0,959,767,3507,7049,1041,758,6929,2028
1753329125876257166,0,959,812,3509,7049,1072,758,6929,1998
1753329125878326080,0,959,773,3510,7049,1043,758,6929,2029
1753329125880300094,0,959,774,3511,7049,649,758,6930,2029
1753329125882311716,0,959,776,3512,7049,1014,758,6930,2030
1753329125884273322,0,959,652,3513,7049,1402,758,6930,2004
1753329125886264806,0,959,769,3515,7049,1043,758,6930,2031
1753329125888285301,0,959,872,3516,7049,1050,758,6930,1993
1753329125890280404,0,959,779,3517,7049,1044,758,6930,2030
1753329125892284704,0,959,780,3518,7049,1069,758,6931,2031
1753329125894263264,0,959,781,3520,7049,1048,758,6931,2033
1753329125896295010,0,959,782,3520,7049,925,758,6931,2025
1753329125898281152,0,959,783,3521,7049,1039,758,6931,2033
1753329125900239222,0,959,784,3522,7049,1206,758,6931,2014
1753329125902228976,0,959,785,3523,7049,1053,758,6932,2033
1753329125904272760,0,959,771,3523,7049,987,758,6932,2005
1753329125906261879,0,959,787,3523,7049,1049,758,6932,2031
1753329125908267500,0,959,782,3523,7049,1048,758,6932,2060
1753329125910259874,0,959,789,3524,7049,1051,758,6933,2034
1753329125912272775,0,959,795,3523,7049,1108,758,6933,1988
1753329125914278303,0,959,792,3523,7049,1056,758,6933,2029
1753329125916256293,0,959,793,3523,7049,999,758,6933,2029
1753329125918242525,0,959,794,3523,7049,1053,758,6934,2029
1753329125920259771,0,959,790,3523,7049,960,758,6934,2074
1753329125922253472,0,959,796,3523,7049,1048,758,6934,2032
1753329125924256146,0,959,798,3522,7049,1017,758,6934,2051
1753329125926244125,0,959,799,3522,7049,1046,758,6935,2033
1753329125928329522,0,959,800,3522,7049,1075,758,6935,2170
1753329125930290529,0,959,801,3522,7049,1049,758,6935,2043
1753329125932299721,0,959,802,3521,7049,1050,758,6935,2042
1753329125934268072,0,959,774,3521,7049,1054,758,6936,1913
1753329125936335773,0,959,803,3522,7049,1052,758,6936,2033
1753329125938253302,0,959,753,3522,7049,1140,758,6936,2099
1753329125940348899,0,959,801,3522,7049,1060,758,6936,2038
1753329125942240262,0,959,854,3522,7049,1013,758,6937,2069
1753329125944234522,0,959,807,3522,7049,1057,758,6937,2040
1753329125946233015,0,959,721,3522,7049,1058,758,6937,2260
1753329125948279288,0,959,803,3522,7049,1058,758,6937,2056
1753329125950268126,0,959,841,3523,7049,1511,758,6938,1868
1753329125952396228,0,959,808,3523,7049,1093,758,6938,2043
1753329125954281357,0,959,772,3524,7049,574,758,6938,1954
1753329125956362764,0,959,807,3524,7049,1056,758,6938,2037
1753329125958265724,0,959,896,3525,7049,1172,758,6938,2158
1753329125960285329,0,959,817,3525,7049,1065,758,6939,2047
1753329125962255035,0,959,724,3526,7049,1066,758,6939,2048
1753329125964421258,0,959,812,3526,7049,1066,758,6939,2048
1753329125966343412,0,959,792,3526,7049,1146,758,6939,2033
1753329125968310224,0,959,812,3527,7049,1073,758,6940,2048
1753329125970245601,0,959,812,3528,7049,1105,758,6940,2003
1753329125972256457,0,959,813,3528,7049,1076,758,6940,2045
1753329125974235150,0,959,814,3528,7049,998,758,6940,2106
1753329125976260755,0,959,815,3529,7049,1072,758,6941,2051
1753329125978311546,0,959,816,3530,7049,1171,758,6941,2052
1753329125980265605,0,959,817,3530,7049,1080,758,6941,2052
1753329125982260420,0,959,818,3531,7049,1067,758,6942,2038
1753329125984292892,0,959,819,3532,7049,1080,758,6942,2052
1753329125986222848,0,959,819,3532,7049,1095,758,6942,2052
1753329125988228521,0,959,820,3533,7049,1083,758,6942,2053
1753329125990216107,0,959,772,3533,7049,1143,758,6942,2068
1753329125992229990,0,959,817,3534,7049,1089,758,6942,2055
1753329125994210107,0,959,818,3534,7049,1040,758,6943,2026
1753329125996208767,0,959,818,3535,7049,1087,758,6943,2054
1753329125998227098,0,959,819,3535,7049,1118,758,6943,2054
1753329126000298276,0,959,820,3536,7049,1092,758,6944,2055
1753329126002231120,0,959,820,3537,7049,1143,758,6944,2071
1753329126004272208,0,959,820,3537,7049,1097,758,6944,2057
1753329126006212792,0,959,820,3538,7049,1041,758,6944,2058
1753329126008266789,0,959,821,3539,7049,1095,758,6944,2059
1753329126010198200,0,959,821,3539,7049,1074,758,6945,2059
1753329126012257594,0,959,822,3540,7049,1097,758,6945,2060
1753329126014236109,0,959,822,3541,7049,1098,758,6945,2061
1753329126016239049,0,959,822,3541,7049,491,758,6945,2015
1753329126018255594,0,959,823,3542,7049,1055,758,6945,2058
1753329126020249324,0,959,892,3542,7049,1652,758,6946,2119
1753329126022255169,0,959,829,3543,7049,1103,758,6946,2064
1753329126024233385,0,959,762,3544,7049,782,758,6946,2050
1753329126026228587,0,959,825,3544,7049,1082,758,6946,2064
1753329126028207334,0,959,825,3545,7049,1299,758,6946,2217
1753329126030211032,0,959,826,3545,7049,1100,758,6947,2076
1753329126032192471,0,959,826,3546,7049,1107,758,6947,1962
1753329126034218639,0,959,827,3547,7049,1103,758,6947,2069
1753329126036227625,0,959,827,3547,7049,1087,758,6947,2032
1753329126038222862,0,959,828,3547,7049,1104,758,6948,2066
1753329126040242942,0,959,827,3548,7049,1323,758,6948,2105
1753329126042240211,0,959,827,3549,7049,1122,758,6948,2071
1753329126044229867,0,959,828,3549,7049,945,758,6949,2071
1753329126046231868,0,959,828,3550,7049,1111,758,6949,2072
1753329126048244566,0,959,829,3551,7049,987,758,6949,2088
1753329126050230126,0,959,829,3551,7049,1104,758,6949,2074
1753329126052255378,0,959,829,3552,7049,1145,758,6949,2061
1753329126054295888,0,959,829,3553,7049,1109,758,6950,2075
1753329126056235897,0,959,829,3553,7049,1085,758,6950,2127
1753329126058229094,0,959,830,3554,7049,1109,758,6950,2080
1753329126060213705,0,959,830,3554,7049,1065,758,6950,2080
1753329126062227224,0,959,831,3555,7049,1107,758,6951,2081
1753329126064306088,0,959,831,3556,7049,1173,758,6951,2098
1753329126066282277,0,959,832,3556,7049,1115,758,6951,2083
1753329126068246134,0,959,832,3557,7049,1057,758,6951,2067
1753329126070275255,0,959,832,3558,7049,1112,758,6951,2084
1753329126072215077,0,959,832,3558,7049,1107,758,6951,2084
1753329126074273851,0,959,832,3559,7049,1113,758,6952,2085
1753329126076268159,0,959,832,3560,7049,1025,758,6952,2102
1753329126078284883,0,959,832,3561,7049,1108,758,6952,2088
1753329126080256863,0,959,907,3562,7049,1195,758,6952,2089
1753329126082251023,0,959,839,3562,7049,1115,758,6953,2089
1753329126084223851,0,959,765,3563,7049,1100,758,6953,2105
1753329126086227458,0,959,834,3564,7049,1114,758,6953,2092
1753329126088249145,0,959,834,3565,7049,1153,758,6954,2078
1753329126090252772,0,959,834,3566,7049,1118,758,6954,2093
1753329126092309980,0,959,835,3567,7049,1100,758,6954,2077
1753329126094253763,0,959,835,3568,7049,1116,758,6954,2094
1753329126096216851,0,959,883,3569,7049,917,758,6955,2095
1753329126098219232,0,959,838,3569,7049,1101,758,6955,2095
1753329126100306774,0,959,839,3570,7049,1101,758,6955,2096
1753329126102275883,0,959,859,3571,7049,799,758,6955,2059
1753329126104256082,0,959,841,3572,7049,1078,758,6955,2095
1753329126106255784,0,959,773,3573,7049,1596,758,6956,2096
1753329126108281899,0,959,837,3574,7049,1117,758,6956,2097
1753329126110283542,0,959,1123,3575,7049,1270,758,6956,2060
1753329126112293008,0,959,858,3576,7049,1128,758,6956,2096
1753329126114281065,0,959,573,3576,7049,1017,758,6957,2096
1753329126116273773,0,959,838,3577,7049,1121,758,6957,2097
1753329126118255155,0,959,887,3579,7049,1121,758,6957,2099
1753329126120260096,0,959,842,3579,7049,1120,758,6957,2099
1753329126122241386,0,959,842,3580,7049,1025,758,6958,2207
1753329126124298337,0,959,843,3581,7049,1113,758,6958,2109
1753329126126268077,0,959,863,3582,7049,1153,758,6958,1910
1753329126128274698,0,959,845,3582,7049,1116,758,6959,2095
1753329126130258081,0,959,825,3583,7049,1116,758,6959,2159
1753329126132284333,0,959,845,3583,7049,1116,758,6959,2100
1753329126134251703,0,959,846,3584,7049,1090,758,6959,2070
1753329126136266684,0,959,846,3584,7049,1113,758,6959,2099
1753329126138250227,0,959,847,3584,7049,1121,758,6960,2067
1753329126140241646,0,959,848,3585,7049,1113,758,6960,2098
1753329126142252225,0,959,848,3586,7049,1136,758,6960,2161
1753329126144244398,0,959,849,3586,7049,1115,758,6960,2103
1753329126146289839,0,959,869,3587,7049,1109,758,6960,2271
1753329126148235225,0,959,850,3587,7049,1114,758,6960,2117
1753329126150215873,0,959,851,3588,7049,1146,758,6960,1887
1753329126152271317,0,959,851,3588,7049,1117,758,6961,2100
1753329126154260790,0,959,851,3588,7049,1114,758,6961,2132
1753329126156319520,0,959,851,3588,7049,1117,758,6961,2103
1753329126158255684,0,959,852,3589,7049,1131,758,6961,2072
1753329126160256487,0,959,852,3589,7049,1118,758,6962,2101
1753329126162274120,0,959,852,3589,7049,1132,758,6962,2074
1753329126164292095,0,959,853,3589,7049,1120,758,6962,2099
1753329126166344731,0,959,859,3589,7049,1156,758,6962,2158
1753329126168358446,0,959,854,3589,7049,1124,758,6963,2103
1753329126170249156,0,959,891,3590,7049,1124,758,6963,2135
1753329126172349166,0,959,857,3590,7049,1124,758,6963,2106
1753329126174247324,0,959,821,3590,7049,985,758,6963,2121
1753329126176217434,0,959,855,3590,7049,1114,758,6964,2107
1753329126178239492,0,959,856,3590,7049,1228,758,6964,2093
1753329126180262282,0,959,856,3590,7049,1124,758,6964,2106
1753329126182336313,0,959,856,3590,7049,990,758,6964,2397
1753329126184254112,0,959,857,3590,7049,1115,758,6964,2128
1753329126186299051,0,959,857,3590,7049,1115,758,6965,2128
1753329126188294374,0,959,852,3591,7049,1180,758,6964,1868
1753329126190269006,0,959,857,3591,7049,1120,758,6965,2109
1753329126192247980,0,959,901,3591,7049,1165,758,6965,2109
1753329126194261965,0,959,861,3592,7049,1125,758,6965,2110
1753329126196293536,0,959,820,3592,7049,1064,758,6965,2110
1753329126198310327,0,959,860,3592,7049,1121,758,6965,2110
1753329126200211578,0,959,903,3592,7049,1139,758,6965,2110
1753329126202213360,0,959,863,3593,7049,1123,758,6965,2111
1753329126204277296,0,959,827,3593,7049,1161,758,6966,2111
1753329126206290434,0,959,862,3594,7049,1126,758,6966,2112
1753329126208293346,0,959,950,3595,7049,1077,758,6966,2113
1753329126210288194,0,959,869,3595,7049,1122,758,6966,2113
1753329126212288089,0,959,776,3595,7049,1181,758,6966,2150
1753329126214277751,0,959,863,3596,7049,1126,758,6967,2117
1753329126216281896,0,959,870,3596,7049,1149,758,6967,2102
1753329126218261498,0,959,864,3597,7049,1128,758,6967,2117
1753329126220227394,0,959,791,3597,7049,1159,758,6967,2131
1753329126222294117,0,959,860,3598,7049,1131,758,6968,2119
1753329126224232859,0,959,928,3598,7049,1161,758,6968,2156
1753329126226284632,0,959,866,3599,7049,1134,758,6968,2122
1753329126228228968,0,959,866,3599,7049,1345,758,6969,2122
1753329126230249367,0,959,867,3599,7049,1149,758,6969,2122
1753329126232291172,0,959,1157,3600,7049,1006,758,6969,2241
1753329126234298705,0,959,889,3600,7049,1141,758,6969,2132
1753329126236219864,0,959,599,3601,7049,1107,758,6969,2032
1753329126238352436,0,959,868,3601,7049,1138,758,6970,2126
1753329126240248931,0,959,849,3601,7049,1221,758,6970,2126
1753329126242322644,0,959,867,3602,7049,1147,758,6970,2127
1753329126244319820,0,959,867,3602,7049,1271,758,6970,2127
1753329126246308178,0,959,868,3603,7049,1157,758,6971,2128
1753329126248261576,0,959,868,3603,7049,970,758,6971,2143
1753329126250395677,0,959,868,3604,7049,1144,758,6971,2130
1753329126252296073,0,959,869,3605,7049,1150,758,6971,2099
1753329126254306675,0,959,869,3606,7049,1147,758,6972,2130
1753329126256259108,0,959,821,3606,7049,1191,758,6972,2130
1753329126258298132,0,959,866,3607,7049,1152,758,6972,2130
1753329126260234873,0,959,866,3607,7049,1100,758,6972,2293
1753329126262305252,0,959,867,3608,7049,1150,758,6973,2144
1753329126264252407,0,959,915,3609,7049,1129,758,6973,1944
1753329126266346084,0,959,871,3609,7049,1151,758,6973,2130
1753329126268287264,0,959,823,3610,7049,1102,758,6973,1927
1753329126270301471,0,959,868,3611,7049,1150,758,6973,2116
1753329126272259983,0,959,868,3612,7049,1151,758,6973,2117
1753329126274296493,0,959,917,3612,7049,1122,758,6974,2359
1753329126276354524,0,959,872,3613,7049,1150,758,6974,2136
1753329126278352540,0,959,872,3614,7049,1176,758,6974,2100
1753329126280287310,0,959,872,3615,7049,1155,758,6974,2135
1753329126282282697,0,959,824,3616,7049,1106,758,6974,2136
1753329126284381500,0,959,869,3616,7049,1152,758,6975,2136
1753329126286305634,0,959,870,3617,7049,1153,758,6975,2137
1753329126288285317,0,959,869,3617,7049,1154,758,6975,2137
1753329126290289979,0,959,918,3618,7049,1677,758,6975,2124
1753329126292233888,0,959,873,3618,7049,1194,758,6975,2137
1753329126294290977,0,959,873,3619,7049,628,758,6977,2101
1753329126296206785,0,959,873,3619,7049,1153,758,6977,2135
1753329126298242650,0,959,873,3619,7049,1195,758,6977,2150
1753329126300248530,0,959,873,3619,7049,1157,758,6978,2136
1753329126302251466,0,959,826,3619,7049,1117,758,6978,2398
1753329126304264612,0,959,870,3620,7049,1155,758,6978,2157
1753329126306249635,0,959,918,3620,7049,1214,758,6978,1971
1753329126308252740,0,959,874,3620,7049,1161,758,6979,2143
1753329126310245245,0,959,874,3620,7049,1145,758,6979,2143
1753329126312245884,0,959,873,3621,7049,1160,758,6979,2144
1753329126314236427,0,959,899,3621,7049,1120,758,6979,2207
1753329126316252627,0,959,875,3621,7049,1159,758,6980,2149
1753329126318234879,0,959,875,3622,7049,1192,758,6980,2119
1753329126320297941,0,959,875,3622,7049,1162,758,6980,2147
1753329126322264668,0,959,876,3623,7049,1129,758,6980,2148
1753329126324327130,0,959,876,3623,7049,1161,758,6980,2148
1753329126326259281,0,959,870,3624,7049,1119,758,6981,2180
1753329126328269317,0,959,876,3624,7049,1158,758,6981,2152
1753329126330270965,0,959,882,3625,7049,1106,758,6981,2153
1753329126332269707,0,959,876,3625,7049,1155,758,6981,2153
1753329126334265351,0,959,964,3626,7049,1136,758,6981,2176
1753329126336240328,0,959,883,3626,7049,1154,758,6981,2155
1753329126338313083,0,959,1007,3627,7049,1252,758,6982,2020
1753329126340236123,0,959,893,3628,7049,1161,758,6982,2147
1753329126342251317,0,959,675,3629,7049,1204,758,6982,2374
1753329126344273203,0,959,877,3629,7049,1164,758,6982,2165
1753329126346253172,0,959,1021,3630,7049,1191,758,6983,2110
1753329126348253583,0,959,887,3631,7049,1166,758,6983,2163
1753329126350290269,0,959,786,3631,7049,1213,758,6983,2108
1753329126352277002,0,959,881,3632,7049,1169,758,6984,2160
1753329126354264390,0,959,882,3633,7049,1131,758,6984,2161
1753329126356255276,0,959,882,3634,7049,1166,758,6984,2162
1753329126358349899,0,959,882,3635,7049,1166,758,6984,2163
1753329126360277693,0,959,839,3636,7049,1165,758,6985,2118
1753329126362266441,0,959,881,3637,7049,1165,758,6985,2162
1753329126364237634,0,959,880,3638,7049,1193,758,6985,2209
1753329126366261976,0,959,881,3639,7049,1167,758,6985,2167
1753329126368238946,0,959,887,3640,7049,1209,758,6986,2168
1753329126370252170,0,959,883,3641,7049,1170,758,6986,2169
1753329126372243502,0,959,921,3642,7049,1213,758,6986,2170
1753329126374272195,0,959,888,3643,7049,1174,758,6986,2171
1753329126376223026,0,959,887,3644,7049,1100,758,6987,2172
1753329126378291536,0,959,887,3645,7049,1169,758,6987,2173
1753329126380232713,0,959,777,3646,7049,1201,758,6987,2128
1753329126382218194,0,959,881,3646,7049,1172,758,6987,2171
1753329126384217342,0,959,955,3647,7049,1213,758,6987,2187
1753329126386274219,0,959,888,3648,7049,1177,758,6987,2174
1753329126388232751,0,959,924,3649,7049,1580,758,6988,2159
1753329126390276827,0,959,890,3650,7049,1208,758,6988,2175
1753329126392258095,0,959,854,3651,7049,858,758,6988,2176
1753329126394221797,0,959,888,3652,7049,1184,758,6988,2177
1753329126396283444,0,959,926,3653,7049,1110,758,6989,2161
1753329126398239459,0,959,892,3654,7049,1180,758,6989,2177
1753329126400271034,0,959,855,3655,7049,1140,758,6989,2141
1753329126402249539,0,959,890,3655,7049,1178,758,6989,2176
1753329126404267772,0,959,1014,3656,7049,937,758,6990,2162
1753329126406251031,0,959,901,3657,7049,1162,758,6990,2176
1753329126408260634,0,959,865,3658,7049,1358,758,6990,2229
1753329126410240120,0,959,898,3659,7049,1177,758,6990,2182
1753329126412260507,0,959,848,3659,7049,1231,758,6991,2130
1753329126414294002,0,959,895,3660,7049,1183,758,6991,2179
1753329126416242208,0,959,896,3661,7049,1110,758,6991,2180
1753329126418249898,0,959,896,3662,7049,1180,758,6991,2181
1753329126420258599,0,959,896,3662,7049,1180,758,6992,2144
1753329126422260195,0,959,897,3663,7049,1181,758,6992,2179
1753329126424257396,0,959,860,3663,7049,1213,758,6992,2217
1753329126426241263,0,959,894,3664,7049,1184,758,6993,2183
1753329126428255138,0,959,932,3664,7049,1125,758,6993,2160
1753329126430290584,0,959,898,3665,7049,1180,758,6993,2182
1753329126432214755,0,959,898,3665,7049,1154,758,6993,2220
1753329126434219892,0,959,899,3665,7049,1179,758,6994,2185
1753329126436232167,0,959,950,3666,7049,1235,758,6994,2224
1753329126438240962,0,959,903,3666,7049,1183,758,6994,2189
1753329126440231264,0,959,904,3666,7049,1184,758,6994,2189
1753329126442251751,0,959,905,3667,7049,1162,758,6994,2206
1753329126444264806,0,959,905,3667,7049,1183,758,6994,2191
1753329126446280725,0,959,906,3667,7049,1156,758,6995,2207
1753329126448280476,0,959,906,3667,7049,1182,758,6995,2192
1753329126450258813,0,959,936,3668,7049,1184,758,6995,2246
1753329126452333806,0,959,909,3668,7049,1183,758,6995,2197
1753329126454264500,0,959,910,3669,7049,1289,758,6996,2244
1753329126456255190,0,959,910,3669,7049,1192,758,6996,2202
1753329126458244110,0,959,911,3670,7049,1119,758,6996,2203
1753329126460278669,0,959,911,3671,7049,1186,758,6997,2204
1753329126462230146,0,959,882,3672,7049,1256,758,6997,2248
1753329126464256278,0,959,910,3672,7049,1192,758,6997,2208
1753329126466241218,0,959,940,3673,7049,1158,758,6997,2166
1753329126468244767,0,959,914,3673,7049,1190,758,6998,2206
1753329126470246320,0,959,884,3675,7049,1194,758,6998,2195
1753329126472323149,0,959,913,3676,7049,1190,758,6998,2208
1753329126474244031,0,959,914,3677,7049,1245,758,6999,2209
1753329126476256803,0,959,914,3678,7049,1194,758,6999,2210
1753329126478229034,0,959,915,3678,7049,1194,758,6999,2124
1753329126480228304,0,959,916,3680,7049,1194,758,6999,2206
1753329126482205163,0,959,945,3681,7049,1199,758,6999,2361
1753329126484201444,0,959,919,3682,7049,1194,758,7000,2219
1753329126486217566,0,959,919,3683,7049,1311,758,7000,2152
1753329126488220969,0,959,919,3684,7049,1204,758,7000,2216
1753329126490197947,0,959,839,3685,7049,1132,758,7000,2230
1753329126492213467,0,959,915,3686,7049,1200,758,7001,2219
1753329126494203437,0,959,915,3687,7049,1211,758,7001,2220
1753329126496198557,0,959,916,3688,7049,1202,758,7001,2221
1753329126498180936,0,959,806,3689,7049,1177,758,7001,2223
1753329126500250902,0,959,909,3690,7049,1200,758,7002,2224
1753329126502281886,0,959,1107,3692,7049,1101,758,7002,2179
1753329126504249272,0,959,925,3692,7049,1195,758,7002,2222
1753329126506232939,0,959,920,3694,7049,1402,758,7002,2257
1753329126508245081,0,959,926,3695,7049,1211,758,7002,2228
1753329126510239273,0,959,783,3696,7049,1097,758,7003,2274
1753329126512225482,0,959,916,3697,7049,1205,758,7003,2233
1753329126514227171,0,959,979,3698,7049,819,758,7003,2134
1753329126516209836,0,959,922,3700,7049,1177,758,7003,2229
1753329126518226901,0,959,811,3701,7049,1571,758,7003,2230
1753329126520232735,0,959,913,3702,7049,1208,758,7004,2231
1753329126522228821,0,959,1075,3703,7049,1188,758,7004,2185
1753329126524212439,0,959,926,3704,7049,1207,758,7004,2229
1753329126526203746,0,959,926,3706,7049,1208,758,7004,2231
1753329126528219655,0,959,875,3707,7049,1195,758,7004,2248
1753329126530212761,0,959,923,3708,7049,1208,758,7005,2234
1753329126532207001,0,959,1025,3709,7049,1262,758,7005,2235
1753329126534182734,0,959,930,3710,7049,1213,758,7005,2236
1753329126536179302,0,959,909,3711,7049,1144,758,7005,2237
1753329126538170620,0,959,930,3712,7049,1208,758,7006,2238
1753329126540181939,0,959,935,3713,7049,1238,758,7006,2240
1753329126542269772,0,959,930,3714,7049,1212,758,7006,2241
1753329126544262763,0,959,925,3715,7049,1212,758,7007,2396
1753329126546236280,0,959,931,3716,7049,1212,758,7007,2254
1753329126548276990,0,959,936,3717,7049,1234,758,7007,2101
1753329126550235234,0,959,932,3718,7049,1213,758,7007,2245
1753329126552214224,0,959,949,3719,7049,1148,758,7008,2246
1753329126554219626,0,959,934,3720,7049,1209,758,7008,2247
1753329126556243403,0,959,920,3721,7049,1224,758,7008,2402
1753329126558194060,0,959,934,3722,7049,1210,758,7008,2260
1753329126560216477,0,959,738,3723,7049,1298,758,7008,2261
1753329126562190848,0,959,921,3724,7049,1217,758,7008,2262
1753329126564202023,0,959,1119,3725,7049,1176,758,7009,2140
1753329126566217734,0,959,937,3726,7049,1215,758,7009,2255
1753329126568266891,0,959,954,3727,7049,1165,758,7009,2210
1753329126570241100,0,959,939,3729,7049,1213,758,7009,2255
1753329126572224243,0,959,919,3730,7049,1246,758,7010,2271
1753329126574209462,0,959,940,3731,7049,1217,758,7010,2258
1753329126576223447,0,959,961,3732,7049,1185,758,7010,2312
1753329126578198232,0,959,942,3733,7049,1216,758,7011,2264
1753329126580211642,0,959,921,3735,7049,1374,758,7011,2198
1753329126582228462,0,959,942,3736,7049,1228,758,7011,2262
1753329126584239335,0,959,947,3737,7049,1391,758,7011,2309
1753329126586223119,0,959,943,3738,7049,1243,758,7012,2267
1753329126588226462,0,959,960,3739,7049,925,758,7012,2070
1753329126590216672,0,959,945,3741,7049,1220,758,7012,2255
1753329126592172508,0,959,1052,3742,7049,1221,758,7012,2392
1753329126594145574,0,959,954,3743,7049,1222,758,7013,2267
1753329126596191215,0,959,873,3744,7049,1209,758,7013,2301
1753329126598237456,0,959,949,3745,7049,1222,758,7013,2272
1753329126600201664,0,959,927,3746,7049,1159,758,7013,2257
1753329126602224117,0,959,950,3747,7049,1219,758,7013,2273
1753329126604191198,0,959,934,3749,7049,1221,758,7014,2275
1753329126606202876,0,959,949,3750,7049,1221,758,7014,2276
1753329126608203379,0,959,989,3751,7049,1176,758,7014,2292
1753329126610242930,0,959,954,3751,7049,1220,758,7015,2278
1753329126612275237,0,959,955,3753,7049,1221,758,7015,2280
1753329126614237066,0,959,956,3754,7049,1214,758,7015,2265
1753329126616266294,0,959,957,3755,7049,1221,758,7015,2281
1753329126618225573,0,959,958,3756,7049,1252,758,7015,2282
1753329126620237125,0,959,960,3757,7049,1224,758,7016,2283
1753329126622201328,0,959,1043,3758,7049,1294,758,7016,2330
1753329126624214791,0,959,968,3759,7049,1229,758,7016,2288
1753329126626212202,0,959,937,3760,7049,825,758,7016,2289
1753329126628259546,0,959,967,3761,7049,1199,758,7016,2290
1753329126630215906,0,959,895,3762,7049,1631,758,7017,2260
1753329126632234107,0,959,963,3763,7049,1231,758,7017,2290
1753329126634176013,0,959,751,3764,7049,1144,758,7017,2207
1753329126636202366,0,959,949,3765,7049,1225,758,7017,2286
1753329126638216937,0,959,1186,3766,7049,1327,758,7017,2402
1753329126640207823,0,959,969,3767,7049,1233,758,7018,2296
1753329126642241045,0,959,946,3768,7049,1392,758,7018,2145
1753329126644242658,0,959,968,3769,7049,1245,758,7018,2287
1753329126646438840,0,959,969,3770,7049,1152,758,7019,2409
1753329126648240587,0,959,970,3771,7049,1239,758,7019,2298
1753329126650187795,0,959,994,3772,7049,1313,758,7019,2299
1753329126652156495,0,959,974,3773,7049,1246,758,7019,2300
1753329126654218436,0,959,849,3774,7049,1213,758,7020,2301
1753329126656207663,0,959,966,3775,7049,1244,758,7020,2302
1753329126658224571,0,959,1142,3776,7049,1270,758,7020,2303
1753329126660256422,0,959,981,3777,7049,1246,758,7021,2304
1753329126662232395,0,959,931,3778,7049,1174,758,7021,2336
1753329126664258102,0,959,978,3778,7049,1243,758,7021,2307
1753329126666218016,0,959,979,3779,7049,1261,758,7021,2262
1753329126668205239,0,959,980,3780,7049,1245,758,7022,2306
1753329126670212748,0,959,980,3780,7049,1158,758,7022,2321
1753329126672198552,0,959,981,3781,7049,1241,758,7022,2308
1753329126674216883,0,959,944,3782,7049,1392,758,7022,2309
1753329126676219071,0,959,980,3782,7049,1254,758,7023,2309
1753329126678205559,0,959,1020,3784,7049,1181,758,7023,2311
1753329126680201698,0,959,985,3785,7049,1251,758,7023,2312
1753329126682199029,0,959,985,3785,7049,1097,758,7023,2296
1753329126684221362,0,959,986,3786,7049,1241,758,7023,2312
1753329126686206955,0,959,987,3787,7049,1319,758,7023,2313
1753329126688220119,0,959,988,3788,7049,1249,758,7024,2314
1753329126690213479,0,959,989,3789,7049,1186,758,7024,2315
1753329126692190622,0,959,990,3791,7049,1246,758,7024,2317
1753329126694197646,0,959,968,3791,7049,1295,758,7024,2317
1753329126696212745,0,959,991,3792,7049,1252,758,7025,2318
1753329126698277832,0,959,992,3793,7049,1253,758,7025,2319
1753329126700340607,0,959,977,3793,7049,1229,758,7025,2319
1753329126702219286,0,959,993,3795,7049,1253,758,7026,2321
1753329126704223875,0,959,1032,3796,7049,1277,758,7026,2305
1753329126706206743,0,959,996,3796,7049,1256,758,7026,2320
1753329126708198582,0,959,953,3797,7049,1256,758,7026,2338
1753329126710196011,0,959,995,3798,7049,1256,758,7027,2324
1753329126712211727,0,959,1040,3799,7049,1587,758,7027,2270
1753329126714218553,0,959,1001,3800,7049,1281,758,7027,2322
1753329126716190207,0,959,979,3801,7049,976,758,7027,2377
1753329126718206699,0,959,1001,3802,7049,1259,758,7027,2328
1753329126720205379,0,959,1025,3803,7049,1251,758,7028,2329
1753329126722210169,0,959,1005,3805,7049,1259,758,7028,2331
1753329126724216085,0,959,1006,3806,7049,1259,758,7028,2332
1753329126726208118,0,959,1007,3806,7049,1260,758,7029,2332
1753329126728286397,0,959,984,3807,7049,1202,758,7029,2316
1753329126730235221,0,959,1006,3808,7049,1257,758,7029,2332
1753329126732202556,0,959,1007,3809,7049,1384,758,7029,2333
1753329126734197913,0,959,1008,3810,7049,1267,758,7029,2334
1753329126736162971,0,959,1009,3811,7049,1290,758,7030,2094
1753329126738160833,0,959,1010,3812,7049,1270,758,7030,2318
1753329126740197253,0,959,1085,3812,7049,1101,758,7030,2560
1753329126742171205,0,959,1018,3814,7049,1258,758,7030,2338
1753329126744249939,0,959,945,3814,7049,1386,758,7031,2300
1753329126746318420,0,959,1014,3815,7049,1269,758,7031,2336
1753329126748239095,0,959,1000,3816,7049,1157,758,7031,2375
1753329126750211010,0,959,1015,3817,7049,1260,758,7031,2341
1753329126752210953,0,959,1016,3818,7049,1337,758,7031,2342
1753329126754225084,0,959,1017,3819,7049,1267,758,7031,2343
1753329126756224670,0,959,1034,3819,7049,1309,758,7032,2343
1753329126758230666,0,959,1020,3820,7049,1270,758,7032,2344
1753329126760232248,0,959,1140,3821,7049,1362,758,7032,2345
1753329126762263177,0,959,1030,3822,7049,1277,758,7032,2346
1753329126764238757,0,959,897,3822,7049,1257,758,7033,2346
1753329126766220615,0,959,1022,3823,7049,1277,758,7033,2347
1753329126768229859,0,959,937,3824,7049,637,758,7033,2348
1753329126770226104,0,959,1018,3825,7049,1230,758,7033,2349
1753329126772267774,0,959,1121,3826,7049,1910,758,7034,2298
1753329126774270664,0,959,1027,3827,7049,1281,758,7034,2347
1753329126776253940,0,959,1007,3828,7049,1324,758,7034,2400
1753329126778222436,0,959,1028,3829,7049,1286,758,7034,2353
1753329126780279416,0,959,1035,3829,7049,1255,758,7035,2369
1753329126782285995,0,959,1030,3830,7049,1285,758,7035,2355
1753329126784342828,0,959,1031,3831,7049,1286,758,7035,2356
1753329126786274523,0,959,997,3832,7049,1319,758,7036,2357
1753329126788263795,0,959,1032,3833,7049,1290,758,7036,2358
1753329126790238779,0,959,1061,3834,7049,1300,758,7036,2375
1753329126792301987,0,959,1035,3835,7049,1293,758,7036,2361
1753329126794217618,0,959,1042,3836,7049,1265,758,7036,2330
1753329126796226215,0,959,1037,3836,7049,1294,758,7036,2360
1753329126798218993,0,959,1033,3837,7049,1273,758,7036,2377
1753329126800237397,0,959,1039,3838,7049,1294,758,7037,2363
1753329126802206824,0,959,1040,3839,7049,1282,758,7037,2380
1753329126804363512,0,959,1041,3840,7049,1297,758,7037,2366
1753329126806275102,0,959,849,3841,7049,1221,758,7037,2283
1753329126808279327,0,959,1028,3842,7049,1295,758,7038,2362
1753329126810262840,0,959,1220,3842,7049,1296,758,7038,2431
1753329126812354538,0,959,1044,3843,7049,1297,758,7038,2368
1753329126814253394,0,959,1015,3844,7049,1283,758,7038,2369
1753329126816269827,0,959,1044,3845,7049,1299,758,7039,2370
1753329126818231390,0,959,1045,3847,7049,1322,758,7039,2372
1753329126820274843,0,959,1046,3847,7049,1302,758,7039,2372
1753329126822240650,0,959,1047,3848,7049,1287,758,7041,2319
1753329126824247945,0,959,1047,3849,7049,1304,758,7041,2370
1753329126826250743,0,959,1048,3850,7049,1352,758,7041,2425
1753329126828271144,0,959,1049,3850,7049,1310,758,7041,2375
1753329126830240046,0,959,998,3851,7049,1249,758,7041,2376
1753329126832262966,0,959,1046,3852,7049,1307,758,7041,2377
1753329126834241745,0,959,1098,3853,7049,1734,758,7042,2393
1753329126836246879,0,959,1051,3854,7049,1340,758,7042,2380
1753329126838235819,0,959,890,3855,7049,1167,758,7042,2297
1753329126840248046,0,959,1041,3856,7049,1328,758,7042,2376
1753329126842242708,0,959,1202,3856,7049,1154,758,7042,2460
1753329126844259613,0,959,1054,3857,7049,1316,758,7042,2383
1753329126846241676,0,959,1055,3858,7049,1267,758,7042,2437
1753329126848239969,0,959,1056,3859,7049,1315,758,7042,2389
1753329126850258785,0,959,1006,3859,7049,1321,758,7043,2304
1753329126852274706,0,959,1053,3861,7049,1318,758,7043,2385
1753329126854262412,0,959,1105,3861,7049,1343,758,7043,2448
1753329126856250975,0,959,1058,3862,7049,1322,758,7043,2390
1753329126858237667,0,959,971,3863,7049,1352,758,7043,2360
1753329126860276706,0,959,1052,3864,7049,1326,758,7044,2390
1753329126862268343,0,959,1171,3864,7049,1413,758,7044,2421
1753329126864253723,0,959,1062,3865,7049,1335,758,7044,2393
1753329126866261979,0,959,982,3866,7049,1214,758,7044,2394
1753329126868249058,0,959,1057,3867,7049,1328,758,7044,2395
1753329126870340256,0,959,1058,3868,7049,1329,758,7044,2396
1753329126872245818,0,959,1144,3868,7049,1268,758,7045,2366
1753329126874350320,0,959,1065,3869,7049,1326,758,7045,2395
1753329126876252406,0,959,1059,3870,7049,1369,758,7045,2449
1753329126878393076,0,959,1066,3871,7049,1332,758,7045,2401
1753329126880233347,0,959,1066,3871,7049,1333,758,7046,2379
1753329126882331373,0,959,1067,3872,7049,1334,758,7046,2401
1753329126884300887,0,959,1249,3873,7049,1354,758,7046,2423
1753329126886367124,0,959,1081,3874,7049,1339,758,7046,2404
1753329126888290916,0,959,1231,3875,7049,1319,758,7046,2405
1753329126890302640,0,959,1094,3876,7049,1340,758,7047,2406
1753329126892280454,0,959,734,3877,7049,1273,758,7047,2407
1753329126894284275,0,959,1069,3878,7049,1338,758,7047,2408
1753329126896265144,0,959,1070,3879,7049,1213,758,7047,2409
1753329126898210971,0,959,1071,3880,7049,1332,758,7047,2410
1753329126900207736,0,959,1101,3881,7049,1427,758,7047,2445
1753329126902224302,0,959,1074,3881,7049,1342,758,7047,2414
1753329126904203566,0,959,1081,3883,7049,1343,758,7047,2361
1753329126906259587,0,959,1077,3884,7049,1344,758,7047,2413
1753329126908229444,0,959,1042,3884,7049,1337,758,7048,2435
1753329126910215196,0,959,1076,3886,7049,1345,758,7048,2416
1753329126912198588,0,959,1107,3887,7049,1298,758,7048,2451
1753329126914245637,0,959,1080,3888,7049,1343,758,7048,2421
1753329126916239940,0,959,1000,3889,7049,1386,758,7049,2367
1753329126918202517,0,959,1076,3890,7049,1348,758,7049,2419
1753329126920215620,0,959,966,3891,7049,1353,758,7049,2442
1753329126922204379,0,959,1070,3892,7049,1350,758,7049,2423
1753329126924306177,0,959,1234,3893,7049,1318,758,7050,2424
1753329126926286786,0,959,1085,3894,7049,1348,758,7050,2425
1753329126928296723,0,959,1086,3895,7049,996,758,7050,2404
1753329126930239986,0,959,1087,3896,7049,1323,758,7050,2425
1753329126932306594,0,959,1000,3898,7049,1721,758,7051,2449
1753329126934267685,0,959,1081,3899,7049,1353,758,7051,2430
1753329126936270218,0,959,1119,3899,7049,1387,758,7051,2430
1753329126938259843,0,959,1086,3901,7049,1357,758,7051,2432
1753329126940284823,0,959,1086,3902,7049,1387,758,7051,2411
1753329126942253762,0,959,1087,3903,7049,1360,758,7052,2432
1753329126944282020,0,959,1050,3904,7049,1357,758,7052,2402
1753329126946257836,0,959,1084,3905,7049,1361,758,7052,2432
1753329126948303865,0,959,1297,3906,7049,1366,758,7052,2587
1753329126950334017,0,959,1100,3907,7049,1362,758,7052,2445
1753329126952360586,0,959,1100,3909,7049,1364,758,7053,2448
1753329126954254386,0,959,1011,3909,7049,1390,758,7053,2293
1753329126956352479,0,959,1093,3912,7049,1368,758,7053,2439
1753329126958257953,0,959,1088,3912,7049,1351,758,7053,2439
1753329126960401765,0,959,1094,3914,7049,1368,758,7053,2441
1753329126962256338,0,959,971,3915,7049,1394,758,7054,2427
1753329126964295550,0,959,1085,3916,7049,1372,758,7054,2442
1753329126966278327,0,959,1539,3917,7049,1072,758,7054,2389
1753329126968279251,0,959,1119,3918,7049,1351,758,7054,2440
1753329126970262266,0,959,810,3919,7049,1570,758,7054,2511
1753329126972327285,0,959,1097,3920,7049,1369,758,7055,2447
1753329126974344314,0,959,1097,3921,7049,1346,758,7055,2416
1753329126976323461,0,959,1098,3922,7049,1370,758,7055,2447
1753329126978242653,0,959,1098,3923,7049,1185,758,7055,2410
1753329126980266325,0,959,1099,3924,7049,1358,758,7056,2446
1753329126982240825,0,959,1084,3925,7049,1496,758,7056,2447
1753329126984275141,0,959,1100,3926,7049,1370,758,7056,2448
1753329126986281824,0,959,1065,3927,7049,1257,758,7056,2449
1753329126988307816,0,959,1099,3928,7049,1362,758,7057,2450
1753329126990280091,0,959,1136,3928,7049,1391,758,7057,2572
1753329126992304255,0,959,1103,3929,7049,1366,758,7057,2460
1753329126994278191,0,959,1104,3930,7049,1355,758,7057,2338
1753329126996267348,0,959,1105,3930,7049,1366,758,7057,2452
1753329126998221259,0,959,1106,3931,7049,1395,758,7058,2453
1753329127000264747,0,959,1107,3932,7049,1369,758,7058,2454
1753329127002223009,0,959,1107,3932,7049,1326,758,7058,2416
1753329127004247472,0,959,1108,3933,7049,1366,758,7058,2452
1753329127006249666,0,959,1124,3934,7049,1379,758,7059,2544
1753329127008234223,0,959,1111,3934,7049,1368,758,7059,2460
1753329127010213978,0,959,1010,3935,7049,1374,758,7059,2461
1753329127012241581,0,959,1105,3936,7049,1368,758,7059,2462
1753329127014225090,0,959,1208,3937,7049,1334,758,7060,2463
1753329127016220558,0,959,1115,3938,7049,1365,758,7060,2464
1753329127018217824,0,959,1593,3939,7049,2260,758,7060,2480
1753329127020215000,0,959,1153,3940,7049,1432,758,7060,2467
1753329127022180217,0,959,677,3941,7049,655,758,7060,2468
1753329127024155658,0,959,1119,3941,7049,1375,758,7060,2468
1753329127026201882,0,959,1120,3942,7049,1415,758,7061,2469
1753329127028227046,0,959,1121,3942,7049,1377,758,7061,2469
1753329127030212467,0,959,1240,3943,7049,1371,758,7061,2438
1753329127032253695,0,959,1131,3944,7049,1377,758,7062,2468
1753329127034201276,0,959,993,3945,7049,1078,758,7062,2469
1753329127036202463,0,959,1123,3946,7049,1356,758,7062,2470
1753329127038217993,0,959,1124,3947,7049,1355,758,7062,2471
1753329127040209236,0,959,1146,3948,7049,1747,758,7062,2504
1753329127042170219,0,959,1128,3949,7049,1384,758,7062,2476
1753329127044197119,0,959,1129,3950,7049,1396,758,7063,2477
1753329127046193006,0,959,1130,3950,7049,1386,758,7063,2477
1753329127048186491,0,959,1154,3952,7049,1396,758,7063,2479
1753329127050194099,0,959,1134,3952,7049,1388,758,7063,2479
1753329127052208939,0,959,1096,3953,7049,1358,758,7064,2464
1753329127054188996,0,959,1133,3954,7049,1386,758,7064,2480
1753329127056202029,0,959,1134,3955,7049,1486,758,7064,2496
1753329127058203840,0,959,1135,3956,7049,1394,758,7065,2483
1753329127060236310,0,959,1136,3957,7049,1374,758,7065,2452
1753329127062205669,0,959,1137,3958,7049,1393,758,7065,2482
1753329127064208591,0,959,1132,3959,7049,1429,758,7065,2500
1753329127066193301,0,959,1138,3960,7049,1396,758,7066,2486
1753329127068204484,0,959,1139,3961,7049,1422,758,7066,2487
1753329127070221051,0,959,1140,3962,7049,1398,758,7066,2488
1753329127072249899,0,959,1141,3962,7049,1398,758,7066,2488
1753329127074287916,0,959,1142,3963,7049,1398,758,7066,2489
1753329127076285676,0,959,1143,3965,7049,1485,758,7067,2474
1753329127078316382,0,959,1144,3966,7049,1404,758,7067,2490
1753329127080256836,0,959,1272,3967,7049,1248,758,7067,2523
1753329127082216037,0,959,1156,3968,7049,1394,758,7067,2495
1753329127084207159,0,959,1030,3969,7049,1533,758,7068,2464
1753329127086208793,0,959,1149,3970,7049,1406,758,7068,2494
1753329127088217120,0,959,1150,3970,7049,1450,758,7068,2511
1753329127090223846,0,959,1151,3972,7049,1412,758,7068,2498
1753329127092261466,0,959,1123,3972,7049,1413,758,7068,2498
1753329127094258755,0,959,1151,3973,7049,1415,758,7069,2499
1753329127096268078,0,959,1181,3974,7049,1271,758,7069,2500
1753329127098241403,0,959,1155,3974,7049,1407,758,7069,2500
1753329127100225743,0,959,1127,3976,7049,1535,758,7070,2502
1753329127102214165,0,959,1154,3977,7049,1419,758,7070,2503
1753329127104225216,0,959,1104,3978,7049,1421,758,7070,2572
1753329127106233846,0,959,1153,3979,7049,1422,758,7070,2510
1753329127108247534,0,959,1117,3979,7049,1424,758,7071,2457
1753329127110229671,0,959,1152,3980,7049,1426,758,7071,2507
1753329127112202625,0,959,1241,3981,7049,1352,758,7071,2492
1753329127114207291,0,959,1160,3982,7049,1424,758,7071,2508
1753329127116221713,0,959,1110,3983,7049,1450,758,7072,2509
1753329127118230912,0,959,1158,3984,7049,1429,758,7072,2510
1753329127120248417,0,959,1048,3985,7049,1197,758,7072,2494
1753329127122246820,0,959,1151,3986,7049,1415,758,7072,2510
1753329127124229819,0,959,1263,3987,7049,1650,758,7073,2528
1753329127126269237,0,959,1161,3988,7049,1437,758,7073,2514
1753329127128227118,0,959,1161,3989,7049,1439,758,7073,2515
1753329127130270805,0,959,1162,3990,7049,1288,758,7073,2461
1753329127132299278,0,959,1162,3991,7049,1432,758,7074,2512
1753329127134297170,0,959,1244,3992,7049,1439,758,7074,2568
1753329127136289797,0,959,1169,3993,7049,1435,758,7074,2519
1753329127138338458,0,959,1140,3994,7049,1454,758,7074,2503
1753329127140312000,0,959,1167,3994,7049,1439,758,7074,2518
1753329127142245295,0,959,1168,3995,7049,1355,758,7075,2519
1753329127144272920,0,959,1168,3996,7049,1436,758,7075,2520
1753329127146224479,0,959,1168,3997,7049,1530,758,7075,2538
1753329127148267979,0,959,1168,3998,7049,1447,758,7075,2523
1753329127150256750,0,959,1203,3999,7049,1338,758,7075,2540
1753329127152271336,0,959,1172,4000,7049,1441,758,7075,2527
1753329127154258911,0,959,1166,4001,7049,1485,758,7076,2528
1753329127156276733,0,959,1172,4002,7049,1447,758,7076,2529
1753329127158225072,0,959,1178,4002,7049,1407,758,7076,2560
1753329127160264496,0,959,1174,4003,7049,1447,758,7076,2532
1753329127162254110,0,959,1174,4004,7049,1407,758,7077,2487
1753329127164319598,0,959,1175,4005,7049,1447,758,7077,2531
1753329127166324567,0,959,1169,4006,7049,1355,758,7077,2531
1753329127168272980,0,959,1175,4007,7049,1442,758,7077,2532
1753329127170329309,0,959,1198,4008,7049,1660,758,7078,2635
1753329127172267637,0,959,1178,4009,7049,1461,758,7078,2542
1753329127174275679,0,959,1163,4010,7049,1245,758,7078,2510
1753329127176289100,0,959,1179,4011,7049,1446,758,7079,2542
1753329127178286057,0,959,1180,4012,7049,1447,758,7079,2543
1753329127180234707,0,959,1181,4013,7049,1447,758,7079,2544
1753329127182324761,0,959,1175,4014,7049,1433,758,7079,2578
1753329127184339976,0,959,1181,4015,7049,1448,758,7079,2548
1753329127186337696,0,959,1204,4016,7049,1471,758,7080,2379
1753329127188364188,0,959,1185,4017,7049,1451,758,7080,2538
1753329127190311006,0,959,1186,4018,7049,1451,758,7080,2709
1753329127192408113,0,959,1187,4019,7049,1452,758,7080,2552
1753329127194223581,0,959,1172,4019,7049,1452,758,7081,2466
1753329127196202071,0,959,1187,4020,7049,1453,758,7081,2547
1753329127198198969,0,959,1182,4021,7049,1470,758,7081,2601
1753329127200188092,0,959,1189,4022,7049,1454,758,7082,2553
1753329127202176597,0,959,1160,4023,7049,1422,758,7082,2554
1753329127204176091,0,959,1188,4023,7049,1451,758,7082,2554
1753329127206188310,0,959,1027,4025,7049,1637,758,7082,2657
1753329127208187054,0,959,1178,4025,7049,1466,758,7083,2564
1753329127210230916,0,959,1179,4026,7049,1466,758,7083,2565
1753329127212187966,0,959,1378,4027,7049,1220,758,7083,2510
1753329127214180944,0,959,1196,4028,7049,1449,758,7083,2563
1753329127216195934,0,959,1235,4029,7049,1711,758,7083,2564
1753329127218201451,0,959,1200,4030,7049,1468,758,7084,2565
1753329127220174687,0,959,1162,4031,7049,1454,758,7084,2597
1753329127222193180,0,959,1199,4032,7049,1468,758,7084,2569
1753329127224182545,0,959,1200,4033,7049,1564,758,7084,2538
1753329127226217274,0,959,1201,4035,7049,1476,758,7085,2570
1753329127228180715,0,959,1196,4035,7049,1417,758,7085,2570
1753329127230209038,0,959,1202,4037,7049,1473,758,7085,2572
1753329127232341410,0,959,1224,4038,7049,1464,758,7085,2605
1753329127234253422,0,959,1205,4039,7049,1474,758,7086,2576
1753329127236230145,0,959,1184,4040,7049,1485,758,7086,2577
1753329127238205240,0,959,1204,4042,7049,1476,758,7086,2579
1753329127240263393,0,959,1205,4044,7049,1476,758,7087,2605
1753329127242216877,0,959,1206,4045,7049,1478,758,7086,2584
1753329127244185732,0,959,1206,4046,7049,1464,758,7087,2517
1753329127246178378,0,959,1207,4048,7049,1479,758,7087,2582
1753329127248172016,0,959,1212,4049,7049,1622,758,7088,2583
1753329127250233252,0,959,1208,4051,7049,1492,758,7088,2585
1753329127252212945,0,959,1204,4053,7049,1357,758,7088,2532
1753329127254204807,0,959,1210,4053,7049,1484,758,7088,2583
1753329127256225352,0,959,1210,4055,7049,1419,758,7089,2585
1753329127258195482,0,959,1211,4056,7049,1481,758,7089,2586
1753329127260226607,0,959,1233,4058,7049,1538,758,7089,2588
1753329127262264193,0,959,1214,4059,7049,1488,758,7089,2589
1753329127264303776,0,959,1200,4061,7049,1489,758,7089,2591
1753329127266268652,0,959,1215,4062,7049,1490,758,7089,2592
1753329127268226887,0,959,1210,4063,7049,1613,758,7090,2563
1753329127270219336,0,959,1216,4065,7049,1501,758,7090,2593
1753329127272218306,0,959,1312,4066,7049,1170,758,7090,2594
1753329127274243258,0,959,1225,4068,7049,1478,758,7090,2596
1753329127276232269,0,959,1137,4068,7049,1675,758,7091,2596
1753329127278256785,0,959,1220,4070,7049,1495,758,7091,2598
1753329127280327366,0,959,1563,4070,7049,1481,758,7091,2583
1753329127282280024,0,959,1248,4071,7049,1496,758,7092,2598
1753329127284350535,0,959,901,4073,7049,1498,758,7092,2600
1753329127286265181,0,959,1223,4074,7049,1499,758,7092,2601
1753329127288340421,0,959,1231,4075,7049,1405,758,7092,2585
1753329127290274763,0,959,1226,4076,7049,1494,758,7092,2602
1753329127292326387,0,959,1190,4078,7049,1483,758,7093,2566
1753329127294400451,0,959,1225,4079,7049,1495,758,7093,2602
1753329127296397062,0,959,1226,4080,7049,1495,758,7093,2603
1753329127298318022,0,959,1257,4081,7049,1564,758,7093,2604
1753329127300381322,0,959,1230,4082,7049,1502,758,7094,2605
1753329127302290351,0,959,1231,4083,7049,1450,758,7094,2643
1753329127304313732,0,959,1232,4084,7049,1498,758,7094,2610
1753329127306252622,0,959,1239,4085,7049,1489,758,7095,2573
1753329127308235763,0,959,1235,4086,7049,1499,758,7095,2609
1753329127310253837,0,959,1231,4087,7049,1514,758,7095,2647
1753329127312251540,0,959,1237,4088,7049,1501,758,7095,2614
1753329127314239682,0,959,1260,4089,7049,2386,758,7096,2577
1753329127316252634,0,959,1240,4090,7049,1568,758,7096,2613
1753329127318253189,0,959,1220,4091,7049,804,758,7096,2651
1753329127320315998,0,959,1240,4093,7049,1511,758,7096,2619
1753329127322249642,0,959,1241,4093,7049,1497,758,7096,2619
1753329127324304505,0,959,1242,4095,7049,1512,758,7097,2620
1753329127326250175,0,959,1265,4095,7049,1528,758,7097,2637
1753329127328258083,0,959,1246,4096,7049,1514,758,7097,2623
1753329127330261760,0,959,1226,4097,7049,1566,758,7097,2670
1753329127332342163,0,959,1247,4098,7049,1519,758,7098,2628
1753329127334237571,0,959,1269,4099,7049,1505,758,7098,2566
1753329127336331125,0,959,1250,4100,7049,1519,758,7098,2626
1753329127338251908,0,959,1230,4101,7049,1540,758,7098,2689
1753329127340263246,0,959,1252,4102,7049,1523,758,7099,2632
1753329127342250180,0,959,1257,4102,7049,1544,758,7099,2654
1753329127344245983,0,959,1253,4103,7049,1526,758,7099,2635
1753329127346240587,0,959,1255,4104,7049,1529,758,7100,2682
1753329127348246315,0,959,1256,4105,7049,1528,758,7100,2640
1753329127350249522,0,959,1257,4106,7049,1575,758,7100,2641
1753329127352263994,0,959,1258,4107,7049,1534,758,7100,2642
1753329127354285495,0,959,1253,4108,7049,1489,758,7101,2206
1753329127356265229,0,959,1260,4109,7049,1533,758,7101,2612
1753329127358268288,0,959,1117,4111,7049,1533,758,7101,3083
1753329127360259350,0,959,1252,4112,7049,1536,758,7102,2650
1753329127362257970,0,959,1367,4113,7049,1547,758,7102,2619
1753329127364225045,0,959,1262,4114,7049,1539,758,7102,2649
1753329127366220529,0,959,1263,4115,7049,1466,758,7102,2650
1753329127368245164,0,959,1264,4117,7049,1537,758,7102,2652
1753329127370223105,0,959,1295,4118,7049,1598,758,7103,2709
1753329127372217361,0,959,1269,4119,7049,1543,758,7103,2659
1753329127374215772,0,959,1240,4120,7049,1463,758,7103,2605
1753329127376269774,0,959,1268,4122,7049,1540,758,7103,2658
1753329127378286721,0,959,1269,4123,7049,1570,758,7103,2646
1753329127380229283,0,959,1270,4124,7049,1545,758,7105,2659
1753329127382317629,0,959,1270,4126,7049,1547,758,7105,2661
1753329127384290505,0,959,1301,4127,7049,1357,758,7105,2662
1753329127386251250,0,959,1275,4128,7049,1535,758,7105,2663
1753329127388300323,0,959,1195,4130,7049,1701,758,7106,2678
1753329127390278103,0,959,1271,4131,7049,1550,758,7106,2667
1753329127392285509,0,959,1352,4133,7049,1531,758,7106,2623
1753329127394280379,0,959,1279,4134,7049,1552,758,7106,2667
1753329127396335880,0,959,1279,4136,7049,1558,758,7107,2669
1753329127398311075,0,959,1280,4137,7049,1554,758,7107,2670
1753329127400331710,0,959,1281,4138,7049,1531,758,7107,2602
1753329127402299458,0,959,1282,4140,7049,1555,758,7107,2668
1753329127404276471,0,959,1253,4142,7049,1517,758,7108,2685
1753329127406259493,0,959,1281,4143,7049,1555,758,7108,2672
1753329127408259368,0,959,1282,4144,7049,1511,758,7108,2657
1753329127410223721,0,959,1283,4145,7049,1554,758,7108,2673
1753329127412251564,0,959,1315,4147,7049,1579,758,7109,2675
1753329127414264357,0,959,1288,4148,7049,1559,758,7109,2676
1753329127416236167,0,959,1289,4149,7049,1491,758,7109,2660
1753329127418226885,0,959,1291,4150,7049,1555,758,7109,2676
1753329127420227203,0,959,1262,4152,7049,1624,758,7110,2641
1753329127422261618,0,959,1291,4153,7049,1561,758,7110,2676
1753329127424293134,0,959,1292,4154,7049,1488,758,7110,2677
1753329127426270207,0,959,1292,4155,7049,1558,758,7110,2678
1753329127428290253,0,959,1132,4157,7049,1541,758,7110,2614
1753329127430269543,0,959,1282,4158,7049,1558,758,7111,2676
1753329127432293095,0,959,1444,4159,7049,1628,758,7111,2744
1753329127434260305,0,959,1296,4160,7049,1564,758,7111,2683
1753329127436290348,0,959,1297,4161,7049,1513,758,7112,2632
1753329127438262544,0,959,1298,4162,7049,1561,758,7112,2681
1753329127440288271,0,959,1335,4163,7049,1661,758,7112,2720
1753329127442271576,0,959,1302,4164,7049,1570,758,7112,2686
1753329127444295656,0,959,1297,4164,7049,1524,758,7113,2700
1753329127446320849,0,959,1304,4165,7049,1567,758,7113,2688
1753329127448352145,0,959,1399,4166,7049,1535,758,7113,2637
1753329127450253119,0,959,1313,4167,7049,1566,758,7114,2686
1753329127452280714,0,959,1240,4168,7049,1651,758,7114,2725
1753329127454271221,0,959,1309,4168,7049,1572,758,7114,2690
1753329127456294241,0,959,1295,4169,7049,1546,759,7114,2691
1753329127458291575,0,959,1310,4170,7049,1571,758,7114,2692
1753329127460244304,0,959,1306,4171,7049,1597,758,7115,2745
1753329127462248216,0,959,1312,4172,7049,1573,758,7115,2698
1753329127464273580,0,959,1318,4173,7049,1574,758,7115,2661
1753329127466258960,0,959,1314,4173,7049,1574,758,7116,2696
1753329127468264479,0,959,1316,4174,7049,1575,758,7116,2697
1753329127470298102,0,959,1317,4174,7049,1669,758,7116,2751
1753329127472326649,0,959,1318,4175,7049,1583,758,7116,2702
1753329127474264937,0,959,1335,4176,7049,1562,758,7117,2686
1753329127476350094,0,959,1322,4177,7049,1582,758,7117,2703
1753329127478280872,0,959,1323,4177,7049,1585,758,7117,2703
1753329127480290262,0,959,1324,4178,7049,1584,758,7117,2704
1753329127482281443,0,959,1347,4179,7049,1525,758,7117,2721
1753329127484313937,0,959,1327,4180,7049,1581,758,7118,2707
1753329127486290534,0,959,1254,4180,7049,1618,758,7118,2722
1753329127488323706,0,959,1324,4181,7049,1585,758,7118,2709
1753329127490231711,0,959,1356,4182,7049,1485,758,7118,2710
1753329127492229504,0,959,1329,4183,7049,1579,758,7118,2711
1753329127494261387,0,959,1469,4184,7049,1362,758,7119,2628
1753329127496258427,0,959,1341,4185,7049,1565,758,7119,2707
1753329127498277842,0,959,1011,4186,7049,1907,758,7119,2776
1753329127500282751,0,959,1319,4186,7049,1591,758,7120,2713
1753329127502248449,0,959,1512,4187,7049,1569,758,7120,2714
1753329127504295009,0,959,1336,4188,7049,1591,758,7120,2715
1753329127506289227,0,959,1343,4189,7049,1353,758,7120,2699
1753329127508228678,0,959,1339,4190,7049,1574,758,7120,2715
1753329127510263202,0,959,1378,4191,7049,1791,758,7121,2679
1753329127512226718,0,959,1343,4192,7049,1591,758,7121,2715
1753329127514236097,0,959,1307,4193,7049,1606,758,7121,2770
1753329127516279276,0,959,1344,4193,7049,1593,758,7122,2720
1753329127518226123,0,959,1221,4194,7049,1555,758,7122,2704
1753329127520343288,0,959,1337,4195,7049,1591,758,7122,2720
1753329127522325727,0,959,1456,4196,7049,1516,758,7122,2684
1753329127524337707,0,959,1348,4197,7049,1586,758,7123,2720
1753329127526291911,0,959,1319,4198,7049,1711,758,7123,2790
1753329127528266300,0,959,1348,4199,7049,1595,758,7123,2727
1753329127530235734,0,959,1262,4199,7049,1639,758,7123,2727
1753329127532211893,0,959,1344,4200,7049,1597,758,7124,2728
1753329127534206289,0,959,1382,4201,7049,1671,758,7124,2729
1753329127536188187,0,959,1349,4202,7049,1603,758,7124,2730
1753329127538242542,0,959,1349,4202,7049,1480,758,7124,2623
1753329127540172720,0,959,1351,4203,7049,1594,758,7125,2723
1753329127542184123,0,959,1315,4204,7049,1769,758,7125,2831
1753329127544189082,0,959,1350,4205,7049,1607,758,7125,2733
1753329127546186068,0,959,1350,4206,7049,1608,758,7126,2765
1753329127548198121,0,959,1351,4207,7049,1608,758,7126,2737
1753329127550212043,0,959,1388,4208,7049,1648,758,7126,2760
1753329127552242664,0,959,1355,4209,7049,1611,758,7126,2741
1753329127554253582,0,959,1356,4210,7049,1612,758,7127,2742
1753329127556250646,0,959,1293,4210,7049,1611,758,7127,2820
1753329127558419694,0,959,1352,4211,7049,1613,758,7127,2749
1753329127560274602,0,959,1415,4212,7049,1668,758,7127,2672
1753329127562199296,0,959,1358,4213,7049,1620,758,7127,2745
1753329127564228194,0,959,1359,4214,7049,1621,758,7128,2779
1753329127566276884,0,959,1359,4215,7049,1622,758,7128,2749
1753329127568221493,0,959,1323,4216,7049,1561,758,7128,2717
1753329127570264068,0,959,1357,4217,7049,1620,758,7129,2749
1753329127572216493,0,959,1358,4218,7049,1593,758,7129,2728
1753329127574252587,0,959,1359,4219,7049,1621,758,7129,2749
1753329127576210188,0,959,1359,4221,7049,1644,758,7130,2751
1753329127578139133,0,959,1360,4222,7049,1626,758,7130,2752
1753329127580159437,0,959,1361,4223,7049,1606,758,7130,2707
1753329127582151974,0,959,1362,4224,7049,1628,758,7130,2751
1753329127584167303,0,959,1363,4226,7049,1541,758,7131,2768
1753329127586179995,0,959,1363,4227,7049,1625,758,7131,2755
1753329127588241128,0,959,1363,4228,7049,1626,758,7131,2741
1753329127590253611,0,959,1364,4229,7049,1628,758,7131,2756
1753329127592279032,0,959,1289,4230,7049,1567,758,7132,2688
1753329127594278610,0,959,1359,4231,7049,1627,758,7132,2753
1753329127596280887,0,959,1434,4232,7049,1584,758,7132,2768
1753329127598320942,0,959,1365,4233,7049,1626,758,7132,2756
1753329127600302047,0,959,1366,4234,7049,1623,758,7132,2742
1753329127602318981,0,959,1367,4235,7049,1629,758,7132,2757
1753329127604276625,0,959,1367,4235,7049,1631,758,7133,2757
1753329127606252329,0,959,1368,4236,7049,1632,758,7133,2758
1753329127608257137,0,959,1363,4237,7049,1484,758,7133,2811
1753329127610225502,0,959,1369,4238,7049,1625,758,7133,2763
1753329127612254514,0,959,1412,4239,7049,1656,758,7133,2895
1753329127614229618,0,959,1373,4240,7049,1629,758,7134,2775
1753329127616311749,0,959,1374,4241,7049,1601,758,7134,2593
1753329127618266130,0,959,1375,4242,7049,1628,758,7134,2764
1753329127620218963,0,959,1375,4242,7049,1649,758,7135,2778
1753329127622199769,0,959,1376,4243,7049,1632,758,7135,2766
1753329127624211476,0,959,1427,4244,7049,1521,758,7135,2804
1753329127626244075,0,959,1381,4244,7049,1625,758,7135,2769
1753329127628286521,0,959,1294,4245,7049,1638,758,7136,2733
1753329127630253520,0,959,1375,4247,7049,1627,758,7136,2770
1753329127632251075,0,959,1413,4247,7049,2015,758,7136,2770
1753329127634221112,0,959,1379,4248,7049,1657,758,7136,2771
1753329127636227798,0,959,1380,4249,7049,1657,758,7137,2772
1753329127638203198,0,959,1338,4250,7049,1263,758,7137,2772
1753329127640239301,0,959,1378,4251,7049,1628,758,7137,2773
1753329127642216184,0,959,1472,4252,7049,1720,758,7138,2774
1753329127644255025,0,959,1386,4253,7049,1635,758,7138,2775
1753329127646233910,0,959,1387,4255,7049,1605,758,7138,2725
1753329127648301180,0,959,1388,4255,7049,1633,758,7138,2773
1753329127650282149,0,959,1389,4257,7049,1648,758,7138,2827
1753329127652270835,0,959,1389,4257,7049,1634,758,7139,2779
1753329127654216451,0,959,1390,4258,7049,1579,758,7139,2818
1753329127656200001,0,959,1391,4259,7049,1631,758,7139,2784
1753329127658287006,0,959,1427,4260,7049,1722,758,7139,2733
1753329127660191126,0,959,1395,4261,7049,1638,758,7140,2782
1753329127662174137,0,959,1390,4261,7049,1648,758,7140,2782
1753329127664255621,0,959,1397,4262,7049,1640,758,7140,2783
1753329127666222651,0,959,1368,4263,7049,1677,758,7140,2784
1753329127668268917,0,959,1395,4263,7049,1644,758,7141,2784
1753329127670280789,0,959,1426,4263,7049,1596,758,7141,2784
1753329127672261809,0,959,1399,4264,7049,1640,758,7141,2785
1753329127674302681,0,959,1400,4264,7049,1681,758,7142,2837
1753329127676270731,0,959,1401,4265,7049,1643,758,7142,2790
1753329127678308017,0,959,1402,4266,7049,1605,758,7142,2791
1753329127680267708,0,959,1402,4266,7049,1640,758,7142,2791
1753329127682208474,0,959,1403,4267,7049,1704,758,7142,2792
1753329127684195178,0,959,1404,4268,7049,1645,758,7143,2793
1753329127686193807,0,959,1410,4268,7049,1625,758,7143,2825
1753329127688200558,0,959,1406,4269,7049,1644,758,7143,2796
1753329127690193207,0,959,1406,4270,7049,1667,758,7143,2939
1753329127692266792,0,959,1407,4270,7049,1646,758,7144,2808
1753329127694245690,0,959,1404,4271,7049,1701,758,7144,2667
1753329127696232866,0,959,1409,4271,7049,1650,758,7144,2798
1753329127698207845,0,959,1292,4272,7049,1672,758,7145,2784
1753329127700189574,0,959,1402,4273,7049,1652,758,7145,2799
1753329127702205590,0,959,1521,4274,7049,1664,758,7145,2816
1753329127704198834,0,959,1413,4274,7049,1653,758,7145,2801
1753329127706200568,0,959,1333,4275,7049,1781,758,7145,2802
1753329127708266637,0,959,1409,4276,7049,1664,758,7146,2803
1753329127710220968,0,959,1461,4277,7049,1568,758,7146,2804
1753329127712280039,0,959,1414,4278,7049,1658,758,7146,2805
1753329127714203889,0,959,1415,4279,7049,1669,758,7146,2806
1753329127716218807,0,959,1416,4280,7049,1659,758,7147,2807
1753329127718202809,0,959,1417,4281,7049,1660,758,7147,2808
1753329127720198167,0,959,1418,4282,7049,1662,758,7147,2809
1753329127722273097,0,959,1419,4283,7049,1663,758,7147,2810
1753329127724235025,0,959,1420,4284,7049,1623,758,7147,2779
1753329127726224311,0,959,1421,4284,7049,1661,758,7148,2809
1753329127728214835,0,959,1422,4286,7049,1673,758,7148,2827
1753329127730300352,0,959,1422,4286,7049,1665,758,7148,2812
1753329127732206007,0,959,1372,4287,7049,1721,758,7148,2813
1753329127734236355,0,959,1421,4288,7049,1671,758,7149,2814
1753329127736233748,0,959,1421,4289,7049,1684,758,7149,2799
1753329127738245636,0,959,1422,4290,7049,1674,758,7149,2815
1753329127740227060,0,959,1423,4291,7049,1613,758,7149,2816
1753329127742310107,0,959,1424,4292,7049,1672,758,7150,2817
1753329127744264500,0,959,1388,4293,7049,1653,758,7150,2780
1753329127746314134,0,959,1423,4294,7049,1672,758,7150,2816
1753329127748223098,0,959,1541,4295,7049,1638,758,7151,2817
1753329127750204492,0,959,1433,4296,7049,1672,758,7151,2818
1753329127752199695,0,959,1353,4297,7049,1673,758,7151,2819
1753329127754192683,0,959,1429,4298,7049,1674,758,7151,2820
1753329127756179132,0,959,1319,4298,7049,1675,758,7152,2805
1753329127758159359,0,959,1421,4299,7049,1676,758,7152,2820
1753329127760157086,0,959,1614,4300,7049,1537,758,7152,3059
1753329127762153827,0,959,1437,4301,7049,1667,758,7152,2840
1753329127764165882,0,959,1295,4302,7049,1732,758,7153,2602
1753329127766151704,0,959,1429,4302,7049,1674,758,7153,2823
1753329127768147598,0,959,1429,4303,7049,1623,758,7153,2786
1753329127770160902,0,959,1430,4304,7049,1672,758,7154,2822
1753329127772160320,0,959,1457,4305,7049,1673,758,7154,2838
1753329127774176088,0,959,1432,4305,7049,1674,758,7154,2824
1753329127776203689,0,959,1407,4306,7049,1675,758,7154,2825
1753329127778174254,0,959,1432,4307,7049,1676,758,7154,2826
1753329127780164612,0,959,1432,4308,7049,1686,758,7155,2864
1753329127782161303,0,959,1433,4308,7049,1677,758,7155,2830
1753329127784167927,0,959,1497,4309,7049,1668,758,7155,2779
1753329127786169843,0,959,1439,4310,7049,1678,758,7156,2828
1753329127788199337,0,959,1377,4311,7049,1800,758,7156,2866
1753329127790152143,0,959,1435,4311,7049,1687,758,7156,2831
1753329127792159159,0,959,1499,4312,7049,1556,758,7156,2847
1753329127794165115,0,959,1442,4313,7049,1678,758,7156,2834
1753329127796194607,0,959,1405,4314,7049,1676,758,7157,2769
1753329127798194912,0,959,1440,4314,7049,1678,758,7157,2830
1753329127800218512,0,959,1441,4315,7049,1734,758,7157,2898
1753329127802186571,0,959,1441,4316,7049,1683,758,7157,2837
1753329127804197114,0,959,1479,4316,7049,1683,758,7158,2837
1753329127806196652,0,959,1446,4317,7049,1683,758,7158,2838
1753329127808349293,0,960,1446,4318,7049,1683,758,7158,2839
1753329127810220022,0,959,1497,4318,7049,1704,758,7159,2893
1753329127812219808,0,959,1450,4320,7049,1685,758,7159,2845
1753329127814206379,0,959,1400,4320,7049,1509,758,7159,2829
1753329127816296414,0,959,1448,4320,7049,1671,758,7159,2844
1753329127818225402,0,959,1412,4321,7049,2268,758,7159,2862
1753329127820353115,0,959,1446,4322,7049,1716,758,7160,2847
1753329127822240184,0,959,1535,4322,7049,1311,758,7160,2831
1753329127824252901,0,959,1453,4323,7049,1687,758,7160,2847
1753329127826242996,0,959,1403,4324,7049,1703,758,7160,2848
1753329127828330571,0,959,1451,4324,7049,1688,758,7160,2848
1753329127830243724,0,959,1452,4325,7049,1844,758,7160,2849
1753329127832256938,0,959,1451,4326,7049,1700,758,7161,2850
1753329127834246993,0,959,1503,4327,7049,1563,758,7161,2868
1753329127836301955,0,959,1457,4327,7049,1690,758,7161,2852
1753329127838245390,0,959,1406,4328,7049,1723,758,7161,2837
1753329127840353047,0,959,1454,4329,7049,1693,758,7162,2853
1753329127842234704,0,959,1343,4330,7049,1693,758,7162,2939
1753329127844497525,0,959,1447,4331,7049,1694,758,7162,2861
1753329127846231562,0,959,1559,4332,7049,1831,758,7162,2777
1753329127848240869,0,959,1456,4332,7049,1704,758,7162,2856
1753329127850228289,0,959,1508,4334,7049,1536,758,7163,2858
1753329127852238225,0,959,1461,4334,7049,1693,758,7163,2858
1753329127854248886,0,959,1411,4335,7049,1727,758,7164,2821
1753329127856322611,0,959,1459,4336,7049,1697,758,7164,2857
1753329127858236534,0,959,1459,4337,7049,1750,758,7164,2858
1753329127860258805,0,959,1460,4338,7049,1702,758,7164,2859
1753329127862232121,0,959,1461,4339,7049,1633,758,7165,2860
1753329127864233053,0,959,1461,4339,7049,1699,758,7165,2860
1753329127866247511,0,959,1513,4340,7049,1677,758,7165,2861
1753329127868238187,0,959,1466,4341,7049,1699,758,7165,2862
1753329127870250372,0,959,1416,4342,7049,1599,758,7166,2849
1753329127872236265,0,959,1464,4342,7049,1693,758,7166,2862
1753329127874268179,0,959,1515,4343,7049,1734,758,7166,2840
1753329127876316084,0,959,1469,4344,7049,1697,758,7166,2862
1753329127878238559,0,959,1470,4345,7049,1679,758,7167,2863
1753329127880301843,0,959,1471,4345,7049,1697,758,7167,2863
1753329127882242595,0,959,1421,4347,7049,1684,758,7167,2865
1753329127884245506,0,959,1468,4347,7049,1697,758,7167,2865
1753329127886237784,0,959,1469,4347,7049,1744,758,7169,2865
1753329127888239238,0,959,1469,4348,7049,1703,758,7169,2866
1753329127890237661,0,959,1433,4348,7049,1649,758,7169,2836
1753329127892293775,0,959,1468,4348,7049,1700,758,7169,2864
1753329127894323126,0,959,1469,4349,7049,1699,758,7169,2865
1753329127896293065,0,959,1469,4349,7049,1760,758,7170,2917
1753329127898257231,0,959,1470,4350,7049,1704,758,7170,2869
1753329127900331343,0,959,1507,4350,7049,1737,758,7170,2869
1753329127902346876,0,959,1474,4351,7049,1706,758,7170,2870
1753329127904257710,0,959,1364,4351,7049,1706,758,7171,2885
1753329127906391046,0,959,1468,4352,7049,1706,758,7171,2872
1753329127908356352,0,959,1542,4352,7049,1767,758,7171,2910
1753329127910331708,0,959,1473,4353,7049,1711,758,7171,2876
1753329127912259764,0,959,1474,4353,7049,1823,758,7171,2893
1753329127914301819,0,959,1474,4354,7049,1719,758,7172,2878
1753329127916261254,0,959,1474,4354,7049,1597,758,7172,2894
1753329127918278034,0,959,1474,4355,7049,1710,758,7172,2880
1753329127920278636,0,959,1562,4355,7049,1763,758,7172,2880
1753329127922259986,0,959,1480,4356,7049,1713,758,7173,2881
1753329127924251041,0,959,1429,4356,7049,1738,758,7173,2912
1753329127926244623,0,959,1477,4357,7049,1716,758,7173,2885
1753329127928235080,0,959,1528,4358,7049,1688,758,7173,2886
1753329127930246701,0,959,1480,4358,7049,1715,758,7174,2886
1753329127932217540,0,959,1510,4358,7049,1802,758,7174,2908
1753329127934300671,0,959,1483,4360,7049,1723,758,7174,2890
1753329127936250416,0,959,1454,4361,7049,1723,758,7174,2992
1753329127938217112,0,959,1481,4362,7049,1725,758,7174,2899
1753329127940235870,0,959,1512,4362,7049,1727,758,7175,2798
1753329127942246271,0,959,1485,4363,7049,1728,758,7175,2893
1753329127944256218,0,959,1486,4364,7049,1697,758,7175,2872
1753329127946214495,0,959,1487,4365,7049,1728,758,7175,2893
1753329127948211292,0,959,1457,4366,7049,1685,758,7175,2916
1753329127950203240,0,959,1485,4367,7049,1728,758,7176,2897
1753329127952202265,0,959,1372,4368,7049,1635,758,7176,2813
1753329127954192316,0,959,1478,4369,7049,1724,758,7176,2892
1753329127956232022,0,959,1622,4370,7049,1743,758,7176,2603
1753329127958188650,0,959,1491,4371,7049,1728,758,7176,2873
1753329127960215830,0,959,1410,4372,7049,1699,758,7177,3180
1753329127962199661,0,959,1485,4374,7049,1731,758,7177,2898
1753329127964227420,0,959,1486,4375,7049,1817,758,7177,2883
1753329127966218831,0,959,1487,4376,7049,1739,758,7177,2899
1753329127968220133,0,959,1488,4377,7049,1610,758,7177,2863
1753329127970243885,0,959,1489,4378,7049,1731,758,7178,2898
1753329127972225018,0,959,1489,4379,7049,1616,758,7178,2885
1753329127974204079,0,959,1490,4380,7049,1725,758,7178,2899
1753329127976209366,0,959,1572,4380,7049,1908,758,7179,2899
1753329127978232407,0,959,1498,4381,7049,1739,758,7179,2900
1753329127980237597,0,959,1498,4382,7049,1739,758,7179,2901
1753329127982229734,0,959,1382,4382,7049,1559,758,7179,2901
1753329127984266908,0,959,1492,4382,7049,1726,758,7179,2901
1753329127986272879,0,959,1493,4382,7049,1757,758,7180,2916
1753329127988295483,0,959,1493,4382,7049,1728,758,7180,2902
1753329127990270086,0,959,1530,4382,7049,1771,758,7180,2940
1753329127992249594,0,959,1497,4383,7049,1731,758,7180,2906
1753329127994279408,0,959,1460,4383,7049,1814,758,7181,2938
1753329127996349887,0,959,1495,4383,7049,1737,758,7181,2908
1753329127998250758,0,959,1496,4383,7049,1788,758,7181,2939
1753329128000259371,0,959,1497,4383,7049,1741,758,7181,2911
1753329128002231253,0,959,1497,4384,7049,1741,758,7182,2967
1753329128004305363,0,959,1498,4384,7049,1741,758,7182,2916
1753329128006225424,0,959,1499,4384,7049,1820,758,7182,2984
1753329128008275697,0,959,1499,4385,7049,1748,758,7182,2922
1753329128010261117,0,959,1537,4386,7049,1602,758,7182,2923
1753329128012279167,0,959,1503,4387,7049,1738,758,7183,2924
1753329128014259057,0,959,1504,4388,7049,1883,758,7183,2902
1753329128016240459,0,959,1505,4388,7049,1749,758,7183,2923
1753329128018221085,0,959,1505,4390,7049,1847,758,7183,2925
1753329128020189977,0,959,1506,4391,7049,1757,758,7184,2926
1753329128022253795,0,959,1469,4392,7049,1959,758,7184,2828
1753329128024234738,0,959,1504,4393,7049,1774,758,7184,2921
1753329128026228691,0,959,1542,4395,7049,1574,758,7184,3034
1753329128028281418,0,959,1508,4396,7049,1761,758,7185,2932
1753329128030225750,0,959,1472,4398,7049,1771,758,7185,2891
1753329128032230198,0,959,1507,4400,7049,1764,758,7185,2933
1753329128034216657,0,959,1625,4401,7049,1586,758,7185,2966
1753329128036197432,0,959,1517,4403,7049,1752,758,7185,2939
1753329128038195697,0,959,1436,4404,7049,1805,758,7186,2862
1753329128040214348,0,959,1512,4405,7049,1759,758,7186,2935
1753329128042193627,0,959,1512,4407,7049,1760,758,7186,2915
1753329128044202106,0,959,1513,4408,7049,1761,758,7186,2936
1753329128046201484,0,959,1688,4410,7049,1910,758,7187,2876
1753329128048207034,0,959,1527,4411,7049,1775,758,7187,2935
1753329128050184192,0,959,1351,4412,7049,1708,758,7187,2968
1753329128052215148,0,959,1515,4413,7049,1773,758,7188,2939
1753329128054212048,0,959,1515,4413,7049,1619,758,7188,2907
1753329128056233815,0,959,1516,4414,7049,1764,758,7188,2938
1753329128058247638,0,959,1516,4415,7049,1784,758,7188,2939
1753329128060278635,0,959,1517,4415,7049,1770,758,7188,2939
1753329128062264530,0,959,1518,4416,7049,1705,758,7188,2956
1753329128064224100,0,959,1518,4416,7049,1768,758,7189,2941
1753329128066222413,0,959,1519,4416,7049,1770,758,7189,2941
1753329128068213028,0,959,1457,4417,7049,1748,758,7189,2758
1753329128070199906,0,959,1515,4417,7049,1770,758,7189,2928
1753329128072208582,0,959,1542,4417,7049,1695,758,7189,3112
1753329128074193825,0,959,1519,4418,7049,1767,759,7189,2943
1753329128076183593,0,959,1520,4418,7049,1884,758,7190,2958
1753329128078229932,0,959,1521,4418,7049,1779,758,7190,2944
1753329128080196441,0,959,1521,4419,7049,1670,758,7190,2976
1753329128082202756,0,959,1522,4419,7049,1773,758,7190,2947
1753329128084191029,0,959,1558,4420,7049,1725,759,7191,2970
1753329128086211266,0,959,1525,4421,7049,1770,758,7191,2951
1753329128088207792,0,959,1526,4422,7049,1770,758,7191,2952
1753329128090309682,0,959,1526,4423,7049,1771,758,7191,2953
1753329128092275044,0,959,1527,4424,7049,1760,758,7192,2932
1753329128094287228,0,959,1527,4425,7049,1771,758,7192,2953
1753329128096290996,0,959,1630,4426,7049,1883,758,7192,3009
1753329128098294872,0,959,1536,4427,7049,1779,758,7192,2960
1753329128100321350,0,959,1435,4428,7049,1724,758,7193,2961
1753329128102224082,0,959,1529,4429,7049,1775,758,7193,2962
1753329128104243072,0,959,1581,4431,7049,1769,758,7193,2977
1753329128106232154,0,959,1535,4432,7049,1774,758,7193,2966
1753329128108221196,0,959,1535,4434,7049,1799,758,7193,2922
1753329128110242686,0,959,1535,4435,7049,1776,758,7194,2965
1753329128112256008,0,959,1448,4436,7049,1866,758,7194,3013
1753329128114253634,0,959,1530,4438,7049,1783,758,7194,2972
1753329128116254363,0,959,1567,4439,7049,1762,758,7194,2927
1753329128118228787,0,959,1534,4440,7049,1780,758,7195,2970
1753329128120216671,0,959,1586,4442,7049,1820,758,7195,2951
1753329128122217407,0,959,1539,4443,7049,1784,758,7195,2972
1753329128124251765,0,959,1569,4444,7049,1784,758,7195,2942
1753329128126247343,0,959,1541,4446,7049,1784,758,7196,2973
1753329128128324041,0,959,1513,4447,7049,1836,758,7196,3004
1753329128130255312,0,959,1541,4448,7049,1788,758,7196,2977
1753329128132273262,0,959,1491,4449,7049,1731,758,7196,3078
1753329128134266695,0,959,1539,4450,7049,1785,758,7196,2986
1753329128136259985,0,959,1591,4451,7049,1852,758,7196,2857
1753329128138234939,0,959,1544,4453,7049,1791,758,7197,2980
1753329128140237783,0,959,1580,4454,7049,1723,758,7197,2965
1753329128142255675,0,959,1548,4455,7049,1787,758,7197,2981
1753329128144237440,0,959,1513,4456,7049,1908,758,7198,3028
1753329128146269183,0,959,1547,4457,7049,1797,758,7198,2986
1753329128148271526,0,959,1548,4459,7049,1588,758,7198,2925
1753329128150228697,0,959,1548,4460,7049,1782,758,7198,2984
1753329128152229465,0,959,1549,4461,7049,1783,758,7198,2985
1753329128154240873,0,959,1550,4462,7049,1784,758,7199,2986
1753329128156262370,0,959,1550,4463,7049,1785,758,7199,2987
1753329128158255968,0,959,1500,4464,7049,1728,758,7199,2988
1753329128160287203,0,959,1548,4465,7049,1782,758,7199,2989
1753329128162277197,0,959,1512,4467,7049,1782,758,7200,2939
1753329128164317070,0,959,1547,4468,7049,1783,758,7200,2988
1753329128166265681,0,959,1584,4469,7049,1724,758,7200,2808
1753329128168247975,0,959,1551,4470,7049,1780,758,7200,2977
1753329128170236489,0,959,1638,4471,7049,1719,758,7201,3159
1753329128172258212,0,959,1558,4471,7049,1776,758,7201,2991
1753329128174282284,0,959,1473,4472,7049,1899,758,7201,2969
1753329128176240012,0,959,1554,4473,7049,1786,758,7201,2991
1753329128178274079,0,959,1554,4474,7049,1782,758,7202,2717
1753329128180248593,0,959,1555,4475,7049,1786,758,7202,2973
1753329128182271210,0,959,1606,4476,7049,1697,758,7202,3249
1753329128184228234,0,959,1560,4476,7049,1778,758,7202,2994
1753329128186211992,0,959,1561,4477,7049,1868,758,7202,2903
1753329128188254335,0,959,1561,4477,7049,1785,758,7202,2988
1753329128190214704,0,959,1562,4478,7049,1786,758,7202,3104
1753329128192196431,0,959,1563,4478,7049,1783,758,7203,2998
1753329128194295287,0,959,1592,4479,7049,1874,758,7203,3237
1753329128196235814,0,959,1566,4479,7049,1790,758,7203,3016
1753329128198174890,0,959,1748,4480,7049,1732,758,7203,2779
1753329128200178803,0,959,1581,4480,7049,1785,758,7203,3000
1753329128202176796,0,959,1404,4481,7049,1850,758,7204,3001
1753329128204177303,0,959,1568,4481,7049,1789,758,7204,3001
1753329128206185089,0,959,1570,4481,7049,1788,758,7204,3015
1753329128208183496,0,959,1571,4482,7049,1789,758,7205,3003
1753329128210292692,0,959,1572,4482,7049,1725,758,7205,3040
1753329128212225698,0,959,1572,4482,7049,1784,759,7205,3005
1753329128214345295,0,959,1588,4483,7049,1784,758,7206,3023
1753329128216255955,0,959,1575,4484,7049,1784,758,7206,3009
1753329128218320863,0,959,1560,4485,7049,1784,758,7206,2993
1753329128220287440,0,959,1576,4485,7049,1784,758,7206,3008
1753329128222257437,0,959,1577,4486,7049,1848,758,7206,3026
1753329128224248779,0,959,1578,4487,7049,1790,758,7206,3012
1753329128226231635,0,959,1579,4489,7049,1726,758,7207,3014
1753329128228264688,0,959,1579,4489,7049,1785,758,7207,3014
1753329128230265461,0,959,1580,4490,7049,1916,758,7207,2960
1753329128232272443,0,959,1581,4491,7049,1795,758,7207,3011
1753329128234280721,0,959,1582,4493,7049,1795,758,7208,3013
1753329128236257504,0,959,1577,4494,7049,1728,758,7208,3052
1753329128238271012,0,959,1583,4495,7049,1790,758,7208,3018
1753329128240261146,0,959,1584,4496,7049,1791,758,7208,3036
1753329128242251202,0,959,1585,4497,7049,1790,758,7209,3021
1753329128244265685,0,959,1586,4498,7049,1788,758,7209,2954
1753329128246319976,0,959,1587,4499,7049,1790,758,7209,3018
1753329128248254613,0,959,1470,4500,7049,1791,758,7209,2967
1753329128250313487,0,959,1581,4501,7049,1790,758,7210,3016
1753329128252264875,0,959,1669,4501,7049,1790,758,7210,3046
1753329128254258440,0,959,1588,4502,7049,1790,758,7210,3019
1753329128256268789,0,959,1589,4503,7049,1789,758,7210,3020
1753329128258265517,0,959,1590,4503,7049,1789,758,7211,3020
1753329128260225916,0,959,2469,4503,7049,1837,758,7211,3095
1753329128262213313,0,959,1658,4504,7049,1793,758,7211,3027
1753329128264223778,0,959,730,4504,7049,1793,758,7211,2937
1753329128266234959,0,959,1591,4504,7049,1793,758,7212,3020
1753329128268225013,0,959,1643,4504,7049,1762,758,7212,3072
1753329128270242439,0,959,1597,4504,7049,1791,758,7212,3024
1753329128272251624,0,959,1671,4504,7049,1774,758,7212,3024
1753329128274260545,0,959,1603,4504,7049,1789,758,7212,3024
1753329128276256531,0,959,2313,4504,7049,1789,758,7212,3009
1753329128278252333,0,959,1658,4504,7049,1790,758,7213,3023
1753329128280241800,0,959,788,4504,7049,1838,758,7213,3091
1753329128282260292,0,959,1596,4505,7049,1794,758,7213,3029
1753329128284260686,0,959,1590,4505,7049,1745,758,7213,3029
1753329128286255270,0,959,1597,4505,7049,1790,758,7214,3029
1753329128288253232,0,959,1529,4506,7049,1808,758,7214,3013
1753329128290249694,0,959,1593,4507,7049,1791,758,7214,3030
1753329128292255123,0,959,1668,4507,7049,1822,758,7214,3046
1753329128294249038,0,959,1600,4508,7049,1794,758,7215,3032
1753329128296311748,0,959,1596,4509,7049,1763,758,7215,3079
1753329128298291567,0,959,1603,4509,7049,1791,758,7215,3036
1753329128300321814,0,959,1604,4510,7049,1829,758,7215,2974
1753329128302265499,0,959,1604,4510,7049,1794,758,7216,3033
1753329128304231762,0,959,1537,4511,7049,1794,758,7216,3034
1753329128306245056,0,959,1601,4512,7049,1795,758,7216,3035
1753329128308211473,0,959,1670,4512,7049,1788,758,7216,3035
1753329128310199365,0,959,1608,4513,7049,1794,758,7217,3036
1753329128312236593,0,959,1589,4514,7049,1813,758,7217,3037
1753329128314221572,0,959,1607,4515,7049,1797,758,7217,3038
1753329128316267541,0,959,1608,4516,7049,1785,758,7217,2986
1753329128318233762,0,959,1608,4517,7049,1796,758,7217,3036
1753329128320278987,0,959,1608,4518,7049,1797,758,7217,3037
1753329128322205902,0,959,1608,4518,7049,1797,758,7218,3037
1753329128324226864,0,959,1608,4519,7049,1797,758,7218,3038
1753329128326251911,0,959,1608,4520,7049,1825,758,7218,3039
1753329128328416265,0,959,1609,4521,7049,1799,758,7219,3040
1753329128330276936,0,959,2115,4521,7049,2130,758,7219,3016
1753329128332332537,0,959,1647,4522,7049,1825,758,7219,3039
1753329128334248870,0,959,1161,4522,7049,1479,758,7219,3062
1753329128336288992,0,959,1611,4523,7049,1799,758,7219,3041
1753329128338246657,0,959,1590,4523,7049,1799,758,7219,3018
1753329128340265903,0,959,1609,4523,7049,1799,758,7219,3040
1753329128342243575,0,959,1635,4524,7049,1787,758,7220,3078
1753329128344290570,0,959,1612,4524,7049,1798,758,7220,3043
1753329128346268482,0,959,1538,4525,7049,2201,758,7220,3030
1753329128348310685,0,959,1606,4525,7049,1828,758,7220,3043
1753329128350226394,0,959,1675,4525,7049,1426,759,7221,3058
1753329128352303352,0,959,1612,4526,7049,1799,758,7221,3045
1753329128354219816,0,959,1612,4526,7049,1794,758,7221,3083
1753329128356307712,0,959,1613,4527,7049,1801,758,7221,3049
1753329128358224876,0,959,1619,4527,7049,1801,758,7222,3049
1753329128360405622,0,959,1615,4528,7049,1802,758,7222,3050
1753329128362195120,0,959,1615,4528,7049,1771,759,7222,3213
1753329128364261805,0,959,1614,4528,7049,1800,759,7222,3062
1753329128366244219,0,959,1610,4529,7049,1832,759,7222,2900
1753329128368287155,0,959,1615,4530,7049,1805,759,7223,3052
1753329128370202127,0,959,1621,4530,7049,1757,759,7223,3052
1753329128372292147,0,959,1616,4531,7049,1802,759,7223,3053
1753329128374269900,0,959,1616,4531,7049,1819,759,7223,3053
1753329128376267238,0,959,1616,4532,7049,1804,759,7223,3054
1753329128378266318,0,959,1611,4533,7049,1804,759,7224,3055
1753329128380271842,0,959,1617,4533,7049,1804,759,7224,3055
1753329128382275658,0,959,1617,4534,7049,1804,759,7224,3073
1753329128384243560,0,959,1618,4535,7049,1804,759,7225,3058
1753329128386236212,0,959,1660,4536,7049,1835,759,7225,3005
1753329128388236950,0,959,1621,4536,7049,1806,759,7225,3055
1753329128390223033,0,959,1578,4537,7049,1775,759,7225,3094
1753329128392226690,0,959,1619,4538,7049,1804,759,7225,3060
1753329128394229466,0,959,1624,4539,7049,1804,759,7225,3247
1753329128396301839,0,959,1619,4539,7049,1804,760,7226,3075
1753329128398267586,0,959,1619,4540,7049,1804,760,7226,2890
1753329128400205007,0,959,1620,4541,7049,1804,760,7226,3063
1753329128402211759,0,959,1708,4541,7049,1804,760,7226,3063
1753329128404195144,0,959,1627,4542,7049,1804,760,7227,3064
1753329128406282861,0,959,1627,4543,7049,1805,760,7227,3065
1753329128408210543,0,959,1577,4544,7049,1701,761,7227,3014
1753329128410278408,0,959,1625,4545,7049,1797,761,7227,3063
1753329128412229043,0,959,1589,4545,7049,1931,761,7228,3115
1753329128414248561,0,959,1623,4546,7049,1807,761,7228,3068
1753329128416225747,0,959,1660,4547,7049,1807,761,7228,3069
1753329128418330954,0,959,1626,4547,7049,1807,762,7228,3069
1753329128420333711,0,959,1584,4548,7049,1776,762,7228,3070
1753329128422401121,0,959,1623,4549,7049,1805,762,7229,3071
1753329128424218107,0,959,1556,4550,7049,1481,762,7229,3034
1753329128426200959,0,959,1620,4550,7049,1780,762,7229,3069
1753329128428294344,0,959,1689,4551,7049,2104,762,7229,3124
1753329128430345595,0,959,1626,4551,7049,1804,763,7229,3074
1753329128432287237,0,959,1632,4552,7049,1853,763,7230,3021
1753329128434378398,0,959,1626,4552,7049,1808,763,7230,3071
1753329128436205270,0,959,1621,4553,7049,1742,763,7230,3126
1753329128438208963,0,959,1627,4553,7049,1804,763,7230,3076
1753329128440211148,0,959,1560,4554,7049,1803,763,7231,3077
1753329128442216475,0,959,1623,4555,7049,1804,763,7231,3078
1753329128444254175,0,959,1734,4556,7049,1804,763,7231,3079
1753329128446185680,0,959,1632,4556,7049,1803,763,7231,3079
1753329128448200710,0,959,1589,4557,7049,1739,763,7233,3126
1753329128450183663,0,959,1630,4558,7049,1799,763,7233,3084
1753329128452228277,0,959,1672,4559,7049,1863,763,7233,3085
1753329128454239393,0,959,1633,4559,7049,1804,763,7233,3086
1753329128456232281,0,959,1591,4560,7049,1805,763,7233,3056
1753329128458268462,0,959,1631,4561,7049,1804,763,7233,3085
1753329128460227174,0,959,1637,4562,7049,1804,763,7233,3086
1753329128462243301,0,959,1632,4562,7049,1804,763,7233,3086
1753329128464235496,0,959,1632,4563,7049,1802,763,7233,3087
1753329128466305473,0,959,1633,4564,7049,1803,763,7233,3088
1753329128468264399,0,959,1670,4565,7049,1803,763,7234,3089
1753329128470251452,0,959,1636,4565,7049,1803,763,7234,3089
1753329128472276164,0,959,1574,4567,7049,1805,763,7234,3091
1753329128474266542,0,959,1632,4567,7049,1803,763,7234,3091
1753329128476294282,0,959,1653,4568,7049,1706,763,7235,3077
1753329128478291239,0,959,1634,4569,7049,1796,763,7235,3092
1753329128480351925,0,959,1678,4570,7049,1828,763,7235,3093
1753329128482295941,0,959,1638,4571,7049,1798,763,7235,3094
1753329128484386513,0,959,1638,4571,7049,1777,763,7236,3078
1753329128486294806,0,959,1639,4572,7049,1797,763,7236,3094
1753329128488294702,0,959,1690,4573,7049,1882,763,7236,3111
1753329128490305405,0,959,1643,4574,7049,1803,763,7236,3097
1753329128492451137,0,959,1644,4574,7049,1803,763,7237,3097
1753329128494295025,0,959,1644,4575,7049,1739,763,7237,3098
1753329128496365946,0,959,1645,4576,7049,1798,763,7237,3099
1753329128498314080,0,959,1645,4577,7049,1911,763,7237,3083
1753329128500333580,0,959,1645,4578,7049,1806,763,7237,3100
1753329128502256246,0,959,1646,4578,7049,1693,763,7238,3100
1753329128504422369,0,959,1646,4579,7049,1798,763,7238,3101
1753329128506278684,0,959,1595,4580,7049,1776,763,7238,3064
1753329128508450428,0,959,1643,4581,7049,1796,763,7238,3100
1753329128510225069,0,959,1694,4581,7049,1882,763,7238,3100
1753329128512262545,0,959,1648,4583,7049,1802,763,7239,3102
1753329128514195748,0,959,1649,4583,7049,1717,763,7239,3102
1753329128516250484,0,959,1649,4584,7049,1796,763,7239,3103
1753329128518199479,0,959,1599,4585,7049,1796,763,7239,3104
1753329128520329205,0,959,1647,4585,7049,1796,763,7240,3104
1753329128522206211,0,959,1647,4586,7049,1786,763,7240,3090
1753329128524290309,0,959,1647,4587,7049,1795,763,7240,3105
1753329128526251793,0,959,1728,4587,7049,1686,763,7240,3105
1753329128528321422,0,959,1655,4588,7049,1787,763,7240,3106
1753329128530252800,0,959,1626,4588,7049,1895,763,7240,3106
1753329128532265788,0,959,1653,4588,7049,1794,763,7241,3106
1753329128534252918,0,959,1654,4589,7049,1794,763,7241,3107
1753329128536261509,0,959,1654,4590,7049,1794,763,7241,3108
1753329128538239461,0,959,1685,4591,7049,1794,763,7241,3086
1753329128540256386,0,959,1658,4592,7049,1794,763,7242,3108
1753329128542293030,0,959,1658,4592,7049,1804,763,7242,3108
1753329128544273529,0,959,1658,4592,7049,1795,763,7242,3108
1753329128546276327,0,959,1579,4594,7049,1676,763,7242,3147
1753329128548285601,0,959,1654,4594,7049,1786,763,7242,3112
1753329128550232966,0,959,1735,4594,7049,1863,763,7243,3075
1753329128552238675,0,959,1660,4594,7049,1791,763,7243,3110
1753329128554229226,0,959,1666,4595,7049,1823,763,7243,3111
1753329128556218148,0,959,1662,4596,7049,1794,763,7243,3111
1753329128558226558,0,959,1656,4596,7049,1762,763,7244,2657
1753329128560226436,0,959,1662,4596,7049,1791,763,7244,3077
1753329128562207622,0,959,1662,4597,7049,1791,763,7244,3556
1753329128564216191,0,959,1663,4597,7049,1791,763,7244,3114
1753329128566243469,0,959,2202,4597,7049,1791,763,7244,3198
1753329128568249719,0,959,1705,4598,7049,1791,763,7245,3121
1753329128570203344,0,959,1172,4599,7049,1791,763,7245,3038
1753329128572323735,0,959,1666,4599,7049,1791,763,7245,3116
1753329128574274986,0,959,1667,4599,7049,1791,763,7245,3116
1753329128576260827,0,959,1667,4599,7049,1790,763,7245,3116
1753329128578213452,0,959,1668,4599,7049,1790,763,7246,3116
1753329128580221536,0,959,1519,4599,7049,1713,763,7246,3116
1753329128582303172,0,959,1658,4599,7049,1784,763,7246,3116
1753329128584254490,0,959,2267,4599,7049,1862,763,7246,3116
1753329128586338469,0,959,1704,4599,7049,1790,763,7246,3115
1753329128588295466,0,959,1242,4599,7049,1790,763,7246,3184
1753329128590322753,0,959,1672,4599,7049,1790,763,7246,3121
1753329128592278238,0,959,1643,4599,7049,1712,763,7246,3290
1753329128594268074,0,959,1672,4599,7049,1784,763,7247,3133
1753329128596242292,0,959,1672,4599,7049,1761,763,7247,2964
1753329128598232679,0,959,1673,4599,7049,1782,763,7247,3121
1753329128600284849,0,959,1623,4599,7049,1805,763,7248,3136
1753329128602297877,0,959,1671,4599,7049,1783,763,7248,3122
1753329128604240531,0,959,1752,4600,7049,1861,763,7248,3123
1753329128606268594,0,959,1677,4600,7049,1789,763,7248,3123
1753329128608225789,0,959,1648,4601,7049,1712,763,7248,3155
1753329128610283031,0,959,1676,4601,7049,1783,763,7249,3126
1753329128612202995,0,959,1588,4602,7049,1860,763,7249,3096
1753329128614296277,0,959,1669,4602,7049,1789,763,7249,3125
1753329128616223235,0,959,1706,4603,7049,1820,763,7249,3157
1753329128618229681,0,959,1672,4604,7049,1791,763,7249,3129
1753329128620246158,0,959,1635,4605,7049,1822,763,7249,3130
1753329128622217939,0,959,1669,4605,7049,1793,763,7250,3130
1753329128624216242,0,959,1787,4607,7049,1793,763,7250,3200
1753329128626242904,0,959,1678,4608,7049,1793,763,7250,3138
1753329128628227163,0,959,1684,4609,7049,1793,763,7250,3040
1753329128630245146,0,959,1678,4609,7049,1793,763,7251,3132
1753329128632219353,0,959,1678,4610,7049,1793,763,7251,3118
1753329128634266199,0,959,1678,4611,7049,1793,763,7251,3133
1753329128636282043,0,959,1678,4613,7049,1576,763,7251,3118
1753329128638230400,0,959,1679,4613,7049,1776,763,7251,3134
1753329128640226138,0,959,1679,4614,7049,1962,763,7252,3097
1753329128642291224,0,959,1679,4615,7049,1790,763,7252,3133
1753329128644257440,0,959,1675,4616,7049,1790,763,7252,3134
1753329128646273377,0,959,1680,4617,7049,1790,763,7252,3135
1753329128648317180,0,959,1681,4618,7049,1790,763,7252,3121
1753329128650244103,0,959,1681,4618,7049,1790,763,7253,3135
1753329128652224839,0,959,1652,4619,7049,1758,763,7253,3220
1753329128654286172,0,959,1680,4620,7049,1787,763,7253,3143
1753329128656216173,0,959,1681,4620,7049,1647,763,7253,3006
1753329128658267288,0,959,1682,4621,7049,1777,763,7253,3134
1753329128660242455,0,959,1682,4621,7049,1917,763,7254,3163
1753329128662299814,0,959,1683,4622,7049,1787,763,7254,3137
1753329128664269745,0,959,1683,4622,7049,1787,763,7254,3137
1753329128666321241,0,959,1714,4623,7049,1709,763,7254,3123
1753329128668274319,0,959,1686,4623,7049,1781,763,7254,3137
1753329128670309062,0,959,1693,4624,7049,1858,763,7254,3259
1753329128672291561,0,959,1689,4624,7049,1785,763,7255,3147
1753329128674260998,0,959,1491,4625,7049,1708,763,7255,3115
1753329128676276170,0,959,1675,4625,7049,1780,763,7255,3145
1753329128678240536,0,959,1749,4626,7049,1899,763,7255,3332
1753329128680273407,0,959,1681,4627,7049,1788,763,7255,3161
1753329128682247275,0,959,1718,4627,7049,1747,763,7255,2885
1753329128684303536,0,959,1685,4628,7049,1786,763,7256,3142
1753329128686289613,0,959,1766,4628,7049,1785,763,7256,3179
1753329128688288831,0,959,1692,4628,7049,1785,763,7256,3144
1753329128690266821,0,959,1663,4629,7049,1445,763,7256,3122
1753329128692277823,0,959,1691,4630,7049,1759,763,7256,3145
1753329128695828870,0,959,1604,4630,7049,2130,763,7256,3236
1753329128696299499,0,959,1686,4631,7049,1786,763,7257,3152
1753329128698281271,0,959,1686,4631,7049,1677,763,7257,3061
1753329128700197791,0,959,1688,4631,7049,1778,763,7257,3145
1753329128702194612,0,959,1725,4632,7049,1855,763,7257,3146
1753329128704223577,0,959,1692,4632,7049,1784,763,7257,3146
1753329128706222564,0,959,1693,4633,7049,1784,763,7258,3147
1753329128708238778,0,959,1694,4633,7049,1784,763,7258,3147
1753329128710211453,0,959,1651,4633,7049,1706,763,7258,3133
1753329128712232078,0,959,1692,4634,7049,1778,763,7258,3147
1753329128714200925,0,959,1698,4634,7049,1676,763,7259,3185
1753329128716213640,0,959,1694,4635,7049,1770,763,7259,3151
1753329128718255016,0,959,1694,4635,7049,1990,763,7259,3151
1753329128720196934,0,959,1695,4635,7049,1786,763,7259,3151
1753329128722209964,0,959,1696,4636,7049,1776,763,7259,3129
1753329128724304015,0,959,1696,4636,7049,1785,763,7260,3150
1753329128726268275,0,959,1733,4636,7049,1753,763,7260,3150
1753329128728287672,0,959,1699,4636,7049,1782,763,7260,3150
1753329128730236551,0,959,1699,4637,7049,1812,763,7260,3174
1753329128732277227,0,959,1700,4637,7049,1783,763,7260,3153
1753329128734241174,0,959,2059,4637,7049,1793,763,7260,3153
1753329128736303705,0,959,1728,4638,7049,1783,763,7260,3154
1753329128738236171,0,959,1327,4638,7049,1601,763,7260,3154
1753329128740320388,0,959,1699,4638,7049,1769,763,7260,3153
1753329128742275530,0,959,1705,4638,7049,1940,763,7260,3153
1753329128744315752,0,959,1701,4639,7049,1781,763,7261,3154
1753329128746234205,0,959,1985,4639,7049,2004,763,7261,3206
1753329128748269592,0,959,1723,4639,7049,1798,763,7261,3158
1753329128750342426,0,959,1723,4639,7049,1798,763,7261,3158
1753329128752219172,0,959,1477,4640,7049,1543,763,7261,3107
1753329128754225377,0,959,1706,4640,7049,1779,763,7261,3155
1753329128756231643,0,959,1670,4640,7049,1779,763,7261,3170
1753329128758281900,0,959,1705,4640,7049,1779,763,7261,3156
1753329128760276617,0,959,1742,4641,7049,1779,763,7262,3157
1753329128762342812,0,959,1709,4641,7049,1779,763,7262,3157
1753329128764388361,0,959,1761,4642,7049,1810,763,7262,3158
1753329128766319003,0,959,1714,4642,7049,1781,763,7262,3158
1753329128768313898,0,959,1663,4642,7049,1781,763,7262,3196
1753329128770386240,0,959,1712,4643,7049,1781,763,7263,3162
1753329128772249428,0,959,1602,4643,7049,1812,763,7263,3124
1753329128774267813,0,959,1704,4643,7049,1783,763,7263,3159
1753329128776271441,0,959,1773,4644,7049,1720,763,7264,3160
1753329128778255146,0,959,1710,4644,7049,1778,763,7264,3160
1753329128780277593,0,959,1754,4645,7049,1624,763,7264,3161
1753329128782283513,0,959,1715,4645,7049,1766,763,7264,3161
1753329128784254412,0,959,1673,4645,7049,1962,763,7264,3161
1753329128786257731,0,959,1713,4645,7049,1781,763,7265,3161
1753329128788260351,0,959,1719,4646,7049,1781,763,7265,3125
1753329128790253743,0,959,1714,4646,7049,1781,763,7265,3159
1753329128792246127,0,959,1709,4647,7049,1802,763,7265,3198
1753329128794249191,0,959,1714,4647,7049,1782,763,7265,3163
1753329128796242635,0,959,1714,4647,7049,1782,763,7265,3148
1753329128798248479,0,959,1714,4648,7049,1782,763,7266,3163
1753329128800289081,0,959,1715,4648,7049,1782,763,7266,3177
1753329128802266919,0,959,1715,4648,7049,1782,763,7266,3164
1753329128804273237,0,959,1695,4649,7049,2064,763,7266,3113
1753329128806249108,0,959,1713,4649,7049,1803,763,7266,3161
1753329128808269885,0,959,1733,4650,7049,1584,763,7267,3252
1753329128810226685,0,959,1715,4650,7049,1787,763,7267,3169
1753329128812233621,0,959,1715,4650,7049,1842,763,7267,3131
1753329128814244508,0,959,1715,4650,7049,1791,763,7267,3166
1753329128816238847,0,959,1721,4650,7049,1735,763,7268,3166
1753329128818228447,0,959,1716,4650,7049,1786,763,7268,3166
1753329128820233306,0,959,1642,4651,7049,1381,763,7268,3152
1753329128822238988,0,959,1710,4651,7049,1756,763,7268,3166
1753329128824239715,0,959,1710,4651,7049,2097,763,7269,3218
1753329128826235335,0,959,1710,4652,7049,1781,763,7269,3170
1753329128828217072,0,959,1779,4652,7049,1760,763,7269,3133
1753329128830225738,0,959,1716,4652,7049,1780,763,7269,3168
1753329128832209250,0,959,1716,4652,7049,1801,763,7269,3153
1753329128834199231,0,959,1716,4652,7049,1781,763,7269,3166
1753329128836228561,0,959,1716,4653,7049,1781,763,7270,3167
1753329128838210530,0,959,1716,4653,7049,1759,763,7270,3182
1753329128840226186,0,959,1716,4653,7049,1779,763,7270,3168
1753329128842220666,0,959,1716,4653,7049,1801,763,7270,3168
1753329128844284487,0,959,1716,4653,7049,1781,763,7270,3168
1753329128846209554,0,959,1648,4653,7049,1781,763,7270,3223
1753329128848224180,0,959,1712,4653,7049,1781,763,7271,3172
1753329128850224165,0,959,1780,4653,7049,1846,763,7271,3118
1753329128852234415,0,959,1717,4653,7049,1785,763,7271,3168
1753329128854221460,0,959,1717,4653,7049,1698,763,7271,3206
1753329128856303493,0,959,1717,4652,7049,1779,763,7272,3170
1753329128858259489,0,959,1723,4652,7049,1737,763,7272,3132
1753329128860258786,0,959,1717,4652,7049,1776,763,7272,3167
1753329128862355999,0,959,1643,4652,7049,1807,763,7272,3221
1753329128864389252,0,959,1712,4652,7049,1778,763,7272,3171
1753329128866312095,0,959,1781,4652,7049,1788,763,7273,3187
1753329128868290856,0,959,1716,4653,7049,1778,763,7273,3173
1753329128870266136,0,959,1723,4653,7049,1737,763,7273,3158
1753329128872291206,0,959,1718,4653,7049,1775,763,7273,3172
1753329128874288812,0,959,1718,4654,7049,1807,763,7273,3275
1753329128876267387,0,959,1718,4654,7049,1777,763,7274,3181
1753329128878259514,0,959,1718,4655,7049,1787,763,7274,3096
1753329128880286445,0,959,1718,4655,7049,1778,763,7274,3175
1753329128882238762,0,959,1719,4656,7049,1768,763,7274,3161
1753329128884242584,0,959,1719,4656,7049,1777,763,7274,3175
1753329128886288829,0,959,1719,4657,7049,1787,763,7274,3122
1753329128888268546,0,959,1719,4657,7049,1778,763,7274,3172
1753329128890264740,0,959,1719,4658,7049,1799,763,7275,2977
1753329128892288542,0,959,1720,4659,7049,1779,763,7275,3160
1753329128894278787,0,959,1719,4659,7049,1779,763,7275,3393
1753329128896228513,0,959,1719,4660,7049,1779,763,7275,3178
1753329128898259733,0,959,1719,4660,7049,1779,763,7275,3194
1753329128900232058,0,959,1719,4661,7049,1779,763,7275,3180
1753329128902215179,0,959,1756,4661,7049,1757,763,7275,3126
1753329128904268923,0,959,1722,4662,7049,1777,763,7276,3177
1753329128906232247,0,959,1808,4662,7049,1777,763,7276,3125
1753329128908286644,0,959,1729,4662,7049,1777,763,7276,3173
1753329128910258621,0,959,1599,4662,7049,1767,763,7277,3211
1753329128912354850,0,959,1719,4662,7049,1776,763,7277,3176
1753329128914395849,0,959,1762,4662,7049,1872,763,7277,3190
1753329128916390931,0,959,1722,4662,7049,1783,763,7277,3177
1753329128918370212,0,959,1722,4662,7049,1783,763,7277,3177
1753329128920304285,0,959,1611,4662,7049,1783,763,7277,3214
1753329128922318955,0,959,1714,4661,7049,1783,763,7278,3179
1753329128924290972,0,959,1825,4661,7049,1784,763,7278,3297
1753329128926292614,0,959,1723,4661,7049,1783,763,7278,3187
1753329128928309348,0,959,1680,4661,7049,1782,763,7279,3101
1753329128930290837,0,959,1720,4660,7049,1783,763,7279,3180
1753329128932266246,0,959,1720,4660,7049,1801,763,7279,3233
1753329128934277207,0,959,1720,4660,7049,1784,763,7279,3184
1753329128936234409,0,959,1725,4660,7049,1702,763,7279,3217
1753329128938281243,0,959,1720,4660,7049,1778,763,7279,3186
1753329128940230153,0,959,1715,4660,7049,1778,763,7279,3153
1753329128942241745,0,959,1720,4660,7049,1778,763,7280,3184
1753329128944234614,0,959,1720,4660,7049,1756,763,7280,3217
1753329128946236697,0,959,1721,4660,7049,1776,763,7280,3187
1753329128948275331,0,959,1721,4661,7049,1776,763,7281,3201
1753329128950260622,0,959,1721,4661,7049,1776,763,7281,3189
1753329128952254350,0,959,1721,4662,7049,1634,763,7281,3221
1753329128954314523,0,959,1721,4663,7049,1765,763,7281,3193
1753329128956254605,0,959,1701,4663,7049,1865,763,7281,3161
1753329128958266379,0,959,1720,4664,7049,1773,763,7282,3192
1753329128960267476,0,959,1746,4665,7049,1804,763,7282,3180
1753329128962258148,0,959,1721,4666,7049,1775,763,7282,3193
1753329128964259619,0,959,1721,4667,7049,1807,763,7282,3161
1753329128966256013,0,959,1721,4668,7049,1777,763,7282,3193
1753329128968267809,0,959,1715,4669,7049,1755,763,7282,3194
1753329128970265729,0,959,1721,4671,7049,1775,763,7283,3196
1753329128972265053,0,959,1721,4672,7049,1861,763,7283,3197
1753329128974259286,0,959,1721,4673,7049,1782,763,7283,3198
1753329128976288236,0,959,1764,4674,7049,1718,763,7283,3146
1753329128978257542,0,959,1724,4675,7049,1777,763,7283,3196
1753329128980197969,0,959,1724,4676,7049,1842,763,7283,3181
1753329128982186600,0,959,1724,4677,7049,1782,763,7284,3197
1753329128984240712,0,959,1724,4678,7049,2224,763,7284,3181
1753329128986238950,0,959,1724,4678,7049,1815,763,7284,3196
1753329128988199400,0,959,1687,4679,7049,1307,763,7284,3197
1753329128990209582,0,959,1721,4679,7049,1777,763,7284,3197
1753329128992207954,0,959,1721,4680,7049,1908,763,7284,3215
1753329128994202273,0,959,1721,4680,7049,1787,763,7285,3200
1753329128996208654,0,959,1722,4680,7049,1634,763,7285,3145
1753329128998186076,0,959,1722,4680,7049,1775,763,7285,3195
1753329129000186581,0,959,1716,4680,7049,1510,763,7286,3233
1753329129002192449,0,959,1721,4680,7049,1755,763,7286,3198
1753329129004265102,0,959,1721,4680,7049,1755,763,7286,3198
1753329129006225627,0,959,1653,4680,7049,2020,763,7286,3161
1753329129008196612,0,959,1716,4680,7049,1775,763,7286,3195
1753329129010192696,0,959,1827,4680,7049,1764,763,7287,3233
1753329129012200927,0,959,1724,4680,7049,1774,763,7287,3198
1753329129014172508,0,959,1724,4680,7049,1642,763,7287,3146
1753329129016194212,0,959,1724,4680,7049,1764,763,7287,3194
1753329129018184533,0,959,1688,4681,7049,1786,763,7287,3264
1753329129020198500,0,959,1722,4681,7049,1765,763,7288,3200
1753329129022183077,0,959,1721,4682,7049,1765,763,7288,3201
1753329129024241451,0,959,1722,4682,7049,1765,763,7288,3201
1753329129026194345,0,959,1808,4683,7049,1842,763,7288,3202
1753329129028243512,0,959,1727,4683,7049,1770,763,7289,3202
1753329129030170942,0,959,1727,4684,7049,1693,763,7289,3203
1753329129032192463,0,959,1728,4684,7049,1765,763,7289,3203
1753329129034178640,0,959,1728,4685,7049,1764,763,7289,3204
1753329129036272142,0,959,1728,4685,7049,1764,763,7289,3204
1753329129038197516,0,959,1763,4686,7049,1842,763,7289,3205
1753329129040206129,0,959,1731,4686,7049,1770,763,7289,3205
1753329129042212278,0,959,1607,4687,7049,1692,763,7290,3152
1753329129044214824,0,959,1721,4687,7049,1764,763,7290,3202
1753329129046186764,0,959,1860,4688,7049,1764,763,7290,3203
1753329129048183725,0,959,1732,4688,7049,1764,763,7290,3203
1753329129050186716,0,959,1732,4689,7049,1841,763,7290,3204
1753329129052198102,0,959,1733,4689,7049,1769,763,7291,3204
1753329129054278426,0,959,1733,4690,7049,1615,763,7291,3243
1753329129056271789,0,959,1733,4690,7049,1758,763,7291,3208
1753329129058258230,0,959,1806,4691,7049,1911,763,7292,3171
1753329129060265893,0,959,1738,4691,7049,1768,763,7292,3206
1753329129062247210,0,959,1666,4691,7049,1690,763,7292,3192
1753329129064228344,0,959,1734,4692,7049,1762,763,7292,3206
1753329129066325232,0,959,1734,4692,7049,1762,763,7292,3220
1753329129068321521,0,959,1735,4692,7049,1761,763,7292,3207
1753329129070312064,0,959,1714,4692,7049,1738,763,7292,3207
1753329129072274366,0,959,1734,4692,7049,1759,763,7292,3207
1753329129074290339,0,959,1756,4692,7049,1759,763,7292,3207
1753329129076283286,0,959,1736,4692,7049,1758,763,7292,3207
1753329129078289471,0,959,1722,4692,7049,1757,763,7292,3245
1753329129080289760,0,959,1737,4692,7049,1757,763,7293,3210
1753329129082287610,0,959,1702,4692,7049,1757,763,7293,3242
1753329129084284321,0,959,1735,4692,7049,1756,763,7293,3212
1753329129086293179,0,959,1735,4692,7049,1856,763,7293,3180
1753329129088298506,0,959,1736,4692,7049,1763,763,7293,3210
1753329129090331014,0,959,1736,4692,7049,1762,763,7293,3210
1753329129092320716,0,959,1736,4692,7049,1762,763,7293,3273
1753329129094313458,0,959,1736,4692,7049,1761,763,7294,3214
1753329129096262750,0,959,1767,4693,7049,1761,763,7294,3237
1753329129098251856,0,959,1740,4693,7049,1760,763,7294,3217
1753329129100263437,0,959,1740,4693,7049,1760,763,7294,3250
1753329129102299128,0,959,1740,4693,7049,1759,763,7295,3220
1753329129104305568,0,959,1740,4694,7049,1759,763,7295,3221
1753329129106291648,0,959,1740,4694,7049,1758,763,7295,3221
1753329129108283894,0,959,1745,4695,7049,1758,763,7295,3222
1753329129110280998,0,959,1740,4695,7049,1756,763,7295,3222
1753329129112279977,0,959,1740,4695,7049,1798,763,7297,3188
1753329129114291172,0,959,1741,4696,7049,1759,763,7297,3220
1753329129116299196,0,959,1757,4696,7049,1748,763,7297,3220
1753329129118290020,0,959,1742,4697,7049,1758,763,7297,3221
1753329129120262402,0,959,1727,4698,7049,1756,763,7298,3170
1753329129122235261,0,959,1742,4699,7049,1756,763,7298,3219
1753329129124242871,0,959,1831,4699,7049,1755,763,7298,3272
1753329129126267667,0,959,1749,4700,7049,1755,763,7298,3224
1753329129128291804,0,959,2048,4701,7049,1851,763,7298,3065
1753329129130264891,0,959,1771,4701,7049,1761,763,7298,3213
1753329129132228458,0,959,1379,4702,7049,1534,763,7298,3322
1753329129134239895,0,959,1743,4703,7049,1743,763,7299,3223
1753329129136259419,0,959,1744,4703,7049,2053,763,7299,3254
1753329129138262652,0,959,1744,4704,7049,1766,763,7299,3227
1753329129140302557,0,959,1789,4704,7049,1587,763,7299,3180
1753329129142279931,0,959,1749,4705,7049,1752,763,7299,3224
1753329129144277187,0,959,1676,4706,7049,1720,763,7299,3225
1753329129146271023,0,959,1745,4706,7049,1749,763,7300,3225
1753329129148251098,0,959,1694,4707,7049,1781,763,7300,3226
1753329129150219197,0,959,1742,4707,7049,1751,763,7300,3226
1753329129152298145,0,959,1990,4708,7049,1846,763,7300,3227
1753329129154241915,0,959,1762,4708,7049,1757,763,7300,3227
1753329129156253332,0,959,1479,4709,7049,1661,763,7300,3275
1753329129158246331,0,959,1743,4709,7049,1749,763,7301,3232
1753329129160252835,0,959,1780,4710,7049,1749,763,7301,3170
1753329129162264639,0,959,1747,4710,7049,1748,763,7301,3228
1753329129164267565,0,959,1711,4711,7049,1639,763,7301,3261
1753329129166228520,0,959,1746,4711,7049,1740,763,7302,3231
1753329129168234081,0,959,1721,4712,7049,1816,763,7302,3200
1753329129170243985,0,959,1746,4712,7049,1744,763,7302,3230
1753329129172251979,0,959,1747,4713,7049,1744,763,7302,3231
1753329129174255314,0,959,1810,4713,7049,1776,763,7302,3263
1753329129176266192,0,959,1753,4713,7049,1746,763,7303,3233
1753329129178253205,0,959,1710,4714,7049,1756,763,7302,3234
1753329129180255595,0,959,1750,4714,7049,1746,763,7303,3234
1753329129182228297,0,959,1751,4715,7049,1745,763,7303,3266
1753329129184232713,0,959,1751,4715,7049,1745,763,7303,3238
1753329129186217647,0,959,1757,4715,7049,1767,763,7303,3207
1753329129188246136,0,959,1750,4716,7049,1746,763,7303,3236
1753329129190226276,0,959,1750,4716,7049,1746,763,7304,3289
1753329129192254685,0,959,1750,4717,7049,1745,763,7304,3241
1753329129194340862,0,959,1787,4717,7049,1723,763,7304,3241
1753329129196245988,0,959,1752,4718,7049,1743,763,7304,3242
1753329129198228278,0,959,1803,4718,7049,1830,763,7304,2867
1753329129200234142,0,959,1755,4719,7049,1749,763,7305,3215
1753329129202216221,0,959,1784,4720,7049,1747,763,7305,3591
1753329129204230006,0,959,1757,4720,7049,1748,763,7305,3244
1753329129206218792,0,959,1565,4721,7049,1662,763,7305,3245
1753329129208228529,0,959,1741,4721,7049,1740,763,7305,3245
1753329129210215696,0,959,1954,4722,7049,1730,763,7305,3246
1753329129212228500,0,959,1757,4722,7049,1740,763,7305,3246
1753329129214224802,0,959,1831,4723,7049,1884,763,7306,3247
1753329129216237332,0,959,1763,4724,7049,1750,763,7306,3248
1753329129218231846,0,959,1712,4724,7049,1496,763,7306,3248
1753329129220253031,0,959,1760,4725,7049,1730,763,7306,3249
1753329129222209183,0,959,1737,4726,7049,1808,763,7307,3250
1753329129224270543,0,959,1758,4727,7049,1736,763,7307,3251
1753329129226220258,0,959,1708,4727,7049,1596,763,7307,3167
1753329129228222075,0,959,1757,4728,7049,1725,763,7307,3246
1753329129230208698,0,959,1809,4729,7049,1907,763,7307,3279
1753329129232232202,0,959,1762,4729,7049,1739,763,7308,3250
1753329129234206795,0,959,1712,4730,7049,1389,763,7308,3281
1753329129236222944,0,959,1762,4731,7049,1711,763,7308,3254
1753329129238207903,0,959,1675,4732,7049,1865,763,7308,3255
1753329129240221229,0,959,1758,4732,7049,1722,763,7308,3255
1753329129242208130,0,959,1796,4733,7049,1722,763,7309,3057
1753329129244234763,0,959,1763,4734,7049,1722,763,7309,3242
1753329129246217660,0,959,1728,4735,7049,1875,763,7309,3411
1753329129248235154,0,959,1763,4736,7049,1732,763,7309,3256
1753329129250217862,0,959,1759,4736,7049,1731,763,7309,3241
1753329129252220202,0,959,1765,4737,7049,1731,763,7309,3256
1753329129254214942,0,959,1767,4737,7049,1653,763,7310,3256
1753329129256226804,0,959,1768,4738,7049,1723,763,7310,3257
1753329129258217514,0,959,1748,4739,7049,1723,763,7310,3274
1753329129260225309,0,959,1768,4739,7049,1722,763,7311,3259
1753329129262225869,0,959,1769,4740,7049,1721,763,7311,3260
1753329129264220166,0,959,1769,4741,7049,1829,763,7311,3246
1753329129266252184,0,959,1770,4741,7049,1728,763,7311,3260
1753329129268253207,0,959,1770,4741,7049,1737,763,7311,3244
1753329129270247525,0,959,1770,4742,7049,1726,763,7312,3260
1753329129272234457,0,959,1721,4743,7049,1747,763,7312,3278
1753329129274225473,0,959,1766,4743,7049,1726,763,7312,3262
1753329129276276934,0,959,1834,4744,7049,1726,763,7312,3279
1753329129278254731,0,959,1770,4744,7049,1725,763,7312,3264
1753329129280278088,0,959,1813,4744,7049,1703,763,7312,3249
1753329129282273339,0,959,1773,4745,7049,1722,763,7312,3264
1753329129284255942,0,959,1823,4745,7049,1807,763,7312,3411
1753329129286235294,0,959,1776,4746,7049,1727,763,7313,3276
1753329129288230731,0,959,1827,4746,7049,1727,763,7313,3113
1753329129290247377,0,959,1779,4747,7049,1726,763,7313,3265
1753329129292219866,0,959,1779,4747,7049,1662,763,7313,3282
1753329129294237935,0,959,1779,4748,7049,1721,763,7313,3267
1753329129296234225,0,959,1779,4749,7049,1689,763,7314,3315
1753329129298281297,0,959,1779,4749,7049,1718,763,7314,3272
1753329129300218562,0,959,1852,4750,7049,1439,763,7314,3226
1753329129302227994,0,959,1784,4750,7049,1696,763,7314,3269
1753329129304273804,0,959,1873,4751,7049,1790,763,7315,3216
1753329129306224767,0,959,1792,4751,7049,1703,763,7315,3266
1753329129308205147,0,959,1631,4752,7049,1716,763,7315,3322
1753329129310267906,0,959,1781,4752,7049,1703,763,7315,3271
1753329129312282710,0,959,1781,4753,7049,1635,763,7316,3272
1753329129314325960,0,959,1782,4754,7049,1697,763,7316,3273
1753329129316287126,0,959,1681,4754,7049,1751,763,7316,3257
1753329129318257393,0,959,1776,4755,7049,1701,763,7316,3273
1753329129320259391,0,959,1776,4755,7049,1676,763,7316,3198
1753329129322244296,0,959,1777,4756,7049,1698,763,7317,3268
1753329129324243031,0,959,1778,4756,7049,1698,763,7317,3343
1753329129326241874,0,959,1778,4757,7049,1696,763,7317,3275
1753329129328234401,0,959,1743,4757,7049,1695,763,7317,3338
1753329129330296576,0,959,1778,4757,7049,1695,763,7317,3280
1753329129332239632,0,959,1815,4758,7049,1733,763,7317,3180
1753329129334253042,0,959,1781,4758,7049,1696,763,7317,3273
1753329129336278071,0,959,1745,4758,7049,1681,763,7318,3273
1753329129338256685,0,959,1779,4759,7049,1692,763,7318,3274
1753329129340223475,0,959,1816,4759,7049,1745,763,7318,3328
1753329129342229771,0,959,1782,4760,7049,1694,763,7318,3279
1753329129344315344,0,959,1782,4760,7049,1693,763,7318,3279
1753329129346287034,0,959,1782,4761,7049,1792,763,7319,3211
1753329129348358174,0,959,1782,4761,7049,1698,763,7319,3275
1753329129350254748,0,959,1833,4762,7049,1620,763,7319,3328
1753329129352295691,0,959,1786,4763,7049,1690,763,7319,3281
1753329129354241692,0,959,1821,4763,7049,1798,763,7319,3243
1753329129356258324,0,959,1789,4764,7049,1696,763,7320,3279
1753329129358252929,0,959,1789,4764,7049,1664,763,7320,3317
1753329129360301007,0,959,1789,4764,7049,1692,763,7320,3282
1753329129362286564,0,959,1804,4765,7049,1590,763,7320,3245
1753329129364277394,0,959,1790,4765,7049,1683,763,7321,3280
1753329129366275098,0,959,1895,4766,7049,1782,763,7321,3319
1753329129368260937,0,959,1798,4766,7049,1688,763,7321,3284
1753329129370251881,0,959,1692,4767,7049,1014,763,7321,3247
1753329129372274018,0,959,1790,4767,7049,1637,763,7322,3282
1753329129374276645,0,959,1790,4768,7049,2209,763,7322,3283
1753329129376286296,0,959,1791,4768,7049,1678,763,7322,3283
1753329129378297606,0,959,1791,4768,7049,1637,763,7322,3268
1753329129380289954,0,959,1791,4769,7049,1673,763,7322,3283
1753329129382289246,0,959,1897,4769,7049,1659,763,7323,3297
1753329129384315355,0,959,1800,4770,7049,1671,763,7323,3285
1753329129386259619,0,959,1673,4770,7049,1670,763,7323,3285
1753329129388283925,0,959,1792,4770,7049,1669,763,7323,3285
1753329129390249636,0,959,1799,4771,7049,1668,763,7323,3271
1753329129392275363,0,959,1794,4771,7049,1668,763,7324,3285
1753329129394223027,0,959,1760,4771,7049,1862,763,7324,3337
1753329129396309241,0,959,1792,4771,7049,1681,763,7324,3288
1753329129398377712,0,959,1793,4771,7049,1460,763,7325,3251
1753329129400371847,0,959,1793,4772,7049,1663,763,7325,3287
1753329129402293972,0,959,1743,4772,7049,1662,763,7325,3356
1753329129404308430,0,959,1791,4773,7049,1660,763,7325,3293
1753329129406309720,0,959,1681,4773,7049,1659,763,7325,3293
1753329129408373412,0,959,1783,4773,7049,1657,763,7325,3293
1753329129410295736,0,959,1976,4773,7049,1681,763,7325,3277
1753329129412287063,0,959,1798,4773,7049,1658,763,7326,3292
1753329129414222301,0,959,1770,4774,7049,1710,763,7326,3308
1753329129416294471,0,959,1797,4774,7049,1659,763,7326,3294
1753329129418222272,0,959,1833,4774,7049,1658,763,7326,3347
1753329129420240690,0,959,1801,4774,7049,1657,763,7327,3298
1753329129422226590,0,959,1766,4774,7049,1656,763,7327,3229
1753329129424338735,0,959,1798,4775,7049,1655,763,7327,3294
1753329129426263607,0,959,1828,4775,7049,1677,763,7327,3294
1753329129428244987,0,959,1801,4775,7049,1654,763,7328,3294
1753329129430266953,0,959,1801,4776,7049,1653,763,7328,3295
1753329129432240483,0,959,1801,4776,7049,1652,763,7328,3295
1753329129434332710,0,959,1801,4777,7049,1651,763,7328,3296
1753329129436407576,0,959,1822,4777,7049,1627,763,7329,3279
1753329129438878558,0,959,1802,4778,7049,1647,763,7329,3295
1753329129440195316,0,959,1751,4779,7049,1746,763,7329,3296
1753329129442338293,0,959,1798,4779,7049,1652,763,7329,3296
1753329129444248947,0,959,1872,4780,7049,1651,763,7329,3297
1753329129446360384,0,959,1804,4780,7049,1650,763,7330,3297
1753329129448349520,0,959,1760,4781,7049,1572,763,7330,3298
1753329129450359267,0,959,1802,4781,7049,1642,763,7330,3298
1753329129452385420,0,959,1823,4781,7049,1618,763,7330,3261
1753329129454262825,0,959,1803,4781,7049,1638,763,7330,3296
1753329129456299110,0,959,1804,4782,7049,1638,763,7330,3296
1753329129458285320,0,959,1804,4782,7049,1637,763,7331,3296
1753329129460203218,0,959,1789,4783,7049,1636,763,7331,3297
1753329129462215626,0,959,1804,4783,7049,1636,763,7331,3297
1753329129464190498,0,959,1799,4783,7049,1595,763,7331,3297
1753329129466237741,0,959,1805,4783,7049,1631,763,7331,3297
1753329129468243307,0,959,1805,4784,7049,1616,763,7331,3298
1753329129470235350,0,959,1806,4784,7049,1627,763,7331,3298
1753329129472209889,0,959,1806,4784,7049,1626,763,7331,3336
1753329129474226039,0,959,1807,4785,7049,1626,763,7331,3302
1753329129476206233,0,959,1777,4785,7049,1571,763,7331,3264
1753329129478178989,0,959,1805,4785,7049,1620,763,7331,3299
1753329129480228388,0,959,1834,4786,7049,1727,763,7331,3300
1753329129482171829,0,959,1807,4786,7049,1626,763,7331,3300
1753329129484194847,0,959,1778,4786,7049,1647,763,7332,3338
1753329129486237871,0,959,1806,4786,7049,1625,763,7332,3303
1753329129488192763,0,959,1755,4786,7049,1600,763,7332,3320
1753329129490174809,0,959,1802,4786,7049,1620,763,7332,3304
1753329129492178582,0,959,1802,4786,7049,1642,763,7332,3304
1753329129494235206,0,959,1803,4787,7049,1620,763,7333,3305
1753329129496223310,0,959,1854,4787,7049,1695,763,7333,3305
1753329129498191875,0,959,1807,4787,7049,1622,763,7333,3305
1753329129500254179,0,959,1808,4788,7049,1620,763,7333,3306
1753329129502280869,0,959,1808,4788,7049,1619,763,7333,3306
1753329129504215524,0,959,1837,4789,7049,1518,763,7333,3354
1753329129506291444,0,959,1811,4789,7049,1609,763,7334,3311
1753329129508214234,0,959,1782,4789,7049,1708,763,7334,3280
1753329129510254511,0,959,1810,4790,7049,1615,763,7334,3309
1753329129512220114,0,959,1810,4790,7049,1512,763,7334,3188
1753329129514196905,0,959,1811,4791,7049,1605,763,7335,3301
1753329129516214980,0,959,1811,4791,7049,1604,763,7335,3301
1753329129518198898,0,959,1811,4792,7049,1549,763,7335,3424
1753329129520254111,0,959,1812,4792,7049,1598,763,7335,3311
1753329129522228936,0,959,1812,4792,7049,1650,763,7336,3410
1753329129524315329,0,959,1812,4792,7049,1599,763,7336,3319
1753329129526208054,0,959,1842,4793,7049,1558,763,7336,3205
1753329129528207111,0,959,1815,4793,7049,1595,763,7336,3311
1753329129530212123,0,959,1735,4794,7049,1634,763,7336,3312
1753329129532260059,0,959,1810,4794,7049,1596,763,7336,3312
1753329129534224985,0,959,1811,4794,7049,1595,763,7336,3312
1753329129536345244,0,959,1811,4795,7049,1594,763,7337,3313
1753329129538228982,0,959,1863,4795,7049,1615,763,7337,3313
1753329129540374071,0,959,1816,4795,7049,1593,763,7337,3313
1753329129542345776,0,959,1816,4795,7049,1569,763,7337,3313
1753329129544343184,0,959,1817,4796,7049,1590,763,7338,3314
1753329129546313393,0,959,1766,4796,7049,1589,763,7338,3314
1753329129548283620,0,959,1814,4796,7049,1588,763,7338,3314
1753329129550303543,0,959,1865,4796,7049,1587,763,7338,3314
1753329129552316034,0,959,1817,4797,7049,1586,763,7339,3315
1753329129554325633,0,959,1725,4797,7049,1544,763,7339,3315
1753329129556350920,0,959,1811,4797,7049,1580,763,7339,3315
1753329129558374035,0,959,1905,4798,7049,1642,763,7339,3363
1753329129560234393,0,959,1819,4798,7049,1582,763,7339,3320
1753329129562237554,0,959,1768,4799,7049,1581,763,7339,3274
1753329129564282491,0,959,1816,4799,7049,1580,763,7340,3317
1753329129566332055,0,959,1868,4800,7049,1579,763,7340,3264
1753329129568351559,0,959,1820,4800,7049,1577,763,7340,3314
1753329129570327697,0,959,1820,4800,7049,1554,763,7340,3368
1753329129572330127,0,959,1821,4800,7049,1574,763,7340,3318
1753329129574285132,0,959,1851,4801,7049,1673,763,7340,3319
1753329129576247358,0,959,1824,4801,7049,1579,763,7341,3319
1753329129578249011,0,959,1707,4802,7049,1500,763,7341,3320
1753329129580270530,0,959,1817,4802,7049,1571,763,7341,3320
1753329129582233340,0,959,1854,4803,7049,1647,763,7342,3436
1753329129584201303,0,959,1820,4803,7049,1574,763,7342,3330
1753329129586217424,0,959,1821,4803,7049,1573,763,7342,3199
1753329129588176838,0,959,1820,4804,7049,1572,763,7342,3321
1753329129590226137,0,959,1820,4804,7049,1571,763,7342,3321
1753329129592268068,0,959,1821,4804,7049,1570,763,7343,3321
1753329129594249109,0,959,1759,4805,7049,1492,763,7343,3322
1753329129596182454,0,959,1817,4805,7049,1562,763,7343,3322
1753329129598162732,0,959,1881,4806,7049,1539,763,7343,3355
1753329129600170407,0,959,1823,4806,7049,1559,763,7343,3325
1753329129602189704,0,959,1823,4806,7049,1558,763,7344,3325
1753329129604168927,0,959,1823,4806,7049,1557,763,7344,3293
1753329129606204076,0,959,1824,4806,7049,1556,763,7344,3323
1753329129608211833,0,959,1787,4808,7049,1578,763,7344,3325
1753329129610245164,0,959,1821,4808,7049,1556,763,7344,3325
1753329129612209708,0,959,1909,4809,7049,1664,763,7344,3274
1753329129614464011,0,959,1828,4809,7049,1562,763,7345,3322
1753329129616269560,0,959,1740,4810,7049,1430,763,7345,3323
1753329129618306259,0,959,1821,4810,7049,1551,763,7345,3323
1753329129620312669,0,959,1858,4811,7049,1682,763,7344,3301
1753329129622312007,0,959,1824,4811,7049,1559,763,7345,3322
1753329129624282389,0,959,1787,4811,7049,1450,763,7344,3322
1753329129626290571,0,959,1821,4812,7049,1550,763,7344,3323
1753329129628240953,0,959,1909,4812,7049,1626,763,7345,3323
1753329129630266303,0,959,1829,4812,7049,1553,763,7345,3323
1753329129632229324,0,959,1741,4812,7049,1552,763,7345,3346
1753329129634302709,0,959,1822,4813,7049,1552,763,7345,3326
1753329129636326288,0,959,1859,4813,7049,1551,763,7345,3303
1753329129638317850,0,959,1825,4813,7049,1551,763,7345,3324
1753329129640344198,0,959,1788,4812,7049,1581,763,7345,3584
1753329129642271998,0,959,1823,4812,7049,1552,763,7345,3342
1753329129644309806,0,959,1911,4812,7049,1341,763,7345,3067
1753329129646324952,0,959,1830,4812,7049,1534,763,7345,3322
1753329129648255731,0,959,1859,4812,7049,1636,763,7346,3374
1753329129650276866,0,959,1832,4812,7049,1541,763,7346,3326
1753329129652264206,0,959,1751,4813,7049,1463,763,7346,3312
1753329129654299616,0,959,1826,4813,7049,1534,763,7346,3325
1753329129656312202,0,959,1877,4813,7049,1546,763,7346,3325
1753329129658325487,0,959,1830,4813,7049,1533,763,7346,3325
1753329129660298876,0,959,1831,4813,7049,1532,763,7346,3325
1753329129662277872,0,959,1831,4813,7049,1531,763,7346,3325
1753329129664247958,0,959,1860,4813,7049,1594,763,7347,3340
1753329129666247174,0,959,1833,4814,7049,1535,763,7347,3327
1753329129668282312,0,959,1641,4814,7049,1511,763,7347,3365
1753329129670268450,0,959,1820,4815,7049,1532,763,7347,3331
1753329129672254362,0,959,2032,4815,7049,1490,763,7348,3279
1753329129674271817,0,959,1835,4815,7049,1526,763,7348,3327
1753329129676265932,0,959,1622,4815,7049,1526,763,7348,3304
1753329129678276920,0,959,1820,4815,7049,1525,763,7348,3325
1753329129680243279,0,959,2012,4816,7049,1587,763,7349,3349
1753329129682236107,0,959,1835,4816,7049,1529,763,7349,3328
1753329129684273858,0,959,1754,4816,7049,1505,763,7349,3343
1753329129686297743,0,959,1830,4816,7049,1525,763,7349,3329
1753329129688264839,0,959,1830,4817,7049,1524,763,7349,3330
1753329129690279500,0,959,1881,4817,7049,1623,763,7350,3316
1753329129692303231,0,959,1834,4817,7049,1529,763,7350,3329
1753329129694282960,0,959,1834,4817,7049,1428,763,7350,3329
1753329129696303293,0,959,1834,4817,7049,1519,763,7350,3329
1753329129698205895,0,959,1784,4817,7049,1541,763,7350,3329
1753329129700228041,0,959,1832,4818,7049,1519,763,7351,3330
1753329129702232341,0,959,1883,4818,7049,2065,763,7351,3330
1753329129704220187,0,959,1836,4818,7049,1557,763,7351,3330
1753329129706218488,0,959,1785,4818,7049,1085,763,7351,3330
1753329129708305112,0,959,1833,4818,7049,1519,763,7351,3330
1753329129710205266,0,959,1920,4818,7049,1441,763,7352,3307
1753329129712231554,0,959,1840,4818,7049,1511,763,7352,3328
1753329129714257191,0,959,1755,4818,7049,1588,763,7352,3328
1753329129716312145,0,959,1835,4818,7049,1515,763,7353,3328
1753329129718231858,0,959,1798,4818,7049,1514,763,7353,3328
1753329129720302179,0,959,1833,4819,7049,1513,763,7353,3329
1753329129722245890,0,959,1833,4819,7049,1543,763,7353,3329
1753329129724247569,0,959,1833,4818,7049,1514,763,7353,3328
1753329129726232300,0,959,1871,4818,7049,1513,763,7354,3313
1753329129728274361,0,959,1836,4818,7049,1513,763,7354,3327
1753329129730252303,0,959,1836,4818,7049,1512,763,7354,3479
1753329129732224388,0,959,1836,4818,7049,1512,763,7354,3338
1753329129734208940,0,959,1836,4818,7049,1511,763,7354,3185
1753329129736219914,0,959,1837,4818,7049,1511,763,7355,3327
1753329129738228995,0,959,1918,4819,7049,1479,763,7355,3328
1753329129740307065,0,959,1842,4819,7049,1508,763,7355,3327
1753329129742233215,0,959,1763,4819,7049,1507,763,7355,3313
1753329129744219233,0,959,1837,4818,7049,1507,763,7356,3325
1753329129746262273,0,959,1918,4819,7049,1507,763,7356,3379
1753329129748221449,0,959,1843,4818,7049,1507,763,7356,3329
1753329129750272383,0,959,1814,4819,7049,1429,763,7356,3293
1753329129752248492,0,959,1841,4818,7049,1501,763,7356,3326
1753329129754248330,0,959,1790,4819,7049,1620,763,7357,3327
1753329129756259706,0,959,1837,4818,7049,1510,763,7357,3326
1753329129758253967,0,959,1800,4819,7049,1595,763,7357,3327
1753329129760248299,0,959,1834,4818,7049,1515,763,7357,3326
1753329129762252743,0,959,1952,4818,7049,1515,763,7357,3326
1753329129764224486,0,959,1844,4819,7049,1514,763,7358,3327
1753329129766211414,0,959,1727,4818,7049,1428,763,7358,3154
1753329129768205887,0,959,1835,4818,7049,1506,763,7358,3313
1753329129770227667,0,959,1835,4818,7049,1495,763,7358,3485
1753329129772217076,0,959,1835,4818,7049,1503,763,7358,3326
1753329129774276270,0,959,1835,4819,7049,1502,763,7359,3327
1753329129776228700,0,959,1835,4818,7049,1533,763,7359,3326
1753329129778361409,0,959,1835,4818,7049,1503,763,7359,3326
1753329129780210343,0,959,1835,4818,7049,1480,763,7359,3340
1753329129782230513,0,959,1835,4818,7049,1499,763,7359,3327
1753329129784190796,0,959,1835,4818,7049,1380,763,7359,3327
1753329129786299028,0,959,1835,4818,7049,1489,763,7361,3326
1753329129788162372,0,959,1923,4818,7049,1597,763,7361,3364
1753329129790195243,0,959,1842,4818,7049,1495,763,7361,3329
1753329129792157521,0,959,1842,4818,7049,1504,763,7361,3277
1753329129794177648,0,959,1842,4818,7049,1493,763,7362,3325
1753329129796165826,0,959,1842,4818,7049,1493,763,7362,3363
1753329129798162875,0,959,1842,4818,7049,1492,763,7362,3328
1753329129800175591,0,959,1842,4818,7049,1577,763,7362,3305
1753329129802165353,0,959,1842,4818,7049,1496,763,7362,3326
1753329129804159082,0,959,1791,4818,7049,1431,763,7362,3349
1753329129806173428,0,959,1838,4818,7049,1490,763,7362,3328
1753329129808149876,0,959,1838,4818,7049,1489,763,7362,3397
1753329129810171234,0,959,1838,4818,7049,1488,763,7363,3333
1753329129812196875,0,959,1838,4818,7049,1550,763,7363,3503
1753329129814143195,0,959,1838,4818,7049,1491,763,7363,3346
1753329129816169802,0,959,1838,4818,7049,1618,763,7363,3107
1753329129818194341,0,959,1838,4818,7049,1499,763,7364,3328
1753329129820182027,0,959,1838,4818,7049,1306,763,7364,3328
1753329129822187827,0,959,1838,4818,7049,1482,763,7364,3328
1753329129824178771,0,959,1838,4818,7049,1546,763,7364,3305
1753329129826197662,0,959,1838,4818,7049,1486,763,7364,3326
1753329129828264642,0,959,1839,4818,7049,1399,763,7365,3349
1753329129830250187,0,959,1839,4818,7049,1478,763,7365,3328
1753329129832280852,0,959,1839,4818,7049,1499,763,7365,3290
1753329129834289094,0,959,1839,4819,7049,1478,763,7365,3326
1753329129836282571,0,959,1839,4819,7049,1456,763,7365,3415
1753329129838260897,0,959,1839,4819,7049,1475,763,7365,3333
1753329129840254414,0,959,1802,4820,7049,1497,763,7366,3281
1753329129842253547,0,959,1836,4820,7049,1476,763,7366,3330
1753329129844220185,0,959,1837,4821,7049,1476,763,7366,3247
1753329129846265689,0,959,1837,4821,7049,1475,763,7366,3324
1753329129848322975,0,959,1837,4821,7049,1475,763,7366,3292
1753329129850262267,0,959,1837,4821,7049,1474,763,7367,3322
1753329129852286555,0,959,1837,4821,7049,1473,763,7367,3295
1753329129854310808,0,959,1837,4821,7049,1472,763,7367,3320
1753329129856315699,0,959,1762,4822,7049,1553,763,7367,3282
1753329129858294004,0,959,1831,4822,7049,1476,763,7367,3318
1753329129860280931,0,959,1831,4822,7049,1476,763,7368,3317
1753329129862286471,0,959,1899,4821,7049,1458,763,7368,3316
1753329129864343091,0,959,1836,4821,7049,1473,763,7368,3316
1753329129866262735,0,959,1842,4821,7049,1409,763,7368,3308
1753329129868226173,0,959,1836,4821,7049,1467,763,7368,3315
1753329129870183533,0,959,1873,4821,7049,1126,763,7368,3315
1753329129872217400,0,959,1839,4820,7049,1441,763,7369,3314
1753329129874217901,0,959,1802,4819,7049,1780,763,7369,3313
1753329129876297727,0,959,1836,4819,7049,1465,763,7369,3313
1753329129878267618,0,959,1762,4818,7049,1464,763,7369,3292
1753329129880279345,0,959,1831,4818,7049,1464,763,7369,3310
1753329129882239393,0,959,1905,4817,7049,1463,763,7370,3757
1753329129884264825,0,959,1836,4816,7049,1462,763,7370,3342
1753329129886227927,0,959,1830,4815,7049,1461,763,7370,2913
1753329129888223427,0,959,1835,4814,7049,1460,763,7370,3308
1753329129890203243,0,959,1841,4813,7049,1459,763,7370,3354
1753329129892249719,0,959,1836,4813,7049,1459,763,7370,3310
1753329129894237226,0,959,1836,4812,7049,1522,763,7371,3309
1753329129896283655,0,959,1836,4811,7049,1462,763,7371,3308
1753329129898233564,0,959,1959,4810,7049,1479,763,7371,3334
1753329129900278433,0,959,1845,4809,7049,1461,763,7371,3308
1753329129902251600,0,959,1883,4808,7049,1442,763,7372,3307
1753329129904228202,0,959,1848,4808,7049,1459,763,7372,3307
1753329129906198887,0,959,1803,4806,7049,1372,763,7372,3336
1753329129908244222,0,959,1844,4806,7049,1450,763,7372,3307
1753329129910226678,0,959,1726,4805,7049,2213,763,7372,3274
1753329129912299196,0,959,1835,4805,7049,1506,763,7373,3303
1753329129914249202,0,959,1872,4804,7049,827,763,7373,3302
1753329129916283962,0,959,1838,4803,7049,1454,763,7373,3301
1753329129918250307,0,959,1838,4802,7049,1368,763,7373,3021
1753329129920250087,0,959,1838,4801,7049,1447,763,7373,3278
1753329129922239012,0,959,1889,4801,7049,1447,763,7374,3557
1753329129924216765,0,959,1842,4800,7049,1446,763,7374,3298
1753329129926211884,0,959,1792,4799,7049,1467,763,7374,3297
1753329129928198395,0,959,1839,4799,7049,1446,763,7374,3297
1753329129930197028,0,959,1839,4798,7049,1446,763,7375,3268
1753329129932193132,0,959,1840,4797,7049,1445,763,7375,3292
1753329129934203830,0,959,1729,4796,7049,1509,763,7375,3319
1753329129936204118,0,959,1832,4796,7049,1449,763,7375,3293
1753329129938192518,0,959,1900,4795,7049,1446,763,7375,3265
1753329129940186434,0,959,1837,4794,7049,1447,763,7375,3289
1753329129942192009,0,959,1837,4793,7049,1446,763,7376,3288
1753329129944197193,0,959,1838,4792,7049,1445,763,7375,3287
1753329129946285027,0,959,1837,4792,7049,1445,763,7376,3287
1753329129948211699,0,959,1817,4791,7049,992,763,7375,3190
1753329129950215755,0,959,1835,4790,7049,1410,763,7376,3278
1753329129952188681,0,959,1835,4789,7049,1862,763,7376,3333
1753329129954245701,0,959,1835,4789,7049,1443,763,7376,3281
1753329129956204179,0,959,1949,4788,7049,1442,763,7376,3409
1753329129958323186,0,959,1844,4787,7049,1441,763,7376,3288
1753329129960351173,0,959,1756,4786,7049,1442,763,7376,2960
1753329129962268523,0,959,1837,4785,7049,1440,763,7376,3262
1753329129964258156,0,959,1837,4784,7049,1456,763,7377,3450
1753329129966356769,0,959,1837,4783,7049,1440,763,7377,3273
1753329129968322910,0,959,1837,4783,7049,1470,763,7377,3253
1753329129970296574,0,959,1837,4782,7049,1440,763,7377,3271
1753329129972243492,0,959,1837,4781,7049,1440,763,7377,3270
1753329129974306078,0,959,1836,4780,7049,1440,763,7377,3268
1753329129976219281,0,959,1836,4779,7049,1458,763,7377,3267
1753329129978284056,0,959,1836,4778,7049,1440,763,7377,3266
1753329129980225760,0,959,1836,4777,7049,1439,763,7378,3236
1753329129982224884,0,959,1836,4776,7049,1439,763,7378,3262
1753329129984200669,0,959,1836,4775,7049,1438,763,7378,3261
1753329129986198656,0,959,1835,4774,7049,1437,763,7378,3260
1753329129988251452,0,959,1829,4774,7049,1387,763,7379,3243
1753329129990215775,0,959,1834,4773,7049,1432,763,7379,3257
1753329129992272508,0,959,1877,4772,7049,1496,763,7379,3256
1753329129994278747,0,959,1837,4771,7049,1436,763,7379,3255
1753329129996237815,0,959,2281,4770,7049,1519,763,7379,3425
1753329129998213218,0,959,1870,4769,7049,1440,763,7379,3266
1753329130000337395,0,959,1385,4767,7049,1355,763,7380,3049
1753329130002397764,0,959,1833,4766,7049,1433,763,7380,3246
1753329130004315374,0,959,1833,4765,7049,1536,763,7380,3245
1753329130006373125,0,959,1833,4763,7049,1439,763,7380,3243
1753329130008339769,0,959,1765,4762,7049,1438,763,7380,3331
1753329130010308748,0,959,1827,4761,7049,1437,763,7381,3247
1753329130012341112,0,959,1828,4759,7049,1516,763,7381,3200
1753329130014379930,0,959,1828,4758,7049,1441,763,7381,3241
1753329130016354184,0,959,1828,4757,7049,1359,763,7381,3196
1753329130018367130,0,959,1828,4756,7049,1433,763,7382,3235
1753329130020281385,0,959,1828,4754,7049,1464,763,7382,3277
1753329130022424001,0,959,1828,4753,7049,1432,763,7382,3235
1753329130024334929,0,959,1828,4751,7049,1009,763,7382,3131
1753329130026377154,0,959,1828,4750,7049,1399,763,7382,3224
1753329130028282971,0,959,1828,4748,7049,1770,763,7383,3281
1753329130030320762,0,959,1827,4747,7049,1424,763,7383,3226
1753329130032366467,0,959,1826,4745,7049,1423,763,7383,3223
1753329130034265240,0,959,1826,4744,7049,1442,763,7383,3222
1753329130036296831,0,959,1826,4742,7049,1423,763,7384,3220
1753329130038271230,0,959,1825,4741,7049,1423,763,7384,3090
1753329130040248671,0,959,1825,4739,7049,1422,763,7384,3207
1753329130042255366,0,959,1825,4738,7049,1503,763,7384,3379
1753329130044214829,0,959,1824,4736,7049,1428,763,7384,3217
1753329130046258741,0,959,1824,4735,7049,1503,763,7384,3172
1753329130048250161,0,959,1823,4733,7049,1433,763,7385,3210
1753329130050261173,0,959,1823,4731,7049,1346,763,7385,3208
1753329130052202883,0,959,1823,4729,7049,1426,763,7385,3206
1753329130054233316,0,959,1822,4728,7049,1535,763,7385,3248
1753329130056223964,0,959,1822,4726,7049,1433,763,7385,3206
1753329130058268163,0,959,1821,4724,7049,1409,763,7386,3136
1753329130060250980,0,959,1821,4722,7049,1431,763,7386,3197
1753329130062386650,0,959,1821,4720,7049,1455,763,7386,3219
1753329130064248910,0,959,1820,4718,7049,1433,763,7386,3194
1753329130066228128,0,959,1819,4716,7049,1661,763,7387,3192
1753329130068240908,0,959,1818,4715,7049,1450,763,7387,3191
1753329130070258404,0,959,1817,4713,7049,1268,763,7387,3165
1753329130072282341,0,959,1817,4711,7049,1435,763,7387,3185
1753329130074293681,0,959,1816,4709,7049,1466,763,7387,3267
1753329130076227567,0,959,1816,4707,7049,1438,763,7387,3187
1753329130078233557,0,959,1815,4705,7049,1423,763,7388,3185
1753329130080272169,0,959,1815,4703,7049,1437,763,7388,3182
1753329130082350563,0,959,1814,4701,7049,1452,763,7388,3209
1753329130084284311,0,959,1814,4699,7049,1438,763,7388,3180
1753329130086312446,0,959,1814,4697,7049,1439,763,7389,3198
1753329130088344314,0,959,1812,4695,7049,1439,763,7389,3178
1753329130090309388,0,959,1812,4693,7049,1408,763,7389,3250
1753329130092226686,0,959,1812,4691,7049,1437,763,7389,3179
1753329130094203684,0,959,1811,4689,7049,1467,763,7389,3038
1753329130096241114,0,959,1810,4687,7049,1439,763,7389,3164
1753329130098216390,0,959,1810,4685,7049,1339,763,7389,3162
1753329130100210875,0,959,1809,4683,7049,1432,763,7389,3160
1753329130102215774,0,959,1808,4681,7049,1533,763,7390,3175
1753329130104210968,0,959,1807,4679,7049,1440,763,7390,3157
1753329130106189576,0,959,1806,4677,7049,1384,763,7390,3139
1753329130108198378,0,959,1806,4675,7049,1436,763,7390,3152
1753329130110188549,0,959,1805,4673,7049,1505,763,7390,3150
1753329130112182293,0,959,1805,4671,7049,1439,763,7391,3148
1753329130114201852,0,959,1804,4669,7049,1439,763,7391,3145
1753329130116213447,0,959,1966,4667,7049,1551,763,7391,3189
1753329130118216558,0,959,1815,4665,7049,1448,763,7391,3145
1753329130120264607,0,959,1652,4663,7049,1448,763,7392,3142
1753329130122226917,0,959,1802,4661,7049,1448,763,7392,3140
1753329130124264620,0,959,1801,4659,7049,1641,763,7392,3138
1753329130126316847,0,959,1800,4657,7049,1463,763,7392,3136
1753329130128251399,0,959,1800,4655,7049,1346,763,7392,3134
1753329130130286085,0,959,1799,4653,7049,1455,763,7393,3132
1753329130132237402,0,959,1798,4651,7049,1403,763,7393,3197
1753329130134225525,0,959,1798,4649,7049,1449,763,7393,3133
1753329130136231293,0,959,1796,4647,7049,1425,763,7393,3092
1753329130138217344,0,959,1796,4645,7049,1448,763,7393,3126
1753329130140223948,0,959,1795,4644,7049,1406,763,7393,3163
1753329130142228107,0,959,1795,4641,7049,1445,763,7394,3124
1753329130144204180,0,959,1794,4639,7049,1488,763,7394,3122
1753329130146194712,0,959,1793,4638,7049,1449,763,7394,3121
1753329130148190920,0,959,1793,4636,7049,1322,763,7394,3080
1753329130150179578,0,959,1792,4634,7049,1440,763,7394,3114
1753329130152183567,0,959,1791,4632,7049,1567,763,7395,3210
1753329130154182363,0,959,1790,4631,7049,1449,763,7395,3118
1753329130156184355,0,959,1790,4629,7049,1407,763,7395,3084
1753329130158181850,0,959,1789,4627,7049,1447,763,7395,3112
1753329130160186360,0,959,1789,4625,7049,1489,763,7396,3110
1753329130162180055,0,959,1788,4624,7049,1450,763,7396,3109
1753329130164177063,0,959,1787,4622,7049,1408,763,7396,3138
1753329130166180452,0,959,1787,4620,7049,1447,763,7396,3107
1753329130168179649,0,959,1834,4618,7049,1490,763,7397,2711
1753329130170177672,0,959,1788,4616,7049,1451,763,7397,3073
1753329130172176259,0,959,1739,4614,7049,1409,763,7397,3496
1753329130174174329,0,959,1783,4613,7049,1448,763,7397,3102
1753329130176182632,0,959,1782,4611,7049,1490,763,7398,3100
1753329130178185102,0,959,1781,4609,7049,1451,763,7398,3098
1753329130180185638,0,959,1781,4608,7049,1476,763,7398,3126
1753329130182182971,0,959,1780,4606,7049,1454,763,7398,3097
1753329130184210912,0,959,1779,4605,7049,1454,763,7398,3081
1753329130186215521,0,959,1779,4603,7049,1454,763,7398,3092
1753329130188220396,0,959,1778,4602,7049,1388,763,7398,3129
1753329130190222622,0,959,1777,4600,7049,1449,763,7399,3092
1753329130192234834,0,959,1776,4599,7049,1449,763,7399,3068
1753329130194201823,0,959,1776,4597,7049,1450,763,7399,3087
1753329130196182281,0,959,1775,4596,7049,1567,763,7399,3086
1753329130198191025,0,959,1774,4594,7049,1459,763,7399,3084
1753329130200225771,0,959,1773,4593,7049,1459,763,7400,3083
1753329130202209514,0,959,1772,4591,7049,1430,763,7400,3104
1753329130204227210,0,959,1770,4589,7049,1457,763,7400,3081
1753329130206208305,0,959,1770,4588,7049,1436,763,7401,3080
1753329130208303242,0,959,1769,4587,7049,1456,763,7401,3079
1753329130210244517,0,959,1767,4585,7049,1456,763,7401,3077
1753329130212321986,0,959,1766,4584,7049,1456,763,7401,3076
1753329130214246032,0,959,1765,4582,7049,1457,763,7402,3088
1753329130216377602,0,959,1765,4581,7049,1457,763,7402,3074
1753329130218224081,0,959,1764,4580,7049,1457,763,7402,3110
1753329130220237039,0,959,1763,4579,7049,1457,763,7402,3075
1753329130222223534,0,959,1762,4577,7049,1479,763,7402,3073
1753329130224232868,0,959,1761,4576,7049,1459,763,7402,3072
1753329130226234413,0,959,1760,4575,7049,1521,763,7403,3071
1753329130228319879,0,959,1759,4574,7049,1464,763,7403,3070
1753329130230240393,0,959,1759,4573,7049,1402,763,7403,3069
1753329130232332360,0,959,1758,4571,7049,1460,763,7403,3067
1753329130234288779,0,959,1757,4570,7049,1522,763,7403,2991
1753329130236238207,0,959,1756,4569,7049,1465,763,7403,3059
1753329130238230872,0,959,1753,4568,7049,1498,763,7404,3150
1753329130240236980,0,959,1753,4567,7049,1468,763,7404,3064
1753329130242214987,0,959,1752,4565,7049,1402,763,7404,3045
1753329130244235095,0,959,1751,4564,7049,1463,763,7404,3059
1753329130246227431,0,959,1750,4563,7049,1463,763,7404,3121
1753329130248218107,0,959,1749,4562,7049,1463,763,7405,3062
1753329130250211706,0,959,1748,4560,7049,1463,763,7405,3014
1753329130252200309,0,959,1747,4559,7049,1464,763,7405,3056
1753329130254203483,0,959,1746,4558,7049,1434,763,7405,3038
1753329130256210560,0,959,1745,4557,7049,1461,763,7405,3052
1753329130258217317,0,959,1744,4556,7049,1491,763,7406,3068
1753329130260201229,0,959,1743,4555,7049,1464,763,7406,3052
1753329130262189380,0,959,1810,4553,7049,1496,763,7406,3050
1753329130264172212,0,959,1746,4552,7049,1467,763,7406,3049
1753329130266193685,0,959,1677,4551,7049,1405,763,7406,3048
1753329130268190773,0,959,1739,4550,7049,1463,763,7407,3047
1753329130270195221,0,959,1738,4549,7049,1557,763,7407,3046
1753329130272197494,0,959,1736,4548,7049,1470,763,7407,3045
1753329130274244813,0,959,1735,4546,7049,1470,763,7407,3026
1753329130276201141,0,959,1734,4546,7049,1471,763,7408,3041
1753329130278294577,0,959,1733,4545,7049,1438,763,7408,3057
1753329130280222296,0,959,1731,4543,7049,1469,763,7408,3040
1753329130282217359,0,959,1730,4542,7049,1469,763,7408,3039
1753329130284224678,0,959,1730,4541,7049,1469,763,7408,3038
1753329130286205264,0,959,1729,4540,7049,1469,763,7408,3037
1753329130288223095,0,959,1728,4539,7049,1502,763,7409,3036
1753329130290243800,0,959,1726,4538,7049,1472,763,7409,3035
1753329130292201243,0,959,1725,4537,7049,1472,763,7409,3034
1753329130294202186,0,959,1724,4535,7049,1473,763,7409,3032
1753329130296253989,0,959,1723,4534,7049,1473,763,7410,3014
1753329130298214843,0,959,1722,4533,7049,1473,763,7410,3028
1753329130300231435,0,959,1721,4532,7049,1473,763,7410,3027
1753329130302363896,0,959,1720,4531,7049,1473,763,7410,3026
1753329130304268057,0,959,1719,4530,7049,1334,763,7411,2988
1753329130306258272,0,959,1717,4529,7049,1463,763,7411,3022
1753329130308277576,0,959,1716,4528,7049,1656,763,7411,3075
1753329130310219677,0,959,1715,4527,7049,1478,763,7411,3024
1753329130312269185,0,959,1714,4526,7049,1426,763,7411,3023
1753329130314230695,0,959,1713,4525,7049,1475,763,7411,3022
1753329130316192440,0,959,1712,4524,7049,1729,763,7412,3067
1753329130318245249,0,959,1711,4523,7049,1494,763,7412,3023
1753329130320270265,0,959,1710,4522,7049,1293,763,7412,2976
1753329130322257231,0,959,1708,4521,7049,1480,763,7412,3018
1753329130324261863,0,959,1707,4520,7049,1480,763,7413,3017
1753329130326225065,0,959,1706,4519,7049,1480,763,7413,3016
1753329130328245182,0,959,1705,4518,7049,1481,763,7413,3083
1753329130330251546,0,959,1704,4517,7049,1481,763,7413,3019
1753329130332220771,0,959,1703,4516,7049,1524,763,7413,2881
1753329130334220212,0,959,1702,4515,7049,1485,763,7413,3006
1753329130336284250,0,959,1700,4514,7049,1455,763,7414,3005
1753329130338257351,0,959,1700,4513,7049,1483,763,7414,3004
1753329130340243727,0,959,1698,4512,7049,1470,763,7414,3018
1753329130342234158,0,959,1697,4511,7049,1482,763,7414,3003
1753329130344244504,0,959,1696,4510,7049,1398,763,7415,3002
1753329130346240555,0,959,1694,4509,7049,1477,763,7415,3001
1753329130348234294,0,959,1693,4508,7049,1562,763,7415,3000
1753329130350264444,0,959,1692,4507,7049,1483,763,7415,2999
1753329130352242789,0,959,1691,4506,7049,1484,763,7415,2984
1753329130354269707,0,959,1690,4505,7049,1484,763,7416,2996
1753329130356223103,0,959,1689,4504,7049,1399,763,7416,2972
1753329130358205868,0,959,1688,4503,7049,1478,763,7416,2992
1753329130360218129,0,959,1687,4502,7049,1668,763,7416,2991
1753329130362224625,0,959,1685,4500,7049,1493,763,7416,2989
1753329130364231841,0,959,1684,4499,7049,1219,763,7417,2974
1753329130366275867,0,959,1683,4498,7049,1473,763,7417,2986
1753329130368245639,0,959,1682,4497,7049,1641,763,7417,2985
1753329130370260164,0,959,1681,4495,7049,1486,763,7417,2983
1753329130372244296,0,959,1678,4495,7049,1486,763,7418,2983
1753329130374293676,0,959,1677,4493,7049,1434,763,7418,2996
1753329130376242041,0,959,1676,4492,7049,1483,763,7418,2981
1753329130378242938,0,959,1675,4490,7049,1483,763,7418,2950
1753329130380221708,0,959,1674,4489,7049,1483,763,7418,2976
1753329130382254092,0,959,1672,4488,7049,1483,763,7418,2990
1753329130384375069,0,959,1671,4486,7049,1483,763,7419,2974
1753329130386225842,0,959,1670,4484,7049,1451,763,7419,2972
1753329130388288254,0,959,1669,4483,7049,1481,763,7419,2971
1753329130390248692,0,959,1668,4482,7049,1514,763,7419,2984
1753329130392234090,0,959,1667,4480,7049,1484,763,7419,2969
1753329130394245812,0,959,1665,4479,7049,1537,763,7420,2968
1753329130396314291,0,959,1664,4477,7049,1489,763,7420,2966
1753329130398297119,0,959,1663,4476,7049,1905,763,7420,2935
1753329130400285701,0,959,1662,4475,7049,1520,763,7420,2961
1753329130402256530,0,959,1660,4473,7049,1105,763,7420,2989
1753329130404312881,0,959,1659,4472,7049,1490,763,7421,2961
1753329130406252531,0,959,1657,4470,7049,1534,763,7421,2981
1753329130408331660,0,959,1656,4469,7049,1494,763,7421,2959
1753329130410285743,0,959,1654,4468,7049,1399,763,7422,2958
1753329130412308613,0,959,1653,4466,7049,1487,763,7422,2956
1753329130414304838,0,959,1652,4465,7049,1553,763,7422,2955
1753329130416297594,0,959,1650,4463,7049,1493,763,7422,2953
1753329130418297117,0,959,1649,4462,7049,1682,763,7422,2966
1753329130420310170,0,959,1648,4460,7049,1507,763,7422,2951
1753329130422310999,0,959,1647,4459,7049,1305,763,7423,2936
1753329130424326371,0,959,1645,4457,7049,1493,763,7423,2947
1753329130426288030,0,959,1644,4456,7049,1536,763,7423,2946
1753329130428286392,0,959,1643,4454,7049,1496,763,7423,2944
1753329130430277175,0,959,1641,4453,7049,1536,763,7425,2943
1753329130432233261,0,959,1640,4451,7049,1501,763,7425,2941
1753329130434236442,0,959,1639,4450,7049,1432,763,7425,2992
1753329130436263062,0,959,1637,4448,7049,1497,763,7425,2942
1753329130438251404,0,959,1636,4447,7049,1529,763,7426,2903
1753329130440260149,0,959,1633,4445,7049,1501,763,7426,2936
1753329130442289155,0,959,1632,4444,7049,1460,763,7426,2935
1753329130444350341,0,959,1631,4442,7049,1501,763,7427,2933
1753329130446327194,0,959,1630,4441,7049,1546,763,7427,2917
1753329130448339583,0,959,1628,4439,7049,1507,763,7427,2929
1753329130450285116,0,959,1627,4438,7049,1570,763,7427,2928
1753329130452292579,0,959,1625,4437,7049,1515,763,7427,2927
1753329130454246402,0,959,1625,4435,7049,1454,763,7427,2939
1753329130456295819,0,959,1623,4434,7049,1513,763,7427,2925
1753329130458314860,0,959,1621,4433,7049,1514,763,7428,2924
1753329130460283180,0,959,1620,4431,7049,1555,763,7428,2907
1753329130462333433,0,959,1619,4430,7049,1520,763,7428,2919
1753329130464271699,0,959,1617,4428,7049,1482,763,7428,2894
1753329130466321703,0,959,1616,4427,7049,1520,763,7429,2915
1753329130468269078,0,959,1614,4426,7049,1560,763,7429,2914
1753329130470241828,0,959,1613,4424,7049,1525,763,7429,2912
1753329130472262858,0,959,1611,4423,7049,1646,763,7429,2442
1753329130474265162,0,959,1609,4422,7049,1536,763,7429,2874
1753329130476233210,0,959,1608,4420,7049,1418,763,7430,3327
1753329130478212777,0,959,1606,4419,7049,1530,763,7430,2905
1753329130480231264,0,959,1605,4417,7049,1531,763,7430,2918
1753329130482321165,0,959,1604,4416,7049,1533,763,7430,2903
1753329130484258816,0,959,1602,4415,7049,1785,763,7430,2925
1753329130486398798,0,959,1601,4413,7049,1555,763,7431,2902
1753329130488279517,0,959,1599,4412,7049,1330,763,7431,2878
1753329130490327086,0,959,1598,4410,7049,1541,763,7431,2897
1753329130492259555,0,959,1596,4409,7049,1543,763,7431,2836
1753329130494287657,0,959,1595,4407,7049,1544,763,7432,2889
1753329130496280693,0,959,1593,4405,7049,1713,763,7432,2971
1753329130498283777,0,959,1592,4404,7049,1559,763,7432,2892
1753329130500290764,0,959,1590,4402,7049,1393,763,7432,2905
1753329130502244553,0,959,1589,4401,7049,1551,763,7432,2890
1753329130504263603,0,959,1588,4399,7049,1529,763,7432,2888
1753329130506250676,0,959,1585,4397,7049,1552,763,7433,2886
1753329130508248394,0,959,1584,4396,7049,1577,763,7433,2940
1753329130510233018,0,959,1582,4394,7049,1557,763,7433,2887
1753329130512233717,0,959,1581,4392,7049,1497,763,7433,2869
1753329130514179909,0,959,1579,4392,7049,1556,763,7433,2884
1753329130516208481,0,959,1578,4390,7049,1597,763,7434,2914
1753329130518195640,0,959,1576,4388,7049,1562,763,7434,2883
1753329130520268605,0,959,1575,4387,7049,1588,763,7434,2866
1753329130522212959,0,959,1574,4384,7049,1567,763,7434,2877
1753329130524208439,0,959,1572,4383,7049,1546,763,7434,2892
1753329130526252758,0,959,1571,4382,7049,1569,763,7434,2877
1753329130528216302,0,959,1569,4381,7049,1595,763,7434,2962
1753329130530228371,0,959,1568,4379,7049,1575,763,7435,2880
1753329130532223131,0,959,1566,4377,7049,1576,763,7435,2845
1753329130534233929,0,959,1565,4376,7049,1577,763,7435,2875
1753329130536225267,0,959,1563,4374,7049,1579,763,7435,2873
1753329130538226074,0,959,1561,4373,7049,1581,763,7436,2872
1753329130540312254,0,959,1559,4372,7049,1583,763,7436,2871
1753329130542226596,0,959,1557,4371,7049,1561,763,7436,2870
1753329130544223374,0,959,1556,4369,7049,1585,763,7436,2868
1753329130546183684,0,959,1554,4369,7049,1609,763,7437,2901
1753329130548236289,0,959,1553,4368,7049,1590,763,7437,2869
1753329130550212234,0,959,1551,4366,7049,1494,763,7437,2867
1753329130552222071,0,959,1550,4366,7049,1586,763,7437,2867
1753329130554236138,0,959,1548,4364,7049,1404,763,7437,2747
1753329130556209127,0,959,1546,4363,7049,1576,763,7437,2856
1753329130558235157,0,959,1545,4362,7049,1672,763,7438,2887
1753329130560181135,0,959,1544,4362,7049,1587,763,7438,2857
1753329130562239313,0,959,1542,4360,7049,1573,763,7438,2941
1753329130564176560,0,959,1540,4358,7049,1590,763,7438,2859
1753329130566176988,0,959,1539,4358,7049,1573,763,7438,2859
1753329130568181665,0,959,1537,4358,7049,1592,763,7439,2859
1753329130570181973,0,959,1536,4356,7049,1520,763,7439,2687
1753329130572200915,0,959,1533,4355,7049,1590,763,7439,2844
1753329130574171103,0,959,1531,4354,7049,1539,763,7439,3013
1753329130576184771,0,959,1530,4353,7049,1588,763,7440,2854
1753329130578170006,0,959,1529,4352,7049,1513,763,7439,2820
1753329130580210050,0,959,1527,4351,7049,1586,763,7440,2850
1753329130582200354,0,959,1525,4350,7049,1593,763,7440,2849
1753329130584255126,0,959,1524,4349,7049,1588,763,7440,2848
1753329130586263341,0,959,1522,4348,7049,1579,763,7440,2893
1753329130588291812,0,959,1520,4348,7049,1589,763,7441,2851
1753329130590290752,0,959,1520,4347,7049,1522,763,7441,2850
1753329130592295113,0,959,1517,4346,7049,1585,763,7441,2849
1753329130594270837,0,959,1516,4344,7049,1640,763,7441,2890
1753329130596335115,0,959,1515,4344,7049,1590,763,7441,2850
1753329130598319587,0,959,1513,4343,7049,1543,763,7442,2806
1753329130600278313,0,959,1511,4342,7049,1586,763,7442,2845
1753329130602279426,0,959,1509,4341,7049,1633,763,7442,2831
1753329130604304500,0,959,1508,4340,7049,1590,763,7442,2842
1753329130606282007,0,959,1505,4340,7049,1581,763,7442,2898
1753329130608288150,0,959,1504,4339,7049,1590,763,7443,2845
1753329130610252478,0,959,1502,4338,7049,1620,763,7443,2844
1753329130612301142,0,959,1499,4337,7049,1592,763,7443,2843
1753329130614240359,0,959,1499,4337,7049,1638,763,7443,2843
1753329130616282924,0,959,1497,4336,7049,1596,763,7443,2842
1753329130618306447,0,959,1495,4335,7049,1644,763,7444,2830
1753329130620272211,0,959,1494,4335,7049,1600,763,7444,2841
1753329130622248005,0,959,1492,4334,7049,1592,763,7444,2863
1753329130624250564,0,959,1491,4333,7049,1599,763,7444,2841
1753329130626385186,0,959,1489,4333,7049,1600,763,7444,2841
1753329130628276894,0,959,1488,4332,7049,1175,763,7445,2840
1753329130630302545,0,959,1486,4331,7049,1568,763,7445,2839
1753329130632326758,0,959,1485,4331,7049,1994,763,7445,2827
1753329130634337039,0,959,1483,4330,7049,1601,763,7445,2837
1753329130636281381,0,959,1481,4329,7049,1588,763,7445,2836
1753329130638358892,0,959,1480,4329,7049,1601,763,7446,2836
1753329130640276706,0,959,1477,4328,7049,1602,763,7446,2835
1753329130642356504,0,959,1475,4327,7049,1603,763,7446,2834
1753329130644325022,0,959,1474,4327,7049,1794,763,7446,2846
1753329130646351038,0,959,1472,4326,7049,1617,763,7446,2834
1753329130648352943,0,959,1471,4326,7049,1402,763,7447,2811
1753329130650346862,0,959,1469,4325,7049,1603,763,7447,2832
1753329130652337169,0,959,1467,4324,7049,1602,763,7447,2831
1753329130654353809,0,959,1465,4324,7049,1605,763,7447,2831
1753329130656328792,0,959,1464,4323,7049,1553,763,7447,2798
1753329130658247581,0,959,1462,4322,7049,1602,763,7447,2826
1753329130660235271,0,959,1461,4321,7049,1609,763,7447,2857
1753329130662227361,0,959,1459,4321,7049,1604,763,7447,2828
1753329130664262245,0,959,1506,4320,7049,1528,763,7447,2827
1753329130666276437,0,959,1459,4320,7049,1600,763,7447,2827
1753329130668294099,0,959,1409,4319,7049,1547,763,7448,2826
1753329130670301702,0,959,1452,4318,7049,1598,763,7448,2825
1753329130672315283,0,959,1499,4318,7049,1606,763,7448,2747
1753329130674284109,0,959,1452,4317,7049,1599,763,7448,2818
1753329130676292591,0,959,1402,4317,7049,1504,763,7448,2865
1753329130678293235,0,959,1445,4316,7049,1594,763,7449,2821
1753329130680298648,0,959,1517,4316,7049,1580,763,7449,2853
1753329130682293049,0,959,1447,4315,7049,1594,763,7449,2822
1753329130684310665,0,959,1483,4314,7049,1553,763,7449,2621
1753329130686293912,0,959,1446,4314,7049,1591,763,7450,2806
1753329130688262341,0,959,1445,4314,7049,1578,763,7450,2975
1753329130690248669,0,959,1443,4313,7049,1590,763,7450,2818
1753329130692267560,0,959,1491,4312,7049,1590,763,7451,2849
1753329130694222745,0,959,1442,4311,7049,1590,763,7451,2818
1753329130696363742,0,959,1441,4310,7049,1590,763,7451,2786
1753329130698253294,0,959,1439,4310,7049,1590,763,7451,2815
1753329130700200814,0,959,1474,4309,7049,1590,763,7451,2846
1753329130702189235,0,959,1439,4308,7049,1591,763,7452,2816
1753329130704192528,0,959,1438,4307,7049,1505,763,7452,2815
1753329130706191678,0,959,1436,4307,7049,1583,763,7452,2815
1753329130708195653,0,959,1435,4306,7049,1589,763,7452,2837
1753329130710216597,0,959,1433,4306,7049,1583,763,7452,2816
1753329130712248084,0,959,1432,4305,7049,1583,763,7452,2815
1753329130714234256,0,959,1447,4304,7049,1549,763,7453,2802
1753329130716282283,0,959,1430,4303,7049,1579,763,7453,2812
1753329130718284627,0,959,1452,4303,7049,1579,763,7453,2824
1753329130720319017,0,959,1430,4302,7049,1578,763,7453,2812
1753329130722269792,0,959,1511,4301,7049,1639,763,7453,2799
1753329130724286800,0,959,1434,4301,7049,1583,763,7454,2810
1753329130726271024,0,959,1350,4300,7049,1604,763,7454,2821
1753329130728313465,0,959,1426,4300,7049,1584,763,7455,2810
1753329130730241119,0,959,1476,4299,7049,2213,763,7455,2809
1753329130732570846,0,959,1428,4299,7049,1630,763,7455,2809
1753329130734234905,0,959,1427,4299,7049,973,763,7455,2786
1753329130736238269,0,959,1426,4298,7049,1582,763,7455,2807
1753329130738214684,0,959,1425,4297,7049,1637,763,7456,2829
1753329130740220236,0,959,1424,4297,7049,1586,763,7456,2807
1753329130742277203,0,959,1373,4296,7049,1447,763,7456,2806
1753329130744366040,0,959,1418,4296,7049,1575,763,7456,2807
1753329130746255856,0,959,1501,4296,7049,1563,763,7456,2807
1753329130748293951,0,959,1423,4295,7049,1574,763,7456,2806
1753329130750223838,0,959,1463,4294,7049,1646,763,7456,2750
1753329130752237315,0,959,1425,4293,7049,1578,763,7457,2800
1753329130754213099,0,959,1384,4293,7049,1578,763,7457,2843
1753329130756245556,0,959,1421,4292,7049,1578,763,7457,2802
1753329130758251587,0,959,1460,4292,7049,1586,763,7457,2814
1753329130760257953,0,959,1422,4291,7049,1580,763,7457,2802
1753329130762235863,0,959,1422,4291,7049,1586,763,7458,2802
1753329130764225682,0,959,1421,4290,7049,1579,763,7458,2801
1753329130766210689,0,959,1298,4290,7049,1558,763,7458,2789
1753329130768225096,0,959,1411,4289,7049,1578,763,7458,2799
1753329130770223923,0,959,1493,4289,7049,1536,763,7459,2788
1753329130772229247,0,959,1415,4288,7049,1575,763,7459,2798
1753329130774222840,0,959,1428,4288,7049,1550,763,7459,2809
1753329130776238963,0,959,1415,4287,7049,1573,763,7459,2798
1753329130778239046,0,959,1403,4287,7049,1562,763,7459,2798
1753329130780251650,0,959,1415,4286,7049,1572,763,7459,2797
1753329130782249228,0,959,1426,4286,7049,1564,763,7460,2785
1753329130784240567,0,959,1415,4285,7049,1570,763,7460,2795
1753329130786223925,0,959,1401,4285,7049,1586,763,7460,2763
1753329130788262171,0,959,1413,4284,7049,1571,763,7460,2792
1753329130790255331,0,959,1412,4284,7049,1535,763,7460,2779
1753329130792247035,0,959,1412,4283,7049,1569,763,7461,2790
1753329130794240424,0,959,1411,4282,7049,1567,763,7461,2834
1753329130796266242,0,959,1411,4282,7049,1567,763,7461,2792
1753329130798269670,0,959,1411,4281,7049,1566,763,7461,2791
1753329130800228042,0,959,1378,4280,7049,1542,763,7462,2758
1753329130802262543,0,959,1408,4280,7049,1564,763,7462,2788
1753329130804253158,0,959,1439,4279,7049,1599,763,7462,2830
1753329130806273440,0,959,1409,4278,7049,1565,763,7462,2789
1753329130808245936,0,959,1409,4277,7049,1574,763,7462,2777
1753329130810282901,0,959,1408,4277,7049,1565,763,7462,2788
1753329130812322149,0,959,1408,4277,7049,1579,763,7462,2799
1753329130814266003,0,959,1408,4276,7049,1564,763,7462,2787
1753329130816233997,0,959,1420,4275,7049,1611,763,7463,2775
1753329130818283946,0,959,1409,4275,7049,1566,763,7463,2786
1753329130820215094,0,959,1363,4274,7049,1566,763,7463,2785
1753329130822222709,0,959,1404,4274,7049,1565,763,7463,2785
1753329130824235399,0,959,1185,4273,7049,1544,763,7464,2795
1753329130826255096,0,959,1387,4272,7049,1563,763,7464,2784
1753329130828318635,0,959,1650,4272,7049,1563,763,7464,2741
1753329130830388711,0,959,1406,4271,7049,1563,763,7464,2780
1753329130832265892,0,959,1393,4271,7049,1627,763,7465,2823
1753329130834365678,0,959,1405,4270,7049,1566,763,7465,2782
1753329130836256003,0,959,1405,4270,7049,1537,763,7465,2739
1753329130838274301,0,959,1404,4269,7049,1563,763,7465,2778
1753329130840225588,0,959,1404,4269,7049,1620,763,7466,2810
1753329130842222481,0,959,1403,4268,7049,1567,763,7466,2779
1753329130844300634,0,959,1443,4268,7049,1574,763,7466,2748
1753329130846234116,0,959,1405,4267,7049,1567,763,7466,2776
1753329130848211655,0,959,1334,4267,7049,1485,763,7466,2776
1753329130850212088,0,959,1399,4266,7049,1561,763,7466,2775
1753329130852234457,0,959,1304,4265,7049,1560,763,7467,2806
1753329130854215430,0,959,1391,4265,7049,1560,763,7467,2777
1753329130856225117,0,959,1486,4264,7049,1607,763,7467,2744
1753329130858218239,0,959,1397,4264,7049,1562,763,7467,2773
1753329130860260658,0,959,1397,4264,7049,1581,763,7467,2805
1753329130862235762,0,959,1397,4263,7049,1564,763,7468,2775
1753329130864251461,0,959,1429,4263,7049,1400,763,7468,2743
1753329130866216240,0,959,1399,4262,7049,1551,763,7468,2771
1753329130868215253,0,959,1367,4262,7049,1610,763,7469,2772
1753329130870219413,0,959,1395,4261,7049,1554,763,7469,2771
1753329130872221639,0,959,1395,4261,7049,1578,763,7469,2771
1753329130874220012,0,959,1396,4260,7049,1556,763,7469,2770
1753329130876221329,0,959,1395,4259,7049,1693,763,7469,2654
1753329130878229117,0,959,1395,4259,7049,1565,763,7470,2760
1753329130880236004,0,959,1465,4258,7049,1411,763,7470,2874
1753329130882231038,0,959,1399,4258,7049,1553,763,7470,2768
1753329130884277863,0,959,1398,4257,7049,1552,763,7470,2767
1753329130886247217,0,959,1276,4257,7049,1586,763,7470,2721
1753329130888190466,0,959,1389,4257,7049,1554,763,7471,2763
1753329130890237421,0,959,1471,4256,7049,1537,763,7471,2796
1753329130892303274,0,959,1393,4255,7049,1552,763,7471,2764
1753329130894228613,0,959,1393,4255,7049,1443,763,7471,2731
1753329130896321115,0,959,1394,4254,7049,1542,763,7472,2760
1753329130898231460,0,959,1361,4253,7049,1628,763,7472,2691
1753329130900254697,0,959,1390,4253,7049,1548,763,7472,2754
1753329130902218808,0,959,1390,4252,7049,1580,763,7472,2769
1753329130904291250,0,959,1389,4252,7049,1549,763,7472,2755
1753329130906245630,0,959,1339,4251,7049,1516,763,7473,2669
1753329130908301400,0,959,1386,4251,7049,1546,763,7473,2747
1753329130910274668,0,959,1385,4250,7049,1545,763,7473,2815
1753329130912313596,0,959,1385,4250,7049,1544,763,7473,2751
1753329130914240444,0,959,1467,4250,7049,1542,763,7473,2751
1753329130916298413,0,959,1390,4248,7049,1542,763,7474,2749
1753329130918220789,0,959,1358,4248,7049,1575,763,7474,2733
1753329130920270898,0,959,1388,4248,7049,1544,763,7474,2748
1753329130922244738,0,959,1313,4247,7049,1512,763,7474,2747
1753329130924269156,0,959,1380,4246,7049,1540,763,7475,2746
1753329130926243963,0,959,1329,4245,7049,1510,763,7475,2707
1753329130928281046,0,959,1375,4244,7049,1537,763,7475,2741
1753329130930281424,0,959,1426,4243,7049,1567,763,7475,2740
1753329130932288217,0,959,1378,4242,7049,1538,763,7475,2739
1753329130934229161,0,959,1400,4241,7049,1483,763,7476,2724
1753329130936227809,0,959,1379,4240,7049,1532,763,7476,2736
1753329130938247170,0,959,1378,4239,7049,1617,763,7476,2735
1753329130940265028,0,959,1377,4238,7049,1537,763,7476,2734
1753329130942276669,0,959,1427,4237,7049,1536,763,7476,2747
1753329130944275294,0,959,1379,4236,7049,1536,763,7476,2733
1753329130946260552,0,959,1378,4235,7049,1480,763,7477,2786
1753329130948254595,0,959,1378,4234,7049,1530,763,7477,2735
1753329130950259411,0,959,1409,4233,7049,1867,763,7477,2780
1753329130952264793,0,959,1379,4232,7049,1554,763,7477,2737
1753329130954238139,0,959,1347,4230,7049,1217,763,7478,2619
1753329130956230364,0,959,1375,4229,7049,1528,763,7478,2725
1753329130958225899,0,959,1446,4228,7049,1500,763,7478,2701
1753329130960229181,0,959,1380,4227,7049,1524,763,7478,2721
1753329130962249188,0,959,1339,4226,7049,1521,763,7479,2743
1753329130964251366,0,959,1375,4224,7049,1523,763,7479,2720
1753329130966244914,0,959,1596,4223,7049,1531,763,7479,2719
1753329130968318251,0,959,1392,4222,7049,1523,763,7480,2718
1753329130970263097,0,959,1391,4221,7049,1522,763,7480,2717
1753329130972247039,0,959,1168,4220,7049,1507,763,7480,2693
1753329130974319450,0,959,1373,4219,7049,1520,763,7480,2713
1753329130976242207,0,959,1291,4218,7049,1464,763,7481,2652
1753329130978338835,0,959,1366,4217,7049,1515,763,7481,2706
1753329130980256450,0,959,1131,4216,7049,1468,763,7481,2766
1753329130982342663,0,959,1349,4215,7049,1511,763,7481,2709
1753329130984238153,0,959,1583,4215,7049,1506,763,7481,2694
1753329130986292156,0,959,1365,4213,7049,1508,763,7482,2706
1753329130988253087,0,959,1365,4212,7049,1516,763,7482,2705
1753329130990295020,0,959,1365,4211,7049,1508,763,7482,2704
1753329130992242047,0,959,1416,4210,7049,1504,763,7482,2702
1753329130994420576,0,959,1369,4208,7049,1505,763,7483,2700
1753329130996266898,0,959,1280,4207,7049,1488,763,7483,2685
1753329130998306829,0,959,1363,4206,7049,1502,763,7483,2697
1753329131000221999,0,959,1362,4204,7049,1568,763,7483,2664
1753329131002294521,0,959,1362,4203,7049,1505,763,7483,2692
1753329131004342149,0,959,1362,4201,7049,1517,763,7484,2658
1753329131006309180,0,959,1362,4200,7049,1503,763,7484,2686
1753329131008244207,0,959,1355,4199,7049,1404,763,7484,2748
1753329131010295255,0,959,1360,4197,7049,1493,763,7485,2688
1753329131012307216,0,959,1331,4196,7049,1638,763,7485,2656
1753329131014333247,0,959,1357,4194,7049,1502,763,7485,2682
1753329131016225925,0,959,1387,4193,7049,1706,763,7485,2742
1753329131018212386,0,959,1358,4192,7049,1514,763,7485,2685
1753329131020215346,0,959,1278,4190,7049,1258,763,7486,2622
1753329131022223907,0,959,1351,4189,7049,1492,763,7486,2677
1753329131024261810,0,959,1308,4187,7049,1762,763,7486,2675
1753329131026229171,0,959,1347,4186,7049,1510,763,7487,2674
1753329131028235459,0,959,1440,4184,7049,1390,763,7487,2672
1753329131030280602,0,959,1353,4182,7049,1499,763,7487,2670
1753329131032287676,0,959,1258,4181,7049,1473,763,7489,2669
1753329131034276071,0,959,1344,4179,7049,1496,763,7489,2667
1753329131036275879,0,959,1350,4177,7049,1498,763,7489,2665
1753329131038267781,0,959,1343,4176,7049,1495,763,7489,2664
1753329131040283808,0,959,1316,4174,7049,1491,763,7489,2693
1753329131042312493,0,959,1339,4173,7049,1493,763,7489,2663
1753329131044260784,0,959,1358,4171,7049,1660,763,7490,2661
1753329131046302879,0,959,1340,4169,7049,1504,763,7490,2659
1753329131048228758,0,959,1318,4167,7049,1373,763,7490,2626
1753329131050270961,0,959,1335,4166,7049,1493,763,7491,2654
1753329131052311421,0,959,1354,4164,7049,1565,763,7491,2697
1753329131054260827,0,959,1335,4162,7049,1497,763,7491,2653
1753329131056311293,0,959,1334,4161,7049,1497,763,7491,2652
1753329131058239241,0,959,1338,4159,7049,1492,763,7491,2650
1753329131060273862,0,959,1332,4158,7049,1496,763,7491,2649
1753329131062235141,0,959,1325,4156,7049,1465,763,7492,2647
1753329131064269496,0,959,1329,4154,7049,1491,763,7492,2645
1753329131066221432,0,959,1422,4152,7049,1488,763,7492,2680
1753329131068314274,0,959,1333,4150,7049,1490,763,7492,2643
1753329131070232197,0,959,1218,4149,7049,1375,763,7492,2605
1753329131072289426,0,959,1322,4147,7049,1481,763,7492,2637
1753329131074244937,0,959,1347,4145,7049,1591,763,7493,2725
1753329131076255056,0,959,1322,4144,7049,1488,763,7493,2641
1753329131078249224,0,959,1315,4142,7049,1437,763,7493,2549
1753329131080261131,0,959,1319,4141,7049,1483,763,7494,2631
1753329131082253703,0,959,1323,4139,7049,1481,763,7494,2644
1753329131084272729,0,959,1317,4137,7049,1482,763,7494,2628
1753329131086227448,0,959,1311,4136,7049,1525,763,7494,2613
1753329131088285103,0,959,1315,4134,7049,1485,763,7495,2624
1753329131090240446,0,959,1313,4132,7049,1453,763,7495,2576
1753329131092251409,0,959,1312,4131,7049,1482,763,7495,2618
1753329131094264749,0,959,1311,4129,7049,1554,763,7496,2661
1753329131096241798,0,959,1310,4127,7049,1485,763,7496,2617
1753329131098219855,0,959,1240,4125,7049,1337,763,7496,2600
1753329131100246943,0,959,1302,4124,7049,1473,763,7496,2613
1753329131102227372,0,959,1492,4123,7049,1530,763,7496,2641
1753329131104246584,0,959,1313,4120,7049,1477,763,7496,2611
1753329131106243237,0,959,1188,4120,7049,1469,763,7497,2634
1753329131108223066,0,959,1301,4117,7049,1475,763,7497,2610
1753329131110232954,0,959,1300,4116,7049,1534,763,7497,2609
1753329131112222100,0,959,1299,4113,7049,1478,763,7497,2606
1753329131114236334,0,959,1297,4113,7049,1424,763,7498,2605
1753329131116236062,0,959,1296,4110,7049,1472,763,7498,2602
1753329131118233426,0,959,1294,4109,7049,1426,763,7498,2616
1753329131120221585,0,959,1293,4107,7049,1468,763,7499,2600
1753329131122310936,0,959,1291,4106,7049,1330,763,7499,2585
1753329131124282518,0,959,1289,4104,7049,1458,763,7499,2596
1753329131126259956,0,959,1220,4103,7049,1565,763,7499,2595
1753329131128248777,0,959,1281,4102,7049,1464,763,7499,2594
1753329131130238891,0,959,1348,4101,7049,1553,763,7500,2593
1753329131132263135,0,959,1284,4099,7049,1470,763,7500,2591
1753329131134239189,0,959,1262,4097,7049,1332,763,7500,2566
1753329131136275772,0,959,1280,4095,7049,1457,763,7500,2585
1753329131138281736,0,959,1231,4094,7049,1494,763,7501,2584
1753329131140245282,0,959,1273,4092,7049,1458,763,7501,2582
1753329131142272560,0,959,1272,4091,7049,1457,763,7501,2581
1753329131144270880,0,959,1271,4088,7049,1424,763,7501,2549
1753329131146290342,0,959,1269,4088,7049,1452,763,7501,2576
1753329131148272118,0,959,1267,4086,7049,1390,763,7502,2589
1753329131150224417,0,959,1265,4085,7049,1445,763,7502,2574
1753329131152223658,0,959,1312,4083,7049,1519,763,7502,2587
1753329131154242836,0,959,1266,4081,7049,1448,763,7502,2571
1753329131156255915,0,959,1216,4080,7049,1447,763,7503,2593
1753329131158257002,0,959,1259,4078,7049,1446,763,7503,2570
1753329131160273170,0,959,1257,4076,7049,1425,763,7503,2582
1753329131162260075,0,959,1255,4074,7049,1442,763,7504,2567
1753329131164264183,0,959,1253,4073,7049,1447,763,7504,2551
1753329131166269242,0,959,1251,4071,7049,1440,763,7504,2563
1753329131168248124,0,959,1250,4070,7049,1433,763,7504,2562
1753329131170273721,0,959,1248,4069,7049,1437,763,7505,2561
1753329131172251430,0,959,1246,4067,7049,1665,763,7505,2611
1753329131174266053,0,959,1244,4066,7049,1451,763,7505,2561
1753329131176231114,0,959,1243,4064,7049,1281,763,7505,2677
1753329131178218908,0,959,1240,4062,7049,1435,763,7505,2566
1753329131180250921,0,959,1286,4061,7049,1333,763,7505,2280
1753329131182239072,0,959,1240,4059,7049,1425,763,7506,2542
1753329131184250834,0,959,1238,4058,7049,1616,763,7506,2604
1753329131186232674,0,959,1236,4056,7049,1436,763,7506,2544
1753329131188300610,0,959,1186,4054,7049,1328,763,7506,2662
1753329131190274914,0,959,1229,4053,7049,1426,763,7507,2549
1753329131192269770,0,959,1276,4052,7049,1487,763,7507,2532
1753329131194259441,0,959,1229,4050,7049,1428,763,7507,2545
1753329131196287050,0,959,1247,4048,7049,1378,763,7507,2506
1753329131198246416,0,959,1227,4048,7049,1421,763,7508,2540
1753329131200216254,0,959,1225,4046,7049,1420,763,7508,2538
1753329131202239354,0,959,1223,4045,7049,1419,763,7508,2537
1753329131204229910,0,959,1222,4043,7049,1359,763,7508,2469
1753329131206252434,0,959,1219,4042,7049,1413,763,7509,2529
1753329131208257222,0,959,1261,4041,7049,1557,763,7509,2558
1753329131210258644,0,959,1220,4040,7049,1420,763,7509,2529
1753329131212232221,0,959,1181,4039,7049,1326,763,7510,2514
1753329131214264672,0,959,1214,4037,7049,1411,763,7510,2525
1753329131216273336,0,959,1212,4036,7049,1351,763,7510,2630
1753329131218325445,0,959,1211,4035,7049,1405,763,7510,2531
1753329131220283079,0,959,1209,4034,7049,1463,763,7510,2378
1753329131222263262,0,959,1208,4032,7049,1407,763,7511,2517
1753329131224268004,0,959,1206,4031,7049,1406,763,7511,2516
1753329131226274727,0,959,1205,4029,7049,1358,763,7511,2574
1753329131228264343,0,959,1202,4028,7049,1401,763,7511,2517
1753329131230255519,0,959,1201,4026,7049,1378,763,7512,2455
1753329131232392369,0,959,1199,4025,7049,1396,763,7512,2509
1753329131234256920,0,959,1235,4023,7049,1506,763,7512,2476
1753329131236283039,0,959,1199,4021,7049,1401,763,7512,2503
1753329131238268809,0,959,1248,4020,7049,1340,763,7512,2502
1753329131240268598,0,959,1200,4018,7049,1395,763,7512,2500
1753329131242268026,0,959,1198,4016,7049,1361,763,7513,2432
1753329131244279948,0,959,1197,4015,7049,1389,763,7513,2492
1753329131246266037,0,959,1195,4013,7049,1382,763,7513,2529
1753329131248335711,0,959,1193,4011,7049,1386,763,7514,2490
1753329131250267804,0,959,1222,4009,7049,1379,763,7514,2516
1753329131252261961,0,959,1193,4007,7049,1383,763,7514,2488
1753329131254301480,0,959,1192,4006,7049,1334,763,7514,2487
1753329131256261549,0,959,1191,4004,7049,1376,763,7514,2485
1753329131258239914,0,959,1284,4002,7049,956,763,7515,2389
1753329131260269837,0,959,1195,4000,7049,1343,763,7515,2474
1753329131262248354,0,959,1105,3998,7049,1799,763,7515,2644
1753329131264318735,0,959,1187,3996,7049,1374,763,7515,2483
1753329131266270625,0,959,1180,3994,7049,1347,763,7516,2376
1753329131268252411,0,959,1183,3992,7049,1369,763,7516,2471
1753329131270329069,0,959,1188,3990,7049,1315,763,7516,2496
1753329131272307533,0,959,1182,3988,7049,1361,763,7516,2469
1753329131274297980,0,959,1219,3986,7049,1412,763,7516,2498
1753329131276299124,0,959,1183,3983,7049,1361,763,7517,2466
1753329131278272060,0,959,1143,3981,7049,1348,763,7517,2510
1753329131280336125,0,959,1178,3979,7049,1357,763,7517,2465
1753329131282257715,0,959,1177,3977,7049,1367,763,7517,2478
1753329131284263683,0,959,1176,3974,7049,1354,763,7518,2461
1753329131286250595,0,959,1139,3973,7049,1391,763,7518,2446
1753329131288217752,0,959,1171,3970,7049,1353,763,7518,2456
1753329131290260966,0,959,1200,3968,7049,1400,763,7518,2469
1753329131292309714,0,959,1171,3966,7049,1353,763,7519,2453
1753329131294268498,0,959,1090,3964,7049,1359,763,7519,2474
1753329131296291191,0,959,1163,3962,7049,1351,763,7519,2451
1753329131298229927,0,959,1162,3960,7049,1504,763,7519,2449
1753329131300263613,0,959,1161,3958,7049,1358,763,7519,2447
1753329131302252264,0,959,1247,3956,7049,1272,763,7519,2497
1753329131304262679,0,959,1166,3954,7049,1348,763,7519,2446
1753329131306252759,0,959,1078,3953,7049,1345,763,7519,2477
1753329131308254723,0,959,1157,3951,7049,1344,763,7520,2446
1753329131310267913,0,959,1156,3949,7049,1343,763,7520,2444
1753329131312365246,0,959,1206,3947,7049,1341,763,7520,2426
1753329131314217453,0,959,1158,3945,7049,1340,763,7520,2439
1753329131316234018,0,959,1157,3944,7049,1074,763,7520,2421
1753329131318227361,0,959,1156,3942,7049,1318,763,7520,2434
1753329131320269845,0,959,1155,3941,7049,1599,763,7520,2433
1753329131322273117,0,959,1154,3939,7049,1337,763,7521,2431
1753329131324260282,0,959,1152,3937,7049,1342,763,7521,2446
1753329131326286286,0,959,1151,3935,7049,1335,763,7521,2429
1753329131328265855,0,959,1062,3934,7049,1388,763,7522,2411
1753329131330336528,0,959,1143,3932,7049,1337,763,7522,2424
1753329131332265082,0,959,1136,3931,7049,1344,763,7522,2423
1753329131334252077,0,959,1139,3929,7049,1336,763,7522,2421
1753329131336273463,0,959,1070,3928,7049,1510,763,7522,2420
1753329131338269143,0,959,1132,3926,7049,1347,763,7523,2418
1753329131340246735,0,959,1199,3924,7049,1076,763,7523,2341
1753329131342253247,0,959,1134,3922,7049,1324,763,7523,2409
1753329131344235531,0,959,1133,3920,7049,1376,763,7523,2444
1753329131346186621,0,959,1132,3919,7049,1326,763,7523,2408
1753329131348239759,0,959,1130,3917,7049,1231,763,7524,2392
1753329131350232894,0,959,1129,3915,7049,1317,763,7524,2403
1753329131352240124,0,959,1107,3913,7049,1425,763,7524,2378
1753329131354263138,0,959,1124,3912,7049,1322,763,7524,2399
1753329131356258361,0,959,1148,3910,7049,1340,763,7524,2396
1753329131358264891,0,959,1123,3908,7049,1322,763,7524,2394
1753329131360223357,0,959,1116,3906,7049,1289,763,7525,2378
1753329131362270646,0,959,1119,3905,7049,1318,763,7525,2390
1753329131364278961,0,959,1118,3903,7049,1377,763,7525,2073
1753329131366241888,0,959,1116,3901,7049,1322,763,7525,2363
1753329131368269812,0,959,1115,3899,7049,1160,763,7525,2676
1753329131370263826,0,959,1113,3897,7049,1309,763,7525,2382
1753329131372273660,0,959,1092,3896,7049,1312,763,7526,2366
1753329131374250977,0,959,1109,3894,7049,1310,763,7526,2378
1753329131376250975,0,959,1107,3892,7049,1276,763,7526,2376
1753329131378227150,0,959,1106,3890,7049,1307,763,7526,2374
1753329131380195250,0,959,1104,3888,7049,1807,763,7526,2594
1753329131382266997,0,959,1103,3886,7049,1343,763,7527,2386
1753329131384224697,0,959,1101,3883,7049,792,763,7527,2161
1753329131386259398,0,959,1099,3881,7049,1302,763,7527,2365
1753329131388272546,0,959,1096,3879,7049,1249,763,7528,2363
1753329131390274531,0,959,1095,3877,7049,1296,763,7528,2360
1753329131392225452,0,959,1093,3875,7049,1268,763,7528,2373
1753329131394271919,0,959,1091,3872,7049,1293,763,7528,2356
1753329131396256079,0,959,1090,3870,7049,1292,763,7529,2354
1753329131398251843,0,959,1088,3868,7049,1258,763,7529,2367
1753329131400234165,0,959,1087,3866,7049,1287,763,7529,2351
1753329131402221952,0,959,1085,3864,7049,1286,763,7529,2387
1753329131404251305,0,959,1083,3862,7049,1285,763,7530,2350
1753329131406230558,0,959,1107,3859,7049,1283,763,7530,2310
1753329131408232992,0,959,1081,3857,7049,1282,763,7530,2342
1753329131410258974,0,959,1074,3855,7049,506,763,7530,2182
1753329131412261983,0,959,1078,3853,7049,1220,763,7530,2326
1753329131414270463,0,959,1075,3850,7049,2080,763,7531,2557
1753329131416252133,0,959,1073,3848,7049,1280,763,7531,2339
1753329131418225266,0,959,1072,3847,7049,1245,763,7531,2354
1753329131420235690,0,959,1070,3844,7049,1273,763,7531,2336
1753329131422200371,0,959,1319,3842,7049,1371,763,7532,2349
1753329131424225160,0,959,1085,3840,7049,1275,763,7532,2333
1753329131426230611,0,959,928,3838,7049,1248,763,7532,2331
1753329131428258133,0,959,1070,3836,7049,1269,763,7532,2329
1753329131430250730,0,959,975,3834,7049,1282,763,7533,2358
1753329131432268755,0,959,1060,3832,7049,1266,763,7533,2327
1753329131434235256,0,959,1038,3830,7049,1283,763,7533,2210
1753329131436250601,0,959,1055,3828,7049,1264,763,7533,2315
1753329131438225490,0,959,1074,3825,7049,1055,763,7533,2449
1753329131440243921,0,959,1054,3823,7049,1243,763,7534,2320
1753329131442228465,0,959,1052,3822,7049,1438,763,7534,2319
1753329131444279891,0,959,1050,3820,7049,1254,763,7534,2317
1753329131446256449,0,959,1091,3818,7049,1346,763,7534,2293
1753329131448261293,0,959,1050,3816,7049,1257,763,7534,2311
1753329131450256622,0,959,1011,3815,7049,1199,763,7535,2195
1753329131452239757,0,959,1045,3813,7049,1249,763,7535,2300
1753329131454240236,0,959,1130,3812,7049,1328,763,7535,2537
1753329131456251190,0,959,1048,3810,7049,1252,763,7535,2315
1753329131458243923,0,959,952,3809,7049,1219,763,7536,2191
1753329131460273110,0,959,1037,3807,7049,1247,763,7536,2303
1753329131462261239,0,959,1036,3806,7049,1077,763,7536,2271
1753329131464251275,0,959,1034,3804,7049,1232,763,7537,2297
1753329131466254977,0,959,1127,3803,7049,1320,763,7537,2450
1753329131468312329,0,959,1038,3801,7049,1236,763,7537,2306
1753329131470242827,0,959,942,3800,7049,1513,763,7537,2135
1753329131472333511,0,959,1028,3798,7049,1254,763,7538,2290
1753329131474254719,0,959,1032,3797,7049,1276,763,7538,2273
1753329131476307693,0,959,1024,3795,7049,1253,763,7538,2286
1753329131478288147,0,959,1017,3794,7049,998,763,7539,2285
1753329131480328996,0,959,1021,3792,7049,1231,763,7539,2283
1753329131482288689,0,959,1019,3791,7049,1229,763,7539,2282
1753329131484347045,0,959,1018,3789,7049,1228,763,7539,2228
1753329131486260609,0,959,1016,3787,7049,1226,763,7539,2274
1753329131488298619,0,959,945,3786,7049,1193,763,7540,2273
1753329131490293322,0,959,1007,3784,7049,1220,763,7540,2271
1753329131492281879,0,959,1074,3782,7049,1100,763,7540,2321
1753329131494269239,0,959,1009,3780,7049,1208,763,7541,2271
1753329131496276114,0,959,1013,3778,7049,1049,763,7541,2217
1753329131498301694,0,959,1007,3777,7049,1194,763,7541,2264
1753329131500287684,0,959,999,3775,7049,1530,763,7541,2314
1753329131502271356,0,959,1002,3773,7049,1216,763,7542,2264
1753329131504275071,0,959,1000,3771,7049,1214,763,7542,2262
1753329131506278023,0,959,999,3769,7049,1213,763,7542,2260
1753329131508284304,0,959,977,3767,7049,1184,763,7542,2258
1753329131510256245,0,959,994,3766,7049,1208,763,7542,2257
1753329131512237478,0,959,1012,3764,7049,760,763,7543,2150
1753329131514233196,0,959,991,3762,7049,1171,763,7543,2245
1753329131516241024,0,959,989,3760,7049,1591,763,7543,2364
1753329131518272193,0,959,987,3759,7049,1198,763,7543,2251
1753329131520241205,0,959,918,3757,7049,1247,763,7544,2249
1753329131522228887,0,959,979,3755,7049,1198,763,7544,2247
1753329131524269845,0,959,1045,3753,7049,1109,763,7544,2228
1753329131526241712,0,959,980,3751,7049,1188,763,7544,2242
1753329131528277818,0,959,978,3750,7049,1384,763,7544,2257
1753329131530227258,0,959,977,3748,7049,1199,763,7545,2240
1753329131532264444,0,959,981,3746,7049,1126,763,7545,2238
1753329131534240348,0,959,973,3744,7049,1190,763,7545,2236
1753329131536241242,0,959,1008,3743,7049,1172,763,7546,2235
1753329131538231932,0,959,972,3741,7049,1183,763,7546,2233
1753329131540237933,0,959,859,3739,7049,1158,763,7546,2231
1753329131542229678,0,959,959,3738,7049,1177,763,7547,2230
1753329131544231733,0,959,1119,3736,7049,1274,763,7547,2228
1753329131546230538,0,959,968,3734,7049,1180,763,7547,2226
1753329131548239270,0,959,966,3732,7049,1232,763,7547,2224
1753329131550225603,0,959,964,3730,7049,1180,763,7548,2222
1753329131552215426,0,959,1013,3729,7049,1121,763,7548,2221
1753329131554269339,0,959,965,3727,7049,1173,763,7548,2219
1753329131556220035,0,959,912,3725,7049,1178,763,7548,2200
1753329131558211297,0,959,959,3724,7049,1171,763,7548,2215
1753329131560213901,0,959,986,3721,7049,1164,763,7548,2212
1753329131562198722,0,959,957,3720,7049,1168,763,7548,2211
1753329131564233254,0,959,956,3718,7049,1167,763,7549,2209
1753329131566183244,0,959,954,3716,7049,1166,763,7549,2207
1753329131568192602,0,959,952,3714,7049,1165,763,7549,2204
1753329131570200460,0,959,951,3712,7049,1116,763,7549,2202
1753329131572252803,0,959,949,3711,7049,1159,763,7550,2201
1753329131574226709,0,959,947,3709,7049,1163,763,7550,2216
1753329131576257654,0,959,946,3707,7049,1157,763,7550,2199
1753329131578242970,0,959,950,3705,7049,1070,763,7551,2197
1753329131580237514,0,959,943,3703,7049,1149,763,7551,2195
1753329131582231715,0,959,907,3701,7049,1573,763,7551,2138
1753329131584242437,0,959,938,3700,7049,1177,763,7551,2188
1753329131586243300,0,959,966,3698,7049,814,763,7552,2255
1753329131588238034,0,959,938,3696,7049,1149,763,7552,2189
1753329131590236248,0,959,1284,3694,7049,1254,763,7552,2187
1753329131592236989,0,959,961,3692,7049,1154,763,7552,2185
1753329131594228400,0,959,618,3691,7049,1016,763,7553,2184
1753329131596236341,0,959,934,3689,7049,1142,763,7553,2182
1753329131598219054,0,959,735,3687,7049,1108,763,7553,2233
1753329131600280275,0,959,916,3686,7049,1136,763,7554,2183
1753329131602222562,0,959,1107,3683,7049,1168,763,7554,2158
1753329131604270641,0,959,928,3682,7049,1136,763,7554,2177
1753329131606263255,0,959,932,3680,7049,1143,763,7554,2129
1753329131608226845,0,959,926,3678,7049,1135,763,7554,2170
1753329131610198281,0,959,939,3676,7049,1134,763,7554,2269
1753329131612196533,0,959,924,3675,7049,1132,763,7555,2174
1753329131614191986,0,959,902,3673,7049,1154,763,7555,2185
1753329131616185496,0,959,919,3671,7049,1131,763,7555,2171
1753329131618193523,0,959,924,3670,7049,1098,763,7555,2202
1753329131620207181,0,959,918,3668,7049,1126,763,7555,2171
1753329131622164256,0,959,881,3666,7049,1249,763,7556,2169
1753329131624147946,0,959,913,3665,7049,1133,763,7556,2168
1753329131626152745,0,959,911,3663,7049,981,763,7556,2134
1753329131628148989,0,959,910,3661,7049,1118,763,7557,2162
1753329131630150033,0,959,939,3660,7049,1381,763,7557,2204
1753329131632154113,0,959,910,3658,7049,1136,763,7557,2162
1753329131634191730,0,959,879,3657,7049,996,763,7557,2150
1753329131636196774,0,959,906,3656,7049,1123,763,7557,2159
1753329131638211088,0,959,904,3654,7049,1132,763,7558,2169
1753329131640213091,0,959,903,3653,7049,1120,763,7558,2157
1753329131642200304,0,959,902,3652,7049,1163,763,7558,2156
1753329131644257474,0,959,901,3651,7049,1122,763,7558,2155
1753329131646226522,0,959,899,3649,7049,1158,763,7558,2153
1753329131648264114,0,959,898,3647,7049,1122,763,7559,2151
1753329131650397753,0,959,896,3646,7049,1120,763,7559,2150
1753329131652303866,0,959,895,3645,7049,1064,763,7559,2149
1753329131654328318,0,959,893,3644,7049,1113,763,7559,2149
1753329131656311557,0,959,892,3642,7049,1165,763,7559,2147
1753329131658338357,0,959,890,3641,7049,1113,763,7560,2146
1753329131660296367,0,959,919,3640,7049,1135,763,7560,2145
1753329131662379393,0,959,890,3638,7049,1112,763,7560,2143
1753329131664303299,0,959,857,3637,7049,1014,763,7560,2130
1753329131666318233,0,959,884,3636,7049,1102,763,7561,2140
1753329131668278565,0,959,721,3634,7049,1259,763,7561,2161
1753329131670286605,0,959,869,3634,7049,1112,763,7561,2140
1753329131672309214,0,959,868,3632,7049,1009,763,7561,2015
1753329131674296434,0,959,867,3631,7049,1102,763,7562,2128
1753329131676272897,0,959,976,3629,7049,1064,763,7562,2148
1753329131678306933,0,959,872,3628,7049,1098,763,7562,2126
1753329131680378142,0,959,870,3628,7049,1073,763,7562,2126
1753329131682371870,0,959,869,3626,7049,1096,763,7562,2124
1753329131684293296,0,959,918,3625,7049,1068,763,7562,2225
1753329131686360212,0,959,870,3623,7049,1093,763,7562,2129
1753329131688323481,0,959,774,3622,7049,1013,763,7562,2027
1753329131690401915,0,959,859,3621,7049,1086,763,7562,2120
1753329131692319938,0,959,982,3621,7049,1129,763,7563,2120
1753329131694315691,0,959,866,3619,7049,1088,763,7563,2118
1753329131696297387,0,959,835,3618,7049,1097,763,7563,2117
1753329131698270766,0,959,861,3617,7049,1088,763,7564,2116
1753329131700232669,0,959,894,3616,7049,1087,763,7564,2115
1753329131702310100,0,959,860,3615,7049,1086,763,7564,2114
1753329131704218249,0,959,852,3614,7049,1085,763,7564,2091
1753329131706249937,0,959,856,3614,7049,1084,763,7564,2111
1753329131708231935,0,959,1353,3613,7049,1018,763,7565,2132
1753329131710212697,0,959,890,3611,7049,1075,763,7565,2110
1753329131712218569,0,959,397,3611,7049,1083,763,7565,2110
1753329131714206439,0,959,852,3610,7049,1073,763,7566,2109
1753329131716257964,0,959,984,3609,7049,1654,763,7566,1985
1753329131718232860,0,959,858,3608,7049,1114,763,7566,2098
1753329131720370547,0,959,739,3606,7049,528,763,7566,2196
1753329131722273572,0,959,846,3605,7049,1067,763,7566,2102
1753329131724400829,0,959,868,3604,7049,1183,763,7566,2224
1753329131726320446,0,959,845,3603,7049,1073,763,7567,2110
1753329131728287235,0,959,982,3601,7049,1019,763,7567,2039
1753329131730278040,0,959,853,3600,7049,1067,763,7567,2102
1753329131732281556,0,959,764,3599,7049,1132,763,7567,2114
1753329131734262015,0,959,844,3597,7049,1070,763,7567,2100
1753329131736274390,0,959,792,3595,7049,1220,763,7568,2129
1753329131738244531,0,959,837,3594,7049,1080,763,7568,2099
1753329131740277599,0,959,836,3592,7049,1079,763,7568,2097
1753329131742230888,0,959,886,3591,7049,894,763,7568,2096
1753329131744297594,0,959,838,3590,7049,1065,763,7568,2095
1753329131746233188,0,959,837,3589,7049,1058,763,7569,2062
1753329131748249552,0,959,835,3588,7049,1063,763,7569,2091
1753329131750231961,0,959,834,3586,7049,1040,763,7569,2089
1753329131752252933,0,959,833,3585,7049,1062,763,7569,2088
1753329131754256766,0,959,864,3584,7049,1038,763,7570,2130
1753329131756291740,0,959,833,3583,7049,1059,763,7570,2089
1753329131758234091,0,959,800,3582,7049,1097,763,7570,2088
1753329131760293676,0,959,828,3581,7049,1062,763,7570,2087
1753329131762208645,0,959,859,3580,7049,1047,763,7570,2086
1753329131764264024,0,959,829,3578,7049,1060,763,7571,2085
1753329131766220918,0,959,828,3577,7049,933,763,7571,2096
1753329131768247740,0,959,827,3576,7049,1049,763,7571,2084
1753329131770226090,0,959,825,3575,7049,1194,763,7571,2083
1753329131772281792,0,959,824,3574,7049,1058,763,7571,2082
1753329131774225423,0,959,823,3573,7049,911,763,7572,2081
1753329131776321254,0,959,823,3571,7049,1045,763,7572,2079
1753329131778247743,0,959,822,3570,7049,1054,763,7572,2066
1753329131780248898,0,959,821,3569,7049,1042,763,7572,2076
1753329131782246259,0,959,820,3569,7049,1009,763,7572,2088
1753329131784312902,0,959,819,3567,7049,1037,763,7573,2075
1753329131786252169,0,959,1140,3566,7049,1113,763,7573,2074
1753329131788215987,0,959,843,3565,7049,1040,763,7573,2073
1753329131790223831,0,959,521,3564,7049,1039,763,7573,2072
1753329131792293929,0,959,817,3563,7049,1038,763,7573,2071
1753329131794231726,0,959,816,3562,7049,1044,763,7574,2058
1753329131796298086,0,959,815,3561,7049,1036,763,7574,2068
1753329131798212782,0,959,814,3560,7049,1058,763,7574,2079
1753329131800269584,0,959,813,3559,7049,1034,763,7575,2067
1753329131802216308,0,959,825,3558,7049,1062,763,7575,2067
1753329131804217130,0,959,813,3556,7049,1034,763,7575,2065
1753329131806216873,0,959,839,3556,7049,1069,763,7575,2065
1753329131808233521,0,959,813,3555,7049,1035,763,7575,2064
1753329131810224264,0,959,812,3554,7049,1039,763,7575,2063
1753329131812190651,0,959,813,3553,7049,1033,763,7576,2062
1753329131814194461,0,959,785,3552,7049,1018,763,7576,2049
1753329131816252467,0,959,809,3551,7049,1030,763,7576,2059
1753329131818182661,0,959,808,3550,7049,1014,763,7576,2058
1753329131820177897,0,959,808,3549,7049,1027,763,7576,2057
1753329131822171519,0,959,807,3548,7049,1025,763,7576,2056
1753329131824208823,0,959,761,3547,7049,1038,763,7577,2055
1753329131826176665,0,959,802,3546,7049,1024,763,7577,2054
1753329131828228111,0,959,834,3545,7049,917,763,7577,2010
1753329131830167246,0,959,803,3544,7049,1014,763,7577,2049
1753329131832217541,0,959,816,3543,7049,1181,763,7577,2048
1753329131834150138,0,959,803,3542,7049,1024,763,7578,2047
1753329131836166456,0,959,707,3541,7049,994,763,7578,2033
1753329131838172221,0,959,794,3540,7049,1020,763,7578,2044
1753329131840154195,0,959,771,3539,7049,1026,763,7579,2100
1753329131842153424,0,959,791,3538,7049,1019,763,7579,2047
1753329131844163166,0,959,813,3537,7049,994,763,7579,1935
1753329131846155426,0,959,791,3536,7049,1015,763,7579,2036
1753329131848166674,0,959,842,3534,7049,1059,763,7579,2146
1753329131850123783,0,959,794,3534,7049,1016,763,7580,2043
1753329131852168759,0,959,839,3533,7049,1322,763,7580,2054
1753329131854191533,0,959,797,3531,7049,1037,763,7580,2041
1753329131856146862,0,959,677,3530,7049,813,763,7580,2040
1753329131858189373,0,959,786,3529,7049,1019,763,7581,2039
1753329131860198949,0,959,786,3528,7049,1065,763,7581,2038
1753329131862217027,0,959,785,3527,7049,1022,763,7581,2037
1753329131864211571,0,959,784,3526,7049,966,763,7581,2036
1753329131866252793,0,959,783,3525,7049,1016,763,7582,2035
1753329131868197296,0,959,805,3525,7049,1116,763,7582,2035
1753329131870200881,0,959,784,3524,7049,1021,763,7582,2034
1753329131872201645,0,959,783,3523,7049,1022,763,7582,2033
1753329131874206475,0,959,782,3522,7049,1021,763,7582,2032
1753329131876244316,0,959,707,3521,7049,1078,763,7583,2031
1753329131878270000,0,959,775,3520,7049,1024,763,7583,2031
1753329131880233194,0,959,899,3519,7049,969,763,7583,2030
1753329131882246425,0,959,783,3518,7049,1020,763,7583,2029
1753329131884274732,0,959,731,3518,7049,1078,763,7583,2029
1753329131886209722,0,959,777,3517,7049,1025,763,7583,2028
1753329131888227752,0,959,776,3516,7049,1024,763,7584,2027
1753329131890223589,0,959,775,3515,7049,1024,763,7584,2026
1753329131892242301,0,959,774,3514,7049,1050,763,7584,2025
1753329131894230273,0,959,773,3513,7049,1026,763,7585,2024
1753329131896235642,0,959,749,3512,7049,1053,763,7585,2023
1753329131898240201,0,959,769,3512,7049,1029,763,7585,2023
1753329131900267318,0,959,791,3511,7049,954,763,7585,2022
1753329131902217761,0,959,769,3510,7049,1023,763,7585,2021
1753329131904216701,0,959,768,3509,7049,1050,763,7586,2020
1753329131906245145,0,959,767,3509,7049,1025,763,7586,2020
1753329131908305506,0,959,766,3508,7049,1026,763,7586,2019
1753329131910256735,0,959,816,3507,7049,1029,763,7586,2019
1753329131912210474,0,959,768,3506,7049,1027,763,7586,2018
1753329131914199147,0,959,799,3505,7049,1024,763,7587,2017
1753329131916207747,0,959,768,3505,7049,1027,763,7587,2017
1753329131918203529,0,959,685,3503,7049,1027,763,7587,2015
1753329131920251747,0,959,760,3503,7049,1027,763,7587,2015
1753329131922214326,0,959,842,3502,7049,1124,763,7587,2014
1753329131924224666,0,959,765,3501,7049,1035,763,7588,2013
1753329131926212394,0,959,681,3500,7049,918,763,7588,2012
1753329131928244010,0,959,757,3499,7049,1026,763,7588,2011
1753329131930255236,0,959,806,3499,7049,1050,763,7588,2011
1753329131932383693,0,959,758,3498,7049,1028,763,7589,2010
1753329131934238173,0,959,789,3498,7049,1116,763,7589,2010
1753329131936257628,0,959,760,3497,7049,1035,763,7589,2009
1753329131938216942,0,959,1238,3496,7049,1660,763,7589,2008
1753329131940272667,0,959,794,3495,7049,1082,763,7589,2007
1753329131942216146,0,959,315,3494,7049,371,763,7590,2006
1753329131944269684,0,959,757,3494,7049,1030,763,7590,2007
1753329131946218538,0,959,675,3493,7049,1303,763,7590,2006
1753329131948291720,0,959,750,3492,7049,1051,763,7590,2005
1753329131950319583,0,959,832,3491,7049,775,763,7590,2004
1753329131952216014,0,959,755,3491,7049,1031,763,7590,2004
1753329131954213603,0,959,755,3490,7049,1113,763,7591,2003
1753329131956216787,0,959,754,3489,7049,1039,763,7591,2002
1753329131958207594,0,959,753,3488,7049,985,763,7591,2001
1753329131960265622,0,959,753,3488,7049,1036,763,7591,2001
1753329131962258106,0,959,752,3487,7049,1018,763,7592,2000
1753329131964257702,0,959,751,3486,7049,1036,763,7592,1999
1753329131966202036,0,959,750,3486,7049,1071,763,7592,1999
1753329131968199477,0,959,750,3485,7049,1041,763,7592,1998
1753329131970204567,0,959,749,3485,7049,1042,763,7592,1998
1753329131972229869,0,959,748,3484,7049,1043,763,7593,1997
1753329131974213785,0,959,748,3483,7049,1054,763,7593,1996
1753329131976228489,0,959,747,3482,7049,1045,763,7593,1995
1753329131978232485,0,959,746,3481,7049,973,763,7593,1995
1753329131980230309,0,959,745,3481,7049,1042,763,7594,1995
1753329131982256823,0,959,745,3480,7049,1116,763,7594,1994
1753329131984218397,0,959,745,3479,7049,1050,763,7594,1993
1753329131986212813,0,959,745,3478,7049,947,763,7594,1992
1753329131988229998,0,959,744,3478,7049,1043,763,7595,1992
1753329131990230991,0,959,743,3477,7049,1017,763,7595,1991
1753329131992233742,0,959,743,3476,7049,1042,763,7595,1990
1753329131994347664,0,959,742,3476,7049,1043,763,7595,1990
1753329131996207062,0,959,741,3475,7049,1125,763,7596,1989
1753329131998225432,0,959,741,3475,7049,1050,763,7596,1989
1753329132000244531,0,959,740,3474,7049,1384,763,7596,1988
1753329132002246762,0,959,740,3473,7049,1076,763,7596,1987
1753329132004227495,0,959,707,3473,7049,572,763,7596,1987
1753329132006258805,0,959,737,3471,7049,1039,763,7597,1985
1753329132008270423,0,959,736,3471,7049,1207,763,7597,1985
1753329132010234662,0,959,736,3470,7049,1050,763,7597,1985
1753329132012250412,0,959,767,3470,7049,1177,763,7597,1985
1753329132014217850,0,959,737,3469,7049,1061,763,7597,1984
1753329132016201162,0,959,654,3469,7049,1096,763,7598,1984
1753329132018216282,0,959,730,3468,7049,1064,763,7598,1983
1753329132020229528,0,959,780,3468,7049,1104,763,7598,1983
1753329132022242564,0,959,732,3467,7049,1068,763,7598,1982
1753329132024239126,0,959,731,3466,7049,931,763,7598,1981
1753329132026260736,0,959,731,3466,7049,1061,763,7598,1981
1753329132028227005,0,959,730,3465,7049,1760,763,7599,1980
1753329132030232609,0,959,729,3464,7049,1116,763,7599,1979
1753329132032220362,0,959,729,3464,7049,524,763,7599,1979
1753329132034211985,0,959,728,3462,7049,1074,763,7599,1977
1753329132036208866,0,959,727,3462,7049,1150,763,7600,1977
1753329132038199142,0,959,728,3462,7049,1084,763,7600,1977
1753329132040235528,0,959,727,3461,7049,1053,763,7600,1976
1753329132042264001,0,959,726,3461,7049,1086,763,7600,1976
1753329132044251055,0,959,725,3460,7049,1155,763,7600,1976
1753329132046221711,0,959,725,3460,7049,1096,763,7601,1976
1753329132048223147,0,959,768,3459,7049,1050,763,7601,1975
1753329132050212749,0,959,727,3459,7049,1096,763,7601,1975
1753329132052219810,0,959,713,3458,7049,995,763,7601,1974
1753329132054227682,0,959,724,3458,7049,1093,763,7602,1974
1753329132056220786,0,959,724,3457,7049,1082,763,7602,1973
1753329132058225747,0,959,723,3457,7049,1097,763,7602,1973
1753329132060243424,0,959,723,3456,7049,1114,763,7602,1972
1753329132062186716,0,959,723,3455,7049,1104,763,7602,1971
1753329132064204460,0,959,734,3455,7049,1047,763,7603,1971
1753329132066193014,0,959,723,3454,7049,1105,763,7603,1970
1753329132068239093,0,959,722,3454,7049,1107,763,7603,1970
1753329132070224464,0,959,722,3453,7049,1109,763,7603,1969
1753329132072312729,0,959,708,3453,7049,1082,763,7603,1969
1753329132074230285,0,959,720,3452,7049,1110,763,7603,1968
1753329132076319776,0,959,720,3452,7049,1111,763,7604,1968
1753329132078262443,0,959,719,3451,7049,1131,763,7604,1968
1753329132080277953,0,959,719,3450,7049,1116,763,7604,1967
1753329132082242043,0,959,718,3450,7049,1069,763,7604,1967
1753329132084251784,0,959,718,3449,7049,1114,763,7604,1966
1753329132086228280,0,959,717,3449,7049,1112,763,7604,1966
1753329132088376517,0,959,717,3449,7049,1116,763,7604,1966
1753329132090240522,0,959,716,3448,7049,1244,763,7604,1965
1753329132092237477,0,959,716,3447,7049,1125,763,7605,1964
1753329132094238798,0,959,715,3447,7049,1060,763,7605,1964
1753329132096300097,0,959,716,3447,7049,1121,763,7605,1964
1753329132098229571,0,959,716,3446,7049,1074,763,7606,1963
1753329132100224435,0,959,715,3445,7049,1119,763,7606,1962
1753329132102220566,0,959,714,3445,7049,1121,763,7606,1962
1753329132104328238,0,959,714,3444,7049,1120,763,7606,1961
1753329132106259779,0,959,713,3444,7049,1166,763,7606,1961
1753329132108215782,0,959,713,3443,7049,1125,763,7606,1960
1753329132110199288,0,959,630,3443,7049,1348,763,7607,1961
1753329132112218027,0,959,707,3443,7049,1143,763,7607,1961
1753329132114215418,0,959,788,3442,7049,1064,763,7607,1960
1753329132116309885,0,959,712,3442,7049,1139,763,7607,1960
1753329132118230765,0,959,711,3441,7049,1268,763,7608,1789
1753329132120210970,0,959,711,3441,7049,1151,763,7608,1946
1753329132122203478,0,959,710,3440,7049,1116,763,7608,2115
1753329132124212931,0,959,710,3440,7049,1153,763,7608,1958
1753329132126245954,0,959,709,3439,7049,1101,763,7609,1957
1753329132128231058,0,959,709,3439,7049,1152,763,7609,1957
1753329132130235950,0,959,626,3438,7049,1181,763,7609,1956
1753329132132212584,0,959,702,3438,7049,1157,763,7609,1956
1753329132134247036,0,959,752,3438,7049,1205,763,7609,1956
1753329132136217281,0,959,705,3437,7049,1164,763,7610,1955
1753329132138249325,0,959,493,3436,7049,1144,763,7610,1954
1753329132140221317,0,959,688,3436,7049,1166,763,7610,1954
1753329132142221827,0,959,933,3435,7049,1207,763,7610,1953
1753329132144243278,0,959,706,3435,7049,1172,763,7610,1953
1753329132146248219,0,959,705,3434,7049,1134,763,7611,1952
1753329132148195852,0,959,705,3434,7049,1173,763,7611,1953
1753329132150295119,0,959,704,3433,7049,1166,763,7611,1952
1753329132152309265,0,959,704,3433,7049,1177,763,7611,1952
1753329132154227261,0,959,597,3432,7049,1156,763,7611,1951
1753329132156249276,0,959,695,3432,7049,1179,763,7612,1951
1753329132158239839,0,959,812,3431,7049,893,763,7612,1950
1753329132160248209,0,959,703,3431,7049,1164,763,7612,1950
1753329132162280915,0,959,702,3431,7049,1165,763,7612,1950
1753329132164238999,0,959,702,3430,7049,1398,763,7612,1949
1753329132166248751,0,959,701,3430,7049,1187,763,7613,1949
1753329132168220995,0,959,701,3429,7049,1111,763,7613,1948
1753329132170295250,0,959,700,3429,7049,1186,763,7613,1948
1753329132172268413,0,959,700,3428,7049,1109,763,7613,1947
1753329132174276291,0,959,700,3428,7049,1185,763,7613,1947
1753329132176358684,0,959,699,3427,7049,1171,763,7613,1946
1753329132178304145,0,959,700,3427,7049,1189,763,7614,1946
1753329132180221730,0,959,726,3427,7049,1217,763,7614,1946
1753329132182283273,0,959,701,3426,7049,1195,763,7614,1946
1753329132184285461,0,959,701,3426,7049,1178,763,7615,1946
1753329132186372252,0,959,700,3426,7049,1198,763,7615,1946
1753329132188378978,0,959,673,3425,7049,1163,763,7615,1945
1753329132190352056,0,959,698,3425,7049,1200,763,7615,1945
1753329132192353987,0,959,724,3424,7049,1032,763,7615,1944
1753329132194367698,0,959,699,3424,7049,1192,763,7616,1944
1753329132196241117,0,959,672,3423,7049,1275,763,7616,1943
1753329132198427732,0,959,696,3423,7049,1201,763,7616,1943
1753329132200198837,0,959,696,3423,7049,1180,763,7616,1943
1753329132202185776,0,959,696,3422,7049,1203,763,7617,1942
1753329132204205262,0,959,684,3422,7049,1162,763,7617,1942
1753329132206188842,0,959,695,3422,7049,1202,763,7617,1942
1753329132208249969,0,959,708,3421,7049,1203,763,7617,1941
1753329132210242018,0,959,696,3421,7049,1204,763,7617,1941
1753329132212258933,0,959,683,3421,7049,1292,763,7617,1941
1753329132214253953,0,959,695,3421,7049,1212,763,7617,1942
1753329132216306875,0,959,589,3420,7049,1125,763,7617,1941
1753329132218345506,0,959,687,3420,7049,1207,763,7618,1941
1753329132220309826,0,959,791,3420,7049,1249,763,7618,1941
1753329132222279099,0,959,694,3419,7049,1211,763,7618,1940
1753329132224264723,0,959,662,3419,7049,1313,763,7619,1940
1753329132226245014,0,959,692,3418,7049,1219,763,7619,1939
1753329132228298382,0,959,691,3418,7049,985,763,7619,1939
1753329132230292751,0,959,691,3418,7049,1202,763,7619,1939
1753329132232309162,0,959,691,3417,7049,1499,763,7619,1938
1753329132234298988,0,959,690,3417,7049,1226,763,7619,1938
1753329132236325143,0,959,690,3417,7049,1226,763,7619,1938
1753329132238389020,0,959,689,3416,7049,1227,763,7620,1937
1753329132240316678,0,959,720,3416,7049,1281,763,7620,1937
1753329132242301189,0,959,690,3416,7049,1233,763,7620,1937
1753329132244315121,0,959,657,3416,7049,1133,763,7620,1937
1753329132246304233,0,959,687,3415,7049,1228,763,7620,1936
1753329132248221347,0,959,686,3415,7049,1229,763,7621,1937
1753329132250306001,0,959,717,3415,7049,1331,763,7621,1937
1753329132252278529,0,959,687,3414,7049,1241,763,7621,1936
1753329132254247815,0,959,687,3414,7049,1221,763,7621,1936
1753329132256307808,0,959,687,3414,7049,1242,763,7622,1936
1753329132258252573,0,959,686,3414,7049,1244,763,7622,1936
1753329132260345661,0,959,686,3414,7049,1245,763,7622,1936
1753329132262275400,0,959,603,3413,7049,1276,763,7622,1935
1753329132264327069,0,959,679,3413,7049,1253,763,7623,1935
1753329132266263782,0,959,774,3413,7049,1144,763,7623,1935
1753329132268401448,0,959,686,3413,7049,1248,763,7623,1935
1753329132270292430,0,959,685,3413,7049,1223,763,7623,1935
1753329132272323529,0,959,685,3413,7049,1250,763,7623,1935
1753329132274252769,0,959,712,3412,7049,1586,763,7623,1934
1753329132276401135,0,959,687,3412,7049,1277,763,7623,1934
1753329132278279590,0,959,659,3412,7049,1060,763,7624,1934
1753329132280307172,0,959,684,3412,7049,1265,763,7624,1934
1753329132282243110,0,959,684,3412,7049,1126,763,7624,1935
1753329132284312374,0,959,683,3411,7049,1259,763,7625,1934
1753329132286275652,0,959,671,3411,7049,1180,763,7625,1934
1753329132288354260,0,959,683,3411,7049,1256,763,7625,1934
1753329132290239235,0,959,695,3411,7049,1581,763,7625,1934
1753329132292264620,0,959,684,3411,7049,1284,763,7626,1934
1753329132294229353,0,959,670,3411,7049,1035,763,7626,1934
1753329132296320629,0,959,682,3411,7049,1268,763,7626,1934
1753329132298262588,0,959,599,3411,7049,1269,763,7626,1934
1753329132300275924,0,959,676,3411,7049,1272,763,7626,1934
1753329132302312544,0,959,771,3411,7049,1222,763,7626,1934
1753329132304239368,0,959,683,3411,7049,1274,763,7627,1934
1753329132306308760,0,959,670,3411,7049,1361,763,7627,1934
1753329132308278127,0,959,681,3410,7049,1284,763,7627,1933
1753329132310308250,0,959,681,3410,7049,1158,763,7627,1933
1753329132312324987,0,959,681,3410,7049,1278,763,7627,1933
1753329132314307447,0,959,681,3410,7049,1368,763,7628,1934
1753329132316309619,0,959,681,3410,7049,1288,763,7628,1934
1753329132318289412,0,959,693,3410,7049,1172,763,7628,1934
1753329132320388112,0,959,682,3409,7049,1283,763,7628,1933
1753329132322242317,0,959,682,3409,7049,1261,763,7628,1933
1753329132324336550,0,959,682,3409,7049,1285,763,7628,1933
1753329132326268386,0,959,681,3409,7049,1259,763,7629,1933
1753329132328286668,0,959,681,3409,7049,1287,763,7629,1933
1753329132330245689,0,959,668,3409,7049,1316,763,7629,1933
1753329132332297044,0,959,680,3409,7049,1292,763,7630,1933
1753329132334354513,0,959,680,3409,7049,1294,763,7630,1933
1753329132336352096,0,959,693,3408,7049,1392,763,7630,1932
1753329132338345444,0,959,680,3408,7049,1305,763,7630,1932
1753329132340320877,0,959,707,3408,7049,1251,763,7630,1932
1753329132342306154,0,959,683,3408,7049,1304,763,7631,1932
1753329132344237833,0,959,656,3408,7049,1304,763,7631,1932
1753329132346372877,0,959,681,3408,7049,1307,763,7631,1932
1753329132348256193,0,959,724,3408,7049,1309,763,7631,1933
1753329132350268362,0,959,684,3408,7049,1309,763,7631,1933
1753329132352244524,0,959,668,3408,7049,1514,763,7632,1933
1753329132354299389,0,959,683,3408,7049,1327,763,7632,1933
1753329132356250664,0,959,683,3407,7049,1232,763,7632,1932
1753329132358276517,0,959,683,3407,7049,1323,763,7632,1932
1753329132360277316,0,959,699,3407,7049,1371,763,7632,1932
1753329132362281317,0,959,684,3407,7049,1328,763,7632,1932
1753329132364269554,0,959,791,3407,7049,1266,763,7633,1932
1753329132366278517,0,959,692,3407,7049,1327,763,7633,1932
1753329132368266100,0,959,542,3407,7049,1466,763,7633,1932
1753329132370324425,0,959,681,3407,7049,1341,763,7633,1932
1753329132372261071,0,959,681,3407,7049,1267,763,7633,1932
1753329132374292701,0,959,681,3407,7049,1338,763,7633,1932
1753329132376269022,0,959,669,3407,7049,1274,763,7634,1932
1753329132378242788,0,959,681,3407,7049,1336,763,7634,1932
1753329132380315392,0,959,681,3407,7049,1313,763,7634,1932
1753329132382264281,0,959,681,3407,7049,1338,763,7634,1933
1753329132384268028,0,959,649,3407,7049,1365,763,7634,1933
1753329132386272657,0,959,679,3407,7049,1345,763,7635,1933
1753329132388257638,0,959,711,3407,7049,1345,763,7635,1933
1753329132390246777,0,959,682,3407,7049,1348,763,7635,1933
1753329132392214566,0,959,682,3407,7049,1383,763,7635,1933
1753329132394215623,0,959,682,3407,7049,1354,763,7636,1933
1753329132396224091,0,959,722,3407,7049,1291,763,7636,1933
1753329132398212199,0,959,685,3408,7049,1353,763,7636,1934
1753329132400224081,0,959,563,3407,7049,1296,763,7636,1933
1753329132402299944,0,959,676,3408,7049,1353,763,7636,1934
1753329132404280437,0,959,727,3408,7049,1414,763,7637,1934
1753329132406225254,0,959,679,3408,7049,1361,763,7637,1934
1753329132408308880,0,959,751,3408,7049,1363,763,7637,1934
1753329132410308004,0,959,684,3408,7049,1365,763,7637,1934
1753329132412335923,0,959,613,3408,7049,1289,763,7638,1934
1753329132414271738,0,959,679,3408,7049,1363,763,7638,1935
1753329132416296874,0,959,711,3408,7049,1318,763,7638,1935
1753329132418226218,0,959,682,3408,7049,1363,763,7638,1935
1753329132420238637,0,959,682,3408,7049,1365,763,7638,1935
1753329132422213737,0,959,682,3408,7049,1462,763,7639,1935
1753329132424271938,0,959,682,3408,7049,1376,763,7639,1935
1753329132426258526,0,959,555,3408,7049,1243,763,7639,1935
1753329132428330437,0,959,673,3408,7049,1369,763,7639,1935
1753329132430306989,0,959,855,3408,7049,894,763,7640,1935
1753329132432369389,0,959,686,3408,7049,1337,763,7640,1935
1753329132434281631,0,959,598,3408,7049,1903,763,7640,1935
1753329132436271147,0,959,680,3408,7049,1383,763,7640,1935
1753329132438272502,0,959,712,3408,7049,1384,763,7640,1935
1753329132440364182,0,959,682,3408,7049,1386,763,7640,1935
1753329132442350968,0,959,695,3408,7049,1441,763,7641,1935
1753329132444357595,0,959,683,3409,7049,1392,763,7641,1936
1753329132446248115,0,959,671,3409,7049,1293,763,7641,1936
1753329132448250338,0,959,682,3409,7049,1389,763,7641,1937
1753329132450246302,0,959,683,3409,7049,1467,763,7642,1937
1753329132452248009,0,959,683,3409,7049,1398,763,7642,1937
1753329132454264416,0,959,682,3409,7049,1398,763,7642,1937
1753329132456271109,0,959,682,3409,7049,1400,763,7642,1937
1753329132458224508,0,959,695,3409,7049,1442,763,7642,1937
1753329132460243362,0,959,683,3409,7049,1405,763,7643,1937
1753329132462254292,0,959,670,3410,7049,1409,763,7643,1938
1753329132464215316,0,959,682,3410,7049,1408,763,7643,1938
1753329132466206004,0,959,682,3410,7049,1458,763,7643,1938
1753329132468195505,0,959,682,3410,7049,1416,763,7644,1938
1753329132470219823,0,959,695,3410,7049,1417,763,7644,1938
1753329132472211029,0,959,683,3410,7049,1418,763,7644,1938
1753329132474203686,0,959,683,3410,7049,1342,763,7644,1938
1753329132476211107,0,959,683,3410,7049,1416,763,7644,1938
1753329132478208820,0,959,671,3410,7049,1395,763,7645,1938
1753329132480208136,0,959,682,3411,7049,1417,763,7645,1939
1753329132482203509,0,959,722,3411,7049,1390,763,7645,1940
1753329132484206650,0,959,686,3411,7049,1419,763,7645,1940
1753329132486196023,0,959,686,3411,7049,1509,763,7645,1940
1753329132488212905,0,959,686,3411,7049,1430,763,7646,1940
1753329132490216838,0,959,686,3412,7049,1377,763,7646,1941
1753329132492275981,0,959,686,3412,7049,1429,763,7646,1941
1753329132494278771,0,959,646,3412,7049,1480,763,7646,1941
1753329132496242934,0,959,683,3412,7049,1437,763,7646,1941
1753329132498296427,0,959,651,3413,7049,1390,763,7646,1942
1753329132500246671,0,959,681,3413,7049,1437,763,7647,1942
1753329132502255959,0,959,713,3413,7049,1439,763,7646,1942
1753329132504299018,0,959,683,3413,7049,1440,763,7647,1942
1753329132506301232,0,959,683,3413,7049,1442,763,7647,1942
1753329132508291910,0,959,683,3413,7049,1491,763,7647,1942
1753329132510278513,0,959,683,3414,7049,1448,763,7647,1943
1753329132512216560,0,959,683,3414,7049,1451,763,7647,1943
1753329132514268914,0,959,683,3414,7049,1450,763,7648,1944
1753329132516209467,0,959,684,3414,7049,1356,763,7648,1944
1753329132518245330,0,959,684,3414,7049,1446,763,7648,1944
1753329132520293040,0,959,684,3415,7049,1489,763,7648,1945
1753329132522279111,0,959,684,3415,7049,1452,763,7649,1945
1753329132524277841,0,959,414,3415,7049,1453,763,7649,1945
1753329132526264885,0,959,664,3415,7049,1455,763,7649,1945
1753329132528217007,0,959,902,3415,7049,1337,763,7649,1945
1753329132530240032,0,959,681,3416,7049,1448,763,7650,1946
1753329132532191562,0,959,681,3416,7049,1574,763,7650,1946
1753329132534291810,0,959,681,3416,7049,1461,763,7650,1946
1753329132536210089,0,959,753,3417,7049,1481,763,7650,1947
1753329132538212114,0,959,687,3417,7049,1466,763,7650,1947
1753329132540255159,0,959,660,3417,7049,1450,763,7650,1947
1753329132542255462,0,959,685,3418,7049,1469,763,7651,1948
1753329132544183282,0,959,684,3418,7049,1459,763,7651,1948
1753329132546255452,0,959,685,3418,7049,1471,763,7651,1948
1753329132548195200,0,959,672,3418,7049,1476,763,7651,1949
1753329132550254120,0,959,684,3419,7049,1474,763,7651,1950
1753329132552246629,0,959,697,3419,7049,1537,763,7651,1950
1753329132554280902,0,959,685,3419,7049,1482,763,7651,1950
1753329132556186533,0,959,685,3420,7049,1398,763,7651,1951
1753329132558305106,0,959,686,3420,7049,1480,763,7652,1951
1753329132560279436,0,959,673,3420,7049,1482,763,7652,1951
1753329132562262783,0,959,685,3420,7049,1484,763,7652,1951
1753329132564317691,0,959,653,3421,7049,1567,763,7652,1952
1753329132566225891,0,959,682,3421,7049,1494,763,7653,1952
1753329132568223576,0,959,714,3421,7049,1415,763,7653,1952
1753329132570216310,0,959,685,3422,7049,1492,763,7653,1953
1753329132572259784,0,959,698,3422,7049,1522,763,7653,1953
1753329132574217900,0,959,686,3422,7049,1498,763,7653,1953
1753329132576215875,0,959,673,3422,7049,1553,763,7653,1953
1753329132578254488,0,959,685,3423,7049,1505,763,7654,1954
1753329132580147938,0,959,685,3423,7049,1433,763,7654,1954
1753329132582207504,0,959,685,3423,7049,1504,763,7654,1955
1753329132584236017,0,959,367,3424,7049,1076,763,7654,1956
1753329132586242882,0,959,662,3424,7049,1476,763,7655,1956
1753329132588354208,0,959,980,3424,7049,1903,763,7655,1956
1753329132590251360,0,959,685,3425,7049,1511,763,7655,1957
1753329132592300096,0,959,685,3425,7049,1513,763,7655,1957
1753329132594264099,0,959,685,3426,7049,1427,763,7656,1958
1753329132596345050,0,959,685,3426,7049,1511,763,7656,1958
1753329132598266794,0,959,725,3426,7049,1507,763,7656,1958
1753329132600400081,0,959,689,3427,7049,1516,763,7656,1959
1753329132602323201,0,959,649,3427,7049,1476,763,7656,1959
1753329132604228507,0,959,686,3427,7049,1516,763,7656,1959
1753329132606346026,0,959,686,3428,7049,1512,763,7657,1960
1753329132608236692,0,959,686,3428,7049,1520,763,7657,1960
1753329132610316142,0,959,654,3428,7049,1568,763,7657,1960
1753329132612226662,0,959,684,3429,7049,1527,763,7657,1961
1753329132614237216,0,959,716,3429,7049,1482,763,7657,1962
1753329132616260538,0,959,686,3430,7049,1526,763,7658,1963
1753329132618301463,0,959,686,3430,7049,1566,763,7658,1963
1753329132620239171,0,959,686,3431,7049,1533,763,7658,1964
1753329132622270944,0,959,654,3431,7049,1596,763,7658,1964
1753329132624331339,0,959,685,3431,7049,1541,763,7658,1964
1753329132626246535,0,959,757,3432,7049,1410,763,7659,1965
1753329132628263642,0,959,690,3432,7049,1534,763,7659,1965
1753329132630317904,0,959,690,3433,7049,1574,763,7659,1966
1753329132632324937,0,959,690,3433,7049,1540,763,7659,1966
1753329132634320399,0,959,663,3434,7049,1525,763,7660,1967
1753329132636329249,0,959,689,3434,7049,1542,763,7660,1967
1753329132638298521,0,959,689,3434,7049,1689,763,7660,1967
1753329132640268968,0,959,689,3435,7049,1556,763,7660,1968
1753329132642265504,0,959,689,3435,7049,1429,763,7660,1968
1753329132644295201,0,959,689,3436,7049,1550,763,7660,1969
1753329132646255587,0,959,690,3436,7049,1617,763,7661,1969
1753329132648295586,0,959,690,3437,7049,1558,763,7661,1971
1753329132650288461,0,959,733,3437,7049,1333,763,7661,1971
1753329132652343388,0,959,693,3438,7049,1545,763,7661,1972
1753329132654247362,0,959,651,3438,7049,1690,763,7661,1972
1753329132656238595,0,959,691,3439,7049,1558,763,7661,1973
1753329132658240839,0,959,691,3439,7049,1537,763,7661,1973
1753329132660224330,0,959,691,3440,7049,1560,763,7661,1974
1753329132662209851,0,959,692,3440,7049,1584,763,7662,1974
1753329132664199232,0,959,692,3441,7049,1564,763,7662,1975
1753329132666203660,0,959,693,3441,7049,1574,763,7662,1975
1753329132668194946,0,959,694,3442,7049,1568,763,7663,1976
1753329132670206842,0,959,721,3442,7049,1463,763,7663,1921
1753329132672215098,0,959,696,3442,7049,1563,763,7663,1972
1753329132674190708,0,959,624,3443,7049,1671,763,7663,2028
1753329132676194719,0,959,691,3444,7049,1573,763,7663,1978
1753329132678200029,0,959,692,3444,7049,1575,763,7663,1978
1753329132680181623,0,959,990,3445,7049,1545,763,7664,1979
1753329132682271410,0,959,714,3445,7049,1576,763,7664,1980
1753329132684201527,0,959,448,3446,7049,1586,763,7664,1981
1753329132686206827,0,959,694,3446,7049,1579,763,7664,1981
1753329132688215940,0,959,734,3447,7049,1609,763,7665,1982
1753329132690238247,0,959,697,3447,7049,1584,763,7665,1982
1753329132692169857,0,959,699,3448,7049,1557,763,7665,1983
1753329132694288515,0,959,699,3448,7049,1585,763,7665,1983
1753329132696278175,0,959,699,3449,7049,1638,763,7666,1984
1753329132698267015,0,959,700,3449,7049,1592,763,7666,1984
1753329132700227814,0,959,700,3449,7049,1542,763,7666,1984
1753329132702288500,0,959,700,3450,7049,1591,763,7666,1985
1753329132704224930,0,959,701,3450,7049,1562,763,7666,1985
1753329132706239896,0,959,701,3451,7049,1592,763,7667,1986
1753329132708278391,0,959,701,3452,7049,1668,763,7667,1987
1753329132710286669,0,959,702,3452,7049,1600,763,7667,1987
1753329132712340446,0,959,702,3453,7049,1557,763,7667,1988
1753329132714319617,0,959,702,3453,7049,1600,763,7667,1988
1753329132716323199,0,959,719,3454,7049,1562,763,7667,1990
1753329132718314994,0,959,705,3454,7049,1599,763,7668,1990
1753329132720340964,0,959,915,3455,7049,1617,763,7668,1991
1753329132722345005,0,959,722,3455,7049,1603,763,7668,1991
1753329132724291247,0,959,495,3456,7049,1605,763,7668,1992
1753329132726380424,0,959,706,3457,7049,1606,763,7669,1993
1753329132728325555,0,959,706,3457,7049,1539,763,7669,1993
1753329132730298938,0,959,706,3458,7049,1604,763,7669,1994
1753329132732318725,0,959,666,3459,7049,1645,763,7669,1995
1753329132734310010,0,959,704,3459,7049,1610,763,7670,1995
1753329132736299063,0,959,745,3460,7049,1515,763,7670,1996
1753329132738298245,0,959,708,3461,7049,1606,763,7670,1997
1753329132740265825,0,959,709,3461,7049,1587,763,7670,1997
1753329132742269451,0,959,711,3462,7049,1607,763,7670,1998
1753329132744293755,0,959,727,3462,7049,1703,763,7671,1998
1753329132746362025,0,959,713,3462,7049,1616,763,7671,1998
1753329132748321949,0,959,697,3464,7049,1601,763,7671,2000
1753329132750221590,0,959,713,3464,7049,1617,763,7671,2001
1753329132752231653,0,959,687,3465,7049,1575,763,7671,2002
1753329132754259414,0,959,712,3466,7049,1616,763,7672,2003
1753329132756238811,0,959,700,3466,7049,1670,763,7672,2003
1753329132758281110,0,959,713,3467,7049,1621,763,7672,2004
1753329132760274325,0,959,713,3468,7049,1622,763,7672,2005
1753329132762242391,0,959,682,3468,7049,1614,763,7673,2005
1753329132764234650,0,959,713,3469,7049,1623,763,7673,2006
1753329132766234886,0,959,786,3469,7049,2384,763,7673,2006
1753329132768244189,0,959,719,3470,7049,1683,763,7673,2007
1753329132770223713,0,959,693,3471,7049,934,763,7673,2008
1753329132772281929,0,959,719,3472,7049,1629,763,7673,2009
1753329132774216263,0,959,763,3472,7049,1699,763,7674,2009
1753329132776224375,0,959,724,3473,7049,1636,763,7674,2010
1753329132778219926,0,959,790,3474,7049,1721,763,7674,2011
1753329132780335062,0,959,729,3475,7049,1644,763,7674,2012
1753329132782295467,0,959,664,3475,7049,1622,763,7674,2013
1753329132784230421,0,959,726,3476,7049,1645,763,7674,2014
1753329132786295452,0,959,683,3477,7049,1586,763,7674,2015
1753329132788217275,0,959,724,3478,7049,1642,763,7675,2016
1753329132790215384,0,959,724,3478,7049,1638,763,7675,2016
1753329132792232932,0,959,725,3479,7049,1644,763,7675,2017
1753329132794217952,0,959,726,3480,7049,1705,763,7675,2018
1753329132796241263,0,959,727,3481,7049,1651,763,7675,2019
1753329132798207827,0,959,727,3482,7049,1657,763,7676,2020
1753329132800211178,0,959,728,3482,7049,1653,763,7676,2020
1753329132802194583,0,959,729,3483,7049,1650,763,7676,2021
1753329132804215859,0,959,730,3484,7049,1656,763,7676,2022
1753329132806199645,0,959,731,3485,7049,1485,763,7676,2023
1753329132808273202,0,959,731,3485,7049,1646,763,7676,2023
1753329132810274082,0,959,687,3486,7049,1765,763,7677,2024
1753329132812315903,0,959,730,3487,7049,1657,763,7677,2025
1753329132814264076,0,959,801,3488,7049,1657,763,7677,1925
1753329132816283435,0,959,736,3489,7049,1660,763,7678,2020
1753329132818254476,0,959,709,3490,7049,1602,763,7678,2122
1753329132820267681,0,959,735,3490,7049,1658,763,7678,2029
1753329132822260492,0,959,735,3491,7049,1357,763,7678,2030
1753329132824243148,0,959,735,3492,7049,1639,763,7678,2031
1753329132826247121,0,959,763,3493,7049,1943,763,7679,2032
1753329132828236699,0,959,738,3493,7049,1663,763,7679,2032
1753329132830246234,0,959,668,3494,7049,1832,763,7679,2033
1753329132832219273,0,959,735,3495,7049,1678,763,7679,2034
1753329132834231560,0,959,823,3496,7049,1471,763,7679,2035
1753329132836237860,0,959,743,3497,7049,1665,763,7679,2036
1753329132838258088,0,959,700,3498,7049,1702,763,7681,2037
1753329132840274114,0,959,741,3498,7049,1670,763,7681,2037
1753329132842239704,0,959,742,3499,7049,1689,763,7681,2038
1753329132844250241,0,959,743,3500,7049,1674,763,7681,2039
1753329132846291182,0,959,787,3501,7049,1592,763,7681,2040
1753329132848229544,0,959,747,3501,7049,1669,763,7682,2040
1753329132850257301,0,959,747,3502,7049,1670,763,7682,2041
1753329132852224783,0,959,610,3503,7049,1678,763,7682,2043
1753329132854360709,0,959,739,3504,7049,1673,763,7682,2044
1753329132856332168,0,959,862,3505,7049,1726,763,7682,2045
1753329132858245967,0,959,749,3506,7049,1680,763,7683,2046
1753329132860234732,0,959,723,3506,7049,1680,763,7683,2046
1753329132862317838,0,959,749,3507,7049,1681,763,7683,2047
1753329132864225713,0,959,749,3508,7049,1630,763,7683,2048
1753329132866227869,0,959,751,3509,7049,1679,763,7683,2049
1753329132868247477,0,959,752,3510,7049,1740,763,7684,2050
1753329132870325682,0,959,753,3511,7049,1687,763,7684,2051
1753329132872220289,0,959,740,3512,7049,1629,763,7684,2052
1753329132874257995,0,959,753,3513,7049,1684,763,7685,2053
1753329132876228168,0,959,828,3514,7049,1685,763,7685,2054
1753329132878313344,0,959,761,3515,7049,1686,763,7685,2055
1753329132880261839,0,959,688,3516,7049,1660,763,7685,2056
1753329132882227914,0,959,757,3517,7049,1686,763,7686,2057
1753329132884223993,0,959,770,3517,7049,1642,763,7686,2057
1753329132886275911,0,959,759,3518,7049,1684,763,7686,2059
1753329132888224527,0,959,747,3519,7049,1684,763,7686,2060
1753329132890255849,0,959,760,3520,7049,1684,763,7686,2061
1753329132892299459,0,959,817,3520,7049,1618,763,7687,2061
1753329132894284366,0,959,766,3521,7049,1680,763,7687,2062
1753329132896323223,0,959,751,3523,7049,1882,763,7687,2064
1753329132898347749,0,959,767,3524,7049,1695,763,7688,2065
1753329132900266875,0,959,728,3525,7049,1697,763,7688,2066
1753329132902199807,0,959,766,3526,7049,1695,763,7688,2067
1753329132904194349,0,959,645,3526,7049,1808,763,7688,2067
1753329132906208805,0,959,758,3527,7049,1704,763,7689,2068
1753329132908234806,0,959,893,3528,7049,1645,763,7689,2069
1753329132910199198,0,959,770,3529,7049,1699,763,7689,2070
1753329132912200821,0,959,962,3530,7049,1740,763,7689,2071
1753329132914193540,0,959,785,3531,7049,1703,763,7689,2072
1753329132916215335,0,959,595,3532,7049,1813,763,7690,2073
1753329132918199875,0,959,773,3533,7049,1711,763,7690,2075
1753329132920223429,0,959,762,3534,7049,1732,763,7690,2076
1753329132922212042,0,959,773,3535,7049,1714,763,7690,2077
1753329132924210933,0,959,786,3536,7049,1758,763,7690,2078
1753329132926183344,0,959,776,3537,7049,1718,763,7691,2079
1753329132928209832,0,959,777,3538,7049,1709,763,7691,2080
1753329132930204957,0,959,777,3539,7049,1720,763,7691,2081
1753329132932214645,0,959,778,3541,7049,1721,763,7692,2083
1753329132934241767,0,959,779,3541,7049,1680,763,7692,2083
1753329132936240670,0,959,779,3542,7049,1722,763,7692,2084
1753329132938227918,0,959,735,3543,7049,1740,763,7692,2085
1753329132940245897,0,959,778,3545,7049,1725,763,7693,2087
1753329132942228871,0,959,823,3545,7049,1707,763,7693,2087
1753329132944259230,0,959,782,3547,7049,1727,763,7693,2089
1753329132946256192,0,959,452,3548,7049,1685,763,7693,2090
1753329132948249110,0,959,759,3549,7049,1728,763,7694,2091
1753329132950249918,0,959,1092,3550,7049,1687,763,7694,2092
1753329132952310068,0,959,786,3550,7049,1727,763,7694,2093
1753329132954243736,0,959,742,3552,7049,1699,763,7694,2095
1753329132956331916,0,959,785,3553,7049,1729,763,7695,2096
1753329132958249578,0,959,857,3554,7049,1674,763,7695,2097
1753329132960225795,0,959,791,3555,7049,1728,763,7695,2098
1753329132962216945,0,959,752,3556,7049,1730,763,7696,2099
1753329132964214761,0,959,789,3557,7049,1731,763,7696,2100
1753329132966215781,0,959,759,3558,7049,1729,763,7696,2101
1753329132968243391,0,959,788,3559,7049,1735,763,7696,2102
1753329132970230350,0,959,821,3560,7049,1699,763,7696,2103
1753329132972229085,0,959,793,3562,7049,1736,763,7697,2105
1753329132974229622,0,959,793,3562,7049,1672,763,7697,2105
1753329132976262651,0,959,794,3564,7049,1734,763,7697,2107
1753329132978302491,0,959,834,3565,7049,1797,763,7697,2108
1753329132980269385,0,959,798,3566,7049,1741,763,7697,2109
1753329132982228214,0,959,759,3567,7049,1805,763,7698,2110
1753329132984246978,0,959,796,3569,7049,1749,763,7698,2112
1753329132986260462,0,959,797,3569,7049,1538,763,7699,2011
1753329132988256698,0,959,798,3571,7049,1736,763,7699,2107
1753329132990373150,0,959,799,3572,7049,1801,763,7699,2209
1753329132992204269,0,959,800,3573,7049,1743,763,7699,2117
1753329132994212893,0,959,813,3574,7049,1722,763,7700,2118
1753329132996211252,0,959,803,3576,7049,1743,763,7700,2120
1753329132998203209,0,959,792,3576,7049,1722,763,7700,2120
1753329133000220192,0,959,804,3578,7049,1744,763,7701,2122
1753329133002215258,0,959,805,3579,7049,1745,763,7701,2123
1753329133004226013,0,959,806,3580,7049,1747,763,7701,2124
1753329133006209435,0,959,807,3581,7049,1771,763,7701,2125
1753329133008189120,0,959,808,3583,7049,1751,763,7702,2127
1753329133010185039,0,959,726,3583,7049,1678,763,7702,2127
1753329133012183552,0,959,804,3584,7049,1748,763,7702,2128
1753329133014182268,0,959,900,3585,7049,1822,763,7702,2074
1753329133016208235,0,959,812,3587,7049,1755,763,7703,2127
1753329133018196072,0,959,814,3588,7049,1757,763,7703,2128
1753329133020188947,0,959,802,3589,7049,1715,763,7703,2184
1753329133022203640,0,959,815,3590,7049,1756,763,7704,2134
1753329133024211619,0,959,829,3590,7049,1775,763,7704,2135
1753329133026197390,0,959,818,3592,7049,1758,763,7704,2137
1753329133028202883,0,959,846,3593,7049,1684,763,7705,2138
1753329133030194172,0,959,822,3594,7049,1753,763,7705,2139
1753329133032239012,0,959,784,3595,7049,1808,763,7705,2140
1753329133034229331,0,959,822,3596,7049,1758,763,7705,2141
1753329133036284230,0,959,835,3597,7049,1799,763,7705,2142
1753329133038216804,0,959,824,3598,7049,1762,763,7705,2143
1753329133040249558,0,959,812,3600,7049,1769,763,7705,2145
1753329133042244935,0,959,825,3601,7049,1763,763,7706,2146
1753329133044245690,0,959,840,3602,7049,1869,763,7706,2147
1753329133046255826,0,959,829,3603,7049,1773,763,7706,2148
1753329133048241868,0,959,817,3604,7049,1686,763,7706,2149
1753329133050274521,0,959,830,3606,7049,1767,763,7707,2151
1753329133052245236,0,959,831,3607,7049,1289,763,7707,2152
1753329133054268600,0,959,832,3608,7049,1732,763,7707,2153
1753329133056275788,0,959,873,3609,7049,2309,763,7707,2155
1753329133058268599,0,959,837,3610,7049,1777,763,7708,2156
1753329133060263353,0,959,838,3611,7049,1700,763,7708,2157
1753329133062265747,0,959,839,3613,7049,1773,763,7708,2159
1753329133064267346,0,959,695,3614,7049,1850,763,7709,2160
1753329133066255967,0,959,832,3616,7049,1780,763,7709,2162
1753329133068297416,0,959,937,3617,7049,1758,763,7709,2163
1753329133070279854,0,959,841,3618,7049,1780,763,7709,2164
1753329133072278734,0,959,843,3619,7049,1684,763,7710,2165
1753329133074254999,0,959,844,3621,7049,1775,763,7710,2167
1753329133076267672,0,959,813,3622,7049,1830,763,7710,2168
1753329133078280060,0,959,844,3623,7049,1781,763,7711,2169
1753329133080258597,0,959,845,3624,7049,1781,763,7711,2170
1753329133082257424,0,959,846,3626,7049,1782,763,7711,2172
1753329133084272194,0,959,848,3627,7049,1783,763,7711,2173
1753329133086274044,0,959,849,3628,7049,1784,763,7712,2174
1753329133088284600,0,959,850,3630,7049,1754,763,7712,2176
1753329133090277669,0,959,851,3631,7049,1784,763,7712,2178
1753329133092281232,0,959,852,3632,7049,1826,763,7712,2179
1753329133094265201,0,959,853,3633,7049,1788,763,7712,2180
1753329133096281475,0,959,886,3634,7049,1779,763,7713,2181
1753329133098313741,0,959,857,3636,7049,1789,763,7713,2183
1753329133100267676,0,959,826,3637,7049,1790,763,7713,2184
1753329133102248787,0,959,856,3638,7049,1791,763,7713,2185
1753329133104236556,0,959,857,3640,7049,1791,763,7714,2187
1753329133106216729,0,959,903,3641,7049,1854,763,7714,2188
1753329133108255412,0,959,863,3642,7049,1797,763,7714,2189
1753329133110240363,0,959,820,3644,7049,1746,763,7714,2191
1753329133112290665,0,959,862,3645,7049,1795,763,7715,2192
1753329133114272876,0,959,864,3646,7049,1786,763,7715,2193
1753329133116253982,0,959,865,3648,7049,1796,763,7716,2195
1753329133118256286,0,959,815,3649,7049,1801,763,7716,2196
1753329133120222573,0,959,863,3650,7049,1797,763,7716,2197
1753329133122198414,0,959,914,3652,7049,1741,763,7716,2199
1753329133124215902,0,959,869,3653,7049,1794,763,7716,2201
1753329133126206504,0,959,820,3655,7049,1884,763,7716,2203
1753329133128283657,0,959,868,3656,7049,1803,763,7717,2204
1753329133130247792,0,959,869,3657,7049,2001,763,7716,2205
1753329133132250559,0,959,870,3659,7049,1819,763,7716,2207
1753329133134205399,0,959,921,3660,7049,1653,763,7717,2208
1753329133136292399,0,959,876,3661,7049,1808,763,7716,2209
1753329133138241731,0,959,803,3663,7049,1693,763,7717,2211
1753329133140267974,0,959,872,3664,7049,1801,763,7717,2212
1753329133142244347,0,959,896,3666,7049,1918,763,7717,2214
1753329133144253089,0,959,876,3667,7049,1812,763,7717,2215
1753329133146279017,0,959,715,3668,7049,2040,763,7717,2216
1753329133148327239,0,959,866,3670,7049,1831,763,7717,2218
1753329133150314484,0,959,1030,3671,7049,1573,763,7718,2219
1753329133152314469,0,959,880,3673,7049,1813,763,7718,2221
1753329133154275788,0,959,881,3674,7049,1875,763,7718,2222
1753329133156236031,0,959,882,3675,7049,1819,763,7718,2224
1753329133158306372,0,959,935,3677,7049,1759,763,7718,2226
1753329133160272880,0,959,888,3678,7049,1816,763,7718,2227
1753329133162307744,0,959,838,3680,7049,1848,763,7719,1358
1753329133164315916,0,959,886,3681,7049,1820,763,7719,2165
1753329133166252768,0,959,938,3682,7049,1787,763,7719,3036
1753329133168261025,0,959,892,3684,7049,1820,763,7719,2232
1753329133170222563,0,959,893,3686,7049,1823,763,7719,2234
1753329133172205153,0,959,894,3687,7049,1822,763,7720,2235
1753329133174266738,0,959,895,3688,7049,1800,763,7720,2236
1753329133176248814,0,959,896,3690,7049,1822,763,7720,2238
1753329133178226917,0,959,896,3691,7049,1823,763,7720,2240
1753329133180241417,0,959,898,3693,7049,1824,763,7721,2242
1753329133182232004,0,959,899,3694,7049,1799,763,7721,2243
1753329133184234662,0,959,900,3695,7049,1824,763,7721,2244
1753329133186244842,0,959,933,3697,7049,1848,763,7721,2246
1753329133188233153,0,959,905,3698,7049,1828,763,7722,2247
1753329133190234981,0,959,905,3700,7049,1829,763,7722,2249
1753329133192282491,0,959,875,3701,7049,1807,763,7722,2250
1753329133194248397,0,959,906,3702,7049,1829,763,7723,2251
1753329133196250566,0,959,939,3704,7049,1776,763,7723,2253
1753329133198301887,0,959,910,3705,7049,1826,763,7723,2254
1753329133200225755,0,959,911,3707,7049,1777,763,7723,2256
1753329133202215199,0,959,912,3708,7049,1822,763,7724,2257
1753329133204217365,0,959,881,3710,7049,1888,763,7724,2259
1753329133206227743,0,959,912,3712,7049,1827,763,7724,2261
1753329133208225993,0,959,914,3713,7049,1828,763,7724,2262
1753329133210260644,0,959,915,3714,7049,1828,763,7725,2263
1753329133212245024,0,959,988,3716,7049,1878,763,7725,2266
1753329133214278653,0,959,923,3718,7049,1831,763,7725,2268
1753329133216258108,0,959,852,3719,7049,1654,763,7725,2269
1753329133218255534,0,959,920,3720,7049,1818,763,7725,2270
1753329133220257838,0,959,953,3722,7049,2101,763,7726,2272
1753329133222281712,0,959,925,3724,7049,1839,763,7726,2274
1753329133224260985,0,959,894,3725,7049,1750,763,7726,2275
1753329133226263338,0,959,926,3727,7049,1833,763,7726,2277
1753329133228240695,0,959,959,3729,7049,1884,763,7727,2279
1753329133230245519,0,959,930,3730,7049,1838,763,7727,2280
1753329133232263610,0,959,688,3731,7049,1811,763,7727,2281
1753329133234236323,0,959,915,3733,7049,1837,763,7728,2283
1753329133236275178,0,959,1078,3735,7049,1950,763,7728,2285
1753329133238245395,0,959,929,3736,7049,1846,763,7728,2286
1753329133240254819,0,959,857,3738,7049,1740,763,7729,2288
1753329133242240072,0,959,926,3739,7049,1840,763,7729,2289
1753329133244221630,0,959,1052,3741,7049,1971,763,7729,2292
1753329133246213177,0,959,939,3743,7049,1851,763,7729,2294
1753329133248195370,0,959,940,3744,7049,1794,763,7730,2295
1753329133250193516,0,959,941,3746,7049,1849,763,7730,2297
1753329133252253014,0,959,891,3747,7049,1845,763,7730,2298
1753329133254205999,0,959,940,3749,7049,1850,763,7730,2300
1753329133256178116,0,959,903,3751,7049,1855,763,7731,2302
1753329133258173349,0,959,939,3752,7049,1851,763,7731,2303
1753329133260185382,0,959,979,3754,7049,1881,763,7731,2305
1753329133262190929,0,959,944,3756,7049,1855,763,7732,2307
1753329133264193703,0,959,996,3757,7049,1726,763,7732,2308
1753329133266191831,0,959,950,3758,7049,1847,763,7732,2309
1753329133268191776,0,959,951,3760,7049,1939,763,7732,2311
1753329133270197404,0,959,952,3761,7049,1855,763,7733,2312
1753329133272274250,0,959,953,3764,7049,1827,763,7733,2315
1753329133274255110,0,959,954,3766,7049,1854,763,7733,2317
1753329133276226057,0,959,955,3766,7049,1855,763,7733,2317
1753329133278180461,0,959,956,3769,7049,1844,763,7733,2321
1753329133280211904,0,959,957,3771,7049,1857,763,7734,2323
1753329133282207051,0,959,746,3772,7049,1724,763,7734,2324
1753329133284236831,0,959,944,3774,7049,1850,763,7734,2326
1753329133286233121,0,959,1158,3778,7049,1862,763,7735,2330
1753329133288234492,0,959,961,3778,7049,1853,763,7735,2330
1753329133290281805,0,959,994,3779,7049,1887,763,7735,2331
1753329133292212136,0,959,966,3780,7049,1858,763,7735,2332
1753329133294176632,0,959,936,3782,7049,1888,763,7735,2334
1753329133296178239,0,959,967,3784,7049,1863,763,7735,2336
1753329133298174161,0,959,1000,3785,7049,1846,763,7736,2337
1753329133300191280,0,959,971,3787,7049,1864,763,7736,2339
1753329133302173414,0,959,972,3788,7049,1794,763,7736,2340
1753329133304295784,0,959,973,3790,7049,1860,763,7737,2342
1753329133306262220,0,959,974,3792,7049,1786,763,7737,2344
1753329133308229868,0,959,975,3793,7049,1855,763,7737,2345
1753329133310200923,0,959,989,3795,7049,1930,763,7738,2347
1753329133312298070,0,959,978,3797,7049,1862,763,7738,2350
1753329133314202359,0,959,967,3798,7049,1862,763,7738,2351
1753329133316212328,0,959,980,3800,7049,1862,763,7738,2353
1753329133318226517,0,959,980,3801,7049,1829,763,7739,2354
1753329133320327372,0,959,981,3803,7049,1860,763,7739,2356
1753329133322236348,0,959,982,3805,7049,1894,763,7739,2358
1753329133324231088,0,959,984,3808,7049,1862,763,7739,2361
1753329133326199432,0,959,998,3810,7049,1862,763,7739,2363
1753329133328191364,0,959,987,3812,7049,1862,763,7740,2365
1753329133330200623,0,959,1015,3813,7049,1865,763,7740,2366
1753329133332203333,0,959,991,3815,7049,1863,763,7740,2368
1753329133334195035,0,959,965,3817,7049,1931,763,7741,2370
1753329133336215194,0,959,990,3818,7049,1868,763,7741,2371
1753329133338228891,0,959,734,3820,7049,1985,763,7741,2373
1753329133340231830,0,959,973,3822,7049,1877,763,7741,2375
1753329133342250760,0,959,1232,3824,7049,1802,763,7742,2377
1753329133344226597,0,959,995,3826,7049,1873,763,7742,2380
1753329133346237711,0,959,996,3827,7049,1864,763,7742,2381
1753329133348293471,0,959,997,3829,7049,1872,763,7743,2383
1753329133350222398,0,959,999,3831,7049,1195,763,7743,2385
1753329133352226286,0,959,1000,3833,7049,1823,763,7743,2387
1753329133354284049,0,959,989,3835,7049,2525,763,7743,2389
1753329133356260606,0,959,1002,3836,7049,1875,763,7744,2390
1753329133358338510,0,959,1004,3838,7049,1876,763,7744,2392
1753329133360223070,0,959,1019,3840,7049,1886,763,7744,2394
1753329133362328453,0,959,1007,3842,7049,1878,763,7745,2396
1753329133364265344,0,959,1036,3844,7049,1908,763,7745,2398
1753329133366275073,0,959,1013,3846,7049,1881,763,7745,2400
1753329133368324531,0,959,1014,3848,7049,1822,763,7745,2402
1753329133370276690,0,959,1016,3849,7049,1878,763,7746,2403
1753329133372252397,0,959,990,3851,7049,2175,763,7746,2405
1753329133374337546,0,959,1016,3853,7049,1901,763,7746,2407
1753329133376275349,0,959,1462,3855,7049,1590,763,7746,2409
1753329133378357760,0,959,1053,3857,7049,1879,763,7747,2412
1753329133380260671,0,959,609,3858,7049,1895,763,7747,2413
1753329133382297995,0,959,1023,3860,7049,1882,763,7747,2415
1753329133384251011,0,959,1024,3862,7049,1846,763,7747,2417
1753329133386338975,0,959,1025,3864,7049,1880,763,7747,2419
1753329133388251825,0,959,1054,3866,7049,1811,763,7747,2421
1753329133390267070,0,959,1031,3868,7049,1876,763,7748,2423
1753329133392242273,0,959,1032,3870,7049,1947,763,7748,2425
1753329133394236434,0,959,1033,3872,7049,1883,763,7748,2427
1753329133396253365,0,959,1035,3874,7049,1951,763,7749,2429
1753329133398287286,0,959,1037,3876,7049,1890,763,7749,2431
1753329133400307992,0,959,1055,3878,7049,2038,763,7749,2433
1753329133402243748,0,959,1042,3879,7049,1902,763,7749,2434
1753329133404299151,0,959,1001,3882,7049,1670,763,7750,2437
1753329133406233733,0,959,1043,3883,7049,1888,763,7750,2438
1753329133408276020,0,959,1087,3885,7049,1888,763,7750,2440
1753329133410253555,0,959,1049,3887,7049,1889,763,7751,2442
1753329133412265686,0,959,1035,3890,7049,1881,763,7751,2446
1753329133414260380,0,959,1052,3891,7049,1890,763,7751,2447
1753329133416276342,0,959,1026,3893,7049,1888,763,7751,2449
1753329133418260783,0,959,1053,3896,7049,1890,763,7752,2452
1753329133420260439,0,959,1055,3898,7049,1933,763,7752,2454
1753329133422290939,0,959,1056,3899,7049,1894,763,7752,2455
1753329133424220066,0,959,1045,3901,7049,1783,763,7752,2457
1753329133426266225,0,959,1059,3903,7049,1886,763,7752,2459
1753329133428241996,0,959,1135,3906,7049,1828,763,7753,2462
1753329133430243796,0,959,1069,3908,7049,1883,763,7753,2464
1753329133432251630,0,959,1037,3910,7049,2021,763,7753,2466
1753329133434265243,0,959,1070,3911,7049,1894,763,7754,2467
1753329133436264221,0,959,1045,3914,7049,1824,763,7754,2470
1753329133438252068,0,959,1072,3916,7049,1889,763,7754,2472
1753329133440250832,0,959,1074,3918,7049,1975,763,7754,2474
1753329133442261796,0,959,1075,3920,7049,1896,763,7755,2476
1753329133444324970,0,959,1077,3922,7049,1897,763,7755,2479
1753329133446260704,0,959,1066,3924,7049,1903,763,7755,2481
1753329133448237894,0,959,1080,3926,7049,1898,763,7756,2483
1753329133450253700,0,959,1081,3928,7049,1948,763,7756,2485
1753329133452245526,0,959,1083,3930,7049,1902,763,7756,2487
1753329133454229272,0,959,1085,3933,7049,1824,763,7757,2490
1753329133456265908,0,959,1087,3935,7049,1896,763,7757,2492
1753329133458258560,0,959,1089,3936,7049,2009,763,7757,2493
1753329133460286919,0,959,1091,3939,7049,1905,763,7757,2496
1753329133462223940,0,959,1093,3941,7049,1828,763,7758,2498
1753329133464389995,0,959,1095,3942,7049,1899,763,7758,2499
1753329133466382005,0,959,1065,3944,7049,1875,763,7758,2501
1753329133468221846,0,959,1096,3946,7049,1897,763,7759,2503
1753329133470268593,0,959,1098,3948,7049,1945,763,7759,2505
1753329133472244131,0,959,1100,3951,7049,1901,763,7759,2508
1753329133474271375,0,959,1051,3953,7049,2045,763,7759,2510
1753329133476247276,0,959,1100,3955,7049,1913,763,7760,2512
1753329133478225691,0,959,1184,3957,7049,1869,763,7760,2515
1753329133480254220,0,959,1110,3959,7049,1911,763,7760,2517
1753329133482239369,0,959,1111,3961,7049,1953,763,7760,2507
1753329133484227183,0,959,1113,3963,7049,1915,763,7761,2520
1753329133486239559,0,959,1115,3966,7049,2380,763,7761,2535
1753329133488230815,0,959,1117,3968,7049,1951,763,7761,2526
1753329133490263527,0,959,1159,3970,7049,1533,763,7761,2528
1753329133492228480,0,959,1123,3972,7049,1921,763,7762,2530
1753329133494229822,0,959,1085,3974,7049,1863,763,7762,2532
1753329133496257975,0,959,1123,3977,7049,1916,763,7762,2535
1753329133498291669,0,959,1124,3979,7049,1848,763,7762,2537
1753329133500296496,0,959,1126,3980,7049,1912,763,7763,2538
1753329133502298649,0,959,1097,3983,7049,2092,763,7763,2541
1753329133504262439,0,959,1128,3985,7049,1928,763,7763,2543
1753329133506280900,0,959,1079,3986,7049,1749,763,7763,2544
1753329133508273894,0,959,1128,3989,7049,1916,763,7764,2547
1753329133510311613,0,959,1180,3991,7049,1986,763,7764,2549
1753329133512324106,0,959,1135,3994,7049,1922,763,7764,2553
1753329133514296363,0,959,1137,3996,7049,1923,763,7764,2555
1753329133516260050,0,959,1138,3997,7049,1924,763,7765,2556
1753329133518269722,0,959,1172,3999,7049,1784,763,7765,2558
1753329133520253656,0,959,1145,4002,7049,1916,763,7766,2561
1753329133522305207,0,959,1147,4004,7049,1927,763,7766,2563
1753329133524296569,0,959,1148,4006,7049,1918,763,7766,2565
1753329133526290618,0,959,1224,4008,7049,1873,763,7766,2567
1753329133528255782,0,959,1158,4011,7049,1917,763,7767,2570
1753329133530246781,0,959,1160,4013,7049,1918,763,7767,2572
1753329133532220354,0,959,1087,4015,7049,1949,763,7767,2574
1753329133534229000,0,959,1157,4018,7049,1922,763,7767,2577
1753329133536225761,0,959,1159,4020,7049,1922,763,7768,2579
1753329133538340083,0,959,1161,4023,7049,1923,763,7768,2582
1753329133540238030,0,959,1042,4025,7049,1825,763,7768,2584
1753329133542275516,0,959,1156,4027,7049,1917,763,7768,2586
1753329133544235319,0,959,1279,4029,7049,1912,763,7769,2588
1753329133546209947,0,959,1169,4031,7049,1918,763,7769,2591
1753329133548228328,0,959,1170,4033,7049,1924,763,7769,2593
1753329133550230753,0,959,1172,4037,7049,1919,763,7769,2597
1753329133552226013,0,959,1091,4038,7049,2161,763,7770,2598
1753329133554262436,0,959,1170,4040,7049,1938,763,7770,2600
1753329133556232812,0,959,1267,4042,7049,1723,763,7771,2602
1753329133558244469,0,959,1181,4044,7049,1922,763,7771,2604
1753329133560326922,0,959,1170,4046,7049,1937,763,7771,2606
1753329133562254928,0,959,1184,4049,7049,1924,763,7771,2609
1753329133564257356,0,959,1186,4051,7049,1922,763,7772,2611
1753329133566268543,0,959,1187,4053,7049,1923,763,7772,2613
1753329133568242188,0,959,1157,4056,7049,1942,763,7772,2616
1753329133570338425,0,959,1188,4058,7049,1925,763,7772,2618
1753329133572249264,0,959,1222,4061,7049,1966,763,7773,2621
1753329133574278587,0,959,1194,4063,7049,1928,763,7773,2623
1753329133576206563,0,959,1208,4065,7049,2170,763,7773,2625
1753329133578200807,0,959,1197,4067,7049,1946,763,7773,2628
1753329133580221642,0,959,1188,4070,7049,1657,763,7774,2631
1753329133582213633,0,959,1202,4071,7049,1924,763,7774,2632
1753329133584231321,0,959,1216,4073,7049,2033,763,7774,2634
1753329133586307830,0,959,1206,4076,7049,1932,763,7774,2637
1753329133588278202,0,959,1235,4079,7049,1839,763,7775,2640
1753329133590246983,0,959,1213,4081,7049,1926,763,7775,2642
1753329133592262533,0,959,1142,4083,7049,2056,763,7775,2644
1753329133594240878,0,959,1211,4085,7049,1937,763,7775,2646
1753329133596245636,0,959,1213,4088,7049,1900,763,7775,2581
1753329133598264536,0,959,1214,4090,7049,1935,763,7776,2646
1753329133600251237,0,959,1216,4093,7049,2041,763,7776,2717
1753329133602287812,0,959,1218,4095,7049,1944,763,7776,2656
1753329133604276865,0,959,1265,4097,7049,1838,763,7776,2658
1753329133606245657,0,959,1225,4100,7049,1937,763,7777,2661
1753329133608270360,0,959,1088,4102,7049,1922,763,7777,2663
1753329133610250609,0,959,1219,4103,7049,1938,763,7777,2664
1753329133612274939,0,959,1348,4106,7049,1969,763,7777,2667
1753329133614239675,0,959,1233,4108,7049,1942,763,7777,2670
1753329133616307993,0,959,1236,4110,7049,1942,763,7778,2672
1753329133618226285,0,959,1155,4112,7049,1889,763,7778,2674
1753329133620247307,0,959,1233,4115,7049,1940,763,7778,2677
1753329133622243583,0,959,1286,4117,7049,1976,763,7779,2679
1753329133624253117,0,959,1241,4120,7049,1943,763,7779,2682
1753329133626235620,0,959,1243,4122,7049,1870,763,7779,2684
1753329133628255698,0,959,1244,4124,7049,1939,763,7780,2686
1753329133630259076,0,959,1157,4127,7049,1998,763,7780,2689
1753329133632215934,0,959,1242,4129,7049,1944,763,7780,2691
1753329133634240927,0,959,1333,4132,7049,1948,763,7780,2694
1753329133636203400,0,959,1252,4134,7049,1946,763,7780,2696
1753329133638228421,0,959,1159,4136,7049,1929,763,7781,2698
1753329133640192908,0,959,1249,4139,7049,1946,763,7781,2701
1753329133642237133,0,959,1417,4141,7049,1915,763,7781,2382
1753329133644272698,0,959,1265,4143,7049,1944,763,7781,2681
1753329133646186662,0,959,1195,4146,7049,1930,763,7781,3006
1753329133648165652,0,959,1264,4148,7049,1944,763,7782,2710
1753329133650150359,0,959,1266,4151,7049,1937,763,7782,2713
1753329133652166139,0,959,1268,4153,7049,1944,763,7783,2715
1753329133654148333,0,959,1270,4155,7049,1984,763,7783,2718
1753329133656145635,0,959,1271,4157,7049,1948,763,7783,2720
1753329133658158550,0,959,1305,4160,7049,1953,763,7783,2723
1753329133660175769,0,959,1277,4162,7049,1949,763,7783,2725
1753329133662178574,0,959,1248,4164,7049,1906,763,7784,2727
1753329133664197873,0,959,1278,4167,7049,1946,763,7784,2730
1753329133666189604,0,959,1280,4169,7049,1946,763,7784,2732
1753329133668270506,0,959,1282,4171,7049,1946,763,7785,2734
1753329133670280282,0,959,1284,4174,7049,2022,763,7785,2737
1753329133672253740,0,959,1286,4176,7049,1951,763,7785,2739
1753329133674247721,0,959,1288,4179,7049,1896,763,7785,2742
1753329133676251045,0,959,1290,4181,7049,1947,763,7786,2744
1753329133678253545,0,959,1398,4183,7049,1911,763,7786,2746
1753329133680240622,0,959,1301,4186,7049,1944,763,7786,2749
1753329133682242136,0,959,1147,4188,7049,2052,763,7787,2751
1753329133684228431,0,959,1294,4191,7049,1952,763,7787,2754
1753329133686229450,0,959,1296,4193,7049,2038,763,7787,2756
1753329133688248771,0,959,1298,4196,7049,1959,763,7787,2760
1753329133690252380,0,959,1300,4198,7049,1835,763,7787,2762
1753329133692257598,0,959,1302,4201,7049,1950,763,7788,2765
1753329133694267920,0,959,1387,4203,7049,1935,763,7788,2767
1753329133696290562,0,959,1312,4205,7049,1949,763,7788,2769
1753329133698273323,0,959,1283,4208,7049,1612,763,7788,2772
1753329133700229191,0,959,1315,4210,7049,1924,763,7789,2774
1753329133702261412,0,959,1317,4213,7049,1925,763,7789,2777
1753329133704237450,0,959,1351,4215,7049,2304,763,7789,2779
1753329133706246413,0,959,1323,4218,7049,1953,763,7789,2782
1753329133708247881,0,959,1243,4220,7049,1898,763,7790,2784
1753329133710268310,0,959,1321,4223,7049,1949,763,7790,2787
1753329133712259014,0,959,1406,4225,7049,1982,763,7790,2789
1753329133714271024,0,959,1332,4228,7049,1952,763,7790,2792
1753329133716266904,0,959,1302,4230,7049,1966,763,7791,2794
1753329133718265179,0,959,1333,4233,7049,1953,763,7791,2797
1753329133720258384,0,959,1407,4235,7049,1787,763,7791,2799
1753329133722256538,0,959,1343,4238,7049,1940,763,7791,2803
1753329133724258488,0,959,1361,4240,7049,2151,763,7791,2805
1753329133726310591,0,959,1348,4243,7049,1956,763,7792,2808
1753329133728204921,0,959,1308,4245,7049,1884,763,7792,2810
1753329133730248049,0,959,1350,4248,7049,1950,763,7792,2813
1753329133732207304,0,959,1379,4250,7049,2112,763,7792,2815
1753329133734224299,0,959,1355,4253,7049,1962,763,7792,2818
1753329133736233089,0,959,1162,4256,7049,1883,763,7793,2821
1753329133738325792,0,959,1346,4258,7049,1957,763,7793,2823
1753329133740229250,0,959,1504,4261,7049,2026,763,7794,2826
1753329133742267607,0,959,1360,4262,7049,1962,763,7794,2827
1753329133744298531,0,959,1438,4266,7049,1899,763,7794,2831
1753329133746220570,0,959,1372,4268,7049,1957,763,7795,2833
1753329133748195461,0,959,1268,4271,7049,1940,763,7795,2836
1753329133750191455,0,959,1368,4273,7049,1957,763,7795,2838
1753329133752207425,0,959,1403,4276,7049,1857,763,7795,2841
1753329133754232704,0,959,1376,4278,7049,1950,763,7795,2844
1753329133756205323,0,959,1378,4281,7049,2064,763,7796,2847
1753329133758222656,0,959,1380,4284,7049,1960,763,7796,2850
1753329133760233899,0,959,1395,4286,7049,1979,763,7796,2852
1753329133762234384,0,959,1386,4289,7049,1962,763,7796,2855
1753329133764226694,0,959,1374,4292,7049,1944,763,7796,2858
1753329133766236855,0,959,1388,4294,7049,1962,763,7797,2860
1753329133768217798,0,959,1391,4297,7049,1947,763,7797,2863
1753329133770217944,0,959,1393,4300,7049,1962,763,7797,2866
1753329133772210721,0,959,1395,4303,7049,1945,763,7798,2869
1753329133774215634,0,959,1397,4305,7049,1963,763,7798,2871
1753329133776219103,0,959,1413,4308,7049,1902,763,7798,2874
1753329133778236497,0,959,1403,4311,7049,1959,763,7799,2877
1753329133780200164,0,959,1361,4313,7049,1947,763,7799,2879
1753329133782240402,0,959,1404,4316,7049,1959,763,7799,2882
1753329133784214679,0,959,1439,4318,7049,1898,763,7799,2884
1753329133786191398,0,959,1411,4320,7049,1955,763,7800,2886
1753329133788206631,0,959,1414,4324,7049,1955,763,7800,2891
1753329133790184322,0,959,1417,4328,7049,1954,763,7800,2895
1753329133792251515,0,959,1420,4331,7049,1954,763,7801,2898
1753329133794235361,0,959,1478,4334,7049,1804,763,7801,2877
1753329133796266460,0,959,1428,4336,7049,1943,763,7801,2901
1753329133798251679,0,959,1343,4339,7049,2109,763,7801,2927
1753329133800262182,0,959,1427,4342,7049,1955,763,7802,2909
1753329133802230576,0,959,1430,4345,7049,1990,763,7802,2912
1753329133804238712,0,959,1432,4348,7049,1958,763,7802,2915
1753329133806224037,0,959,1466,4350,7049,1906,763,7802,2917
1753329133808232466,0,959,1439,4353,7049,1954,763,7803,2920
1753329133810233421,0,959,1409,4355,7049,2036,763,7803,2922
1753329133812275946,0,959,1441,4358,7049,1960,763,7803,2925
1753329133814221634,0,959,1443,4361,7049,2029,763,7803,2928
1753329133816256155,0,959,1446,4364,7049,1965,763,7803,2931
1753329133818223956,0,959,1480,4366,7049,2017,763,7804,2933
1753329133820221184,0,959,1453,4369,7049,1969,763,7804,2936
1753329133822204116,0,959,1373,4372,7049,1914,763,7804,2940
1753329133824233631,0,959,1452,4375,7049,1965,763,7804,2943
1753329133826214794,0,959,1550,4378,7049,1992,763,7805,2946
1753329133828232993,0,959,1464,4380,7049,1967,763,7805,2948
1753329133830237492,0,959,1421,4383,7049,1967,763,7805,2951
1753329133832230723,0,959,1465,4385,7049,1968,763,7805,2953
1753329133834244856,0,959,1394,4388,7049,1968,763,7806,2956
1753329133836248863,0,959,1464,4391,7049,1968,763,7806,2959
1753329133838220133,0,959,1540,4394,7049,2171,763,7806,2962
1753329133840221588,0,959,1475,4397,7049,1985,763,7806,2965
1753329133842332693,0,959,1477,4400,7049,1776,763,7807,2968
1753329133844223771,0,959,1479,4403,7049,1970,763,7807,2971
1753329133846198517,0,959,1636,4406,7049,1986,763,7807,2974
1753329133848192622,0,959,1495,4408,7049,1972,763,7807,2976
1753329133850155899,0,959,1343,4411,7049,1963,763,7807,2979
1753329133852154052,0,959,1488,4414,7049,1973,763,7807,2982
1753329133854147303,0,959,1562,4417,7049,1973,763,7807,2985
1753329133856151857,0,959,1499,4420,7049,1973,763,7808,2989
1753329133858154526,0,959,1378,4423,7049,1974,763,7808,2992
1753329133860146114,0,959,1494,4425,7049,1974,763,7808,2994
1753329133862170478,0,959,1547,4428,7049,1936,763,7808,2997
1753329133864148790,0,959,1502,4431,7049,1971,763,7809,3000
1753329133866138530,0,959,1576,4434,7049,1971,763,7809,3003
1753329133868168395,0,959,1513,4437,7049,1972,763,7809,3006
1753329133870152385,0,959,1444,4440,7049,1955,763,7809,3009
1753329133872141362,0,959,1513,4442,7049,1970,763,7810,3011
1753329133874144532,0,959,1515,4445,7049,1970,763,7810,3014
1753329133876169002,0,959,1550,4448,7049,1971,763,7810,3017
1753329133878152762,0,959,1522,4451,7049,1971,763,7810,3020
1753329133880133458,0,959,1493,4454,7049,2020,763,7810,3023
1753329133882150391,0,959,1525,4457,7049,1976,763,7811,3026
1753329133884146354,0,959,1477,4460,7049,1977,763,7811,3029
1753329133886178804,0,959,1527,4463,7049,1977,763,7811,3032
1753329133888175492,0,959,1529,4466,7049,1983,763,7812,3036
1753329133890176921,0,959,1532,4469,7049,1978,763,7812,3039
1753329133892185475,0,959,1511,4472,7049,2518,763,7812,3042
1753329133894196404,0,959,1536,4474,7049,2019,763,7812,3044
1753329133896183305,0,959,1539,4477,7049,1474,763,7812,3047
1753329133898199090,0,959,1541,4480,7049,1979,763,7813,3050
1753329133900173040,0,959,1567,4483,7049,1986,763,7813,3053
1753329133902204080,0,959,1547,4486,7049,1981,763,7813,3056
1753329133904173841,0,959,1549,4488,7049,1981,763,7814,3058
1753329133906196133,0,959,1552,4491,7049,1982,763,7814,3061
1753329133908212241,0,959,1532,4494,7049,2010,763,7814,3064
1753329133910223343,0,959,1555,4497,7049,1986,763,7814,3067
1753329133912228408,0,959,1631,4500,7049,1970,763,7814,3070
1753329133914287063,0,959,1565,4503,7049,1985,763,7814,3073
1753329133916224843,0,959,1495,4506,7049,1919,763,7815,3076
1753329133918225931,0,959,1565,4509,7049,1982,763,7815,3079
1753329133920250659,0,959,1567,4512,7049,1779,763,7815,3082
1753329133922257744,0,959,1570,4515,7049,1969,763,7815,3086
1753329133924254418,0,959,1645,4518,7049,2110,763,7815,3089
1753329133926219113,0,959,1578,4521,7049,1981,763,7815,3092
1753329133928239548,0,959,1508,4524,7049,1949,763,7816,3095
1753329133930223072,0,959,1579,4527,7049,1980,763,7816,3098
1753329133932289708,0,959,1560,4530,7049,2012,763,7816,3101
1753329133934234287,0,959,1582,4532,7049,1983,763,7816,3103
1753329133936221613,0,959,1590,4536,7049,1921,763,7816,3107
1753329133938222309,0,959,1587,4539,7049,1979,763,7816,3110
1753329133940238093,0,959,1503,4542,7049,2012,763,7817,3113
1753329133942230248,0,959,1586,4545,7049,1982,763,7817,3116
1753329133944211984,0,959,1674,4548,7049,1982,763,7817,3119
1753329133946221138,0,959,1596,4551,7049,1982,763,7817,3122
1753329133948253974,0,959,1593,4554,7049,1850,763,7818,3125
1753329133950234612,0,959,1601,4557,7049,1972,763,7818,3128
1753329133952237278,0,959,1608,4560,7049,2104,763,7818,3131
1753329133954313210,0,959,1605,4563,7049,1982,763,7818,3134
1753329133956330064,0,959,1607,4566,7049,1982,763,7818,3138
1753329133958217952,0,959,1609,4569,7049,1982,763,7818,3141
1753329133960231418,0,959,1612,4572,7049,1982,763,7819,3144
1753329133962215386,0,959,1630,4575,7049,1873,763,7819,3147
1753329133964239954,0,959,1617,4578,7049,1973,763,7819,3150
1753329133966235530,0,959,1568,4581,7049,1973,763,7819,3153
1753329133968265151,0,959,1617,4584,7049,1973,763,7820,3156
1753329133970282333,0,959,1655,4587,7049,1950,763,7820,3159
1753329133972280548,0,959,1625,4590,7049,1971,763,7820,3162
1753329133974253064,0,959,1643,4593,7049,1971,763,7820,3165
1753329133976212686,0,959,1630,4596,7049,1971,763,7820,3168
1753329133978198485,0,959,1419,4599,7049,1971,763,7821,3171
1753329133980304866,0,959,1618,4602,7049,1971,763,7821,3174
1753329133982251515,0,959,1833,4605,7049,1604,763,7821,3177
1753329133984340663,0,959,1639,4608,7049,1943,763,7822,3180
1753329133986245597,0,959,1664,4611,7049,2309,763,7822,3183
1753329133988255050,0,959,1645,4614,7049,1970,763,7822,3187
1753329133990197489,0,959,1624,4617,7049,1930,763,7822,3190
1753329133992382821,0,959,1647,4620,7049,1967,763,7822,3193
1753329133994208157,0,959,1723,4623,7049,1953,763,7822,3196
1753329133996192124,0,959,1657,4626,7049,1966,763,7823,3199
1753329133998187508,0,959,1585,4629,7049,1978,763,7823,3202
1753329134000188918,0,959,1655,4632,7049,1965,763,7823,3205
1753329134002223323,0,959,1732,4635,7049,1951,763,7823,3208
1753329134004220558,0,959,1665,4638,7049,1964,763,7823,3211
1753329134006224373,0,959,1700,4641,7049,1910,763,7823,3214
1753329134008265831,0,959,1672,4644,7049,1960,763,7823,3217
1753329134010225293,0,959,1569,4647,7049,2167,763,7824,3220
1753329134012229496,0,959,1669,4650,7049,1974,763,7824,3223
1753329134014200719,0,959,1790,4653,7049,2268,763,7824,3226
1753329134016251973,0,959,1683,4656,7049,1995,763,7825,3229
1753329134018236383,0,959,1589,4659,7049,1492,763,7825,3232
1753329134020242419,0,959,1680,4662,7049,1957,763,7825,3235
1753329134022274407,0,959,1446,4665,7049,1887,763,7825,3239
1753329134024226933,0,959,1667,4668,7049,1951,763,7826,3242
1753329134026217652,0,959,1905,4671,7049,1981,763,7826,3245
1753329134028213926,0,959,1688,4674,7049,1953,763,7826,3248
1753329134030237047,0,959,1692,4677,7049,1952,763,7826,3251
1753329134032258865,0,959,1694,4680,7049,1952,763,7826,3254
1753329134034182917,0,959,1697,4683,7049,1952,763,7826,3245
1753329134036223365,0,959,1699,4686,7049,1952,763,7827,3259
1753329134038202782,0,959,1702,4689,7049,1922,763,7827,3274
1753329134040197001,0,959,1704,4692,7049,1949,763,7827,3266
1753329134042221483,0,959,1706,4695,7049,1949,763,7827,3269
1753329134044194505,0,959,1709,4696,7049,1949,763,7828,3270
1753329134046245938,0,959,1711,4701,7049,1949,763,7828,3275
1753329134048216546,0,959,1714,4704,7049,1950,763,7828,3278
1753329134050226507,0,959,1716,4708,7049,1948,763,7828,3282
1753329134052229681,0,959,1718,4711,7049,1948,763,7828,3285
1753329134054286354,0,959,1721,4713,7049,1948,763,7829,3287
1753329134056211587,0,959,1724,4716,7049,1886,763,7829,3291
1753329134058242913,0,959,1726,4719,7049,1943,763,7829,3294
1753329134060204586,0,959,1729,4723,7049,1956,763,7829,3298
1753329134062210929,0,959,1731,4726,7049,1944,763,7830,3301
1753329134064212017,0,959,1784,4729,7049,2010,763,7830,3304
1753329134066236983,0,959,1740,4732,7049,1948,763,7830,3307
1753329134068210484,0,959,1692,4733,7049,1930,763,7830,3308
1753329134070221490,0,959,1741,4738,7049,1946,763,7830,3313
1753329134072187707,0,959,1794,4740,7049,1897,763,7830,3315
1753329134074239746,0,959,1750,4743,7049,1942,763,7830,3318
1753329134076231086,0,959,1752,4747,7049,1958,763,7830,3322
1753329134078203197,0,959,1755,4750,7049,1941,763,7831,3325
1753329134080203571,0,959,1707,4754,7049,1971,763,7831,3329
1753329134082263650,0,959,1756,4756,7049,1942,763,7831,3331
1753329134084219305,0,959,2253,4759,7049,1911,763,7831,3322
1753329134086199993,0,959,1798,4763,7049,1939,763,7831,3338
1753329134088298473,0,959,1306,4766,7049,1969,763,7832,3297
1753329134090278637,0,959,1767,4768,7049,1940,763,7832,3339
1753329134092216612,0,959,1724,4771,7049,1909,763,7832,3342
1753329134094247538,0,959,1768,4775,7049,1936,763,7832,3347
1753329134096213976,0,959,1791,4777,7049,1966,763,7832,3336
1753329134098200319,0,959,1774,4781,7049,1937,763,7832,3352
1753329134100227129,0,959,1777,4783,7049,1937,763,7833,3354
1753329134102285815,0,959,1780,4786,7049,1935,763,7833,3357
1753329134104291776,0,959,1781,4789,7049,1934,763,7833,3360
1753329134106202826,0,959,1783,4792,7049,1934,763,7834,3363
1753329134108216253,0,959,1809,4796,7049,1903,763,7834,3412
1753329134110207504,0,959,1790,4799,7049,1931,763,7834,3373
1753329134112223649,0,959,1770,4802,7049,1929,763,7834,3230
1753329134114206259,0,959,1793,4805,7049,1929,763,7834,3368
1753329134116228708,0,959,1796,4808,7049,1958,763,7835,3355
1753329134118276441,0,959,1798,4811,7049,1930,763,7835,3373
1753329134120213047,0,959,1786,4814,7049,1929,763,7835,3324
1753329134122274111,0,959,1802,4817,7049,1928,763,7835,3375
1753329134124226999,0,959,1821,4820,7049,1897,763,7835,3355
1753329134126219312,0,959,1808,4822,7049,1924,763,7836,3378
1753329134128280352,0,959,1811,4826,7049,1923,763,7836,3382
1753329134130208420,0,959,1792,4828,7049,1922,763,7836,3370
1753329134132251615,0,959,1815,4831,7049,1920,763,7836,3386
1753329134134207785,0,959,1823,4834,7049,1920,763,7836,3404
1753329134136259036,0,959,1819,4837,7049,1919,763,7836,3393
1753329134138196029,0,959,1838,4839,7049,1879,763,7837,3381
1753329134140285385,0,959,1826,4842,7049,1914,763,7837,3397
1753329134142211808,0,959,1813,4844,7049,1934,763,7837,3353
1753329134144274149,0,959,1829,4847,7049,1913,763,7837,3399
1753329134146232661,0,959,1833,4849,7049,1898,763,7838,3369
1753329134148276459,0,959,1835,4851,7049,1909,763,7838,3400
1753329134150233768,0,959,1837,4854,7049,2289,763,7838,3376
1753329134152316699,0,959,1840,4856,7049,1937,763,7838,3403
1753329134154228979,0,959,1842,4858,7049,1554,763,7838,3293
1753329134156270522,0,959,1845,4860,7049,1906,763,7839,3398
1753329134158271351,0,959,1848,4863,7049,1839,763,7839,3474
1753329134160231707,0,959,1850,4864,7049,1899,763,7839,3408
1753329134162230715,0,959,1852,4867,7049,1897,763,7839,3402
1753329134164256963,0,959,1855,4869,7049,1896,763,7840,3412
1753329134166229574,0,959,1872,4870,7049,1895,763,7840,3413
1753329134168226686,0,959,1861,4872,7049,1894,763,7840,3415
1753329134170284297,0,959,1936,4874,7049,1893,763,7840,3351
1753329134172225315,0,959,1871,4876,7049,1891,763,7841,3413
1753329134174251725,0,959,1800,4877,7049,1948,763,7841,3414
1753329134176246751,0,959,1870,4879,7049,1893,763,7841,3416
1753329134178238637,0,959,1872,4880,7049,1913,763,7841,3374
1753329134180278084,0,959,1875,4882,7049,1893,763,7841,3416
1753329134182307906,0,959,1983,4883,7049,1878,763,7841,3362
1753329134184264443,0,959,1888,4884,7049,1890,763,7841,3413
1753329134186237704,0,959,1859,4886,7049,1920,763,7842,3415
1753329134188240717,0,959,1891,4887,7049,1890,763,7842,3416
1753329134190294106,0,959,1820,4888,7049,2118,763,7842,3412
1753329134192261088,0,959,1890,4890,7049,1904,763,7843,3418
1753329134194237374,0,959,1878,4891,7049,1672,763,7843,3419
1753329134196271345,0,959,1894,4891,7049,1885,763,7843,3419
1753329134198214341,0,959,1897,4893,7049,1884,763,7843,3399
1753329134200199985,0,959,1899,4894,7049,1882,763,7843,3420
1753329134202271479,0,959,1902,4894,7049,1911,763,7843,3372
1753329134204256323,0,959,1904,4895,7049,1883,763,7844,3417
1753329134206288208,0,959,1901,4896,7049,1882,763,7844,3385
1753329134208317060,0,959,1909,4897,7049,1880,763,7844,3416
1753329134210242830,0,959,1917,4897,7049,1832,763,7844,3416
1753329134212219033,0,959,1915,4898,7049,1875,763,7845,3417
1753329134214214793,0,959,1917,4898,7049,1874,763,7844,3417
1753329134216221047,0,959,1914,4899,7049,1860,763,7845,3418
1753329134218245163,0,959,1922,4899,7049,1872,763,7845,3417
1753329134220304105,0,959,1780,4900,7049,1962,763,7845,3401
1753329134222358635,0,959,1915,4900,7049,1877,763,7845,3417
1753329134224317750,0,959,2062,4901,7049,1876,763,7845,3403
1753329134226241138,0,959,1931,4901,7049,1875,763,7846,3416
1753329134228227685,0,959,1904,4901,7049,1913,763,7846,3416
1753329134230234722,0,959,1933,4901,7049,1875,763,7846,3416
1753329134232225821,0,959,1885,4901,7049,1860,763,7846,3416
1753329134234252891,0,959,1936,4901,7049,1873,763,7846,3415
1753329134236239458,0,959,1827,4901,7049,1887,763,7847,3348
1753329134238259913,0,959,1931,4901,7049,1872,763,7847,3410
1753329134240308155,0,959,1981,4901,7049,1939,763,7847,3456
1753329134242284913,0,959,1940,4901,7049,1875,763,7847,3413
1753329134244262379,0,959,1942,4901,7049,1860,763,7847,3367
1753329134246263030,0,959,1944,4901,7049,1872,763,7847,3409
1753329134248261331,0,959,1973,4901,7049,1948,763,7848,3360
1753329134250276451,0,959,1950,4901,7049,1877,763,7848,3405
1753329134252290997,0,959,1927,4901,7049,1853,763,7848,3405
1753329134254278157,0,959,1953,4901,7049,1873,763,7848,3404
1753329134256238928,0,959,1975,4901,7049,2013,763,7849,3380
1753329134258262798,0,959,1958,4901,7049,1882,763,7849,3402
1753329134260279488,0,959,1893,4901,7049,1762,763,7849,3377
1753329134262262707,0,959,1958,4901,7049,1871,763,7849,3400
1753329134264256472,0,959,1959,4901,7049,1948,763,7849,3220
1753329134266216517,0,959,1962,4901,7049,1876,763,7850,3386
1753329134268219554,0,959,1964,4901,7049,2003,763,7850,3503
1753329134270230375,0,959,1966,4900,7049,1884,763,7850,3393
1753329134272248730,0,959,1968,4900,7049,1820,763,7850,3369
1753329134274235377,0,959,1969,4899,7049,1878,763,7850,3389
1753329134276256538,0,959,1971,4899,7049,1877,763,7850,3389
1753329134278267898,0,959,1972,4898,7049,1877,763,7850,3388
1753329134280267573,0,959,1974,4898,7049,1940,763,7851,3335
1753329134282250464,0,959,1976,4897,7049,1881,763,7851,3382
1753329134284275567,0,959,1978,4896,7049,1881,763,7851,3354
1753329134286249865,0,959,1980,4895,7049,1880,763,7851,3378
1753329134288257964,0,959,1982,4894,7049,1898,763,7851,3362
1753329134290268004,0,959,1984,4893,7049,1881,763,7852,3374
1753329134292265258,0,959,1985,4892,7049,1864,763,7852,3373
1753329134294265048,0,959,1987,4891,7049,1880,763,7852,3371
1753329134296269773,0,959,1989,4890,7049,1880,763,7853,3370
1753329134298258666,0,959,1991,4888,7049,1880,763,7853,3368
1753329134300345748,0,959,1993,4887,7049,1880,763,7853,3366
1753329134302269795,0,959,1995,4886,7049,1880,763,7853,3365
1753329134304387908,0,959,1996,4885,7049,1880,763,7853,3364
1753329134306345815,0,959,1998,4883,7049,1880,763,7854,3376
1753329134308403616,0,959,1998,4883,7049,1880,763,7854,3362
1753329134310306092,0,959,2000,4880,7049,1814,763,7854,3344
1753329134312414631,0,959,2002,4879,7049,1875,763,7854,3356
1753329134314276714,0,959,2004,4877,7049,1940,763,7854,3395
1753329134316329666,0,959,2006,4876,7049,1879,763,7855,3356
1753329134318297547,0,959,2007,4874,7049,1878,763,7855,3353
1753329134320343601,0,959,2009,4872,7049,1879,763,7855,3351
1753329134322314849,0,959,2011,4871,7049,1793,763,7855,3308
1753329134324338860,0,959,2012,4869,7049,1873,763,7855,3344
1753329134326283913,0,959,2014,4868,7049,1958,763,7855,3384
1753329134328293917,0,959,2015,4866,7049,1879,763,7856,3344
1753329134330289455,0,959,2017,4864,7049,1879,763,7856,3418
1753329134332324332,0,959,2019,4863,7049,1879,763,7856,3346
1753329134334277909,0,959,2021,4861,7049,1814,763,7857,3343
1753329134336376053,0,959,2022,4859,7049,1873,763,7857,3341
1753329134338313019,0,959,2024,4858,7049,1938,763,7857,3340
1753329134340304608,0,959,2023,4856,7049,1879,763,7857,3338
1753329134342269529,0,959,2026,4855,7049,1878,763,7857,3262
1753329134344335946,0,959,2027,4853,7049,1878,763,7857,3328
1753329134346293548,0,959,2191,4851,7049,1959,763,7858,3432
1753329134348313157,0,959,2043,4850,7049,1884,763,7858,3333
1753329134350352236,0,959,1882,4848,7049,1850,763,7858,3330
1753329134352352805,0,959,2034,4847,7049,1881,763,7858,3329
1753329134354313340,0,959,2035,4845,7049,1900,763,7858,3295
1753329134356306684,0,959,2037,4843,7049,1883,763,7858,3322
1753329134358330459,0,959,2038,4842,7049,1943,763,7859,3321
1753329134360302665,0,959,2040,4840,7049,1887,763,7859,3319
1753329134362335179,0,959,2041,4839,7049,1927,763,7859,3243
1753329134364320505,0,959,2043,4837,7049,1890,763,7859,3309
1753329134366342417,0,959,2045,4835,7049,1890,763,7859,3307
1753329134368277856,0,959,2046,4834,7049,1890,763,7859,3306
1753329134370285107,0,959,2047,4832,7049,1942,763,7859,3377
1753329134372287022,0,959,2050,4829,7049,1894,763,7860,3306
1753329134374281753,0,959,2051,4827,7049,1943,763,7860,3335
1753329134376296002,0,959,2053,4826,7049,1898,763,7860,3304
1753329134378286085,0,959,2053,4824,7049,1973,763,7860,3302
1753329134380269186,0,959,2055,4822,7049,1904,763,7861,3300
1753329134382281949,0,959,2056,4821,7049,1951,763,7861,3299
1753329134384275569,0,959,2058,4819,7049,1907,763,7861,3296
1753329134386276719,0,959,2060,4817,7049,1907,763,7861,3294
1753329134388289765,0,959,2061,4815,7049,1960,763,7861,3316
1753329134390261218,0,959,2062,4813,7049,1912,763,7862,3291
1753329134392280058,0,959,2064,4811,7049,1858,763,7862,3295
1753329134394281499,0,959,2066,4810,7049,1908,763,7862,3288
1753329134396279247,0,959,2067,4806,7049,1908,763,7862,3308
1753329134398276037,0,959,2068,4806,7049,1908,763,7863,3286
1753329134400323072,0,959,2071,4804,7049,1908,763,7863,3259
1753329134402280351,0,959,2073,4802,7049,1908,763,7863,3279
1753329134404281044,0,959,2074,4799,7049,1931,763,7863,3325
1753329134406270720,0,959,2075,4797,7049,1910,763,7863,3277
1753329134408331408,0,959,2077,4795,7049,1865,763,7863,3275
1753329134410332826,0,959,2079,4793,7049,1908,763,7864,3273
1753329134412340886,0,959,2079,4792,7049,1791,763,7864,3320
1753329134414324678,0,959,2081,4790,7049,1900,763,7864,3273
1753329134416337022,0,959,2082,4788,7049,1894,763,7864,3271
1753329134418339132,0,959,2084,4786,7049,1900,763,7864,3268
1753329134420333513,0,959,2086,4784,7049,1824,763,7864,3232
1753329134422327034,0,959,2087,4782,7049,1895,763,7865,3261
1753329134424357367,0,959,2089,4780,7049,1884,763,7865,3361
1753329134426343794,0,959,2090,4779,7049,1895,763,7865,3265
1753329134428333493,0,959,2092,4776,7049,1761,763,7866,3241
1753329134430336835,0,959,2093,4775,7049,1885,763,7866,3259
1753329134432373450,0,959,2094,4773,7049,1925,763,7866,3628
1753329134434299354,0,959,2096,4771,7049,1888,763,7866,3283
1753329134436271428,0,959,2098,4770,7049,1856,763,7866,2911
1753329134438291811,0,959,2099,4768,7049,1885,763,7866,3252
1753329134440277857,0,959,2101,4766,7049,1567,763,7867,3213
1753329134442272933,0,959,2102,4764,7049,1861,763,7867,3245
1753329134444271629,0,959,2103,4762,7049,2264,763,7867,3300
1753329134446288354,0,959,2105,4761,7049,1890,763,7867,3246
1753329134448249313,0,959,2106,4759,7049,1621,763,7868,3176
1753329134450237740,0,959,2108,4757,7049,1869,763,7868,3236
1753329134452268165,0,959,2109,4755,7049,1961,763,7868,3301
1753329134454249663,0,959,2111,4753,7049,1875,763,7868,3237
1753329134456323775,0,959,2112,4752,7049,1850,763,7868,3250
1753329134458297279,0,959,2114,4750,7049,1872,763,7868,3234
1753329134460260114,0,959,2115,4748,7049,1786,763,7869,3218
1753329134462234736,0,959,2117,4747,7049,1864,763,7869,3230
1753329134464239423,0,959,2118,4745,7049,1968,763,7869,3170
1753329134466296926,0,959,2120,4743,7049,1869,763,7869,3221
1753329134468267823,0,959,2121,4742,7049,1868,763,7870,3292
1753329134470210902,0,959,2123,4740,7049,1867,763,7870,3223
1753329134472227510,0,959,2124,4738,7049,1866,763,7870,3221
1753329134474214233,0,959,2126,4736,7049,1986,763,7870,3236
1753329134476242969,0,959,2127,4735,7049,1873,763,7871,3219
1753329134478233910,0,959,2128,4733,7049,1803,763,7871,3199
1753329134480272419,0,959,2129,4732,7049,1866,763,7871,3214
1753329134482300166,0,959,2131,4730,7049,1892,763,7871,3197
1753329134484296325,0,959,2132,4728,7049,1866,763,7871,3209
1753329134486199898,0,959,2134,4727,7049,1890,763,7871,3207
1753329134488255761,0,959,2135,4725,7049,1866,763,7872,3205
1753329134490219148,0,959,2137,4723,7049,1834,763,7872,3217
1753329134492331828,0,959,2138,4721,7049,1861,763,7872,3202
1753329134494359717,0,959,2140,4719,7049,1936,763,7872,3200
1753329134496349757,0,959,2141,4718,7049,1866,763,7872,3198
1753329134498250368,0,959,2143,4716,7049,1850,763,7873,3196
1753329134500232817,0,959,2144,4714,7049,1863,763,7873,3194
1753329134502229803,0,959,2146,4713,7049,1863,763,7873,3193
1753329134504276416,0,959,2147,4711,7049,1862,763,7873,3191
1753329134506242758,0,959,2148,4709,7049,1816,763,7873,3174
1753329134508244820,0,959,2150,4707,7049,1858,763,7873,3185
1753329134510223364,0,959,2151,4705,7049,1939,763,7873,3532
1753329134512248564,0,959,2151,4704,7049,1863,763,7874,3208
1753329134514245324,0,959,2153,4702,7049,1787,763,7874,2856
1753329134516228561,0,959,2155,4700,7049,1858,763,7874,3177
1753329134518217219,0,959,2156,4698,7049,2006,763,7874,3175
1753329134520235946,0,959,2157,4696,7049,1868,763,7875,3173
1753329134522251399,0,959,2159,4694,7049,1628,763,7875,3185
1753329134524228531,0,959,2160,4692,7049,1850,763,7875,3170
1753329134526232926,0,959,2162,4690,7049,1995,763,7875,3218
1753329134528268894,0,959,2163,4688,7049,1860,763,7876,3169
1753329134530225878,0,959,2164,4686,7049,1715,763,7876,3167
1753329134532213033,0,959,2166,4685,7049,1847,763,7876,3166
1753329134534205297,0,959,2167,4683,7049,1847,763,7876,3148
1753329134536225521,0,959,2168,4681,7049,1846,763,7876,3160
1753329134538235037,0,959,2169,4679,7049,2034,763,7877,3173
1753329134540252122,0,959,2170,4677,7049,1858,763,7877,3157
1753329134542221636,0,959,2172,4675,7049,1640,763,7877,3155
1753329134544234989,0,959,2172,4673,7049,1841,763,7877,3153
1753329134546208279,0,959,2174,4671,7049,2003,763,7877,3198
1753329134548217375,0,959,2175,4669,7049,1851,763,7878,3152
1753329134550220211,0,959,2177,4667,7049,1826,763,7878,3172
1753329134552234141,0,959,2178,4665,7049,1847,763,7878,3149
1753329134554244000,0,959,2179,4663,7049,1819,763,7878,3077
1753329134556224474,0,959,2182,4661,7049,1844,763,7878,3140
1753329134558213129,0,959,2182,4660,7049,1843,763,7879,3138
1753329134560191924,0,959,2184,4658,7049,1869,763,7879,3206
1753329134562252544,0,959,2185,4656,7049,1843,763,7879,3139
1753329134564202191,0,959,2187,4654,7049,1843,763,7879,3137
1753329134566241941,0,959,2188,4652,7049,1842,763,7879,3135
1753329134568199440,0,959,2189,4650,7049,1837,763,7880,3110
1753329134570218325,0,959,2190,4649,7049,1840,763,7880,3130
1753329134572200071,0,959,2193,4647,7049,1897,763,7880,3209
1753329134574218221,0,959,2194,4645,7049,1842,763,7880,3132
1753329134576202435,0,959,2196,4643,7049,1701,763,7881,3070
1753329134578206669,0,959,2196,4641,7049,1830,763,7881,3123
1753329134580201842,0,959,2197,4639,7049,1918,763,7881,3156
1753329134582209235,0,959,2198,4637,7049,1836,763,7881,3121
1753329134584203988,0,959,2200,4636,7049,1800,763,7881,3144
1753329134586306297,0,959,2201,4634,7049,1831,763,7882,3120
1753329134588243666,0,959,2202,4632,7049,1844,763,7882,3178
1753329134590268090,0,959,2204,4630,7049,1831,763,7882,3120
1753329134592217133,0,959,2205,4629,7049,1796,763,7882,3059
1753329134594219184,0,959,2207,4627,7049,1828,763,7883,3112
1753329134596231217,0,959,2208,4625,7049,1814,763,7883,3056
1753329134598239432,0,959,2209,4624,7049,1826,763,7883,3105
1753329134600246321,0,959,2211,4622,7049,1802,763,7883,3157
1753329134602228961,0,959,2212,4620,7049,1822,763,7883,3105
1753329134604224140,0,959,2214,4619,7049,1796,763,7884,3104
1753329134606214424,0,959,2215,4617,7049,1819,763,7884,3101
1753329134608207450,0,959,2216,4615,7049,1864,763,7884,3159
1753329134610189436,0,959,2218,4613,7049,1820,763,7884,3102
1753329134612245527,0,959,2218,4612,7049,1773,763,7884,3041
1753329134614222117,0,959,2219,4610,7049,1815,763,7885,3094
1753329134616259070,0,959,2221,4608,7049,1815,763,7885,3092
1753329134618264421,0,959,2222,4607,7049,1813,763,7885,3091
1753329134620242258,0,959,2223,4605,7049,1812,763,7885,3132
1753329134622211166,0,959,2224,4604,7049,1811,763,7885,3091
1753329134624233930,0,959,2226,4602,7049,1840,763,7886,3088
1753329134626229348,0,959,2227,4601,7049,1811,763,7886,3087
1753329134628211431,0,959,2229,4599,7049,1778,763,7886,3042
1753329134630225206,0,959,2230,4598,7049,1805,763,7886,3081
1753329134632233705,0,959,2231,4595,7049,1879,763,7887,3121
1753329134634217799,0,959,2232,4595,7049,1808,763,7887,3081
1753329134636233645,0,959,2234,4592,7049,1754,763,7887,3078
1753329134638270313,0,959,2236,4591,7049,1802,763,7887,3077
1753329134640238355,0,959,2237,4589,7049,1800,763,7887,3074
1753329134642294342,0,959,2238,4588,7049,1854,763,7887,3073
1753329134644258486,0,959,2238,4586,7049,1803,763,7887,3071
1753329134646255433,0,959,2240,4584,7049,1779,763,7887,3086
1753329134648247684,0,959,2241,4582,7049,1798,763,7887,3068
1753329134650259897,0,959,2242,4580,7049,1798,763,7888,3066
1753329134652327690,0,959,2244,4580,7049,1796,763,7888,3066
1753329134654267312,0,959,2244,4578,7049,1858,763,7888,3064
1753329134656315470,0,959,2246,4576,7049,1800,763,7888,3062
1753329134658258605,0,959,2247,4574,7049,1791,763,7889,3060
1753329134660409525,0,959,2249,4573,7049,1798,763,7889,3058
1753329134662247999,0,959,2250,4571,7049,1578,763,7889,3363
1753329134664248043,0,959,2251,4568,7049,1779,763,7889,3076
1753329134666207259,0,959,2252,4567,7049,2028,763,7890,2768
1753329134668218834,0,959,2253,4566,7049,1796,763,7890,3051
1753329134670225154,0,959,2255,4564,7049,1730,763,7890,3049
1753329134672346483,0,959,2256,4562,7049,1790,763,7890,3047
1753329134674271547,0,959,2257,4560,7049,1745,763,7891,3045
1753329134676245778,0,959,2259,4558,7049,1785,763,7891,3043
1753329134678225524,0,959,2259,4557,7049,1837,763,7891,3090
1753329134680237245,0,959,2260,4556,7049,1787,763,7891,3044
1753329134682234010,0,959,2261,4554,7049,1718,763,7892,2993
1753329134684264381,0,959,2263,4552,7049,1780,763,7892,3036
1753329134686243633,0,959,2264,4551,7049,1811,763,7892,3035
1753329134688292547,0,959,2265,4549,7049,1779,763,7892,3033
1753329134690372168,0,959,2266,4547,7049,1709,763,7892,2971
1753329134692274738,0,959,2267,4546,7049,1772,763,7892,3025
1753329134694292026,0,959,2268,4544,7049,1814,763,7892,3083
1753329134696367877,0,959,2270,4542,7049,1773,763,7893,3026
1753329134698365452,0,959,2271,4540,7049,1739,763,7893,3023
1753329134700236283,0,959,2272,4539,7049,1767,763,7893,3022
1753329134702246229,0,959,2273,4537,7049,1727,763,7893,3020
1753329134704232488,0,959,2274,4535,7049,1762,763,7894,3018
1753329134706185117,0,959,2276,4533,7049,1831,763,7894,3016
1753329134708299513,0,959,2277,4531,7049,1765,763,7894,3014
1753329134710220774,0,959,2278,4530,7049,1773,763,7894,3013
1753329134712276669,0,959,2278,4528,7049,1764,763,7894,3011
1753329134714221990,0,959,2279,4526,7049,1750,763,7894,3037
1753329134716263678,0,959,2280,4525,7049,1760,763,7894,3010
1753329134718239153,0,959,2282,4523,7049,781,763,7895,2979
1753329134720258203,0,959,2283,4521,7049,1685,763,7895,3003
1753329134722288963,0,959,2284,4519,7049,2616,763,7895,3001
1753329134724267993,0,959,2285,4517,7049,1751,763,7896,2999
1753329134726265461,0,959,2286,4516,7049,1749,763,7896,2998
1753329134728290007,0,959,2287,4514,7049,1780,763,7896,3025
1753329134730269272,0,959,2289,4512,7049,1749,763,7896,2996
1753329134732267165,0,959,2290,4510,7049,1748,763,7896,2948
1753329134734301084,0,959,2291,4508,7049,1747,763,7897,2988
1753329134736241065,0,959,2292,4506,7049,1822,763,7897,3059
1753329134738215473,0,959,2293,4504,7049,1749,763,7897,2989
1753329134740216734,0,959,2294,4503,7049,1752,763,7897,3027
1753329134742253522,0,959,2295,4501,7049,1747,763,7898,2989
1753329134744250723,0,959,2295,4499,7049,1702,763,7898,2940
1753329134746311145,0,959,2297,4497,7049,1740,763,7898,2981
1753329134748244524,0,959,2298,4495,7049,1739,763,7898,2959
1753329134750234019,0,959,2298,4494,7049,1738,763,7898,2977
1753329134752203716,0,959,2300,4492,7049,1780,763,7898,2995
1753329134754244095,0,959,2301,4490,7049,1738,763,7899,2974
1753329134756238842,0,959,2302,4488,7049,1759,763,7899,2972
1753329134758327030,0,959,2303,4486,7049,1738,763,7899,2970
1753329134760302530,0,959,2304,4484,7049,1714,763,7899,2968
1753329134762285311,0,959,2305,4483,7049,1733,763,7899,2967
1753329134764269425,0,959,2306,4481,7049,2062,763,7900,2803
1753329134766255686,0,959,2307,4479,7049,1756,763,7900,2950
1753329134768292039,0,959,2308,4477,7049,1426,763,7900,3002
1753329134770292196,0,959,2310,4476,7049,1729,763,7900,2951
1753329134772287738,0,959,2311,4474,7049,1758,763,7900,3038
1753329134774255663,0,959,2311,4472,7049,1730,763,7900,2953
1753329134776324676,0,959,2312,4471,7049,1725,763,7900,2924
1753329134778393476,0,959,2313,4469,7049,1727,763,7900,2948
1753329134780298903,0,959,2314,4467,7049,1656,763,7901,2995
1753329134782381955,0,959,2314,4467,7049,1720,763,7901,2949
1753329134784299898,0,959,2316,4464,7049,1786,763,7901,2993
1753329134786364934,0,959,2317,4462,7049,1722,763,7901,2948
1753329134788277544,0,959,2318,4460,7049,1611,763,7901,2907
1753329134790405932,0,959,2319,4458,7049,1712,763,7901,2941
1753329134792391318,0,959,2320,4456,7049,1714,763,7901,2939
1753329134794375548,0,959,2321,4455,7049,1711,763,7901,2938
1753329134796273729,0,959,2322,4452,7049,1775,763,7902,2934
1753329134798259991,0,959,2323,4450,7049,1713,763,7902,2932
1753329134800289114,0,959,2324,4448,7049,1672,763,7902,2969
1753329134802284824,0,959,2325,4446,7049,1707,763,7902,2931
1753329134804279559,0,959,2326,4444,7049,1676,763,7902,2929
1753329134806250676,0,959,2327,4442,7049,1702,763,7902,2927
1753329134808270717,0,959,2376,4439,7049,1703,763,7902,2951
1753329134810252839,0,959,2332,4438,7049,1699,763,7903,2925
1753329134812309717,0,959,2333,4435,7049,1696,763,7903,2922
1753329134814272722,0,959,2286,4434,7049,1762,763,7903,3050
1753329134816249996,0,959,2331,4432,7049,1698,763,7904,2928
1753329134818280908,0,959,2332,4429,7049,1719,763,7904,2827
1753329134820244392,0,959,2333,4427,7049,1696,763,7904,2916
1753329134822281056,0,959,2334,4425,7049,1687,763,7904,2882
1753329134824285028,0,959,2335,4423,7049,1691,763,7904,2909
1753329134826279022,0,959,2336,4421,7049,1692,763,7904,2939
1753329134828287951,0,959,2337,4419,7049,1687,763,7905,2908
1753329134830287122,0,959,2338,4419,7049,1945,763,7905,2939
1753329134832279174,0,959,2339,4416,7049,1702,763,7905,2907
1753329134834275719,0,959,2340,4415,7049,1528,763,7906,2579
1753329134836386998,0,959,2341,4413,7049,1685,763,7906,2879
1753329134838311406,0,959,2342,4412,7049,1683,763,7906,3115
1753329134840345568,0,959,2344,4410,7049,1681,763,7906,2894
1753329134842348594,0,959,2344,4409,7049,1707,763,7906,2920
1753329134844344457,0,959,2346,4408,7049,1680,763,7906,2894
1753329134846322420,0,959,2345,4406,7049,1668,763,7907,2891
1753329134848288042,0,959,2346,4405,7049,1676,763,7907,2890
1753329134850245881,0,959,2347,4404,7049,1661,763,7907,2862
1753329134852306375,0,959,2348,4402,7049,1673,763,7907,2885
1753329134854311157,0,959,2349,4401,7049,1757,763,7907,2837
1753329134856380801,0,959,2349,4400,7049,1679,763,7907,2880
1753329134858317057,0,959,2351,4398,7049,1678,763,7908,2952
1753329134860350101,0,959,2352,4397,7049,1677,763,7908,2882
1753329134862355222,0,959,2353,4396,7049,1502,763,7908,2815
1753329134864373492,0,959,2354,4394,7049,1662,763,7908,2874
1753329134866419924,0,959,2354,4393,7049,1803,763,7908,2816
1753329134868312870,0,959,2355,4391,7049,1671,763,7908,2866
1753329134870381954,0,959,2357,4390,7049,1552,763,7909,2865
1753329134872323673,0,959,2357,4388,7049,1661,763,7909,2863
1753329134874395382,0,959,2549,4386,7049,1650,763,7909,2861
1753329134876419727,0,959,2373,4384,7049,1660,763,7909,2859
1753329134878325158,0,959,2182,4383,7049,1680,763,7909,2841
1753329134880394093,0,959,2361,4381,7049,1660,763,7910,2854
1753329134882388634,0,959,2362,4379,7049,1586,763,7910,2917
1753329134884424074,0,959,2362,4377,7049,1653,763,7910,2855
1753329134886335694,0,959,2363,4375,7049,1622,763,7910,2804
1753329134888346674,0,959,2364,4373,7049,1649,763,7910,2847
1753329134890375986,0,959,2364,4371,7049,1668,763,7911,2845
1753329134892369336,0,959,2365,4369,7049,1649,763,7911,2843
1753329134894398983,0,959,2366,4367,7049,1648,763,7911,2870
1753329134896430631,0,959,2367,4365,7049,1647,763,7911,2841
1753329134898350448,0,959,2368,4363,7049,1646,763,7911,2839
1753329134900285829,0,959,2369,4361,7049,1721,763,7912,2837
1753329134902326291,0,959,2370,4358,7049,1649,763,7912,2834
1753329134904271506,0,959,2370,4357,7049,1508,763,7912,2860
1753329134906327934,0,959,2372,4355,7049,1636,763,7912,2832
1753329134908265596,0,959,2372,4352,7049,1666,763,7912,2829
1753329134910366088,0,959,2373,4350,7049,1635,763,7913,2827
1753329134912273885,0,959,2374,4348,7049,1570,763,7913,2825
1753329134914349318,0,959,2375,4346,7049,1627,763,7913,2823
1753329134916335908,0,959,2444,4344,7049,1778,763,7913,2821
1753329134918381000,0,959,2381,4341,7049,1635,763,7913,2818
1753329134920281925,0,959,2313,4339,7049,1524,763,7914,2855
1753329134922450210,0,959,2377,4337,7049,1624,763,7914,2817
1753329134924296205,0,959,2378,4335,7049,1599,763,7914,2905
1753329134926392193,0,959,2379,4333,7049,1619,763,7914,2819
1753329134928273158,0,959,2380,4331,7049,1740,763,7914,2727
1753329134930357212,0,959,2381,4328,7049,1624,763,7915,2807
1753329134932276146,0,959,2382,4326,7049,1523,763,7915,2832
1753329134934343880,0,959,2382,4324,7049,1614,763,7915,2805
1753329134936268895,0,959,2383,4322,7049,1695,763,7915,2835
1753329134938238192,0,959,2384,4320,7049,1617,763,7915,2803
1753329134940246522,0,959,2385,4318,7049,1562,763,7915,2801
1753329134942282099,0,959,2386,4316,7049,1610,763,7915,2799
1753329134944256246,0,959,2387,4314,7049,1663,763,7915,2765
1753329134946299794,0,959,2388,4312,7049,1611,763,7916,2793
1753329134948240199,0,959,2389,4310,7049,1649,763,7916,2823
1753329134950240594,0,959,2389,4308,7049,1611,763,7916,2791
1753329134952293284,0,959,2389,4307,7049,1569,763,7916,2758
1753329134954285495,0,959,2390,4305,7049,1605,763,7916,2786
1753329134956256037,0,959,2391,4303,7049,1687,763,7916,2815
1753329134958285188,0,959,2392,4301,7049,1607,763,7916,2784
1753329134960260818,0,959,2392,4300,7049,1643,763,7917,2783
1753329134962221722,0,959,2393,4298,7049,1607,763,7917,2781
1753329134964259932,0,959,2394,4296,7049,1481,763,7917,2779
1753329134966222059,0,959,2395,4294,7049,1595,763,7917,2777
1753329134968227907,0,959,2395,4293,7049,1608,763,7917,2807
1753329134970352996,0,959,2396,4291,7049,1593,763,7918,2776
1753329134972270620,0,959,2397,4289,7049,1681,763,7918,2743
1753329134974288068,0,959,2398,4287,7049,1596,763,7918,2769
1753329134976263468,0,959,2398,4285,7049,1577,763,7918,2767
1753329134978253685,0,959,2399,4284,7049,1593,763,7918,2766
1753329134980354322,0,959,2401,4280,7049,1590,763,7919,2762
1753329134982240856,0,959,2401,4278,7049,1502,763,7919,2728
1753329134984265670,0,959,2401,4278,7049,1582,763,7919,2758
1753329134986249408,0,959,2402,4274,7049,1583,763,7919,2754
1753329134988296163,0,959,2402,4274,7049,1581,763,7919,2754
1753329134990249431,0,959,2403,4273,7049,1523,763,7920,2725
1753329134992348404,0,959,2403,4271,7049,1573,763,7920,2748
1753329134994269106,0,959,2405,4267,7049,1711,763,7920,2705
1753329134996321825,0,959,2406,4265,7049,1581,763,7920,2739
1753329134998244680,0,959,2406,4265,7049,1633,763,7920,2837
1753329135000338602,0,959,2407,4261,7049,1582,763,7921,2742
1753329135002265725,0,959,2482,4259,7049,1527,763,7921,2908
1753329135004244000,0,959,2413,4257,7049,1575,763,7921,2751
1753329135006236627,0,959,2340,4256,7049,1547,763,7921,2613
1753329135008184778,0,959,2409,4256,7049,1572,763,7921,2740
1753329135010186610,0,959,2411,4251,7049,1654,763,7921,2735
1753329135012198179,0,959,2412,4249,7049,1574,763,7921,2733
1753329135014155528,0,959,2412,4247,7049,1548,763,7922,2731
1753329135016324511,0,959,2413,4246,7049,1569,763,7922,2729
1753329135018217636,0,959,2414,4243,7049,1538,763,7922,2779
1753329135020289584,0,959,2414,4241,7049,1564,763,7922,2728
1753329135022345146,0,959,2414,4239,7049,1549,763,7922,2741
1753329135024295888,0,959,2415,4237,7049,1561,763,7923,2725
1753329135026265671,0,959,2416,4235,7049,1671,763,7923,2723
1753329135028343708,0,959,2417,4233,7049,1567,763,7923,2721
1753329135030345858,0,959,2417,4231,7049,1532,763,7923,2757
1753329135032288816,0,959,2418,4229,7049,1563,763,7923,2720
1753329135034260105,0,959,2419,4227,7049,1548,763,7924,2718
1753329135036268796,0,959,2419,4226,7049,1559,763,7924,2717
1753329135038221012,0,959,2582,4223,7049,1568,763,7924,2746
1753329135040239906,0,959,2433,4222,7049,1557,763,7924,2715
1753329135042228693,0,959,2272,4220,7049,1481,763,7924,2681
1753329135044253738,0,959,2422,4218,7049,1548,763,7925,2709
1753329135046223423,0,959,2423,4216,7049,1517,763,7925,2707
1753329135048257980,0,959,2423,4215,7049,1544,763,7925,2706
1753329135050214433,0,959,2424,4213,7049,1640,763,7925,2721
1753329135052262614,0,959,2425,4211,7049,1549,763,7925,2703
1753329135054199820,0,959,2426,4209,7049,1544,763,7926,2685
1753329135056260725,0,959,2426,4208,7049,1547,763,7926,2699
1753329135058206137,0,959,2426,4206,7049,1495,763,7926,2659
1753329135060262430,0,959,2427,4204,7049,1540,763,7926,2692
1753329135062210709,0,959,2428,4203,7049,1570,763,7926,2422
1753329135064249384,0,959,2428,4201,7049,1541,763,7926,2669
1753329135066198401,0,959,2429,4199,7049,1453,763,7927,2936
1753329135068194671,0,959,2430,4198,7049,1532,763,7927,2686
1753329135070270469,0,959,2431,4196,7049,1531,763,7927,2684
1753329135072202782,0,959,2431,4194,7049,1582,763,7927,2667
1753329135074244184,0,959,2431,4193,7049,1532,763,7927,2680
1753329135076196928,0,959,2432,4192,7049,1504,763,7928,2641
1753329135078290431,0,959,2433,4190,7049,1527,763,7928,2674
1753329135080201992,0,959,2434,4188,7049,1500,763,7928,2724
1753329135082242697,0,959,2434,4186,7049,1523,763,7928,2674
1753329135084200222,0,959,2435,4184,7049,1578,763,7928,2657
1753329135086233449,0,959,2436,4182,7049,1524,763,7929,2668
1753329135088316629,0,959,2437,4180,7049,1698,763,7929,2681
1753329135090307610,0,959,2437,4179,7049,1535,763,7929,2667
1753329135092219149,0,959,2437,4177,7049,1302,763,7929,2664
1753329135094258989,0,959,2437,4174,7049,1515,763,7929,2661
1753329135096153068,0,959,2438,4173,7049,1706,763,7929,2698
1753329135098283831,0,959,2439,4171,7049,1527,763,7930,2661
1753329135100237556,0,959,2439,4169,7049,1334,763,7930,2659
1753329135102246522,0,959,2440,4167,7049,1510,763,7930,2657
1753329135104244410,0,959,2440,4164,7049,1727,763,7930,2686
1753329135106226533,0,959,2441,4163,7049,1525,763,7930,2656
1753329135108333425,0,959,2442,4161,7049,1384,763,7930,2740
1753329135110251186,0,959,2442,4159,7049,1511,763,7930,2658
1753329135112234915,0,959,2443,4157,7049,1483,763,7930,2570
1753329135114235807,0,959,2443,4155,7049,1507,763,7931,2648
1753329135116204080,0,959,2444,4153,7049,1677,763,7931,2677
1753329135118195234,0,959,2444,4151,7049,1519,763,7931,2646
1753329135120198159,0,959,2445,4150,7049,1428,763,7931,2645
1753329135122177518,0,959,2446,4148,7049,1510,763,7931,2643
1753329135124176932,0,959,2446,4146,7049,1638,763,7932,2663
1753329135126174472,0,959,2446,4145,7049,1518,763,7932,2642
1753329135128173961,0,959,2446,4143,7049,1361,763,7932,2587
1753329135130174530,0,959,2447,4142,7049,1505,763,7932,2635
1753329135132174422,0,959,2448,4141,7049,1591,763,7932,2665
1753329135134166265,0,959,2448,4139,7049,1509,763,7932,2634
1753329135136227429,0,959,2449,4138,7049,1511,763,7933,2655
1753329135138162868,0,959,2449,4136,7049,1507,763,7933,2633
1753329135140165542,0,959,2450,4135,7049,1349,763,7933,2610
1753329135142163433,0,959,2450,4133,7049,1494,763,7933,2628
1753329135144161898,0,959,2451,4131,7049,1614,763,7934,2648
1753329135146158577,0,959,2452,4131,7049,1501,763,7934,2628
1753329135148161976,0,959,2452,4129,7049,1500,763,7934,2558
1753329135150223686,0,959,2453,4127,7049,1499,763,7934,2619
1753329135152288079,0,959,2453,4126,7049,1498,763,7934,2618
1753329135154166973,0,959,2454,4125,7049,1520,763,7935,2718
1753329135156276069,0,959,2454,4124,7049,1498,763,7935,2623
1753329135158198722,0,959,2454,4122,7049,1474,763,7935,2503
1753329135160263579,0,959,2455,4121,7049,1494,763,7935,2612
1753329135162199381,0,959,2455,4119,7049,1527,763,7935,2673
1753329135164229975,0,959,2455,4117,7049,1496,763,7935,2612
1753329135166192599,0,959,2456,4116,7049,1462,763,7935,2565
1753329135168312287,0,959,2456,4114,7049,1491,763,7935,2606
1753329135170203863,0,959,2457,4113,7049,1540,763,7936,2673
1753329135172229960,0,959,2457,4112,7049,1494,763,7936,2609
1753329135174211974,0,959,2458,4110,7049,1413,763,7936,2554
1753329135176441021,0,959,2458,4109,7049,1486,763,7936,2602
1753329135178225261,0,959,2459,4108,7049,1509,763,7937,2632
1753329135180285126,0,959,2459,4106,7049,1487,763,7937,2601
1753329135182207473,0,959,2460,4105,7049,1462,763,7937,2569
1753329135184280721,0,959,2460,4103,7049,1484,763,7937,2596
1753329135186221322,0,959,2461,4102,7049,1462,763,7937,2595
1753329135188253085,0,959,2461,4102,7049,1481,763,7937,2595
1753329135190240496,0,959,2462,4100,7049,1438,763,7938,2578
1753329135192317038,0,959,2461,4099,7049,1476,763,7938,2591
1753329135194222369,0,959,2461,4098,7049,1539,763,7938,2636
1753329135196251663,0,959,2462,4096,7049,1479,763,7939,2591
1753329135198253801,0,959,2462,4095,7049,1477,763,7939,2645
1753329135200230487,0,959,2463,4093,7049,1477,763,7939,2593
1753329135202206928,0,959,2464,4092,7049,1371,763,7939,2537
1753329135204260207,0,959,2464,4090,7049,1468,763,7940,2586
1753329135206199905,0,959,2465,4089,7049,1518,763,7940,2708
1753329135208269199,0,959,2465,4087,7049,1469,763,7940,2592
1753329135210239584,0,959,2465,4086,7049,1416,763,7940,2489
1753329135212239264,0,959,2466,4085,7049,1465,763,7940,2582
1753329135214248546,0,959,2466,4083,7049,1507,763,7940,2580
1753329135216252370,0,959,2466,4082,7049,1466,763,7941,2579
1753329135218240073,0,959,2467,4080,7049,1504,763,7941,2611
1753329135220247844,0,959,2467,4079,7049,1467,763,7941,2579
1753329135222246994,0,959,2468,4078,7049,900,763,7941,2578
1753329135224247174,0,959,2468,4076,7049,1422,763,7941,2576
1753329135226284740,0,959,2467,4075,7049,2027,763,7942,2575
1753329135228277872,0,959,2468,4074,7049,1465,763,7942,2574
1753329135230193401,0,959,2468,4072,7049,1465,763,7942,2585
1753329135232201787,0,959,2468,4072,7049,1463,763,7942,2573
1753329135234199176,0,959,2468,4070,7049,1400,763,7942,2525
1753329135236222451,0,959,2469,4070,7049,1457,763,7942,2568
1753329135238389990,0,959,2469,4069,7049,1456,763,7943,2567
1753329135240281944,0,959,2469,4068,7049,1505,763,7943,2599
1753329135242409646,0,959,2470,4067,7049,1457,763,7943,2567
1753329135244283268,0,959,2470,4067,7049,1410,763,7943,2580
1753329135246288895,0,959,2470,4066,7049,1452,763,7943,2567
1753329135248295174,0,959,2471,4063,7049,1631,763,7944,2551
1753329135250262452,0,959,2471,4063,7049,1463,763,7944,2563
1753329135252207858,0,959,2471,4062,7049,1249,763,7944,2575
1753329135254176883,0,959,2472,4061,7049,1446,763,7944,2562
1753329135256159771,0,959,2472,4060,7049,1546,763,7944,2548
1753329135258153182,0,959,2472,4058,7049,1451,763,7944,2559
1753329135260148760,0,959,2472,4057,7049,2067,763,7945,2524
1753329135262153715,0,959,2472,4056,7049,1495,763,7945,2554
1753329135264157325,0,959,2473,4055,7049,862,763,7945,2586
1753329135266169185,0,959,2473,4054,7049,1447,763,7945,2555
1753329135268173430,0,959,2473,4053,7049,1462,763,7945,2520
1753329135270167912,0,959,2474,4052,7049,1446,763,7945,2550
1753329135272171125,0,959,2474,4051,7049,1429,763,7946,2582
1753329135274187388,0,959,2474,4049,7049,1443,763,7946,2550
1753329135276209655,0,959,2474,4048,7049,1941,763,7946,2516
1753329135278238878,0,959,2475,4047,7049,1478,763,7946,2545
1753329135280212373,0,959,2475,4046,7049,978,763,7946,2544
1753329135282220692,0,959,2475,4045,7049,1439,763,7946,2543
1753329135284211757,0,959,2476,4044,7049,1497,763,7947,2542
1753329135286234708,0,959,2476,4042,7049,1442,763,7947,2540
1753329135288200929,0,959,2476,4041,7049,1399,763,7947,2573
1753329135290186516,0,959,2477,4040,7049,1437,763,7947,2541
1753329135292240293,0,959,2476,4039,7049,1429,763,7948,2507
1753329135294218549,0,959,2476,4038,7049,1435,763,7948,2537
1753329135296248003,0,959,2477,4036,7049,1468,763,7948,2535
1753329135298174055,0,959,2477,4035,7049,1436,763,7949,2534
1753329135300166284,0,959,2477,4034,7049,1545,763,7949,2533
1753329135302243115,0,959,2477,4032,7049,1442,763,7949,2531
1753329135304200015,0,959,2478,4032,7049,1297,763,7949,2531
1753329135306197182,0,959,2478,4030,7049,1430,763,7949,2529
1753329135308190887,0,959,2478,4029,7049,1621,763,7949,2506
1753329135310175698,0,959,2478,4028,7049,1442,763,7949,2525
1753329135312197546,0,959,2479,4027,7049,1241,763,7950,2493
1753329135314192147,0,959,2479,4025,7049,1425,763,7950,2520
1753329135316246166,0,959,2479,4024,7049,1433,763,7950,2550
1753329135318187536,0,959,2479,4023,7049,1425,763,7950,2520
1753329135320186426,0,959,2479,4022,7049,1980,763,7950,2473
1753329135322196718,0,959,2479,4020,7049,1465,763,7950,2514
1753329135324214142,0,959,2479,4019,7049,1464,763,7951,2513
1753329135326181312,0,959,2479,4018,7049,907,763,7951,2527
1753329135328239746,0,959,2479,4016,7049,1421,763,7951,2511
1753329135330252173,0,959,2479,4015,7049,1437,763,7951,2563
1753329135332254166,0,959,2479,4014,7049,1421,763,7951,2513
1753329135334169143,0,959,2479,4012,7049,1397,763,7951,2511
1753329135336306158,0,959,2479,4011,7049,1418,763,7952,2510
1753329135338322960,0,959,2480,4010,7049,1523,763,7952,2542
1753329135340252243,0,959,2480,4009,7049,1425,763,7952,2510
1753329135342268661,0,959,2480,4007,7049,1558,763,7952,2475
1753329135344231175,0,959,2480,4006,7049,1434,763,7953,2505
1753329135346231148,0,959,2480,4004,7049,1409,763,7953,2503
1753329135348177263,0,959,2480,4003,7049,1432,763,7953,2502
1753329135350167495,0,959,2480,4002,7049,1205,763,7953,2448
1753329135352215408,0,959,2480,4001,7049,1414,763,7953,2496
1753329135354206376,0,959,2480,3999,7049,1067,763,7954,2525
1753329135356324405,0,959,2481,3998,7049,1387,763,7954,2495
1753329135358219529,0,959,2480,3997,7049,1719,763,7954,2516
1753329135360319311,0,959,2480,3995,7049,1411,763,7954,2494
1753329135362245747,0,959,2480,3994,7049,1347,763,7954,2471
1753329135364298130,0,959,2480,3993,7049,1405,763,7955,2490
1753329135366294055,0,959,2480,3992,7049,1522,763,7955,2545
1753329135368306113,0,959,2480,3990,7049,1413,763,7955,2492
1753329135370229160,0,959,2481,3989,7049,1263,763,7955,2457
1753329135372226670,0,959,2481,3988,7049,1400,763,7955,2487
1753329135374223462,0,959,2481,3986,7049,1352,763,7955,2485
1753329135376241517,0,959,2481,3985,7049,1394,763,7956,2484
1753329135378228977,0,959,2481,3984,7049,1426,763,7956,2483
1753329135380238521,0,959,2482,3983,7049,1394,763,7956,2482
1753329135382218781,0,959,2482,3982,7049,1417,763,7956,2515
1753329135384275733,0,959,2482,3980,7049,1394,763,7956,2482
1753329135386224034,0,959,2482,3979,7049,1363,763,7956,2448
1753329135388232112,0,959,2482,3978,7049,1390,763,7956,2477
1753329135390221344,0,959,2483,3976,7049,1648,763,7957,2454
1753329135392289657,0,959,2482,3974,7049,1406,763,7957,2472
1753329135394222009,0,959,2482,3974,7049,1176,763,7957,2472
1753329135396230574,0,959,2482,3973,7049,1386,763,7957,2471
1753329135398236671,0,959,2482,3971,7049,1385,763,7957,2438
1753329135400238488,0,959,2482,3970,7049,1383,763,7957,2466
1753329135402216755,0,959,2482,3970,7049,1353,763,7958,2450
1753329135404234736,0,959,2482,3968,7049,1379,763,7958,2462
1753329135406219002,0,959,2483,3967,7049,1409,763,7958,2508
1753329135408222772,0,959,2482,3965,7049,1379,763,7958,2463
1753329135410268054,0,959,2482,3964,7049,1377,763,7958,2462
1753329135412213346,0,959,2483,3963,7049,1210,763,7958,2415
1753329135414288531,0,959,2483,3962,7049,1363,763,7958,2456
1753329135416260427,0,959,2483,3961,7049,1528,763,7958,2455
1753329135418291109,0,959,2483,3959,7049,1373,763,7959,2453
1753329135420239248,0,959,2483,3958,7049,1399,763,7959,2452
1753329135422292470,0,959,2483,3957,7049,1372,763,7959,2451
1753329135424217570,0,959,2483,3956,7049,1618,763,7959,2434
1753329135426240098,0,959,2482,3954,7049,1387,763,7959,2447
1753329135428228133,0,959,2593,3953,7049,1331,763,7959,2357
1753329135430306468,0,959,2491,3952,7049,1382,763,7959,2438
1753329135432209645,0,959,2380,3951,7049,1158,763,7959,2527
1753329135434240929,0,959,2482,3949,7049,1361,763,7960,2442
1753329135436206255,0,959,2482,3948,7049,1353,763,7960,2473
1753329135438276847,0,959,2482,3947,7049,1359,763,7960,2442
1753329135440280483,0,959,2482,3945,7049,1311,763,7960,2371
1753329135442264233,0,959,2482,3944,7049,1352,763,7961,2434
1753329135444275878,0,959,2482,3942,7049,1384,763,7961,2432
1753329135446225412,0,959,2482,3942,7049,1352,763,7961,2432
1753329135448269751,0,959,2482,3940,7049,1345,763,7961,2273
1753329135450202359,0,959,2482,3939,7049,1350,763,7962,2417
1753329135452196519,0,959,2482,3937,7049,1339,763,7962,2572
1753329135454199472,0,959,2482,3936,7049,1347,763,7962,2426
1753329135456300587,0,959,2482,3934,7049,1374,763,7962,2424
1753329135458217542,0,959,2482,3932,7049,1347,763,7962,2422
1753329135460169856,0,959,2482,3931,7049,1272,763,7962,2421
1753329135462190621,0,959,2481,3929,7049,1340,763,7963,2419
1753329135464191818,0,959,2481,3928,7049,1396,763,7963,2456
1753329135466192301,0,959,2481,3926,7049,1343,763,7963,2419
1753329135468192597,0,959,2481,3924,7049,1372,763,7963,2379
1753329135470205887,0,959,2481,3923,7049,1342,763,7963,2413
1753329135472239232,0,959,2481,3921,7049,1327,763,7963,2411
1753329135474198360,0,959,2481,3920,7049,1339,763,7963,2410
1753329135476177800,0,959,2481,3918,7049,1286,763,7963,2445
1753329135478187056,0,959,2481,3916,7049,1332,763,7964,2409
1753329135480178769,0,959,2481,3914,7049,1356,763,7964,1927
1753329135482190065,0,959,2481,3912,7049,1331,763,7964,2369
1753329135484191100,0,959,2481,3911,7049,1409,763,7965,2847
1753329135486202498,0,959,2481,3909,7049,1334,763,7965,2401
1753329135488199418,0,959,2481,3907,7049,1252,763,7965,2399
1753329135490264943,0,959,2481,3906,7049,1326,763,7965,2398
1753329135492272785,0,959,2481,3904,7049,1351,763,7965,2413
1753329135494203689,0,959,2480,3902,7049,1325,763,7965,2395
1753329135496291041,0,959,2480,3899,7049,1322,763,7966,2392
1753329135498259139,0,959,2480,3897,7049,1296,763,7966,2336
1753329135500338752,0,959,2480,3895,7049,1318,763,7966,2384
1753329135502257096,0,959,2480,3894,7049,1314,763,7966,2421
1753329135504361009,0,959,2480,3892,7049,1316,763,7967,2384
1753329135506250756,0,959,2480,3891,7049,1277,763,7967,2400
1753329135508352462,0,959,2480,3889,7049,1311,763,7967,2382
1753329135510420094,0,959,2480,3889,7049,1332,763,7967,2328
1753329135512275092,0,959,2480,3885,7049,1309,763,7967,2374
1753329135514214459,0,959,2480,3884,7049,1298,763,7968,2542
1753329135516242307,0,959,2480,3882,7049,1305,763,7968,2384
1753329135518249836,0,959,2480,3880,7049,1285,763,7968,2213
1753329135520255344,0,959,2480,3878,7049,1301,763,7968,2367
1753329135522193545,0,959,2479,3877,7049,1399,763,7968,2421
1753329135524268834,0,959,2479,3875,7049,1305,763,7969,2368
1753329135526207490,0,959,2479,3873,7049,1286,763,7969,2350
1753329135528322924,0,959,2478,3872,7049,1302,763,7969,2364
1753329135530235606,0,959,2478,3870,7049,1319,763,7969,2379
1753329135532297329,0,959,2478,3870,7049,1301,763,7969,2363
1753329135534233383,0,959,2478,3869,7049,1387,763,7969,2362
1753329135536219670,0,959,2478,3865,7049,1304,763,7970,2358
1753329135538262742,0,959,2478,3863,7049,1287,763,7970,2172
1753329135540258355,0,959,2477,3862,7049,1300,763,7970,2342
1753329135542255710,0,959,2478,3860,7049,1273,763,7970,2539
1753329135544320733,0,959,2478,3858,7049,1295,763,7971,2352
1753329135546259855,0,959,2477,3857,7049,1294,763,7971,2382
1753329135548270858,0,959,2477,3855,7049,1292,763,7971,2352
1753329135550258988,0,959,2477,3853,7049,1550,763,7971,2371
1753329135552299697,0,959,2477,3851,7049,1308,763,7971,2349
1753329135554266603,0,959,2477,3850,7049,1026,763,7971,2296
1753329135556253055,0,959,2477,3848,7049,1286,763,7971,2342
1753329135558269661,0,959,2477,3846,7049,1324,763,7972,2371
1753329135560257967,0,959,2477,3845,7049,1286,763,7972,2342
1753329135562245764,0,959,2475,3843,7049,1231,763,7972,2277
1753329135564228536,0,959,2475,3841,7049,1280,763,7972,2333
1753329135566195402,0,959,2475,3839,7049,1292,763,7972,2394
1753329135568231243,0,959,2475,3838,7049,1279,763,7973,2335
1753329135570220565,0,959,2475,3836,7049,1433,763,7973,2302
1753329135572258912,0,959,2475,3834,7049,1288,763,7973,2328
1753329135574248184,0,959,2475,3833,7049,1154,763,7973,2358
1753329135576254461,0,959,2475,3831,7049,1276,763,7973,2328
1753329135578243780,0,959,2475,3829,7049,1314,763,7973,2295
1753329135580244778,0,959,2475,3828,7049,1277,763,7974,2322
1753329135582289042,0,959,2475,3826,7049,1276,763,7974,2320
1753329135584268790,0,959,2475,3824,7049,1471,763,7974,2371
1753329135586239417,0,959,2475,3823,7049,1289,763,7974,2321
1753329135588253735,0,959,2474,3822,7049,1018,763,7974,2252
1753329135590231485,0,959,2474,3820,7049,1266,763,7974,2313
1753329135592239670,0,959,2474,3819,7049,1265,763,7975,2328
1753329135594238685,0,959,2473,3817,7049,1263,763,7975,2311
1753329135596235376,0,959,2473,3816,7049,1278,763,7975,2295
1753329135598247677,0,959,2472,3814,7049,1262,763,7975,2307
1753329135600246564,0,959,2472,3813,7049,997,763,7975,2306
1753329135602227128,0,959,2472,3811,7049,1241,763,7976,2304
1753329135604229696,0,959,2472,3809,7049,1416,763,7976,2302
1753329135606268375,0,959,2472,3808,7049,1252,763,7976,2301
1753329135608254613,0,959,2471,3806,7049,1298,763,7976,2283
1753329135610306540,0,959,2471,3805,7049,1253,763,7977,2297
1753329135612200955,0,959,2471,3803,7049,1252,763,7977,2257
1753329135614219476,0,959,2471,3801,7049,1251,763,7977,2290
1753329135616211114,0,959,2470,3799,7049,1177,763,7977,2326
1753329135618289849,0,959,2470,3798,7049,1244,763,7977,2290
1753329135620277085,0,959,2470,3796,7049,1223,763,7977,2250
1753329135622247207,0,959,2470,3795,7049,1241,763,7978,2284
1753329135624232156,0,959,2470,3793,7049,1225,763,7978,2245
1753329135626219546,0,959,2470,3791,7049,1237,763,7978,2277
1753329135628224779,0,959,2469,3790,7049,1221,763,7978,2314
1753329135630305276,0,959,2468,3788,7049,1234,763,7978,2277
1753329135632242581,0,959,2468,3787,7049,1061,763,7978,2314
1753329135634234014,0,959,2468,3785,7049,1218,763,7978,2277
1753329135636367525,0,959,2468,3782,7049,1424,763,7979,2222
1753329135638231174,0,959,2468,3781,7049,1231,763,7979,2269
1753329135640234358,0,959,2467,3780,7049,1280,763,7979,2405
1753329135642277521,0,959,2467,3778,7049,1231,763,7979,2276
1753329135644311154,0,959,2467,3776,7049,1178,763,7979,2152
1753329135646249473,0,959,2467,3775,7049,1224,763,7980,2264
1753329135648269000,0,959,2466,3773,7049,1328,763,7980,2332
1753329135650314739,0,959,2466,3771,7049,1227,763,7980,2265
1753329135652302587,0,959,2466,3769,7049,1170,763,7980,2231
1753329135654257973,0,959,2465,3767,7049,1219,763,7980,2259
1753329135656280137,0,959,2465,3766,7049,1184,763,7980,2220
1753329135658237750,0,959,2465,3764,7049,1213,763,7981,2253
1753329135660289035,0,959,2464,3762,7049,1244,763,7981,2289
1753329135662233404,0,959,2463,3761,7049,1211,763,7981,2253
1753329135664231973,0,959,2463,3759,7049,884,763,7981,2251
1753329135666223369,0,959,2463,3757,7049,1183,763,7982,2249
1753329135668259440,0,959,2463,3756,7049,1603,763,7982,2248
1753329135670271584,0,959,2462,3754,7049,1211,763,7982,2246
1753329135672220210,0,959,2462,3752,7049,1210,763,7982,2244
1753329135674162312,0,959,2462,3750,7049,1145,763,7982,2242
1753329135676200672,0,959,2462,3748,7049,1201,763,7983,2240
1753329135678193109,0,959,2462,3747,7049,1220,763,7983,2302
1753329135680196109,0,959,2461,3745,7049,1199,763,7983,2241
1753329135682206859,0,959,2461,3743,7049,1015,763,7983,2124
1753329135684186197,0,959,2460,3742,7049,1183,763,7983,2230
1753329135686183330,0,959,2460,3740,7049,1450,763,7984,2280
1753329135688188947,0,959,2460,3738,7049,1200,763,7984,2230
1753329135690189457,0,959,2459,3737,7049,1180,763,7984,2124
1753329135692198503,0,959,2459,3735,7049,1196,763,7984,2219
1753329135694200404,0,959,2458,3733,7049,1126,763,7984,2321
1753329135696251001,0,959,2457,3731,7049,1188,763,7984,2222
1753329135698233039,0,959,2457,3730,7049,1289,763,7984,2238
1753329135700252164,0,959,2456,3728,7049,1193,763,7985,2221
1753329135702208204,0,959,2456,3727,7049,1176,763,7985,2165
1753329135704219309,0,959,2456,3725,7049,1190,763,7985,2214
1753329135706219231,0,959,2455,3724,7049,1177,763,7985,2282
1753329135708206601,0,959,2455,3721,7049,1185,763,7986,2215
1753329135710332726,0,959,2455,3720,7049,1184,763,7986,2198
1753329135712229055,0,959,2454,3718,7049,1182,763,7986,2211
1753329135714241582,0,959,2454,3716,7049,1210,763,7986,2209
1753329135716232099,0,959,2454,3715,7049,1182,763,7986,2208
1753329135718209939,0,959,2453,3713,7049,994,763,7986,2189
1753329135720213526,0,959,2453,3711,7049,1164,763,7986,2202
1753329135722282820,0,959,2453,3709,7049,1379,763,7987,2217
1753329135724247529,0,959,2452,3708,7049,1178,763,7987,2201
1753329135726223330,0,959,2452,3706,7049,1160,763,7987,2199
1753329135728214415,0,959,2450,3704,7049,1174,763,7987,2197
1753329135730220840,0,959,2450,3703,7049,1065,763,7987,2179
1753329135732196904,0,959,2449,3701,7049,1163,763,7987,2192
1753329135734226163,0,959,2449,3698,7049,1185,763,7987,2189
1753329135736190882,0,959,2448,3697,7049,1163,763,7987,2188
1753329135738218642,0,959,2448,3695,7049,1228,763,7987,2203
1753329135740259610,0,959,2448,3694,7049,1166,763,7987,2187
1753329135742175575,0,959,2447,3692,7049,1198,763,7988,2168
1753329135744175248,0,959,2446,3690,7049,1166,763,7987,2181
1753329135746186676,0,959,2446,3688,7049,1109,763,7988,2196
1753329135748218935,0,959,2446,3687,7049,1160,763,7988,2180
1753329135750187279,0,959,2445,3685,7049,1159,763,7988,2178
1753329135752201865,0,959,2445,3683,7049,1187,763,7988,2176
1753329135754249806,0,959,2444,3681,7049,1159,763,7988,2174
1753329135756257465,0,959,2443,3679,7049,1063,763,7989,2172
1753329135758279381,0,959,2443,3677,7049,1150,763,7989,2170
1753329135760314795,0,959,2442,3676,7049,1115,763,7989,2152
1753329135762226182,0,959,2441,3673,7049,1146,763,7989,2164
1753329135764209042,0,959,2440,3672,7049,1301,763,7989,2126
1753329135766233411,0,959,2440,3670,7049,1155,763,7990,2158
1753329135768185037,0,959,2439,3668,7049,1015,763,7990,2156
1753329135770198865,0,959,2438,3666,7049,1143,763,7990,2154
1753329135772183447,0,959,2438,3664,7049,1176,763,7990,1840
1753329135774181897,0,959,2437,3663,7049,1144,763,7990,2128
1753329135776173935,0,959,2437,3661,7049,1095,763,7990,2476
1753329135778206270,0,959,2436,3659,7049,1138,763,7991,2150
1753329135780175664,0,959,2436,3658,7049,1340,763,7991,2111
1753329135782185121,0,959,2435,3655,7049,1150,763,7991,2143
1753329135784174619,0,959,2434,3654,7049,954,763,7991,2180
1753329135786193723,0,959,2433,3651,7049,1133,763,7991,2142
1753329135788174578,0,959,2433,3649,7049,1132,763,7992,2140
1753329135790177960,0,959,2432,3648,7049,1131,763,7992,2139
1753329135792181235,0,959,2432,3646,7049,1092,763,7992,2137
1753329135794182151,0,959,2430,3644,7049,1125,763,7992,2135
1753329135796187711,0,959,2430,3642,7049,1162,763,7992,2149
1753329135798240869,0,959,2429,3639,7049,1126,763,7992,2131
1753329135800196350,0,959,2429,3637,7049,1086,763,7992,2112
1753329135802171945,0,959,2428,3635,7049,1120,763,7992,2126
1753329135804188313,0,959,2427,3632,7049,1213,763,7992,1861
1753329135806172207,0,959,2426,3630,7049,1124,763,7993,2101
1753329135808172457,0,959,2426,3628,7049,1063,763,7993,2377
1753329135810225852,0,959,2425,3626,7049,1117,763,7993,2118
1753329135812169064,0,959,2425,3624,7049,1053,763,7993,2116
1753329135814215126,0,959,2424,3622,7049,1110,763,7993,2114
1753329135816229201,0,959,2423,3620,7049,1173,763,7993,2127
1753329135818183070,0,959,2423,3618,7049,1112,763,7994,2111
1753329135820201439,0,959,2422,3616,7049,1014,763,7994,1672
1753329135822178503,0,959,2422,3615,7049,1101,763,7994,2075
1753329135824196365,0,959,2421,3613,7049,1150,763,7994,2541
1753329135826210001,0,959,2420,3611,7049,1102,763,7994,2106
1753329135828220715,0,959,2419,3610,7049,1170,763,7994,2160
1753329135830226765,0,959,2418,3608,7049,1104,763,7995,2107
1753329135832251352,0,959,2417,3606,7049,1100,763,7995,2004
1753329135834291580,0,959,2416,3605,7049,1101,763,7995,2097
1753329135836287548,0,959,2416,3604,7049,1099,763,7995,2096
1753329135838262844,0,959,2415,3602,7049,1076,763,7996,2109
1753329135840283307,0,959,2414,3600,7049,1094,763,7996,2093
1753329135842261441,0,959,2414,3598,7049,1068,763,7996,2091
1753329135844315626,0,959,2413,3597,7049,1090,763,7996,2090
1753329135846254464,0,959,2412,3595,7049,1112,763,7996,2072
1753329135848284204,0,959,2411,3594,7049,1088,763,7997,2086
1753329135850237415,0,959,2411,3592,7049,755,763,7997,2067
1753329135852237733,0,959,2410,3590,7049,1061,763,7997,2080
1753329135854220687,0,959,2409,3589,7049,1402,763,7997,2079
1753329135856218153,0,959,2408,3588,7049,1083,763,7997,2078
1753329135858237877,0,959,2408,3586,7049,1161,763,7997,2093
1753329135860326609,0,959,2407,3584,7049,1085,763,7998,2076
1753329135862279428,0,959,2405,3582,7049,968,763,7998,2057
1753329135864257436,0,959,2405,3581,7049,1074,763,7998,2071
1753329135866205000,0,959,2404,3579,7049,1097,763,7998,2086
1753329135868239358,0,959,2403,3577,7049,1073,763,7998,2069
1753329135870208815,0,959,2402,3575,7049,1083,763,7998,2067
1753329135872215967,0,959,2401,3574,7049,1070,763,7998,2066
1753329135874196836,0,959,2401,3572,7049,1063,763,7999,2047
1753329135876270556,0,959,2400,3570,7049,1066,763,7999,2060
1753329135878180972,0,959,2399,3568,7049,1103,763,7999,2090
1753329135880164868,0,959,2398,3566,7049,1066,763,7999,2059
1753329135882155072,0,959,2398,3564,7049,993,763,7999,2041
1753329135884141975,0,959,2397,3562,7049,1057,763,7999,2053
1753329135886183917,0,959,2396,3561,7049,1092,763,7999,2036
1753329135888153251,0,959,2395,3559,7049,1057,763,8000,2049
1753329135890150970,0,959,2395,3557,7049,1018,763,8000,2079
1753329135892200423,0,959,2394,3555,7049,1051,763,8000,2048
1753329135894152289,0,959,2392,3553,7049,1110,763,8001,2014
1753329135896304546,0,959,2391,3552,7049,1053,763,8001,2042
1753329135898283996,0,959,2391,3550,7049,1039,763,8001,2040
1753329135900149826,0,959,2390,3548,7049,1049,763,8001,2038
1753329135902144347,0,959,2389,3546,7049,1036,763,8001,2036
1753329135904140063,0,959,2388,3544,7049,1045,763,8001,2034
1753329135906150854,0,959,2387,3542,7049,1553,763,8001,1995
1753329135908164459,0,959,2386,3540,7049,1080,763,8001,2027
1753329135910147497,0,959,2385,3539,7049,593,763,8001,2064
1753329135912164723,0,959,2385,3537,7049,1041,763,8002,2027
1753329135914188594,0,959,2458,3535,7049,963,763,8002,2042
1753329135916194285,0,959,2388,3533,7049,1032,763,8002,2024
1753329135918173727,0,959,2313,3531,7049,1083,763,8002,1968
1753329135920180246,0,959,2381,3529,7049,1032,763,8002,2016
1753329135922255725,0,959,2380,3527,7049,1031,763,8002,2014
1753329135924188756,0,959,2379,3525,7049,1267,763,8002,2012
1753329135926310706,0,959,2378,3524,7049,1045,763,8002,2011
1753329135928221747,0,959,2378,3522,7049,691,763,8002,2009
1753329135930234663,0,959,2376,3520,7049,1016,763,8003,2007
1753329135932254920,0,959,2375,3518,7049,1130,763,8003,1991
1753329135934288359,0,959,2374,3516,7049,1021,763,8003,2002
1753329135936222206,0,959,2373,3514,7049,1016,763,8003,2014
1753329135938238065,0,959,2373,3512,7049,1018,763,8003,1999
1753329135940248625,0,959,2372,3510,7049,1058,763,8003,1983
1753329135942310460,0,959,2371,3508,7049,1018,763,8003,1994
1753329135944269084,0,959,2370,3506,7049,976,763,8004,1992
1753329135946316324,0,959,2370,3504,7049,1011,763,8004,1990
1753329135948291904,0,959,2369,3502,7049,1082,763,8004,2002
1753329135950304377,0,959,2368,3500,7049,1014,763,8004,1987
1753329135952393565,0,959,2367,3498,7049,984,763,8004,1985
1753329135954365638,0,959,2367,3496,7049,1008,763,8005,1983
1753329135956234542,0,959,2366,3494,7049,940,763,8005,1943
1753329135958221604,0,959,2365,3492,7049,1000,763,8005,1976
1753329135960255313,0,959,2364,3490,7049,1067,763,8005,2049
1753329135962289253,0,959,2363,3488,7049,1002,763,8006,1978
1753329135964228439,0,959,2361,3486,7049,1047,763,8006,1938
1753329135966220354,0,959,2361,3484,7049,1004,763,8006,1971
1753329135968234547,0,959,2360,3482,7049,1042,763,8006,2006
1753329135970259324,0,959,2359,3480,7049,1004,763,8006,1970
1753329135972238894,0,959,2358,3478,7049,226,763,8006,1930
1753329135974297579,0,959,2357,3476,7049,943,763,8006,1963
1753329135976283999,0,959,2356,3474,7049,1632,763,8006,1998
1753329135978301348,0,959,2355,3471,7049,991,763,8006,1960
1753329135980443580,0,959,2354,3470,7049,1063,763,8007,1959
1753329135982423559,0,959,2353,3468,7049,993,763,8007,1957
1753329135984420491,0,959,2353,3466,7049,946,763,8007,1955
1753329135986400986,0,959,2351,3462,7049,986,763,8007,1951
1753329135988261436,0,959,2351,3461,7049,1055,763,8007,2137
1753329135990298437,0,959,2350,3459,7049,990,763,8008,1962
1753329135992266374,0,959,2349,3457,7049,918,763,8008,1737
1753329135994344000,0,959,2348,3455,7049,982,763,8008,1942
1753329135996315726,0,959,2346,3453,7049,996,763,8008,1977
1753329135998306044,0,959,2345,3450,7049,980,763,8008,1939
1753329136000312049,0,959,2344,3449,7049,934,763,8008,1901
1753329136002335074,0,959,2343,3447,7049,974,763,8008,1934
1753329136004301554,0,959,2342,3445,7049,1010,763,8009,1969
1753329136006271707,0,959,2341,3443,7049,974,763,8009,1932
1753329136008317658,0,959,2339,3441,7049,973,763,8009,1930
1753329136010226057,0,959,2339,3439,7049,952,763,8009,1891
1753329136012260753,0,959,2337,3437,7049,970,763,8010,1924
1753329136014220084,0,959,2337,3435,7049,932,763,8010,2090
1753329136016300749,0,959,2336,3433,7049,965,763,8010,1932
1753329136018221004,0,959,2335,3431,7049,977,763,8010,1762
1753329136020326442,0,959,2334,3429,7049,963,763,8010,1916
1753329136022244363,0,959,2332,3427,7049,1157,763,8011,1914
1753329136024237871,0,959,2332,3425,7049,975,763,8011,1912
1753329136026262656,0,959,2331,3423,7049,813,763,8011,1947
1753329136028365505,0,959,2330,3421,7049,961,763,8011,1910
1753329136030268265,0,959,2328,3419,7049,959,763,8011,1856
1753329136032691049,0,959,2326,3417,7049,958,763,8011,1902
1753329136034360815,0,959,2325,3415,7049,908,763,8012,1952
1753329136036260543,0,959,2324,3413,7049,951,763,8012,1902
1753329136038229287,0,959,2323,3411,7049,1059,763,8012,1863
1753329136040301764,0,959,2322,3409,7049,958,763,8012,1895
1753329136042244647,0,959,2321,3407,7049,848,763,8012,1963
1753329136044305666,0,959,2320,3405,7049,947,763,8012,1897
1753329136046273090,0,959,2319,3403,7049,896,763,8012,1863
1753329136048236722,0,959,2318,3401,7049,941,763,8013,1890
1753329136050364747,0,959,2317,3399,7049,980,763,8013,1851
1753329136052256254,0,959,2316,3397,7049,943,763,8013,1883
1753329136054238534,0,959,2315,3395,7049,989,763,8013,1919
1753329136056233080,0,959,2314,3393,7049,943,763,8013,1882
1753329136058224709,0,959,2313,3390,7049,738,763,8013,1841
1753329136060336264,0,959,2312,3389,7049,925,763,8014,1875
1753329136062263639,0,959,2310,3386,7049,1118,763,8014,2028
1753329136064207988,0,959,2309,3384,7049,937,763,8014,1882
1753329136066250863,0,959,2307,3382,7049,819,763,8014,1948
1753329136068235507,0,959,2307,3380,7049,925,763,8014,1883
1753329136070229438,0,959,2305,3378,7049,928,763,8015,1758
1753329136072209088,0,959,2304,3376,7049,922,763,8015,1870
1753329136074211523,0,959,2303,3373,7049,1087,763,8015,1821
1753329136076233087,0,959,2302,3371,7049,932,763,8015,1862
1753329136078288432,0,959,2301,3369,7049,886,763,8015,1875
1753329136080238863,0,959,2300,3367,7049,925,763,8015,1859
1753329136082209518,0,959,2299,3365,7049,935,763,8015,1857
1753329136084195575,0,959,2297,3363,7049,924,763,8015,1855
1753329136086280652,0,959,2296,3361,7049,956,763,8016,1884
1753329136088299615,0,959,2295,3359,7049,924,763,8016,1853
1753329136090297442,0,959,2294,3358,7049,913,763,8016,1821
1753329136092227726,0,959,2293,3356,7049,920,763,8016,1848
1753329136094239720,0,959,2291,3354,7049,919,763,8016,1846
1753329136096230562,0,959,2289,3353,7049,908,763,8016,1897
1753329136098337776,0,959,2288,3351,7049,915,763,8017,1847
1753329136100257889,0,959,2287,3349,7049,913,763,8017,1776
1753329136102294965,0,959,2286,3348,7049,912,763,8017,1839
1753329136104284687,0,959,2285,3347,7049,911,763,8017,1853
1753329136106387471,0,959,2283,3345,7049,910,763,8017,1837
1753329136108274667,0,959,2282,3343,7049,927,763,8017,1803
1753329136110378451,0,959,2281,3342,7049,908,763,8017,1831
1753329136112257118,0,959,2280,3340,7049,853,763,8018,1846
1753329136114384741,0,959,2279,3339,7049,901,763,8018,1830
1753329136116276138,0,959,2278,3337,7049,944,763,8018,1811
1753329136118286398,0,959,2277,3334,7049,902,763,8018,1823
1753329136120247850,0,959,2275,3332,7049,857,763,8018,1838
1753329136122240218,0,959,2274,3330,7049,896,763,8019,1821
1753329136124238233,0,959,2273,3329,7049,940,763,8019,1803
1753329136126253226,0,959,2272,3327,7049,897,763,8019,1816
1753329136128236718,0,959,2271,3326,7049,1006,763,8019,1363
1753329136130252584,0,959,2268,3324,7049,904,763,8019,1779
1753329136132224585,0,959,2267,3322,7049,784,763,8019,2192
1753329136134218924,0,959,2266,3320,7049,893,763,8019,1806
1753329136136230770,0,959,2264,3318,7049,817,763,8020,1960
1753329136138230348,0,959,2264,3316,7049,885,763,8020,1814
1753329136140230565,0,959,2262,3314,7049,928,763,8020,1656
1753329136142220944,0,959,2261,3312,7049,885,763,8020,1798
1753329136144238156,0,959,2260,3310,7049,884,763,8020,1834
1753329136146213897,0,959,2258,3308,7049,882,763,8020,1797
1753329136148216449,0,959,2257,3306,7049,849,763,8020,1757
1753329136150202249,0,959,2256,3304,7049,878,763,8020,1790
1753329136152221236,0,959,2255,3302,7049,696,763,8021,1626
1753329136154241187,0,959,2253,3300,7049,861,763,8021,1774
1753329136156207659,0,959,2252,3298,7049,1017,763,8021,1934
1753329136158198635,0,959,2251,3296,7049,870,763,8021,1782
1753329136160200084,0,959,2249,3294,7049,890,763,8022,1850
1753329136162217778,0,959,2248,3292,7049,868,763,8022,1783
1753329136164231842,0,959,2246,3289,7049,850,763,8022,1710
1753329136166231820,0,959,2245,3287,7049,864,763,8022,1773
1753329136168233801,0,959,2243,3285,7049,863,763,8022,1771
1753329136170235693,0,959,2242,3283,7049,862,763,8023,1769
1753329136172237997,0,959,2241,3281,7049,794,763,8023,1821
1753329136174210988,0,959,2239,3278,7049,854,763,8023,1768
1753329136176194533,0,959,2238,3276,7049,918,763,8023,1749
1753329136178238159,0,959,2237,3274,7049,855,763,8023,1763
1753329136180224438,0,959,2235,3272,7049,854,763,8024,1761
1753329136182203673,0,959,2234,3270,7049,852,763,8024,1945
1753329136184250599,0,959,2233,3267,7049,850,763,8024,1769
1753329136186222055,0,959,2231,3265,7049,867,763,8024,1544
1753329136188265272,0,959,2230,3262,7049,848,763,8024,1748
1753329136190242133,0,959,2228,3260,7049,830,763,8024,1783
1753329136192285821,0,959,2227,3258,7049,844,763,8025,1747
1753329136194252550,0,959,2226,3256,7049,882,763,8025,1745
1753329136196266647,0,959,2223,3253,7049,844,763,8025,1742
1753329136198198503,0,959,2222,3251,7049,860,763,8025,1740
1753329136200239016,0,959,2221,3249,7049,842,763,8025,1738
1753329136202253642,0,959,2219,3247,7049,743,763,8026,1752
1753329136204252625,0,959,2218,3245,7049,832,763,8026,1735
1753329136206243006,0,959,2217,3243,7049,891,763,8026,1716
1753329136208245978,0,959,2215,3241,7049,834,763,8026,1730
1753329136210254829,0,959,2450,3239,7049,897,763,8026,1190
1753329136212254572,0,959,2231,3236,7049,836,763,8026,1684
1753329136214224505,0,959,1993,3234,7049,791,763,8026,2220
1753329136216250410,0,959,2210,3233,7049,829,763,8027,1721
1753329136218220415,0,959,2208,3230,7049,828,763,8027,1680
1753329136220230155,0,959,2207,3229,7049,827,763,8027,1714
1753329136222216546,0,959,2205,3227,7049,692,763,8027,1936
1753329136224202370,0,959,2204,3224,7049,813,763,8027,1726
1753329136226207209,0,959,2203,3222,7049,975,763,8028,1181
1753329136228204116,0,959,2202,3221,7049,822,763,8028,1683
1753329136230213443,0,959,2200,3218,7049,805,763,8028,2036
1753329136232275631,0,959,2199,3216,7049,819,763,8028,1704
1753329136234213890,0,959,2198,3214,7049,936,763,8028,1650
1753329136236221250,0,959,2195,3211,7049,825,763,8028,1695
1753329136238197040,0,959,2194,3209,7049,772,763,8029,1745
1753329136240200154,0,959,2192,3207,7049,818,763,8029,1695
1753329136242197887,0,959,2191,3204,7049,877,763,8029,1692
1753329136244223426,0,959,2190,3202,7049,820,763,8029,1690
1753329136246221075,0,959,2188,3200,7049,592,763,8029,1526
1753329136248219962,0,959,2187,3198,7049,800,763,8029,1674
1753329136250209176,0,959,2185,3195,7049,828,763,8029,1687
1753329136252207630,0,959,2184,3193,7049,798,763,8029,1670
1753329136254208431,0,959,2182,3190,7049,797,763,8030,1650
1753329136256185400,0,959,2181,3188,7049,795,763,8030,1663
1753329136258188725,0,959,2179,3185,7049,929,763,8030,1822
1753329136260194245,0,959,2178,3183,7049,802,763,8030,1670
1753329136262181697,0,959,2176,3181,7049,801,763,8030,1668
1753329136264213525,0,959,2175,3178,7049,635,763,8030,1520
1753329136266270272,0,959,2174,3176,7049,787,763,8030,1652
1753329136268203183,0,959,2172,3173,7049,815,763,8030,1633
1753329136270212557,0,959,2169,3171,7049,786,763,8031,1646
1753329136272184605,0,959,2168,3169,7049,755,763,8031,1661
1753329136274228648,0,959,2167,3166,7049,782,763,8031,1642
1753329136276195618,0,959,2165,3165,7049,781,763,8031,1641
1753329136278283945,0,959,2164,3161,7049,780,763,8031,1637
1753329136280196655,0,959,2162,3160,7049,795,763,8031,1968
1753329136282239329,0,959,2161,3157,7049,780,763,8031,1658
1753329136284214560,0,959,2159,3155,7049,747,763,8032,1340
1753329136286215512,0,959,2157,3152,7049,775,763,8032,1629
1753329136288200260,0,959,2156,3150,7049,770,763,8032,1612
1753329136290251825,0,959,2154,3147,7049,771,763,8032,1623
1753329136292238666,0,959,2153,3144,7049,770,763,8032,1436
1753329136294216397,0,959,2151,3140,7049,769,763,8033,1602
1753329136296289128,0,959,2150,3139,7049,766,763,8033,1831
1753329136298287988,0,959,2148,3136,7049,766,763,8033,1615
1753329136300241250,0,959,2147,3133,7049,764,763,8033,1511
1753329136302205470,0,959,2144,3131,7049,762,763,8033,1602
1753329136304242251,0,959,2143,3128,7049,762,763,8033,1669
1753329136306238347,0,959,2141,3125,7049,759,763,8034,1601
1753329136308230157,0,959,2139,3122,7049,755,763,8034,1629
1753329136310228376,0,959,2137,3120,7049,755,763,8034,1599
1753329136312226214,0,959,2136,3117,7049,753,763,8034,1596
1753329136314226066,0,959,2135,3114,7049,751,763,8034,1593
1753329136316225031,0,959,2133,3111,7049,749,763,8034,1590
1753329136318220773,0,959,2131,3109,7049,748,763,8034,1587
1753329136320230127,0,959,2130,3106,7049,748,763,8035,1554
1753329136322224741,0,959,2128,3102,7049,744,763,8035,1578
1753329136324244694,0,959,2127,3099,7049,842,763,8035,1790
1753329136326224304,0,959,2125,3096,7049,747,763,8035,1588
1753329136328216754,0,959,2123,3094,7049,644,763,8035,1402
1753329136330228137,0,959,2122,3091,7049,736,763,8035,1569
1753329136332219618,0,959,2120,3088,7049,869,763,8036,1750
1753329136334227041,0,959,2118,3085,7049,742,763,8036,1577
1753329136336225300,0,959,2116,3082,7049,767,763,8036,1574
1753329136338213367,0,959,2114,3078,7049,741,763,8036,1570
1753329136340227391,0,959,2113,3075,7049,737,763,8036,1567
1753329136342233519,0,959,2111,3072,7049,737,763,8036,1564
1753329136344231754,0,959,2109,3070,7049,710,763,8036,1562
1753329136346219811,0,959,2108,3067,7049,732,763,8036,1559
1753329136348248324,0,959,2107,3064,7049,730,763,8037,1556
1753329136350235533,0,959,2105,3062,7049,591,763,8037,1370
1753329136352195780,0,959,2103,3059,7049,717,763,8037,1537
1753329136354175217,0,959,2101,3057,7049,877,763,8037,1797
1753329136356190974,0,959,2100,3054,7049,725,763,8037,1552
1753329136358167950,0,959,2098,3052,7049,532,763,8037,1472
1753329136360245847,0,959,2096,3049,7049,708,763,8038,1541
1753329136362226643,0,959,2095,3047,7049,701,763,8038,1410
1753329136364245437,0,959,2093,3044,7049,704,763,8038,1527
1753329136366199396,0,959,2091,3042,7049,702,763,8038,1470
1753329136368199864,0,959,2089,3040,7049,701,763,8039,1518
1753329136370221286,0,959,2087,3037,7049,896,763,8039,1699
1753329136372193571,0,959,2085,3035,7049,713,763,8039,1527
1753329136374207364,0,959,2084,3033,7049,515,763,8039,1363
1753329136376233272,0,959,2082,3030,7049,695,763,8039,1510
1753329136378228679,0,959,2080,3028,7049,693,763,8039,1486
1753329136380350027,0,959,2078,3026,7049,691,763,8039,1504
1753329136382259457,0,959,2077,3023,7049,690,763,8040,1501
1753329136384291014,0,959,2075,3021,7049,688,763,8040,1499
1753329136386256819,0,959,2073,3018,7049,657,763,8040,1518
1753329136388253318,0,959,2071,3016,7049,682,763,8040,1496
1753329136390238699,0,959,2070,3014,7049,680,763,8040,1494
1753329136392238827,0,959,2068,3011,7049,679,763,8040,1491
1753329136394251874,0,959,2066,3009,7049,677,763,8040,1489
1753329136396229362,0,959,2065,3006,7049,675,763,8041,1486
1753329136398253169,0,959,2063,3004,7049,703,763,8041,1484
1753329136400289667,0,959,2061,3001,7049,673,763,8041,1481
1753329136402275959,0,959,2058,2998,7049,642,763,8041,1511
1753329136404259079,0,959,2056,2995,7049,667,763,8041,1477
1753329136406279271,0,959,2055,2993,7049,694,763,8042,1442
1753329136408343013,0,959,2053,2990,7049,665,763,8042,1469
1753329136410320150,0,959,2051,2986,7049,663,763,8042,1465
1753329136412320686,0,959,2049,2984,7049,660,763,8042,1463
1753329136414283153,0,959,2047,2981,7049,628,763,8042,1460
1753329136416263602,0,959,2045,2979,7049,653,763,8042,1458
1753329136418217633,0,959,2044,2976,7049,613,763,8042,1455
1753329136420210439,0,959,2042,2973,7049,646,763,8043,1452
1753329136422212570,0,959,2040,2971,7049,682,763,8043,1428
1753329136424247973,0,959,2038,2968,7049,645,763,8043,1446
1753329136426216955,0,959,2036,2965,7049,642,763,8043,1464
1753329136428227549,0,959,2034,2963,7049,640,763,8043,1442
1753329136430207525,0,959,2033,2960,7049,639,763,8043,1472
1753329136432209723,0,959,2031,2957,7049,636,763,8043,1438
1753329136434252144,0,959,2029,2955,7049,634,763,8044,1436
1753329136436262006,0,959,2026,2952,7049,632,763,8044,1400
1753329136438285355,0,959,2024,2950,7049,630,763,8044,1429
1753329136440255689,0,959,2023,2947,7049,613,763,8044,1459
1753329136442319694,0,959,2021,2944,7049,625,763,8044,1425
1753329136444240543,0,959,2019,2941,7049,828,763,8044,1597
1753329136446286380,0,959,2017,2938,7049,635,763,8044,1432
1753329136448229331,0,959,2015,2936,7049,404,763,8044,1255
1753329136450384718,0,959,2013,2933,7049,614,763,8044,1414
1753329136452240361,0,959,2011,2930,7049,841,763,8045,1586
1753329136454229789,0,959,2010,2928,7049,627,763,8045,1422
1753329136456196297,0,959,2007,2925,7049,396,763,8045,1244
1753329136458258482,0,959,2006,2922,7049,606,763,8045,1403
1753329136460216177,0,959,2004,2920,7049,642,763,8045,1401
1753329136462310651,0,959,2001,2917,7049,603,763,8046,1398
1753329136464260578,0,959,2000,2914,7049,601,763,8046,1395
1753329136466271283,0,959,1999,2912,7049,599,763,8046,1393
1753329136468280828,0,959,1997,2909,7049,828,763,8046,1620
1753329136470258438,0,959,1994,2907,7049,613,763,8046,1405
1753329136472255087,0,959,1991,2905,7049,409,763,8046,1140
1753329136474226477,0,959,1990,2902,7049,593,763,8047,1381
1753329136476262437,0,959,1988,2900,7049,591,763,8047,1412
1753329136478263909,0,959,1986,2897,7049,588,763,8047,1378
1753329136480293769,0,959,1984,2895,7049,586,763,8047,1376
1753329136482246490,0,959,1982,2893,7049,584,763,8047,1374
1753329136484223071,0,959,1980,2890,7049,583,763,8048,1371
1753329136486281478,0,959,1978,2888,7049,581,763,8048,1369
1753329136488239769,0,959,1976,2884,7049,578,763,8048,1365
1753329136490249531,0,959,1974,2881,7049,576,763,8048,1362
1753329136492261597,0,959,1972,2879,7049,545,763,8048,1360
1753329136494326891,0,959,1970,2877,7049,570,763,8048,1358
1753329136496356735,0,959,1968,2874,7049,597,763,8049,1300
1753329136498302482,0,959,1966,2872,7049,568,763,8049,1349
1753329136500250509,0,959,1965,2869,7049,1051,763,8049,1563
1753329136502246904,0,959,1962,2866,7049,599,763,8049,1359
1753329136504259843,0,959,1960,2864,7049,113,763,8049,1195
1753329136506227131,0,959,1957,2861,7049,559,763,8049,1342
1753329136508252643,0,959,1956,2858,7049,557,763,8049,1339
1753329136510245953,0,959,1953,2856,7049,555,763,8050,1337
1753329136512228337,0,959,1952,2853,7049,553,763,8050,1334
1753329136514203368,0,959,1950,2851,7049,551,763,8050,1332
1753329136516215639,0,959,1947,2848,7049,746,763,8050,1504
1753329136518220916,0,959,1946,2846,7049,562,763,8050,1340
1753329136520295717,0,959,1943,2843,7049,560,763,8050,1337
1753329136522236100,0,959,1941,2841,7049,331,763,8051,1160
1753329136524330936,0,959,1939,2838,7049,538,763,8051,1319
1753329136526226236,0,959,1937,2835,7049,446,763,8051,1478
1753329136528437842,0,959,1935,2833,7049,527,763,8051,1326
1753329136530223394,0,959,1933,2830,7049,644,763,8052,1161
1753329136532314200,0,959,1931,2827,7049,532,763,8052,1308
1753329136534305460,0,959,1929,2825,7049,530,763,8052,1306
1753329136536340352,0,959,1926,2822,7049,528,763,8052,1303
1753329136538274270,0,959,1924,2820,7049,722,763,8052,1430
1753329136540339857,0,959,1922,2818,7049,540,763,8053,1308
1753329136542277616,0,959,1920,2815,7049,502,763,8053,1384
1753329136544301115,0,959,1918,2813,7049,532,763,8053,1309
1753329136546274515,0,959,1916,2811,7049,531,763,8053,1319
1753329136548320025,0,959,1914,2808,7049,529,763,8053,1305
1753329136550258041,0,959,1911,2806,7049,563,763,8053,1247
1753329136552384223,0,959,1910,2804,7049,528,763,8054,1297
1753329136554237699,0,959,1907,2801,7049,524,763,8054,1362
1753329136556305009,0,959,1905,2799,7049,523,763,8054,1297
1753329136558238520,0,959,1903,2797,7049,487,763,8054,1272
1753329136560242153,0,959,1901,2795,7049,517,763,8054,1292
1753329136562254946,0,959,1899,2792,7049,353,763,8055,1082
1753329136564253460,0,959,1897,2789,7049,501,763,8055,1270
1753329136566258149,0,959,1895,2787,7049,661,763,8055,1443
1753329136568284733,0,959,1893,2785,7049,510,763,8055,1279
1753329136570262408,0,959,1890,2783,7049,543,763,8055,1333
1753329136572255076,0,959,1888,2781,7049,509,763,8055,1280
1753329136574249698,0,959,1886,2779,7049,507,763,8055,1223
1753329136576290219,0,959,1884,2777,7049,506,763,8056,1272
1753329136578257070,0,959,1882,2775,7049,308,763,8056,1095
1753329136580246931,0,959,1880,2773,7049,488,763,8056,1255
1753329136582259679,0,959,1877,2772,7049,683,763,8056,1416
1753329136584276386,0,959,1875,2770,7049,499,763,8056,1264
1753329136586251105,0,959,1873,2767,7049,435,763,8057,1306
1753329136588280037,0,959,1871,2766,7049,491,763,8057,1263
1753329136590251346,0,959,1869,2764,7049,452,763,8057,1285
1753329136592253797,0,959,1867,2762,7049,485,763,8057,1261
1753329136594251230,0,959,1865,2760,7049,552,763,8057,1247
1753329136596246364,0,959,1863,2758,7049,488,763,8057,1256
1753329136598244669,0,959,1861,2756,7049,487,763,8058,1243
1753329136600267413,0,959,1858,2753,7049,485,763,8058,1250
1753329136602243434,0,959,1855,2751,7049,484,763,8058,1249
1753329136604266228,0,959,1853,2749,7049,482,763,8058,1247
1753329136606262834,0,959,1851,2747,7049,480,763,8058,1245
1753329136608307980,0,959,1849,2745,7049,249,763,8058,1049
1753329136610225124,0,959,1846,2743,7049,459,763,8058,1226
1753329136612238386,0,959,1844,2741,7049,686,763,8059,1418
1753329136614233568,0,959,1842,2739,7049,473,763,8059,1237
1753329136616242408,0,959,1840,2737,7049,506,763,8059,1235
1753329136618289034,0,959,1838,2735,7049,472,763,8059,1233
1753329136620238517,0,959,1836,2733,7049,274,763,8059,1024
1753329136622263747,0,959,1833,2732,7049,455,763,8059,1214
1753329136624219812,0,959,1832,2729,7049,614,763,8059,1386
1753329136626195708,0,959,1830,2727,7049,463,763,8060,1222
1753329136628214479,0,959,1827,2725,7049,270,763,8060,990
1753329136630238800,0,959,1825,2724,7049,445,763,8060,1202
1753329136632221524,0,959,1823,2722,7049,636,763,8060,1462
1753329136634263398,0,959,1821,2720,7049,458,763,8060,1218
1753329136636239201,0,959,1817,2718,7049,456,763,8060,1184
1753329136638250206,0,959,1815,2716,7049,455,763,8061,1212
1753329136640256429,0,959,1813,2714,7049,454,763,8061,1210
1753329136642326846,0,959,1811,2712,7049,452,763,8061,1208
1753329136644227565,0,959,1809,2710,7049,485,763,8061,1249
1753329136646270975,0,959,1806,2708,7049,451,763,8061,1207
1753329136648243992,0,959,1804,2706,7049,225,763,8062,954
1753329136650233893,0,959,1802,2704,7049,433,763,8062,1184
1753329136652255979,0,959,1868,2703,7049,656,763,8062,1447
1753329136654251054,0,959,1802,2700,7049,445,763,8062,1200
1753329136656241408,0,959,1732,2698,7049,444,763,8062,1198
1753329136658215967,0,959,1793,2696,7049,443,763,8062,1196
1753329136660219008,0,959,1791,2694,7049,407,763,8062,1171
1753329136662226210,0,959,1788,2692,7049,438,763,8062,1190
1753329136664244840,0,959,1786,2691,7049,470,763,8063,1201
1753329136666255012,0,959,1784,2689,7049,438,763,8063,1188
1753329136668253781,0,959,1782,2687,7049,437,763,8063,1198
1753329136670268348,0,959,1779,2685,7049,436,763,8063,1185
1753329136672342691,0,959,1777,2683,7049,435,763,8064,1183
1753329136674223600,0,959,1774,2682,7049,433,763,8064,1182
1753329136676217176,0,959,1772,2680,7049,330,763,8064,1181
1753329136678211591,0,959,1770,2678,7049,422,763,8064,1179
1753329136680216086,0,959,1768,2676,7049,524,763,8064,1177
1753329136682243988,0,959,1765,2675,7049,427,763,8064,1176
1753329136684261305,0,959,1763,2674,7049,425,763,8065,1175
1753329136686261550,0,959,1761,2672,7049,424,763,8065,1173
1753329136688255693,0,959,1759,2670,7049,386,763,8065,1171
1753329136690306519,0,959,1757,2668,7049,418,763,8065,1169
1753329136692296986,0,959,1754,2666,7049,416,763,8065,1167
1753329136694239230,0,959,1752,2665,7049,453,763,8066,1166
1753329136696218336,0,959,1750,2663,7049,417,763,8066,1164
1753329136698251054,0,959,1747,2662,7049,413,763,8066,1163
1753329136700200473,0,959,1744,2660,7049,414,763,8066,1161
1753329136702212055,0,959,1742,2658,7049,414,763,8067,1159
1753329136704284628,0,959,1738,2657,7049,411,763,8067,1158
1753329136706221379,0,959,1735,2655,7049,492,763,8067,1156
1753329136708536465,0,959,1733,2653,7049,415,763,8067,1154
1753329136710234545,0,959,1731,2652,7049,333,763,8068,1154
1753329136712236515,0,959,1729,2650,7049,406,763,8068,1152
1753329136714205202,0,959,1726,2648,7049,405,763,8068,1150
1753329136716560292,0,959,1724,2647,7049,403,763,8068,1149
1753329136718235126,0,959,1721,2645,7049,404,763,8068,1147
1753329136720212830,0,959,1719,2643,7049,400,763,8069,1145
1753329136722202504,0,959,1717,2642,7049,444,763,8069,1144
1753329136724418692,0,959,1714,2640,7049,401,763,8069,1142
1753329136726261306,0,959,1712,2638,7049,354,763,8069,1140
1753329136728183503,0,959,1709,2637,7049,395,763,8070,1139
1753329136730204969,0,959,1707,2635,7049,410,763,8070,1082
1753329136732197002,0,959,1704,2633,7049,394,763,8070,1131
1753329136734218157,0,959,1701,2632,7049,424,763,8070,1185
1753329136736218508,0,959,1699,2629,7049,395,763,8070,1131
1753329136738258333,0,959,1696,2627,7049,347,763,8070,1129
1753329136740350636,0,959,1693,2626,7049,388,763,8071,1128
1753329136742262614,0,959,1691,2624,7049,388,763,8071,1126
1753329136744221507,0,959,1688,2623,7049,387,763,8071,1125
1753329136746240282,0,959,1685,2621,7049,431,763,8071,1124
1753329136748259157,0,959,1683,2620,7049,388,763,8072,1123
1753329136750223243,0,959,1681,2618,7049,387,763,8072,1121
1753329136752231120,0,959,1678,2616,7049,386,763,8072,1119
1753329136754243913,0,959,1677,2615,7049,612,763,8072,1118
1753329136756243358,0,959,1674,2613,7049,401,763,8072,1116
1753329136758255810,0,959,1671,2611,7049,173,763,8073,1114
1753329136760308772,0,959,1669,2610,7049,382,763,8073,1113
1753329136762234041,0,959,2251,2608,7049,351,763,8073,1111
1753329136764219245,0,959,1707,2606,7049,377,763,8073,1109
1753329136766240000,0,959,1120,2605,7049,671,763,8073,1108
1753329136768283814,0,959,1658,2603,7049,396,763,8074,1106
1753329136770245759,0,959,1656,2601,7049,-59,763,8074,1104
1753329136772251519,0,959,1653,2600,7049,361,763,8074,1103
1753329136774240469,0,959,1651,2598,7049,585,763,8074,1101
1753329136776231772,0,959,1648,2597,7049,376,763,8075,1100
1753329136778215850,0,959,1646,2595,7049,375,763,8075,1099
1753329136780222622,0,959,1643,2593,7049,374,763,8075,1097
1753329136782242475,0,959,1641,2592,7049,372,763,8075,1096
1753329136784230938,0,959,1638,2590,7049,307,763,8075,1094
1753329136786244647,0,959,1635,2588,7049,365,763,8076,1092
1753329136788231559,0,959,1632,2587,7049,364,763,8076,1091
1753329136790237190,0,959,1630,2585,7049,364,763,8077,1089
1753329136792221845,0,959,1627,2583,7049,426,763,8077,1087
1753329136794242914,0,959,1624,2581,7049,366,763,8077,1085
1753329136796208669,0,959,1622,2580,7049,301,763,8077,1084
1753329136798200321,0,959,1619,2578,7049,359,763,8077,1082
1753329136800247001,0,959,1617,2576,7049,389,763,8077,1080
1753329136802218715,0,959,1614,2575,7049,360,763,8078,1079
1753329136804248607,0,959,1612,2574,7049,359,763,8078,1078
1753329136806216585,0,959,1609,2572,7049,358,763,8078,1076
1753329136808233083,0,959,1607,2570,7049,312,763,8078,1074
1753329136810209934,0,959,1604,2568,7049,353,763,8079,1072
1753329136812235537,0,959,1602,2567,7049,366,763,8079,1072
1753329136814197374,0,959,1599,2566,7049,351,763,8079,1071
1753329136816187135,0,959,1596,2564,7049,350,763,8079,1069
1753329136818190302,0,959,1593,2562,7049,349,763,8080,1067
1753329136820179624,0,959,1590,2561,7049,348,763,8080,1066
1753329136822193407,0,959,1587,2559,7049,347,763,8080,1064
1753329136824200250,0,959,1585,2557,7049,346,763,8080,1062
1753329136826188157,0,959,1583,2556,7049,345,763,8081,1061
1753329136828194155,0,959,1580,2555,7049,329,763,8081,1060
1753329136830188087,0,959,1577,2553,7049,342,763,8081,1058
1753329136832233218,0,959,1574,2551,7049,336,763,8082,1056
1753329136834216015,0,959,1572,2549,7049,339,763,8082,1054
1753329136836247960,0,959,1569,2548,7049,343,763,8082,1053
1753329136838200371,0,959,-127,2907,7049,337,763,8082,1051
1753329136840253655,0,959,-128,2579,7049,334,763,8083,1050
1753329136842224551,0,959,-129,2578,7049,335,763,8083,1048
1753329136844215232,0,959,-130,2576,7049,351,763,8083,1046
1753329136846253255,0,959,-131,2575,7049,335,763,8083,1046
1753329136848223820,0,959,-132,2573,7049,318,763,8083,1044
1753329136850223879,0,959,-133,2571,7049,331,763,8083,1043
1753329136852234590,0,959,-134,2570,7049,327,763,8083,1041
1753329136854220439,0,959,-135,2568,7049,329,763,8084,1040
1753329136856230681,0,959,-137,2567,7049,329,763,8084,1038
1753329136858220929,0,959,-138,2565,7049,327,763,8084,1036
1753329136860218709,0,959,-139,2564,7049,326,763,8085,1034
1753329136862223233,0,959,-140,2563,7049,326,763,8085,1033
1753329136864229801,0,959,-142,2562,7049,323,763,8085,1032
1753329136866235443,0,959,-143,2561,7049,322,763,8085,1030
1753329136868309936,0,959,-144,2560,7049,321,763,8086,1029
1753329136870281208,0,959,-145,2561,7049,320,763,8086,1027
1753329136872269886,0,959,-147,2560,7049,318,763,8086,1025
1753329136874264531,0,959,-148,2560,7049,362,763,8086,1025
1753329136876268259,0,959,-149,2560,7049,319,763,8087,1023
1753329136878212584,0,959,-149,2560,7049,274,763,8087,1023
1753329136880286833,0,959,-151,2560,7049,314,763,8087,1020
1753329136882237884,0,959,-152,2560,7049,313,763,8087,1019
1753329136884259406,0,959,-153,2560,7049,312,763,8087,1018
1753329136886217853,0,959,-154,2560,7049,226,763,8088,1016
1753329136888382888,0,959,-155,2560,7049,304,763,8088,1015
1753329136890333259,0,959,-156,2560,7049,386,763,8088,1013
1753329136892263813,0,959,-157,2561,7049,308,763,8088,1012
1753329136894248118,0,959,-158,2561,7049,304,763,8088,1011
1753329136896384045,0,959,-159,2561,7049,306,763,8088,1009
1753329136898248758,0,959,-160,2561,7049,303,763,8089,1008
1753329136900237683,0,959,-161,2561,7049,304,763,8089,1007
1753329136902230525,0,959,-162,2561,7049,306,763,8089,1006
1753329136904207941,0,959,-163,2562,7049,302,763,8090,1004
1753329136906235483,0,959,-164,2562,7049,303,763,8090,1002
1753329136908247113,0,959,-165,2562,7049,300,763,8090,1001
1753329136910254108,0,959,-167,2563,7049,297,763,8090,1000
1753329136912327668,0,959,-168,2563,7049,297,763,8091,999
1753329136914284644,0,959,-169,2563,7049,298,763,8091,998
1753329136916282511,0,959,-170,2563,7049,296,763,8091,996
1753329136918287380,0,959,-172,2563,7049,295,763,8091,995
1753329136920287450,0,959,-172,2563,7049,294,763,8091,993
1753329136922295107,0,959,-173,2563,7049,289,763,8091,992
1753329136924303330,0,959,-175,2563,7049,291,763,8092,991
1753329136926415398,0,959,-175,2563,7049,292,763,8092,989
1753329136928368681,0,959,-176,2563,7049,290,763,8092,987
1753329136930401710,0,959,-177,2564,7049,291,763,8092,986
1753329136932299315,0,959,-178,2564,7049,288,763,8092,984
1753329136934310224,0,959,-179,2564,7049,287,763,8092,983
1753329136936239524,0,959,-180,2565,7049,286,763,8093,981
1753329136938272617,0,959,-181,2565,7049,176,763,8093,980
1753329136940304452,0,959,-183,2565,7049,275,763,8093,979
1753329136942259897,0,959,-183,2566,7049,267,763,8093,717
1753329136944277056,0,959,-184,2566,7049,274,763,8094,957
1753329136946230933,0,959,-185,2566,7049,435,763,8094,1217
1753329136948294340,0,959,-186,2566,7049,284,763,8094,973
1753329136950318880,0,959,-187,2566,7049,283,763,8094,972
1753329136952339874,0,959,-188,2566,7049,252,763,8095,972
1753329136954313608,0,959,-189,2566,7049,279,763,8095,971
1753329136956247227,0,959,-190,2566,7049,308,763,8095,970
1753329136958223533,0,959,-191,2567,7049,279,763,8096,968
1753329136960229349,0,959,-193,2567,7049,359,763,8096,966
1753329136962282404,0,959,-194,2567,7049,282,763,8096,965
1753329136964313174,0,959,-195,2567,7049,233,763,8096,963
1753329136966323578,0,959,-196,2567,7049,277,763,8096,962
1753329136968334063,0,959,-198,2568,7049,323,763,8097,961
1753329136970289894,0,959,-199,2569,7049,277,763,8097,959
1753329136972207410,0,959,-200,2569,7049,228,763,8097,958
1753329136974289563,0,959,-201,2569,7049,272,763,8098,957
1753329136976207248,0,959,-202,2570,7049,271,763,8098,956
1753329136978234533,0,959,-203,2570,7049,270,763,8098,954
1753329136980178315,0,959,-204,2570,7049,318,763,8098,953
1753329136982191484,0,959,-204,2570,7049,273,763,8098,951
1753329136984192754,0,959,-205,2570,7049,272,763,8098,951
1753329136986184827,0,959,-205,2571,7049,272,763,8098,950
1753329136988187380,0,959,-206,2571,7049,223,763,8099,948
1753329136990196738,0,959,-207,2571,7049,267,763,8099,947
1753329136992192887,0,959,-207,2572,7049,188,763,8099,946
1753329136994226851,0,959,-207,2572,7049,261,763,8099,944
1753329136996217478,0,959,-208,2572,7049,511,763,8100,943
1753329136998197220,0,959,-208,2572,7049,279,763,8100,942
1753329137000223058,0,959,-209,2573,7049,72,763,8100,940
1753329137002238260,0,959,-209,2573,7049,263,763,8101,939
1753329137004247786,0,959,-210,2574,7049,262,763,8101,937
1753329137006230164,0,959,-210,2574,7049,262,763,8101,936
1753329137008198832,0,959,-211,2575,7049,261,763,8101,935
1753329137010242422,0,959,-211,2575,7049,261,763,8101,933
1753329137012281976,0,959,-211,2575,7049,525,763,8101,831
1753329137014261951,0,959,-212,2575,7049,280,763,8101,923
1753329137016275636,0,959,-213,2576,7049,48,763,8102,1024
1753329137018253755,0,959,-213,2576,7049,262,763,8102,928
1753329137020286726,0,959,-213,2576,7049,228,763,8102,927
1753329137022246969,0,959,-214,2576,7049,258,763,8102,926
1753329137024281539,0,959,-214,2577,7049,228,763,8103,925
1753329137026250377,0,959,-215,2577,7049,255,763,8103,924
1753329137028276110,0,959,-216,2577,7049,254,763,8103,923
1753329137030270718,0,959,-216,2578,7049,254,763,8103,921
1753329137032270140,0,959,-216,2578,7049,254,763,8104,919
1753329137034247376,0,959,-217,2578,7049,76,763,8104,495
1753329137036297217,0,959,-217,2579,7049,240,763,8104,885
1753329137038241826,0,959,-218,2580,7049,447,763,8104,1308
1753329137040303355,0,959,-218,2580,7049,255,763,8104,914
1753329137042267705,0,959,-219,2580,7049,254,763,8105,913
1753329137044270560,0,959,-219,2580,7049,254,763,8105,911
1753329137046245481,0,959,-220,2581,7049,223,763,8105,910
1753329137048277274,0,959,-221,2582,7049,250,763,8106,909
1753329137050314396,0,959,-221,2582,7049,250,763,8106,907
1753329137052251341,0,959,-222,2582,7049,249,763,8106,906
1753329137054236295,0,959,-223,2582,7049,278,763,8106,904
1753329137056384205,0,959,-223,2583,7049,250,763,8106,903
1753329137058272312,0,959,-224,2583,7049,249,763,8106,902
1753329137060329429,0,959,-225,2583,7049,248,763,8107,901
1753329137062311268,0,959,-226,2584,7049,217,763,8107,899
1753329137064317584,0,959,-227,2584,7049,244,763,8107,899
1753329137066340844,0,959,-227,2585,7049,308,763,8107,897
1753329137068379085,0,959,-228,2585,7049,248,763,8107,896
1753329137070262188,0,959,-229,2586,7049,213,763,8108,895
1753329137072349988,0,959,-230,2587,7049,244,763,8108,893
1753329137074283230,0,959,-230,2587,7049,277,763,8109,892
1753329137076260066,0,959,-231,2588,7049,245,763,8109,891
1753329137078273495,0,959,-232,2588,7049,211,763,8109,889
1753329137080263099,0,959,-232,2589,7049,242,763,8109,888
1753329137082292679,0,959,-233,2589,7049,241,763,8109,887
1753329137084326182,0,959,-233,2589,7049,241,763,8110,885
1753329137086222345,0,959,-234,2590,7049,195,763,8110,884
1753329137088225244,0,959,-235,2590,7049,236,763,8110,882
1753329137090202149,0,959,-235,2591,7049,281,763,8110,881
1753329137092201857,0,959,-236,2592,7049,238,763,8110,880
1753329137094237577,0,959,-236,2592,7049,351,763,8111,879
1753329137096256649,0,959,-237,2592,7049,246,763,8111,878
1753329137098300565,0,959,-237,2593,7049,167,763,8111,877
1753329137100245010,0,959,-238,2594,7049,239,763,8111,876
1753329137102279032,0,959,-238,2594,7049,288,763,8111,875
1753329137104249943,0,959,-239,2595,7049,242,763,8112,874
1753329137106260880,0,959,-240,2596,7049,253,763,8112,872
1753329137108236399,0,959,-240,2596,7049,242,763,8112,871
1753329137110233924,0,959,-240,2039,7049,-328,763,8113,870
1753329137112255489,0,959,-241,2556,7049,198,763,8113,869
1753329137114239565,0,959,-242,3114,7049,707,763,8113,868
1753329137116234251,0,959,-242,2598,7049,235,763,8113,866
1753329137118241372,0,959,-243,2599,7049,234,763,8113,865
1753329137120222158,0,959,-243,2600,7049,171,763,8113,864
1753329137122246513,0,959,-243,2600,7049,230,763,8113,862
1753329137124235538,0,959,-244,2600,7049,213,763,8114,861
1753329137126225676,0,959,-244,2601,7049,228,763,8114,860
1753329137128251234,0,959,-244,2601,7049,307,763,8114,859
1753329137130322539,0,959,-244,2602,7049,234,763,8115,858
1753329137132286598,0,959,-244,2602,7049,200,763,8115,858
1753329137134283960,0,959,-245,2602,7049,230,763,8115,856
1753329137136278197,0,959,-245,2602,7049,230,763,8115,855
1753329137138258699,0,959,-245,2603,7049,230,763,8115,854
1753329137140243836,0,959,-246,2354,7049,62,763,8115,853
1753329137142245902,0,959,-246,2586,7049,217,763,8116,852
1753329137144261934,0,959,-246,2519,7049,38,763,8116,851
1753329137146249338,0,959,-246,2581,7049,204,763,8116,850
1753329137148308450,0,959,-247,2237,7049,-27,763,8116,848
1753329137150327231,0,959,-247,2555,7049,185,763,8116,847
1753329137152273386,0,959,-248,2556,7049,184,763,8117,846
1753329137154284713,0,959,-249,2555,7049,183,763,8117,845
1753329137156295763,0,959,-249,2133,7049,-238,763,8117,844
1753329137158337664,0,959,-250,2524,7049,150,763,8118,843
1753329137160334593,0,959,-251,2356,7049,12,763,8118,842
1753329137162226397,0,959,-252,2510,7049,137,763,8118,840
1753329137164259332,0,959,-253,3405,7049,1000,763,8118,840
1753329137166217617,0,959,-254,2576,7049,199,763,8119,839
1753329137168261168,0,959,-255,1355,7049,-1010,763,8119,838
1753329137170281121,0,959,-257,2485,7049,106,763,8119,837
1753329137172259432,0,959,-258,2332,7049,-46,763,8119,835
1753329137174280393,0,959,-260,2472,7049,90,763,8120,834
1753329137176249079,0,959,-262,2294,7049,-87,763,8120,833
1753329137178233510,0,959,-264,2455,7049,72,763,8120,832
1753329137180225541,0,959,-267,2404,7049,20,763,8120,831
1753329137182213369,0,959,-269,2447,7049,62,763,8120,829
1753329137184201909,0,959,-272,2309,7049,-89,763,8120,828
1753329137186208838,0,959,-276,2432,7049,43,763,8121,827
1753329137188215006,0,959,-279,2473,7049,2,763,8121,826
1753329137190218495,0,959,-283,2429,7049,32,763,8121,825
1753329137192214078,0,959,-287,2380,7049,77,763,8121,824
1753329137194206761,0,959,-290,2417,7049,27,763,8122,822
1753329137196245932,0,959,-294,2498,7049,107,763,8122,821
1753329137198269627,0,959,-299,2415,7049,23,763,8122,821
1753329137200272835,0,959,-304,2410,7049,35,763,8122,820
1753329137202219024,0,959,-310,2405,7049,12,763,8123,819
1753329137204271950,0,959,-315,2399,7049,6,763,8123,818
1753329137206197277,0,959,-320,2483,7049,91,763,8123,817
1753329137208275325,0,959,-326,2394,7049,1,763,8123,816
1753329137210216451,0,959,-333,3574,7049,1262,763,8123,815
1753329137212364479,0,959,-339,2470,7049,81,763,8124,813
1753329137214236354,0,959,-344,1449,7049,-937,763,8124,812
1753329137216224026,0,959,-350,2382,7049,-5,763,8124,811
1753329137218206683,0,959,-356,2563,7049,205,763,8124,810
1753329137220245503,0,959,-364,2382,7049,-3,763,8125,809
1753329137222236692,0,959,-370,2437,7049,98,763,8125,808
1753329137224462391,0,959,-377,2373,7049,-9,763,8125,806
1753329137226413956,0,959,-383,2494,7049,111,763,8125,805
1753329137228486952,0,959,-390,2368,7049,-13,763,8126,804
1753329137230313377,0,959,-397,2567,7049,236,763,8126,803
1753329137232227974,0,959,-404,2370,7049,-9,763,8126,803
1753329137234228944,0,959,-410,2446,7049,-412,763,8126,802
1753329137236234467,0,959,-417,2362,7049,-52,763,8126,801
1753329137238229557,0,959,-423,2511,7049,615,763,8126,800
1753329137240252501,0,959,-430,2360,7049,-15,763,8127,798
1753329137242232008,0,959,-437,2405,7049,28,763,8127,798
1753329137244254243,0,959,-443,2352,7049,-25,763,8127,796
1753329137246260235,0,959,-449,2398,7049,82,763,8127,795
1753329137248293608,0,959,-454,2343,7049,-28,763,8127,794
1753329137250264443,0,959,-460,2593,7049,184,763,8127,793
1753329137252303677,0,959,-465,2351,7049,-22,763,8127,792
1753329137254258546,0,959,-470,2461,7049,88,763,8127,791
1753329137256279604,0,959,-475,2348,7049,-24,763,8127,790
1753329137258261699,0,959,-480,2432,7049,97,763,8128,789
1753329137260251057,0,959,-483,2345,7049,-22,763,8128,788
1753329137262255609,0,959,-487,2296,7049,-45,763,8128,786
1753329137264224543,0,959,-491,2331,7049,-31,763,8128,786
1753329137266213232,0,959,-494,2451,7049,66,763,8128,785
1753329137268225979,0,959,-498,2331,7049,-31,763,8129,783
1753329137270312430,0,959,-501,2407,7049,-2,763,8129,783
1753329137272311255,0,959,-504,2329,7049,-34,763,8129,781
1753329137274284928,0,959,-507,2269,7049,-85,763,8129,780
1753329137276294477,0,959,-508,2318,7049,-41,763,8130,779
1753329137278249686,0,959,-511,2372,7049,-49,763,8130,778
1753329137280230579,0,959,-513,2316,7049,-47,763,8130,777
1753329137282217850,0,959,-515,2277,7049,-56,763,8130,764
1753329137284236185,0,959,-517,2308,7049,-51,763,8130,774
1753329137286222184,0,959,-519,2404,7049,-10,763,8131,762
1753329137288249660,0,959,-520,2310,7049,-51,763,8131,771
1753329137290235356,0,959,-521,2308,7049,-51,763,8131,771
1753329137292233890,0,959,-522,2184,7049,-145,763,8131,793
1753329137294242951,0,959,-523,2294,7049,-60,763,8132,770
1753329137296246451,0,959,-524,2226,7049,-178,763,8132,714
1753329137298224273,0,959,-525,2285,7049,-71,763,8132,764
1753329137300220280,0,959,-527,2283,7049,-73,763,8132,795
1753329137302247793,0,959,-528,2281,7049,-74,763,8132,765
1753329137304253251,0,959,-529,2241,7049,-121,763,8132,787
1753329137306239738,0,959,-530,2274,7049,-79,763,8133,765
1753329137308243057,0,959,-531,2183,7049,-169,763,8133,696
1753329137310310006,0,959,-532,2263,7049,-88,763,8133,758
1753329137312252173,0,959,-533,2169,7049,-180,763,8133,757
1753329137314277712,0,959,-534,2252,7049,-97,763,8134,756
1753329137316297713,0,959,-535,2225,7049,-416,763,8134,767
1753329137318329128,0,959,-537,2247,7049,-123,763,8134,754
1753329137320263399,0,959,-538,2268,7049,193,763,8134,685
1753329137322285710,0,959,-539,2244,7049,-102,763,8134,747
1753329137324267669,0,959,-541,2048,7049,-289,763,8135,747
1753329137326298662,0,959,-543,2226,7049,-120,763,8135,745
1753329137328253149,0,959,-544,2465,7049,120,763,8135,812
1753329137330228523,0,959,-546,2238,7049,-105,763,8135,748
1753329137332250195,0,959,-548,2695,7049,402,763,8136,780
1753329137334230610,0,959,-550,2268,7049,-71,763,8136,749
1753329137336243207,0,959,-552,1396,7049,-901,763,8136,759
1753329137338241231,0,959,-554,2197,7049,-136,763,8136,747
1753329137340275246,0,959,-556,2171,7049,-162,763,8137,735
1753329137342251583,0,959,-558,2190,7049,-143,763,8137,745
1753329137344226225,0,959,-561,1950,7049,-361,763,8137,744
1753329137346228095,0,959,-563,2167,7049,-164,763,8137,743
1753329137348231707,0,959,-566,2352,7049,20,763,8137,741
1753329137350212109,0,959,-568,2174,7049,-155,763,8137,740
1753329137352224323,0,959,-571,2148,7049,-143,763,8137,739
1753329137354277492,0,959,-574,2166,7049,-160,763,8137,739
1753329137356290233,0,959,-577,2132,7049,-170,763,8137,737
1753329137358291112,0,959,-579,2157,7049,-166,763,8138,736
1753329137360266005,0,959,-582,2154,7049,-169,763,8138,703
1753329137362207327,0,959,-585,2150,7049,-173,763,8138,732
1753329137364255539,0,959,-588,2215,7049,13,763,8138,787
1753329137366230624,0,959,-591,2149,7049,-165,763,8138,735
1753329137368256523,0,959,-594,2177,7049,-163,763,8139,711
1753329137370233566,0,959,-597,2144,7049,-170,763,8139,731
1753329137372286804,0,959,-600,2163,7049,-104,763,8139,730
1753329137374271919,0,959,-604,2137,7049,-172,763,8139,729
1753329137376207990,0,959,-607,2133,7049,-175,763,8139,728
1753329137378208371,0,959,-610,2257,7049,-50,763,8140,683
1753329137380238982,0,959,-613,2134,7049,-172,763,8140,723
1753329137382234167,0,959,-616,2169,7049,-111,763,8140,735
1753329137384264982,0,959,-619,2128,7049,-173,763,8140,722
1753329137386221101,0,959,-622,2294,7049,8,763,8141,776
1753329137388267755,0,959,-625,2133,7049,-165,763,8141,724
1753329137390375490,0,959,-629,2152,7049,-101,763,8141,655
1753329137392289374,0,959,-631,2125,7049,-166,763,8141,718
1753329137394297235,0,959,-634,2169,7049,-121,763,8142,717
1753329137396270756,0,959,-637,2120,7049,-168,763,8142,716
1753329137398282730,0,959,-639,2205,7049,-71,763,8142,681
1753329137400316827,0,959,-641,2119,7049,-165,763,8142,711
1753329137402277320,0,959,-643,2115,7049,-122,763,8142,688
1753329137404265052,0,959,-646,2111,7049,-166,763,8142,708
1753329137406254494,0,959,-647,2232,7049,-55,763,8143,707
1753329137408292406,0,959,-649,2112,7049,-160,763,8143,706
1753329137410266576,0,959,-651,2152,7049,-98,763,8143,705
1753329137412288649,0,959,-652,2108,7049,-158,763,8143,704
1753329137414269480,0,959,-654,2083,7049,-189,763,8143,702
1753329137416291641,0,959,-655,2099,7049,-163,763,8144,701
1753329137418274523,0,959,-655,2217,7049,-35,763,8144,669
1753329137420280348,0,959,-656,2102,7049,-154,763,8144,696
1753329137422263541,0,959,-656,2229,7049,-32,763,8144,726
1753329137424262088,0,959,-656,2107,7049,-144,763,8145,698
1753329137426267630,0,959,-656,2077,7049,-214,763,8145,696
1753329137428287220,0,959,-656,2100,7049,-149,763,8145,695
1753329137430251663,0,959,-656,2065,7049,-236,763,8145,663
1753329137432311615,0,959,-655,2093,7049,-154,763,8146,690
1753329137434271622,0,959,-655,2090,7049,-174,763,8146,688
1753329137436333450,0,959,-654,2088,7049,-154,763,8146,686
1753329137438248606,0,959,-653,2086,7049,-189,763,8146,685
1753329137440306490,0,959,-652,2084,7049,-154,763,8146,684
1753329137442243273,0,959,-652,2114,7049,-176,763,8146,651
1753329137444234595,0,959,-651,2081,7049,-154,763,8146,680
1753329137446229852,0,959,-650,2046,7049,-251,763,8146,710
1753329137448217030,0,959,-650,2075,7049,-160,763,8146,679
1753329137450240474,0,959,-649,2073,7049,-183,763,8147,730
1753329137452254574,0,959,-648,2071,7049,-159,763,8147,680
1753329137454189764,0,959,-648,2128,7049,-159,763,8147,679
1753329137456208167,0,959,-648,2071,7049,-159,763,8147,677
1753329137458240221,0,959,-648,2069,7049,-159,763,8148,676
1753329137460203321,0,959,-648,2006,7049,-231,763,8148,709
1753329137462197241,0,959,-649,2060,7049,-165,763,8148,676
1753329137464195378,0,959,-649,1927,7049,-296,763,8148,720
1753329137466224523,0,959,-649,2047,7049,-174,763,8148,676
1753329137468193635,0,959,-650,2210,7049,-10,763,8149,687
1753329137470196975,0,959,-650,2055,7049,-163,763,8149,675
1753329137472187230,0,959,-651,2081,7049,-193,763,8149,516
1753329137474190196,0,959,-651,2054,7049,-166,763,8150,661
1753329137476183908,0,959,-652,2025,7049,-124,763,8150,829
1753329137478182962,0,959,-653,2049,7049,-164,763,8150,671
1753329137480180931,0,959,-654,2047,7049,-105,763,8150,669
1753329137482188090,0,959,-654,2046,7049,-160,763,8151,669
1753329137484190705,0,959,-655,1942,7049,-146,763,8151,668
1753329137486250841,0,959,-655,2036,7049,-160,763,8151,667
1753329137488183647,0,959,-656,2102,7049,-153,763,8151,512
1753329137490199123,0,959,-656,2038,7049,-160,763,8151,653
1753329137492163549,0,959,-656,2096,7049,-117,763,8152,806
1753329137494163790,0,959,-656,2039,7049,-156,763,8152,664
1753329137496169025,0,959,-656,2037,7049,-170,763,8152,663
1753329137498197279,0,959,-656,2037,7049,-157,763,8152,662
1753329137500190582,0,959,-656,2036,7049,-156,763,8152,661
1753329137502202925,0,959,-655,2033,7049,-155,763,8153,660
1753329137504212643,0,959,-655,2032,7049,-141,763,8153,659
1753329137506207413,0,959,-654,2031,7049,-153,763,8153,658
1753329137508184689,0,959,-654,2031,7049,-238,763,8153,658
1753329137510201685,0,959,-653,2030,7049,-158,763,8154,657
1753329137512209237,0,959,-653,2028,7049,-158,763,8154,656
1753329137514204471,0,959,-652,2027,7049,-156,763,8154,655
1753329137516224748,0,959,-652,2026,7049,-181,763,8155,654
1753329137518217816,0,959,-651,2024,7049,-157,763,8155,654
1753329137520184684,0,959,-651,2023,7049,-157,763,8155,654
1753329137522255443,0,959,-650,2022,7049,-155,763,8155,653
1753329137524208399,0,959,-650,2020,7049,-184,763,8155,652
1753329137526196675,0,959,-649,2020,7049,-156,763,8155,652
1753329137528205565,0,959,-649,2018,7049,-216,763,8155,651
1753329137530195882,0,959,-648,2016,7049,-159,763,8155,650
1753329137532265838,0,959,-648,2016,7049,-217,763,8155,649
1753329137534226368,0,959,-647,2014,7049,-162,763,8155,648
1753329137536206563,0,959,-647,2013,7049,-104,763,8156,647
1753329137538206459,0,959,-647,2012,7049,-158,763,8156,646
1753329137540196589,0,959,-646,2011,7049,-157,763,8156,646
1753329137542209400,0,959,-646,2009,7049,-156,763,8156,645
1753329137544241366,0,959,-646,2008,7049,-156,763,8156,644
1753329137546278658,0,959,-646,2007,7049,-194,763,8157,643
1753329137548257459,0,959,-645,2006,7049,-158,763,8157,642
1753329137550245442,0,959,-646,2005,7049,-112,763,8157,642
1753329137552250198,0,959,-646,2003,7049,-155,763,8157,641
1753329137554223052,0,959,-646,2002,7049,-132,763,8157,641
1753329137556230094,0,959,-646,2001,7049,-153,763,8157,641
1753329137558233576,0,959,-646,2000,7049,-176,763,8158,640
1753329137560208795,0,959,-646,1999,7049,-154,763,8158,639
1753329137562194493,0,959,-646,1998,7049,-154,763,8158,638
1753329137564222611,0,959,-646,1998,7049,-154,763,8159,638
1753329137566191735,0,959,-646,1996,7049,-62,763,8159,637
1753329137568233012,0,959,-646,1995,7049,-147,763,8159,636
1753329137570188681,0,959,-646,1994,7049,-159,763,8159,636
1753329137572202294,0,959,-645,1993,7049,-146,763,8159,635
1753329137574194492,0,959,-645,1992,7049,-146,763,8159,634
1753329137576202823,0,959,-645,1991,7049,-146,763,8160,633
1753329137578179225,0,959,-645,1989,7049,-146,763,8160,633
1753329137580228208,0,959,-645,1988,7049,-146,763,8160,632
1753329137582188465,0,959,-645,1987,7049,-35,763,8160,632
1753329137584252785,0,959,-645,1986,7049,-137,763,8161,631
1753329137586235240,0,959,-645,1985,7049,-275,763,8161,630
1753329137588167267,0,959,-645,1984,7049,-147,763,8161,631
1753329137590193541,0,959,-644,1982,7049,-117,763,8161,630
1753329137592182668,0,959,-644,1980,7049,-143,763,8161,629
1753329137594291384,0,959,-644,1980,7049,-172,763,8161,629
1753329137596222214,0,959,-644,1979,7049,-145,763,8162,628
1753329137598155768,0,959,-644,1979,7049,-145,763,8162,627
1753329137600173898,0,959,-643,1976,7049,-144,763,8163,627
1753329137602151481,0,959,-643,1976,7049,-204,763,8163,559
1753329137604165046,0,959,-642,1975,7049,-147,763,8163,620
1753329137606204646,0,959,-642,1975,7049,-114,763,8163,688
1753329137608236692,0,959,-641,1974,7049,-143,763,8163,625
1753329137610191987,0,959,-640,1972,7049,-593,763,8163,624
1753329137612175839,0,959,-640,1971,7049,-176,763,8163,624
1753329137614206933,0,959,-639,1970,7049,194,763,8164,622
1753329137616194592,0,959,-638,1968,7049,-146,763,8164,622
1753329137618197666,0,959,-638,1968,7049,-146,763,8164,622
1753329137620249215,0,959,-638,1967,7049,-146,763,8164,621
1753329137622230094,0,959,-637,1966,7049,-155,763,8164,622
1753329137624220220,0,959,-637,1965,7049,-145,763,8164,621
1753329137626256513,0,959,-637,1964,7049,-145,763,8164,621
1753329137628250738,0,959,-637,1963,7049,-145,763,8164,620
1753329137630293592,0,959,-637,1961,7049,-145,763,8164,620
1753329137632262922,0,959,-636,1961,7049,-123,763,8164,619
1753329137634343542,0,959,-636,1960,7049,-142,763,8165,619
1753329137636224652,0,959,-636,1959,7049,-152,763,8165,618
1753329137638270758,0,959,-636,1958,7049,-142,763,8165,618
1753329137640242337,0,959,-636,1957,7049,-142,763,8165,617
1753329137642254398,0,959,-636,1956,7049,-142,763,8165,617
1753329137644221466,0,959,-636,1954,7049,-512,763,8166,616
1753329137646222716,0,959,-636,1953,7049,-170,763,8166,616
1753329137648268338,0,959,-636,1953,7049,210,763,8166,615
1753329137650314322,0,959,-636,1951,7049,-141,763,8166,615
1753329137652277909,0,959,-636,1950,7049,-94,763,8167,614
1753329137654297757,0,959,-635,1948,7049,-136,763,8167,613
1753329137656235610,0,959,-635,1947,7049,-145,763,8167,614
1753329137658298167,0,959,-635,1946,7049,-137,763,8167,613
1753329137660284900,0,959,-635,1946,7049,-137,763,8167,613
1753329137662303809,0,959,-635,1944,7049,-136,763,8168,612
1753329137664240793,0,959,-635,1943,7049,-127,763,8168,612
1753329137666252966,0,959,-634,1941,7049,-134,763,8168,611
1753329137668237708,0,959,-634,1941,7049,-111,763,8168,611
1753329137670236820,0,959,-634,1940,7049,-132,763,8168,610
1753329137672221244,0,959,-634,1938,7049,-132,763,8169,610
1753329137674242806,0,959,-633,1937,7049,-131,763,8169,609
1753329137676219998,0,959,-633,1936,7049,-131,763,8169,609
1753329137678298262,0,959,-633,1935,7049,-131,763,8169,609
1753329137680210406,0,959,-632,1934,7049,-153,763,8169,608
1753329137682219898,0,959,-631,1933,7049,-130,763,8170,608
1753329137684215151,0,959,-631,1932,7049,-139,763,8170,607
1753329137686192772,0,959,-631,1931,7049,-130,763,8170,607
1753329137688200152,0,959,-630,1930,7049,-167,763,8170,607
1753329137690212553,0,959,-630,1929,7049,-132,763,8170,607
1753329137692229805,0,959,-629,1928,7049,-131,763,8170,607
1753329137694212199,0,959,-628,1927,7049,-130,763,8170,606
1753329137696181056,0,959,-628,1926,7049,-140,763,8171,606
1753329137698177781,0,959,-627,1926,7049,-129,763,8171,605
1753329137700158199,0,959,-627,1925,7049,-139,763,8171,605
1753329137702160337,0,959,-626,1924,7049,-129,763,8171,604
1753329137704205693,0,959,-626,1923,7049,-108,763,8172,604
1753329137706137022,0,959,-626,1922,7049,-127,763,8172,603
1753329137708144095,0,959,-626,1921,7049,-147,763,8172,603
1753329137710147795,0,959,-626,1920,7049,-128,763,8172,603
1753329137712146898,0,959,-626,1919,7049,-137,763,8172,602
1753329137714160339,0,959,-626,1918,7049,-129,763,8173,602
1753329137716225192,0,959,-626,1917,7049,-128,763,8173,602
1753329137718229439,0,959,-626,1916,7049,-119,763,8173,601
1753329137720314592,0,959,-625,1915,7049,-126,763,8173,601
1753329137722235374,0,959,-625,1914,7049,-116,763,8173,601
1753329137724252134,0,959,-625,1912,7049,-125,763,8173,601
1753329137726243659,0,959,-624,1912,7049,-114,763,8173,600
1753329137728251626,0,959,-624,1911,7049,-123,763,8173,600
1753329137730278451,0,959,-624,1910,7049,-134,763,8173,600
1753329137732385321,0,959,-623,1910,7049,-123,763,8174,599
1753329137734291604,0,959,-623,1909,7049,-75,763,8174,599
1753329137736286504,0,959,-622,1908,7049,-118,763,8174,598
1753329137738265397,0,959,-622,1907,7049,-118,763,8174,598
1753329137740267293,0,959,-621,1907,7049,-117,763,8175,598
1753329137742262077,0,959,-621,1905,7049,-117,763,8175,598
1753329137744286324,0,959,-620,1904,7049,-115,763,8175,597
1753329137746281805,0,959,-619,1903,7049,-162,763,8176,597
1753329137748266782,0,959,-618,1902,7049,-117,763,8176,596
1753329137750233015,0,959,-617,1901,7049,-126,763,8176,596
1753329137752209592,0,959,-617,1901,7049,-116,763,8176,596
1753329137754189505,0,959,-616,1899,7049,-115,763,8176,595
1753329137756231213,0,959,-615,1899,7049,-114,763,8176,596
1753329137758206097,0,959,-615,1898,7049,-114,763,8177,596
1753329137760217622,0,959,-614,1897,7049,-113,763,8177,596
1753329137762218435,0,959,-613,1896,7049,-101,763,8177,595
1753329137764202587,0,959,-613,1896,7049,-111,763,8177,595
1753329137766204377,0,959,-612,1895,7049,-129,763,8177,595
1753329137768271923,0,959,-611,1894,7049,-110,763,8178,594
1753329137770223931,0,959,-611,1894,7049,-101,763,8178,594
1753329137772214121,0,959,-610,1893,7049,-108,763,8178,594
1753329137774205041,0,959,-609,1892,7049,-97,763,8178,593
1753329137776187398,0,959,-609,1891,7049,-106,763,8178,593
1753329137778201562,0,959,-608,1890,7049,-115,763,8179,593
1753329137780194365,0,959,-607,1889,7049,-104,763,8179,592
1753329137782201866,0,959,-607,1888,7049,-14,763,8179,592
1753329137784254412,0,959,-606,1887,7049,-96,763,8179,592
1753329137786209251,0,959,-605,1887,7049,-358,763,8180,591
1753329137788258453,0,959,-605,1886,7049,-115,763,8180,592
1753329137790274756,0,959,-604,1885,7049,78,763,8180,592
1753329137792259317,0,959,-603,1884,7049,-98,763,8180,592
1753329137794240998,0,959,-602,1883,7049,-107,763,8180,591
1753329137796256297,0,959,-601,1882,7049,-97,763,8180,591
1753329137798214794,0,959,-600,1882,7049,-145,763,8181,591
1753329137800224173,0,959,-600,1881,7049,-99,763,8181,591
1753329137802214332,0,959,-598,1881,7049,-97,763,8181,591
1753329137804194445,0,959,-597,1880,7049,-57,763,8181,590
1753329137806228056,0,959,-596,1879,7049,-92,763,8181,590
1753329137808222289,0,959,-595,1878,7049,-99,763,8182,590
1753329137810230053,0,959,-594,1877,7049,-90,763,8182,590
1753329137812236748,0,959,-593,1876,7049,-119,763,8182,589
1753329137814301665,0,959,-593,1876,7049,-91,763,8182,589
1753329137816265458,0,959,-592,1875,7049,-41,763,8182,589
1753329137818235309,0,959,-591,1874,7049,-85,763,8182,589
1753329137820237555,0,959,-590,1873,7049,-103,763,8182,589
1753329137822316249,0,959,-589,1873,7049,-84,763,8182,589
1753329137824259497,0,959,-588,1872,7049,-83,763,8182,589
1753329137826302399,0,959,-588,1871,7049,-83,763,8182,589
1753329137828296839,0,959,-587,1870,7049,-73,763,8182,589
1753329137830297563,0,959,-586,1869,7049,-80,763,8182,589
1753329137832303621,0,959,-585,1869,7049,-88,763,8183,588
1753329137834348474,0,959,-584,1869,7049,-78,763,8183,588
1753329137836269286,0,959,-583,1868,7049,406,763,8183,588
1753329137838283446,0,959,-582,1867,7049,-40,763,8183,588
1753329137840264629,0,959,-581,1866,7049,-504,763,8184,588
1753329137842233328,0,959,-580,1865,7049,-72,763,8184,587
1753329137844239635,0,959,-579,1864,7049,-90,763,8184,587
1753329137846269052,0,959,-578,1864,7049,-71,763,8184,587
1753329137849100250,0,959,-577,1862,7049,-51,763,8184,587
1753329137850318978,0,959,-577,1862,7049,-69,763,8185,587
1753329137852247284,0,959,-575,1861,7049,-77,763,8185,587
1753329137854235546,0,959,-574,1860,7049,-66,763,8185,586
1753329137856249658,0,959,-573,1859,7049,-74,763,8185,587
1753329137858270892,0,959,-572,1859,7049,-65,763,8185,587
1753329137860251222,0,959,-571,1858,7049,-63,763,8185,587
1753329137862240104,0,959,-570,1857,7049,-62,763,8186,587
1753329137864268783,0,959,-569,1857,7049,-61,763,8186,586
1753329137866252528,0,959,-567,1856,7049,-59,763,8186,587
1753329137868305641,0,959,-566,1856,7049,-49,763,8186,586
1753329137870255801,0,959,-565,1855,7049,-56,763,8187,586
1753329137872311846,0,959,-564,1854,7049,-179,763,8187,586
1753329137874209275,0,959,-563,1854,7049,-63,763,8187,586
1753329137876244341,0,959,-562,1853,7049,52,763,8187,586
1753329137878257165,0,959,-561,1852,7049,-52,763,8188,586
1753329137880271128,0,959,-559,1851,7049,-80,763,8188,586
1753329137882239338,0,959,-558,1851,7049,-51,763,8188,586
1753329137884228025,0,959,-557,1850,7049,-50,763,8189,586
1753329137886212407,0,959,-556,1849,7049,-49,763,8188,586
1753329137888354465,0,959,-555,1848,7049,-48,763,8189,587
1753329137890262012,0,959,-553,1847,7049,2,763,8189,587
1753329137892215506,0,959,-553,1847,7049,-42,763,8189,587
1753329137894215638,0,959,-551,1846,7049,-59,763,8189,587
1753329137896234198,0,959,-550,1845,7049,-40,763,8190,587
1753329137898220349,0,959,-549,1846,7049,-123,763,8190,587
1753329137900254021,0,959,-547,1845,7049,-43,763,8190,587
1753329137902215374,0,959,-546,1844,7049,-121,763,8190,587
1753329137904231068,0,959,-545,1843,7049,-47,763,8190,587
1753329137906200439,0,959,-544,1843,7049,32,763,8190,587
1753329137908205352,0,959,-542,1842,7049,-38,763,8191,587
1753329137910213211,0,959,-541,1841,7049,-37,763,8191,587
1753329137912142349,0,959,-539,1841,7049,-35,763,8191,587
1753329137914163297,0,959,-538,1813,7049,-60,763,8191,587
1753329137916157825,0,959,-537,1837,7049,-34,763,8191,587
1753329137918164795,0,959,-535,1864,7049,-6,763,8191,587
1753329137920189405,0,959,-534,1838,7049,-29,763,8191,587
1753329137922159608,0,959,-533,1837,7049,64,763,8191,588
1753329137924173901,0,959,-532,1837,7049,-20,763,8191,588
1753329137926169539,0,959,-531,1836,7049,-112,763,8193,588
1753329137928193252,0,959,-530,1835,7049,-25,763,8193,588
1753329137930179088,0,959,-529,1835,7049,29,763,8193,589
1753329137932181996,0,959,-528,1835,7049,-19,763,8193,589
1753329137934167191,0,959,-527,1834,7049,-89,763,8193,589
1753329137936180701,0,959,-526,1833,7049,-22,763,8194,589
1753329137938189934,0,959,-525,1832,7049,-3,763,8194,589
1753329137940180444,0,959,-524,1832,7049,-18,763,8194,589
1753329137942160948,0,959,-523,1830,7049,66,763,8194,589
1753329137944184939,0,959,-521,1830,7049,-9,763,8194,589
1753329137946161055,0,959,-520,1829,7049,-122,763,8194,589
1753329137948181126,0,959,-520,1829,7049,-16,763,8194,589
1753329137950205622,0,959,-519,1828,7049,-2,763,8195,589
1753329137952184528,0,959,-517,1827,7049,-12,763,8195,590
1753329137954188116,0,959,-516,1827,7049,-11,763,8195,589
1753329137956212428,0,959,-514,1826,7049,-9,763,8195,591
1753329137958188378,0,959,-513,1825,7049,-8,763,8195,591
1753329137960215361,0,959,-511,1824,7049,-6,763,8195,591
1753329137962232228,0,959,-510,1824,7049,-17,763,8196,591
1753329137964222870,0,959,-508,1823,7049,-3,763,8196,591
1753329137966231154,0,959,-507,1823,7049,9,763,8196,591
1753329137968234114,0,959,-506,1823,7049,0,763,8196,591
1753329137970251191,0,959,-505,1822,7049,0,763,8196,591
1753329137972266541,0,959,-504,1822,7049,1,763,8197,591
1753329137974313216,0,959,-502,1821,7049,3,763,8197,591
1753329137976283353,0,959,-501,1821,7049,4,763,8197,591
1753329137978343080,0,959,-499,1820,7049,6,763,8197,591
1753329137980285108,0,959,-498,1819,7049,7,763,8197,592
1753329137982260051,0,959,-497,1819,7049,8,763,8197,592
1753329137984217973,0,959,-496,1818,7049,10,763,8198,592
1753329137986225967,0,959,-495,1818,7049,11,763,8198,592
1753329137988231360,0,959,-494,1817,7049,30,763,8198,593
1753329137990317176,0,959,-494,1816,7049,13,763,8198,593
1753329137992221908,0,959,-493,1816,7049,-64,763,8199,593
1753329137994360478,0,959,-491,1815,7049,10,763,8199,593
1753329137996235669,0,959,-490,1815,7049,73,763,8199,594
1753329137998257574,0,959,-489,1815,7049,17,763,8199,594
1753329138000254115,0,959,-488,1815,7049,18,763,8200,594
1753329138002284346,0,959,-486,1814,7049,20,763,8200,594
1753329138004220409,0,959,-485,1814,7049,9,763,8200,594
1753329138006250288,0,959,-484,1813,7049,22,763,8200,594
1753329138008194621,0,959,-483,1812,7049,35,763,8200,595
1753329138010247355,0,959,-482,1812,7049,25,763,8201,595
1753329138012233361,0,959,-481,1811,7049,-34,763,8201,595
1753329138014349552,0,959,-480,1811,7049,22,763,8201,595
1753329138016329297,0,959,-479,1810,7049,85,763,8201,596
