%time,field.layout.data_offset,field.data0,field.data1,field.data2,field.data3,field.data4,field.data5,field.data6,field.data7
1753067191418195016,0,0,0,0,0,0,0,0,0
1753067191419985170,0,1,0,0,0,0,0,0,0
1753067191421898288,0,0,0,0,0,0,0,0,0
1753067191423915083,0,1,0,0,0,0,0,0,0
1753067191425902208,0,1,1,0,0,0,0,0,0
1753067191427947536,0,0,0,0,0,0,0,0,1
1753067191429979596,0,1,0,0,0,0,0,0,1
1753067191431917945,0,1,0,0,0,0,0,0,1
1753067191433974180,0,0,0,1,0,0,0,0,1
1753067191435960703,0,1,0,0,0,0,0,0,1
1753067191437919801,0,1,0,0,0,0,0,0,1
1753067191439905261,0,1,0,0,0,0,0,0,1
1753067191441985945,0,1,0,0,0,1,0,0,1
1753067191443940449,0,1,0,0,0,0,0,0,0
1753067191445921234,0,1,0,0,0,0,0,0,1
1753067191447838911,0,0,-1,0,0,0,0,0,1
1753067191449866536,0,0,-1,0,0,0,0,0,1
1753067191451876087,0,1,-1,1,0,0,0,0,1
1753067191453847626,0,1,-1,0,0,0,0,0,1
1753067191455861019,0,1,-1,0,0,0,0,0,1
1753067191457865789,0,0,-1,1,0,0,0,0,1
1753067191459824869,0,0,-1,0,0,0,0,0,1
1753067191461828137,0,1,-1,1,0,0,0,0,1
1753067191463803018,0,1,0,1,0,0,0,0,1
1753067191465842466,0,1,0,1,0,0,0,0,1
1753067191467861294,0,0,0,1,0,0,0,0,2
1753067191469846498,0,0,1,1,0,0,0,0,2
1753067191471830652,0,0,1,1,0,0,0,0,2
1753067191473799543,0,0,1,1,0,0,0,0,2
1753067191475773101,0,0,2,1,0,0,0,0,2
1753067191477796485,0,0,2,1,0,0,0,0,2
1753067191479770222,0,0,2,1,0,0,0,0,2
1753067191481752109,0,0,3,1,0,0,0,0,3
1753067191483867492,0,0,3,1,0,0,0,0,3
1753067191485848665,0,0,3,1,0,0,0,0,3
1753067191487938234,0,0,3,1,0,0,0,0,3
1753067191489868393,0,0,3,1,0,0,0,0,2
1753067191491898862,0,0,3,1,0,0,0,0,3
1753067191493849815,0,0,3,1,0,0,0,0,3
1753067191495848262,0,0,3,1,0,0,0,0,2
1753067191497817677,0,0,3,1,0,0,0,0,3
1753067191499776370,0,0,3,1,0,0,0,0,2
1753067191501723500,0,0,3,2,0,0,0,0,3
1753067191503758451,0,0,3,2,0,0,0,0,2
1753067191505783360,0,0,3,2,0,0,0,0,3
1753067191507771178,0,0,3,2,0,0,0,0,3
1753067191509825138,0,0,3,2,1,0,0,0,3
1753067191511774233,0,1,3,2,0,0,0,0,3
1753067191513734320,0,0,3,3,0,0,0,0,2
1753067191515752643,0,0,3,3,0,1,0,0,2
1753067191517774712,0,0,3,3,0,1,0,0,2
1753067191519820182,0,0,3,3,0,1,0,0,2
1753067191521769875,0,0,3,3,0,1,0,0,2
1753067191523792074,0,1,3,3,0,1,0,0,2
1753067191525747360,0,0,2,3,0,1,0,0,2
1753067191527768600,0,0,2,3,0,1,0,0,2
1753067191529757539,0,1,2,3,0,1,0,0,2
1753067191531781244,0,1,2,4,0,1,0,0,2
1753067191533772096,0,1,2,4,0,1,0,0,2
1753067191535783781,0,0,2,4,0,1,0,0,2
1753067191537750967,0,0,2,4,0,1,0,0,2
1753067191539699289,0,1,1,4,0,1,0,0,2
1753067191541703302,0,0,1,5,0,1,0,0,2
1753067191543720555,0,1,1,5,0,1,0,0,2
1753067191545682059,0,0,1,5,0,1,0,0,2
1753067191547702014,0,1,0,5,0,1,0,0,2
1753067191549661935,0,1,0,5,0,1,0,0,2
1753067191551736621,0,0,0,5,0,1,0,0,2
1753067191553710278,0,1,0,5,0,1,0,0,2
1753067191555707172,0,1,0,5,0,1,0,0,2
1753067191557708521,0,1,0,5,0,1,0,0,3
1753067191559634674,0,1,0,6,0,1,0,0,2
1753067191561646074,0,0,0,6,0,1,0,0,2
1753067191563626502,0,0,0,6,0,1,0,0,3
1753067191565673347,0,1,0,6,0,1,0,0,3
1753067191567669810,0,1,1,6,0,1,0,0,3
1753067191569686859,0,1,1,6,0,1,0,0,3
1753067191571647107,0,0,1,6,0,1,0,0,3
1753067191573665488,0,1,2,7,0,1,0,0,3
1753067191575598233,0,1,2,7,0,1,0,0,3
1753067191577645575,0,0,2,7,0,1,0,0,3
1753067191579658642,0,1,3,7,0,1,0,0,2
1753067191581633541,0,0,3,7,0,1,0,0,2
1753067191583612643,0,0,3,7,0,1,0,0,2
1753067191585665304,0,1,3,8,0,1,0,0,2
1753067191587654761,0,0,4,8,0,1,0,0,2
1753067191589620512,0,0,4,8,0,1,0,0,1
1753067191591644387,0,0,4,8,0,1,0,0,1
1753067191593605311,0,0,4,8,0,1,0,0,0
1753067191595618896,0,0,5,8,0,1,0,0,0
1753067191597648907,0,1,5,8,0,1,0,1,0
1753067191599623095,0,0,5,8,0,1,0,0,0
1753067191601630057,0,0,6,8,0,1,0,0,0
1753067191603648018,0,0,6,8,0,1,0,0,0
1753067191605697044,0,1,6,8,0,1,0,0,-1
1753067191607678795,0,0,7,8,0,1,0,0,-1
1753067191609635111,0,0,7,8,0,1,0,0,0
1753067191611578258,0,0,7,8,0,1,0,0,-1
1753067191613523742,0,1,8,8,0,1,0,0,-1
1753067191615605265,0,1,8,8,0,1,0,0,0
1753067191617532299,0,0,9,8,0,1,0,0,0
1753067191619560610,0,0,9,8,0,1,0,0,0
1753067191621511365,0,0,9,7,0,2,0,0,0
1753067191623535838,0,0,10,7,0,2,0,0,0
1753067191625517750,0,0,10,8,0,2,0,0,0
1753067191627564062,0,1,10,8,0,2,0,0,0
1753067191629545647,0,0,10,8,0,2,0,0,0
1753067191631546637,0,1,10,8,0,2,0,0,0
1753067191633567656,0,0,10,8,0,2,0,0,0
1753067191635554844,0,0,10,8,0,2,0,0,0
1753067191637552371,0,1,10,8,0,3,0,0,0
1753067191639541187,0,1,10,8,0,3,0,0,0
1753067191641556327,0,1,10,8,0,3,0,0,1
1753067191643556033,0,1,10,8,0,3,0,0,1
1753067191645524173,0,1,10,7,0,4,0,0,1
1753067191647568992,0,1,10,7,0,4,0,0,2
1753067191649511019,0,0,9,7,0,4,0,0,2
1753067191651514649,0,0,9,7,0,5,0,0,2
1753067191653536809,0,1,9,6,0,5,0,0,3
1753067191655530484,0,1,9,6,0,5,0,0,3
1753067191657490822,0,0,9,6,0,5,0,0,3
1753067191659494905,0,0,9,5,0,6,0,0,3
1753067191661479562,0,1,9,5,0,6,0,0,3
1753067191663471327,0,1,10,5,0,6,0,0,3
1753067191665458544,0,1,10,5,0,6,0,0,4
1753067191667471255,0,1,10,5,0,6,0,0,4
1753067191669502659,0,1,10,5,0,7,0,0,4
1753067191671442855,0,1,10,5,0,6,0,0,4
1753067191673492826,0,0,11,5,0,7,0,0,4
1753067191675447479,0,0,11,5,0,7,0,0,4
1753067191677484290,0,0,11,5,0,7,0,0,4
1753067191679505296,0,0,11,5,0,7,0,0,4
1753067191681474759,0,0,11,5,0,7,0,0,4
1753067191683468752,0,1,11,5,0,7,0,0,4
1753067191685494979,0,1,11,5,0,7,0,0,4
1753067191687460680,0,0,11,5,0,8,0,0,4
1753067191689428758,0,0,11,6,0,8,0,0,4
1753067191691388122,0,0,11,6,0,8,0,0,4
1753067191693470564,0,0,11,6,0,8,0,0,4
1753067191695440882,0,1,11,6,0,8,0,0,4
1753067191697360576,0,0,11,6,0,8,0,0,4
1753067191699413180,0,1,11,7,0,8,0,0,4
1753067191701390128,0,0,10,7,0,8,0,0,4
1753067191703388030,0,0,11,7,0,8,0,0,4
1753067191705366172,0,0,11,8,0,9,0,0,4
1753067191707333274,0,0,10,8,0,9,0,1,4
1753067191709374903,0,0,11,8,0,9,0,0,4
1753067191711387438,0,0,10,9,0,9,0,0,4
1753067191713307273,0,0,11,9,0,9,0,0,4
1753067191715320346,0,0,11,9,0,9,0,0,4
1753067191717327485,0,1,10,10,0,9,0,0,4
1753067191719389570,0,0,11,10,0,9,0,0,4
1753067191721375280,0,1,11,10,0,9,0,0,4
1753067191723347687,0,1,10,10,0,9,0,0,4
1753067191725341115,0,1,11,11,0,9,0,0,4
1753067191727353384,0,1,10,11,0,9,0,0,4
1753067191729351115,0,1,11,11,0,9,0,0,4
1753067191731289554,0,1,10,11,0,9,0,0,4
1753067191733272744,0,1,10,11,0,9,0,0,4
1753067191735358589,0,1,11,12,0,9,0,0,4
1753067191737366478,0,1,10,12,0,9,0,0,4
1753067191739290448,0,1,11,12,0,9,0,0,4
1753067191741276455,0,1,11,12,0,9,0,0,4
1753067191743256022,0,0,11,13,0,9,0,0,4
1753067191745350388,0,1,11,13,0,9,0,0,4
1753067191747363368,0,1,11,13,0,9,0,0,4
1753067191749303551,0,0,11,13,0,9,0,0,4
1753067191751262646,0,1,11,13,0,9,0,0,4
1753067191753210650,0,1,11,14,0,9,0,0,4
1753067191755245650,0,1,11,14,0,9,0,0,4
1753067191757270860,0,1,11,14,0,9,0,1,5
1753067191759179415,0,1,12,14,0,9,0,0,4
1753067191761198633,0,0,12,14,0,9,0,0,5
1753067191763176768,0,1,12,15,0,9,0,0,5
1753067191765190730,0,1,12,15,0,9,0,0,5
1753067191767194730,0,1,13,15,0,10,0,0,5
1753067191769226703,0,1,13,16,0,10,0,0,5
1753067191771305968,0,1,13,16,0,9,0,0,5
1753067191773268222,0,1,13,16,0,10,0,0,5
1753067191775198634,0,1,13,16,0,10,0,0,5
1753067191777194581,0,1,14,16,0,9,0,1,5
1753067191779203585,0,0,14,17,0,10,0,0,6
1753067191781260511,0,1,14,17,0,10,0,0,6
1753067191783155510,0,1,15,17,0,10,0,0,6
1753067191785216175,0,1,15,17,0,10,0,0,6
1753067191787164850,0,1,15,17,0,10,0,0,6
1753067191789158392,0,0,15,17,0,10,0,0,6
1753067191791179015,0,1,16,17,0,10,0,0,7
1753067191793141882,0,1,16,18,0,10,0,0,7
1753067191795157711,0,1,16,18,0,11,0,0,7
1753067191797896074,0,0,16,18,0,11,0,0,7
1753067191799157547,0,1,16,18,0,11,0,0,7
1753067191801227996,0,1,17,18,0,11,0,0,7
1753067191803146445,0,1,16,18,0,11,0,0,7
1753067191805144856,0,1,16,19,0,11,0,0,7
1753067191807147955,0,1,16,19,0,12,0,0,7
1753067191809186437,0,0,17,19,0,12,0,0,7
1753067191811174621,0,1,16,19,0,12,0,0,7
1753067191813217710,0,1,17,19,0,12,0,0,7
1753067191815220820,0,0,17,19,0,12,0,0,8
1753067191817337254,0,1,17,19,0,12,0,0,8
1753067191819235218,0,1,17,19,0,13,0,0,8
1753067191821164557,0,1,17,20,0,13,0,0,8
1753067191823238743,0,1,17,20,0,13,0,0,8
1753067191825191038,0,0,17,20,0,13,0,0,8
1753067191827202668,0,0,17,20,0,13,0,0,8
1753067191829145618,0,1,17,21,0,13,0,0,8
1753067191831163522,0,0,18,21,0,13,0,0,8
1753067191833186598,0,1,17,22,0,14,0,0,8
1753067191835153221,0,1,17,22,0,14,0,0,8
1753067191837148500,0,0,17,22,0,14,0,0,8
1753067191839259809,0,1,17,22,0,14,0,0,8
1753067191841203645,0,0,17,23,0,14,0,0,8
1753067191843169563,0,1,17,23,0,15,0,0,8
1753067191845145538,0,0,17,24,0,15,0,0,8
1753067191847161224,0,0,17,24,0,15,0,0,9
1753067191849275727,0,0,17,24,0,15,0,0,9
1753067191851232583,0,0,18,25,0,16,0,0,9
1753067191853143070,0,0,18,25,0,16,0,0,9
1753067191855181215,0,0,18,25,0,16,0,0,9
1753067191857198914,0,0,18,25,0,16,0,0,9
1753067191859178248,0,1,18,26,0,16,0,0,9
1753067191861244058,0,0,19,26,0,16,0,0,9
1753067191863238363,0,0,19,26,0,16,0,0,9
1753067191865254525,0,0,19,27,0,16,0,0,9
1753067191867238155,0,0,20,27,0,16,0,0,9
1753067191869126693,0,1,20,27,0,16,0,0,10
1753067191871081642,0,1,20,27,0,16,0,0,10
1753067191873096369,0,0,21,28,0,16,0,0,10
1753067191875219410,0,0,21,28,0,16,0,0,10
1753067191877160899,0,0,21,28,0,16,0,0,10
1753067191879129761,0,1,22,28,0,16,0,0,11
1753067191881132215,0,0,22,29,0,16,0,1,11
1753067191883274896,0,1,23,29,0,16,0,0,11
1753067191885223103,0,1,23,29,0,16,0,0,11
1753067191887164739,0,1,23,29,0,16,0,0,12
1753067191889161277,0,0,24,29,0,16,0,0,12
1753067191891174458,0,0,24,29,0,16,0,0,12
1753067191893108671,0,1,25,29,0,16,0,0,12
1753067191895122573,0,1,25,29,0,17,0,0,12
1753067191897040712,0,0,25,29,0,17,0,0,13
1753067191899231904,0,1,25,29,0,17,0,0,13
1753067191901086089,0,1,26,29,0,17,0,0,13
1753067191903036910,0,1,26,29,0,17,0,0,13
1753067191905035387,0,1,26,29,0,18,0,0,14
1753067191907078547,0,1,27,29,0,18,0,0,14
1753067191909096301,0,1,27,29,0,18,0,0,14
1753067191911142438,0,1,27,29,0,18,0,0,14
1753067191913079000,0,1,27,29,0,19,0,0,14
1753067191915128208,0,1,28,29,0,19,0,0,14
1753067191917058933,0,1,28,29,0,20,0,0,14
1753067191919089880,0,1,28,30,0,20,0,0,15
1753067191921024904,0,0,28,30,0,20,0,0,15
1753067191923036053,0,0,28,30,0,20,0,0,15
1753067191925016625,0,1,28,29,0,20,0,0,15
1753067191927050512,0,0,28,30,0,21,0,0,15
1753067191928997666,0,1,28,30,0,21,0,0,15
1753067191930998855,0,1,28,30,0,22,0,0,15
1753067191933001545,0,1,28,30,0,22,0,0,16
1753067191935050757,0,0,28,30,0,22,0,0,16
1753067191937038037,0,1,28,30,0,23,0,0,16
1753067191939041698,0,0,28,30,0,23,0,0,16
1753067191941011730,0,0,28,30,0,23,0,0,16
1753067191943003139,0,0,28,30,0,24,0,0,16
1753067191945035298,0,1,28,30,0,24,0,0,16
1753067191947073342,0,0,28,30,0,25,0,0,16
1753067191949089521,0,1,28,30,0,25,0,0,16
1753067191951083349,0,0,28,31,0,25,0,0,16
1753067191952999770,0,0,29,31,0,26,0,0,17
1753067191955040769,0,0,29,31,1,26,0,0,17
1753067191956941482,0,0,29,31,0,26,0,0,17
1753067191958961258,0,0,29,31,0,26,0,0,17
1753067191961029831,0,0,29,31,0,26,0,0,17
1753067191963067582,0,0,29,31,0,27,0,0,17
1753067191964962998,0,1,29,32,0,27,0,0,17
1753067191966960922,0,1,29,32,0,27,0,0,17
1753067191968984668,0,0,29,32,0,27,0,0,17
1753067191970948287,0,0,29,32,0,27,0,0,18
1753067191972973835,0,0,29,32,0,28,0,0,18
1753067191975002686,0,0,29,32,0,28,0,0,18
1753067191976980049,0,0,29,32,0,28,0,0,18
1753067191978989403,0,0,29,32,0,28,0,0,18
1753067191980967784,0,1,29,33,0,28,0,0,18
1753067191983035839,0,1,29,33,0,28,0,0,18
1753067191984978497,0,1,30,33,0,28,0,0,18
1753067191986960596,0,1,30,33,0,28,0,0,18
1753067191988935014,0,1,30,33,0,28,0,0,18
1753067191990999430,0,1,30,33,0,28,0,0,18
1753067191992919088,0,1,30,34,0,28,0,0,18
1753067191995031979,0,0,30,34,0,28,0,0,18
1753067191997030726,0,1,30,34,0,28,0,0,18
1753067191999055286,0,0,31,34,0,28,0,0,19
1753067192000979629,0,0,31,34,1,28,0,0,19
1753067192003052410,0,1,31,34,0,28,0,0,19
1753067192005007825,0,1,31,34,0,28,0,0,19
1753067192006928014,0,1,32,35,0,28,0,0,20
1753067192008850861,0,1,32,35,0,28,0,0,20
1753067192010865581,0,0,32,35,0,28,0,0,20
1753067192012890950,0,1,33,36,0,28,0,0,20
1753067192014839406,0,0,33,36,0,28,0,0,20
1753067192016843541,0,0,33,36,0,29,0,0,20
1753067192018920155,0,0,34,37,0,29,0,0,21
1753067192020956672,0,0,34,37,0,29,0,0,21
1753067192022803915,0,1,34,38,0,29,0,0,21
1753067192024775302,0,1,34,38,0,29,0,0,22
1753067192026824649,0,0,34,38,0,30,0,0,22
1753067192028804959,0,1,35,39,0,30,0,0,22
1753067192030862846,0,1,35,39,0,30,0,0,22
1753067192032842422,0,1,35,39,0,30,0,0,22
1753067192034974125,0,0,35,40,0,30,0,0,22
1753067192036874793,0,0,36,40,0,30,0,0,23
1753067192038870125,0,1,36,40,0,30,0,0,23
1753067192040796018,0,1,36,40,0,31,0,0,24
1753067192042839845,0,1,37,41,0,31,0,0,24
1753067192044802643,0,1,38,41,0,31,0,0,24
1753067192046760173,0,1,38,41,0,31,0,0,24
1753067192048848186,0,0,38,41,0,31,0,0,24
1753067192050735404,0,1,38,42,0,31,0,0,24
1753067192052858524,0,0,39,42,0,31,0,0,24
1753067192054785595,0,0,39,43,0,32,0,0,24
1753067192056765695,0,1,39,43,0,32,0,0,25
1753067192058698314,0,1,40,44,0,32,0,0,25
1753067192060889288,0,1,40,44,0,32,0,0,25
1753067192062871635,0,1,40,45,0,33,0,0,25
1753067192064858595,0,1,40,45,0,33,0,0,25
1753067192066852914,0,1,41,46,0,33,0,0,25
1753067192068772864,0,1,41,46,0,33,0,0,25
1753067192070757992,0,0,41,47,0,33,0,0,26
1753067192072817089,0,1,41,47,0,34,0,0,26
1753067192074730911,0,0,41,47,0,34,0,0,26
1753067192076796508,0,0,41,48,0,34,0,0,26
1753067192078748785,0,1,41,48,0,34,0,0,26
1753067192080750904,0,1,41,49,0,35,0,0,26
1753067192082731899,0,1,41,49,0,35,0,0,27
1753067192084729583,0,1,41,50,0,35,0,0,27
1753067192086737654,0,0,41,50,0,35,0,0,27
1753067192088734622,0,1,41,51,0,35,0,0,28
1753067192090729662,0,1,41,51,0,35,0,0,28
1753067192092644885,0,1,41,52,0,35,0,0,29
1753067192094679631,0,1,41,52,0,35,0,0,29
1753067192096740886,0,0,41,53,0,35,0,0,30
1753067192098729507,0,0,42,53,0,34,0,0,30
1753067192100737351,0,1,42,53,0,34,0,1,31
1753067192102807022,0,1,42,54,0,34,0,0,31
1753067192104726715,0,1,43,54,0,34,0,0,32
1753067192106787411,0,1,43,54,0,33,0,0,33
1753067192108687286,0,1,43,55,0,33,0,0,34
1753067192110680106,0,1,44,55,0,33,0,0,35
1753067192112696505,0,1,44,56,0,33,0,0,35
1753067192114666729,0,1,44,56,0,32,0,0,36
1753067192116754399,0,1,45,58,0,32,0,0,37
1753067192118729062,0,0,45,58,0,32,0,0,38
1753067192120631608,0,1,46,59,0,31,0,0,38
1753067192122635353,0,0,46,59,0,31,0,0,39
1753067192124706197,0,1,47,59,0,30,0,0,40
1753067192126713167,0,1,47,59,0,30,0,0,41
1753067192128642081,0,1,47,60,0,30,0,0,42
1753067192130634452,0,1,47,60,0,29,0,0,43
1753067192132658409,0,1,48,60,0,29,0,0,43
1753067192134632839,0,1,48,61,0,29,0,0,44
1753067192136762726,0,1,48,61,0,29,0,0,45
1753067192138762514,0,1,49,61,0,29,0,0,45
1753067192140732037,0,1,49,62,0,28,0,0,47
1753067192142670436,0,0,49,62,0,28,0,0,48
1753067192144725228,0,1,50,62,0,28,0,0,48
1753067192146749343,0,0,50,62,0,28,0,0,49
1753067192148725728,0,1,51,62,0,28,0,0,50
1753067192150690810,0,1,51,63,0,28,0,0,50
1753067192152622537,0,1,51,63,0,28,0,0,51
1753067192154714422,0,1,51,63,0,28,0,0,51
1753067192156637753,0,1,51,63,0,28,0,0,52
1753067192158699372,0,1,51,64,0,28,0,0,53
1753067192160662571,0,1,51,64,0,29,0,0,53
1753067192162666944,0,1,51,64,0,29,0,0,54
1753067192164625104,0,0,51,65,0,29,0,0,55
1753067192166689514,0,0,51,65,0,29,0,0,55
1753067192168758126,0,1,51,65,0,29,0,0,56
1753067192170655059,0,1,51,66,0,30,0,0,56
1753067192172592296,0,1,51,66,0,30,0,0,57
1753067192174612859,0,1,51,67,0,30,0,0,57
1753067192176519031,0,1,51,67,0,30,0,0,57
1753067192178526357,0,1,51,67,0,30,0,0,58
1753067192180508413,0,0,51,68,0,30,0,0,58
1753067192182575916,0,1,51,68,0,30,0,0,58
1753067192184496809,0,0,51,68,0,30,0,0,59
1753067192186489654,0,1,51,69,0,30,0,0,59
1753067192188565319,0,1,51,69,0,30,0,0,59
1753067192190576315,0,0,51,69,0,30,0,0,60
1753067192192695014,0,1,51,69,0,30,0,0,60
1753067192194543305,0,1,51,70,0,30,0,0,60
1753067192196512938,0,1,50,70,0,30,0,0,61
1753067192198517311,0,1,50,70,0,30,0,0,61
1753067192200502681,0,1,50,71,0,30,0,0,61
1753067192202504426,0,1,50,71,0,30,0,0,61
1753067192204513647,0,0,50,72,0,30,0,0,62
1753067192206583933,0,1,50,72,0,31,0,0,62
1753067192208483141,0,1,50,72,0,31,0,0,62
1753067192210526979,0,1,50,72,0,31,0,0,62
1753067192212557130,0,1,50,73,0,32,0,0,63
1753067192214525662,0,1,50,73,0,32,0,0,63
1753067192216574840,0,0,50,73,0,32,0,0,63
1753067192218533972,0,0,49,74,0,33,0,0,63
1753067192220543857,0,0,50,74,0,33,0,0,64
1753067192222611001,0,1,50,74,0,33,0,0,64
1753067192224529130,0,1,49,74,0,33,0,0,64
1753067192226471260,0,1,50,74,0,33,0,0,65
1753067192228480368,0,1,50,75,0,34,0,0,65
1753067192230509851,0,1,50,75,0,34,0,0,65
1753067192232560217,0,1,50,75,0,34,0,0,65
1753067192234436713,0,1,50,75,0,35,0,0,65
1753067192236413266,0,0,49,75,0,35,0,0,65
1753067192238470876,0,1,50,76,0,36,0,0,66
1753067192240480902,0,1,50,76,0,36,0,0,66
1753067192242439574,0,0,50,76,0,37,0,0,66
1753067192244390192,0,1,50,76,0,37,0,1,66
1753067192246505013,0,1,50,76,0,38,0,0,67
1753067192248428714,0,1,50,76,0,38,0,0,67
1753067192250387661,0,1,50,76,0,38,0,0,67
1753067192252424920,0,1,51,76,0,38,0,0,68
1753067192254440966,0,1,51,76,0,38,0,0,68
1753067192256394834,0,1,51,76,0,38,0,0,68
1753067192258341333,0,1,51,76,0,38,0,0,68
1753067192260436041,0,1,51,76,0,37,0,0,68
1753067192262402418,0,1,52,77,0,37,0,0,69
1753067192264391446,0,1,52,76,0,37,0,0,69
1753067192266499754,0,1,52,77,0,37,0,0,69
1753067192268505155,0,1,52,77,0,37,0,0,69
1753067192270386121,0,1,52,77,0,37,0,0,70
1753067192272440672,0,1,52,77,0,37,0,0,70
1753067192274402063,0,1,52,77,0,37,0,0,70
1753067192276325908,0,1,52,77,0,38,0,0,70
1753067192278384234,0,1,53,77,0,38,0,0,70
1753067192280376207,0,1,53,77,0,38,0,0,71
1753067192282439465,0,1,53,77,1,38,0,0,71
1753067192284406660,0,0,53,77,0,39,0,0,71
1753067192286406809,0,1,54,77,0,39,0,0,71
1753067192288372609,0,1,54,77,0,39,0,0,71
1753067192290317733,0,1,54,77,0,39,0,0,71
1753067192292295070,0,1,54,77,0,39,0,0,71
1753067192294343623,0,1,54,78,0,39,0,0,71
1753067192296319308,0,1,55,78,0,39,0,0,72
1753067192298309253,0,1,55,78,0,39,0,0,72
1753067192300346745,0,1,55,78,0,39,0,0,72
1753067192302358139,0,1,55,78,0,39,0,0,72
1753067192304266062,0,1,55,79,0,39,0,0,72
1753067192306233211,0,1,54,79,0,39,0,0,72
1753067192308263411,0,1,54,79,0,39,0,0,72
1753067192310315514,0,1,54,79,0,39,0,0,72
1753067192312314577,0,1,54,79,0,39,0,0,72
1753067192314292545,0,1,54,80,0,39,0,0,72
1753067192316525213,0,1,54,80,0,39,0,0,72
1753067192318482157,0,1,54,80,0,39,0,0,73
1753067192320504817,0,1,54,81,0,39,0,0,73
1753067192322385533,0,1,54,81,0,40,0,0,73
1753067192324351876,0,1,54,81,0,40,0,0,73
1753067192326339054,0,1,54,82,0,40,0,0,73
1753067192328382131,0,1,54,82,0,41,0,0,73
1753067192330347453,0,1,54,82,0,41,0,0,73
1753067192332365368,0,1,54,82,0,41,0,0,73
1753067192334491757,0,1,54,83,0,41,0,0,73
1753067192336404973,0,1,54,83,0,42,0,0,73
1753067192338483916,0,1,54,84,0,42,0,0,73
1753067192340287960,0,1,54,84,0,42,0,0,73
1753067192342339815,0,1,54,84,0,43,0,0,73
1753067192344308666,0,1,54,84,0,43,0,0,74
1753067192346356325,0,1,54,84,0,43,0,0,74
1753067192348477533,0,1,54,84,0,43,0,0,74
1753067192350301777,0,1,54,85,0,43,0,0,74
1753067192352416594,0,1,54,85,0,43,0,0,74
1753067192354317408,0,1,54,85,0,43,0,0,74
1753067192356198407,0,1,55,85,0,43,0,0,74
1753067192358189969,0,1,55,86,0,43,0,0,74
1753067192360186760,0,1,55,86,0,43,0,0,75
1753067192362373312,0,1,56,86,0,43,0,0,75
1753067192364235932,0,1,56,86,0,43,0,0,75
1753067192366340098,0,1,56,86,0,44,0,0,75
1753067192368370108,0,1,57,86,1,44,0,0,75
1753067192370306942,0,1,57,86,0,44,0,0,75
1753067192372231144,0,1,57,86,0,44,0,0,75
1753067192374177869,0,1,58,86,0,44,0,0,75
1753067192376232337,0,1,58,86,0,45,0,1,77
1753067192378294995,0,1,58,86,0,45,0,0,77
1753067192380146675,0,1,58,87,0,45,0,0,77
1753067192382219598,0,1,59,86,0,45,0,0,78
1753067192384146849,0,1,59,86,0,45,0,0,78
1753067192386170317,0,1,59,87,0,45,0,0,78
1753067192388082314,0,1,59,87,0,45,0,0,78
1753067192390105912,0,1,60,87,0,45,0,0,78
1753067192392119878,0,1,60,87,0,45,0,0,79
1753067192394129686,0,1,60,87,0,45,0,0,79
1753067192396113044,0,1,61,87,0,45,0,0,79
1753067192398146550,0,1,61,87,0,45,0,0,79
1753067192400214739,0,1,61,87,0,45,0,0,79
1753067192402163564,0,1,61,88,0,46,0,0,80
1753067192404057917,0,1,62,88,0,46,0,0,80
1753067192406050761,0,1,62,88,0,46,0,0,80
1753067192408092224,0,1,63,88,0,46,0,0,81
1753067192410105884,0,1,63,88,0,47,0,0,81
1753067192412143318,0,1,63,88,0,47,0,0,81
1753067192414121545,0,1,64,88,0,47,0,0,81
1753067192416275124,0,1,64,88,0,47,0,0,81
1753067192418179341,0,1,64,89,0,47,0,0,82
1753067192420137836,0,1,64,89,0,48,0,0,82
1753067192422156446,0,1,64,89,0,48,0,0,82
1753067192424112559,0,1,64,90,0,48,0,0,82
1753067192426112101,0,1,64,90,0,49,0,0,82
1753067192428181531,0,1,64,90,0,49,0,0,82
1753067192430149278,0,1,64,90,0,49,0,0,83
1753067192432258384,0,1,64,90,1,49,0,0,83
1753067192434200067,0,1,64,91,0,50,0,0,83
1753067192436130975,0,1,64,91,0,50,0,0,83
1753067192438167242,0,1,64,92,0,50,0,0,83
1753067192440079347,0,1,64,92,0,51,0,0,83
1753067192442163177,0,1,64,92,0,51,0,0,83
1753067192444396373,0,1,64,92,0,51,0,0,83
1753067192447185830,0,1,64,92,0,52,0,0,84
1753067192450202291,0,1,64,93,0,52,0,0,84
1753067192452396482,0,1,64,93,0,53,0,0,84
1753067192454204099,0,1,64,93,0,53,0,0,84
1753067192456108047,0,1,64,93,0,53,0,0,84
1753067192458086055,0,1,64,93,0,54,0,0,84
1753067192460110612,0,1,65,94,0,54,0,0,84
1753067192462121220,0,1,65,94,0,54,0,0,85
1753067192464165867,0,1,65,94,0,54,0,0,85
1753067192466215357,0,1,65,94,0,55,0,0,85
1753067192468233949,0,1,65,94,0,55,0,0,85
1753067192470106954,0,1,66,95,0,55,0,0,86
1753067192472118012,0,2,66,95,0,56,0,0,86
1753067192474088193,0,1,67,95,0,56,0,0,86
1753067192475972976,0,1,67,95,0,56,0,0,86
1753067192478028149,0,1,67,95,0,56,0,0,86
1753067192480040602,0,1,66,95,0,56,0,0,86
1753067192481976052,0,1,67,95,0,57,0,0,87
1753067192484052681,0,2,66,96,0,57,0,1,87
1753067192486055553,0,2,67,96,0,57,0,0,87
1753067192487975816,0,2,66,96,0,57,0,0,87
1753067192489973112,0,2,66,96,0,57,0,0,87
1753067192492013329,0,1,66,96,0,58,0,0,88
1753067192494048170,0,2,66,96,0,58,0,0,88
1753067192496037854,0,2,66,96,0,58,0,0,88
1753067192498051072,0,2,66,96,0,58,0,0,88
1753067192500068288,0,2,66,97,0,59,0,0,88
1753067192502057096,0,2,67,97,0,59,0,0,88
1753067192503962871,0,2,67,97,0,59,0,0,89
1753067192506009437,0,2,67,97,0,59,0,0,89
1753067192508042538,0,2,67,98,0,60,0,0,89
1753067192510100509,0,2,67,98,0,60,0,0,89
1753067192512081501,0,2,67,98,0,60,0,0,90
1753067192514049950,0,2,68,98,0,60,0,0,90
1753067192516110242,0,2,68,98,0,61,0,0,90
1753067192518115653,0,2,68,98,0,61,0,0,90
1753067192520083860,0,2,68,99,0,61,0,0,90
1753067192522020966,0,2,69,99,0,61,0,0,90
1753067192523997537,0,2,69,99,0,62,0,0,91
1753067192525969057,0,2,70,99,0,62,0,0,91
1753067192528036477,0,2,70,99,0,62,0,0,91
1753067192529963110,0,2,70,100,0,63,0,0,91
1753067192532109184,0,2,71,100,0,63,0,0,92
1753067192533985951,0,2,72,100,0,63,0,0,92
1753067192536159435,0,2,72,100,0,64,0,0,92
1753067192538180492,0,2,73,100,0,64,0,0,92
1753067192540037182,0,2,74,100,0,64,0,0,92
1753067192542021549,0,2,74,101,0,65,0,0,92
1753067192543962031,0,2,75,101,0,65,0,0,92
1753067192546026493,0,2,75,101,0,65,0,0,93
1753067192548038925,0,2,75,101,1,65,0,0,93
1753067192550130827,0,2,76,101,0,66,0,0,93
1753067192552114967,0,2,77,102,0,66,0,0,93
1753067192553984250,0,2,77,102,0,66,0,0,93
1753067192555949868,0,2,77,102,0,66,0,0,93
1753067192557913890,0,2,78,103,0,66,0,0,94
1753067192560004042,0,2,78,103,0,66,0,0,94
1753067192561931329,0,2,79,103,0,67,0,0,94
1753067192563971073,0,2,79,104,0,67,0,0,94
1753067192565961408,0,2,80,104,0,67,0,0,95
1753067192568106600,0,2,81,104,0,67,0,0,95
1753067192569845371,0,2,81,105,0,67,0,0,95
1753067192571807665,0,2,82,105,1,67,0,0,96
1753067192573752176,0,2,82,105,0,67,0,0,96
1753067192575773769,0,2,83,105,0,67,0,0,96
1753067192577769458,0,2,83,105,0,68,0,0,96
1753067192579856960,0,2,83,105,0,68,0,0,97
1753067192581801354,0,2,83,106,0,68,0,0,97
1753067192583954508,0,2,83,106,0,68,0,0,97
1753067192585875969,0,2,83,106,0,68,0,0,97
1753067192587897831,0,2,83,107,0,68,0,0,98
1753067192589760486,0,2,83,107,0,68,0,0,98
1753067192591834274,0,2,83,107,0,69,0,0,98
1753067192593794025,0,2,83,108,0,69,0,0,98
1753067192595834972,0,2,83,108,0,69,0,0,99
1753067192597927762,0,2,83,109,0,69,0,0,99
1753067192600109750,0,2,83,109,0,69,0,0,99
1753067192602090521,0,2,83,109,0,69,0,0,99
1753067192603990945,0,2,84,110,0,69,0,0,99
1753067192605934126,0,2,84,110,0,69,0,0,99
1753067192607859711,0,2,84,111,0,69,0,0,100
1753067192609907677,0,2,84,111,0,70,0,0,100
1753067192611853731,0,2,84,111,0,70,0,0,100
1753067192613808392,0,2,84,111,0,70,0,0,101
1753067192615864981,0,2,85,112,0,70,0,0,101
1753067192617891062,0,2,85,113,0,71,0,0,101
1753067192619917438,0,2,85,113,0,71,0,0,102
1753067192621862734,0,2,86,113,0,71,0,0,102
1753067192623820298,0,2,86,114,0,72,0,0,102
1753067192625822763,0,2,86,114,0,72,0,0,102
1753067192627786834,0,2,87,115,0,72,0,0,103
1753067192629839761,0,2,87,115,0,73,0,0,103
1753067192631901666,0,2,87,115,0,73,0,0,103
1753067192634142045,0,2,87,116,0,73,0,0,104
1753067192635859040,0,2,88,116,0,74,0,0,104
1753067192637799423,0,2,88,117,0,74,0,1,104
1753067192639762697,0,2,88,117,1,74,0,0,105
1753067192641769325,0,2,89,118,0,74,0,0,105
1753067192643789641,0,2,89,118,0,74,0,0,105
1753067192645794875,0,2,90,118,0,74,0,0,106
1753067192647802825,0,2,90,118,0,75,0,0,106
1753067192649795492,0,2,90,119,0,75,0,0,106
1753067192651857709,0,2,91,119,0,75,0,0,107
1753067192653796081,0,2,91,119,0,75,0,0,107
1753067192655783826,0,2,91,119,0,75,0,0,108
1753067192657714145,0,2,92,120,0,75,0,0,108
1753067192659718040,0,2,92,120,1,75,0,0,108
1753067192661783984,0,2,92,120,0,76,0,0,108
1753067192663695175,0,2,93,120,1,76,0,0,109
1753067192665777793,0,2,93,121,0,76,0,0,109
1753067192667746170,0,2,93,121,0,76,0,0,110
1753067192669708191,0,2,94,121,0,77,0,0,110
1753067192671679983,0,2,94,122,0,77,0,0,110
1753067192673706870,0,2,95,122,0,77,0,0,111
1753067192675697203,0,2,95,122,1,77,0,0,111
1753067192677685031,0,2,95,123,0,78,0,0,111
1753067192679709435,0,2,96,123,0,78,0,0,112
1753067192681773855,0,2,96,123,0,78,0,1,112
1753067192683854304,0,2,96,124,0,78,0,0,113
1753067192685766875,0,2,96,124,0,79,0,0,113
1753067192687697720,0,2,96,124,0,79,0,0,113
1753067192689707150,0,2,96,125,0,79,0,0,114
1753067192691671784,0,2,96,125,0,79,0,0,114
1753067192693624113,0,2,96,125,0,79,0,0,114
1753067192695702394,0,2,96,126,0,79,0,0,115
1753067192697730833,0,2,96,126,0,80,0,0,115
1753067192699961906,0,2,96,126,0,80,0,0,115
1753067192701809998,0,2,96,126,0,80,0,0,116
1753067192703761906,0,2,96,127,0,81,0,0,116
1753067192705720890,0,2,96,127,0,81,0,0,117
1753067192707771904,0,2,96,127,0,81,0,1,117
1753067192709697189,0,2,96,128,0,81,0,0,117
1753067192711645176,0,2,96,128,0,82,0,0,118
1753067192713643502,0,2,96,128,0,82,0,0,118
1753067192715693058,0,2,96,128,0,82,0,0,118
1753067192717717476,0,2,96,129,0,83,0,0,119
1753067192719741281,0,2,96,129,0,83,0,0,119
1753067192721701008,0,2,97,130,0,83,0,0,120
1753067192723627601,0,2,97,130,0,84,0,0,120
1753067192725596296,0,2,97,130,0,84,0,0,120
1753067192727601736,0,2,97,130,0,84,0,0,120
1753067192729647001,0,2,97,131,0,85,0,0,121
1753067192731591844,0,2,97,131,0,85,0,0,121
1753067192733706283,0,2,97,131,0,86,0,1,121
1753067192735627433,0,2,97,132,0,86,0,0,121
1753067192737586024,0,2,97,132,0,86,0,0,122
1753067192739562430,0,2,97,132,0,87,0,0,122
1753067192741523414,0,2,97,132,0,87,0,0,122
1753067192743569311,0,2,97,133,0,88,0,0,123
1753067192745511105,0,2,97,133,0,88,0,0,123
1753067192747627591,0,2,97,133,0,88,0,0,123
1753067192749639129,0,2,98,133,0,89,0,0,124
1753067192751601949,0,2,98,133,0,89,0,0,124
1753067192753508137,0,2,99,133,0,89,0,0,124
1753067192755542011,0,2,99,134,0,90,0,0,125
1753067192757495192,0,2,99,134,0,90,0,0,125
1753067192759509459,0,2,100,134,0,91,0,0,126
1753067192761551505,0,2,100,134,0,91,0,0,126
1753067192763543223,0,2,101,134,0,92,0,1,126
1753067192765693548,0,2,101,134,0,92,0,0,126
1753067192767632170,0,2,102,134,0,92,0,0,127
1753067192769734344,0,2,102,135,0,93,0,0,127
1753067192771553508,0,2,102,135,0,93,0,0,127
1753067192773550598,0,2,102,135,0,94,0,0,128
1753067192775507208,0,2,103,135,0,94,0,0,128
1753067192777577164,0,2,103,135,0,94,0,0,128
1753067192779593214,0,2,103,136,0,95,0,0,128
1753067192781586167,0,2,103,136,0,95,0,0,128
1753067192783565065,0,2,104,136,0,96,0,0,129
1753067192785565612,0,2,104,136,0,96,0,0,129
1753067192787538343,0,2,104,136,0,96,0,0,129
1753067192789442872,0,2,104,136,0,97,0,0,129
1753067192791445044,0,2,104,137,0,97,0,0,130
1753067192793476982,0,2,104,137,0,98,0,0,130
1753067192795481231,0,2,104,137,0,98,0,0,130
1753067192797444329,0,2,104,137,0,98,0,0,130
1753067192799613537,0,2,105,138,0,99,0,0,130
1753067192801626968,0,2,105,138,0,99,0,0,131
1753067192804490552,0,2,105,138,0,100,0,0,131
1753067192805388394,0,2,105,138,1,100,0,0,131
1753067192807374751,0,2,105,138,0,100,0,0,131
1753067192809348793,0,2,105,139,0,100,0,0,131
1753067192811405945,0,2,105,139,0,100,0,0,132
1753067192813388224,0,2,105,139,0,101,0,0,132
1753067192815507289,0,2,106,139,0,101,0,0,132
1753067192817404857,0,2,106,139,0,101,0,0,132
1753067192819407465,0,2,106,139,0,102,0,0,132
1753067192821400599,0,2,106,139,0,102,0,0,133
1753067192823449295,0,2,107,139,0,102,0,0,133
1753067192825374387,0,2,106,139,0,103,0,0,133
1753067192827375821,0,2,106,139,0,103,0,0,133
1753067192829358418,0,2,107,140,0,103,0,0,133
1753067192831374158,0,2,107,140,0,103,0,0,133
1753067192833383134,0,2,107,140,0,103,0,0,134
1753067192835335983,0,2,107,140,0,104,0,0,134
1753067192837314590,0,2,107,141,0,104,0,0,134
1753067192839334297,0,2,107,141,0,104,0,0,134
1753067192841349509,0,2,107,142,0,104,0,0,134
1753067192843311397,0,2,107,142,0,105,0,0,134
1753067192845335182,0,2,107,142,0,105,0,0,134
1753067192847376541,0,2,107,143,0,105,0,0,134
1753067192849402881,0,2,107,144,0,106,0,1,134
1753067192851476074,0,2,107,144,0,106,0,0,135
1753067192853370742,0,2,107,145,0,106,0,0,134
1753067192855381801,0,2,108,145,1,107,0,0,135
1753067192857376714,0,2,108,145,0,107,0,0,135
1753067192859348774,0,2,108,146,0,107,0,0,135
1753067192861351740,0,2,108,146,0,107,0,0,135
1753067192863396685,0,2,109,146,0,108,0,0,135
1753067192865487955,0,2,109,147,0,108,0,0,135
1753067192867519286,0,2,109,147,0,108,0,1,136
1753067192869428318,0,2,110,148,0,109,0,1,136
1753067192871427294,0,2,110,148,0,109,0,0,136
1753067192873356062,0,2,110,148,0,109,0,0,137
1753067192875299925,0,2,110,148,0,109,0,0,137
1753067192877301353,0,2,111,149,0,109,0,1,137
1753067192879268191,0,2,111,149,0,109,0,0,138
1753067192881405291,0,2,112,149,0,110,0,0,138
1753067192883351565,0,2,112,149,0,110,0,0,138
1753067192885295594,0,2,112,150,0,110,0,0,139
1753067192887210429,0,2,113,150,0,111,0,0,139
1753067192889270826,0,2,114,150,0,111,0,0,139
1753067192891297534,0,2,114,150,0,111,0,0,140
1753067192893294966,0,2,115,151,0,111,0,0,140
1753067192895322165,0,2,115,151,0,112,0,0,140
1753067192897313029,0,2,116,151,0,112,0,0,141
1753067192899392441,0,2,116,152,0,112,0,0,141
1753067192901377373,0,2,117,152,0,112,0,0,141
1753067192903290967,0,2,118,152,0,112,0,0,141
1753067192905267704,0,2,119,152,0,113,0,0,142
1753067192907307346,0,2,119,153,0,113,0,0,142
1753067192909239064,0,2,120,153,0,113,0,0,142
1753067192911306931,0,2,120,153,0,113,0,0,143
1753067192913333245,0,2,121,154,0,114,0,0,143
1753067192915344422,0,2,122,154,0,114,0,0,143
1753067192917325656,0,2,122,154,0,114,0,0,144
1753067192919331054,0,2,123,155,0,114,0,0,144
1753067192921262491,0,2,123,155,0,114,0,0,144
1753067192923284697,0,2,124,155,0,115,0,0,145
1753067192925245999,0,2,124,156,1,115,0,0,145
1753067192927262565,0,2,125,156,0,116,0,0,145
1753067192929224524,0,2,125,156,0,116,0,0,146
1753067192931183232,0,2,125,157,0,116,0,0,146
1753067192933306664,0,2,125,157,0,116,0,0,146
1753067192935264991,0,2,126,157,0,117,0,0,147
1753067192937143499,0,2,126,158,0,117,0,0,147
1753067192939162934,0,2,126,158,0,117,0,1,147
1753067192941146004,0,2,127,159,0,117,0,0,148
1753067192943122339,0,2,128,159,0,118,0,0,148
1753067192945204907,0,2,128,160,0,118,0,0,148
1753067192947148169,0,2,128,160,0,118,0,0,148
1753067192949152388,0,2,128,161,0,119,0,0,149
1753067192951188205,0,2,128,162,0,119,0,1,149
1753067192953128482,0,2,128,162,0,119,0,0,149
1753067192955151604,0,2,128,162,0,119,0,0,150
1753067192957060997,0,2,128,163,0,119,0,0,150
1753067192959171722,0,2,128,163,0,119,0,0,150
1753067192961094921,0,2,128,164,0,119,0,0,151
1753067192963092332,0,2,129,164,0,119,0,1,151
1753067192965111487,0,2,129,165,0,119,0,0,152
1753067192967246271,0,2,129,166,0,120,0,0,152
1753067192969186979,0,2,129,166,0,120,0,0,152
1753067192971138124,0,2,130,167,0,120,0,0,153
1753067192973120502,0,2,130,167,0,120,0,0,153
1753067192975107134,0,2,130,168,0,120,0,0,154
1753067192977127087,0,2,130,169,0,120,0,0,154
1753067192979128265,0,2,131,169,0,120,0,0,155
1753067192981057357,0,2,131,170,0,121,0,0,155
1753067192983142443,0,2,131,170,0,120,0,0,155
1753067192985214750,0,2,131,171,0,121,0,0,156
1753067192987196737,0,2,132,171,0,120,0,0,156
1753067192989207207,0,2,132,172,0,121,0,0,157
1753067192991119080,0,2,132,172,0,120,0,0,157
1753067192993198616,0,2,133,172,0,120,0,0,157
1753067192995121394,0,2,133,173,0,121,0,0,158
1753067192997289571,0,2,133,173,0,121,0,0,158
1753067192999221956,0,2,134,174,0,121,0,0,159
1753067193001274529,0,2,134,174,0,121,0,0,160
1753067193003142673,0,2,135,174,0,121,0,0,160
1753067193005059538,0,2,135,175,0,121,0,0,161
1753067193007095652,0,2,135,175,0,122,0,0,161
1753067193009075782,0,2,136,175,0,122,0,0,162
1753067193011159853,0,2,136,176,0,122,0,0,162
1753067193013102872,0,2,136,176,0,122,0,0,162
1753067193015111463,0,2,137,176,0,123,0,0,163
1753067193017086879,0,2,137,177,0,123,0,0,164
1753067193019065955,0,2,137,177,0,123,0,0,164
1753067193021028546,0,2,138,177,0,124,0,0,164
1753067193022998582,0,2,138,177,0,124,0,0,165
1753067193024975398,0,2,138,177,0,125,0,0,165
1753067193027030657,0,2,138,178,0,125,0,0,166
1753067193028982997,0,2,138,178,0,125,0,0,167
1753067193031003694,0,2,139,178,0,126,0,0,167
1753067193033065904,0,2,139,179,0,126,0,0,167
1753067193035159043,0,2,139,179,0,127,0,0,168
1753067193037096068,0,2,140,179,0,127,0,0,169
1753067193039054843,0,2,140,180,0,128,0,0,169
1753067193041020989,0,2,140,180,0,128,0,0,169
1753067193042996988,0,2,140,181,0,129,0,0,169
1753067193044964890,0,2,141,181,0,129,0,0,170
1753067193047028157,0,2,141,181,0,130,0,0,170
1753067193049091827,0,2,141,181,0,130,0,1,171
1753067193051160943,0,2,141,181,0,131,0,0,171
1753067193053285203,0,2,141,181,0,131,0,0,171
1753067193055156896,0,2,141,182,0,132,0,0,172
1753067193057046740,0,2,141,182,0,132,0,0,172
1753067193059040422,0,2,141,182,0,132,0,0,172
1753067193061044254,0,2,141,182,0,132,0,0,173
1753067193063054368,0,2,141,182,0,133,0,0,173
1753067193065037188,0,2,141,182,0,133,0,0,174
1753067193066978135,0,2,141,183,0,133,0,0,174
1753067193069069860,0,2,141,183,0,134,0,0,174
1753067193071046138,0,2,141,183,0,134,0,0,174
1753067193072998803,0,2,141,183,0,134,0,0,175
1753067193074938127,0,2,141,184,0,135,0,0,175
1753067193076913468,0,2,141,184,0,135,0,0,175
1753067193078874388,0,2,141,184,0,136,0,0,176
1753067193080911626,0,2,141,184,0,136,0,0,176
1753067193082947192,0,2,141,184,0,137,0,0,176
1753067193085012455,0,2,141,185,0,137,0,0,177
1753067193086977794,0,2,141,185,0,137,0,0,177
1753067193088972376,0,2,141,185,0,138,0,0,177
1753067193090925751,0,2,142,185,0,138,0,0,177
1753067193092859050,0,2,142,185,0,139,0,0,177
1753067193094912428,0,2,142,186,0,139,0,0,178
1753067193096949398,0,2,142,186,0,139,0,1,178
1753067193098927747,0,2,142,186,0,140,0,0,178
1753067193100951615,0,2,142,186,0,140,0,0,178
1753067193102930385,0,2,142,187,0,140,0,0,179
1753067193104882361,0,2,142,188,1,141,0,0,179
1753067193106878942,0,2,142,188,0,141,0,0,179
1753067193108844179,0,2,142,188,0,142,0,0,179
1753067193110849246,0,2,142,189,0,142,0,0,179
1753067193112911287,0,2,142,189,0,142,0,0,180
1753067193114864846,0,2,143,189,0,143,0,0,180
1753067193116879458,0,2,143,189,0,143,0,0,180
1753067193118874252,0,2,143,189,0,144,0,0,180
1753067193120842160,0,2,144,190,0,144,0,0,181
1753067193122858353,0,2,144,190,0,144,0,0,181
1753067193124886108,0,2,144,190,0,145,0,1,181
1753067193126902497,0,2,145,190,0,145,0,0,181
1753067193128875028,0,2,145,190,0,145,0,0,181
1753067193130843019,0,2,146,190,0,145,0,0,181
1753067193132858866,0,2,146,191,0,145,0,0,182
1753067193134848764,0,2,146,191,0,146,0,0,182
1753067193136882934,0,2,146,191,0,146,0,0,182
1753067193138834985,0,2,147,192,0,146,0,0,183
1753067193140745444,0,2,147,192,0,147,0,0,183
1753067193142812446,0,2,147,192,0,147,0,0,183
1753067193144858818,0,2,148,192,0,148,0,0,183
1753067193146881423,0,2,148,193,0,148,0,0,183
1753067193148889561,0,2,149,193,0,149,0,0,183
1753067193150901805,0,2,149,193,0,149,0,1,183
1753067193152899757,0,2,150,193,0,150,0,0,183
1753067193154842994,0,2,150,194,0,150,0,0,184
1753067193156860329,0,2,150,194,0,151,0,0,184
1753067193158795080,0,2,151,194,0,151,0,0,184
1753067193160808252,0,2,151,194,0,151,0,0,185
1753067193162840691,0,2,152,195,0,151,0,0,185
1753067193164722764,0,2,152,195,0,151,0,0,185
1753067193166793537,0,2,153,195,0,151,0,0,185
1753067193168829496,0,2,153,195,0,151,0,0,186
1753067193170795631,0,2,153,195,0,152,0,0,186
1753067193172803654,0,2,154,196,0,152,0,1,186
1753067193174836620,0,2,154,196,0,152,0,0,187
1753067193176817818,0,2,155,196,0,152,0,0,187
1753067193178770760,0,2,155,196,0,152,0,0,187
1753067193180799314,0,2,156,197,0,152,0,0,187
1753067193182820828,0,2,156,197,0,152,0,0,187
1753067193184811627,0,2,156,197,0,152,0,0,187
1753067193186787806,0,2,157,197,0,152,0,0,188
1753067193188781210,0,2,157,198,0,152,0,0,188
1753067193190789693,0,2,157,198,0,153,0,1,188
1753067193192770604,0,2,157,199,0,153,0,0,189
1753067193194731150,0,2,158,199,0,153,0,1,189
1753067193196795386,0,2,158,199,0,153,0,0,189
1753067193198782562,0,2,158,200,0,154,0,1,189
1753067193200847566,0,2,159,200,0,154,0,0,189
1753067193202803689,0,2,159,200,0,154,0,0,190
1753067193204807567,0,2,160,201,0,154,0,0,190
1753067193206737671,0,2,160,201,0,154,0,0,190
1753067193208830354,0,2,160,202,0,154,0,0,191
1753067193210738061,0,2,161,202,0,155,0,0,191
1753067193212674664,0,2,161,203,0,154,0,0,191
1753067193214806340,0,2,162,203,0,155,0,0,191
1753067193216720699,0,2,162,203,0,155,0,0,192
1753067193218804576,0,2,162,204,0,155,0,0,192
1753067193220704396,0,2,163,204,0,155,0,0,192
1753067193222790614,0,2,163,204,0,155,0,0,192
1753067193224742237,0,2,163,205,0,155,0,0,192
1753067193226685861,0,2,164,205,0,155,0,0,193
1753067193228712553,0,2,164,206,0,155,0,0,193
1753067193230715576,0,2,164,206,0,155,0,0,193
1753067193232751624,0,2,165,207,0,156,0,0,193
1753067193234635652,0,2,165,207,0,156,0,0,194
1753067193236669433,0,2,165,208,0,156,0,0,194
1753067193238725480,0,2,166,208,0,157,0,0,194
1753067193240646004,0,2,166,209,0,157,0,1,195
1753067193242689988,0,2,166,209,0,157,0,0,195
1753067193244751730,0,2,167,209,0,158,0,0,195
1753067193246688242,0,2,167,210,0,158,0,0,196
1753067193248607253,0,2,168,210,0,159,0,0,196
1753067193250686579,0,2,168,211,0,159,0,0,197
1753067193252613467,0,2,168,211,0,159,0,0,197
1753067193254615907,0,2,168,211,0,159,0,0,198
1753067193256645407,0,2,169,212,0,160,0,0,198
1753067193258675696,0,2,169,213,0,160,0,0,199
1753067193260623140,0,2,169,214,0,161,0,1,199
1753067193262569612,0,2,169,214,0,161,0,0,200
1753067193264560243,0,2,169,215,0,161,0,0,200
1753067193266615905,0,3,169,215,0,162,0,0,200
1753067193268703204,0,2,169,216,0,162,0,0,201
1753067193270646003,0,2,169,216,0,162,0,0,201
1753067193272620221,0,2,169,217,0,163,0,0,202
1753067193274634843,0,2,170,217,0,163,0,0,202
1753067193276582788,0,2,170,218,0,164,0,0,203
1753067193278615269,0,2,170,218,0,164,0,0,203
1753067193280690422,0,2,170,219,0,164,0,0,204
1753067193282616956,0,2,170,219,0,165,0,0,204
1753067193284598046,0,2,171,219,0,165,0,0,205
1753067193286628431,0,2,171,220,0,165,0,0,206
1753067193288564973,0,3,171,220,1,165,0,1,206
1753067193290607118,0,3,172,221,1,166,0,0,207
1753067193292520376,0,3,172,221,0,166,0,0,208
1753067193294536984,0,3,172,222,0,166,0,0,208
1753067193296530041,0,3,172,222,0,166,0,0,208
1753067193298524939,0,3,172,222,0,167,0,0,209
1753067193300542672,0,3,173,223,0,167,0,0,210
1753067193302536754,0,3,173,223,0,167,0,0,210
1753067193304526571,0,3,173,223,0,167,0,0,211
1753067193306474113,0,3,173,224,0,168,0,0,211
1753067193308467032,0,3,173,224,0,169,0,0,212
1753067193310553099,0,3,173,225,0,169,0,0,213
1753067193312463470,0,3,173,225,0,169,0,0,213
1753067193314566271,0,3,173,225,0,170,0,0,214
1753067193316578199,0,3,173,225,0,170,0,0,214
1753067193318585370,0,4,173,225,0,171,0,0,214
1753067193320585047,0,4,173,226,0,171,0,1,215
1753067193322605267,0,4,173,226,0,172,0,0,215
1753067193324538617,0,4,173,226,0,172,0,0,216
1753067193326543891,0,4,173,227,0,173,0,0,217
1753067193328542079,0,4,173,227,0,173,0,0,217
1753067193330508996,0,4,173,227,0,174,0,0,218
1753067193332591618,0,4,173,227,0,174,0,0,218
1753067193334572298,0,4,173,228,0,175,0,0,218
1753067193336578203,0,4,173,228,0,175,0,0,219
1753067193338594844,0,4,174,228,0,176,0,0,219
1753067193340491598,0,4,174,229,0,176,0,0,220
1753067193342529624,0,5,174,229,0,177,0,0,220
1753067193344532378,0,5,175,229,0,177,0,0,221
1753067193346568652,0,5,175,229,0,177,0,0,221
1753067193348517586,0,5,175,229,0,178,0,0,221
1753067193350528754,0,5,176,229,0,178,0,0,221
1753067193352484319,0,5,176,230,0,178,0,0,222
1753067193354450916,0,5,176,230,0,178,0,0,222
1753067193356550567,0,5,176,230,0,178,0,0,223
1753067193358398312,0,5,176,230,0,179,0,0,223
1753067193360364331,0,5,177,230,0,179,0,0,223
1753067193362378644,0,5,177,231,0,179,0,0,224
1753067193364452301,0,5,177,231,0,180,0,0,224
1753067193366436675,0,5,177,231,0,180,0,0,224
1753067193368392235,0,5,177,231,0,180,0,1,224
1753067193370434332,0,5,177,231,0,181,0,1,225
1753067193372407733,0,5,177,231,0,181,0,0,225
1753067193374409641,0,5,178,231,0,182,0,0,225
1753067193376400401,0,5,179,231,0,182,0,1,225
1753067193378400438,0,5,179,232,0,182,0,0,226
1753067193380369522,0,5,179,232,0,182,0,0,226
1753067193382322004,0,5,180,232,0,182,0,0,226
1753067193384309121,0,5,180,232,0,182,0,0,226
1753067193386321695,0,5,181,232,0,182,0,0,227
1753067193388343545,0,5,181,233,0,182,0,1,227
1753067193390335491,0,6,181,233,0,182,0,0,227
1753067193392320864,0,5,182,233,0,182,0,0,227
1753067193394346023,0,6,182,233,0,182,0,1,227
1753067193396297545,0,6,183,234,0,182,0,0,227
1753067193398300029,0,6,183,234,0,182,0,0,227
1753067193400241552,0,6,184,235,0,182,0,0,227
1753067193402286413,0,6,184,235,0,182,0,0,228
1753067193404221839,0,6,184,235,0,183,0,0,228
1753067193406207111,0,6,185,235,0,183,0,0,228
1753067193408259926,0,6,185,236,0,183,0,0,228
1753067193410272789,0,6,186,236,0,183,0,0,228
1753067193412269667,0,6,186,236,0,184,0,0,228
1753067193414206169,0,6,186,236,0,184,0,0,229
1753067193416229083,0,6,187,236,0,185,0,0,229
1753067193418237951,0,6,187,237,0,185,0,0,229
1753067193420305185,0,6,188,237,0,186,0,0,229
1753067193422262154,0,6,188,237,0,186,0,1,229
1753067193424269329,0,6,188,238,0,187,0,0,229
1753067193426284397,0,6,189,238,0,187,0,0,229
1753067193428301571,0,6,189,238,0,188,0,0,229
1753067193430377322,0,6,189,239,0,188,0,1,229
1753067193432316334,0,6,190,239,0,189,0,0,229
1753067193434362233,0,6,190,240,0,189,0,0,230
1753067193436344253,0,6,190,240,0,190,0,0,230
1753067193438275115,0,6,191,240,0,190,0,0,230
1753067193440304471,0,6,191,241,0,190,0,0,230
1753067193442248350,0,6,191,241,0,190,0,0,231
1753067193444280130,0,6,191,242,0,191,0,0,231
1753067193446271735,0,6,192,242,0,191,0,1,231
1753067193448356154,0,6,192,243,0,191,0,0,232
1753067193450278118,0,6,192,243,0,192,0,1,232
1753067193452309749,0,6,192,244,0,192,0,0,232
1753067193454323438,0,6,192,244,0,192,0,1,232
1753067193456379529,0,6,193,244,0,192,0,0,233
1753067193458289408,0,6,193,245,0,192,0,0,233
1753067193460276819,0,6,194,245,0,192,0,0,234
1753067193462243605,0,6,194,246,0,193,0,0,234
1753067193464268898,0,6,194,246,0,193,0,0,234
1753067193466280646,0,6,195,247,0,193,0,1,234
1753067193468302931,0,7,195,247,0,193,0,1,235
1753067193470228618,0,7,196,248,0,193,0,0,235
1753067193472286821,0,7,196,248,0,193,0,0,236
1753067193474226437,0,7,196,250,0,193,0,0,236
1753067193476317703,0,7,197,250,0,193,0,0,236
1753067193478330049,0,7,197,250,0,194,0,0,237
1753067193480308238,0,7,198,251,0,194,0,1,237
1753067193482236716,0,7,198,251,0,194,0,0,238
1753067193484255223,0,7,199,251,0,194,0,0,238
1753067193486246247,0,7,199,252,0,194,0,0,239
1753067193488264104,0,7,199,252,0,195,0,0,239
1753067193490267080,0,7,199,253,0,195,0,0,240
1753067193492224351,0,7,199,253,0,195,0,0,240
1753067193494207224,0,7,199,253,0,195,0,0,241
1753067193496214952,0,7,199,254,0,195,0,0,241
1753067193498209309,0,7,200,254,0,196,0,0,242
1753067193500207464,0,7,200,255,0,196,0,0,242
1753067193502171079,0,7,200,256,0,196,0,0,242
1753067193504191748,0,7,200,256,0,197,0,0,243
1753067193506230655,0,7,201,257,0,197,0,0,243
1753067193508174518,0,7,201,257,1,197,0,0,244
1753067193510132448,0,7,201,258,0,197,0,0,244
1753067193512102893,0,7,201,258,0,198,0,0,245
1753067193514129087,0,7,201,259,0,198,0,1,245
1753067193516098928,0,7,201,260,0,198,0,0,246
1753067193518143607,0,7,201,260,0,199,0,0,247
1753067193520082374,0,7,201,260,0,199,0,0,247
1753067193522092723,0,7,202,260,0,199,0,0,248
1753067193524122729,0,7,202,261,0,200,0,0,248
1753067193526123689,0,7,202,261,0,200,0,0,249
1753067193528136492,0,7,202,261,0,200,0,0,249
1753067193530118015,0,7,202,262,0,201,0,0,250
1753067193532144689,0,7,202,262,0,201,0,0,250
1753067193534128083,0,7,202,263,0,202,0,0,251
1753067193536092814,0,7,203,263,0,202,0,0,251
1753067193538039006,0,7,203,264,0,203,0,0,252
1753067193540056664,0,7,203,264,0,203,0,0,252
1753067193542087102,0,7,203,264,0,204,0,0,253
1753067193544115762,0,7,204,265,0,204,0,0,253
1753067193546142686,0,7,204,265,0,205,0,0,254
1753067193548080977,0,7,204,265,0,206,0,0,254
1753067193550092471,0,7,204,266,0,206,0,0,255
1753067193552043459,0,7,204,266,0,207,0,0,256
1753067193554050070,0,7,204,266,0,208,0,0,256
1753067193556046695,0,7,204,267,0,209,0,0,256
1753067193558082393,0,7,205,267,0,209,0,0,257
1753067193559983737,0,7,205,268,0,210,0,1,257
1753067193562064643,0,7,205,268,0,211,0,0,258
1753067193563979804,0,7,205,268,0,211,0,0,258
1753067193565986861,0,7,205,268,0,211,0,0,259
1753067193568008150,0,7,205,269,0,211,0,0,259
1753067193570020905,0,7,206,269,0,212,0,1,260
1753067193571997552,0,7,206,269,0,212,0,0,260
1753067193573974696,0,7,206,269,0,212,0,0,261
1753067193576003595,0,7,206,270,0,212,0,0,261
1753067193577981068,0,7,207,270,0,212,0,0,261
1753067193580022300,0,7,207,270,0,212,0,0,262
1753067193582057262,0,7,208,270,0,212,0,0,262
1753067193584007369,0,7,208,271,0,212,0,0,262
1753067193585967578,0,7,209,271,0,212,0,0,263
1753067193587982373,0,7,209,271,0,212,0,0,263
1753067193589971992,0,7,209,271,0,213,0,0,264
1753067193592005751,0,7,209,272,0,213,0,0,264
1753067193593929338,0,7,210,272,0,213,0,0,264
1753067193595940236,0,7,210,272,0,214,0,0,265
1753067193597977854,0,7,210,272,0,214,0,0,265
1753067193599910626,0,7,211,273,0,215,0,1,265
1753067193601975923,0,7,211,273,0,215,0,1,266
1753067193604000882,0,7,212,273,0,216,0,0,266
1753067193605929315,0,7,212,273,0,216,0,0,266
1753067193607968548,0,7,212,274,0,216,0,1,267
1753067193609924091,0,7,213,274,0,217,0,1,267
1753067193611968422,0,7,213,274,0,217,0,0,267
1753067193613921893,0,7,213,274,0,218,0,0,267
1753067193615934984,0,7,213,274,0,219,0,0,267
1753067193617930850,0,7,214,274,0,219,0,0,267
1753067193619897364,0,7,214,275,0,220,0,0,269
1753067193621932631,0,7,214,275,0,220,0,0,269
1753067193623886953,0,7,215,275,0,221,0,0,269
1753067193625917120,0,7,215,275,0,222,0,0,269
1753067193627912766,0,7,215,276,0,222,0,0,270
1753067193629908051,0,7,215,276,0,222,0,0,270
1753067193631874001,0,7,216,276,0,223,0,0,270
1753067193633944549,0,7,216,276,0,223,0,0,270
1753067193635990957,0,7,216,277,0,224,0,0,271
1753067193637983047,0,7,216,277,0,225,0,0,271
1753067193639930322,0,7,216,277,0,225,0,1,271
1753067193641952592,0,7,216,278,0,226,0,0,271
1753067193644041407,0,7,216,278,0,226,0,1,271
1753067193645916063,0,7,216,278,0,226,0,0,271
1753067193647874388,0,7,216,278,0,227,0,1,271
1753067193649892817,0,7,216,278,0,227,0,0,271
1753067193651849402,0,7,217,279,0,228,0,0,272
1753067193653914083,0,7,217,279,0,228,0,0,272
1753067193655857881,0,7,217,279,0,229,0,1,272
1753067193657905674,0,7,217,279,0,229,0,0,272
1753067193659867634,0,7,218,280,0,230,0,1,273
1753067193661910445,0,7,218,280,0,230,0,0,273
1753067193663870108,0,7,218,280,0,231,0,0,273
1753067193665834633,0,7,218,281,0,231,0,0,273
1753067193667855370,0,7,219,281,0,231,0,0,274
1753067193669876337,0,7,219,281,0,232,0,0,274
1753067193671835165,0,7,219,282,0,232,0,0,274
1753067193673859633,0,7,219,282,0,232,0,1,274
1753067193675883852,0,7,220,282,0,232,0,1,275
1753067193677843146,0,7,220,283,0,232,0,0,275
1753067193679853021,0,7,221,283,0,232,0,1,275
1753067193681827253,0,7,221,283,0,232,0,0,275
1753067193683772119,0,7,222,283,0,232,0,1,275
1753067193685793986,0,7,222,284,0,232,0,0,276
1753067193687795370,0,7,222,284,1,232,0,0,276
1753067193689811353,0,7,223,284,0,232,0,0,276
1753067193691825358,0,7,223,285,0,232,0,0,276
1753067193693852081,0,7,224,285,0,232,0,0,277
1753067193695891869,0,7,224,285,0,232,0,1,277
1753067193697865005,0,7,225,286,0,233,0,0,277
1753067193699820524,0,7,225,286,0,233,0,0,277
1753067193701848587,0,7,226,286,0,233,0,1,277
1753067193703809324,0,7,226,286,0,233,0,1,277
1753067193705794211,0,7,226,287,0,234,0,0,278
1753067193707851004,0,7,227,287,0,234,0,0,278
1753067193709823543,0,7,227,287,0,234,0,0,278
1753067193711811316,0,7,227,288,0,234,0,0,279
1753067193713796305,0,7,227,288,0,234,0,0,279
1753067193715787543,0,7,228,288,0,235,0,0,279
1753067193717765554,0,7,228,288,0,235,0,0,279
1753067193719805606,0,7,228,289,0,235,0,0,281
1753067193721780127,0,7,228,289,0,236,0,1,281
1753067193723828360,0,8,228,289,0,236,0,1,281
1753067193725822382,0,7,228,289,0,236,0,0,281
1753067193727840164,0,7,229,290,0,236,0,0,282
1753067193729762447,0,8,229,290,0,237,0,0,282
1753067193731800562,0,8,229,291,0,237,0,0,282
1753067193733757756,0,8,229,291,0,237,0,1,282
1753067193735758105,0,8,229,291,0,238,0,1,283
1753067193737751669,0,8,229,292,0,238,0,0,283
1753067193739791672,0,8,229,292,0,238,0,0,283
1753067193741761910,0,8,230,292,0,238,0,0,284
1753067193743752574,0,8,230,292,0,238,0,0,284
1753067193745773083,0,9,230,293,0,238,0,0,284
1753067193747779553,0,9,230,293,0,239,0,0,284
1753067193749793275,0,9,231,293,0,239,0,0,285
1753067193751783083,0,9,231,294,0,239,0,0,285
1753067193753724900,0,9,231,294,0,239,0,0,285
1753067193755761327,0,9,231,295,0,239,0,0,285
1753067193757685110,0,9,232,295,0,239,0,0,286
1753067193759694793,0,9,232,295,0,240,0,0,286
1753067193761734113,0,9,232,295,0,240,0,0,286
1753067193763707886,0,10,232,296,0,240,0,0,286
1753067193765710382,0,10,232,296,0,240,0,0,287
1753067193767762121,0,10,232,297,0,240,0,0,287
1753067193769683025,0,10,233,297,0,241,0,0,287
1753067193771715659,0,10,233,297,0,241,0,0,288
1753067193773737808,0,10,233,297,1,241,0,0,288
1753067193775747047,0,10,233,297,0,242,0,0,288
1753067193777731282,0,10,233,298,0,242,0,0,289
1753067193779700285,0,10,234,298,0,242,0,0,289
1753067193781716291,0,10,234,298,0,242,0,0,290
1753067193783629616,0,10,234,298,0,243,0,0,290
1753067193785642339,0,10,234,299,0,243,0,0,290
1753067193787662805,0,10,234,299,0,243,0,0,291
1753067193789660608,0,10,234,299,0,243,0,1,291
1753067193791608947,0,10,235,299,0,244,0,0,291
1753067193793729246,0,10,235,300,0,244,0,1,291
1753067193795612049,0,10,235,300,0,244,0,0,292
1753067193797587000,0,10,235,300,0,245,0,0,292
1753067193799588820,0,10,235,300,0,245,0,0,292
1753067193801721143,0,10,236,300,0,245,0,0,294
1753067193803617488,0,10,236,300,0,245,0,0,294
1753067193805580683,0,10,237,301,0,246,0,0,294
1753067193807598856,0,10,237,301,0,246,0,0,294
1753067193809601461,0,10,239,301,0,246,0,0,294
1753067193811602124,0,10,239,301,0,247,0,0,295
1753067193813597686,0,10,239,302,0,247,0,0,295
1753067193815648264,0,10,239,302,0,248,0,0,295
1753067193817635772,0,11,239,302,0,248,0,0,295
1753067193819522474,0,10,239,302,0,248,0,0,296
1753067193821607439,0,11,239,302,0,248,0,0,296
1753067193823548673,0,11,239,303,0,249,0,0,296
1753067193825563027,0,11,239,303,0,249,0,0,296
1753067193827579096,0,11,239,303,0,249,0,0,297
1753067193829575949,0,11,239,303,0,249,0,1,297
1753067193831588436,0,11,239,303,0,250,0,0,297
1753067193833553934,0,11,239,303,0,250,0,0,297
1753067193835530563,0,11,239,303,0,250,0,1,298
1753067193837600708,0,11,240,303,0,251,0,1,298
1753067193839584820,0,11,240,304,0,251,0,0,298
1753067193841592749,0,11,240,304,0,251,0,0,298
1753067193843553206,0,11,240,304,0,252,0,0,299
1753067193845564429,0,11,240,304,0,252,0,0,299
1753067193847513209,0,11,241,304,0,253,0,0,299
1753067193849495777,0,11,241,305,0,253,0,0,299
1753067193851506137,0,11,241,305,1,253,0,1,299
1753067193853521524,0,11,242,305,0,253,0,0,300
1753067193855557472,0,12,242,305,0,254,0,0,300
1753067193857518933,0,11,242,305,0,254,0,0,300
1753067193859542622,0,12,242,305,0,254,0,0,300
1753067193861540643,0,11,242,305,0,255,0,0,300
1753067193863550329,0,12,243,305,0,255,0,1,301
1753067193865506915,0,12,243,306,0,255,0,0,301
1753067193867483299,0,12,244,306,0,255,0,0,301
1753067193869458053,0,12,244,306,0,255,0,1,301
1753067193871472217,0,11,244,306,0,255,0,1,301
1753067193873537852,0,12,244,306,0,255,0,0,301
1753067193875541678,0,12,244,306,0,255,0,0,301
1753067193877528082,0,12,244,306,0,255,0,1,301
1753067193879514592,0,12,245,306,0,255,0,0,301
1753067193881503422,0,12,245,306,0,256,0,1,301
1753067193883465926,0,12,245,306,0,256,0,0,301
1753067193885459318,0,12,246,307,0,256,0,0,301
1753067193887429137,0,12,246,307,0,256,0,0,302
1753067193889445282,0,12,246,307,0,256,0,0,302
1753067193891401996,0,12,247,307,0,257,0,1,302
1753067193893442658,0,12,247,307,0,257,0,0,302
1753067193895446191,0,12,247,307,1,257,0,0,302
1753067193897479580,0,13,248,307,0,257,0,0,302
1753067193899414378,0,13,248,307,1,257,0,1,302
1753067193901420840,0,13,248,308,0,257,0,0,303
1753067193903403539,0,13,249,308,0,257,0,0,303
1753067193905378334,0,13,249,308,0,257,0,1,303
1753067193907385135,0,13,249,308,0,257,0,0,303
1753067193909382480,0,13,250,308,0,257,0,0,304
1753067193911401784,0,13,250,309,0,257,0,1,304
1753067193913357025,0,13,250,309,0,257,0,1,304
1753067193915425370,0,13,250,309,0,257,0,0,304
1753067193917460978,0,13,251,309,0,258,0,0,304
1753067193919407397,0,14,251,310,0,258,0,0,304
1753067193921453059,0,14,252,310,0,258,0,0,304
1753067193923406299,0,14,252,310,0,258,0,1,304
1753067193925408888,0,14,252,310,0,258,0,0,305
1753067193927403549,0,14,252,311,0,258,0,0,305
1753067193929402640,0,14,252,311,0,258,0,0,305
1753067193931416468,0,14,252,311,0,259,0,0,305
1753067193933392111,0,14,252,312,0,259,0,0,305
1753067193935437218,0,14,252,312,0,259,0,1,305
1753067193937303687,0,14,252,312,0,259,0,0,305
1753067193939353908,0,14,252,312,0,259,0,0,305
1753067193941320341,0,14,252,313,0,258,0,0,305
1753067193943373074,0,14,252,313,0,258,0,0,305
1753067193945308722,0,14,252,313,0,258,0,0,307
1753067193947372625,0,14,252,314,0,258,0,0,307
1753067193949418742,0,14,252,314,0,258,0,0,307
1753067193951397830,0,14,252,314,0,258,0,0,307
1753067193953326761,0,14,253,314,0,258,0,0,307
1753067193955355636,0,15,253,315,0,259,0,0,307
1753067193957316636,0,14,253,315,0,259,0,1,307
1753067193959309977,0,15,253,316,0,259,0,0,307
1753067193961288821,0,14,253,316,0,259,0,0,307
1753067193963381828,0,14,253,316,0,259,0,1,308
1753067193965341846,0,14,253,316,0,259,0,0,308
1753067193967332869,0,15,253,317,0,259,0,0,308
1753067193969358230,0,15,254,317,0,258,0,1,308
1753067193971347748,0,15,254,317,0,258,0,0,308
1753067193973317373,0,15,254,318,0,258,0,1,308
1753067193975349035,0,15,254,318,0,258,0,1,309
1753067193977276497,0,15,255,319,0,258,0,0,309
1753067193979258188,0,15,255,319,0,258,0,0,309
1753067193981307970,0,15,255,319,0,258,0,1,310
1753067193983315168,0,15,255,320,0,258,0,0,310
1753067193985266902,0,15,256,320,0,259,0,1,310
1753067193987270104,0,15,256,320,0,259,0,1,311
1753067193989271819,0,15,256,321,0,259,0,0,311
1753067193991292691,0,15,256,321,0,259,0,0,311
1753067193993301034,0,15,257,322,0,259,0,0,312
1753067193995300615,0,15,257,322,0,259,0,0,312
1753067193997339015,0,15,257,323,0,259,0,1,312
1753067193999296446,0,15,257,323,0,260,0,1,312
1753067194001374609,0,15,257,324,0,260,0,1,313
1753067194003302494,0,15,257,324,0,260,0,1,313
1753067194005294379,0,15,257,324,0,260,0,0,313
1753067194007256597,0,15,257,325,0,261,0,1,314
1753067194009250837,0,15,257,325,0,261,0,0,314
1753067194011265227,0,15,258,325,0,261,0,1,314
1753067194013362642,0,15,257,325,0,262,0,1,315
1753067194015365479,0,15,257,326,0,262,0,0,315
1753067194017276175,0,15,257,326,0,262,0,1,316
1753067194019203766,0,15,257,326,0,263,0,0,316
1753067194021179799,0,15,257,327,0,263,0,0,316
1753067194023208035,0,15,257,327,0,263,0,0,316
1753067194025186596,0,15,257,327,0,263,0,1,317
1753067194027230276,0,15,257,327,0,264,0,1,317
1753067194029207758,0,15,257,328,0,264,0,1,317
1753067194031205716,0,15,258,328,0,264,0,1,318
1753067194033181314,0,15,258,328,0,264,0,1,318
1753067194035203594,0,15,258,328,0,264,0,1,320
1753067194037245297,0,15,258,328,0,265,0,1,320
1753067194039260297,0,15,258,328,0,265,0,0,320
1753067194041229192,0,16,258,328,0,265,0,1,321
1753067194043238442,0,16,258,328,0,266,0,0,321
1753067194045234772,0,16,258,328,0,266,0,0,321
1753067194047152739,0,15,258,328,0,266,0,0,322
1753067194049173707,0,16,258,327,0,267,0,0,322
1753067194051198730,0,16,258,327,0,267,0,1,322
1753067194053199864,0,16,258,327,0,267,0,1,323
1753067194055192173,0,16,258,327,0,267,0,0,323
1753067194057150996,0,16,258,327,0,268,0,0,323
1753067194059119162,0,16,258,327,0,268,0,1,324
1753067194061127415,0,16,258,327,0,268,0,0,324
1753067194063209246,0,16,258,327,0,268,0,0,324
1753067194065205018,0,16,258,327,0,269,0,1,324
1753067194067183763,0,16,258,327,0,269,0,0,324
1753067194069119435,0,16,258,327,0,269,0,1,325
1753067194071121200,0,16,258,328,0,269,0,0,325
1753067194073163560,0,16,260,328,0,270,0,0,325
1753067194075169394,0,16,258,327,0,270,0,1,325
1753067194077083927,0,16,260,327,0,270,0,1,325
1753067194079135891,0,16,260,328,0,271,0,1,325
1753067194081162626,0,16,260,328,0,271,0,1,325
1753067194083139239,0,16,260,328,0,271,0,0,325
1753067194085083153,0,16,260,328,0,272,0,0,325
1753067194087068758,0,16,260,329,0,272,0,1,325
1753067194089050973,0,16,260,329,0,272,0,1,325
1753067194091135292,0,16,260,329,0,273,0,1,325
1753067194093044602,0,16,260,329,0,274,0,1,326
1753067194095150360,0,16,260,329,0,274,0,1,326
1753067194097081983,0,16,260,329,0,275,0,1,326
1753067194099230368,0,16,260,330,0,276,0,1,326
1753067194101092061,0,16,261,330,0,276,0,1,326
1753067194103058255,0,16,261,330,0,277,0,1,326
1753067194105050968,0,16,261,330,0,278,0,1,326
1753067194107162453,0,16,262,330,0,279,0,1,326
1753067194109017360,0,16,262,330,0,280,0,1,326
1753067194111094071,0,16,262,331,0,281,0,0,326
1753067194113083227,0,16,262,331,0,282,0,1,326
1753067194115067306,0,16,263,331,0,283,0,1,326
1753067194117019509,0,16,263,331,0,283,0,0,326
1753067194118963022,0,16,264,332,0,284,0,1,326
1753067194121043236,0,16,264,332,0,285,0,1,326
1753067194123097941,0,16,264,332,0,285,0,0,326
1753067194125033336,0,16,265,332,0,285,0,0,326
1753067194126979863,0,16,265,333,0,286,0,1,326
1753067194128955937,0,16,266,333,0,286,0,0,326
1753067194130991574,0,16,266,333,0,285,0,1,326
1753067194133018586,0,16,266,333,0,285,0,0,326
1753067194135000013,0,16,267,333,0,285,0,0,326
1753067194137002466,0,16,267,334,0,285,0,1,326
1753067194138945355,0,16,267,334,0,285,0,0,326
1753067194140976979,0,16,268,334,0,285,0,1,327
1753067194142946574,0,16,269,334,0,285,0,0,327
1753067194144935163,0,16,269,334,0,285,0,0,327
1753067194146948929,0,16,270,334,0,285,0,0,327
1753067194148933356,0,16,271,335,0,285,0,0,327
1753067194150966594,0,16,271,335,0,285,0,0,327
1753067194152959049,0,16,272,335,0,285,0,1,327
1753067194154922086,0,16,272,336,0,285,0,0,328
1753067194156954264,0,16,273,336,0,284,0,1,328
1753067194158903269,0,16,274,336,0,284,0,0,328
1753067194160936276,0,16,274,337,0,284,0,0,329
1753067194162894173,0,17,275,337,0,284,0,0,329
1753067194164886249,0,16,276,337,0,284,0,0,329
1753067194166918729,0,16,276,338,0,284,0,0,329
1753067194168915861,0,16,277,338,0,284,0,0,329
1753067194170917010,0,16,278,338,0,284,0,0,330
1753067194172894852,0,16,279,339,0,284,0,1,330
1753067194174901520,0,16,279,339,0,284,0,1,330
1753067194176906679,0,17,281,339,0,284,0,1,330
1753067194178905254,0,16,282,340,0,284,0,1,330
1753067194180865438,0,16,283,340,0,284,0,0,330
1753067194182895434,0,16,283,340,0,284,0,1,330
1753067194184918224,0,16,284,341,0,284,0,1,331
1753067194186895096,0,16,284,341,0,284,0,0,331
1753067194188855646,0,16,284,341,0,284,0,0,331
1753067194190852275,0,16,285,342,0,284,0,0,333
1753067194192867176,0,16,285,342,0,284,0,1,333
1753067194194828181,0,17,285,342,0,284,0,1,333
1753067194196850562,0,17,286,343,0,284,0,0,333
1753067194198842478,0,17,286,343,0,284,0,1,334
1753067194200882282,0,16,287,343,0,284,0,0,334
1753067194202864602,0,16,287,344,0,284,0,0,334
1753067194204831961,0,16,287,344,0,284,0,1,335
1753067194206921108,0,17,287,345,0,285,0,0,335
1753067194208898682,0,16,287,345,0,285,0,1,335
1753067194210853051,0,16,287,346,0,285,0,0,336
1753067194212836774,0,16,287,346,0,285,0,1,336
1753067194214948191,0,16,287,346,0,285,0,1,336
1753067194216947740,0,17,287,347,0,285,0,1,336
1753067194218861232,0,17,287,347,0,285,0,0,337
1753067194220861443,0,16,287,347,0,285,0,0,337
1753067194222840750,0,16,287,348,0,285,0,1,337
1753067194224871524,0,17,288,349,0,285,0,0,338
1753067194226885767,0,17,288,349,0,285,0,1,338
1753067194228855918,0,17,288,350,0,285,0,1,338
1753067194230890687,0,17,288,350,0,285,0,1,339
1753067194232818966,0,17,288,351,0,285,0,1,339
1753067194234825093,0,17,288,351,0,285,0,1,340
1753067194236825092,0,16,288,352,0,285,0,0,340
1753067194238790991,0,16,288,353,0,285,0,1,340
1753067194240809706,0,16,288,353,0,285,0,1,341
1753067194242822168,0,16,288,354,0,286,0,1,341
1753067194244785904,0,16,289,354,0,286,0,1,341
1753067194246748878,0,17,289,354,0,286,0,1,342
1753067194248750334,0,16,289,355,0,287,0,0,342
1753067194250782914,0,17,289,356,0,287,0,0,343
1753067194252753280,0,16,289,356,0,287,0,1,343
1753067194254790013,0,17,289,357,0,287,0,1,344
1753067194256794506,0,17,289,357,0,288,0,1,345
1753067194258758509,0,17,290,358,0,288,0,0,345
1753067194260758827,0,17,290,358,0,288,0,1,345
1753067194262772428,0,17,290,358,0,288,0,1,346
1753067194264749109,0,17,290,359,0,289,0,1,346
1753067194266757253,0,17,290,359,0,289,0,1,347
1753067194268757929,0,16,291,360,0,289,0,1,347
1753067194270759945,0,17,291,361,0,289,0,1,348
1753067194272738949,0,17,291,361,0,290,0,1,349
1753067194274677647,0,17,291,361,0,290,0,1,349
1753067194276662710,0,17,292,362,0,290,0,1,349
1753067194278720475,0,17,292,362,0,291,0,1,350
1753067194280658343,0,17,292,363,0,291,0,1,351
1753067194282705868,0,17,293,363,0,291,0,1,351
1753067194284690650,0,17,293,364,0,291,0,1,351
1753067194286718716,0,17,293,364,0,291,0,1,352
1753067194288690134,0,17,294,364,0,292,0,1,352
1753067194290705626,0,17,294,365,0,292,0,1,353
1753067194292733330,0,17,294,365,0,293,0,1,354
1753067194294713668,0,17,295,365,0,293,0,1,355
1753067194296719579,0,17,295,365,0,293,0,1,355
1753067194298692751,0,17,295,365,0,293,0,1,355
1753067194300698935,0,17,296,365,0,293,0,1,356
1753067194302666913,0,17,296,365,0,294,0,1,356
1753067194304670273,0,17,296,365,1,294,0,1,357
1753067194306713581,0,17,297,365,0,294,0,1,357
1753067194308682976,0,17,298,365,0,294,0,1,358
1753067194310647828,0,18,298,365,0,294,0,1,358
1753067194312628761,0,18,298,365,0,295,0,1,359
1753067194314703299,0,18,299,365,0,295,0,1,359
1753067194316657795,0,18,299,365,0,295,0,1,360
1753067194318706425,0,18,300,366,0,295,0,1,360
1753067194320625244,0,18,300,366,0,295,0,1,361
1753067194322649475,0,18,300,366,0,295,0,2,361
1753067194324623460,0,19,301,367,0,297,0,2,361
1753067194326591286,0,19,301,367,0,297,0,2,361
1753067194328589457,0,19,302,367,0,297,0,2,362
1753067194330591119,0,19,302,368,0,297,0,2,362
1753067194332598624,0,19,303,368,0,297,0,2,362
1753067194334602539,0,19,303,368,0,297,0,2,363
1753067194336649556,0,19,303,369,0,297,0,2,363
1753067194338646316,0,19,303,369,0,297,0,3,363
1753067194340704160,0,19,303,370,0,297,0,3,363
1753067194342572859,0,19,303,371,0,297,0,3,364
1753067194344661338,0,19,304,371,0,297,0,3,364
1753067194346539869,0,19,303,372,0,297,0,3,364
1753067194348557478,0,19,303,372,0,297,0,3,364
1753067194350559328,0,19,303,373,0,298,0,3,365
1753067194352613298,0,20,304,373,0,298,0,3,365
1753067194354556509,0,20,304,374,0,298,0,3,365
1753067194356553463,0,20,304,374,0,299,0,3,365
1753067194358573709,0,20,304,374,0,299,0,4,365
1753067194360562153,0,20,305,375,0,300,0,4,365
1753067194362584754,0,20,305,376,0,300,0,4,366
1753067194364512846,0,20,306,376,0,300,0,4,366
1753067194366537061,0,20,306,376,0,301,0,4,367
1753067194368536559,0,20,307,378,0,301,0,4,367
1753067194370540789,0,20,307,379,0,302,0,4,367
1753067194372518617,0,20,308,379,0,302,0,4,367
1753067194374475879,0,20,308,380,0,303,0,4,368
1753067194376487655,0,20,308,381,0,304,0,4,368
1753067194378531354,0,20,309,381,0,304,0,4,368
1753067194380526908,0,20,309,381,0,305,0,4,368
1753067194382587847,0,21,309,382,0,305,0,4,369
1753067194384498872,0,21,309,383,0,305,0,4,369
1753067194386539689,0,21,309,384,0,306,0,4,369
1753067194388484291,0,21,310,384,0,307,0,4,370
1753067194390495054,0,21,310,385,0,307,0,4,370
1753067194392508283,0,21,310,386,0,307,0,4,371
1753067194394517323,0,21,310,386,0,308,0,4,371
1753067194396523058,0,21,311,387,0,308,0,4,372
1753067194398479901,0,21,311,387,0,309,0,4,373
1753067194400546877,0,21,311,388,0,309,0,4,373
1753067194402479363,0,21,312,389,0,310,0,4,374
1753067194404484915,0,21,312,389,0,310,0,4,374
1753067194406471619,0,21,313,390,0,310,0,4,374
1753067194408469411,0,21,313,390,0,311,0,4,375
1753067194410481635,0,21,314,391,0,311,0,4,375
1753067194412415344,0,21,314,392,0,312,0,4,376
1753067194414446095,0,21,315,392,0,312,0,4,377
1753067194416449119,0,21,315,393,0,313,0,4,377
1753067194418379636,0,21,316,393,0,313,0,4,378
1753067194420439772,0,21,316,393,0,313,0,4,379
1753067194422403341,0,21,317,394,0,314,0,4,379
1753067194424417990,0,21,318,394,0,314,0,4,380
1753067194426461401,0,21,318,395,0,314,0,4,380
1753067194428390924,0,21,319,395,0,315,0,4,381
1753067194430462065,0,21,320,395,0,315,0,4,382
1753067194432449892,0,21,320,396,0,316,0,4,382
1753067194434441762,0,21,321,396,0,316,0,4,383
1753067194436447714,0,21,322,397,0,316,0,4,384
1753067194438472323,0,21,322,397,0,316,0,4,385
1753067194440436841,0,21,323,397,0,317,0,4,385
1753067194442418060,0,21,324,398,0,317,0,4,386
1753067194444475653,0,21,324,398,0,317,0,4,386
1753067194446403382,0,21,325,399,0,317,0,4,387
1753067194448452193,0,21,326,399,0,318,0,4,388
1753067194450447105,0,21,326,400,0,317,0,4,388
1753067194452399296,0,21,327,400,0,318,0,4,389
1753067194454414158,0,21,327,401,0,318,0,4,389
1753067194456527934,0,21,327,401,0,318,0,4,390
1753067194458526958,0,21,328,402,0,318,0,4,390
1753067194460395794,0,21,328,402,0,319,0,4,391
1753067194462329628,0,21,328,403,0,319,0,4,391
1753067194464350980,0,21,328,403,0,319,0,4,392
1753067194466362913,0,21,329,403,0,320,0,4,392
1753067194468454454,0,21,329,404,0,320,0,4,393
1753067194470389014,0,21,329,405,0,321,0,4,393
1753067194472394442,0,21,330,405,0,321,0,5,394
1753067194474326724,0,21,330,405,0,321,0,4,394
1753067194476337037,0,21,330,406,0,322,0,4,395
1753067194478337985,0,21,330,407,0,322,0,4,395
1753067194480391237,0,21,331,407,0,323,0,4,396
1753067194482365851,0,21,331,408,0,323,0,4,396
1753067194484325652,0,21,331,408,0,324,0,4,396
1753067194486338777,0,21,331,409,0,324,0,4,397
1753067194488417877,0,21,331,409,0,325,0,4,397
1753067194490437130,0,21,332,410,0,325,0,4,398
1753067194492364070,0,21,332,410,0,326,0,4,398
1753067194494408650,0,21,332,411,0,327,0,4,399
1753067194496413317,0,21,332,411,0,327,0,4,399
1753067194498356428,0,21,333,412,0,328,0,4,400
1753067194500313543,0,21,333,413,0,328,0,4,400
1753067194502299422,0,21,333,413,0,329,0,4,400
1753067194504405830,0,21,334,414,0,329,0,4,401
1753067194506279933,0,21,334,414,0,330,0,4,401
1753067194508373744,0,21,334,415,0,330,0,4,402
1753067194510380136,0,21,335,415,0,331,0,4,402
1753067194512394826,0,21,335,416,0,332,0,4,402
1753067194514336745,0,21,335,416,0,332,0,4,403
1753067194516394510,0,21,336,416,0,332,0,4,403
1753067194518285759,0,21,336,416,0,333,0,4,404
1753067194520360913,0,21,336,417,0,333,0,4,404
1753067194522299967,0,21,337,417,0,333,0,4,405
1753067194524341718,0,21,337,417,0,334,0,4,405
1753067194526375351,0,21,337,418,0,334,0,4,406
1753067194528327169,0,21,337,418,0,334,0,4,406
1753067194530388329,0,21,338,418,0,335,0,4,407
1753067194532297014,0,21,338,419,0,335,0,4,407
1753067194534305925,0,21,338,419,0,335,0,4,408
1753067194536276526,0,21,339,420,0,335,0,4,408
1753067194538337411,0,21,339,420,0,336,0,4,409
1753067194540309747,0,21,339,421,0,336,0,4,409
1753067194542279640,0,21,339,421,0,337,0,4,409
1753067194544304151,0,21,339,421,0,337,0,4,410
1753067194546320588,0,21,340,422,1,338,0,4,410
1753067194548261464,0,21,340,422,0,339,0,4,411
1753067194550318719,0,21,340,422,1,340,0,4,411
1753067194552402209,0,21,341,423,0,341,0,4,412
1753067194554378843,0,21,341,423,0,341,0,4,412
1753067194556247936,0,21,341,424,0,342,0,4,413
1753067194558248607,0,21,342,424,0,342,0,4,413
1753067194560368662,0,21,342,424,0,343,0,4,414
1753067194562426924,0,21,343,424,0,343,0,4,414
1753067194564330708,0,21,343,425,0,345,0,4,414
1753067194566395924,0,21,343,425,0,345,0,4,415
1753067194568345187,0,21,344,426,0,346,0,4,415
1753067194570348799,0,21,344,426,0,346,0,4,415
1753067194572307475,0,21,345,427,0,347,0,4,416
1753067194574351459,0,21,345,428,0,347,0,4,416
1753067194576326531,0,21,346,428,0,348,0,4,417
1753067194578265360,0,21,347,429,0,348,0,4,417
1753067194580269942,0,21,347,429,0,349,0,4,417
1753067194586294360,0,21,348,430,0,349,0,5,418
1753067194586359216,0,21,348,430,0,349,0,4,418
1753067194586406070,0,21,349,431,0,350,0,4,419
1753067194588175507,0,21,349,432,0,350,0,4,419
1753067194590131285,0,21,350,432,0,351,0,4,420
1753067194592147541,0,21,350,433,0,351,0,4,420
1753067194594117409,0,21,351,433,0,352,0,4,420
1753067194596095325,0,21,351,434,0,352,0,4,421
1753067194598100624,0,21,351,434,0,353,0,4,421
1753067194600064264,0,21,352,435,0,353,0,4,422
1753067194602066421,0,21,353,435,0,353,0,4,422
1753067194604071823,0,21,353,436,0,354,0,4,423
1753067194606114947,0,21,354,437,0,354,0,4,423
1753067194608140926,0,21,354,437,0,354,0,4,423
1753067194610155276,0,21,355,438,0,354,0,4,424
1753067194612129667,0,21,355,438,0,355,0,4,424
1753067194614093081,0,21,356,439,0,355,0,4,425
1753067194616081137,0,21,356,439,0,356,0,4,425
1753067194618118765,0,21,357,440,0,356,0,4,426
1753067194620122906,0,21,357,440,0,356,0,4,426
1753067194622097427,0,21,358,441,0,356,0,5,427
1753067194624194808,0,21,358,441,0,357,0,5,427
1753067194626150937,0,21,359,442,0,357,0,5,428
1753067194628111100,0,21,359,442,0,357,0,4,428
1753067194630126978,0,21,360,443,0,357,0,4,429
1753067194632131551,0,21,361,443,0,357,0,4,430
1753067194634125164,0,21,361,443,0,358,0,4,430
1753067194636197988,0,21,362,444,0,358,0,4,431
1753067194638142826,0,21,362,444,0,358,0,4,431
1753067194640234387,0,21,363,445,0,359,0,4,432
1753067194642119858,0,21,363,445,0,359,0,4,432
1753067194644067854,0,21,364,446,0,359,0,4,433
1753067194646089648,0,21,364,446,0,359,0,4,433
1753067194648022002,0,21,364,447,0,360,0,4,434
1753067194650040715,0,21,365,447,0,360,0,4,435
1753067194652056636,0,21,365,448,0,360,0,4,435
1753067194654175871,0,21,365,448,0,361,0,5,436
1753067194656015422,0,21,365,449,0,361,0,4,436
1753067194658088928,0,21,366,449,0,361,0,4,437
1753067194660080185,0,21,367,449,0,362,0,5,437
1753067194662045165,0,21,367,450,0,362,0,5,438
1753067194664047408,0,21,367,450,0,362,0,5,438
1753067194666030978,0,21,368,451,0,363,0,4,439
1753067194667940271,0,21,368,451,0,363,0,5,439
1753067194669943888,0,21,369,452,0,363,0,5,440
1753067194671957818,0,21,369,452,0,364,0,4,440
1753067194673987636,0,21,370,452,0,364,0,4,441
1753067194675973967,0,21,370,453,0,365,0,5,441
1753067194678048134,0,21,370,453,0,365,0,4,442
1753067194679968783,0,21,371,454,0,366,0,4,442
1753067194681962655,0,21,371,454,0,366,0,5,443
1753067194683960495,0,21,371,455,0,367,0,4,443
1753067194686017947,0,21,372,455,0,367,0,5,444
1753067194687994576,0,21,372,456,0,367,0,4,444
1753067194690007116,0,21,373,456,0,368,0,5,445
1753067194692005299,0,21,373,456,0,368,0,5,445
1753067194693937049,0,21,374,457,0,369,0,5,445
1753067194695946899,0,21,374,457,1,369,0,5,446
1753067194697982963,0,21,375,458,0,369,0,4,446
1753067194699935609,0,21,375,458,0,370,0,4,446
1753067194701971724,0,21,376,458,0,370,0,4,447
1753067194703972711,0,21,377,459,0,370,0,4,447
1753067194705979382,0,21,377,459,0,371,0,4,448
1753067194707914049,0,21,378,460,0,371,0,4,448
1753067194709880622,0,21,378,460,0,372,0,4,449
1753067194711920900,0,21,379,460,0,372,0,5,449
1753067194713916449,0,21,379,461,0,372,0,5,450
1753067194715960148,0,21,379,461,0,373,0,5,450
1753067194717929348,0,21,379,462,0,373,0,5,451
1753067194719915166,0,21,380,462,0,374,0,5,451
1753067194721903396,0,21,380,462,0,374,0,5,452
1753067194723877737,0,21,380,462,0,375,0,4,452
1753067194725954457,0,21,380,463,0,375,0,5,452
1753067194727997347,0,21,380,463,0,376,0,4,452
1753067194729922154,0,21,380,464,0,376,0,4,453
1753067194731954373,0,21,380,464,0,376,0,5,454
1753067194733889572,0,21,380,464,0,377,0,5,454
1753067194735964324,0,21,379,465,0,377,0,5,454
1753067194737890477,0,21,379,465,0,377,0,5,455
1753067194739902633,0,21,380,466,0,378,0,5,456
1753067194741937951,0,21,380,466,0,378,0,5,456
1753067194743966682,0,21,379,467,0,378,0,5,456
1753067194745873587,0,21,380,467,0,379,0,5,457
1753067194747874816,0,21,380,468,0,379,0,5,457
1753067194749825066,0,21,380,468,0,379,0,5,457
1753067194751906439,0,21,380,468,0,380,0,5,458
1753067194753880300,0,21,380,469,0,380,0,5,458
1753067194755950603,0,21,380,469,0,380,0,5,458
1753067194757893209,0,21,380,470,0,381,0,5,459
1753067194759849203,0,21,381,470,0,381,0,5,459
1753067194761865329,0,21,381,470,0,381,0,5,459
1753067194763865369,0,21,381,471,0,382,0,5,460
1753067194765869593,0,21,381,471,0,382,0,5,460
1753067194767926645,0,21,381,471,0,382,0,5,461
1753067194769905293,0,21,382,471,0,383,0,6,461
1753067194771887927,0,21,382,471,0,383,0,5,462
1753067194773846360,0,21,382,472,0,384,0,6,462
1753067194775846515,0,21,382,472,0,384,0,6,462
1753067194777765447,0,21,383,472,0,384,0,6,463
1753067194779810487,0,21,383,472,0,385,0,6,463
1753067194781827994,0,21,383,472,0,385,0,6,463
1753067194783835778,0,21,383,472,0,385,0,6,464
1753067194785859257,0,21,383,473,0,386,0,6,464
1753067194787826065,0,21,384,473,0,386,0,7,465
1753067194789840894,0,21,384,473,0,387,0,7,465
1753067194791867617,0,21,385,474,0,387,0,7,465
1753067194793906920,0,21,385,474,0,388,0,7,465
1753067194795895235,0,21,385,474,0,388,0,7,466
1753067194797907599,0,21,386,475,0,388,0,7,466
1753067194799849238,0,21,387,475,0,389,0,7,467
1753067194801897934,0,21,387,475,0,389,0,7,467
1753067194803864048,0,21,387,475,0,390,0,7,467
1753067194805847787,0,21,387,476,0,390,0,8,467
1753067194807853666,0,21,387,476,0,390,0,8,468
1753067194809806218,0,21,387,476,0,391,0,8,468
1753067194811828515,0,21,387,477,0,391,0,8,468
1753067194813818067,0,21,387,477,0,391,0,8,469
1753067194815854756,0,21,387,477,0,391,0,8,469
1753067194817831239,0,21,387,478,0,392,0,8,469
1753067194819900766,0,21,387,478,0,392,0,9,469
1753067194821838614,0,21,387,478,0,392,0,9,470
1753067194823887349,0,21,387,478,0,392,0,9,470
1753067194825870197,0,21,387,479,0,392,0,9,470
1753067194827915043,0,21,387,480,0,393,0,9,471
1753067194829904188,0,21,388,480,0,393,0,9,471
1753067194831856619,0,21,388,480,0,393,0,9,471
1753067194833816412,0,21,388,481,0,394,0,9,471
1753067194835868802,0,21,389,480,0,394,0,9,472
1753067194837880837,0,21,389,480,0,394,0,9,472
1753067194839891978,0,21,390,480,0,394,0,9,472
1753067194841896198,0,21,390,480,0,395,0,9,472
1753067194843877447,0,21,390,480,0,395,0,9,472
1753067194845863218,0,21,390,480,0,395,0,9,473
1753067194847874630,0,21,391,480,0,396,0,10,473
1753067194849860144,0,21,390,481,0,396,0,10,473
1753067194851872410,0,21,391,481,0,397,0,10,474
1753067194853884794,0,21,391,481,0,397,0,9,474
1753067194855896374,0,21,391,481,0,397,0,10,474
1753067194857870975,0,21,391,481,0,398,0,10,475
1753067194859804607,0,21,391,481,0,398,0,10,475
1753067194861725735,0,21,391,481,0,398,0,10,475
1753067194863680411,0,21,391,481,0,398,0,10,475
1753067194865736607,0,21,391,482,0,399,0,10,476
1753067194867752926,0,21,391,482,0,399,0,10,476
1753067194869706598,0,21,391,482,0,400,0,10,476
1753067194871676268,0,21,392,482,0,400,0,10,476
1753067194873687280,0,21,392,483,0,400,0,10,476
1753067194875680805,0,21,392,483,0,401,0,10,477
1753067194877642931,0,21,393,483,0,401,0,10,477
1753067194879665185,0,21,393,484,0,402,0,10,477
1753067194881693853,0,21,394,484,0,402,0,10,477
1753067194883668751,0,21,394,484,0,403,0,10,477
1753067194885690031,0,21,394,485,0,403,0,10,478
1753067194887618596,0,21,395,485,0,404,0,10,478
1753067194889672590,0,21,395,485,0,404,0,10,478
1753067194891637775,0,21,396,486,0,405,0,10,478
1753067194893572862,0,21,396,486,0,405,0,10,478
1753067194895597928,0,21,396,486,0,405,0,11,478
1753067194897625731,0,21,397,487,0,406,0,11,479
1753067194899597026,0,21,397,487,0,406,0,11,479
1753067194901632614,0,21,398,488,0,407,0,11,479
1753067194903610672,0,21,398,488,0,407,0,11,480
1753067194905622629,0,21,399,488,0,408,0,11,480
1753067194907665382,0,21,400,489,0,408,0,11,480
1753067194909596503,0,21,400,489,0,409,0,11,480
1753067194911627435,0,21,401,490,0,409,0,11,480
1753067194913591136,0,21,402,490,0,410,0,12,481
1753067194915523752,0,21,402,491,0,410,0,11,481
1753067194917572706,0,21,403,492,0,411,0,12,481
1753067194919598448,0,21,404,492,0,411,0,12,481
1753067194921633247,0,21,405,493,0,411,0,12,482
1753067194923650012,0,21,405,493,1,411,0,12,482
1753067194925631435,0,21,406,493,0,411,0,12,482
1753067194927618902,0,21,406,494,0,411,0,12,482
1753067194929626700,0,21,407,494,0,411,0,12,482
1753067194931519605,0,21,408,494,0,411,0,12,483
1753067194933545623,0,21,408,494,0,411,0,13,483
1753067194935515687,0,21,409,495,0,411,0,13,484
1753067194937505400,0,21,409,495,0,411,0,13,484
1753067194939531847,0,21,410,495,0,411,0,13,484
1753067194941481165,0,21,410,495,0,411,0,13,485
1753067194943499521,0,21,411,495,0,411,0,13,485
1753067194945509828,0,21,411,495,0,410,0,13,486
1753067194947536173,0,21,412,495,0,410,0,13,486
1753067194949485429,0,21,413,495,0,410,0,14,486
1753067194951491552,0,21,413,496,0,410,0,14,486
1753067194953490913,0,21,413,496,0,411,0,14,487
1753067194955593426,0,21,414,496,0,411,0,14,487
1753067194957480881,0,21,414,496,0,411,0,14,488
1753067194959538116,0,21,415,496,0,411,0,14,488
1753067194961541462,0,21,415,497,0,411,0,14,488
1753067194963531278,0,21,416,497,0,411,0,14,489
1753067194965599497,0,21,417,497,0,411,0,14,489
1753067194967575900,0,21,417,497,0,411,0,14,489
1753067194969515068,0,21,417,498,0,411,0,14,490
1753067194971544818,0,21,418,498,0,411,0,14,490
1753067194973543786,0,21,419,498,0,411,0,14,490
1753067194975522681,0,21,419,499,0,411,0,14,491
1753067194977483917,0,21,420,499,0,412,0,14,491
1753067194979495854,0,21,420,499,0,412,0,14,491
1753067194981500135,0,21,420,499,0,412,0,14,491
1753067194983489132,0,21,421,500,0,413,0,14,492
1753067194985460727,0,21,421,500,0,413,0,14,492
1753067194987498592,0,21,421,500,0,413,0,14,492
1753067194989492640,0,21,422,500,0,413,0,14,493
1753067194991431042,0,21,422,501,0,414,0,14,493
1753067194993468593,0,21,422,501,0,414,0,14,493
1753067194995473929,0,21,422,501,0,414,0,14,493
1753067194997507399,0,21,423,502,0,415,0,14,493
1753067194999516201,0,21,423,502,0,415,0,14,493
1753067195001514149,0,21,423,502,0,415,0,14,494
1753067195003552179,0,21,423,503,0,416,0,14,494
1753067195005546684,0,21,423,503,0,416,0,14,494
1753067195007523661,0,21,423,504,0,417,0,14,495
1753067195009474751,0,21,423,504,0,417,0,14,495
1753067195011448112,0,21,423,504,0,417,0,14,495
1753067195013474691,0,21,423,504,0,417,0,14,495
1753067195015422740,0,21,423,505,0,418,0,14,496
1753067195017376110,0,21,423,506,0,418,0,14,496
1753067195019408049,0,21,423,506,0,418,0,14,496
1753067195021372390,0,21,423,506,1,419,0,14,496
1753067195023431606,0,21,423,507,0,419,0,14,497
1753067195025388209,0,21,423,507,0,419,0,14,497
1753067195027403213,0,21,423,508,0,420,0,14,497
1753067195029265398,0,21,423,509,0,420,0,14,498
1753067195031286443,0,21,423,509,0,421,0,14,498
1753067195033295508,0,21,423,510,0,421,0,14,498
1753067195035304993,0,21,423,510,0,421,0,14,498
1753067195037322264,0,21,423,511,0,422,0,14,499
1753067195039283131,0,21,423,511,0,422,0,14,499
1753067195041305474,0,21,423,512,0,422,0,14,499
1753067195043347123,0,21,423,512,0,423,0,14,500
1753067195045254446,0,21,423,513,0,423,0,14,500
1753067195047342201,0,21,423,513,0,423,0,14,500
1753067195049231764,0,21,424,513,0,423,0,14,501
1753067195051292187,0,21,424,513,0,423,0,14,501
1753067195053354618,0,21,424,513,0,424,0,14,501
1753067195055348942,0,21,425,514,0,424,0,14,502
1753067195057322546,0,21,425,514,0,424,0,14,502
1753067195059314732,0,21,426,514,0,425,0,14,503
1753067195061315992,0,21,426,514,0,425,0,14,503
1753067195063279814,0,21,427,515,0,425,0,14,503
1753067195065341559,0,21,427,515,0,425,0,14,504
1753067195067307849,0,21,428,515,0,425,0,14,504
1753067195069294221,0,21,428,516,0,425,0,14,505
1753067195071315548,0,21,428,516,0,425,0,14,505
1753067195073315456,0,21,429,517,0,425,0,14,506
1753067195075377482,0,21,430,517,0,426,0,14,506
1753067195077354665,0,21,430,517,0,426,0,14,506
1753067195079364200,0,21,431,518,0,426,0,14,507
1753067195081313777,0,21,432,518,0,426,0,14,507
1753067195083344735,0,21,432,518,0,426,0,14,508
1753067195085302803,0,21,433,519,0,426,0,14,508
1753067195087335405,0,21,433,519,0,426,0,14,508
1753067195089293335,0,21,434,519,0,427,0,14,509
1753067195091341241,0,21,434,519,0,427,0,14,509
1753067195093311277,0,21,435,519,0,427,0,14,509
1753067195095340185,0,21,435,519,0,427,0,14,510
1753067195097296389,0,21,436,520,1,427,0,14,510
1753067195099317825,0,21,436,520,0,427,0,14,511
1753067195101375506,0,21,437,520,0,427,0,14,511
1753067195103345140,0,21,437,520,0,428,0,14,512
1753067195105337500,0,21,438,520,0,428,0,14,512
1753067195107287676,0,21,438,521,0,428,0,14,513
1753067195109246228,0,21,438,521,0,428,0,14,513
1753067195111209223,0,21,439,521,0,428,0,14,513
1753067195113224929,0,21,439,522,0,428,0,14,513
1753067195115279922,0,21,439,522,0,428,0,14,514
1753067195117335502,0,21,439,522,0,428,0,14,514
1753067195119346447,0,21,440,522,0,428,0,14,514
1753067195121284722,0,21,440,522,0,428,0,14,515
1753067195123261376,0,21,440,522,0,428,0,14,515
1753067195125288804,0,21,440,522,0,428,0,14,515
1753067195127297795,0,21,440,522,0,428,0,14,515
1753067195129282216,0,21,440,523,0,429,0,14,516
1753067195131317314,0,21,440,523,0,429,0,14,516
1753067195133271693,0,21,440,523,0,429,0,14,516
1753067195135307717,0,21,439,523,1,429,0,14,516
1753067195137219155,0,21,440,524,0,429,0,14,517
1753067195139359580,0,21,439,524,0,429,0,14,517
1753067195141212196,0,21,439,524,0,429,0,14,517
1753067195143250461,0,21,440,524,0,429,0,14,517
1753067195145234437,0,21,440,525,0,429,0,14,518
1753067195147202325,0,21,440,525,0,430,0,14,518
1753067195149210415,0,21,439,525,0,430,0,14,518
1753067195151282662,0,21,440,525,0,430,0,14,518
1753067195153239313,0,21,439,526,0,431,0,14,518
1753067195155277556,0,21,439,526,0,431,0,14,519
1753067195157266137,0,21,439,526,0,431,0,14,519
1753067195159231641,0,21,439,526,0,432,0,14,519
1753067195161212929,0,21,439,527,0,432,0,14,519
1753067195163390881,0,21,439,527,0,432,0,14,520
1753067195165207519,0,21,439,527,0,433,0,14,519
1753067195167199336,0,21,439,527,0,433,0,14,520
1753067195169162250,0,21,439,528,0,434,0,14,520
1753067195171228468,0,21,439,528,0,434,0,14,520
1753067195173164912,0,21,439,528,0,434,0,14,520
1753067195175240141,0,21,439,528,0,434,0,14,520
1753067195177170973,0,21,439,528,0,435,0,14,521
1753067195179122325,0,21,439,528,0,435,0,14,521
1753067195181119108,0,21,439,529,0,435,0,14,521
1753067195183108542,0,21,440,529,0,435,0,14,521
1753067195185125925,0,21,439,529,0,436,0,14,522
1753067195187120671,0,21,439,529,0,436,0,14,522
1753067195189083976,0,21,439,530,0,436,0,14,522
1753067195191148991,0,21,440,530,0,436,0,14,522
1753067195193073547,0,21,440,530,0,437,0,14,523
1753067195195145702,0,21,440,531,0,437,0,14,523
1753067195197177711,0,21,440,531,0,437,0,14,523
1753067195199128609,0,21,440,531,0,438,0,14,523
1753067195201182170,0,21,440,532,0,437,0,14,523
1753067195203079893,0,21,440,532,0,437,0,14,523
1753067195205039681,0,21,441,532,0,437,0,14,524
1753067195207121886,0,21,441,533,0,437,0,14,524
1753067195209015034,0,21,441,533,0,437,0,14,524
1753067195211065315,0,21,441,533,0,437,0,14,524
1753067195213133615,0,21,441,533,0,437,0,14,525
1753067195215066839,0,21,442,533,0,437,0,14,525
1753067195217044461,0,21,442,533,0,437,0,14,525
1753067195219006851,0,21,442,534,0,437,0,14,526
1753067195221017633,0,21,443,534,0,437,0,14,526
1753067195223048942,0,21,443,534,1,437,0,14,526
1753067195225035946,0,21,443,534,0,437,0,14,526
1753067195227003907,0,21,443,535,0,438,0,14,527
1753067195229016887,0,21,444,535,0,438,0,14,527
1753067195231008129,0,21,444,535,0,438,0,14,527
1753067195233026817,0,21,444,535,0,438,0,14,527
1753067195234978618,0,21,445,535,0,439,0,14,528
1753067195236982922,0,21,445,535,0,439,0,14,528
1753067195239003481,0,21,445,536,0,439,0,14,528
1753067195241048111,0,21,446,536,1,439,0,14,529
1753067195242995717,0,21,446,536,0,440,0,14,529
1753067195244956337,0,21,446,537,0,440,0,14,529
1753067195246978852,0,21,446,537,0,440,0,14,529
1753067195248993918,0,21,446,537,0,441,0,14,529
1753067195250970490,0,21,447,537,0,441,0,14,529
1753067195252949636,0,21,446,538,0,442,0,14,530
1753067195254969768,0,21,447,538,0,442,0,14,530
1753067195256935395,0,21,446,538,0,443,0,14,530
1753067195258927095,0,21,447,538,0,443,0,14,530
1753067195260957621,0,21,447,539,0,444,0,14,530
1753067195262925664,0,21,447,539,0,444,0,14,530
1753067195264957674,0,21,447,539,0,444,0,14,530
1753067195266985677,0,21,447,539,0,445,0,14,531
1753067195268984099,0,21,447,539,0,445,0,14,531
1753067195271023761,0,21,447,539,0,445,0,14,531
1753067195272938120,0,21,447,539,0,446,0,14,531
1753067195274957933,0,21,447,539,0,446,0,14,532
1753067195276889824,0,21,447,539,0,446,0,14,532
1753067195278954460,0,21,447,539,0,446,0,14,532
1753067195281001757,0,21,447,539,0,447,0,14,532
1753067195283003860,0,21,447,539,0,447,0,14,533
1753067195284934992,0,21,447,539,0,448,0,14,533
1753067195286930296,0,21,447,539,0,448,0,14,533
1753067195288895476,0,21,447,539,0,448,0,14,533
1753067195290846579,0,21,447,539,0,449,0,14,534
1753067195292884769,0,21,447,539,0,449,0,14,534
1753067195294872677,0,21,447,539,0,449,0,14,534
1753067195296880946,0,21,447,539,0,450,0,14,534
1753067195298921786,0,21,447,539,0,450,0,14,534
1753067195300938414,0,21,447,539,1,450,0,14,534
1753067195302928819,0,21,447,539,0,450,0,14,535
1753067195304873525,0,21,448,539,0,450,0,14,535
1753067195306839457,0,21,448,539,0,450,0,14,535
1753067195308835971,0,21,448,539,0,450,0,14,535
1753067195310904148,0,21,448,539,0,450,0,14,536
1753067195312863051,0,21,448,539,0,450,0,14,536
1753067195314859307,0,21,449,539,0,450,0,14,536
1753067195316857488,0,21,449,540,0,450,0,14,536
1753067195318915651,0,21,449,540,0,450,0,14,536
1753067195320893805,0,21,450,539,0,450,0,14,536
1753067195322899480,0,21,450,540,0,450,0,14,536
1753067195324820878,0,21,451,540,0,450,0,14,536
1753067195326778013,0,21,451,540,0,450,0,14,536
1753067195328816991,0,21,451,540,0,451,0,14,536
1753067195330820348,0,21,452,540,0,451,0,14,537
1753067195332847871,0,21,452,540,0,451,0,14,537
1753067195334852010,0,21,453,540,0,451,0,14,537
1753067195336878401,0,21,453,540,0,452,0,14,537
1753067195338875885,0,21,454,541,0,452,0,14,537
1753067195340838987,0,21,454,541,0,452,0,14,537
1753067195342857299,0,21,455,541,0,452,0,14,537
1753067195344849273,0,21,455,541,0,452,0,14,537
1753067195346889302,0,21,455,542,0,452,0,14,537
1753067195348833483,0,21,455,542,0,452,0,14,537
1753067195350867074,0,21,456,542,0,452,0,14,537
1753067195352778174,0,21,456,543,0,452,0,14,537
1753067195354808816,0,21,456,543,0,452,0,14,537
1753067195356822867,0,21,457,543,0,452,0,14,537
1753067195358859622,0,21,457,543,0,452,0,14,537
1753067195360756453,0,21,457,544,0,452,0,14,537
1753067195362770981,0,21,457,544,0,452,0,14,537
1753067195364741842,0,21,457,544,0,452,0,14,538
1753067195366788354,0,21,457,544,0,452,0,14,538
1753067195368752705,0,21,457,545,0,452,0,14,538
1753067195370769326,0,21,457,545,0,452,0,14,538
1753067195372813591,0,21,457,545,0,452,0,14,538
1753067195374757340,0,21,457,546,0,453,0,14,538
1753067195376735536,0,21,457,546,0,453,0,14,538
1753067195378722042,0,21,457,546,0,453,0,14,538
1753067195380754399,0,21,457,546,0,453,0,14,538
1753067195382753903,0,21,457,546,0,453,0,14,538
1753067195384750445,0,21,457,546,0,453,0,14,538
1753067195386767241,0,21,457,546,0,453,0,14,538
1753067195388694640,0,21,457,546,0,453,0,14,539
1753067195390738699,0,21,457,546,0,453,0,14,539
1753067195392720714,0,21,457,546,0,453,0,14,539
1753067195394773099,0,21,457,546,0,453,0,14,539
1753067195396785221,0,21,458,546,0,453,0,14,539
1753067195398749698,0,21,458,546,0,453,0,14,540
1753067195400697486,0,21,458,546,0,453,0,14,540
1753067195402696828,0,21,458,546,0,453,0,14,540
1753067195404766692,0,21,458,546,0,453,0,14,540
1753067195406778526,0,21,458,547,0,453,0,14,540
1753067195408709937,0,21,459,547,0,453,0,14,540
1753067195410744689,0,21,459,547,0,454,0,14,541
1753067195412676559,0,21,460,547,0,454,0,14,541
1753067195414693088,0,21,460,548,0,455,0,14,541
1753067195416620779,0,21,460,548,0,454,0,14,541
1753067195418602986,0,21,461,549,0,455,0,14,542
1753067195420549161,0,21,461,549,0,455,0,14,542
1753067195422529162,0,21,461,549,0,455,0,14,542
1753067195424540328,0,21,462,550,0,455,0,14,542
1753067195426553181,0,21,462,550,0,455,0,14,542
1753067195428559780,0,21,462,551,0,455,0,14,543
1753067195430542006,0,21,463,551,1,455,0,14,543
1753067195432543007,0,21,463,551,0,456,0,14,543
1753067195434580773,0,21,463,552,0,456,0,14,543
1753067195436544518,0,21,464,553,0,456,0,14,543
1753067195438525720,0,21,464,553,0,457,0,14,543
1753067195440526591,0,21,464,553,0,457,0,14,543
1753067195442521091,0,21,465,554,0,457,0,14,544
1753067195444518245,0,21,465,554,0,457,0,14,544
1753067195446517541,0,21,466,555,0,457,0,14,544
1753067195448514411,0,21,466,555,0,458,0,14,544
1753067195450532816,0,21,466,556,0,458,0,14,544
1753067195452521148,0,21,467,556,0,458,0,14,544
1753067195454530920,0,21,467,557,0,458,0,14,545
1753067195456535527,0,21,467,557,0,458,0,14,545
1753067195458548083,0,21,468,557,0,458,0,14,545
1753067195460566897,0,21,468,558,0,458,0,14,546
1753067195462597002,0,21,469,558,0,458,0,14,546
1753067195464549090,0,21,470,559,1,458,0,14,546
1753067195466578781,0,21,470,559,0,458,0,14,547
1753067195468540107,0,21,470,560,0,458,0,14,547
1753067195470519143,0,21,471,560,1,458,0,14,548
1753067195472508513,0,21,471,560,0,458,0,14,548
1753067195474524189,0,21,471,561,0,458,0,14,548
1753067195476529987,0,21,472,561,0,458,0,14,549
1753067195478536724,0,21,472,562,0,458,0,14,549
1753067195480547349,0,21,472,563,0,458,0,14,550
1753067195482512634,0,21,472,563,0,459,0,14,550
1753067195484563129,0,21,473,564,0,459,0,14,551
1753067195486518404,0,21,473,564,0,459,0,14,551
1753067195488497050,0,21,473,565,0,459,0,14,552
1753067195490503903,0,21,474,565,0,459,0,14,552
1753067195492530731,0,21,474,566,0,460,0,14,552
1753067195494506858,0,21,474,566,0,460,0,14,553
1753067195496510740,0,21,475,567,0,460,0,14,554
1753067195498621773,0,21,475,567,0,460,0,14,554
1753067195500563554,0,21,475,568,0,461,0,14,555
1753067195502635738,0,21,475,568,0,461,0,14,555
1753067195504615097,0,21,475,569,0,461,0,14,556
1753067195506565517,0,21,475,569,0,461,0,14,556
1753067195508558876,0,21,475,569,0,461,0,14,557
1753067195510539360,0,21,475,570,0,462,0,14,557
1753067195512494819,0,21,475,571,0,462,0,14,558
1753067195514476546,0,21,475,571,0,462,0,14,558
1753067195516527355,0,21,476,571,0,463,0,14,559
1753067195518486586,0,21,476,572,0,463,0,14,559
1753067195520479938,0,21,476,572,0,463,0,14,560
1753067195522549341,0,21,476,572,0,463,0,14,560
1753067195524548891,0,21,476,573,0,464,0,14,561
1753067195526581749,0,21,476,574,0,464,0,14,562
1753067195528618522,0,21,476,574,0,465,0,14,562
1753067195530584087,0,21,476,575,0,465,0,14,563
1753067195532527103,0,21,476,575,0,466,0,14,563
1753067195534559933,0,21,476,576,0,466,0,14,564
1753067195536475508,0,21,476,576,0,467,0,14,564
1753067195538458584,0,21,476,577,0,467,0,14,565
1753067195540471707,0,21,476,577,0,468,0,14,565
1753067195542443889,0,21,476,578,0,468,0,14,566
1753067195544480903,0,21,476,578,0,468,0,14,566
1753067195546430921,0,21,476,579,0,469,0,14,567
1753067195548442325,0,21,476,579,0,469,0,14,567
1753067195550405209,0,21,476,580,0,469,0,14,568
1753067195552457853,0,21,476,580,0,469,0,14,568
1753067195554374240,0,21,476,581,0,470,0,14,569
1753067195556365184,0,21,476,581,0,470,0,14,569
1753067195558351771,0,21,477,582,0,470,0,14,570
1753067195560368577,0,21,477,583,0,470,0,14,570
1753067195562357949,0,21,478,583,0,471,0,14,571
1753067195564399727,0,21,478,583,0,471,0,14,571
1753067195566391005,0,21,479,584,1,471,0,14,572
1753067195568375599,0,21,479,584,0,471,0,14,572
1753067195570409281,0,21,480,585,0,471,0,14,573
1753067195572355026,0,21,480,585,0,472,0,14,573
1753067195574355296,0,21,481,585,0,472,0,14,573
1753067195576349358,0,21,482,585,0,472,0,14,574
1753067195578361640,0,21,482,586,0,473,0,14,575
1753067195580372774,0,21,483,586,0,473,0,14,575
1753067195582348554,0,21,483,587,1,473,0,14,575
1753067195584332203,0,21,484,587,0,474,0,14,576
1753067195586310109,0,21,484,587,0,474,0,14,577
1753067195588319901,0,21,484,588,0,474,0,14,577
1753067195590347126,0,21,485,588,0,475,0,14,578
1753067195592304961,0,21,485,588,0,476,0,14,578
1753067195594318843,0,21,486,588,0,476,0,14,579
1753067195596338337,0,21,486,589,0,476,0,14,579
1753067195598329951,0,21,487,589,0,477,0,14,579
1753067195600319651,0,21,487,589,0,477,0,14,580
1753067195602377983,0,21,487,589,0,478,0,14,580
1753067195604337710,0,21,487,590,1,478,0,14,581
1753067195606332650,0,21,488,590,0,479,0,14,581
1753067195608318694,0,21,488,590,0,479,0,14,582
1753067195610319443,0,21,489,590,0,480,0,14,582
1753067195612273203,0,21,489,591,0,480,0,14,582
1753067195614316122,0,21,490,591,0,480,0,14,583
1753067195616248304,0,21,490,591,0,481,0,14,583
1753067195618326572,0,21,490,591,0,481,0,14,584
1753067195620343666,0,21,490,592,0,482,0,14,584
1753067195622269530,0,21,491,592,0,482,0,14,584
1753067195624240154,0,21,491,592,0,483,0,14,584
1753067195626297049,0,21,491,592,0,483,0,14,585
1753067195628281008,0,21,491,593,0,483,0,14,585
1753067195630307041,0,21,491,593,0,484,0,14,585
1753067195632337077,0,21,491,593,0,484,0,14,585
1753067195634374920,0,21,491,593,0,485,0,14,586
1753067195636356337,0,21,492,593,0,485,0,14,586
1753067195638380603,0,21,492,593,0,486,0,14,587
1753067195640347527,0,21,492,593,0,486,0,14,587
1753067195642382256,0,21,492,593,0,487,0,14,587
1753067195644337984,0,21,492,593,0,487,0,14,587
1753067195646291235,0,21,493,593,0,488,0,14,587
1753067195648274618,0,21,493,593,0,488,0,14,587
1753067195650320233,0,21,493,593,0,489,0,14,587
1753067195652305035,0,21,493,593,0,489,0,14,588
1753067195654305214,0,21,493,593,1,489,0,14,588
1753067195656293382,0,21,493,594,0,490,0,14,588
1753067195658253438,0,21,494,594,0,490,0,14,589
1753067195660201707,0,21,494,594,0,490,0,14,589
1753067195662281238,0,21,494,594,0,491,0,14,589
1753067195664228596,0,21,494,594,0,491,0,14,589
1753067195666268401,0,21,495,595,0,491,0,14,589
1753067195668271993,0,21,495,595,0,492,0,14,590
1753067195670274836,0,21,495,595,0,492,0,14,590
1753067195672273171,0,21,495,596,0,493,0,14,590
1753067195674195649,0,21,495,596,0,493,0,14,590
1753067195676240601,0,21,495,596,0,493,0,14,590
1753067195678293620,0,21,495,596,0,494,0,14,590
1753067195680234891,0,21,495,597,0,494,0,14,590
1753067195682164292,0,21,495,597,0,494,0,14,591
1753067195684212644,0,21,496,597,0,495,0,14,591
1753067195686159741,0,21,496,598,0,495,0,14,591
1753067195688215815,0,21,496,598,0,495,0,14,591
1753067195690170321,0,21,496,598,0,496,0,14,591
1753067195692185228,0,21,496,598,0,496,0,14,591
1753067195694175531,0,21,496,599,0,496,0,14,591
1753067195696239024,0,21,497,599,0,497,0,14,592
1753067195698195591,0,21,497,600,0,497,0,14,592
1753067195700199682,0,21,497,600,0,498,0,14,592
1753067195702192857,0,21,497,601,0,498,0,14,592
1753067195704176870,0,21,498,601,0,499,0,14,593
1753067195706155776,0,21,498,601,0,499,0,14,593
1753067195708182224,0,21,498,602,0,500,0,14,593
1753067195710091949,0,21,498,602,0,500,0,14,593
1753067195712097869,0,21,498,603,0,501,0,14,593
1753067195714158473,0,21,498,603,0,501,0,14,594
1753067195716130887,0,21,499,603,0,501,0,14,594
1753067195718118135,0,21,499,604,0,502,0,14,594
1753067195720161734,0,21,499,604,0,502,0,14,594
1753067195722117472,0,21,499,604,0,502,0,14,594
1753067195724085361,0,21,499,605,1,503,0,14,595
1753067195726094384,0,21,499,605,0,503,0,14,595
1753067195728061777,0,21,499,606,0,503,0,14,595
1753067195730063084,0,21,499,606,0,503,0,14,596
1753067195732130313,0,21,499,606,1,504,0,14,596
1753067195734067105,0,21,499,606,0,504,0,14,596
1753067195736077882,0,21,499,606,0,504,0,14,597
1753067195738060071,0,21,499,607,0,505,0,14,597
1753067195740086998,0,21,499,607,0,505,0,14,597
1753067195742102707,0,21,500,607,0,505,0,14,597
1753067195744040651,0,21,500,608,0,505,0,14,597
1753067195746053640,0,21,500,608,0,505,0,14,598
1753067195748094419,0,21,500,608,0,505,0,14,598
1753067195750226133,0,21,500,608,0,505,0,14,599
1753067195752084875,0,21,500,609,0,505,0,14,599
1753067195754032999,0,21,501,609,0,505,0,14,600
1753067195756003226,0,21,501,609,0,505,0,14,600
1753067195758055447,0,21,501,609,0,505,0,14,600
1753067195760052667,0,21,502,609,0,506,0,14,600
1753067195762072687,0,21,502,609,0,505,0,14,601
1753067195764034299,0,21,503,609,0,505,0,14,601
1753067195766090675,0,21,503,610,0,505,0,14,601
1753067195768052453,0,21,504,610,0,505,0,14,602
1753067195770039717,0,21,504,610,0,505,0,14,602
1753067195771982933,0,21,504,610,0,505,0,14,603
1753067195773974377,0,21,505,610,0,505,0,14,603
1753067195776010322,0,21,506,610,0,505,0,14,603
1753067195777949786,0,21,506,610,0,505,0,14,603
1753067195780026572,0,21,507,610,0,505,0,14,604
1753067195782089406,0,21,508,610,0,505,0,14,604
1753067195784192773,0,21,508,610,0,505,0,14,604
1753067195786078506,0,21,509,610,0,505,0,14,605
1753067195788149203,0,21,509,610,0,505,0,14,605
1753067195790068057,0,21,510,611,0,505,0,14,605
1753067195792000463,0,21,511,611,0,505,0,14,606
1753067195794063916,0,21,511,611,0,505,0,14,606
1753067195795996748,0,21,512,611,0,505,0,14,606
1753067195797938893,0,21,512,611,0,505,0,14,606
1753067195799994536,0,21,512,612,0,505,0,14,606
1753067195802045144,0,21,513,612,0,505,0,14,606
1753067195803929384,0,21,513,612,0,505,0,14,606
1753067195805964133,0,21,513,612,0,505,0,14,606
1753067195807968297,0,21,513,612,0,505,0,14,607
1753067195809939682,0,21,513,612,0,505,0,14,607
1753067195811940131,0,21,513,612,0,505,0,14,607
1753067195813972126,0,21,513,612,0,506,0,14,607
1753067195815953509,0,21,513,612,0,506,0,14,608
1753067195817870881,0,21,513,612,0,506,0,14,608
1753067195819890343,0,21,513,613,0,506,0,14,608
1753067195821892046,0,21,513,613,0,506,0,14,608
1753067195823939993,0,21,513,613,0,507,0,14,608
1753067195825936441,0,21,513,613,0,507,0,14,608
1753067195827906083,0,21,512,613,0,507,0,14,608
1753067195829865180,0,21,512,613,0,507,0,14,608
1753067195831898461,0,21,512,614,0,508,0,14,608
1753067195833873231,0,21,512,614,0,508,0,14,608
1753067195835896260,0,21,512,614,0,508,0,14,608
1753067195837890113,0,21,512,615,0,509,0,14,608
1753067195839919050,0,21,512,615,0,509,0,14,608
1753067195841954848,0,21,512,616,0,509,0,14,609
1753067195843959545,0,21,512,616,0,509,0,14,609
1753067195845905228,0,21,512,616,0,509,0,14,609
1753067195847887103,0,21,512,616,0,510,0,14,609
1753067195849897575,0,21,512,617,0,510,0,14,609
1753067195851887878,0,21,512,617,0,510,0,14,609
1753067195853883409,0,21,512,618,0,510,0,14,609
1753067195855883054,0,21,512,618,0,510,0,14,610
1753067195857900809,0,21,512,618,0,510,0,14,610
1753067195859939598,0,21,512,619,0,511,0,14,610
1753067195861973345,0,21,512,619,0,511,0,14,610
1753067195863970660,0,21,512,619,0,511,0,14,610
1753067195865921415,0,21,513,619,0,511,0,14,611
1753067195867917245,0,21,513,620,0,512,0,14,611
1753067195869866263,0,21,513,620,0,512,0,14,611
1753067195871844658,0,21,513,620,0,512,0,14,611
1753067195873865959,0,21,513,620,0,513,0,14,611
1753067195875878443,0,21,513,620,0,513,0,14,612
1753067195877876811,0,21,513,621,0,513,0,14,612
1753067195879859461,0,21,513,621,0,514,0,14,612
1753067195881885807,0,21,513,621,0,514,0,14,612
1753067195883837965,0,21,513,622,0,514,0,14,613
1753067195885818016,0,21,514,622,0,515,0,14,613
1753067195887825094,0,21,513,622,0,515,0,14,613
1753067195889812453,0,21,514,622,0,515,0,14,613
1753067195891845277,0,21,513,622,0,516,0,14,613
1753067195893823453,0,21,513,623,0,516,0,14,613
1753067195895776871,0,21,513,623,0,516,0,14,614
1753067195897808372,0,21,513,623,0,516,0,14,614
1753067195899820737,0,21,513,623,0,517,0,14,614
1753067195901805293,0,21,514,623,0,517,0,14,615
1753067195903778268,0,21,514,623,0,517,0,14,615
1753067195905772210,0,21,514,624,0,517,0,14,615
1753067195907774226,0,21,514,624,0,518,0,14,616
1753067195909775038,0,21,514,624,0,518,0,14,616
1753067195911822314,0,21,514,624,0,518,0,14,616
1753067195913809148,0,21,514,624,0,518,0,14,616
1753067195915825898,0,21,514,625,0,518,0,14,617
1753067195917866470,0,21,514,625,0,518,0,14,617
1753067195919753529,0,21,514,625,0,518,0,14,617
1753067195921772582,0,21,514,625,0,518,0,14,618
1753067195923727040,0,21,514,625,0,518,0,14,618
1753067195925751865,0,21,514,625,0,518,0,14,618
1753067195927799707,0,21,514,625,0,518,0,14,618
1753067195929773560,0,21,514,625,1,518,0,14,619
1753067195931742989,0,21,515,626,0,518,0,14,619
1753067195933742294,0,21,514,626,0,518,0,14,619
1753067195935760208,0,21,515,626,0,518,0,14,619
1753067195937794780,0,21,515,626,0,518,0,14,620
1753067195939734700,0,21,515,627,0,518,0,14,620
1753067195941813305,0,21,515,627,0,518,0,14,620
1753067195943764209,0,21,515,627,0,518,0,14,620
1753067195945741340,0,21,516,627,0,519,0,14,620
1753067195947858827,0,21,516,628,0,519,0,14,621
1753067195949771689,0,21,516,628,0,519,0,14,621
1753067195951788519,0,21,517,628,0,520,0,14,621
1753067195953785481,0,21,517,628,0,520,0,14,621
1753067195955732233,0,21,518,629,0,520,0,14,622
1753067195957831782,0,21,518,629,0,521,0,14,622
1753067195959838408,0,21,519,630,0,521,0,14,622
1753067195961844024,0,21,519,630,0,521,0,14,622
1753067195963856429,0,21,520,631,0,521,0,14,623
1753067195965744789,0,21,520,631,1,522,0,14,623
1753067195967788379,0,21,521,631,0,522,0,14,623
1753067195969680702,0,21,522,631,0,523,0,14,623
1753067195971719365,0,21,522,632,0,523,0,14,623
1753067195973681153,0,21,523,632,0,523,0,14,623
1753067195975744915,0,21,523,634,0,523,0,14,624
1753067195977693697,0,21,524,634,0,523,0,14,624
1753067195979777440,0,21,524,634,0,523,0,14,624
1753067195981730002,0,21,525,634,0,523,0,14,625
1753067195983698583,0,21,525,635,0,523,0,14,625
1753067195985791773,0,21,526,635,0,523,0,14,625
1753067195987718476,0,21,526,636,0,523,0,14,625
1753067195989649821,0,21,527,636,0,524,0,14,626
1753067195991688424,0,21,527,636,0,523,0,14,626
1753067195993685795,0,21,527,636,0,523,0,14,626
1753067195995646884,0,21,528,636,0,524,0,14,627
1753067195997629013,0,21,529,636,0,524,0,14,627
1753067195999674110,0,21,529,636,0,524,0,14,627
1753067196001675211,0,21,529,637,0,524,0,14,627
1753067196003681925,0,21,529,637,0,524,0,14,627
1753067196005606348,0,21,530,637,0,524,0,14,628
1753067196007590065,0,21,530,638,0,524,0,14,628
1753067196009553109,0,21,531,638,0,524,0,14,628
1753067196011560897,0,21,531,638,1,524,0,14,628
1753067196013581827,0,21,531,638,0,524,0,14,629
1753067196015717781,0,21,531,639,0,524,0,14,629
1753067196017585098,0,21,532,639,0,524,0,14,630
1753067196019584616,0,21,532,639,0,524,0,14,630
1753067196021588091,0,21,532,640,0,525,0,14,630
1753067196023561489,0,21,532,640,0,525,0,14,631
1753067196025551363,0,21,532,640,0,525,0,14,631
1753067196027577511,0,21,532,641,0,525,0,14,631
1753067196029566469,0,21,532,641,1,526,0,14,632
1753067196031599306,0,21,532,642,0,526,0,14,632
1753067196033600100,0,21,532,642,0,526,0,14,632
1753067196035589460,0,21,532,643,0,526,0,14,633
1753067196037555084,0,21,532,643,0,527,0,14,633
1753067196039528769,0,21,532,644,0,527,0,14,633
1753067196041544280,0,21,532,645,1,528,0,14,634
1753067196043514421,0,21,532,645,0,528,0,14,634
1753067196045621226,0,21,532,645,0,528,0,14,634
1753067196047527514,0,21,532,646,0,528,0,14,634
1753067196049560179,0,21,532,646,0,529,0,14,635
1753067196051504613,0,21,532,647,0,529,0,14,635
1753067196053524382,0,21,532,647,0,529,0,14,636
1753067196055683636,0,21,532,648,0,530,0,14,636
1753067196057599135,0,21,532,649,0,530,0,14,636
1753067196059587875,0,21,532,649,0,530,0,14,637
1753067196061680030,0,21,532,650,0,530,0,14,637
1753067196063676976,0,21,532,650,0,530,0,14,637
1753067196065524705,0,21,532,650,0,531,0,14,638
1753067196067525557,0,21,533,650,0,531,0,14,638
1753067196069508306,0,21,533,651,0,532,0,14,639
1753067196071566592,0,21,533,651,0,533,0,14,639
1753067196073596592,0,21,533,652,0,533,0,14,640
1753067196075588083,0,21,533,652,0,534,0,14,640
1753067196077601059,0,21,534,652,0,535,0,14,641
1753067196079602795,0,21,534,652,0,535,0,14,641
1753067196081605529,0,21,534,653,1,535,0,14,642
1753067196083560305,0,21,535,653,0,536,0,14,642
1753067196085561491,0,21,535,654,0,536,0,14,642
1753067196087466977,0,21,535,654,0,536,0,14,643
1753067196089401892,0,21,536,654,0,536,0,14,643
1753067196091448371,0,21,536,655,0,537,0,14,644
1753067196093471998,0,21,536,655,0,537,0,14,644
1753067196095421167,0,21,536,655,0,537,0,14,644
1753067196097508285,0,21,536,655,0,537,0,14,645
1753067196099449525,0,21,536,655,0,537,0,14,645
1753067196101507663,0,21,536,656,0,537,0,14,646
1753067196103539051,0,21,536,656,0,537,0,14,646
1753067196105453258,0,21,536,656,0,537,0,14,647
1753067196107471692,0,21,536,656,0,537,0,14,647
1753067196109408019,0,21,536,656,0,537,0,14,647
1753067196111397768,0,21,536,657,0,537,0,14,648
1753067196113382558,0,21,536,657,0,537,0,14,648
1753067196115386123,0,21,537,657,1,538,0,14,648
1753067196117409810,0,21,537,657,0,538,0,14,649
1753067196119445594,0,21,537,657,0,538,0,14,649
1753067196121410257,0,21,537,658,0,538,0,14,650
1753067196123432359,0,21,537,658,0,539,0,14,650
1753067196125383205,0,21,538,658,0,539,0,14,651
1753067196127470432,0,21,538,658,0,539,0,14,651
1753067196129402522,0,21,539,659,0,539,0,14,651
1753067196131365597,0,21,539,659,1,539,0,14,652
1753067196133334454,0,21,540,659,0,540,0,14,652
1753067196135325596,0,21,540,659,1,540,0,14,652
1753067196137384204,0,21,540,659,1,541,0,14,653
1753067196139403419,0,21,541,660,0,541,0,14,653
1753067196141381211,0,21,541,660,1,542,0,14,653
1753067196143396318,0,21,542,660,0,542,0,14,654
1753067196145352402,0,21,542,660,0,543,0,14,654
1753067196147364325,0,21,543,661,0,543,0,14,655
1753067196149347232,0,21,543,661,0,544,0,14,655
1753067196151338289,0,21,544,662,0,544,0,14,655
1753067196153307867,0,21,545,662,0,544,0,14,655
1753067196155320653,0,21,545,663,1,545,0,14,655
1753067196157319918,0,21,546,663,0,545,0,14,655
1753067196159287681,0,21,546,664,0,545,0,14,656
1753067196161326335,0,21,547,664,0,545,0,14,656
1753067196163278440,0,21,547,664,0,546,0,14,656
1753067196165281847,0,21,547,664,0,546,0,14,656
1753067196167261064,0,21,548,666,0,547,0,14,657
1753067196169277599,0,21,549,666,0,547,0,14,657
1753067196171256275,0,21,550,666,0,547,0,14,657
1753067196173253380,0,21,550,667,0,548,0,14,658
1753067196175267318,0,21,550,667,0,548,0,14,658
1753067196177239040,0,21,551,668,0,548,0,14,658
1753067196179260265,0,21,551,668,0,549,0,14,659
1753067196181257052,0,21,552,668,0,549,0,14,659
1753067196183307653,0,21,552,669,0,549,0,14,659
1753067196185343151,0,21,553,669,0,549,0,14,659
1753067196187278618,0,21,553,670,0,550,0,14,660
1753067196189268000,0,21,554,670,1,550,0,14,660
1753067196191269898,0,21,554,670,0,550,0,14,660
1753067196193270274,0,21,555,671,0,551,0,14,661
1753067196195278335,0,21,555,671,0,551,0,14,661
1753067196197188196,0,21,556,671,0,551,0,14,661
1753067196199225424,0,21,556,672,1,551,0,14,662
1753067196201193045,0,21,556,672,0,551,0,14,662
1753067196203206078,0,21,557,672,0,552,0,14,662
1753067196205234995,0,21,557,673,0,552,0,14,663
1753067196207265057,0,21,557,673,1,552,0,14,663
1753067196209236074,0,21,558,674,0,552,0,14,663
1753067196211203603,0,21,558,674,0,552,0,14,664
1753067196213212513,0,21,558,674,0,553,0,14,664
1753067196215212617,0,21,559,675,0,553,0,14,665
1753067196217215293,0,21,559,675,0,553,0,14,665
1753067196219241577,0,21,560,676,0,554,0,14,666
1753067196221255190,0,21,560,676,0,554,0,14,666
1753067196223231452,0,21,561,676,0,554,0,14,667
1753067196225169624,0,21,561,677,1,555,0,14,667
1753067196227142073,0,21,562,678,0,555,0,14,667
1753067196229207102,0,21,562,678,0,556,0,14,668
1753067196231202826,0,21,562,678,0,556,0,14,668
1753067196233205281,0,21,563,679,0,556,0,14,669
1753067196235240498,0,21,563,679,0,556,0,14,669
1753067196237194136,0,21,563,680,0,556,0,14,669
1753067196239185096,0,21,563,680,0,556,0,14,670
1753067196241225143,0,21,563,681,0,557,0,14,670
1753067196243200184,0,21,563,681,0,557,0,14,670
1753067196245163499,0,21,563,682,0,557,0,14,671
1753067196247187107,0,21,563,682,0,557,0,14,671
1753067196249206991,0,21,563,683,0,557,0,14,672
1753067196251215599,0,21,563,683,0,558,0,14,672
1753067196253205416,0,21,563,684,0,558,0,14,673
1753067196255158710,0,21,563,684,0,558,0,14,674
1753067196257233099,0,21,563,685,0,559,0,14,674
1753067196259181445,0,21,563,685,0,559,0,14,674
1753067196261179470,0,21,563,686,0,559,0,14,675
1753067196263174693,0,21,563,686,1,560,0,14,675
1753067196265166944,0,21,564,687,0,560,0,14,676
1753067196267202558,0,21,564,687,0,560,0,14,676
1753067196269150968,0,21,565,688,0,560,0,14,676
1753067196271221488,0,21,565,688,0,561,0,14,677
1753067196273132693,0,21,565,689,0,561,0,14,677
1753067196275126171,0,21,566,689,0,561,0,14,678
1753067196277069821,0,21,566,689,0,561,0,14,678
1753067196279108840,0,21,567,690,0,562,0,14,679
1753067196281191800,0,21,567,691,0,562,0,14,679
1753067196283152842,0,21,568,691,0,562,0,14,680
1753067196285159883,0,21,568,692,0,563,0,14,680
1753067196287100320,0,21,569,692,0,563,0,14,681
1753067196289140715,0,21,570,692,0,563,0,14,681
1753067196291132043,0,21,571,693,0,563,0,14,682
1753067196293133117,0,21,571,693,1,564,0,14,682
1753067196295172434,0,21,571,693,0,564,0,14,683
1753067196297130768,0,21,572,694,0,564,0,14,683
1753067196299139002,0,21,572,694,0,565,0,14,684
1753067196301058131,0,21,573,695,0,565,0,14,684
1753067196303172287,0,21,574,695,0,565,0,14,685
1753067196305058073,0,21,575,696,0,566,0,14,685
1753067196307043902,0,21,575,696,0,566,0,14,686
1753067196309065462,0,21,576,696,0,566,0,14,686
1753067196311041414,0,21,577,698,0,566,0,14,686
1753067196313029266,0,21,577,698,0,567,0,14,687
1753067196315179376,0,21,578,698,0,567,0,14,688
1753067196317103341,0,21,579,699,0,567,0,14,688
1753067196319079702,0,21,579,699,1,567,0,14,688
1753067196321072234,0,21,580,700,0,568,0,14,689
1753067196323054742,0,21,580,700,0,568,0,14,690
1753067196325014400,0,21,580,700,0,568,0,14,690
1753067196327056596,0,21,581,701,0,568,0,14,690
1753067196329023751,0,21,581,701,0,568,0,14,691
1753067196330996358,0,21,581,701,0,568,0,14,691
1753067196333002949,0,21,581,701,0,568,0,14,691
1753067196334971902,0,21,581,702,0,568,0,14,692
1753067196337024025,0,21,581,702,0,569,0,14,692
1753067196339054886,0,21,581,703,0,569,0,14,693
1753067196341021855,0,21,581,703,0,569,0,14,693
1753067196343001197,0,21,581,703,0,570,0,14,694
1753067196344990824,0,21,581,704,0,570,0,14,694
1753067196346981030,0,21,581,704,0,570,0,14,695
1753067196348965955,0,21,581,704,0,571,0,14,695
1753067196350950683,0,21,581,704,0,571,0,14,696
1753067196352973199,0,21,581,705,0,572,0,14,696
1753067196355023759,0,21,581,705,0,572,0,14,697
1753067196356962470,0,21,581,705,0,572,0,14,697
1753067196358993252,0,21,582,705,0,573,0,14,697
1753067196360982809,0,21,582,706,0,573,0,14,698
1753067196362965366,0,21,582,706,0,574,0,14,698
1753067196365075349,0,21,582,706,1,574,0,14,698
1753067196366960395,0,21,582,706,0,575,0,14,699
1753067196368922177,0,21,582,707,0,575,0,14,699
1753067196370936603,0,21,582,707,0,576,0,14,699
1753067196372916847,0,21,583,708,0,576,0,14,699
1753067196374989727,0,21,583,708,0,577,0,14,700
1753067196377000217,0,21,584,709,0,577,0,14,700
1753067196378883875,0,21,584,710,0,578,0,14,700
1753067196380908762,0,21,584,710,0,578,0,14,701
1753067196382944684,0,21,584,711,0,579,0,14,701
1753067196384917080,0,21,584,711,0,580,0,14,702
1753067196386969846,0,21,585,712,0,580,0,14,702
1753067196388941644,0,21,585,712,1,580,0,14,702
1753067196390883169,0,21,585,713,0,581,0,14,703
1753067196392896978,0,21,585,714,0,581,0,14,703
1753067196394915963,0,21,585,714,0,581,0,14,703
1753067196396854177,0,21,586,715,0,581,0,14,704
1753067196398889303,0,21,586,715,0,582,0,14,704
1753067196400933803,0,21,587,716,0,582,0,14,704
1753067196402973568,0,21,587,716,0,582,0,14,705
1753067196404845759,0,21,588,717,0,583,0,14,705
1753067196406841970,0,21,588,717,0,583,0,14,705
1753067196408847273,0,21,588,718,0,583,0,14,706
1753067196410888864,0,21,588,718,0,584,0,14,706
1753067196412833345,0,21,588,719,0,584,0,14,707
1753067196414852622,0,21,589,719,0,584,0,14,707
1753067196416795565,0,21,589,719,0,585,0,14,707
1753067196418839542,0,21,589,720,0,585,0,14,708
1753067196420851615,0,21,589,720,0,585,0,14,708
1753067196422853739,0,21,590,720,0,586,0,14,709
1753067196424796887,0,21,590,721,0,586,0,14,709
1753067196426869516,0,21,591,721,0,587,0,14,710
1753067196428790598,0,21,591,721,0,587,0,14,710
1753067196430795609,0,21,591,722,0,587,0,14,711
1753067196432904673,0,21,592,722,0,587,0,14,711
1753067196434844050,0,21,592,723,0,588,0,14,712
1753067196436825396,0,21,592,723,0,588,0,14,712
1753067196438746578,0,21,593,723,0,588,0,14,713
1753067196440740174,0,21,593,724,0,588,0,14,713
1753067196442710516,0,21,593,724,0,589,0,14,714
1753067196444775393,0,21,594,724,0,589,0,14,714
1753067196446723591,0,21,594,725,0,589,0,14,714
1753067196448756797,0,21,595,725,0,590,0,14,715
1753067196450759295,0,21,595,725,0,590,0,14,715
1753067196452905644,0,21,595,725,0,590,0,14,715
1753067196454813461,0,21,596,726,0,591,0,14,716
1753067196456855386,0,21,596,726,1,591,0,14,716
1753067196458839455,0,21,597,726,1,591,0,14,717
1753067196460742860,0,21,597,727,0,592,0,14,717
1753067196462747039,0,21,598,727,0,592,0,14,718
1753067196464781385,0,21,598,727,0,592,0,14,718
1753067196466766999,0,21,599,728,1,593,0,14,719
1753067196468747347,0,21,599,728,0,593,0,14,719
1753067196470789858,0,21,600,728,0,593,0,14,720
1753067196472730834,0,21,600,728,0,594,0,14,720
1753067196474747488,0,21,600,730,0,594,0,14,721
1753067196476795620,0,21,600,730,1,594,0,14,721
1753067196478760328,0,21,601,731,0,594,0,14,721
1753067196480788217,0,21,601,731,0,595,0,14,722
1753067196482745450,0,21,601,731,0,595,0,14,722
1753067196484686698,0,21,601,732,1,596,0,14,723
1753067196486710643,0,21,601,732,0,596,0,14,723
1753067196488719752,0,21,602,733,0,596,0,14,724
1753067196490813531,0,21,602,733,0,597,0,14,724
1753067196492739727,0,21,602,733,0,597,0,14,724
1753067196494771537,0,21,602,733,0,597,0,14,725
1753067196496744559,0,21,602,734,0,598,0,14,725
1753067196498760974,0,21,602,734,0,598,0,14,725
1753067196500777264,0,21,602,734,0,599,0,14,725
1753067196502777868,0,21,602,735,0,599,0,14,726
1753067196504707157,0,21,602,735,0,599,0,14,726
1753067196506749453,0,21,602,735,1,600,0,14,727
1753067196508750792,0,21,602,735,0,600,0,14,727
1753067196510700690,0,21,603,736,0,601,0,14,727
1753067196512626803,0,21,603,736,0,601,0,14,728
1753067196514636131,0,21,603,736,0,601,0,14,728
1753067196516664559,0,21,603,737,0,601,0,14,729
1753067196518660628,0,21,603,737,0,601,0,14,729
1753067196520654317,0,21,602,738,0,601,0,14,729
1753067196522663291,0,21,603,738,0,601,0,14,730
1753067196524612003,0,21,603,738,0,601,0,14,730
1753067196526698942,0,21,603,739,0,601,0,14,730
1753067196528649840,0,21,603,739,0,601,0,14,731
1753067196530642698,0,21,602,740,0,601,0,14,731
1753067196532612305,0,21,603,740,0,602,0,14,731
1753067196534611400,0,21,603,741,0,602,0,14,731
1753067196536673852,0,21,603,741,0,602,0,14,732
1753067196538566302,0,21,603,741,1,602,0,14,732
1753067196540537206,0,21,603,742,1,603,0,14,732
1753067196542655394,0,21,603,742,1,603,0,14,732
1753067196544557767,0,21,603,742,0,603,0,14,733
1753067196546552063,0,21,604,742,0,604,0,14,733
1753067196548571908,0,21,604,742,0,604,0,14,734
1753067196550634041,0,21,604,742,0,605,0,14,734
1753067196552569169,0,21,604,743,0,605,0,14,734
1753067196554576707,0,21,604,743,0,606,0,14,735
1753067196556574427,0,21,604,743,0,606,0,14,735
1753067196558607724,0,21,604,742,0,607,0,14,735
1753067196560607189,0,21,604,743,0,607,0,14,736
1753067196562647091,0,21,604,743,0,608,0,14,736
1753067196564617908,0,21,604,743,0,608,0,14,736
1753067196566579736,0,21,604,743,0,609,0,14,737
1753067196568564495,0,21,604,743,0,609,0,14,737
1753067196570556655,0,21,604,743,0,610,0,14,737
1753067196572567769,0,21,604,743,0,610,0,14,738
1753067196574535343,0,21,604,743,0,610,0,14,738
1753067196576552874,0,21,603,743,0,610,0,14,738
1753067196578531813,0,21,604,743,0,610,0,14,738
1753067196580608346,0,21,603,743,0,611,0,14,738
1753067196582522285,0,21,603,743,0,611,0,14,738
1753067196584527783,0,21,604,744,0,611,0,14,739
1753067196586514830,0,21,604,744,0,611,0,14,739
1753067196588543852,0,21,604,744,0,611,0,14,739
1753067196590498721,0,21,604,744,0,612,0,14,740
1753067196592514792,0,21,604,744,0,612,0,14,740
1753067196594606363,0,21,604,745,0,612,0,14,740
1753067196596531741,0,21,604,745,0,612,0,14,740
1753067196598605621,0,21,604,745,0,613,0,14,740
1753067196600573910,0,21,604,745,0,613,0,14,740
1753067196602580731,0,21,604,745,0,613,0,14,740
1753067196604604676,0,21,605,745,0,614,0,14,740
1753067196606562390,0,21,605,745,0,614,0,14,740
1753067196608524582,0,21,605,746,0,614,0,14,740
1753067196610575087,0,21,605,745,0,615,0,14,740
1753067196612552262,0,21,605,746,0,615,0,14,740
1753067196614573044,0,21,606,746,0,615,0,14,740
1753067196616518583,0,21,606,746,0,616,0,14,741
1753067196618528624,0,21,606,746,0,616,0,14,741
1753067196620553285,0,21,606,747,0,617,0,14,741
1753067196622459218,0,21,606,747,1,617,0,14,741
1753067196624457271,0,21,607,747,0,618,0,14,740
1753067196626526189,0,21,607,747,0,618,0,14,741
1753067196628505216,0,21,607,747,0,618,0,14,741
1753067196630532490,0,21,607,747,0,618,0,14,741
1753067196632527677,0,21,607,748,0,619,0,14,741
1753067196634434331,0,21,607,748,0,619,0,14,741
1753067196636550944,0,21,608,748,0,619,0,14,741
1753067196638585631,0,21,608,748,0,620,0,14,741
1753067196640445351,0,21,608,749,0,620,0,14,741
1753067196642467200,0,21,608,749,1,621,0,14,741
1753067196644494983,0,21,609,749,0,621,0,14,741
1753067196646477627,0,21,609,750,0,621,0,14,741
1753067196648574115,0,21,609,750,0,622,0,14,741
1753067196650461004,0,21,610,750,0,622,0,14,741
1753067196652448443,0,21,610,751,0,622,0,14,741
1753067196654418509,0,21,611,751,0,622,0,14,741
1753067196656390603,0,21,611,751,0,622,0,14,741
1753067196658383228,0,21,611,751,0,623,0,14,741
1753067196660445913,0,21,612,751,1,623,0,14,741
1753067196662412899,0,21,612,752,0,623,0,14,741
1753067196664456970,0,21,613,752,0,623,0,14,742
1753067196666431782,0,21,613,752,0,623,0,14,742
1753067196668375307,0,21,613,752,0,624,0,14,742
1753067196670383814,0,21,614,753,0,624,0,14,742
1753067196672413916,0,21,614,753,0,624,0,14,743
1753067196674459336,0,21,615,753,0,624,0,14,743
1753067196676488268,0,21,615,753,0,624,0,14,743
1753067196678385879,0,21,615,754,0,624,0,14,744
1753067196680385368,0,21,616,754,0,624,0,14,744
1753067196682367934,0,21,617,754,1,624,0,14,744
1753067196684339785,0,21,617,754,0,624,0,14,745
1753067196686368927,0,21,617,754,0,624,0,14,745
1753067196688336646,0,21,618,754,0,624,0,14,746
1753067196690381417,0,21,618,754,0,624,0,14,746
1753067196692387447,0,21,619,754,0,624,0,14,746
1753067196694359916,0,21,619,755,0,624,0,14,746
1753067196696310622,0,21,619,755,0,624,0,14,747
1753067196698358216,0,21,620,755,0,624,0,14,747
1753067196700305446,0,21,620,755,0,624,0,14,747
1753067196702311783,0,21,620,755,1,624,0,14,747
1753067196704327293,0,21,621,755,0,624,0,14,747
1753067196706331936,0,21,621,756,0,624,0,14,747
1753067196708314116,0,21,621,756,0,624,0,14,748
1753067196710291159,0,21,621,756,0,624,0,14,748
1753067196712278093,0,21,621,756,0,624,0,14,749
1753067196714270632,0,21,621,756,0,624,0,14,749
1753067196716307918,0,21,621,756,0,624,0,14,749
1753067196718248579,0,21,621,757,0,624,0,14,750
1753067196720279595,0,21,621,757,0,624,0,14,750
1753067196722275803,0,21,621,757,0,624,0,14,750
1753067196724232213,0,21,621,757,0,624,0,14,750
1753067196726259661,0,21,621,757,0,624,0,14,751
1753067196728309501,0,21,621,757,1,624,0,14,751
1753067196730281712,0,21,621,757,0,624,0,14,751
1753067196732282688,0,21,621,758,0,624,0,14,752
1753067196734277427,0,21,621,758,0,624,0,14,752
1753067196736260313,0,21,621,758,0,624,0,14,752
1753067196738248313,0,21,621,758,0,624,0,14,752
1753067196740243810,0,21,621,758,0,624,0,14,752
1753067196742271768,0,21,621,759,0,624,0,14,753
1753067196744314119,0,21,621,759,0,625,0,14,753
1753067196746227370,0,21,621,759,0,625,0,14,753
1753067196748257053,0,21,621,759,0,625,0,14,753
1753067196750217052,0,21,621,759,0,626,0,14,754
1753067196752217579,0,21,621,759,0,626,0,14,754
1753067196754205730,0,21,621,760,0,626,0,14,754
1753067196756220316,0,21,621,760,0,626,0,14,754
1753067196758225420,0,21,621,760,0,627,0,14,754
1753067196760247003,0,21,621,760,0,627,0,14,754
1753067196762241982,0,21,621,760,0,627,0,14,754
1753067196764237795,0,21,621,760,0,627,0,14,754
1753067196766240384,0,21,621,760,0,628,0,14,754
1753067196768227450,0,21,622,760,0,628,0,14,755
1753067196770252180,0,21,622,761,0,629,0,14,755
1753067196772218316,0,21,622,761,0,629,0,14,755
1753067196774248704,0,21,623,761,0,629,0,14,755
1753067196776155075,0,21,624,760,0,630,0,14,755
1753067196778198040,0,21,624,761,0,630,0,14,755
1753067196780245244,0,21,624,761,0,630,0,14,756
1753067196782270911,0,21,624,761,0,631,0,14,756
1753067196784216408,0,21,624,761,0,631,0,14,756
1753067196786268221,0,21,625,761,0,631,0,14,757
1753067196788164831,0,21,625,761,0,631,0,14,757
1753067196790263463,0,21,625,761,0,631,0,14,757
1753067196792213065,0,21,625,762,0,632,0,14,757
1753067196794298319,0,21,625,762,0,632,0,14,757
1753067196796164710,0,21,625,762,0,632,0,14,757
1753067196798207104,0,21,625,762,0,633,0,14,757
1753067196800180614,0,21,625,762,0,633,0,14,758
1753067196802227615,0,21,625,762,0,633,0,14,758
1753067196804229092,0,21,625,763,0,634,0,14,758
1753067196806157449,0,21,625,763,0,634,0,14,758
1753067196808173854,0,21,625,763,0,634,0,14,758
1753067196810164572,0,21,625,764,0,635,0,14,758
1753067196812162451,0,21,625,764,0,635,0,14,758
1753067196814129468,0,21,625,764,0,635,0,14,758
1753067196816193642,0,21,625,764,0,636,0,14,758
1753067196818202761,0,21,625,765,0,636,0,14,758
1753067196820213360,0,21,625,765,0,636,0,14,758
1753067196822333242,0,21,625,765,0,637,0,14,759
1753067196824244799,0,21,625,766,0,637,0,14,759
1753067196826212570,0,21,625,766,0,637,0,14,759
1753067196828221713,0,21,625,766,0,637,0,14,759
1753067196830233042,0,21,625,766,0,637,0,14,759
1753067196832169227,0,21,625,766,0,638,0,14,759
1753067196834174192,0,21,625,767,0,638,0,14,759
1753067196836181875,0,21,626,767,0,638,0,14,759
1753067196838196054,0,21,626,767,0,638,0,14,760
1753067196840167496,0,21,626,767,0,639,0,14,760
1753067196842105066,0,21,626,768,0,639,0,14,760
1753067196844116907,0,21,626,768,0,639,0,14,760
1753067196846192639,0,21,626,768,0,639,0,14,761
1753067196848119343,0,21,627,769,0,639,0,14,761
1753067196850146737,0,21,627,769,0,639,0,14,761
1753067196852143441,0,21,627,769,0,639,0,14,761
1753067196854030316,0,21,627,770,0,639,0,14,761
1753067196856057938,0,21,628,770,0,639,0,14,762
1753067196858128181,0,21,628,770,1,639,0,14,762
1753067196860244390,0,21,629,770,0,639,0,14,762
1753067196862091754,0,21,629,770,0,639,0,14,762
1753067196864170585,0,21,630,771,0,639,0,14,763
1753067196866073598,0,21,630,771,0,639,0,14,763
1753067196868242616,0,21,630,771,0,640,0,14,763
1753067196870135152,0,21,631,771,0,640,0,14,764
1753067196872261096,0,21,631,771,0,640,0,14,764
1753067196874114300,0,21,631,772,0,640,0,14,764
1753067196876227561,0,21,632,772,1,640,0,14,765
1753067196878127510,0,21,632,772,0,640,0,14,765
1753067196880014198,0,21,633,772,0,640,0,14,765
1753067196882091098,0,21,633,772,0,641,0,14,766
1753067196884001770,0,21,633,772,0,641,0,14,766
1753067196886060946,0,21,633,773,0,641,0,14,766
1753067196888070327,0,21,634,773,0,641,0,14,766
1753067196890070290,0,21,634,773,0,641,0,14,767
1753067196891990645,0,21,634,773,0,642,0,14,767
1753067196893910675,0,21,634,773,0,642,0,14,767
1753067196895912726,0,21,634,774,0,642,0,14,767
1753067196897951448,0,21,634,774,0,642,0,14,767
1753067196899970652,0,21,634,774,0,642,0,14,767
1753067196901943861,0,21,634,774,0,642,0,14,768
1753067196903950296,0,21,634,775,0,642,0,14,768
1753067196906030030,0,21,634,775,0,642,0,14,768
1753067196907974865,0,21,634,775,0,642,0,14,768
1753067196910020636,0,21,634,776,0,642,0,14,768
1753067196911975214,0,21,634,776,0,642,0,14,768
1753067196913981856,0,21,634,776,0,642,0,14,769
1753067196915956342,0,21,634,776,0,642,0,14,769
1753067196917908370,0,21,634,777,0,642,0,14,769
1753067196919948296,0,21,634,777,0,642,0,14,769
1753067196921919389,0,21,634,777,0,642,0,14,769
1753067196923900569,0,21,634,778,0,642,0,14,769
1753067196925927131,0,21,634,778,0,642,0,14,769
1753067196927946938,0,21,634,779,0,642,0,14,770
1753067196929935080,0,21,634,779,0,642,0,14,770
1753067196931981997,0,21,634,779,0,642,0,14,770
1753067196933967644,0,21,635,780,0,642,0,14,770
1753067196935939830,0,21,635,780,0,642,0,14,771
1753067196937962260,0,21,635,781,0,642,0,14,771
1753067196939925534,0,21,635,781,0,642,0,14,771
1753067196941921401,0,21,635,781,0,642,0,14,772
1753067196943899622,0,21,636,782,0,643,0,14,772
1753067196945958070,0,21,636,782,0,643,0,14,772
1753067196947851397,0,21,636,782,0,643,0,14,772
1753067196949847308,0,21,637,783,0,643,0,14,773
1753067196951876055,0,21,637,783,0,643,0,14,773
1753067196953866914,0,21,637,783,0,643,0,14,773
1753067196955918109,0,21,638,784,0,643,0,14,773
1753067196957885105,0,21,638,784,0,644,0,14,774
1753067196959903065,0,21,638,784,1,644,0,14,774
1753067196961870955,0,21,638,785,0,644,0,14,774
1753067196963879199,0,21,638,785,0,644,0,14,775
1753067196965861001,0,21,638,785,0,644,0,14,775
1753067196967874387,0,21,639,786,0,644,0,14,776
1753067196969931018,0,21,639,786,0,644,0,14,776
1753067196971855507,0,21,639,786,0,644,0,14,776
1753067196973878502,0,21,639,787,0,644,0,14,777
1753067196975838092,0,21,639,787,0,644,0,14,777
1753067196977838552,0,21,639,787,1,644,0,14,778
1753067196979878186,0,21,639,788,0,644,0,14,778
1753067196981894895,0,21,639,788,0,645,0,14,778
1753067196983870549,0,21,639,788,0,645,0,14,779
1753067196985776146,0,21,639,789,0,645,0,14,779
1753067196987796692,0,21,639,789,0,645,0,14,779
1753067196989817724,0,21,639,789,0,645,0,14,779
1753067196991824357,0,21,639,790,0,645,0,14,779
1753067196993819439,0,21,639,790,0,645,0,14,780
1753067196995825127,0,21,639,790,0,645,0,14,780
1753067196997807004,0,21,639,790,1,646,0,14,780
1753067196999833142,0,21,639,791,0,646,0,14,781
1753067197001785614,0,21,639,791,0,645,0,14,781
1753067197003789997,0,21,639,791,0,645,0,14,781
1753067197005821726,0,21,639,792,0,645,0,14,782
1753067197007808799,0,21,639,792,0,646,0,14,782
1753067197009824950,0,21,639,792,0,646,0,14,782
1753067197011824186,0,21,639,792,0,646,0,14,783
1753067197013774006,0,21,639,792,0,646,0,14,783
1753067197015878008,0,21,639,793,0,646,0,14,784
1753067197017791986,0,21,639,793,0,647,0,14,784
1753067197019788227,0,21,639,793,0,647,0,14,785
1753067197021775443,0,21,639,793,0,647,0,14,785
1753067197023800836,0,21,639,793,0,647,0,14,785
1753067197025772049,0,21,640,793,0,647,0,14,786
1753067197027733683,0,21,640,793,1,648,0,14,786
1753067197029866617,0,21,640,793,0,648,0,14,786
1753067197031792161,0,21,640,793,0,648,0,14,786
1753067197033802356,0,21,640,793,0,648,0,14,787
1753067197035767534,0,21,640,793,0,649,0,14,787
1753067197037827773,0,21,640,793,1,649,0,14,787
1753067197039819141,0,21,641,793,0,650,0,14,787
1753067197041868522,0,21,641,793,0,650,0,14,788
1753067197043822098,0,21,642,793,0,650,0,14,788
1753067197045758584,0,21,642,793,0,651,0,14,788
1753067197047715582,0,21,642,793,0,651,0,14,789
1753067197049724849,0,21,642,794,0,651,0,14,789
1753067197051756156,0,21,642,793,0,652,0,14,789
1753067197053774519,0,21,642,793,1,652,0,14,789
1753067197055823251,0,21,642,793,0,653,0,14,790
1753067197057698318,0,21,642,793,0,653,0,14,790
1753067197059647487,0,21,643,793,0,653,0,14,790
1753067197061655043,0,21,643,793,0,653,0,14,790
1753067197063639823,0,21,642,793,0,654,0,14,790
1753067197065728514,0,21,642,794,0,654,0,14,790
1753067197067705538,0,21,642,793,0,655,0,14,790
1753067197069714162,0,21,642,793,0,655,0,14,790
1753067197071687075,0,21,642,793,0,656,0,14,791
1753067197073666118,0,21,642,793,0,656,0,14,791
1753067197075675057,0,21,642,794,0,656,0,14,791
1753067197077675449,0,21,642,794,0,657,0,14,791
1753067197079654549,0,21,642,793,0,657,0,14,791
1753067197081633644,0,21,642,793,0,657,0,14,791
1753067197083641379,0,21,642,793,0,658,0,14,791
1753067197085684052,0,21,643,794,0,658,0,14,791
1753067197087663138,0,21,642,794,0,659,0,14,791
1753067197089650566,0,21,643,794,0,659,0,14,791
1753067197091648902,0,21,643,794,0,659,0,14,791
1753067197093633671,0,21,643,793,0,659,0,14,791
1753067197095562343,0,21,644,794,0,659,0,14,791
1753067197097588126,0,21,644,794,0,660,0,14,791
1753067197099579903,0,21,644,794,0,660,0,14,791
1753067197101584711,0,21,644,794,0,660,0,14,791
1753067197103633682,0,21,645,794,0,661,0,14,791
1753067197105676892,0,21,645,794,0,661,0,14,791
1753067197107607615,0,21,646,794,0,661,0,14,791
1753067197109667287,0,21,646,794,0,662,0,14,791
1753067197111625145,0,21,646,795,0,662,0,14,791
1753067197113589122,0,21,647,795,0,662,0,14,791
1753067197115581186,0,21,647,795,0,662,0,14,791
1753067197117537803,0,21,647,796,0,663,0,14,791
1753067197119559380,0,21,648,796,0,663,0,14,791
1753067197121612332,0,21,648,796,0,663,0,14,791
1753067197123640569,0,21,649,797,0,663,0,14,791
1753067197125563129,0,21,649,797,0,663,0,14,791
1753067197127563448,0,21,650,797,0,663,0,14,791
1753067197129600828,0,21,650,797,0,663,0,14,791
1753067197131563999,0,21,650,797,0,663,0,14,791
1753067197133518705,0,21,651,797,0,663,0,14,791
1753067197135529646,0,21,651,797,0,663,0,14,791
1753067197137489755,0,21,651,798,1,663,0,14,791
1753067197139509713,0,21,652,798,0,663,0,14,791
1753067197141523475,0,21,652,798,0,663,0,14,791
1753067197143576528,0,21,652,798,0,663,0,14,791
1753067197145514955,0,21,652,798,0,663,0,14,791
1753067197147520622,0,21,652,798,1,663,0,14,791
1753067197149509793,0,21,653,798,0,663,0,14,791
1753067197151577847,0,21,653,798,0,663,0,14,791
1753067197153475993,0,21,653,798,0,663,0,14,791
1753067197155444093,0,21,653,798,0,663,0,14,791
1753067197157470737,0,21,653,798,0,663,0,14,791
1753067197159514189,0,21,654,798,0,663,0,14,791
1753067197161551410,0,21,654,798,0,662,0,14,791
1753067197163538231,0,21,654,798,0,662,0,14,791
1753067197165557723,0,21,654,798,0,662,0,14,791
1753067197167487971,0,21,654,798,0,662,0,14,791
1753067197169502022,0,21,654,798,0,662,0,14,791
1753067197171536890,0,21,654,798,1,662,0,14,792
1753067197173555505,0,21,654,798,0,662,0,14,792
1753067197175514732,0,21,654,798,0,662,0,14,792
1753067197177472679,0,21,654,798,0,662,0,14,792
1753067197179425540,0,21,654,798,0,662,0,14,792
1753067197181438540,0,21,654,798,0,662,0,14,792
1753067197183469552,0,21,654,798,0,662,0,14,793
1753067197185472231,0,21,654,798,0,662,0,14,793
1753067197187449995,0,21,654,798,0,663,0,14,793
1753067197189458369,0,21,654,798,0,662,0,14,793
1753067197191403611,0,21,654,798,0,662,0,14,793
1753067197193394439,0,21,654,798,0,662,0,14,793
1753067197195420079,0,21,654,798,0,662,0,14,793
1753067197197388247,0,21,654,798,0,662,0,14,793
1753067197199477605,0,21,654,798,0,662,0,14,793
1753067197201404862,0,21,654,798,0,662,0,14,794
1753067197203500672,0,21,654,798,0,662,0,14,793
1753067197205496665,0,21,654,798,0,662,0,14,794
1753067197207467999,0,21,654,798,0,662,0,14,794
1753067197209488917,0,21,654,798,0,662,0,14,794
1753067197211466204,0,21,653,798,0,662,0,14,794
1753067197213454714,0,21,654,798,0,662,0,14,794
1753067197215397921,0,21,654,798,0,662,0,14,794
1753067197217415528,0,21,654,798,0,662,0,14,794
1753067197219450076,0,21,654,798,0,662,0,14,794
1753067197221409592,0,21,654,798,0,662,0,14,794
1753067197223441482,0,21,654,798,0,662,0,14,794
1753067197225390805,0,21,654,798,0,662,0,14,794
1753067197227372953,0,21,654,798,0,662,0,14,795
1753067197229374434,0,21,654,798,0,662,0,14,794
1753067197231406358,0,21,654,798,0,663,0,14,795
1753067197233359930,0,21,654,798,0,663,0,14,794
1753067197235466686,0,21,654,798,0,663,0,14,795
1753067197237377994,0,21,654,798,0,663,0,14,794
1753067197239337599,0,21,654,798,0,663,0,14,795
1753067197241378276,0,21,654,798,0,663,0,14,794
1753067197243371568,0,21,654,798,0,663,0,14,794
1753067197245398049,0,21,655,798,0,663,0,14,795
1753067197247454278,0,21,655,798,0,663,0,14,795
1753067197249385593,0,21,655,799,0,663,0,14,795
1753067197251354985,0,21,655,799,0,663,0,14,795
1753067197253286447,0,21,655,799,0,663,0,14,795
1753067197255325935,0,21,655,799,0,663,0,14,795
1753067197257276164,0,21,655,799,0,663,0,14,795
1753067197259358077,0,21,656,799,0,663,0,14,795
1753067197261404252,0,21,656,799,0,664,0,14,795
1753067197263387938,0,21,656,799,0,664,0,14,795
1753067197265380336,0,21,656,799,0,664,0,14,795
1753067197267354031,0,21,657,800,0,664,0,14,795
1753067197269370414,0,21,657,800,1,664,0,14,795
1753067197271382558,0,21,657,800,0,664,0,14,795
1753067197273348969,0,21,657,800,0,664,0,14,795
1753067197275388776,0,21,657,800,0,664,0,14,795
1753067197277356622,0,21,657,800,0,664,0,14,795
1753067197279349226,0,21,658,800,0,664,0,14,795
1753067197281347328,0,21,658,801,1,665,0,14,795
1753067197283348882,0,21,658,801,0,665,0,14,795
1753067197285322557,0,21,658,801,0,665,0,14,795
1753067197287375732,0,21,658,801,0,665,0,14,795
1753067197289401462,0,21,658,802,0,665,0,14,795
1753067197291426416,0,21,659,802,0,665,0,14,795
1753067197293371504,0,21,659,802,0,665,0,14,795
1753067197295318546,0,21,659,803,0,665,0,14,795
1753067197297310536,0,21,659,803,0,665,0,14,795
1753067197299294563,0,21,660,804,0,665,0,14,795
1753067197301323717,0,21,660,804,0,665,0,14,795
1753067197303375900,0,21,661,804,0,665,0,14,795
1753067197305389061,0,21,661,804,0,665,0,14,795
1753067197307289978,0,21,661,805,0,665,0,14,795
1753067197309232059,0,21,661,806,0,665,0,14,795
1753067197311266658,0,21,661,806,0,665,0,14,795
1753067197313268073,0,21,662,806,0,665,0,14,795
1753067197315301836,0,21,662,806,0,665,0,14,795
1753067197317249152,0,21,662,807,0,664,0,14,795
1753067197319241366,0,21,663,807,0,664,0,14,795
1753067197321242127,0,21,663,808,0,665,0,14,795
1753067197323333632,0,21,663,809,0,665,0,14,795
1753067197325297657,0,21,664,809,0,665,0,14,796
1753067197327236430,0,21,664,809,0,665,0,14,796
1753067197329275855,0,21,664,810,0,665,0,14,796
1753067197331291591,0,21,664,810,1,665,0,14,796
1753067197333206612,0,21,665,810,1,665,0,14,797
1753067197335261849,0,21,665,811,0,665,0,14,797
1753067197337208935,0,21,665,811,0,665,0,14,797
1753067197339202726,0,21,665,811,0,665,0,14,798
1753067197341223505,0,21,666,812,0,665,0,14,798
1753067197343247477,0,21,666,812,0,665,0,14,798
1753067197345228023,0,21,666,813,0,665,0,14,799
1753067197347242488,0,21,666,813,0,665,0,14,799
1753067197349233072,0,21,666,813,0,666,0,14,799
1753067197351194302,0,21,667,814,0,666,0,14,800
1753067197353217682,0,21,667,814,0,666,0,14,800
1753067197355195708,0,21,667,815,0,666,0,14,801
1753067197357267022,0,21,667,815,0,666,0,14,801
1753067197359303195,0,21,667,815,0,666,0,14,801
1753067197361116492,0,21,667,816,0,666,0,14,802
1753067197363146870,0,21,668,816,0,666,0,14,803
1753067197365168741,0,21,668,816,0,666,0,14,803
1753067197367194327,0,21,669,816,0,666,0,14,804
1753067197369157082,0,21,669,817,0,666,0,14,804
1753067197371235289,0,21,669,817,0,666,0,14,805
1753067197373152614,0,21,669,818,0,666,0,14,805
1753067197375203496,0,21,670,818,0,666,0,14,806
1753067197377102931,0,21,670,819,0,666,0,14,806
1753067197379144374,0,21,670,819,0,666,0,14,807
1753067197381151841,0,21,670,819,0,666,0,14,807
1753067197383173436,0,21,670,820,0,666,0,14,808
1753067197385110259,0,21,670,820,0,666,0,14,808
1753067197387169010,0,21,670,820,0,666,0,14,808
1753067197389157727,0,21,670,820,0,666,0,14,809
1753067197391109515,0,21,670,821,1,666,0,14,809
1753067197393094213,0,21,670,821,1,666,0,14,810
1753067197395063565,0,21,670,821,0,666,0,14,810
1753067197397077436,0,21,670,821,0,666,0,14,811
1753067197399105150,0,21,670,821,0,666,0,14,811
1753067197401112843,0,21,670,821,0,666,0,14,812
1753067197403075055,0,21,670,822,0,667,0,14,812
1753067197405133073,0,21,670,822,1,667,0,14,813
1753067197407151727,0,21,670,822,1,667,0,14,813
1753067197409183107,0,21,670,822,0,667,0,14,814
1753067197411095632,0,21,670,823,0,668,0,14,814
1753067197413140098,0,21,670,823,0,668,0,14,814
1753067197415050604,0,21,670,823,0,668,0,14,814
1753067197417009850,0,21,670,824,0,669,0,14,815
1753067197419041281,0,21,670,824,0,669,0,14,815
1753067197420996041,0,21,670,824,0,669,0,14,815
1753067197423041730,0,21,670,825,0,670,0,14,816
1753067197425039568,0,21,670,825,0,670,0,14,816
1753067197427072495,0,21,670,825,0,670,0,14,816
1753067197429050966,0,21,671,825,0,671,0,14,817
1753067197431115174,0,21,671,826,0,672,0,14,817
1753067197433088332,0,21,671,826,0,672,0,14,818
1753067197435053300,0,21,671,827,0,672,0,14,818
1753067197436998069,0,21,671,827,0,673,0,14,818
1753067197439076707,0,21,671,827,0,673,0,14,818
1753067197441083569,0,21,671,827,0,673,0,14,819
1753067197443064085,0,21,671,828,0,674,0,14,819
1753067197444992161,0,21,671,828,0,674,0,14,819
1753067197446958686,0,21,671,828,0,675,0,14,820
1753067197448919035,0,21,671,828,0,675,0,14,820
1753067197450863178,0,21,671,828,0,675,0,14,820
1753067197452901277,0,21,671,829,0,676,0,14,820
1753067197454906694,0,21,671,829,0,676,0,14,821
1753067197456855694,0,21,671,829,0,677,0,14,821
1753067197458881584,0,21,671,829,1,677,0,14,822
1753067197460876128,0,21,671,829,0,677,0,14,822
1753067197462932160,0,21,671,830,0,678,0,14,822
1753067197464873624,0,21,672,830,1,678,0,14,822
1753067197466973792,0,21,672,830,0,679,0,14,822
1753067197468865464,0,21,672,830,0,679,0,14,822
1753067197470878156,0,21,673,831,0,679,0,14,823
1753067197472856195,0,21,673,831,0,679,0,14,823
1753067197474875741,0,21,673,832,0,679,0,14,823
1753067197476851008,0,21,674,832,0,679,0,14,824
1753067197478872318,0,21,674,832,0,679,0,14,824
1753067197480877088,0,21,675,832,0,680,0,14,824
1753067197482909103,0,21,675,833,0,680,0,14,824
1753067197484869290,0,21,675,833,0,680,0,14,825
1753067197486913054,0,21,676,834,1,680,0,14,825
1753067197488907246,0,21,676,834,0,680,0,14,825
1753067197490903780,0,21,677,834,0,680,0,14,825
1753067197492893539,0,21,678,835,0,681,0,14,825
1753067197494889838,0,21,678,835,0,681,0,14,826
1753067197496921057,0,21,679,836,0,681,0,14,826
1753067197498898396,0,21,680,836,0,681,0,14,826
1753067197500888637,0,21,680,836,0,681,0,14,826
1753067197502908784,0,21,681,836,0,681,0,14,827
1753067197504939241,0,21,681,837,0,681,0,14,827
1753067197506897183,0,21,682,837,0,681,0,14,827
1753067197508886346,0,21,682,838,0,681,0,14,828
1753067197510852993,0,21,683,838,0,681,0,14,828
1753067197512893436,0,21,683,838,0,681,0,14,828
1753067197514816356,0,21,684,839,0,681,0,14,828
1753067197516825764,0,21,684,839,0,682,0,14,828
1753067197518852526,0,21,685,839,0,682,0,14,828
1753067197520870109,0,21,685,839,0,682,0,14,829
1753067197522892992,0,21,685,840,0,682,0,14,829
1753067197524900358,0,21,685,840,0,683,0,14,829
1753067197526987727,0,21,686,840,0,683,0,14,830
1753067197528896641,0,21,686,840,0,683,0,14,830
1753067197530822761,0,21,686,841,0,683,0,14,830
1753067197532865462,0,21,686,841,0,683,0,14,831
1753067197534831162,0,21,686,842,0,683,0,14,831
1753067197536796125,0,21,686,842,0,684,0,14,831
1753067197538841592,0,21,686,842,0,684,0,14,832
1753067197540866349,0,21,686,842,0,684,0,14,832
1753067197542845747,0,21,686,843,0,684,0,14,832
1753067197544824008,0,21,686,843,0,684,0,14,833
1753067197546863890,0,21,686,843,0,684,0,14,833
1753067197548794552,0,21,686,843,0,684,0,14,834
1753067197550818435,0,21,686,843,0,684,0,14,834
1753067197552764135,0,21,686,843,0,684,0,14,834
1753067197554862499,0,21,686,844,0,684,0,14,834
1753067197556849814,0,21,686,844,0,684,0,14,835
1753067197558784217,0,21,686,844,0,684,0,14,835
1753067197560878926,0,21,686,845,0,684,0,14,835
1753067197562850277,0,21,686,845,0,685,0,14,836
1753067197564882722,0,21,686,845,0,685,0,14,836
1753067197566818546,0,21,686,846,0,685,0,14,836
1753067197568854441,0,21,686,846,0,685,0,14,837
1753067197570835798,0,21,687,847,0,685,0,14,837
1753067197572845255,0,21,687,847,0,685,0,14,837
1753067197574850462,0,21,687,848,0,685,0,14,837
1753067197576810134,0,21,687,848,0,685,0,14,838
1753067197578752853,0,21,688,848,0,685,0,14,838
1753067197580793396,0,21,688,849,0,686,0,14,838
1753067197582747908,0,21,688,849,0,686,0,14,839
1753067197584698840,0,21,689,850,0,686,0,14,839
1753067197586760689,0,21,689,850,0,687,0,14,839
1753067197588704556,0,21,690,851,0,687,0,14,840
1753067197590745183,0,21,690,851,1,687,0,14,840
1753067197592750314,0,21,691,851,0,687,0,14,840
1753067197594762419,0,21,691,852,0,688,0,14,840
1753067197596725105,0,21,692,852,0,688,0,14,841
1753067197598738788,0,21,692,853,0,689,0,14,841
1753067197600733753,0,21,693,853,0,689,0,14,841
1753067197602765322,0,21,693,853,0,689,0,14,842
1753067197604755947,0,21,694,854,0,690,0,14,842
1753067197606655249,0,21,694,854,1,690,0,14,843
1753067197608671011,0,21,695,855,1,690,0,14,843
1753067197610668346,0,21,695,855,0,691,0,14,843
1753067197612637129,0,21,696,855,0,691,0,14,843
1753067197614638429,0,21,696,856,0,691,0,14,844
1753067197616613761,0,21,697,856,0,692,0,14,844
1753067197618637135,0,21,698,857,0,692,0,14,844
1753067197620730809,0,21,698,857,0,692,0,14,845
1753067197622686144,0,21,699,857,0,693,0,14,845
1753067197624631456,0,21,699,857,0,693,0,14,846
1753067197626701122,0,21,700,858,0,693,0,14,846
1753067197628621925,0,21,700,858,0,693,0,14,846
1753067197630663411,0,21,700,858,0,694,0,14,847
1753067197632639620,0,21,701,859,0,694,0,14,847
1753067197634758239,0,21,701,859,0,694,0,14,848
1753067197636659605,0,21,701,859,0,695,0,14,848
1753067197638659485,0,21,701,860,0,695,0,14,848
1753067197640669356,0,21,701,860,0,696,0,14,849
1753067197642632662,0,21,701,861,0,696,0,14,849
1753067197644593608,0,21,701,861,1,696,0,14,850
1753067197646636962,0,21,702,862,0,697,0,14,850
1753067197648615748,0,21,702,862,0,697,0,14,850
1753067197650644945,0,21,702,862,0,697,0,14,851
1753067197652600131,0,21,702,863,0,698,0,14,851
1753067197654614218,0,21,703,863,0,698,0,14,851
1753067197656724136,0,21,703,863,0,699,0,14,852
1753067197658649537,0,21,703,864,0,699,0,14,852
1753067197660867408,0,21,704,864,0,699,0,14,853
1753067197662663378,0,21,704,864,1,700,0,14,853
1753067197664606334,0,21,704,865,0,700,0,14,854
1753067197666618927,0,21,705,865,0,700,0,14,854
1753067197668611659,0,21,706,866,0,701,0,14,854
1753067197670685796,0,21,706,866,0,701,0,14,855
1753067197672678788,0,21,707,867,0,701,0,14,855
1753067197674626450,0,21,707,867,0,701,0,14,856
1753067197676547620,0,21,708,868,0,702,0,14,856
1753067197678626016,0,21,708,868,0,702,0,14,856
1753067197680521792,0,21,709,868,0,702,0,14,857
1753067197682627959,0,21,709,869,0,702,0,14,857
1753067197684551554,0,21,710,869,0,702,0,14,857
1753067197686638969,0,21,711,870,0,702,0,14,858
1753067197688582311,0,21,712,870,0,702,0,14,858
1753067197690714592,0,21,712,870,0,702,0,14,858
1753067197692611741,0,21,712,870,0,703,0,14,859
1753067197694601925,0,21,713,871,0,703,0,14,860
1753067197696631753,0,21,713,871,0,703,0,14,860
1753067197698622695,0,21,714,871,0,703,0,14,861
1753067197700521378,0,21,715,871,0,703,0,14,861
1753067197702529975,0,21,715,871,0,704,0,14,861
1753067197704494654,0,21,715,871,0,704,0,14,862
1753067197706482353,0,21,716,872,0,704,0,14,862
1753067197708528255,0,21,716,872,0,704,0,14,863
1753067197710539516,0,21,717,872,1,705,0,14,863
1753067197712537438,0,21,717,873,1,705,0,14,864
1753067197714606578,0,21,717,873,0,705,0,14,864
1753067197716653052,0,21,717,873,0,706,0,14,864
1753067197718606781,0,21,717,874,0,706,0,14,865
1753067197720660372,0,21,717,874,0,706,0,14,865
1753067197722646147,0,21,717,874,0,707,0,14,865
1753067197724613362,0,21,717,874,1,707,0,14,866
1753067197726591007,0,21,717,874,0,707,0,14,866
1753067197728689778,0,21,717,875,1,707,0,14,867
1753067197731640077,0,21,717,875,0,708,0,14,867
1753067197733585616,0,21,717,875,0,708,0,14,867
1753067197735541206,0,21,717,876,0,708,0,14,867
1753067197737509594,0,21,717,876,0,709,0,14,868
1753067197739495526,0,21,717,876,0,709,0,14,868
1753067197741471827,0,21,717,877,1,709,0,14,868
1753067197743577279,0,21,717,877,0,710,0,14,869
1753067197745506714,0,21,717,877,0,710,0,14,869
1753067197747480707,0,21,717,877,0,711,0,14,869
1753067197749534481,0,21,717,878,0,711,0,14,870
1753067197751491930,0,21,717,878,0,712,0,14,870
1753067197753581448,0,21,717,878,0,712,0,14,870
1753067197755536153,0,21,717,878,0,713,0,14,871
1753067197757495025,0,21,717,879,0,713,0,14,871
1753067197759537940,0,21,717,879,0,714,0,14,871
1753067197761577355,0,21,718,879,0,714,0,14,871
1753067197763593439,0,21,718,880,0,715,0,14,871
1753067197765464711,0,21,718,880,0,715,0,14,872
1753067197767532614,0,21,718,880,0,716,0,14,872
1753067197769583141,0,21,719,881,0,716,0,14,872
1753067197771422890,0,21,719,881,0,716,0,14,872
1753067197773371001,0,21,719,881,0,717,0,14,873
1753067197775450983,0,21,720,882,0,717,0,14,873
1753067197777393357,0,21,720,882,0,718,0,14,873
1753067197779430731,0,21,720,882,1,718,0,14,873
1753067197781444002,0,21,721,882,0,718,0,14,874
1753067197783402950,0,21,721,883,0,719,0,14,874
1753067197785355505,0,21,721,883,0,719,0,14,874
1753067197787373028,0,21,722,883,0,720,0,14,874
1753067197789406752,0,21,722,884,0,720,0,14,875
1753067197791411193,0,21,722,884,1,720,0,14,875
1753067197793420956,0,21,723,884,0,721,0,14,875
1753067197795377855,0,21,723,884,0,721,0,14,876
1753067197797417598,0,21,724,884,0,721,0,14,876
1753067197799346057,0,21,724,884,1,721,0,14,876
1753067197801382215,0,21,724,885,0,721,0,14,876
1753067197803357022,0,21,725,885,0,721,0,14,877
1753067197805412308,0,21,725,885,0,722,0,14,877
1753067197807349939,0,21,725,885,0,722,0,14,877
1753067197809320812,0,21,725,885,0,722,0,14,878
1753067197811397447,0,21,725,885,0,723,0,14,878
1753067197813394443,0,21,725,885,0,723,0,14,878
1753067197815454607,0,21,725,886,0,723,0,14,878
1753067197817470980,0,21,725,886,0,723,0,14,878
1753067197819476281,0,21,725,886,0,724,0,14,879
1753067197821492591,0,21,725,886,0,724,0,14,879
1753067197823368700,0,21,725,886,0,724,0,14,879
1753067197825312639,0,21,725,886,0,725,0,14,880
1753067197827326370,0,21,725,886,0,725,0,14,880
1753067197829346909,0,21,725,886,0,725,0,14,880
1753067197831344849,0,21,725,886,0,725,0,14,880
1753067197833341898,0,21,725,886,0,726,0,14,881
1753067197835301356,0,21,725,886,0,726,0,14,881
1753067197837347328,0,21,725,887,0,726,0,14,881
1753067197839363566,0,21,725,887,0,726,0,14,881
1753067197841301568,0,21,725,887,0,726,0,14,881
1753067197843300203,0,21,725,887,0,727,0,14,882
1753067197845246578,0,21,725,887,0,727,0,14,882
1753067197847304697,0,21,725,887,0,727,0,14,882
1753067197849271097,0,21,725,887,0,727,0,14,882
1753067197851320029,0,21,725,887,0,727,0,14,882
1753067197853302468,0,21,724,888,0,727,0,14,882
1753067197855253248,0,21,724,888,0,727,0,14,883
1753067197857225567,0,21,724,888,1,727,0,14,882
1753067197859229466,0,21,724,888,0,727,0,14,883
1753067197861282071,0,21,724,888,0,727,0,14,883
1753067197863316283,0,21,724,888,0,728,0,14,883
1753067197865183967,0,21,725,889,0,728,0,14,883
1753067197867270133,0,21,724,889,0,728,0,14,883
1753067197869215135,0,21,724,889,0,728,0,14,883
1753067197871234572,0,21,724,890,0,728,0,14,883
1753067197873257276,0,21,724,890,0,728,0,14,883
1753067197875346115,0,21,725,890,0,729,0,14,884
1753067197877298948,0,21,725,890,0,729,0,14,884
1753067197879169841,0,21,725,891,0,729,0,14,884
1753067197881226611,0,21,725,891,0,729,0,14,884
1753067197883268093,0,21,725,891,0,730,0,14,885
1753067197885259128,0,21,725,891,0,730,0,14,885
1753067197887249152,0,21,725,892,0,730,0,14,885
1753067197889216880,0,21,725,892,0,730,0,14,885
1753067197891219458,0,21,725,892,0,730,0,14,885
1753067197893201288,0,21,725,893,0,731,0,14,886
1753067197895283693,0,21,726,893,1,730,0,14,886
1753067197897220911,0,21,725,893,0,731,0,14,886
1753067197899220028,0,21,725,893,0,731,0,14,886
1753067197901139991,0,21,725,894,0,731,0,14,886
1753067197903237002,0,21,725,894,0,732,0,14,886
1753067197905158279,0,21,725,894,0,732,0,14,886
1753067197907145216,0,21,725,894,0,732,0,14,886
1753067197909141730,0,21,725,894,0,733,0,14,886
1753067197911105183,0,21,725,895,0,733,0,14,887
1753067197913135513,0,21,725,895,0,733,0,14,887
1753067197915100607,0,21,725,895,0,734,0,14,887
1753067197917089172,0,21,725,895,0,734,0,14,887
1753067197919139581,0,21,725,895,1,734,0,14,888
1753067197921078144,0,21,725,896,0,734,0,14,888
1753067197923116391,0,21,725,895,0,734,0,14,888
1753067197925080361,0,21,725,896,0,734,0,14,888
1753067197927092957,0,21,725,896,1,734,0,14,889
1753067197929073173,0,21,725,896,0,734,0,14,889
1753067197931101092,0,21,725,896,0,734,0,14,889
1753067197933118804,0,21,725,896,0,734,0,14,890
1753067197935123158,0,21,725,896,0,734,0,14,890
1753067197937099570,0,21,725,896,0,734,0,14,890
1753067197939162930,0,21,725,896,0,734,0,14,891
1753067197941081985,0,21,726,896,0,734,0,14,891
1753067197943028369,0,21,726,896,0,734,0,14,891
1753067197945055925,0,21,726,897,0,734,0,14,891
1753067197947026614,0,21,726,897,0,734,0,14,892
1753067197949025029,0,21,726,897,0,734,0,14,892
1753067197951068409,0,21,726,897,0,734,0,14,892
1753067197953032269,0,21,726,897,0,734,0,14,892
1753067197955113794,0,21,726,897,0,734,0,14,892
1753067197957061299,0,21,726,897,0,734,0,14,892
1753067197959073555,0,21,726,897,0,734,0,14,893
1753067197961029667,0,21,726,897,0,734,0,14,893
1753067197962969784,0,21,726,897,0,734,0,14,893
1753067197965015190,0,21,726,897,0,734,0,14,893
1753067197967176655,0,21,726,897,0,734,0,14,893
1753067197969096911,0,21,726,897,0,734,0,14,894
1753067197971004126,0,21,726,897,0,735,0,14,894
1753067197973028119,0,21,726,897,0,735,0,14,894
1753067197974992881,0,21,726,897,1,735,0,14,894
1753067197977045007,0,21,726,897,0,735,0,14,894
1753067197979091650,0,21,726,897,0,735,0,14,895
1753067197981061350,0,21,726,897,0,735,0,14,895
1753067197983088041,0,21,726,897,0,735,0,14,895
1753067197985011163,0,21,726,897,0,735,0,14,895
1753067197987031218,0,21,726,898,0,735,0,14,895
1753067197989042355,0,21,726,898,0,735,0,14,895
1753067197990993659,0,21,727,898,1,735,0,14,895
1753067197993014328,0,21,727,898,0,735,0,14,895
1753067197994973230,0,21,727,898,0,735,0,14,895
1753067197996980374,0,21,727,898,0,735,0,14,895
1753067197999009927,0,21,728,898,0,735,0,14,895
1753067198000993522,0,21,728,898,0,735,0,14,895
1753067198002922033,0,21,728,898,1,736,0,14,896
1753067198004922761,0,21,728,898,0,736,0,14,896
1753067198006995531,0,21,728,898,0,736,0,14,896
1753067198009013228,0,21,728,899,0,736,0,14,895
1753067198010979965,0,21,728,899,0,736,0,14,895
1753067198012972925,0,21,728,899,0,736,0,14,896
1753067198014940831,0,21,728,899,0,736,0,14,896
1753067198016959523,0,21,728,899,0,736,0,14,896
1753067198019024402,0,21,728,899,0,736,0,14,896
1753067198020978011,0,21,728,899,0,737,0,14,896
1753067198023012995,0,21,728,899,0,737,0,14,896
1753067198024945371,0,21,729,899,0,737,0,14,896
1753067198026939696,0,21,729,899,0,737,0,14,896
1753067198028912592,0,21,729,899,0,738,0,14,896
1753067198030907983,0,21,729,899,0,738,0,14,896
1753067198032891336,0,21,729,899,0,738,0,14,896
1753067198034880253,0,21,729,899,0,738,0,14,896
1753067198036913940,0,21,729,899,0,739,0,14,896
1753067198038932412,0,21,729,899,0,739,0,14,896
1753067198040888782,0,21,730,899,0,739,0,14,896
1753067198042872366,0,21,730,899,0,739,0,14,896
1753067198044901143,0,21,730,899,1,739,0,14,896
1753067198046908375,0,21,730,899,0,739,0,14,896
1753067198048866612,0,21,731,899,0,739,0,14,896
1753067198050991829,0,21,731,899,1,739,0,14,896
1753067198052940349,0,21,731,900,0,739,0,14,896
1753067198054890638,0,21,731,900,0,739,0,14,896
1753067198056844220,0,21,731,900,0,740,0,14,896
1753067198058919321,0,21,732,901,0,740,0,14,896
1753067198060874949,0,21,732,901,0,740,0,14,896
1753067198062895819,0,21,733,902,0,740,0,14,896
1753067198064959812,0,21,733,902,0,740,0,14,896
1753067198066886262,0,21,734,903,0,740,0,14,896
1753067198068856378,0,21,734,903,0,740,0,14,896
1753067198070918742,0,21,734,903,0,740,0,14,896
1753067198072888670,0,21,735,903,0,740,0,14,896
1753067198074897756,0,21,735,904,0,740,0,14,896
1753067198076931946,0,21,736,904,0,740,0,14,896
1753067198078841847,0,21,736,905,0,740,0,14,896
1753067198080791922,0,21,737,905,0,740,0,14,896
1753067198082812319,0,21,737,905,0,740,0,14,896
1753067198084847968,0,21,737,905,0,740,0,14,896
1753067198086852303,0,21,738,905,0,741,0,14,896
1753067198088917514,0,21,738,906,0,741,0,14,897
1753067198090860782,0,21,738,906,0,741,0,14,896
1753067198092806852,0,21,738,906,0,741,0,14,896
1753067198094831605,0,21,738,906,1,741,0,14,897
1753067198096843391,0,21,738,906,1,741,0,14,897
1753067198098828933,0,21,738,906,0,741,0,14,897
1753067198100793558,0,21,738,906,0,742,0,14,897
1753067198102887257,0,21,738,906,0,742,0,14,897
1753067198104739617,0,21,738,906,0,742,0,14,897
1753067198106767731,0,21,738,906,0,742,0,14,897
1753067198108839201,0,21,738,906,0,742,0,14,898
1753067198110774638,0,21,738,906,0,742,0,14,898
1753067198112778913,0,21,738,906,0,742,0,14,898
1753067198114790044,0,21,738,906,0,742,0,14,898
1753067198116784296,0,21,738,906,0,742,0,14,899
1753067198118795485,0,21,738,906,0,742,0,14,899
1753067198120852526,0,21,738,906,0,742,0,14,899
1753067198122798639,0,21,738,906,0,742,0,14,899
1753067198124759781,0,21,738,906,0,742,0,14,900
1753067198126786835,0,21,738,906,0,742,0,14,900
1753067198128711138,0,21,738,906,0,742,0,14,900
1753067198130809926,0,21,738,906,0,742,0,14,900
1753067198132759171,0,21,738,906,0,742,0,14,901
1753067198134748586,0,21,738,906,0,742,0,14,901
1753067198136749722,0,21,738,906,0,742,0,14,901
1753067198138744927,0,21,738,906,0,742,0,14,901
1753067198140734167,0,21,738,906,0,742,0,14,901
1753067198142730629,0,21,738,906,0,743,0,14,901
1753067198144755849,0,21,738,906,0,743,0,14,902
1753067198146716254,0,21,738,906,0,743,0,14,902
1753067198148784861,0,21,738,907,0,743,0,14,902
1753067198150721184,0,21,738,907,0,743,0,14,902
1753067198152637093,0,21,738,907,0,743,0,14,902
1753067198154686503,0,21,738,907,0,743,0,14,903
1753067198156670655,0,21,738,908,0,744,0,14,903
1753067198158716201,0,21,738,908,0,744,0,14,903
1753067198160700373,0,21,738,908,0,744,0,14,903
1753067198162701666,0,21,738,908,0,744,0,14,903
1753067198164658816,0,21,738,908,0,744,0,14,904
1753067198166658463,0,21,738,908,0,744,0,14,904
1753067198168649640,0,21,739,908,0,745,0,14,904
1753067198170646442,0,21,739,909,0,745,0,14,904
1753067198172687944,0,21,739,909,0,745,0,14,904
1753067198174658013,0,21,739,909,1,745,0,14,904
1753067198176707396,0,21,740,910,0,745,0,14,904
1753067198178632384,0,21,740,910,0,745,0,14,905
1753067198180617199,0,21,740,910,0,746,0,14,905
1753067198182669539,0,21,741,911,0,746,0,14,905
1753067198184610610,0,21,741,911,0,746,0,14,905
1753067198186603996,0,21,741,911,0,746,0,14,905
1753067198188647991,0,21,742,911,0,746,0,14,905
1753067198190671841,0,21,742,911,0,747,0,14,905
1753067198192622569,0,21,742,912,0,747,0,14,905
1753067198194666021,0,21,742,912,0,747,0,14,905
1753067198196573716,0,21,742,913,0,748,0,14,906
1753067198198565136,0,21,742,913,0,748,0,14,906
1753067198200627562,0,21,742,913,0,748,0,14,906
1753067198202625450,0,21,742,914,0,748,0,14,906
1753067198204589772,0,21,742,914,0,748,0,14,906
1753067198206612976,0,21,742,914,0,748,0,14,906
1753067198208600668,0,21,742,914,0,748,0,14,906
1753067198210619175,0,21,741,914,0,748,0,14,906
1753067198212615970,0,21,741,914,0,748,0,14,906
1753067198214589210,0,21,741,915,0,748,0,14,906
1753067198216563698,0,21,742,915,0,748,0,14,906
1753067198218600364,0,21,742,915,0,748,0,14,906
1753067198220527607,0,21,742,916,0,748,0,14,906
1753067198222522083,0,21,742,916,0,748,0,14,906
1753067198224541527,0,21,742,916,0,748,0,14,906
1753067198226622582,0,21,743,916,0,748,0,14,906
1753067198228539390,0,21,743,917,0,748,0,14,907
1753067198230641345,0,21,743,917,0,748,0,14,907
1753067198232610494,0,21,744,917,0,748,0,14,907
1753067198234593893,0,21,744,918,0,748,0,14,908
1753067198236598408,0,21,744,918,0,748,0,14,908
1753067198238596589,0,21,745,918,0,748,0,14,908
1753067198240635700,0,21,745,919,0,748,0,14,908
1753067198242594654,0,21,746,919,0,748,0,14,909
1753067198244518490,0,21,746,919,0,749,0,14,909
1753067198246535916,0,21,747,919,0,749,0,14,909
1753067198248556955,0,21,747,919,0,749,0,14,909
1753067198250541207,0,21,748,920,0,749,0,14,910
1753067198252589430,0,21,749,920,0,748,0,14,910
1753067198254512416,0,21,749,920,0,748,0,14,910
1753067198256529411,0,21,749,921,0,748,0,14,911
1753067198258571238,0,21,749,921,0,749,0,14,911
1753067198260527066,0,21,749,921,0,748,0,14,911
1753067198262512592,0,21,750,921,0,748,0,14,912
1753067198264565332,0,21,750,921,0,749,0,14,912
1753067198266503422,0,21,750,922,0,748,0,14,912
1753067198268498195,0,21,751,922,0,748,0,14,913
1753067198270463164,0,21,751,922,0,749,0,14,913
1753067198272497584,0,21,752,923,0,748,0,14,913
1753067198274474108,0,21,752,923,0,749,0,14,913
1753067198276473632,0,21,752,923,0,749,0,14,914
1753067198278482586,0,21,752,923,0,749,0,14,914
1753067198280432652,0,21,752,924,0,749,0,14,915
1753067198282470179,0,21,752,924,0,749,0,14,915
1753067198284504144,0,21,752,924,0,749,0,14,915
1753067198286435955,0,21,752,924,0,749,0,14,915
1753067198288450751,0,21,751,924,0,749,0,14,916
1753067198290451573,0,21,751,924,0,749,0,14,916
1753067198292446825,0,21,751,924,0,749,0,14,916
1753067198294433078,0,21,751,924,0,748,0,14,917
1753067198296415305,0,21,751,924,0,749,0,14,917
1753067198298420253,0,21,750,924,0,749,0,14,917
1753067198300427657,0,21,750,924,0,749,0,14,918
1753067198302457499,0,21,750,924,1,749,0,14,918
1753067198304521580,0,21,750,924,0,749,0,14,918
1753067198306435238,0,21,749,924,0,749,0,14,918
1753067198308370236,0,21,749,924,0,749,0,14,919
1753067198310359864,0,21,749,924,0,749,0,14,919
1753067198312402167,0,21,749,924,0,749,0,14,919
1753067198314342698,0,21,749,924,0,749,0,14,919
1753067198316344144,0,21,749,924,0,749,0,14,919
1753067198318340255,0,21,749,924,0,749,0,14,920
1753067198320387088,0,21,749,924,0,750,0,14,920
1753067198322461897,0,21,749,924,0,750,0,14,920
1753067198324480500,0,21,748,924,0,750,0,15,920
1753067198326388156,0,21,748,924,0,750,0,15,921
1753067198328338239,0,21,747,924,1,751,0,15,921
1753067198330398580,0,21,747,925,0,751,0,15,921
1753067198332349366,0,21,747,925,0,751,0,15,921
1753067198334378953,0,21,747,924,0,751,0,15,921
1753067198336372168,0,21,747,924,0,752,0,15,922
1753067198338391542,0,21,747,925,0,752,0,15,922
1753067198340404341,0,21,747,925,0,753,0,15,922
1753067198342406301,0,21,747,925,0,753,0,16,922
1753067198344367408,0,21,747,925,0,753,0,16,922
1753067198346360836,0,21,747,925,0,754,0,16,922
1753067198348408999,0,21,747,925,0,754,0,16,922
1753067198350412550,0,21,747,925,0,754,0,16,922
1753067198352366340,0,21,747,925,0,755,0,16,922
1753067198354376217,0,21,747,925,0,755,0,16,922
1753067198356367091,0,21,747,925,0,755,0,16,922
1753067198358269149,0,21,747,925,0,755,0,17,922
1753067198360341985,0,21,748,925,0,755,0,17,923
1753067198362266841,0,21,748,925,0,756,0,17,923
1753067198364339426,0,21,748,925,0,756,0,18,922
1753067198366251126,0,21,749,925,0,756,0,18,923
1753067198368329070,0,21,749,925,0,756,0,18,922
1753067198370259493,0,21,749,925,0,757,0,18,923
1753067198372264151,0,21,749,925,0,757,0,18,922
1753067198374246538,0,21,749,925,0,757,0,18,923
1753067198376263376,0,21,750,926,0,758,0,18,923
1753067198378234519,0,21,750,926,0,758,0,19,923
1753067198380288444,0,21,751,926,0,758,0,19,923
1753067198382235616,0,21,751,926,0,758,0,19,923
1753067198384282881,0,21,752,926,0,758,0,19,923
1753067198386278994,0,21,752,926,0,759,0,19,923
1753067198388240727,0,21,753,927,0,759,0,19,922
1753067198390195093,0,21,754,927,0,759,0,19,923
1753067198392268077,0,21,754,927,0,759,0,19,923
1753067198394230506,0,21,755,927,0,759,0,20,923
1753067198396256636,0,21,755,927,0,760,0,20,923
1753067198398265641,0,21,756,927,0,760,0,20,923
1753067198400242144,0,21,756,927,0,760,0,20,923
1753067198402208346,0,21,757,927,0,760,0,20,923
1753067198404243458,0,21,758,927,0,761,0,20,923
1753067198406235012,0,21,758,927,0,761,0,20,923
1753067198408212851,0,21,758,927,0,762,0,20,923
1753067198410212471,0,21,759,928,0,762,0,20,923
1753067198412201882,0,21,759,928,0,762,0,21,923
1753067198414172891,0,21,759,928,0,762,0,21,923
1753067198416174583,0,21,759,928,0,762,0,21,923
1753067198418201568,0,21,759,928,0,762,0,21,923
1753067198420183481,0,21,759,928,0,762,0,22,923
1753067198422202700,0,21,759,929,0,763,0,22,923
1753067198424156090,0,21,759,929,0,763,0,22,923
1753067198426192848,0,21,759,929,0,763,0,22,923
1753067198428216647,0,21,759,929,0,763,0,22,923
1753067198430186140,0,21,759,929,0,763,0,22,923
1753067198432148203,0,21,759,929,0,763,0,23,923
1753067198434177970,0,21,759,930,0,763,0,23,923
1753067198436216277,0,21,759,930,0,763,0,23,923
1753067198438176599,0,21,759,930,0,763,0,23,923
1753067198440227648,0,21,759,930,0,763,0,23,923
1753067198442159261,0,21,759,930,1,763,0,23,923
1753067198444171544,0,21,759,930,0,763,0,23,923
1753067198446182891,0,21,759,930,1,763,0,24,923
1753067198448207002,0,21,759,930,0,763,0,24,923
1753067198450155173,0,21,759,930,0,763,0,24,923
1753067198452153917,0,21,759,930,0,763,0,24,923
1753067198454163999,0,21,759,930,0,763,0,24,923
1753067198456132124,0,21,759,930,0,763,0,24,923
1753067198458167152,0,21,758,930,0,762,0,24,923
1753067198460035313,0,21,758,930,0,762,0,24,923
1753067198462061657,0,21,758,931,0,762,0,25,923
1753067198464062098,0,21,758,931,0,762,0,25,923
1753067198466045408,0,21,758,931,1,762,0,25,923
1753067198468082447,0,21,758,931,0,762,0,25,924
1753067198470057253,0,21,758,931,0,762,0,25,924
1753067198472055184,0,21,758,931,0,762,0,26,924
1753067198474057165,0,21,758,932,0,762,0,26,924
1753067198476027922,0,21,758,932,0,762,0,26,924
1753067198478170082,0,21,758,932,0,762,0,26,925
1753067198480088744,0,21,758,932,0,762,0,26,925
1753067198482192120,0,21,758,932,0,762,0,26,925
1753067198484112996,0,21,759,932,0,762,0,27,925
1753067198486048683,0,21,759,932,1,762,0,27,925
1753067198488052306,0,21,759,932,0,762,0,27,925
1753067198490199700,0,21,758,933,0,762,0,27,925
1753067198492103218,0,21,759,933,0,762,0,27,925
1753067198494091093,0,21,759,933,0,762,0,28,926
1753067198496071769,0,21,759,933,0,762,0,28,926
1753067198498083773,0,21,759,933,0,762,0,28,926
1753067198500083195,0,21,759,933,0,762,0,28,926
1753067198502073183,0,21,759,933,0,762,0,28,926
1753067198504018757,0,21,759,933,0,762,0,28,926
1753067198506033442,0,21,759,934,0,762,0,28,926
1753067198507995935,0,21,759,933,0,762,0,29,926
1753067198510131377,0,21,759,934,0,762,0,29,927
1753067198512022727,0,21,759,934,0,763,0,29,927
1753067198514078754,0,21,759,934,0,763,0,29,927
1753067198516066294,0,21,759,934,0,763,0,29,928
1753067198518121065,0,21,759,934,0,763,0,29,928
1753067198520078554,0,21,759,934,0,763,0,29,928
1753067198522042642,0,21,759,934,0,763,0,29,928
1753067198524001646,0,21,759,935,0,763,0,29,928
1753067198526050116,0,21,759,934,1,763,0,29,928
1753067198528016741,0,21,759,935,0,763,0,29,928
1753067198530026409,0,21,759,935,1,763,0,30,929
1753067198532071662,0,21,759,935,0,762,0,30,929
1753067198534078500,0,21,759,935,1,763,0,30,929
1753067198536013107,0,21,759,935,0,762,0,30,929
1753067198538073922,0,21,759,935,1,763,0,30,929
1753067198540006630,0,21,759,935,0,763,0,31,930
1753067198541979758,0,21,759,935,0,762,0,31,930
1753067198543987176,0,21,759,935,0,763,0,31,930
1753067198546319068,0,21,759,935,0,763,0,31,930
1753067198547977974,0,21,759,935,0,763,0,31,930
1753067198549926352,0,21,759,935,0,763,0,32,930
1753067198551985419,0,21,759,935,0,763,0,32,930
1753067198553926059,0,21,759,935,0,763,0,32,931
1753067198555978761,0,21,759,935,0,762,0,32,931
1753067198557936356,0,21,759,935,0,762,0,33,931
1753067198559943277,0,21,759,935,0,763,0,33,931
1753067198561935235,0,21,759,935,0,762,0,33,931
1753067198563962289,0,21,759,935,0,763,0,33,931
1753067198566020079,0,21,758,935,0,763,0,33,931
1753067198567956124,0,21,759,935,0,763,0,33,932
1753067198569971860,0,21,758,936,0,763,0,33,932
1753067198572006911,0,21,759,935,0,763,0,34,932
1753067198574040021,0,21,758,935,0,763,0,34,932
1753067198575957793,0,21,758,935,0,763,0,34,932
1753067198578016853,0,21,758,935,0,763,0,34,932
1753067198579945788,0,21,758,935,0,764,0,34,933
1753067198581974796,0,21,758,935,0,764,0,34,933
1753067198583938675,0,21,758,935,0,764,0,34,933
1753067198585986207,0,21,758,935,0,764,0,35,933
1753067198587955147,0,21,758,935,0,764,0,35,933
1753067198589950697,0,21,758,936,0,765,0,35,933
1753067198591920782,0,21,759,936,0,765,0,35,933
1753067198593924200,0,21,759,936,0,765,0,35,933
1753067198595940884,0,21,759,936,0,766,0,35,933
1753067198597957004,0,21,759,936,0,766,0,35,933
1753067198599948983,0,21,759,937,0,766,0,36,933
1753067198602030293,0,21,760,937,0,767,0,36,933
1753067198603931759,0,21,760,937,0,767,0,36,933
1753067198605865498,0,21,761,937,0,767,0,36,933
1753067198607939479,0,21,762,938,0,767,0,36,933
1753067198609950390,0,21,762,938,0,768,0,37,933
1753067198611913249,0,21,763,938,0,768,0,37,933
1753067198613906672,0,21,763,938,0,768,0,37,933
1753067198615925218,0,21,764,938,0,768,0,37,933
1753067198617940146,0,21,764,938,0,769,0,38,933
1753067198619947662,0,21,764,938,0,769,0,38,934
1753067198622047203,0,21,765,938,0,769,0,38,934
1753067198623950450,0,21,765,938,0,769,0,38,934
1753067198626015637,0,21,765,939,0,770,0,38,934
1753067198627978185,0,21,765,939,0,770,0,38,934
1753067198629885417,0,21,765,939,0,770,0,38,934
1753067198631936084,0,21,765,939,0,770,0,39,934
1753067198633909278,0,21,765,939,0,770,0,39,934
1753067198635892039,0,21,765,939,0,770,0,39,934
1753067198637911281,0,21,765,940,0,770,0,39,934
1753067198639914836,0,21,765,940,0,770,0,39,935
1753067198641965548,0,21,765,940,0,770,0,39,935
1753067198643933651,0,21,765,940,0,770,0,39,935
1753067198645873578,0,21,765,940,0,770,0,40,935
1753067198647836512,0,21,765,940,0,770,0,40,935
1753067198649836611,0,21,765,940,0,770,0,40,935
1753067198651927491,0,21,765,940,0,770,0,41,935
1753067198653820949,0,21,765,940,0,770,0,41,935
1753067198655932774,0,21,765,941,0,770,0,41,935
1753067198657809694,0,21,765,941,0,770,0,41,935
1753067198659922557,0,21,765,941,0,771,0,41,935
1753067198661886685,0,21,765,941,0,771,0,41,935
1753067198663891477,0,21,765,941,0,771,0,41,935
1753067198665868408,0,21,765,941,0,771,0,42,935
1753067198667939628,0,21,765,942,0,771,0,42,935
1753067198669895244,0,21,765,942,0,771,0,42,935
1753067198671960172,0,21,765,942,0,772,0,42,935
1753067198673878774,0,21,765,942,0,772,0,43,935
1753067198675841211,0,21,765,942,0,772,0,43,935
1753067198677783430,0,21,766,942,0,772,0,43,935
1753067198679781522,0,21,766,943,0,772,0,43,935
1753067198681807826,0,21,766,943,0,772,0,43,935
1753067198683796058,0,21,767,943,0,773,0,43,935
1753067198685792324,0,21,767,943,0,773,0,43,935
1753067198687803499,0,21,768,943,0,773,0,43,935
1753067198689794060,0,21,768,944,0,773,0,43,935
1753067198691800505,0,21,769,944,0,773,0,44,935
1753067198693799569,0,21,769,944,0,773,0,44,935
1753067198695848226,0,21,770,945,0,773,0,44,935
1753067198697696636,0,21,770,945,0,773,0,44,935
1753067198699825178,0,21,771,945,0,773,0,44,935
1753067198701782273,0,21,771,946,0,773,0,44,935
1753067198703741572,0,21,772,946,0,773,0,44,936
1753067198705704441,0,21,773,947,0,773,0,45,936
1753067198707722146,0,21,773,947,0,773,0,45,936
1753067198709745353,0,21,773,947,0,773,0,45,937
1753067198711782156,0,21,774,948,0,773,0,45,937
1753067198713651819,0,21,774,948,0,773,0,45,937
1753067198715676146,0,21,775,948,0,773,0,46,937
1753067198717695422,0,21,776,948,0,773,0,46,938
1753067198719744411,0,21,776,949,0,773,0,46,938
1753067198721680372,0,21,777,949,0,773,0,47,939
1753067198723621609,0,21,777,950,0,773,0,47,939
1753067198725659669,0,21,777,950,0,773,0,47,939
1753067198727633088,0,21,777,950,0,773,0,47,940
1753067198729647848,0,21,777,951,0,773,0,47,940
1753067198731738524,0,21,777,951,0,773,0,48,940
1753067198733675444,0,21,778,952,0,773,0,48,940
1753067198735681227,0,21,777,952,0,773,0,48,941
1753067198737613878,0,21,777,952,0,773,0,48,941
1753067198739682868,0,21,777,953,0,773,0,48,942
1753067198741614263,0,21,777,953,0,773,0,48,942
1753067198743644668,0,21,777,954,0,773,0,48,942
1753067198745605254,0,21,777,954,0,773,0,49,942
1753067198747672269,0,21,777,954,0,773,0,49,943
1753067198749631530,0,21,777,955,0,773,0,49,943
1753067198751622583,0,21,776,955,0,773,0,49,944
1753067198753603815,0,21,776,955,0,773,0,49,944
1753067198755578715,0,21,776,956,0,773,0,49,944
1753067198757633144,0,21,776,956,0,773,0,49,944
1753067198759706041,0,21,775,956,0,773,0,49,945
1753067198761635703,0,21,775,957,0,773,0,49,945
1753067198763690365,0,21,775,957,0,773,0,49,945
1753067198765659760,0,21,775,958,0,774,0,49,946
1753067198767598341,0,21,775,958,0,773,0,50,946
1753067198769587369,0,21,775,958,0,774,0,50,947
1753067198771573736,0,21,775,959,0,774,0,50,947
1753067198773661146,0,21,775,959,0,774,0,50,947
1753067198775586420,0,21,775,960,0,774,0,51,948
1753067198777574423,0,21,775,960,0,774,0,51,948
1753067198779564138,0,21,775,960,0,774,0,51,949
1753067198781666882,0,21,775,961,0,774,0,51,949
1753067198783623561,0,21,775,961,0,774,0,51,949
1753067198785638200,0,21,775,962,0,774,0,51,950
1753067198787631738,0,21,775,962,0,775,0,52,950
1753067198789667130,0,21,775,962,0,775,0,52,950
1753067198791662786,0,21,775,963,0,775,0,52,951
1753067198793600977,0,21,775,964,0,775,0,52,952
1753067198795581299,0,21,776,964,0,776,0,52,952
1753067198797615927,0,21,776,965,0,776,0,52,952
1753067198799613965,0,21,777,966,1,776,0,52,953
1753067198801584646,0,21,777,966,0,776,0,53,953
1753067198803551283,0,21,777,966,0,777,0,53,954
1753067198805523014,0,21,778,967,0,777,0,53,954
1753067198807505843,0,21,778,967,0,777,0,53,955
1753067198809525377,0,21,778,968,0,777,0,54,955
1753067198811496148,0,21,778,968,0,778,0,54,955
1753067198813476220,0,21,778,968,0,778,0,54,956
1753067198815492827,0,21,778,969,0,778,0,54,956
1753067198817444439,0,21,778,969,0,779,0,54,957
1753067198819572170,0,21,778,969,0,780,0,55,957
1753067198821493795,0,21,778,970,0,780,0,55,958
1753067198823470146,0,21,778,970,0,780,0,55,958
1753067198825485803,0,21,778,970,0,780,0,55,959
1753067198827512868,0,21,778,971,0,781,0,55,959
1753067198829471249,0,21,778,972,0,781,0,55,960
1753067198831534321,0,21,778,972,0,782,0,55,960
1753067198833504129,0,21,778,972,0,782,0,55,961
1753067198835509779,0,21,778,972,0,782,0,56,961
1753067198837584910,0,21,778,973,0,783,0,56,962
1753067198839552532,0,21,778,973,0,783,0,56,962
1753067198841494689,0,21,778,974,1,784,0,56,963
1753067198843504398,0,21,779,974,0,784,0,56,963
1753067198845502700,0,21,779,975,0,784,0,57,963
1753067198847438890,0,21,779,976,0,785,0,57,964
1753067198849444301,0,21,780,976,1,785,0,57,965
1753067198851474493,0,21,780,977,0,785,0,57,965
1753067198853419709,0,21,781,977,0,786,0,57,965
1753067198855500974,0,21,781,978,0,786,0,58,966
1753067198857429487,0,21,781,978,0,786,0,58,967
1753067198859504057,0,21,782,978,0,787,0,58,967
1753067198861511261,0,21,782,979,1,787,0,58,967
1753067198863503137,0,21,783,979,0,787,0,58,968
1753067198865490787,0,21,783,980,0,788,0,58,969
1753067198867372191,0,21,784,980,0,788,0,59,969
1753067198869369338,0,21,784,981,0,788,0,59,969
1753067198871434368,0,21,785,981,0,789,0,59,970
1753067198873426145,0,21,785,981,0,789,0,59,970
1753067198875479751,0,21,786,982,0,790,0,60,971
1753067198877529466,0,21,786,982,0,790,0,60,971
1753067198879490114,0,21,786,983,0,790,0,60,972
1753067198881513271,0,21,787,983,0,791,0,60,972
1753067198883486289,0,21,787,984,1,792,0,61,972
1753067198885516074,0,21,788,984,0,792,0,61,973
1753067198887528768,0,21,788,984,0,792,0,61,973
1753067198889477993,0,21,789,985,0,793,0,61,974
1753067198891490650,0,21,789,985,1,793,0,61,975
1753067198893477325,0,21,790,985,0,793,0,61,975
1753067198895489312,0,21,791,986,0,793,0,62,976
1753067198897502207,0,21,791,986,0,793,0,62,976
1753067198899439482,0,21,792,987,0,794,0,62,976
1753067198901434777,0,21,792,987,0,794,0,62,977
1753067198903419409,0,21,793,988,0,794,0,62,977
1753067198905496322,0,21,793,988,0,795,0,62,978
1753067198907496148,0,21,794,989,0,795,0,63,978
1753067198909364561,0,21,795,989,0,795,0,63,979
1753067198911361441,0,21,795,990,0,796,0,63,979
1753067198913319110,0,21,795,991,0,796,0,63,980
1753067198915373229,0,21,796,991,0,796,0,63,980
1753067198917344108,0,21,797,992,0,797,0,64,981
1753067198919390650,0,21,797,992,0,797,0,64,981
1753067198921440880,0,21,798,993,0,797,0,64,981
1753067198923388736,0,21,798,994,0,797,0,64,982
1753067198925320275,0,21,799,995,0,797,0,64,982
1753067198927357243,0,21,800,995,0,797,0,64,983
1753067198929355208,0,21,800,996,0,797,0,65,983
1753067198931325417,0,21,801,997,0,797,0,65,984
1753067198933298908,0,21,801,998,0,797,0,65,984
1753067198935297578,0,21,802,998,0,797,0,65,984
1753067198937286978,0,21,803,999,0,797,0,66,985
1753067198939313203,0,21,803,999,0,797,0,66,985
1753067198941325186,0,21,804,1000,1,797,0,66,986
1753067198943309146,0,21,804,1001,0,797,0,66,987
1753067198945300591,0,21,805,1002,0,797,0,66,987
1753067198947288126,0,21,805,1002,0,797,0,67,987
1753067198949233839,0,21,806,1003,0,797,0,67,988
1753067198951290199,0,21,806,1003,0,798,0,67,989
1753067198953313382,0,21,807,1004,0,798,0,67,989
1753067198955329639,0,21,808,1005,0,798,0,67,990
1753067198957285544,0,21,808,1006,0,799,0,67,990
1753067198959261182,0,21,808,1006,0,799,0,67,991
1753067198961235604,0,21,809,1007,0,799,0,68,991
1753067198963240998,0,21,809,1007,0,799,0,68,992
1753067198965238287,0,21,810,1008,0,800,0,68,993
1753067198967253244,0,21,811,1009,0,800,0,68,993
1753067198969210979,0,21,811,1009,0,801,0,68,994
1753067198971225663,0,21,811,1010,0,801,0,69,994
1753067198973250086,0,21,812,1010,0,802,0,69,995
1753067198975268711,0,21,812,1011,0,802,0,69,996
1753067198977252396,0,21,813,1012,0,803,0,69,996
1753067198979214488,0,21,813,1013,0,803,0,70,997
1753067198981168306,0,21,813,1013,0,803,0,70,998
1753067198983203476,0,21,813,1013,0,804,0,70,998
1753067198985224802,0,21,813,1014,0,804,0,70,999
1753067198987254911,0,21,813,1014,0,805,0,70,1000
1753067198989310982,0,21,813,1015,0,805,0,70,1000
1753067198991317268,0,21,813,1016,0,805,0,70,1001
1753067198993324437,0,21,813,1016,0,806,0,70,1002
1753067198995319956,0,21,813,1016,0,806,0,71,1002
1753067198997247310,0,21,813,1017,0,807,0,71,1003
1753067198999226701,0,21,813,1017,0,807,0,71,1004
1753067199001244583,0,21,813,1018,1,807,0,71,1005
1753067199003230289,0,21,813,1018,0,809,0,71,1005
1753067199005230062,0,21,813,1018,0,809,0,71,1006
1753067199007258585,0,21,814,1019,0,810,0,71,1006
1753067199009211684,0,21,814,1020,0,810,0,71,1007
1753067199011201661,0,21,814,1020,0,811,0,72,1007
1753067199013128724,0,21,814,1021,0,811,0,72,1008
1753067199015128343,0,21,814,1021,0,812,0,72,1008
1753067199017112510,0,21,815,1022,0,813,0,72,1009
1753067199019162090,0,21,815,1023,0,813,0,72,1009
1753067199021152206,0,21,815,1023,0,814,0,73,1010
1753067199023135243,0,21,816,1024,0,814,0,73,1010
1753067199025110319,0,21,816,1025,0,815,0,73,1011
1753067199027142494,0,21,817,1025,0,815,0,73,1012
1753067199029117878,0,21,817,1025,1,815,0,73,1012
1753067199031097184,0,21,818,1026,0,816,0,73,1013
1753067199033080036,0,21,818,1027,0,817,0,74,1013
1753067199035063519,0,21,819,1027,0,817,0,74,1014
1753067199037032642,0,21,819,1028,0,818,0,74,1014
1753067199039129172,0,21,820,1028,0,818,0,75,1015
1753067199041129409,0,21,820,1029,0,819,0,75,1016
1753067199043112591,0,21,821,1030,0,820,0,75,1016
1753067199045104740,0,21,822,1030,0,820,0,75,1017
1753067199047158462,0,21,822,1031,0,821,0,75,1017
1753067199049106665,0,21,823,1031,0,822,0,75,1018
1753067199051129925,0,21,824,1032,0,822,0,75,1019
1753067199053124469,0,21,824,1033,0,823,0,76,1019
1753067199055080875,0,21,825,1033,0,823,0,76,1020
1753067199057139069,0,21,826,1034,0,824,0,76,1020
1753067199059125547,0,21,826,1034,0,825,0,76,1021
1753067199061083070,0,21,827,1035,0,825,0,76,1022
1753067199063197414,0,21,827,1036,1,826,0,76,1022
1753067199065100048,0,21,827,1037,0,827,0,77,1023
1753067199067085235,0,21,828,1037,0,827,0,77,1023
1753067199069171740,0,21,828,1038,0,828,0,77,1024
1753067199071140848,0,21,829,1039,0,829,0,77,1025
1753067199073181858,0,21,829,1039,1,829,0,77,1026
1753067199075058370,0,21,829,1040,0,829,0,77,1026
1753067199077070201,0,21,829,1041,0,830,0,78,1026
1753067199079079102,0,21,829,1042,0,831,0,78,1027
1753067199081042457,0,21,830,1043,0,831,0,78,1028
1753067199083053281,0,21,830,1044,0,832,0,78,1028
1753067199085031480,0,21,830,1044,0,832,0,79,1029
1753067199087077212,0,21,831,1045,0,833,0,79,1029
1753067199089096567,0,21,831,1046,0,834,0,79,1030
1753067199091089139,0,21,832,1047,0,834,0,80,1031
1753067199093072696,0,21,833,1047,0,835,0,80,1031
1753067199095050433,0,21,834,1048,0,836,0,80,1032
1753067199097090140,0,21,834,1049,0,836,0,80,1033
1753067199099033773,0,21,835,1050,0,837,0,80,1034
1753067199101041099,0,21,836,1050,0,837,0,80,1034
1753067199103044510,0,21,837,1051,0,837,0,80,1035
1753067199105084453,0,21,838,1052,0,838,0,81,1035
1753067199107102783,0,21,838,1053,0,838,0,81,1037
1753067199109003984,0,21,839,1054,0,838,0,81,1037
1753067199111037741,0,21,840,1054,0,839,0,81,1038
1753067199113001207,0,21,841,1055,0,839,0,81,1038
1753067199115025466,0,21,842,1056,0,839,0,81,1039
1753067199117046856,0,21,843,1057,0,839,0,82,1040
1753067199119069943,0,21,843,1057,0,839,0,82,1040
1753067199121035893,0,21,844,1058,1,840,0,82,1041
1753067199122927832,0,21,845,1058,0,840,0,83,1042
1753067199125008107,0,21,846,1059,0,840,0,83,1043
1753067199126994109,0,21,847,1060,0,840,0,83,1043
1753067199128966254,0,21,847,1060,0,841,0,83,1044
1753067199131034641,0,21,848,1061,0,841,0,83,1045
1753067199132930450,0,21,848,1061,0,841,0,84,1046
1753067199134943517,0,21,849,1062,0,842,0,84,1047
1753067199136926175,0,21,850,1062,0,842,0,84,1047
1753067199138930741,0,21,851,1063,0,843,0,84,1048
1753067199140914615,0,21,852,1063,1,843,0,85,1049
1753067199142987473,0,21,853,1064,0,843,0,85,1050
1753067199144909611,0,21,854,1065,0,844,0,85,1050
1753067199146858135,0,21,855,1065,0,844,0,85,1051
1753067199148873290,0,21,855,1066,1,845,0,85,1052
1753067199150894972,0,21,856,1066,0,845,0,85,1053
1753067199152866597,0,21,857,1067,0,846,0,85,1053
1753067199154992340,0,21,858,1068,0,847,0,85,1054
1753067199156912735,0,21,858,1068,0,847,0,85,1055
1753067199158943327,0,21,858,1069,0,848,0,86,1055
1753067199160926609,0,21,859,1069,0,848,0,86,1056
1753067199163009080,0,21,860,1070,0,849,0,86,1057
1753067199164992694,0,21,860,1071,0,850,0,86,1057
1753067199166911636,0,21,860,1072,0,850,0,86,1058
1753067199168822057,0,21,861,1072,0,851,0,86,1059
1753067199170890770,0,21,861,1073,0,851,0,87,1059
1753067199172933507,0,21,862,1074,1,852,0,87,1060
1753067199174925956,0,21,862,1075,0,853,0,87,1061
1753067199176865340,0,21,863,1075,0,853,0,87,1061
1753067199178854506,0,21,863,1076,0,854,0,88,1062
1753067199180859342,0,21,864,1077,0,855,0,88,1062
1753067199182886846,0,21,864,1078,0,855,0,88,1063
1753067199184927044,0,21,865,1079,0,856,0,88,1064
1753067199186933699,0,21,865,1080,0,856,0,89,1065
1753067199188931103,0,21,866,1081,0,857,0,89,1065
1753067199190958961,0,21,867,1081,0,857,0,89,1066
1753067199192934818,0,21,867,1082,0,858,0,89,1066
1753067199194846191,0,21,868,1083,0,859,0,90,1067
1753067199196865323,0,21,868,1084,0,859,0,90,1068
1753067199198853573,0,21,869,1085,0,860,0,90,1068
1753067199200883038,0,21,869,1086,0,861,0,90,1069
1753067199202815484,0,21,870,1087,0,861,0,90,1069
1753067199204795254,0,21,870,1088,0,862,0,90,1070
1753067199206810392,0,21,870,1089,0,862,0,90,1071
1753067199208839158,0,21,871,1090,0,863,0,91,1072
1753067199210777672,0,21,871,1091,0,864,0,91,1073
1753067199212779448,0,21,871,1092,0,865,0,91,1073
1753067199214794604,0,21,872,1093,0,865,0,91,1074
1753067199216773854,0,21,872,1094,0,865,0,91,1075
1753067199218789516,0,21,873,1096,0,866,0,92,1075
1753067199220832161,0,21,873,1096,0,867,0,92,1076
1753067199222801264,0,21,874,1097,0,867,0,92,1077
1753067199224814685,0,21,874,1098,0,868,0,92,1078
1753067199226752131,0,21,874,1099,0,869,0,92,1079
1753067199228707350,0,21,875,1100,0,869,0,92,1080
1753067199230746726,0,21,876,1101,0,870,0,92,1080
1753067199232775272,0,21,876,1101,0,870,0,93,1081
1753067199234803795,0,21,877,1102,0,871,0,93,1082
1753067199236864591,0,21,877,1103,0,871,0,93,1083
1753067199238957542,0,21,878,1103,0,873,0,93,1084
1753067199240795943,0,21,879,1104,0,874,0,94,1085
1753067199242759082,0,21,879,1105,0,874,0,94,1086
1753067199244668573,0,21,880,1105,0,875,0,94,1087
1753067199246721241,0,21,881,1106,0,876,0,94,1087
1753067199248724597,0,21,881,1107,0,877,0,94,1089
1753067199250812789,0,21,882,1108,0,877,0,95,1089
1753067199252843427,0,21,883,1108,1,878,0,95,1090
1753067199254807750,0,21,884,1109,0,879,0,95,1091
1753067199256785110,0,21,885,1109,0,879,0,95,1092
1753067199258781965,0,21,885,1110,0,880,0,95,1093
1753067199260790255,0,21,886,1111,0,880,0,95,1094
1753067199262762867,0,21,887,1112,0,881,0,95,1095
1753067199264800127,0,21,888,1112,0,882,0,96,1096
1753067199266797388,0,21,889,1112,0,882,0,96,1097
1753067199268827755,0,21,890,1113,0,883,0,96,1097
1753067199270767069,0,21,890,1114,0,884,0,96,1098
1753067199272680425,0,21,891,1114,0,884,0,96,1099
1753067199274708342,0,21,892,1115,0,885,0,97,1100
1753067199276763592,0,21,892,1116,0,886,0,97,1101
1753067199278783539,0,21,894,1116,0,886,0,97,1102
1753067199280752780,0,21,895,1117,0,887,0,97,1103
1753067199282740686,0,21,896,1118,1,887,0,97,1103
1753067199284740813,0,21,896,1119,0,888,0,98,1104
1753067199286733916,0,21,897,1120,0,889,0,98,1105
1753067199288718485,0,21,898,1121,0,889,0,98,1106
1753067199290748935,0,21,899,1122,0,890,0,98,1106
1753067199292755357,0,21,900,1122,0,890,0,98,1107
1753067199294722169,0,21,901,1123,0,891,0,98,1108
1753067199296621120,0,21,901,1124,0,892,0,99,1109
1753067199298642368,0,21,902,1124,0,892,0,99,1110
1753067199300596899,0,21,903,1125,0,893,0,99,1110
1753067199302647275,0,21,904,1126,0,893,0,99,1111
1753067199304642572,0,21,905,1127,1,894,0,99,1112
1753067199306566043,0,21,905,1127,1,894,0,100,1112
1753067199308632971,0,21,906,1128,0,895,0,100,1113
1753067199310576035,0,21,906,1129,0,896,0,100,1114
1753067199312531194,0,21,907,1130,1,896,0,100,1115
1753067199314601044,0,21,908,1130,0,897,0,100,1115
1753067199316664719,0,21,908,1131,0,898,0,100,1116
1753067199318571658,0,21,909,1132,0,898,0,100,1117
1753067199320639431,0,21,909,1133,1,899,0,100,1118
1753067199322661959,0,21,909,1134,0,900,0,101,1118
1753067199324685592,0,21,910,1135,0,900,0,101,1118
1753067199326588606,0,21,910,1136,0,901,0,101,1120
1753067199328604300,0,21,910,1136,0,902,0,101,1120
1753067199330668243,0,21,910,1137,0,902,0,101,1121
1753067199332643049,0,21,910,1138,1,903,0,102,1122
1753067199334673775,0,21,911,1139,0,904,0,102,1123
1753067199336669649,0,21,911,1139,0,905,0,102,1124
1753067199338690009,0,21,911,1140,0,905,0,102,1124
1753067199340697530,0,21,911,1140,1,906,0,102,1125
1753067199342636746,0,21,912,1142,0,906,0,103,1126
1753067199344663683,0,21,912,1142,1,907,0,103,1126
1753067199346629867,0,21,912,1143,0,908,0,103,1127
1753067199348622387,0,21,912,1144,0,908,0,103,1128
1753067199350603852,0,21,912,1144,0,909,0,104,1129
1753067199352520500,0,21,912,1145,0,910,0,104,1129
1753067199354530532,0,21,913,1145,0,911,0,104,1130
1753067199356501275,0,21,913,1146,0,911,0,104,1131
1753067199358578152,0,21,914,1146,0,912,0,104,1132
1753067199360509958,0,21,914,1147,0,913,0,104,1132
1753067199362517002,0,21,914,1148,1,914,0,104,1133
1753067199364560617,0,21,915,1148,1,914,0,105,1133
1753067199366557801,0,21,915,1149,0,914,0,105,1134
1753067199368568236,0,21,916,1150,0,915,0,105,1135
1753067199370582354,0,21,916,1150,0,915,0,105,1136
1753067199372606611,0,21,917,1151,0,916,0,105,1137
1753067199374655627,0,21,917,1151,0,916,0,105,1137
1753067199376530842,0,21,918,1152,0,917,0,106,1138
1753067199378669419,0,21,919,1153,0,917,0,106,1139
1753067199380542204,0,21,919,1153,0,918,0,106,1139
1753067199382661297,0,21,920,1153,0,918,0,106,1140
1753067199384624324,0,21,920,1154,0,918,0,106,1141
1753067199386701507,0,21,921,1154,0,919,0,106,1141
1753067199388472483,0,21,922,1155,0,919,0,106,1142
1753067199390639142,0,21,923,1155,0,920,0,106,1143
1753067199392512365,0,21,923,1156,0,921,0,107,1143
1753067199394546755,0,21,924,1157,1,921,0,107,1144
1753067199396475343,0,21,925,1157,0,921,0,107,1145
1753067199398506147,0,21,925,1157,0,922,0,107,1145
1753067199400417454,0,21,926,1158,0,922,0,108,1146
1753067199402472193,0,21,927,1159,0,922,0,108,1147
1753067199404445475,0,21,927,1159,0,923,0,108,1147
1753067199406521534,0,21,927,1159,1,923,0,108,1148
1753067199408380934,0,21,928,1159,0,924,0,109,1148
1753067199410466508,0,21,929,1160,0,924,0,109,1149
1753067199412459456,0,21,929,1160,0,924,0,109,1149
1753067199414463463,0,21,930,1161,0,925,0,109,1150
1753067199416479836,0,21,930,1161,0,926,0,109,1151
1753067199418455343,0,21,931,1161,0,926,0,109,1151
1753067199420546316,0,21,931,1161,0,927,0,110,1152
1753067199422463745,0,21,932,1162,0,928,0,110,1152
1753067199424418983,0,21,932,1162,0,928,0,110,1153
1753067199426369918,0,21,933,1162,0,928,0,110,1153
1753067199428434330,0,21,933,1162,0,929,0,110,1154
1753067199430433296,0,21,934,1163,0,930,0,110,1154
1753067199432524922,0,21,934,1163,0,930,0,111,1155
1753067199434574925,0,21,934,1164,0,931,0,111,1155
1753067199436592597,0,21,935,1164,0,932,0,111,1156
1753067199438516328,0,21,935,1164,0,932,0,111,1156
1753067199440585056,0,21,936,1165,0,933,0,111,1157
1753067199442493327,0,21,936,1165,0,934,0,112,1157
1753067199444346943,0,21,937,1165,0,935,0,112,1158
1753067199446374351,0,21,937,1166,0,935,0,112,1158
1753067199448346659,0,21,937,1166,0,936,0,112,1158
1753067199450315762,0,21,938,1166,1,936,0,112,1159
1753067199452388177,0,21,938,1166,0,937,0,113,1159
1753067199454409193,0,21,939,1166,0,937,0,113,1159
1753067199456367980,0,21,939,1167,0,938,0,113,1160
1753067199458352799,0,21,940,1168,0,939,0,113,1160
1753067199460295644,0,21,940,1168,0,939,0,113,1160
1753067199462323603,0,21,940,1169,0,940,0,113,1161
1753067199464339315,0,21,940,1170,0,941,0,113,1161
1753067199466361924,0,21,941,1171,0,941,0,113,1162
1753067199468356437,0,21,941,1171,0,942,0,113,1162
1753067199470352879,0,21,941,1172,0,942,0,113,1162
1753067199472334389,0,21,942,1173,0,943,0,113,1162
1753067199474278340,0,21,942,1173,0,943,0,113,1163
1753067199476330863,0,21,943,1174,0,944,0,113,1163
1753067199478358878,0,21,943,1175,0,945,0,113,1164
1753067199480246804,0,21,944,1176,0,945,0,114,1164
1753067199482322241,0,21,945,1176,0,946,0,114,1164
1753067199484222963,0,21,945,1177,0,946,0,114,1165
1753067199486232213,0,21,946,1178,0,947,0,114,1165
1753067199488395078,0,21,946,1178,0,948,0,114,1165
1753067199490246659,0,21,947,1179,0,948,0,114,1166
1753067199492242607,0,21,948,1179,0,949,0,114,1166
1753067199494273625,0,21,948,1180,0,949,0,115,1167
1753067199496234688,0,21,949,1180,0,949,0,115,1167
1753067199498267891,0,21,950,1181,0,950,0,115,1168
1753067199500211653,0,21,950,1181,0,950,0,115,1168
1753067199502334018,0,21,951,1182,0,951,0,115,1168
1753067199504232119,0,21,952,1183,0,951,0,115,1169
1753067199506166173,0,21,952,1184,0,951,0,116,1169
1753067199508195878,0,21,952,1185,0,952,0,116,1170
1753067199510169263,0,21,954,1186,0,952,0,116,1170
1753067199512188549,0,21,954,1186,0,953,0,116,1171
1753067199514168302,0,21,955,1187,0,954,0,116,1171
1753067199516187330,0,21,955,1187,0,955,0,117,1172
1753067199518183987,0,21,956,1188,0,955,0,117,1172
1753067199520209873,0,21,957,1189,0,956,0,117,1173
1753067199522147944,0,21,957,1189,0,957,0,117,1173
1753067199524218620,0,21,958,1190,0,958,0,117,1174
1753067199526189522,0,21,959,1191,0,958,0,117,1175
1753067199528247563,0,21,960,1192,0,958,0,118,1175
1753067199530182852,0,21,960,1193,0,959,0,118,1176
1753067199532185740,0,21,961,1194,0,959,0,118,1176
1753067199534235495,0,21,962,1195,0,960,0,118,1177
1753067199536182162,0,21,962,1195,0,960,0,118,1178
1753067199538166953,0,21,963,1196,0,960,0,118,1179
1753067199540244315,0,21,964,1197,0,960,0,118,1179
1753067199542164645,0,21,964,1198,0,960,0,118,1180
1753067199544252183,0,21,965,1198,0,960,0,118,1181
1753067199546137462,0,21,966,1199,0,960,0,118,1182
1753067199548188172,0,21,967,1200,0,960,0,118,1182
1753067199550164403,0,21,967,1201,0,960,0,118,1183
1753067199552231445,0,21,968,1201,0,960,0,118,1184
1753067199554171710,0,21,968,1202,0,961,0,118,1185
1753067199556240950,0,21,969,1203,1,960,0,118,1185
1753067199558160045,0,21,969,1204,1,960,0,118,1187
1753067199560118742,0,21,970,1205,0,960,0,119,1187
1753067199562259853,0,21,970,1205,0,960,0,119,1188
1753067199564219668,0,21,971,1206,0,961,0,119,1189
1753067199566264684,0,21,972,1207,0,961,0,119,1190
1753067199568203284,0,21,972,1207,0,961,0,119,1190
1753067199570170280,0,21,973,1208,0,961,0,119,1191
1753067199572230278,0,21,974,1208,0,961,0,119,1192
1753067199574267821,0,21,974,1208,0,962,0,120,1193
1753067199576231782,0,21,975,1209,0,962,0,120,1194
1753067199578201100,0,21,975,1210,0,962,0,120,1195
1753067199580103858,0,21,976,1211,0,962,0,120,1195
1753067199582111468,0,21,976,1211,0,963,0,120,1196
1753067199584221233,0,21,977,1212,0,963,0,121,1197
1753067199586101412,0,21,978,1213,0,963,0,121,1198
1753067199588206419,0,21,979,1213,0,964,0,121,1199
1753067199590174375,0,21,979,1214,0,964,0,121,1200
1753067199592217201,0,21,980,1214,0,964,0,121,1200
1753067199594187419,0,21,980,1215,0,964,0,122,1201
1753067199596244356,0,21,981,1215,0,965,0,122,1202
1753067199598105164,0,21,981,1216,0,965,0,122,1202
1753067199600140741,0,21,981,1216,0,966,0,122,1203
1753067199602105152,0,21,982,1217,0,966,0,122,1204
1753067199604057862,0,21,982,1217,0,966,0,122,1204
1753067199606029961,0,21,983,1218,0,967,0,122,1205
1753067199608073137,0,21,983,1218,0,967,0,122,1206
1753067199610156114,0,21,983,1219,0,968,0,123,1207
1753067199612071643,0,21,984,1219,0,968,0,123,1208
1753067199614069823,0,21,984,1220,0,969,0,123,1208
1753067199616035183,0,21,985,1220,0,970,0,123,1209
1753067199618037385,0,21,985,1221,0,970,0,123,1210
1753067199620022262,0,21,986,1222,0,971,0,123,1210
1753067199621963831,0,21,987,1222,0,971,0,123,1210
1753067199624021353,0,21,988,1223,0,972,0,123,1211
1753067199625973252,0,21,988,1223,0,972,0,123,1212
1753067199628043592,0,21,989,1224,0,973,0,123,1212
1753067199629977645,0,21,989,1224,0,974,0,124,1213
1753067199632006644,0,21,990,1225,0,975,0,124,1214
1753067199634030976,0,21,990,1226,0,975,0,124,1214
1753067199636009397,0,21,991,1226,0,976,0,124,1215
1753067199637974773,0,21,992,1227,0,977,0,124,1216
1753067199639969355,0,21,992,1228,0,977,0,124,1216
1753067199642000702,0,21,992,1228,0,978,0,124,1217
1753067199644023633,0,21,992,1229,0,979,0,125,1218
1753067199645948978,0,21,992,1230,0,979,0,125,1218
1753067199647990708,0,21,993,1230,0,980,0,125,1218
1753067199649922117,0,21,993,1231,0,981,0,125,1219
1753067199651934711,0,21,993,1232,0,982,0,125,1219
1753067199653934609,0,21,993,1232,0,982,0,125,1220
1753067199656009926,0,21,993,1233,0,983,0,125,1220
1753067199657960082,0,21,993,1234,0,984,0,126,1221
1753067199659938137,0,21,993,1234,0,984,0,126,1222
1753067199661964265,0,21,993,1235,0,986,0,126,1222
1753067199663968492,0,21,993,1235,0,986,0,126,1223
1753067199665920487,0,21,993,1236,0,987,0,126,1223
1753067199667886800,0,21,993,1237,0,987,0,126,1224
1753067199669916871,0,21,993,1237,1,988,0,126,1224
1753067199671936995,0,21,993,1238,0,989,0,126,1225
1753067199673931305,0,21,993,1239,0,990,0,127,1225
1753067199675975679,0,21,993,1239,0,990,0,127,1226
1753067199677915345,0,21,993,1240,0,991,0,127,1227
1753067199679917753,0,21,993,1240,0,992,0,127,1227
1753067199681912928,0,21,993,1241,0,992,0,127,1228
1753067199683946642,0,21,994,1241,0,993,0,127,1228
1753067199685933698,0,21,994,1242,0,993,0,127,1229
1753067199687998728,0,21,994,1242,1,994,0,127,1230
1753067199690009921,0,21,994,1243,0,994,0,127,1230
1753067199691934285,0,21,994,1243,0,995,0,127,1231
1753067199693948320,0,21,994,1244,0,995,0,127,1231
1753067199696101713,0,21,995,1245,0,996,0,127,1232
1753067199697949421,0,21,995,1245,0,996,0,127,1232
1753067199699992400,0,21,996,1246,0,997,0,127,1233
1753067199702015420,0,21,996,1247,0,997,0,127,1234
1753067199704025858,0,21,996,1247,0,998,0,127,1234
1753067199706099542,0,21,997,1248,0,998,0,127,1235
1753067199707948202,0,21,997,1249,0,999,0,127,1235
1753067199709886991,0,21,998,1249,0,999,0,127,1236
1753067199711896233,0,21,998,1250,0,999,0,127,1237
1753067199713876638,0,21,999,1251,1,999,0,127,1237
1753067199715840787,0,21,1000,1251,0,1001,0,127,1238
1753067199717821216,0,21,1001,1252,0,1001,0,127,1238
1753067199719906703,0,21,1001,1252,0,1001,0,127,1239
1753067199721882423,0,21,1002,1253,0,1002,0,127,1239
1753067199723847973,0,21,1002,1253,0,1002,0,127,1240
1753067199725876477,0,21,1003,1254,0,1003,0,128,1241
1753067199727852347,0,21,1004,1254,0,1003,0,127,1242
1753067199729866926,0,21,1004,1254,0,1003,0,128,1242
1753067199731844728,0,21,1005,1255,0,1004,0,128,1243
1753067199733872375,0,21,1005,1255,0,1004,0,128,1244
1753067199735871941,0,21,1006,1255,0,1004,0,128,1244
1753067199737865238,0,21,1006,1255,0,1005,0,128,1244
1753067199739878737,0,21,1006,1256,0,1005,0,128,1245
1753067199741811586,0,21,1007,1257,0,1006,0,128,1245
1753067199743826190,0,21,1008,1257,0,1006,0,128,1246
1753067199745881241,0,21,1008,1258,0,1007,0,129,1247
1753067199747922697,0,21,1009,1258,0,1007,0,129,1247
1753067199749839524,0,21,1009,1259,0,1008,0,129,1248
1753067199751792419,0,21,1010,1259,0,1008,0,129,1249
1753067199753803689,0,21,1010,1259,0,1009,0,129,1249
1753067199755799617,0,21,1011,1260,0,1009,0,129,1250
1753067199757866270,0,21,1011,1260,0,1009,0,129,1250
1753067199759826415,0,21,1012,1260,0,1010,0,130,1251
1753067199761840738,0,21,1012,1261,1,1011,0,130,1251
1753067199763855336,0,21,1013,1261,0,1011,0,130,1252
1753067199765832687,0,21,1013,1262,0,1012,0,130,1253
1753067199767781171,0,21,1014,1262,0,1012,0,130,1253
1753067199769824870,0,21,1014,1262,0,1013,0,130,1253
1753067199771787303,0,21,1015,1262,0,1014,0,130,1254
1753067199773768128,0,21,1015,1262,0,1014,0,130,1254
1753067199775803920,0,21,1016,1263,0,1014,0,131,1255
1753067199777789831,0,21,1016,1263,0,1015,0,131,1255
1753067199779798207,0,21,1016,1264,0,1016,0,131,1256
1753067199781763003,0,21,1017,1264,0,1016,0,131,1256
1753067199783822706,0,21,1018,1265,0,1017,0,131,1256
1753067199785796623,0,21,1018,1266,0,1017,0,132,1257
1753067199787779473,0,21,1019,1266,0,1018,0,132,1257
1753067199789742463,0,21,1019,1267,0,1018,0,132,1258
1753067199791737318,0,21,1020,1267,0,1019,0,132,1258
1753067199793734887,0,21,1020,1268,1,1020,0,132,1259
1753067199795768828,0,21,1021,1268,0,1020,0,132,1259
1753067199797715375,0,21,1021,1268,1,1021,0,132,1260
1753067199799676875,0,21,1022,1269,0,1021,0,132,1260
1753067199801684343,0,21,1022,1270,0,1022,0,132,1260
1753067199803730924,0,21,1023,1270,0,1022,0,132,1261
1753067199805710832,0,21,1023,1271,0,1023,0,132,1261
1753067199807691426,0,21,1024,1271,0,1023,0,132,1261
1753067199809677449,0,21,1024,1272,0,1024,0,133,1262
1753067199811625772,0,21,1025,1272,0,1024,0,133,1262
1753067199813671030,0,21,1025,1272,0,1025,0,133,1263
1753067199815631879,0,21,1026,1273,0,1025,0,133,1263
1753067199817697527,0,21,1027,1274,1,1026,0,133,1263
1753067199819679772,0,21,1027,1274,0,1026,0,133,1264
1753067199821740355,0,21,1028,1275,1,1027,0,133,1264
1753067199823651199,0,21,1028,1276,0,1027,0,133,1265
1753067199825644645,0,21,1029,1277,0,1028,0,133,1265
1753067199827644030,0,21,1029,1278,0,1028,0,133,1266
1753067199829647957,0,21,1030,1278,0,1029,0,134,1266
1753067199831703765,0,21,1031,1279,0,1029,0,134,1266
1753067199833662169,0,21,1031,1280,0,1029,0,134,1267
1753067199835600318,0,21,1032,1281,0,1029,0,134,1267
1753067199837637805,0,21,1032,1281,0,1030,0,134,1268
1753067199839648740,0,21,1033,1282,0,1030,0,135,1268
1753067199841634717,0,21,1034,1283,0,1030,0,135,1268
1753067199843595866,0,21,1034,1284,0,1030,0,135,1269
1753067199845570537,0,21,1035,1284,0,1031,0,135,1270
1753067199847557890,0,21,1035,1285,0,1031,0,135,1270
1753067199849580132,0,21,1036,1286,0,1031,0,135,1271
1753067199851577721,0,21,1036,1286,0,1032,0,135,1271
1753067199853572559,0,21,1037,1287,0,1032,0,136,1272
1753067199855566996,0,21,1037,1287,0,1032,0,136,1272
1753067199857556798,0,21,1038,1288,0,1033,0,136,1273
1753067199859545596,0,21,1038,1289,0,1034,0,136,1273
1753067199861610747,0,21,1039,1289,0,1034,0,137,1274
1753067199863617090,0,21,1039,1290,0,1034,0,137,1275
1753067199865629986,0,21,1039,1291,0,1035,0,137,1275
1753067199867546217,0,21,1040,1291,0,1035,0,137,1276
1753067199869603995,0,21,1041,1292,0,1036,0,137,1277
1753067199871590382,0,21,1041,1293,0,1036,0,137,1277
1753067199873564978,0,21,1041,1293,0,1036,0,137,1278
1753067199875558156,0,21,1042,1294,0,1037,0,137,1279
1753067199877561743,0,21,1042,1294,0,1037,0,138,1279
1753067199879541860,0,21,1043,1295,0,1037,0,138,1280
1753067199881571929,0,21,1043,1295,0,1038,0,138,1280
1753067199883544588,0,21,1043,1296,0,1039,0,138,1281
1753067199885560569,0,21,1043,1296,0,1039,0,138,1282
1753067199887484325,0,21,1044,1297,0,1040,0,138,1283
1753067199889515658,0,21,1044,1297,0,1040,0,138,1284
1753067199891555368,0,21,1044,1298,0,1041,0,138,1284
1753067199893515148,0,21,1044,1298,0,1041,0,139,1285
1753067199895532625,0,21,1044,1299,0,1042,0,139,1286
1753067199897528115,0,21,1044,1299,0,1042,0,139,1286
1753067199899491259,0,21,1044,1300,0,1042,0,139,1287
1753067199901457003,0,21,1044,1301,0,1043,0,139,1288
1753067199903515956,0,21,1044,1301,0,1043,0,139,1289
1753067199905470945,0,21,1044,1302,0,1043,0,139,1289
1753067199907511343,0,21,1044,1303,0,1043,0,139,1290
1753067199909462963,0,21,1044,1303,1,1044,0,139,1291
1753067199911470715,0,21,1045,1304,0,1044,0,140,1292
1753067199913481963,0,21,1045,1304,0,1044,0,140,1292
1753067199915464281,0,21,1045,1305,0,1045,0,140,1293
1753067199917490443,0,21,1045,1305,0,1045,0,140,1294
1753067199919508042,0,21,1045,1306,1,1046,0,140,1294
1753067199921539948,0,21,1046,1307,0,1046,0,140,1295
1753067199923527128,0,21,1046,1307,0,1047,0,141,1296
1753067199925527462,0,21,1046,1308,0,1047,0,141,1296
1753067199927497051,0,21,1046,1309,0,1047,0,141,1297
1753067199929519978,0,21,1046,1309,0,1048,0,141,1298
1753067199931499296,0,21,1047,1310,0,1048,0,141,1298
1753067199933490474,0,21,1047,1310,0,1048,0,141,1299
1753067199935489374,0,21,1047,1311,0,1049,0,141,1300
1753067199937448462,0,21,1048,1312,1,1049,0,141,1300
1753067199939492483,0,21,1048,1312,0,1050,0,141,1301
1753067199941460367,0,21,1048,1313,0,1050,0,141,1301
1753067199943503886,0,21,1049,1314,0,1051,0,141,1302
1753067199945491039,0,21,1049,1314,0,1051,0,141,1303
1753067199947484750,0,21,1049,1315,0,1051,0,141,1304
1753067199949553079,0,21,1050,1315,0,1052,0,141,1304
1753067199951475256,0,21,1050,1316,0,1052,0,141,1305
1753067199953465316,0,21,1051,1316,0,1053,0,141,1305
1753067199955432101,0,21,1051,1317,0,1053,0,141,1306
1753067199957440540,0,21,1052,1317,0,1054,0,141,1307
1753067199959441729,0,21,1052,1318,0,1054,0,141,1307
1753067199961520249,0,21,1052,1318,1,1055,0,141,1308
1753067199963429597,0,21,1053,1319,0,1056,0,141,1309
1753067199965377035,0,21,1053,1319,0,1056,0,141,1309
1753067199967402422,0,21,1054,1319,0,1057,0,141,1309
1753067199969381581,0,21,1054,1320,0,1057,0,141,1310
1753067199971380651,0,21,1055,1320,0,1058,0,141,1311
1753067199973433325,0,21,1056,1321,0,1058,0,141,1311
1753067199975471555,0,21,1056,1321,1,1059,0,141,1312
1753067199977440931,0,21,1057,1322,0,1059,0,141,1313
1753067199979439133,0,21,1058,1322,1,1060,0,141,1313
1753067199981408098,0,21,1058,1323,0,1061,0,141,1314
1753067199983372104,0,21,1059,1323,0,1061,0,141,1314
1753067199985387165,0,21,1059,1324,0,1062,0,141,1315
1753067199987415479,0,21,1059,1324,0,1063,0,141,1315
1753067199989395147,0,21,1060,1325,0,1063,0,141,1316
1753067199991400269,0,21,1060,1325,0,1063,0,141,1316
1753067199993374751,0,21,1061,1326,0,1064,0,141,1317
1753067199995469616,0,21,1061,1326,0,1065,0,141,1318
1753067199997351931,0,21,1062,1326,0,1065,0,141,1318
1753067199999352872,0,21,1063,1327,0,1066,0,141,1319
1753067200001456306,0,21,1063,1328,0,1066,0,141,1319
1753067200003368174,0,21,1064,1328,0,1067,0,141,1320
1753067200005391225,0,21,1064,1329,0,1068,0,141,1320
1753067200007348167,0,21,1065,1329,0,1068,0,141,1321
1753067200009387040,0,21,1065,1330,0,1069,0,141,1321
1753067200011329980,0,21,1065,1330,0,1070,0,141,1322
1753067200013359291,0,21,1066,1331,0,1070,0,142,1322
1753067200015336330,0,21,1066,1331,0,1071,0,141,1322
1753067200017321482,0,21,1066,1332,0,1071,0,141,1323
1753067200019391978,0,21,1066,1333,0,1072,0,141,1324
1753067200021334495,0,21,1066,1333,0,1072,0,141,1324
1753067200023275560,0,21,1066,1334,0,1073,0,141,1324
1753067200025324627,0,21,1066,1334,0,1073,0,141,1325
1753067200027342128,0,21,1066,1335,0,1074,0,141,1325
1753067200029327004,0,21,1067,1335,0,1075,0,141,1326
1753067200031383478,0,21,1067,1336,0,1075,0,141,1326
1753067200033352563,0,21,1068,1336,0,1075,0,141,1327
1753067200035369745,0,21,1068,1336,0,1076,0,141,1327
1753067200037277549,0,21,1069,1338,0,1076,0,141,1328
1753067200039283325,0,21,1069,1338,0,1077,0,141,1328
1753067200041288697,0,21,1070,1338,1,1077,0,141,1329
1753067200043265220,0,21,1070,1339,0,1077,0,141,1329
1753067200045284657,0,21,1071,1339,0,1078,0,141,1330
1753067200047289160,0,21,1071,1340,0,1078,0,141,1330
1753067200049276294,0,21,1072,1341,0,1079,0,141,1331
1753067200051344642,0,21,1072,1341,0,1079,0,141,1331
1753067200053318373,0,21,1073,1342,0,1080,0,142,1331
1753067200055539675,0,21,1073,1342,0,1080,0,141,1332
1753067200057317558,0,21,1074,1343,0,1081,0,141,1332
1753067200059264059,0,21,1075,1343,0,1081,0,141,1333
1753067200061215303,0,21,1076,1344,0,1082,0,141,1333
1753067200063281028,0,21,1077,1344,0,1082,0,141,1334
1753067200065336821,0,21,1077,1345,0,1082,0,141,1334
1753067200067308727,0,21,1078,1345,0,1083,0,141,1335
1753067200069422955,0,21,1079,1347,0,1083,0,141,1335
1753067200071315885,0,21,1080,1347,0,1084,0,141,1336
1753067200073244105,0,21,1081,1348,0,1084,0,141,1337
1753067200075269259,0,21,1081,1348,0,1084,0,141,1337
1753067200077300534,0,21,1082,1348,0,1084,0,141,1337
1753067200079253623,0,21,1082,1349,1,1085,0,141,1338
1753067200081200983,0,21,1083,1349,0,1085,0,141,1338
1753067200083228433,0,21,1083,1350,0,1086,0,141,1339
1753067200085312550,0,21,1084,1350,0,1086,0,141,1339
1753067200087230504,0,21,1084,1351,1,1086,0,141,1340
1753067200089259460,0,21,1085,1351,1,1087,0,141,1341
1753067200091271972,0,21,1085,1352,0,1087,0,141,1341
1753067200093266510,0,21,1085,1352,0,1088,0,141,1342
1753067200095380691,0,21,1086,1353,0,1088,0,141,1342
1753067200097312739,0,21,1087,1353,0,1089,0,141,1343
1753067200099284535,0,21,1087,1354,0,1089,0,141,1343
1753067200101281185,0,21,1087,1354,0,1089,0,141,1344
1753067200103306289,0,21,1088,1354,0,1090,0,141,1344
1753067200105225718,0,21,1088,1356,0,1090,0,141,1345
1753067200107239794,0,21,1088,1356,0,1090,0,141,1345
1753067200109289035,0,21,1088,1357,0,1091,0,141,1346
1753067200111252219,0,21,1088,1358,0,1091,0,141,1347
1753067200113236884,0,21,1088,1358,0,1092,0,141,1347
1753067200115186167,0,21,1089,1359,1,1092,0,141,1348
1753067200117143808,0,21,1089,1359,0,1092,0,141,1348
1753067200119112111,0,21,1089,1360,0,1093,0,141,1349
1753067200121151364,0,21,1089,1360,0,1093,0,141,1349
1753067200123265174,0,21,1090,1361,0,1093,0,141,1350
1753067200125184219,0,21,1090,1361,0,1094,0,141,1350
1753067200127259159,0,21,1091,1362,0,1094,0,141,1351
1753067200129116350,0,21,1091,1363,0,1095,0,141,1351
1753067200131097943,0,21,1091,1363,0,1095,0,141,1352
1753067200133170561,0,21,1092,1363,0,1096,0,141,1352
1753067200135164092,0,21,1092,1365,0,1096,0,141,1353
1753067200137165901,0,21,1093,1366,0,1096,0,141,1353
1753067200139171625,0,21,1093,1366,0,1097,0,141,1354
1753067200141149497,0,21,1093,1367,1,1098,0,141,1355
1753067200143272432,0,21,1094,1367,0,1098,0,141,1355
1753067200145261767,0,21,1095,1368,0,1098,0,141,1355
1753067200147215025,0,21,1095,1369,1,1099,0,141,1355
1753067200149091695,0,21,1096,1369,0,1099,0,141,1356
1753067200151104292,0,21,1096,1370,0,1100,0,141,1356
1753067200153079605,0,21,1097,1370,0,1100,0,141,1357
1753067200155104524,0,21,1097,1371,0,1101,0,141,1357
1753067200157066146,0,21,1098,1372,0,1101,0,142,1358
1753067200159103145,0,21,1099,1372,0,1102,0,141,1359
1753067200161099010,0,21,1099,1374,0,1102,0,141,1359
1753067200163078623,0,21,1100,1375,0,1102,0,141,1360
1753067200165076965,0,21,1101,1375,0,1103,0,141,1360
1753067200167023410,0,21,1101,1376,0,1103,0,141,1361
1753067200169058623,0,21,1101,1376,0,1104,0,141,1362
1753067200171049531,0,21,1102,1377,0,1104,0,141,1362
1753067200173025315,0,21,1102,1378,0,1105,0,141,1363
1753067200174999889,0,21,1103,1378,0,1105,0,142,1364
1753067200176985686,0,21,1104,1379,0,1105,0,141,1364
1753067200179052359,0,21,1104,1379,0,1105,0,141,1364
1753067200181037606,0,21,1105,1380,0,1106,0,141,1365
1753067200182980062,0,21,1106,1380,0,1106,0,141,1366
1753067200184984467,0,21,1106,1381,1,1107,0,141,1367
1753067200186990781,0,21,1107,1383,0,1107,0,141,1367
1753067200188983228,0,21,1107,1383,0,1108,0,141,1368
1753067200190978163,0,21,1108,1384,0,1108,0,141,1369
1753067200192978738,0,21,1108,1384,0,1108,0,142,1369
1753067200194945383,0,21,1108,1385,0,1109,0,141,1370
1753067200196941791,0,21,1108,1386,0,1109,0,141,1371
1753067200199139429,0,21,1108,1386,0,1110,0,141,1371
1753067200200948455,0,21,1108,1386,0,1110,0,141,1372
1753067200202919858,0,21,1108,1387,0,1111,0,142,1372
1753067200205007150,0,21,1108,1388,0,1112,0,141,1373
1753067200206988332,0,21,1108,1388,0,1112,0,141,1374
1753067200208962342,0,21,1108,1389,0,1113,0,142,1375
1753067200210958244,0,21,1108,1389,0,1113,0,141,1375
1753067200212928091,0,21,1108,1390,0,1114,0,141,1376
1753067200214972047,0,21,1109,1390,0,1114,0,141,1377
1753067200216949040,0,21,1109,1392,0,1114,0,141,1377
1753067200218902820,0,21,1109,1392,0,1115,0,141,1378
1753067200220915314,0,21,1110,1393,0,1115,0,141,1379
1753067200222948498,0,21,1110,1393,0,1115,0,141,1379
1753067200224918354,0,21,1111,1394,0,1115,0,141,1380
1753067200226955664,0,21,1111,1394,0,1115,0,141,1381
1753067200228931680,0,21,1111,1395,0,1116,0,141,1381
1753067200230984253,0,21,1112,1395,0,1116,0,141,1382
1753067200233017534,0,21,1112,1396,0,1116,0,141,1383
1753067200235033853,0,21,1113,1396,0,1116,0,141,1383
1753067200236935135,0,21,1113,1397,0,1117,0,141,1384
1753067200238898046,0,21,1113,1397,0,1117,0,141,1384
1753067200240900934,0,21,1114,1398,0,1117,0,141,1385
1753067200242857809,0,21,1114,1398,0,1117,0,141,1385
1753067200244879747,0,21,1115,1399,1,1118,0,141,1386
1753067200246908072,0,21,1115,1399,0,1118,0,141,1387
1753067200248890134,0,21,1116,1399,0,1118,0,141,1387
1753067200250858955,0,21,1116,1400,0,1119,0,142,1388
1753067200252887000,0,21,1117,1401,0,1120,0,141,1388
1753067200255000534,0,21,1117,1401,0,1120,0,141,1389
1753067200256938072,0,21,1117,1401,0,1121,0,141,1390
1753067200258891111,0,21,1117,1402,0,1121,0,141,1391
1753067200260952498,0,21,1117,1402,0,1122,0,141,1391
1753067200262854893,0,21,1117,1402,0,1122,0,141,1392
1753067200264801578,0,21,1118,1403,1,1123,0,142,1392
1753067200266803431,0,21,1118,1403,0,1123,0,142,1393
1753067200268818885,0,21,1118,1403,0,1124,0,141,1393
1753067200270851351,0,21,1118,1404,0,1125,0,141,1394
1753067200272865230,0,21,1118,1404,0,1125,0,141,1395
1753067200274855234,0,21,1118,1405,0,1126,0,141,1395
1753067200276867990,0,21,1118,1405,0,1127,0,141,1396
1753067200278861109,0,21,1118,1406,0,1127,0,141,1396
1753067200280883128,0,21,1119,1406,1,1128,0,141,1397
1753067200282865556,0,21,1119,1407,0,1129,0,141,1397
1753067200284939763,0,21,1119,1407,1,1130,0,141,1397
1753067200286923160,0,21,1119,1407,0,1130,0,141,1398
1753067200288895583,0,21,1119,1408,0,1131,0,141,1398
1753067200290880488,0,21,1120,1409,0,1131,0,141,1399
1753067200292869158,0,21,1120,1409,0,1132,0,141,1399
1753067200294932425,0,21,1120,1409,0,1132,0,141,1399
1753067200296912791,0,21,1120,1410,0,1133,0,142,1400
1753067200298932858,0,21,1121,1410,0,1133,0,141,1400
1753067200300887689,0,21,1121,1410,0,1134,0,142,1400
1753067200302902471,0,21,1121,1411,0,1134,0,141,1401
1753067200304786339,0,21,1121,1411,0,1135,0,141,1401
1753067200306753640,0,21,1121,1412,0,1135,0,142,1402
1753067200308750808,0,21,1121,1412,0,1136,0,141,1402
1753067200310770298,0,21,1121,1413,1,1136,0,141,1403
1753067200312724397,0,21,1121,1413,0,1137,0,141,1403
1753067200314728772,0,21,1121,1413,0,1137,0,141,1403
1753067200316753829,0,21,1121,1414,0,1138,0,141,1404
1753067200318745659,0,21,1121,1414,1,1138,0,141,1404
1753067200320752943,0,21,1122,1415,0,1139,0,141,1405
1753067200322746517,0,21,1122,1415,0,1140,0,141,1405
1753067200324779009,0,21,1122,1416,0,1140,0,141,1406
1753067200326755028,0,21,1122,1416,0,1141,0,141,1406
1753067200328699293,0,21,1122,1417,0,1141,0,141,1406
1753067200330723478,0,21,1122,1417,0,1141,0,141,1407
1753067200332788508,0,21,1122,1418,0,1142,0,141,1407
1753067200334774065,0,21,1123,1418,0,1142,0,141,1408
1753067200336808919,0,21,1123,1419,1,1142,0,141,1408
1753067200338713778,0,21,1123,1419,0,1143,0,141,1409
1753067200340679976,0,21,1123,1419,0,1144,0,141,1409
1753067200342737469,0,21,1124,1419,0,1144,0,142,1410
1753067200344680012,0,21,1124,1420,0,1144,0,141,1410
1753067200346795958,0,21,1125,1420,0,1145,0,141,1410
1753067200348800264,0,21,1125,1420,0,1145,0,141,1411
1753067200350759423,0,21,1126,1421,0,1145,0,141,1411
1753067200352686790,0,21,1126,1421,0,1146,0,141,1412
1753067200354659214,0,21,1127,1422,0,1146,0,141,1412
1753067200356657629,0,21,1127,1422,1,1147,0,141,1413
1753067200358647040,0,21,1128,1422,0,1147,0,141,1413
1753067200360690769,0,21,1129,1423,0,1148,0,142,1414
1753067200362747477,0,21,1129,1423,0,1148,0,141,1414
1753067200364724875,0,21,1130,1423,0,1149,0,141,1414
1753067200366767636,0,21,1131,1424,0,1149,0,141,1415
1753067200368765099,0,21,1131,1424,0,1150,0,141,1415
1753067200370809772,0,21,1132,1424,0,1150,0,141,1416
1753067200372802164,0,21,1133,1424,0,1150,0,142,1416
1753067200374832097,0,21,1133,1425,0,1151,0,141,1416
1753067200376833365,0,21,1133,1425,0,1151,0,141,1417
1753067200378790281,0,21,1134,1426,0,1152,0,141,1417
1753067200380749378,0,21,1134,1426,0,1152,0,141,1418
1753067200382710919,0,21,1134,1426,0,1153,0,141,1418
1753067200384702648,0,21,1135,1426,0,1153,0,141,1419
1753067200386718632,0,21,1135,1426,1,1154,0,141,1419
1753067200388740661,0,21,1135,1427,0,1154,0,141,1420
1753067200390776648,0,21,1136,1427,0,1155,0,142,1420
1753067200392723370,0,21,1136,1428,0,1155,0,141,1420
1753067200394751342,0,21,1136,1428,0,1156,0,142,1421
1753067200396717282,0,21,1137,1428,0,1156,0,141,1421
1753067200398644348,0,21,1137,1428,0,1156,0,141,1421
1753067200400634817,0,21,1138,1429,1,1157,0,141,1421
1753067200402627187,0,21,1138,1429,0,1157,0,142,1422
1753067200404707122,0,21,1138,1430,0,1158,0,142,1422
1753067200406737210,0,21,1138,1430,0,1158,0,141,1423
1753067200408691521,0,21,1139,1431,0,1158,0,141,1423
1753067200410663037,0,21,1139,1432,0,1159,0,141,1423
1753067200412664837,0,21,1139,1432,0,1159,0,141,1423
1753067200414655297,0,21,1139,1432,0,1159,0,141,1423
1753067200416708699,0,21,1139,1433,0,1160,0,142,1424
1753067200418678720,0,21,1139,1433,0,1160,0,141,1424
1753067200420679947,0,21,1139,1434,0,1160,0,141,1424
1753067200422635608,0,21,1139,1434,0,1161,0,141,1425
1753067200424631320,0,21,1139,1435,0,1161,0,141,1425
1753067200426676137,0,21,1140,1436,0,1161,0,141,1425
1753067200428666371,0,21,1140,1436,0,1162,0,141,1426
1753067200430555501,0,21,1140,1437,0,1162,0,141,1426
1753067200432566549,0,21,1141,1437,0,1163,0,141,1426
1753067200434664680,0,21,1141,1437,0,1163,0,142,1427
1753067200436624076,0,21,1141,1438,0,1163,0,141,1427
1753067200438541635,0,21,1142,1439,0,1163,0,141,1427
1753067200440507572,0,21,1142,1439,0,1164,0,141,1428
1753067200442575436,0,21,1142,1439,0,1164,0,141,1428
1753067200444575006,0,21,1143,1440,0,1164,0,141,1428
1753067200446563912,0,21,1144,1441,0,1165,0,141,1429
1753067200448546822,0,21,1145,1442,0,1165,0,141,1429
1753067200450533372,0,21,1145,1442,0,1165,0,141,1430
1753067200452543795,0,21,1145,1443,0,1166,0,141,1430
1753067200454550443,0,21,1146,1444,0,1166,0,141,1430
1753067200456556862,0,21,1147,1445,0,1167,0,141,1431
1753067200458569957,0,21,1148,1445,0,1167,0,141,1432
1753067200460564675,0,21,1149,1446,0,1167,0,141,1432
1753067200462558626,0,21,1149,1446,0,1168,0,141,1432
1753067200464529696,0,21,1150,1446,0,1168,0,141,1433
1753067200466543036,0,21,1151,1447,0,1168,0,142,1434
1753067200468555784,0,21,1152,1448,0,1169,0,141,1434
1753067200470533653,0,21,1152,1448,0,1169,0,141,1434
1753067200472508187,0,21,1153,1449,0,1169,0,142,1435
1753067200474501444,0,21,1154,1450,0,1169,0,141,1435
1753067200476502364,0,21,1154,1450,0,1170,0,141,1436
1753067200478487899,0,21,1155,1451,0,1170,0,141,1436
1753067200480446254,0,21,1156,1452,0,1170,0,141,1437
1753067200482369195,0,21,1156,1452,0,1170,0,141,1437
1753067200484367968,0,21,1157,1453,0,1171,0,141,1438
1753067200486442730,0,21,1157,1453,0,1171,0,141,1438
1753067200488411563,0,21,1157,1454,0,1172,0,141,1439
1753067200490390058,0,21,1158,1455,0,1172,0,141,1439
1753067200492380791,0,21,1158,1455,1,1172,0,142,1439
1753067200494398628,0,21,1159,1455,0,1173,0,141,1440
1753067200496426215,0,21,1159,1455,0,1173,0,141,1440
1753067200498501027,0,21,1160,1456,0,1173,0,141,1441
1753067200500485485,0,21,1160,1456,0,1174,0,141,1441
1753067200502441763,0,21,1161,1457,0,1174,0,141,1442
1753067200504404171,0,21,1161,1458,0,1175,0,141,1442
1753067200506420035,0,21,1162,1458,1,1175,0,141,1443
1753067200508488945,0,21,1162,1458,0,1175,0,141,1443
1753067200510382762,0,21,1162,1459,0,1175,0,141,1444
1753067200512368667,0,21,1163,1460,0,1176,0,141,1444
1753067200514372775,0,21,1163,1460,0,1176,0,141,1445
1753067200516387914,0,21,1164,1461,0,1176,0,141,1446
1753067200518443332,0,21,1164,1461,1,1177,0,141,1447
1753067200520410068,0,21,1164,1462,0,1177,0,141,1447
1753067200522435176,0,21,1165,1462,0,1177,0,141,1448
1753067200524530906,0,21,1165,1463,0,1178,0,141,1448
1753067200526470546,0,21,1166,1464,1,1178,0,141,1449
1753067200528400759,0,21,1166,1464,0,1178,0,141,1450
1753067200530391413,0,21,1167,1464,0,1179,0,141,1450
1753067200532373650,0,21,1167,1464,0,1179,0,141,1451
1753067200534407775,0,21,1168,1465,0,1179,0,141,1451
1753067200536514499,0,21,1168,1465,0,1180,0,141,1452
1753067200538413970,0,21,1169,1466,0,1180,0,141,1452
1753067200540378115,0,21,1169,1466,0,1180,0,141,1453
1753067200542315039,0,21,1170,1467,0,1181,0,141,1454
1753067200544351463,0,21,1170,1467,0,1181,0,141,1455
1753067200546305288,0,21,1171,1468,0,1182,0,141,1455
1753067200548383235,0,21,1171,1468,1,1182,0,141,1456
1753067200550378212,0,21,1172,1469,0,1182,0,141,1456
1753067200552332281,0,21,1172,1470,0,1183,0,141,1457
1753067200554408579,0,21,1173,1471,1,1183,0,142,1457
1753067200556353537,0,21,1174,1472,0,1183,0,141,1458
1753067200558370724,0,21,1175,1472,1,1183,0,141,1459
1753067200560349146,0,21,1175,1473,0,1184,0,141,1459
1753067200562349725,0,21,1176,1474,0,1184,0,141,1460
1753067200564345185,0,21,1177,1475,0,1184,0,141,1460
1753067200566264932,0,21,1177,1475,0,1185,0,141,1461
1753067200568278233,0,21,1178,1475,0,1185,0,141,1462
1753067200570352269,0,21,1179,1476,0,1185,0,141,1462
1753067200572300989,0,21,1180,1477,0,1186,0,141,1462
1753067200574313959,0,21,1180,1478,0,1187,0,141,1463
1753067200576267190,0,21,1181,1478,0,1187,0,141,1463
1753067200578316714,0,21,1182,1479,0,1187,0,141,1464
1753067200580286148,0,21,1183,1479,0,1188,0,141,1465
1753067200582332462,0,21,1183,1480,0,1189,0,141,1465
1753067200584329011,0,21,1184,1481,0,1189,0,141,1465
1753067200586301981,0,21,1184,1482,0,1189,0,141,1466
1753067200588300554,0,21,1185,1482,0,1190,0,141,1467
1753067200590288944,0,21,1185,1483,0,1190,0,141,1467
1753067200592298400,0,21,1186,1484,0,1191,0,141,1468
1753067200594317362,0,21,1186,1485,0,1191,0,141,1468
1753067200596300197,0,21,1187,1486,0,1193,0,141,1469
1753067200598257395,0,21,1187,1487,1,1193,0,141,1469
1753067200600309097,0,21,1188,1487,0,1193,0,141,1470
1753067200602242774,0,21,1188,1488,0,1194,0,141,1471
1753067200604240162,0,21,1188,1489,0,1194,0,141,1471
1753067200606245187,0,21,1189,1490,0,1195,0,142,1472
1753067200608272500,0,21,1189,1490,0,1195,0,141,1473
1753067200610245894,0,21,1190,1491,0,1196,0,141,1474
1753067200612201614,0,21,1190,1492,0,1197,0,141,1474
1753067200614250556,0,21,1191,1493,0,1197,0,141,1475
1753067200616290460,0,21,1191,1494,0,1197,0,141,1476
1753067200618240859,0,21,1192,1495,0,1198,0,141,1476
1753067200620368252,0,21,1192,1495,0,1198,0,141,1477
1753067200622292478,0,21,1193,1496,0,1199,0,141,1478
1753067200624256254,0,21,1193,1498,0,1199,0,141,1478
1753067200626159436,0,21,1194,1498,0,1199,0,142,1479
1753067200628221521,0,21,1194,1499,0,1200,0,142,1480
1753067200630229747,0,21,1195,1500,0,1200,0,141,1481
1753067200632305552,0,21,1195,1501,0,1201,0,141,1481
1753067200634335557,0,21,1196,1501,0,1202,0,142,1482
1753067200636279737,0,21,1196,1503,0,1202,0,142,1483
1753067200638242898,0,21,1196,1503,0,1202,0,141,1483
1753067200640198273,0,21,1197,1504,0,1203,0,142,1485
1753067200642162949,0,21,1198,1504,0,1203,0,141,1486
1753067200644267083,0,21,1198,1505,1,1204,0,142,1487
1753067200646178377,0,21,1199,1505,0,1204,0,141,1488
1753067200648100740,0,21,1199,1506,0,1205,0,141,1489
1753067200650094135,0,21,1200,1507,0,1205,0,141,1489
1753067200652125101,0,21,1200,1507,0,1206,0,141,1490
1753067200654104654,0,21,1201,1508,0,1206,0,141,1491
1753067200656071892,0,21,1201,1508,0,1207,0,141,1492
1753067200658154354,0,21,1202,1509,0,1207,0,141,1493
1753067200660147247,0,21,1202,1510,0,1208,0,141,1494
1753067200662178898,0,21,1203,1511,0,1208,0,141,1494
1753067200664129972,0,21,1204,1512,0,1209,0,141,1495
1753067200666108883,0,21,1204,1512,0,1209,0,141,1496
1753067200668139099,0,21,1205,1513,0,1210,0,141,1497
1753067200670165113,0,21,1206,1514,0,1210,0,142,1498
1753067200672153658,0,21,1207,1515,0,1210,0,141,1498
1753067200674114124,0,21,1207,1515,0,1211,0,141,1499
1753067200676101965,0,21,1207,1516,0,1211,0,141,1500
1753067200678182156,0,21,1208,1517,0,1212,0,141,1501
1753067200680133154,0,21,1209,1518,0,1212,0,141,1502
1753067200682145546,0,21,1210,1519,0,1213,0,141,1502
1753067200684162263,0,21,1211,1520,0,1213,0,141,1503
1753067200686177687,0,21,1211,1521,0,1213,0,141,1504
1753067200688150580,0,21,1212,1522,0,1213,0,141,1505
1753067200690173733,0,21,1213,1524,0,1214,0,141,1506
1753067200692132462,0,21,1213,1524,0,1214,0,141,1507
1753067200694166182,0,21,1214,1526,0,1215,0,141,1507
1753067200696038600,0,21,1214,1527,0,1215,0,142,1508
1753067200698168770,0,21,1215,1527,0,1216,0,141,1509
1753067200700108090,0,21,1216,1528,0,1216,0,141,1510
1753067200702205875,0,21,1217,1528,0,1217,0,141,1511
1753067200704127781,0,21,1218,1529,0,1218,0,142,1511
1753067200706282815,0,21,1219,1530,0,1219,0,141,1512
1753067200708113880,0,21,1220,1531,0,1220,0,142,1513
1753067200710195227,0,21,1220,1532,0,1220,0,141,1514
1753067200712101252,0,21,1221,1533,1,1221,0,141,1515
1753067200714220878,0,21,1221,1534,0,1222,0,141,1515
1753067200716125623,0,21,1222,1535,0,1223,0,141,1516
1753067200718058065,0,21,1222,1536,0,1224,0,141,1517
1753067200720119819,0,21,1222,1537,0,1225,0,141,1518
1753067200722193395,0,21,1223,1538,0,1226,0,141,1519
1753067200724084631,0,21,1223,1539,0,1227,0,141,1520
1753067200726105185,0,21,1223,1540,0,1228,0,141,1521
1753067200728098187,0,21,1224,1541,0,1228,0,141,1522
1753067200730003934,0,21,1224,1541,1,1230,0,141,1522
1753067200731961717,0,21,1225,1542,0,1230,0,141,1524
1753067200734022356,0,21,1225,1543,0,1231,0,141,1524
1753067200735993506,0,21,1226,1544,0,1232,0,142,1525
1753067200738000036,0,21,1226,1545,0,1233,0,142,1526
1753067200740033929,0,21,1227,1546,0,1234,0,141,1527
1753067200741977017,0,21,1227,1547,0,1235,0,141,1528
1753067200743970701,0,21,1227,1548,0,1235,0,141,1529
1753067200745960219,0,21,1227,1549,0,1236,0,141,1530
1753067200748008864,0,21,1227,1550,0,1236,0,141,1531
1753067200749994713,0,21,1228,1550,1,1237,0,141,1532
1753067200751984694,0,21,1228,1551,0,1238,0,141,1533
1753067200753968464,0,21,1229,1552,0,1238,0,142,1534
1753067200756002603,0,21,1229,1553,0,1239,0,141,1535
1753067200758017332,0,21,1229,1554,0,1240,0,141,1536
1753067200759990698,0,21,1230,1555,0,1240,0,142,1537
1753067200761910946,0,21,1230,1555,0,1241,0,141,1538
1753067200763969609,0,21,1231,1556,0,1241,0,141,1539
1753067200765911019,0,21,1231,1557,0,1242,0,141,1540
1753067200767946484,0,21,1232,1558,0,1242,0,141,1541
1753067200769992517,0,21,1232,1559,0,1243,0,141,1541
1753067200771973661,0,21,1233,1560,0,1243,0,141,1542
1753067200773931121,0,21,1234,1560,0,1244,0,141,1543
1753067200776272998,0,21,1234,1561,0,1245,0,141,1544
1753067200778118647,0,21,1235,1561,0,1245,0,141,1545
1753067200779969890,0,21,1235,1562,0,1246,0,142,1546
1753067200781944977,0,21,1236,1563,0,1247,0,141,1547
1753067200783972639,0,21,1237,1564,0,1247,0,141,1548
1753067200785919061,0,21,1238,1565,0,1248,0,141,1549
1753067200787975614,0,21,1239,1565,0,1249,0,141,1549
1753067200789921839,0,21,1239,1566,0,1249,0,141,1550
1753067200791991039,0,21,1240,1567,0,1250,0,141,1551
1753067200793928448,0,21,1240,1568,0,1250,0,141,1552
1753067200795844454,0,21,1241,1568,1,1251,0,141,1553
1753067200797932998,0,21,1242,1569,0,1252,0,141,1554
1753067200799865832,0,21,1243,1570,0,1253,0,141,1555
1753067200801904450,0,21,1243,1571,0,1253,0,141,1556
1753067200803967254,0,21,1244,1572,0,1254,0,141,1556
1753067200805987491,0,21,1245,1572,0,1255,0,141,1557
1753067200807866629,0,21,1246,1573,0,1255,0,141,1558
1753067200809871927,0,21,1247,1574,0,1256,0,141,1559
1753067200811861084,0,21,1248,1575,0,1257,0,141,1560
1753067200813881326,0,21,1248,1576,0,1258,0,141,1560
1753067200815867288,0,21,1249,1576,0,1259,0,141,1561
1753067200817875029,0,21,1250,1577,0,1260,0,142,1562
1753067200819926044,0,21,1251,1578,0,1260,0,141,1563
1753067200821895400,0,21,1251,1578,0,1261,0,141,1564
1753067200823917300,0,21,1252,1579,0,1261,0,141,1564
1753067200825971111,0,21,1252,1580,0,1262,0,141,1565
1753067200827886958,0,21,1252,1581,0,1263,0,142,1566
1753067200829828955,0,21,1253,1581,1,1264,0,141,1567
1753067200831847765,0,21,1253,1582,0,1265,0,142,1567
1753067200833853032,0,21,1253,1583,0,1265,0,141,1568
1753067200835846147,0,21,1253,1583,0,1266,0,142,1569
1753067200837887945,0,21,1253,1584,0,1267,0,141,1569
1753067200839869306,0,21,1253,1585,0,1267,0,141,1570
1753067200841881992,0,21,1253,1585,1,1267,0,142,1571
1753067200843818323,0,21,1253,1586,0,1268,0,141,1572
1753067200845896515,0,21,1253,1587,0,1268,0,141,1573
1753067200847825323,0,21,1252,1587,0,1268,0,142,1573
1753067200849846195,0,21,1252,1588,0,1268,0,141,1574
1753067200851821653,0,21,1252,1589,0,1269,0,141,1575
1753067200853809648,0,21,1253,1590,0,1269,0,141,1576
1753067200855798410,0,21,1253,1590,0,1269,0,141,1576
1753067200857783385,0,21,1253,1591,0,1269,0,141,1577
1753067200859789651,0,21,1253,1592,0,1270,0,141,1578
1753067200861791747,0,21,1253,1592,1,1270,0,141,1578
1753067200863803950,0,21,1253,1593,0,1270,0,141,1579
1753067200865797474,0,21,1254,1594,0,1271,0,142,1580
1753067200867788475,0,21,1254,1594,0,1272,0,141,1580
1753067200869829572,0,21,1255,1595,0,1272,0,141,1581
1753067200871779385,0,21,1255,1596,0,1273,0,142,1582
1753067200873783271,0,21,1256,1597,1,1274,0,142,1583
1753067200875806495,0,21,1257,1598,0,1274,0,142,1583
1753067200877798805,0,21,1257,1599,0,1275,0,142,1584
1753067200879850952,0,21,1258,1600,0,1276,0,142,1585
1753067200881799588,0,21,1259,1600,1,1276,0,141,1585
1753067200883785269,0,21,1260,1601,0,1277,0,142,1586
1753067200885827630,0,21,1261,1602,1,1278,0,142,1586
1753067200887810251,0,21,1261,1603,1,1278,0,142,1587
1753067200889803151,0,21,1261,1603,0,1279,0,142,1588
1753067200891797842,0,21,1262,1604,0,1280,0,142,1588
1753067200893756074,0,21,1263,1605,0,1281,0,142,1589
1753067200895771510,0,21,1264,1606,0,1281,0,142,1590
1753067200897739992,0,21,1265,1606,0,1282,0,142,1591
1753067200899735042,0,21,1266,1607,0,1283,0,142,1591
1753067200901821712,0,21,1267,1608,0,1284,0,142,1591
1753067200903770387,0,21,1268,1608,1,1285,0,142,1592
1753067200905740001,0,21,1268,1609,0,1286,0,142,1593
1753067200907747181,0,21,1269,1610,0,1286,0,142,1594
1753067200909740051,0,21,1270,1610,0,1287,0,142,1594
1753067200911727914,0,21,1271,1611,0,1288,0,142,1595
1753067200913703073,0,21,1271,1612,0,1289,0,142,1596
1753067200915739218,0,21,1272,1612,0,1290,0,142,1597
1753067200917720928,0,21,1273,1613,0,1290,0,141,1598
1753067200919722582,0,21,1274,1614,0,1291,0,141,1598
1753067200921743777,0,21,1274,1615,1,1291,0,141,1599
1753067200923717423,0,21,1275,1616,0,1292,0,142,1599
1753067200925736206,0,21,1276,1616,0,1292,0,142,1600
1753067200927711242,0,21,1277,1617,0,1293,0,141,1601
1753067200929672244,0,21,1277,1618,0,1293,0,141,1602
1753067200931623210,0,21,1277,1618,0,1293,0,142,1603
1753067200933643145,0,21,1278,1619,0,1294,0,142,1603
1753067200935644779,0,21,1279,1620,0,1295,0,142,1604
1753067200937709842,0,21,1279,1620,0,1295,0,142,1605
1753067200939689742,0,21,1280,1621,0,1295,0,142,1605
1753067200941714911,0,21,1280,1622,0,1296,0,142,1606
1753067200943679080,0,21,1281,1622,0,1296,0,142,1607
1753067200945682695,0,21,1281,1623,1,1297,0,141,1608
1753067200947642769,0,21,1282,1624,0,1297,0,141,1609
1753067200949640861,0,21,1282,1624,0,1298,0,142,1609
1753067200951588015,0,21,1283,1625,0,1298,0,142,1610
1753067200953590934,0,21,1283,1626,0,1299,0,142,1611
1753067200955637490,0,21,1284,1627,0,1299,0,142,1611
1753067200957641428,0,21,1284,1627,0,1300,0,142,1611
1753067200959663353,0,21,1285,1628,0,1301,0,142,1613
1753067200961646278,0,21,1285,1629,0,1301,0,142,1614
1753067200963601946,0,21,1286,1630,0,1302,0,141,1614
1753067200965589872,0,21,1286,1631,0,1302,0,142,1615
1753067200967649086,0,21,1287,1631,0,1303,0,142,1616
1753067200969672859,0,21,1288,1632,0,1304,0,142,1617
1753067200971683045,0,21,1288,1633,0,1304,0,142,1618
1753067200973639699,0,21,1289,1634,0,1305,0,142,1619
1753067200975605338,0,21,1290,1635,0,1305,0,142,1619
1753067200977588844,0,21,1290,1635,0,1306,0,142,1620
1753067200979568405,0,21,1291,1636,0,1307,0,142,1620
1753067200981602332,0,21,1291,1637,0,1307,0,142,1621
1753067200983625945,0,21,1292,1638,0,1308,0,142,1622
1753067200985614165,0,21,1292,1638,0,1309,0,141,1623
1753067200987584711,0,21,1293,1639,0,1310,0,142,1624
1753067200989575112,0,21,1294,1640,0,1310,0,141,1624
1753067200991532963,0,21,1294,1641,0,1311,0,141,1625
1753067200993621228,0,21,1295,1642,0,1312,0,142,1626
1753067200995579663,0,21,1296,1643,0,1312,0,142,1626
1753067200997557645,0,21,1297,1644,0,1313,0,142,1627
1753067200999603762,0,21,1297,1644,0,1314,0,141,1628
1753067201001613702,0,21,1297,1645,0,1314,0,142,1629
1753067201003628860,0,21,1298,1646,0,1315,0,142,1629
1753067201005618375,0,21,1299,1647,1,1316,0,142,1630
1753067201007544576,0,21,1299,1648,1,1317,0,142,1631
1753067201009470247,0,21,1300,1649,0,1317,0,142,1632
1753067201011496888,0,21,1301,1649,0,1318,0,142,1632
1753067201013551227,0,21,1301,1650,0,1319,0,142,1633
1753067201015502967,0,21,1302,1651,0,1319,0,142,1634
1753067201017591876,0,21,1303,1652,0,1320,0,142,1635
1753067201019512734,0,21,1303,1652,0,1320,0,142,1636
1753067201021529873,0,21,1303,1653,0,1321,0,141,1636
1753067201023468017,0,21,1304,1654,0,1322,0,142,1637
1753067201025491145,0,21,1304,1655,0,1322,0,141,1638
1753067201027489472,0,21,1304,1656,0,1323,0,142,1639
1753067201029502074,0,21,1305,1658,0,1323,0,141,1640
1753067201031496487,0,21,1305,1658,0,1324,0,142,1640
1753067201033502940,0,21,1305,1659,0,1325,0,142,1641
1753067201035519101,0,21,1306,1660,0,1325,0,142,1642
1753067201037487331,0,21,1306,1660,0,1326,0,142,1643
1753067201039438740,0,21,1307,1661,1,1327,0,142,1645
1753067201041441222,0,21,1307,1662,0,1327,0,142,1645
1753067201043475071,0,21,1308,1662,0,1328,0,142,1646
1753067201045482111,0,21,1308,1663,0,1328,0,142,1647
1753067201047474760,0,21,1309,1664,0,1329,0,141,1648
1753067201049459634,0,21,1309,1664,0,1330,0,142,1649
1753067201051517414,0,21,1310,1665,0,1330,0,141,1649
1753067201053442167,0,21,1310,1666,0,1331,0,142,1650
1753067201055446831,0,21,1311,1666,0,1331,0,142,1651
1753067201057405887,0,21,1311,1667,0,1332,0,142,1652
1753067201059455354,0,21,1311,1668,0,1332,0,142,1653
1753067201061487463,0,21,1312,1669,0,1333,0,142,1654
1753067201063432151,0,21,1312,1669,0,1334,0,142,1654
1753067201065416401,0,21,1312,1670,0,1334,0,142,1655
1753067201067422296,0,21,1313,1671,0,1334,0,142,1656
1753067201069439761,0,21,1313,1672,0,1335,0,142,1657
1753067201071425061,0,21,1314,1674,0,1336,0,142,1657
1753067201073454525,0,21,1314,1674,0,1337,0,142,1658
1753067201075446010,0,21,1315,1675,0,1337,0,142,1659
1753067201077424685,0,21,1315,1676,1,1338,0,142,1660
1753067201079477732,0,21,1315,1677,0,1339,0,142,1661
1753067201081438763,0,21,1316,1678,0,1340,0,142,1661
1753067201083375877,0,21,1316,1678,1,1340,0,142,1662
1753067201085422937,0,21,1316,1679,1,1341,0,142,1663
1753067201087395451,0,21,1317,1680,0,1342,0,141,1664
1753067201089407970,0,21,1317,1681,0,1342,0,142,1665
1753067201091424700,0,21,1318,1682,0,1343,0,142,1665
1753067201093408816,0,21,1318,1682,0,1344,0,142,1666
1753067201095405552,0,21,1318,1683,0,1344,0,142,1667
1753067201097351016,0,21,1319,1684,0,1345,0,142,1668
1753067201099352613,0,21,1319,1685,0,1346,0,142,1669
1753067201101379867,0,21,1319,1686,0,1346,0,142,1669
1753067201103386573,0,21,1320,1686,0,1347,0,141,1670
1753067201105428309,0,21,1320,1688,0,1347,0,142,1671
1753067201107380216,0,21,1321,1688,0,1348,0,142,1671
1753067201109442188,0,21,1322,1690,0,1348,0,142,1672
1753067201111375032,0,21,1323,1691,0,1349,0,142,1673
1753067201113386174,0,21,1323,1692,0,1350,0,142,1674
1753067201115342421,0,21,1324,1693,0,1350,0,142,1674
1753067201117327961,0,21,1325,1694,0,1351,0,142,1675
1753067201119301213,0,21,1326,1695,0,1352,0,142,1676
1753067201121324156,0,21,1326,1695,0,1352,0,142,1676
1753067201123303627,0,21,1327,1696,0,1353,0,142,1677
1753067201125315948,0,21,1328,1697,0,1353,0,142,1678
1753067201127324036,0,21,1329,1698,0,1354,0,142,1679
1753067201129372447,0,21,1330,1698,0,1355,0,142,1679
1753067201131358665,0,21,1331,1699,0,1355,0,142,1680
1753067201133363489,0,21,1332,1700,0,1355,0,141,1681
1753067201135378191,0,21,1333,1701,0,1356,0,142,1682
1753067201137340155,0,21,1334,1702,0,1356,0,142,1683
1753067201139314049,0,21,1336,1703,0,1356,0,141,1684
1753067201141315548,0,21,1337,1704,0,1357,0,142,1684
1753067201143339604,0,21,1338,1704,0,1357,0,142,1685
1753067201145338944,0,21,1339,1706,0,1358,0,142,1686
1753067201147338839,0,21,1340,1707,0,1358,0,142,1687
1753067201149303230,0,21,1342,1708,0,1359,0,142,1687
1753067201151341155,0,21,1343,1709,0,1360,0,142,1688
1753067201153288648,0,21,1344,1710,1,1360,0,142,1689
1753067201155292217,0,21,1345,1711,0,1361,0,142,1691
1753067201157273190,0,21,1346,1712,0,1361,0,142,1691
1753067201159242344,0,21,1347,1713,0,1362,0,142,1692
1753067201161239323,0,21,1348,1714,0,1363,0,142,1693
1753067201163237081,0,21,1349,1715,0,1363,0,142,1694
1753067201165221841,0,21,1351,1716,1,1364,0,142,1694
1753067201167281360,0,21,1352,1717,0,1365,0,142,1696
1753067201169278657,0,21,1352,1718,0,1365,0,142,1697
1753067201171283095,0,21,1354,1719,0,1366,0,141,1697
1753067201173252886,0,21,1355,1720,0,1367,0,142,1699
1753067201175242450,0,21,1355,1722,0,1367,0,142,1699
1753067201177261574,0,21,1356,1723,0,1368,0,142,1700
1753067201179292335,0,21,1357,1724,0,1368,0,142,1701
1753067201181242677,0,21,1358,1725,0,1368,0,141,1702
1753067201183281457,0,21,1359,1726,0,1369,0,142,1703
1753067201185279306,0,21,1360,1727,0,1369,0,142,1704
1753067201187229960,0,21,1360,1728,0,1370,0,142,1705
1753067201189271166,0,21,1361,1729,0,1370,0,142,1706
1753067201191241391,0,21,1361,1730,0,1371,0,142,1707
1753067201193199612,0,21,1362,1731,0,1371,0,142,1708
1753067201195197746,0,21,1363,1732,0,1371,0,142,1709
1753067201197166490,0,21,1363,1733,0,1372,0,142,1710
1753067201199127480,0,21,1364,1734,0,1373,0,142,1711
1753067201201165419,0,21,1365,1735,0,1373,0,142,1712
1753067201203215837,0,21,1366,1736,0,1374,0,142,1713
1753067201205227770,0,21,1366,1737,0,1374,0,142,1714
1753067201207192019,0,21,1367,1738,0,1375,0,142,1715
1753067201209207270,0,21,1368,1740,0,1375,0,142,1716
1753067201211150529,0,21,1368,1741,0,1376,0,142,1717
1753067201213122099,0,21,1369,1742,0,1376,0,141,1718
1753067201215132504,0,21,1369,1743,0,1376,0,142,1719
1753067201217113524,0,21,1370,1745,0,1377,0,142,1720
1753067201219099008,0,21,1370,1746,0,1378,0,142,1721
1753067201221113109,0,21,1371,1747,0,1379,0,142,1722
1753067201223106474,0,21,1372,1748,0,1379,0,142,1724
1753067201225123387,0,21,1372,1749,0,1380,0,142,1725
1753067201227093953,0,21,1373,1751,0,1381,0,142,1726
1753067201229101381,0,21,1374,1752,0,1382,0,142,1727
1753067201231184698,0,21,1374,1754,0,1382,0,142,1728
1753067201233179440,0,21,1375,1755,0,1383,0,142,1729
1753067201235195442,0,21,1376,1756,1,1384,0,141,1730
1753067201237159351,0,21,1376,1757,0,1385,0,142,1731
1753067201239131152,0,21,1377,1758,0,1386,0,141,1732
1753067201241107427,0,21,1378,1760,0,1387,0,142,1733
1753067201243115344,0,21,1379,1761,0,1387,0,142,1734
1753067201245163294,0,21,1380,1762,0,1388,0,141,1735
1753067201247171218,0,21,1381,1763,0,1389,0,142,1737
1753067201249110950,0,21,1382,1764,0,1390,0,142,1738
1753067201251028644,0,21,1382,1766,0,1391,0,142,1739
1753067201253086436,0,21,1383,1767,0,1392,0,142,1741
1753067201255074940,0,21,1384,1768,0,1393,0,142,1742
1753067201257033718,0,21,1385,1769,0,1394,0,142,1743
1753067201259034692,0,21,1386,1770,0,1395,0,142,1744
1753067201261057822,0,21,1386,1771,0,1396,0,142,1746
1753067201263058767,0,21,1387,1772,0,1397,0,142,1747
1753067201265005860,0,21,1388,1774,0,1398,0,142,1748
1753067201267026579,0,21,1389,1775,0,1398,0,142,1749
1753067201269031071,0,21,1389,1776,0,1399,0,142,1751
1753067201271018036,0,21,1389,1777,0,1400,0,142,1752
1753067201273028957,0,21,1389,1778,0,1401,0,141,1753
1753067201275015475,0,21,1390,1779,0,1401,0,142,1754
1753067201277035722,0,21,1391,1780,0,1402,0,142,1756
1753067201278997506,0,21,1391,1781,0,1403,0,142,1756
1753067201280959266,0,21,1392,1782,0,1404,0,142,1757
1753067201282964632,0,21,1393,1783,0,1405,0,142,1759
1753067201284988270,0,21,1394,1784,0,1406,0,142,1760
1753067201287010779,0,21,1394,1785,0,1407,0,142,1761
1753067201289014699,0,21,1395,1786,0,1408,0,142,1762
1753067201290988783,0,21,1396,1787,0,1409,0,142,1763
1753067201292950981,0,21,1396,1788,0,1410,0,142,1764
1753067201294984318,0,21,1397,1789,0,1410,0,142,1766
1753067201296975651,0,21,1398,1790,0,1411,0,142,1767
1753067201298975537,0,21,1399,1791,1,1412,0,142,1768
1753067201301009050,0,21,1399,1792,0,1413,0,142,1769
1753067201303039801,0,21,1400,1793,0,1414,0,142,1770
1753067201305015494,0,21,1401,1794,0,1415,0,142,1771
1753067201307034847,0,21,1401,1795,0,1416,0,141,1772
1753067201308943518,0,21,1402,1796,0,1417,0,142,1774
1753067201310927514,0,21,1402,1797,0,1418,0,141,1775
1753067201312954702,0,21,1403,1798,1,1419,0,142,1776
1753067201314924628,0,21,1404,1799,0,1420,0,142,1777
1753067201316935337,0,21,1405,1800,0,1421,0,142,1778
1753067201318930305,0,21,1405,1801,0,1422,0,142,1779
1753067201320987536,0,21,1406,1802,0,1423,0,142,1780
1753067201322987378,0,21,1407,1803,0,1424,0,142,1781
1753067201324948323,0,21,1408,1804,0,1425,0,142,1782
1753067201326992416,0,21,1408,1805,0,1426,0,142,1784
1753067201328939858,0,21,1409,1806,1,1427,0,142,1784
1753067201330955797,0,21,1409,1807,0,1427,0,141,1786
1753067201332953230,0,21,1410,1808,0,1428,0,142,1787
1753067201334926418,0,21,1411,1809,0,1429,0,142,1788
1753067201336887670,0,21,1411,1810,1,1430,0,142,1789
1753067201338988725,0,21,1412,1810,0,1431,0,142,1790
1753067201340893920,0,21,1413,1811,0,1432,0,142,1791
1753067201342897448,0,21,1413,1812,0,1432,0,142,1792
1753067201344892155,0,21,1414,1813,0,1433,0,142,1792
1753067201346869509,0,21,1415,1814,0,1434,0,142,1793
1753067201348896050,0,21,1415,1815,0,1435,0,142,1795
1753067201350965391,0,21,1416,1816,0,1436,0,142,1795
1753067201352890368,0,21,1416,1817,0,1437,0,142,1796
1753067201354886631,0,21,1417,1817,0,1438,0,141,1797
1753067201356871014,0,21,1418,1818,0,1439,0,141,1798
1753067201358839143,0,21,1418,1819,0,1440,0,142,1799
1753067201360832977,0,21,1419,1820,0,1441,0,142,1800
1753067201362872832,0,21,1420,1820,0,1442,0,142,1801
1753067201364872267,0,21,1420,1821,0,1442,0,142,1802
1753067201366872399,0,21,1421,1822,0,1443,0,142,1802
1753067201368875941,0,21,1421,1823,0,1444,0,142,1804
1753067201370851321,0,21,1421,1824,0,1445,0,142,1805
1753067201372845319,0,21,1422,1825,0,1446,0,142,1805
1753067201374866158,0,21,1422,1826,0,1446,0,141,1806
1753067201376789888,0,21,1423,1827,0,1447,0,141,1807
1753067201378842092,0,21,1423,1827,0,1449,0,142,1808
1753067201380863240,0,21,1424,1828,0,1450,0,142,1809
1753067201382859130,0,21,1424,1828,0,1451,0,142,1810
1753067201384801933,0,21,1425,1830,0,1451,0,142,1811
1753067201386803033,0,21,1425,1830,0,1452,0,141,1812
1753067201388778287,0,21,1426,1831,0,1453,0,142,1812
1753067201390848547,0,21,1426,1832,0,1454,0,141,1813
1753067201392817390,0,21,1427,1832,0,1455,0,142,1814
1753067201394877739,0,21,1428,1833,0,1455,0,142,1815
1753067201396866117,0,21,1428,1834,0,1456,0,142,1816
1753067201398830087,0,21,1429,1834,0,1457,0,141,1817
1753067201400845481,0,21,1430,1835,0,1458,0,141,1818
1753067201402807336,0,21,1430,1836,1,1459,0,141,1818
1753067201404782634,0,21,1431,1837,0,1459,0,142,1819
1753067201406814091,0,21,1432,1838,0,1460,0,141,1820
1753067201408935726,0,21,1432,1839,0,1461,0,142,1821
1753067201410799473,0,21,1433,1840,0,1461,0,142,1821
1753067201412749220,0,21,1434,1840,0,1462,0,142,1822
1753067201414747063,0,21,1435,1841,0,1463,0,142,1823
1753067201416745631,0,21,1435,1842,1,1464,0,142,1824
1753067201418826874,0,21,1436,1843,0,1465,0,142,1824
1753067201420801145,0,21,1437,1844,1,1466,0,141,1825
1753067201422767404,0,21,1437,1845,0,1466,0,141,1826
1753067201424773638,0,21,1438,1846,0,1468,0,142,1827
1753067201426888225,0,21,1439,1847,0,1468,0,142,1828
1753067201428778853,0,21,1439,1847,0,1469,0,141,1828
1753067201430791357,0,21,1440,1848,0,1470,0,142,1829
1753067201432772572,0,21,1441,1848,0,1471,0,141,1830
1753067201434741604,0,21,1442,1849,0,1471,0,142,1831
1753067201436701607,0,21,1442,1849,0,1473,0,141,1831
1753067201438719915,0,21,1443,1850,0,1473,0,141,1833
1753067201440723223,0,21,1444,1851,0,1474,0,142,1833
1753067201442698058,0,21,1444,1852,0,1475,0,141,1834
1753067201444736304,0,21,1445,1852,0,1476,0,142,1835
1753067201446747748,0,21,1446,1853,0,1477,0,142,1836
1753067201448710921,0,21,1446,1854,0,1477,0,141,1837
1753067201450660280,0,21,1447,1854,0,1478,0,142,1837
1753067201452654235,0,21,1447,1855,0,1479,0,141,1838
1753067201454669472,0,21,1448,1856,0,1480,0,142,1839
1753067201456734711,0,21,1448,1857,0,1480,0,142,1840
1753067201458745913,0,21,1448,1857,1,1481,0,142,1841
1753067201460760006,0,21,1448,1858,0,1482,0,142,1842
1753067201462714957,0,21,1448,1859,0,1482,0,142,1842
1753067201464727600,0,21,1448,1859,0,1483,0,142,1843
1753067201466760831,0,21,1448,1860,0,1483,0,142,1844
1753067201468768784,0,21,1448,1861,0,1484,0,142,1845
1753067201470770115,0,21,1448,1861,1,1485,0,142,1846
1753067201472716249,0,21,1448,1861,0,1485,0,142,1847
1753067201474667180,0,21,1447,1862,0,1486,0,141,1847
1753067201476649729,0,21,1448,1862,0,1487,0,141,1848
1753067201478685716,0,21,1447,1863,0,1487,0,142,1848
1753067201480712545,0,21,1448,1864,0,1488,0,142,1849
1753067201482738174,0,21,1448,1865,0,1489,0,142,1850
1753067201484655718,0,21,1448,1865,0,1489,0,142,1851
1753067201486697131,0,21,1448,1866,0,1490,0,141,1852
1753067201488621107,0,21,1448,1867,0,1490,0,142,1852
1753067201490610188,0,21,1449,1867,0,1491,0,142,1853
1753067201492649261,0,21,1449,1868,0,1492,0,142,1853
1753067201494683635,0,21,1450,1869,1,1492,0,142,1854
1753067201496666833,0,21,1451,1869,0,1493,0,142,1855
1753067201498679001,0,21,1451,1870,0,1494,0,142,1855
1753067201500607443,0,21,1452,1871,0,1495,0,141,1856
1753067201502583161,0,21,1453,1872,0,1496,0,142,1857
1753067201504578387,0,21,1454,1872,0,1496,0,142,1858
1753067201506533549,0,21,1455,1873,0,1497,0,142,1858
1753067201508534617,0,21,1456,1874,0,1498,0,141,1859
1753067201510499424,0,21,1457,1874,0,1499,0,142,1860
1753067201512488710,0,21,1459,1874,0,1499,0,142,1860
1753067201514534851,0,21,1460,1875,0,1500,0,141,1861
1753067201516508618,0,21,1461,1877,0,1501,0,142,1862
1753067201518502637,0,21,1463,1878,0,1502,0,142,1863
1753067201520529224,0,21,1464,1878,1,1503,0,142,1863
1753067201522500492,0,21,1465,1880,1,1503,0,142,1864
1753067201524497632,0,21,1466,1880,0,1504,0,142,1864
1753067201526497800,0,21,1468,1881,0,1505,0,142,1865
1753067201528461585,0,21,1469,1882,0,1505,0,142,1866
1753067201530468657,0,21,1470,1883,0,1506,0,141,1866
1753067201532451569,0,21,1472,1884,1,1507,0,142,1867
1753067201534521801,0,21,1472,1885,0,1507,0,142,1868
1753067201536469512,0,21,1474,1885,0,1508,0,142,1869
1753067201538496601,0,21,1475,1886,0,1508,0,142,1869
1753067201540479669,0,21,1476,1887,0,1508,0,142,1870
1753067201542528680,0,21,1477,1887,0,1508,0,142,1870
1753067201544584615,0,21,1478,1887,0,1509,0,142,1871
1753067201546477888,0,21,1480,1887,0,1509,0,142,1872
1753067201548470132,0,21,1480,1888,0,1510,0,142,1873
1753067201550466908,0,21,1481,1888,0,1510,0,142,1873
1753067201552491636,0,21,1481,1889,0,1510,0,142,1874
1753067201554560365,0,21,1482,1890,0,1510,0,142,1875
1753067201556558497,0,21,1483,1891,0,1511,0,142,1875
1753067201558534816,0,21,1484,1891,1,1511,0,142,1876
1753067201560523621,0,21,1484,1892,1,1512,0,142,1877
1753067201562527686,0,21,1484,1892,1,1512,0,142,1877
1753067201564527133,0,21,1485,1893,0,1513,0,142,1878
1753067201566543345,0,21,1485,1893,0,1513,0,142,1879
1753067201568556202,0,21,1485,1894,0,1514,0,141,1880
1753067201570507641,0,21,1485,1894,0,1514,0,142,1881
1753067201572555230,0,21,1486,1895,0,1515,0,142,1882
1753067201574585114,0,21,1486,1895,0,1516,0,142,1882
1753067201576574216,0,21,1486,1895,0,1516,0,141,1883
1753067201578532183,0,21,1486,1896,0,1517,0,142,1883
1753067201580564294,0,21,1487,1896,0,1517,0,142,1884
1753067201582516865,0,21,1487,1897,0,1518,0,142,1884
1753067201584527575,0,21,1488,1897,0,1519,0,142,1885
1753067201586509197,0,21,1488,1898,0,1519,0,142,1886
1753067201588468333,0,21,1489,1898,0,1520,0,142,1887
1753067201590517995,0,21,1489,1899,0,1521,0,142,1887
1753067201592550380,0,21,1489,1899,0,1521,0,142,1888
1753067201594500788,0,21,1490,1900,0,1522,0,142,1888
1753067201596415539,0,21,1490,1900,0,1522,0,142,1889
1753067201598392177,0,21,1491,1900,0,1523,0,142,1890
1753067201600405108,0,21,1491,1900,0,1523,0,141,1890
1753067201602403740,0,21,1492,1901,0,1524,0,141,1891
1753067201604451345,0,21,1492,1902,0,1524,0,141,1891
1753067201606640632,0,21,1493,1903,0,1525,0,142,1892
1753067201608479617,0,21,1493,1904,0,1525,0,142,1892
1753067201610448740,0,21,1494,1905,0,1526,0,142,1893
1753067201612500157,0,21,1494,1906,0,1526,0,142,1893
1753067201614488594,0,21,1495,1906,0,1527,0,142,1894
1753067201616427398,0,21,1496,1907,0,1527,0,142,1894
1753067201618403417,0,21,1496,1908,0,1528,0,142,1895
1753067201620409248,0,21,1497,1909,0,1528,0,142,1895
1753067201622395794,0,21,1498,1910,0,1529,0,142,1896
1753067201624343545,0,21,1499,1910,0,1529,0,142,1896
1753067201626379321,0,21,1499,1911,0,1530,0,142,1896
1753067201628455846,0,21,1500,1912,0,1531,0,142,1897
1753067201630360745,0,21,1501,1912,0,1531,0,142,1897
1753067201632357986,0,21,1501,1913,0,1532,0,142,1898
1753067201634473315,0,21,1502,1914,0,1532,0,142,1898
1753067201636356296,0,21,1503,1914,0,1533,0,142,1899
1753067201638359618,0,21,1504,1915,0,1533,0,142,1899
1753067201640371912,0,21,1505,1916,1,1534,0,142,1900
1753067201642354597,0,21,1506,1917,0,1534,0,142,1900
1753067201644309992,0,21,1507,1918,0,1535,0,142,1901
1753067201646295412,0,21,1508,1919,0,1536,0,142,1902
1753067201648447583,0,21,1509,1919,0,1536,0,142,1902
1753067201650314677,0,21,1510,1920,0,1537,0,142,1903
1753067201652340472,0,21,1511,1921,0,1537,0,142,1903
1753067201654472385,0,21,1512,1922,0,1538,0,142,1904
1753067201656454943,0,21,1512,1922,0,1539,0,142,1905
1753067201658465399,0,21,1513,1923,0,1539,0,142,1905
1753067201660396506,0,21,1514,1924,0,1540,0,142,1905
1753067201662493182,0,21,1514,1924,0,1540,0,142,1906
1753067201664472916,0,21,1515,1925,0,1541,0,142,1907
1753067201667365722,0,21,1516,1925,0,1541,0,142,1908
1753067201670372630,0,21,1517,1927,0,1542,0,141,1909
1753067201673337552,0,21,1517,1928,0,1543,0,142,1910
1753067201676389624,0,21,1518,1929,0,1544,0,142,1911
1753067201678372731,0,21,1519,1930,0,1545,0,142,1912
1753067201680389182,0,21,1519,1931,0,1546,0,142,1912
1753067201682347392,0,21,1519,1931,0,1546,0,142,1913
1753067201684411730,0,21,1519,1932,0,1547,0,142,1914
1753067201686322498,0,21,1519,1932,1,1547,0,142,1915
1753067201688280939,0,21,1520,1933,0,1548,0,142,1916
1753067201690249318,0,21,1520,1933,0,1549,0,142,1916
1753067201692290199,0,21,1520,1934,0,1549,0,142,1917
1753067201694333603,0,21,1520,1934,0,1550,0,142,1918
1753067201696316566,0,21,1521,1934,0,1550,0,142,1919
1753067201698303735,0,21,1521,1934,0,1551,0,142,1919
1753067201700345901,0,21,1521,1935,0,1551,0,142,1920
1753067201702314633,0,21,1521,1935,0,1552,0,142,1921
1753067201704229470,0,21,1522,1936,0,1552,0,142,1922
1753067201706251286,0,21,1522,1936,0,1553,0,142,1923
1753067201708221096,0,21,1522,1936,0,1553,0,142,1923
1753067201710236328,0,21,1523,1937,1,1554,0,142,1924
1753067201712294476,0,21,1523,1938,0,1554,0,142,1925
1753067201714308007,0,21,1523,1938,0,1555,0,142,1925
1753067201716227352,0,21,1524,1939,0,1555,0,142,1926
1753067201718219704,0,21,1525,1940,0,1556,0,142,1927
1753067201720207669,0,21,1525,1940,0,1556,0,142,1927
1753067201722242044,0,21,1526,1941,0,1557,0,142,1928
1753067201724276038,0,21,1527,1942,0,1557,0,141,1929
1753067201726272733,0,21,1528,1942,0,1558,0,142,1930
1753067201728282425,0,21,1529,1943,0,1559,0,142,1930
1753067201730372165,0,21,1530,1944,0,1559,0,142,1931
1753067201732266267,0,21,1530,1945,0,1560,0,142,1933
1753067201734328499,0,21,1532,1946,0,1560,0,142,1933
1753067201736224026,0,21,1533,1947,0,1561,0,142,1934
1753067201738312760,0,21,1534,1947,0,1561,0,142,1934
1753067201740235920,0,21,1535,1948,0,1562,0,142,1935
1753067201742232379,0,21,1536,1949,0,1562,0,142,1936
1753067201744178248,0,21,1537,1950,0,1563,0,142,1936
1753067201746197471,0,21,1538,1951,0,1563,0,141,1937
1753067201748233024,0,21,1539,1952,0,1564,0,142,1938
1753067201750239534,0,21,1541,1953,0,1565,0,141,1938
1753067201752216702,0,21,1542,1954,0,1565,0,142,1939
1753067201754255076,0,21,1543,1955,0,1566,0,142,1939
1753067201756162367,0,21,1544,1955,0,1566,0,142,1940
1753067201758210856,0,21,1545,1956,1,1567,0,142,1941
1753067201760159488,0,21,1546,1957,0,1567,0,142,1942
1753067201762180930,0,21,1547,1958,0,1568,0,142,1942
1753067201764166651,0,21,1548,1959,0,1568,0,142,1943
1753067201766220534,0,21,1548,1960,0,1569,0,142,1944
1753067201768175062,0,21,1549,1961,0,1569,0,142,1944
1753067201770191651,0,21,1549,1962,1,1570,0,142,1945
1753067201772210036,0,21,1550,1963,0,1571,0,142,1946
1753067201774171657,0,21,1551,1964,0,1571,0,142,1947
1753067201776131187,0,21,1551,1965,0,1572,0,142,1947
1753067201778133704,0,21,1552,1966,1,1573,0,142,1948
1753067201780141087,0,21,1552,1966,0,1573,0,142,1949
1753067201782135843,0,21,1553,1967,0,1574,0,142,1950
1753067201784151417,0,21,1553,1968,0,1574,0,142,1951
1753067201786127612,0,21,1553,1969,0,1575,0,142,1951
1753067201788038190,0,21,1553,1969,1,1577,0,142,1952
1753067201790086112,0,21,1553,1970,0,1577,0,142,1953
1753067201792022689,0,21,1553,1971,0,1578,0,142,1954
1753067201794048807,0,21,1553,1972,0,1579,0,142,1955
1753067201796019854,0,21,1553,1973,0,1579,0,142,1955
1753067201798032224,0,21,1553,1973,0,1580,0,142,1956
1753067201800136326,0,21,1553,1974,0,1580,0,142,1957
1753067201802139459,0,21,1553,1975,0,1581,0,142,1958
1753067201804211516,0,21,1553,1976,0,1582,0,142,1959
1753067201806086648,0,21,1553,1976,1,1582,0,142,1960
1753067201808089724,0,21,1553,1976,0,1583,0,142,1961
1753067201810017473,0,21,1553,1978,0,1584,0,142,1961
1753067201812017701,0,21,1553,1978,0,1584,0,142,1962
1753067201814027847,0,21,1553,1979,0,1585,0,142,1963
1753067201816065694,0,21,1553,1979,0,1586,0,142,1964
1753067201818060140,0,21,1554,1980,1,1586,0,142,1965
1753067201820161873,0,21,1554,1980,0,1587,0,142,1966
1753067201822128841,0,21,1554,1981,0,1588,0,142,1967
1753067201824083026,0,21,1554,1981,1,1588,0,142,1968
1753067201826093604,0,21,1554,1981,0,1589,0,142,1968
1753067201828064873,0,21,1555,1982,0,1590,0,142,1969
1753067201830089032,0,21,1555,1982,0,1590,0,142,1970
1753067201832096840,0,21,1555,1982,0,1590,0,142,1971
1753067201834119317,0,21,1556,1983,0,1591,0,142,1972
1753067201836026210,0,21,1556,1983,0,1591,0,142,1972
1753067201838061042,0,21,1557,1984,1,1591,0,142,1973
1753067201840164504,0,21,1557,1984,0,1592,0,142,1974
1753067201842092664,0,21,1557,1985,0,1592,0,142,1975
1753067201844057278,0,21,1558,1985,0,1593,0,142,1975
1753067201846062225,0,21,1558,1986,0,1593,0,142,1976
1753067201848009958,0,21,1559,1986,0,1594,0,141,1977
1753067201849955544,0,21,1559,1987,0,1594,0,141,1978
1753067201851972377,0,21,1560,1987,0,1595,0,142,1978
1753067201854033335,0,21,1561,1988,0,1595,0,142,1979
1753067201856029302,0,21,1561,1988,0,1595,0,141,1979
1753067201858015922,0,21,1562,1989,0,1596,0,142,1980
1753067201859928798,0,21,1563,1989,0,1597,0,142,1981
1753067201861954785,0,21,1563,1989,0,1597,0,142,1981
1753067201863969098,0,21,1564,1990,0,1597,0,142,1982
1753067201865978622,0,21,1564,1990,0,1598,0,142,1982
1753067201867990809,0,21,1565,1991,0,1599,0,142,1983
1753067201870020410,0,21,1565,1991,0,1599,0,142,1984
1753067201872029442,0,21,1566,1992,0,1600,0,142,1984
1753067201874022131,0,21,1566,1992,0,1601,0,142,1984
1753067201875999466,0,21,1567,1993,0,1601,0,142,1985
1753067201878073185,0,21,1568,1993,0,1602,0,142,1986
1753067201880000255,0,21,1568,1994,0,1602,0,142,1986
1753067201882010102,0,21,1569,1994,1,1603,0,142,1986
1753067201883935468,0,21,1570,1994,0,1604,0,142,1987
1753067201885925626,0,21,1570,1995,0,1604,0,142,1987
1753067201887894905,0,21,1570,1995,0,1605,0,142,1988
1753067201889922536,0,21,1570,1996,0,1605,0,142,1988
1753067201891935731,0,21,1570,1996,1,1606,0,142,1989
1753067201893964028,0,21,1571,1996,0,1607,0,142,1989
1753067201896016892,0,21,1571,1997,0,1608,0,142,1990
1753067201897927227,0,21,1571,1997,1,1608,0,142,1990
1753067201899992037,0,21,1571,1997,0,1609,0,142,1990
1753067201901924078,0,21,1571,1998,0,1610,0,142,1991
1753067201903887553,0,21,1571,1998,0,1610,0,142,1991
1753067201905917667,0,21,1571,1999,0,1611,0,142,1992
1753067201907928617,0,21,1571,1999,0,1611,0,142,1992
1753067201909850965,0,21,1571,2000,0,1612,0,142,1992
1753067201911854686,0,21,1571,2000,0,1613,0,142,1993
1753067201913836829,0,21,1571,2001,0,1613,0,142,1994
1753067201915879750,0,21,1571,2001,0,1614,0,142,1994
1753067201917921646,0,21,1571,2002,0,1615,0,142,1994
1753067201919941155,0,21,1571,2002,0,1616,0,142,1994
1753067201921910243,0,21,1572,2002,0,1616,0,142,1995
1753067201923954232,0,21,1572,2003,0,1617,0,142,1995
1753067201925888446,0,21,1572,2003,0,1617,0,142,1996
1753067201927885504,0,21,1573,2004,0,1617,0,142,1996
1753067201929866587,0,21,1573,2004,0,1618,0,142,1996
1753067201931890123,0,21,1574,2005,0,1619,0,142,1997
1753067201933856246,0,21,1574,2005,0,1619,0,142,1997
1753067201935859679,0,21,1575,2006,0,1620,0,142,1997
1753067201937818079,0,21,1575,2006,0,1620,0,142,1997
1753067201939826594,0,21,1576,2007,0,1620,0,142,1997
1753067201941810687,0,21,1576,2008,0,1621,0,142,1998
1753067201943883045,0,21,1577,2008,0,1621,0,142,1998
1753067201945802544,0,21,1577,2008,0,1622,0,142,1998
1753067201947796551,0,21,1578,2009,0,1622,0,142,1998
1753067201949767440,0,21,1579,2010,0,1623,0,142,1998
1753067201951807822,0,21,1580,2010,0,1623,0,142,1999
1753067201953818607,0,21,1581,2011,0,1624,0,142,1999
1753067201955792350,0,21,1582,2011,0,1624,0,142,2000
1753067201957822568,0,21,1582,2012,0,1625,0,142,2000
1753067201959844217,0,21,1583,2012,0,1625,0,142,2000
1753067201961803637,0,21,1584,2013,0,1625,0,142,2000
1753067201963840408,0,21,1585,2014,0,1626,0,142,2001
1753067201965907092,0,21,1586,2015,0,1626,0,142,2001
1753067201967831136,0,21,1587,2015,0,1626,0,142,2002
1753067201969865135,0,21,1588,2016,0,1627,0,142,2002
1753067201971814970,0,21,1590,2016,0,1627,0,142,2002
1753067201973869560,0,21,1591,2017,0,1628,0,142,2003
1753067201975795200,0,21,1591,2018,0,1628,0,142,2003
1753067201977803867,0,21,1592,2018,0,1628,0,142,2004
1753067201979800591,0,21,1593,2019,0,1629,0,142,2004
1753067201981798027,0,21,1595,2019,0,1629,0,142,2005
1753067201983791274,0,21,1596,2020,0,1630,0,142,2005
1753067201985811660,0,21,1597,2020,0,1630,0,142,2006
1753067201987777165,0,21,1598,2021,0,1630,0,142,2006
1753067201989800680,0,21,1598,2022,0,1630,0,142,2007
1753067201991800309,0,21,1600,2022,0,1631,0,142,2007
1753067201993838189,0,21,1600,2023,0,1631,0,142,2008
1753067201995782357,0,21,1601,2023,0,1631,0,142,2008
1753067201997789394,0,21,1602,2023,0,1631,0,142,2009
1753067201999771056,0,21,1603,2024,0,1632,0,142,2009
1753067202001834963,0,21,1603,2024,0,1632,0,142,2009
1753067202003860881,0,21,1604,2025,0,1632,0,142,2010
1753067202005797956,0,21,1605,2026,0,1632,0,141,2011
1753067202007839106,0,21,1605,2026,0,1633,0,142,2011
1753067202009812044,0,21,1606,2027,0,1633,0,142,2012
1753067202011799657,0,21,1606,2027,0,1633,0,142,2012
1753067202013766268,0,21,1607,2028,0,1633,0,142,2013
1753067202015755172,0,21,1607,2029,0,1633,0,142,2014
1753067202017683087,0,21,1608,2029,0,1634,0,142,2014
1753067202019755142,0,21,1608,2030,0,1634,0,142,2015
1753067202021733722,0,21,1609,2030,0,1634,0,142,2016
1753067202023676554,0,21,1609,2031,0,1635,0,142,2016
1753067202025653367,0,21,1609,2032,0,1635,0,142,2017
1753067202027748725,0,21,1609,2033,0,1635,0,142,2018
1753067202029688376,0,21,1610,2033,0,1636,0,142,2018
1753067202031713216,0,21,1610,2034,0,1636,0,142,2019
1753067202033711631,0,21,1611,2035,0,1636,0,142,2019
1753067202035662053,0,21,1611,2035,0,1637,0,142,2020
1753067202037748347,0,21,1611,2036,0,1637,0,142,2021
1753067202039661849,0,21,1612,2037,0,1638,0,142,2022
1753067202041663088,0,21,1612,2038,0,1638,0,142,2022
1753067202043681917,0,21,1612,2038,0,1638,0,142,2023
1753067202045690398,0,21,1612,2039,0,1638,0,142,2024
1753067202047629749,0,21,1613,2040,0,1639,0,141,2025
1753067202049672806,0,21,1613,2041,0,1639,0,142,2025
1753067202051613742,0,21,1613,2042,0,1640,0,142,2026
1753067202053666590,0,21,1613,2042,0,1640,0,142,2027
1753067202055739466,0,21,1613,2043,0,1640,0,142,2027
1753067202057609879,0,21,1614,2044,0,1641,0,141,2028
1753067202059636228,0,21,1614,2045,0,1641,0,142,2029
1753067202061619929,0,21,1615,2046,0,1642,0,142,2030
1753067202063660842,0,21,1615,2046,0,1642,0,142,2030
1753067202065626248,0,21,1615,2047,0,1643,0,142,2031
1753067202067664008,0,21,1616,2048,0,1643,0,142,2032
1753067202069610842,0,21,1616,2048,0,1643,0,142,2032
1753067202071561056,0,21,1617,2049,0,1644,0,142,2033
1753067202073541826,0,21,1617,2050,0,1644,0,142,2034
1753067202075660422,0,21,1618,2051,0,1645,0,142,2035
1753067202077631250,0,21,1618,2052,0,1645,0,142,2036
1753067202079616144,0,21,1619,2052,0,1646,0,142,2036
1753067202081570271,0,21,1619,2053,0,1646,0,141,2037
1753067202083579864,0,21,1620,2054,0,1646,0,142,2038
1753067202085579949,0,21,1620,2054,0,1647,0,142,2039
1753067202087580775,0,21,1621,2056,0,1647,0,142,2039
1753067202089602045,0,21,1621,2056,0,1648,0,142,2040
1753067202091609699,0,21,1622,2057,0,1648,0,142,2041
1753067202093531583,0,21,1623,2058,0,1649,0,142,2042
1753067202095607993,0,21,1624,2059,0,1649,0,142,2043
1753067202097605000,0,21,1624,2059,0,1649,0,142,2043
1753067202099619182,0,21,1625,2060,0,1650,0,142,2044
1753067202101620753,0,21,1626,2061,0,1650,0,142,2045
1753067202103636157,0,21,1626,2061,0,1651,0,142,2046
1753067202105562926,0,21,1627,2062,0,1651,0,142,2046
1753067202107518557,0,21,1628,2063,0,1652,0,142,2047
1753067202109538930,0,21,1629,2063,1,1652,0,142,2048
1753067202111530752,0,21,1630,2064,0,1652,0,142,2049
1753067202113544896,0,21,1631,2065,0,1653,0,142,2050
1753067202115592270,0,21,1632,2065,0,1653,0,142,2051
1753067202117485263,0,21,1632,2066,0,1654,0,142,2052
1753067202119509786,0,21,1633,2067,0,1654,0,141,2052
1753067202121515973,0,21,1634,2068,0,1654,0,142,2053
1753067202123502081,0,21,1635,2069,0,1655,0,142,2053
1753067202125495233,0,21,1635,2069,0,1655,0,142,2054
1753067202127498562,0,21,1636,2070,0,1656,0,142,2055
1753067202129504605,0,21,1637,2071,0,1656,0,142,2056
1753067202131516091,0,21,1638,2072,0,1657,0,142,2057
1753067202133493733,0,21,1639,2073,0,1657,0,142,2058
1753067202135514982,0,21,1639,2074,0,1658,0,142,2059
1753067202137455996,0,21,1640,2075,0,1659,0,142,2059
1753067202139449864,0,21,1641,2076,1,1659,0,142,2060
1753067202141443105,0,21,1642,2077,0,1659,0,142,2061
1753067202143458782,0,21,1642,2078,1,1660,0,142,2061
1753067202145466992,0,21,1643,2079,0,1660,0,142,2062
1753067202147453394,0,21,1644,2079,0,1661,0,142,2063
1753067202149454207,0,21,1645,2080,1,1661,0,141,2063
1753067202151507072,0,21,1646,2081,0,1662,0,142,2064
1753067202153473073,0,21,1646,2082,0,1663,0,142,2065
1753067202155573660,0,21,1647,2083,0,1663,0,142,2066
1753067202157493446,0,21,1648,2084,0,1664,0,142,2067
1753067202159523180,0,21,1648,2085,0,1664,0,142,2067
1753067202161457177,0,21,1649,2086,0,1665,0,142,2068
1753067202163441842,0,21,1649,2086,0,1666,0,142,2069
1753067202165420616,0,21,1650,2087,0,1666,0,142,2070
1753067202167416323,0,21,1650,2088,0,1667,0,142,2070
1753067202169407354,0,21,1651,2089,0,1667,0,142,2071
1753067202171449912,0,21,1651,2090,0,1667,0,142,2072
1753067202173393913,0,21,1652,2090,0,1668,0,142,2073
1753067202175411002,0,21,1652,2091,0,1669,0,142,2074
1753067202177395127,0,21,1652,2092,0,1670,0,142,2075
1753067202179413481,0,21,1653,2093,0,1670,0,142,2076
1753067202181411377,0,21,1653,2093,0,1670,0,142,2076
1753067202183416650,0,21,1654,2094,0,1671,0,142,2077
1753067202185432853,0,21,1654,2095,0,1672,0,142,2078
1753067202187364389,0,21,1654,2096,0,1673,0,142,2079
1753067202189398093,0,21,1654,2097,1,1673,0,142,2080
1753067202191380909,0,21,1654,2097,0,1673,0,142,2081
1753067202193439940,0,21,1655,2098,0,1674,0,142,2081
1753067202195450049,0,21,1655,2099,0,1674,0,142,2082
1753067202197416471,0,21,1655,2100,0,1675,0,142,2083
1753067202199426939,0,21,1655,2101,0,1676,0,142,2084
1753067202201422280,0,21,1656,2101,0,1676,0,142,2085
1753067202203367077,0,21,1656,2102,0,1677,0,142,2085
1753067202205378060,0,21,1657,2103,1,1677,0,142,2086
1753067202207370612,0,21,1657,2103,0,1678,0,142,2087
1753067202209367591,0,21,1657,2104,1,1679,0,141,2088
1753067202211368912,0,21,1658,2104,1,1679,0,141,2089
1753067202213353779,0,21,1659,2105,0,1680,0,142,2089
1753067202215374703,0,21,1659,2106,1,1680,0,142,2090
1753067202217391239,0,21,1660,2107,0,1681,0,142,2091
1753067202219354216,0,21,1660,2107,0,1681,0,142,2092
1753067202221351261,0,21,1661,2108,0,1682,0,142,2093
1753067202223363058,0,21,1662,2109,0,1682,0,142,2094
1753067202225339756,0,21,1663,2109,0,1683,0,142,2094
1753067202227291556,0,21,1664,2110,0,1684,0,142,2095
1753067202229268880,0,21,1665,2110,0,1684,0,142,2096
1753067202231350927,0,21,1666,2111,1,1685,0,142,2096
1753067202233341523,0,21,1667,2112,0,1686,0,142,2097
1753067202235421165,0,21,1668,2113,0,1686,0,142,2098
1753067202237373722,0,21,1669,2114,0,1687,0,142,2099
1753067202239354831,0,21,1669,2114,0,1687,0,142,2100
1753067202241327348,0,21,1670,2115,0,1688,0,142,2100
1753067202243283258,0,21,1671,2116,0,1688,0,142,2101
1753067202245292006,0,21,1672,2117,0,1689,0,141,2102
1753067202247288613,0,21,1674,2118,0,1690,0,142,2102
1753067202249367529,0,21,1675,2119,0,1690,0,142,2103
1753067202251348590,0,21,1676,2120,0,1691,0,142,2104
1753067202253350020,0,21,1676,2121,0,1692,0,142,2104
1753067202255389554,0,21,1678,2122,0,1692,0,142,2105
1753067202257379749,0,21,1679,2123,0,1693,0,142,2106
1753067202259351273,0,21,1680,2124,0,1694,0,141,2107
1753067202261282852,0,21,1681,2125,0,1694,0,142,2107
1753067202263298876,0,21,1682,2126,0,1695,0,142,2108
1753067202265329507,0,21,1682,2126,0,1695,0,142,2109
1753067202267364504,0,21,1683,2127,0,1696,0,142,2110
1753067202269249838,0,21,1684,2128,0,1696,0,142,2110
1753067202271271042,0,21,1685,2129,1,1697,0,142,2111
1753067202273253537,0,21,1686,2130,0,1697,0,141,2112
1753067202275284290,0,21,1686,2131,0,1698,0,142,2113
1753067202277233951,0,21,1687,2132,0,1699,0,142,2113
1753067202279288415,0,21,1688,2133,0,1699,0,141,2114
1753067202281306592,0,21,1688,2134,0,1699,0,142,2115
1753067202283228862,0,21,1689,2134,0,1700,0,142,2116
1753067202285285327,0,21,1689,2136,0,1700,0,142,2116
1753067202287215289,0,21,1690,2136,0,1700,0,142,2117
1753067202289210419,0,21,1690,2137,0,1701,0,142,2118
1753067202291234333,0,21,1690,2138,1,1701,0,142,2118
1753067202293227291,0,21,1690,2138,1,1701,0,142,2119
1753067202295173118,0,21,1690,2139,0,1701,0,142,2120
1753067202297178733,0,21,1690,2140,0,1701,0,142,2121
1753067202299206699,0,21,1691,2141,0,1701,0,142,2122
1753067202301160712,0,21,1691,2141,0,1702,0,142,2123
1753067202303297630,0,21,1691,2142,0,1702,0,142,2123
1753067202305246623,0,21,1691,2142,0,1703,0,142,2124
1753067202307264120,0,21,1691,2144,0,1703,0,142,2125
1753067202309153129,0,21,1691,2144,0,1703,0,142,2126
1753067202311130521,0,21,1691,2145,0,1704,0,142,2127
1753067202313180593,0,21,1691,2146,0,1705,0,142,2128
1753067202315148018,0,21,1692,2147,0,1705,0,142,2129
1753067202317098838,0,21,1692,2148,0,1706,0,142,2130
1753067202319128080,0,21,1692,2149,0,1707,0,142,2130
1753067202321123309,0,21,1693,2149,0,1707,0,142,2131
1753067202323121308,0,21,1693,2150,0,1708,0,142,2132
1753067202325145518,0,21,1694,2151,0,1709,0,142,2133
1753067202327127873,0,21,1694,2152,0,1709,0,142,2134
1753067202329137763,0,21,1694,2153,0,1710,0,142,2135
1753067202331144778,0,21,1695,2154,0,1711,0,142,2135
1753067202333178571,0,21,1696,2155,0,1712,0,142,2136
1753067202335155631,0,21,1696,2155,0,1712,0,142,2137
1753067202337177561,0,21,1697,2156,0,1713,0,142,2138
1753067202339171814,0,21,1697,2157,0,1714,0,142,2139
1753067202341182960,0,21,1698,2158,0,1715,0,142,2139
1753067202343133330,0,21,1699,2160,0,1716,0,142,2140
1753067202345104794,0,21,1699,2160,0,1716,0,142,2141
1753067202347066926,0,21,1700,2161,0,1718,0,142,2142
1753067202349134177,0,21,1700,2162,0,1718,0,141,2143
1753067202351084930,0,21,1701,2163,0,1719,0,142,2144
1753067202353103249,0,21,1702,2163,0,1720,0,142,2144
1753067202355066395,0,21,1703,2164,0,1721,0,142,2145
1753067202357135246,0,21,1704,2165,0,1722,0,142,2146
1753067202359076277,0,21,1705,2166,0,1723,0,142,2147
1753067202361040266,0,21,1706,2167,0,1724,0,142,2148
1753067202363054422,0,21,1706,2168,0,1724,0,142,2149
1753067202365039978,0,21,1707,2168,0,1725,0,142,2150
1753067202367047940,0,21,1708,2169,0,1726,0,142,2151
1753067202369115596,0,21,1709,2169,0,1727,0,142,2152
1753067202371070965,0,21,1709,2170,0,1727,0,142,2153
1753067202373108488,0,21,1711,2171,0,1728,0,142,2153
1753067202375016937,0,21,1711,2171,0,1729,0,141,2154
1753067202377028203,0,21,1712,2172,0,1729,0,142,2155
1753067202379049109,0,21,1714,2173,0,1730,0,142,2156
1753067202381052239,0,21,1714,2174,0,1731,0,142,2157
1753067202382990020,0,21,1715,2174,0,1731,0,142,2158
1753067202384978708,0,21,1716,2175,0,1732,0,142,2159
1753067202387005645,0,21,1717,2175,0,1733,0,142,2160
1753067202388974481,0,21,1718,2176,0,1734,0,142,2161
1753067202391000457,0,21,1718,2177,0,1734,0,142,2162
1753067202392998032,0,21,1719,2177,0,1735,0,142,2162
1753067202394995503,0,21,1719,2178,1,1736,0,142,2163
1753067202397030031,0,21,1719,2178,0,1737,0,142,2164
1753067202399008219,0,21,1720,2179,0,1737,0,142,2165
1753067202400971355,0,21,1720,2179,0,1738,0,142,2166
1753067202402972902,0,21,1720,2180,0,1739,0,142,2167
1753067202404977599,0,21,1721,2180,0,1740,0,141,2167
1753067202406977152,0,21,1721,2180,0,1741,0,142,2168
1753067202408976988,0,21,1721,2181,0,1742,0,142,2169
1753067202410966555,0,21,1721,2181,0,1743,0,142,2170
1753067202412968849,0,21,1721,2182,0,1744,0,142,2171
1753067202414985189,0,21,1721,2182,0,1744,0,142,2171
1753067202416959470,0,21,1721,2183,0,1745,0,142,2172
1753067202418932500,0,21,1721,2183,0,1746,0,142,2173
1753067202420957545,0,21,1721,2183,0,1747,0,142,2173
1753067202422989138,0,21,1721,2184,0,1747,0,142,2174
1753067202424979878,0,21,1721,2184,0,1748,0,142,2175
1753067202426887614,0,21,1721,2184,0,1749,0,142,2175
1753067202428887233,0,21,1721,2185,0,1750,0,142,2176
1753067202430884880,0,21,1721,2185,0,1750,0,142,2177
1753067202432900222,0,21,1721,2186,0,1751,0,142,2177
1753067202434942012,0,21,1721,2186,0,1751,0,142,2178
1753067202436902094,0,21,1722,2187,0,1752,0,142,2179
1753067202438938646,0,21,1722,2187,1,1753,0,142,2179
1753067202440924246,0,21,1722,2188,0,1753,0,142,2180
1753067202442973455,0,21,1722,2188,0,1754,0,141,2180
1753067202444916489,0,21,1723,2189,0,1755,0,142,2180
1753067202446951797,0,21,1724,2189,0,1755,0,142,2181
1753067202448907834,0,21,1724,2190,0,1756,0,142,2181
1753067202450955358,0,21,1725,2190,0,1756,0,142,2182
1753067202452860262,0,21,1726,2191,0,1757,0,142,2182
1753067202454941770,0,21,1726,2191,0,1757,0,142,2183
1753067202456886470,0,21,1727,2192,0,1758,0,142,2183
1753067202458857361,0,21,1728,2193,0,1758,0,142,2184
1753067202460879181,0,21,1729,2193,0,1759,0,142,2184
1753067202462869999,0,21,1730,2194,0,1759,0,142,2184
1753067202464877859,0,21,1731,2195,1,1759,0,142,2185
1753067202466859071,0,21,1732,2196,0,1760,0,141,2185
1753067202468822373,0,21,1734,2197,0,1760,0,142,2186
1753067202470861123,0,21,1735,2197,0,1761,0,142,2186
1753067202472839944,0,21,1736,2198,0,1761,0,142,2186
1753067202474828512,0,21,1737,2199,0,1761,0,142,2187
1753067202476887434,0,21,1738,2199,0,1762,0,142,2189
1753067202478813093,0,21,1739,2200,0,1762,0,142,2189
1753067202480810309,0,21,1740,2201,0,1763,0,142,2189
1753067202482829261,0,21,1742,2202,0,1764,0,142,2190
1753067202484909749,0,21,1743,2203,0,1764,0,142,2190
1753067202486922165,0,21,1744,2203,0,1765,0,142,2191
1753067202488837921,0,21,1745,2204,0,1765,0,142,2191
1753067202490871894,0,21,1746,2205,0,1766,0,142,2192
1753067202492850277,0,21,1747,2205,1,1766,0,142,2192
1753067202494845519,0,21,1748,2206,0,1767,0,142,2193
1753067202496786802,0,21,1749,2206,0,1768,0,142,2193
1753067202498766517,0,21,1749,2207,0,1768,0,142,2194
1753067202500780258,0,21,1750,2208,0,1769,0,142,2195
1753067202502834619,0,21,1750,2208,0,1770,0,142,2195
1753067202504768345,0,21,1751,2209,0,1770,0,142,2196
1753067202506766960,0,21,1751,2209,0,1771,0,142,2196
1753067202508825925,0,21,1751,2210,0,1772,0,142,2196
1753067202510726114,0,21,1751,2211,0,1772,0,142,2197
1753067202512695693,0,21,1751,2211,0,1773,0,142,2198
1753067202514707439,0,21,1751,2212,0,1774,0,142,2198
1753067202516762535,0,21,1751,2212,0,1774,0,142,2199
1753067202518732690,0,21,1752,2212,0,1774,0,142,2199
1753067202520702202,0,21,1751,2213,0,1775,0,142,2200
1753067202522717910,0,21,1751,2213,1,1775,0,142,2201
1753067202524712665,0,21,1751,2213,0,1776,0,141,2202
1753067202526710307,0,21,1751,2214,0,1777,0,142,2202
1753067202528721583,0,21,1751,2214,0,1777,0,142,2203
1753067202530759528,0,21,1752,2215,0,1778,0,142,2203
1753067202532751371,0,21,1751,2215,0,1778,0,142,2204
1753067202534763088,0,21,1751,2215,0,1779,0,141,2205
1753067202536808242,0,21,1751,2216,0,1779,0,142,2205
1753067202538792272,0,21,1751,2216,0,1779,0,142,2206
1753067202540703857,0,21,1752,2217,0,1780,0,142,2207
1753067202542701961,0,21,1752,2217,0,1780,0,142,2207
1753067202544733286,0,21,1752,2217,0,1780,0,142,2208
1753067202546736567,0,21,1752,2218,0,1781,0,142,2209
1753067202548690584,0,21,1753,2219,0,1781,0,142,2209
1753067202550736174,0,21,1753,2219,0,1781,0,142,2210
1753067202552733151,0,21,1754,2220,0,1782,0,142,2210
1753067202554753182,0,21,1754,2221,0,1782,0,142,2211
1753067202556680658,0,21,1755,2222,0,1783,0,142,2211
1753067202558723940,0,21,1756,2223,0,1783,0,142,2212
1753067202560680168,0,21,1757,2223,0,1783,0,142,2212
1753067202562702171,0,21,1758,2224,0,1784,0,142,2213
1753067202564669350,0,21,1759,2225,0,1784,0,142,2213
1753067202566734909,0,21,1759,2226,1,1785,0,141,2214
1753067202568696158,0,21,1761,2227,0,1786,0,142,2215
1753067202570775294,0,21,1762,2228,0,1786,0,142,2215
1753067202572709267,0,21,1763,2229,0,1787,0,142,2216
1753067202574828982,0,21,1764,2229,0,1787,0,142,2216
1753067202576719388,0,21,1765,2230,0,1788,0,142,2217
1753067202578646271,0,21,1766,2232,0,1788,0,142,2217
1753067202580645019,0,21,1767,2232,0,1789,0,142,2218
1753067202582696588,0,21,1768,2233,0,1789,0,142,2218
1753067202584644529,0,21,1769,2233,0,1790,0,142,2219
1753067202586659425,0,21,1770,2235,0,1791,0,142,2220
1753067202588651517,0,21,1771,2235,0,1791,0,142,2220
1753067202590655730,0,21,1772,2236,0,1792,0,142,2221
1753067202592631283,0,21,1773,2237,0,1793,0,142,2221
1753067202594691095,0,21,1774,2238,0,1793,0,142,2222
1753067202596610543,0,21,1775,2239,0,1793,0,142,2223
1753067202598622201,0,21,1776,2240,0,1794,0,142,2223
1753067202600633240,0,21,1776,2240,0,1795,0,142,2224
1753067202602601906,0,21,1777,2241,0,1795,0,142,2224
1753067202604593031,0,21,1778,2242,0,1796,0,142,2225
1753067202606587951,0,21,1778,2242,0,1796,0,142,2226
1753067202608654889,0,21,1779,2243,0,1797,0,142,2227
1753067202610599562,0,21,1779,2244,0,1798,0,142,2227
1753067202612574336,0,21,1779,2244,0,1798,0,142,2228
1753067202614574758,0,21,1780,2245,0,1798,0,142,2229
1753067202616545579,0,21,1780,2245,0,1799,0,142,2230
1753067202618512632,0,21,1780,2246,0,1800,0,142,2231
1753067202620579204,0,21,1780,2246,0,1800,0,142,2231
1753067202622558328,0,21,1781,2246,0,1801,0,142,2232
1753067202624580783,0,21,1781,2247,0,1801,0,141,2233
1753067202626579403,0,21,1781,2248,0,1802,0,142,2234
1753067202628580713,0,21,1781,2248,0,1802,0,142,2234
1753067202630537877,0,21,1782,2249,0,1803,0,142,2235
1753067202632543202,0,21,1782,2249,0,1803,0,142,2236
1753067202634519665,0,21,1782,2250,0,1804,0,142,2237
1753067202636531034,0,21,1782,2250,0,1804,0,141,2238
1753067202638525506,0,21,1783,2251,0,1805,0,142,2238
1753067202640478620,0,21,1783,2252,0,1805,0,142,2239
1753067202642469270,0,21,1784,2252,0,1806,0,142,2240
1753067202644471534,0,21,1784,2253,1,1806,0,142,2241
1753067202646461701,0,21,1784,2253,0,1807,0,142,2241
1753067202648476298,0,21,1785,2254,0,1807,0,142,2242
1753067202650498940,0,21,1785,2255,0,1808,0,142,2243
1753067202652458335,0,21,1786,2255,0,1808,0,142,2244
1753067202654496303,0,21,1787,2256,0,1808,0,141,2244
1753067202656450436,0,21,1787,2257,0,1809,0,142,2245
1753067202658453085,0,21,1788,2257,0,1809,0,142,2246
1753067202660453968,0,21,1788,2258,0,1810,0,142,2246
1753067202662447643,0,21,1789,2259,0,1810,0,142,2247
1753067202664449942,0,21,1790,2259,0,1810,0,142,2248
1753067202666465127,0,21,1790,2260,0,1811,0,142,2248
1753067202668451347,0,21,1791,2261,0,1811,0,142,2249
1753067202670500502,0,21,1791,2262,1,1812,0,142,2250
1753067202672413147,0,21,1792,2262,0,1812,0,142,2250
1753067202674450874,0,21,1793,2263,0,1813,0,142,2251
1753067202676458406,0,21,1794,2264,0,1813,0,142,2252
1753067202678442380,0,21,1794,2265,0,1814,0,142,2253
1753067202680390407,0,21,1795,2265,0,1814,0,142,2253
1753067202682391706,0,21,1795,2266,0,1815,0,142,2253
1753067202684414684,0,21,1796,2267,0,1815,0,142,2254
1753067202686397289,0,21,1796,2268,0,1816,0,142,2255
1753067202688451564,0,21,1797,2269,0,1816,0,142,2256
1753067202690437494,0,21,1798,2269,0,1817,0,142,2257
1753067202692435402,0,21,1798,2270,0,1817,0,142,2257
1753067202694491523,0,21,1799,2271,0,1818,0,142,2258
1753067202696435381,0,21,1800,2272,0,1818,0,142,2259
1753067202698569442,0,21,1800,2273,0,1819,0,142,2259
1753067202700470090,0,21,1801,2274,0,1819,0,142,2260
1753067202702497726,0,21,1801,2275,0,1820,0,142,2260
1753067202704458955,0,21,1802,2275,0,1821,0,142,2261
1753067202706432310,0,21,1803,2276,0,1821,0,142,2262
1753067202708517167,0,21,1804,2276,0,1821,0,142,2262
1753067202710488890,0,21,1804,2277,0,1822,0,142,2263
1753067202712496913,0,21,1805,2278,0,1823,0,142,2264
1753067202714500385,0,21,1805,2279,0,1823,0,142,2265
1753067202716409753,0,21,1806,2279,0,1824,0,142,2265
1753067202718477615,0,21,1807,2280,0,1824,0,142,2266
1753067202720463767,0,21,1807,2281,0,1825,0,142,2266
1753067202722478391,0,21,1808,2282,0,1826,0,142,2267
1753067202724502174,0,21,1808,2283,0,1826,0,142,2268
1753067202726457697,0,21,1809,2283,0,1827,0,142,2268
1753067202728416817,0,21,1809,2283,0,1827,0,142,2269
1753067202730395956,0,21,1810,2284,0,1828,0,142,2270
1753067202732392097,0,21,1810,2284,0,1829,0,142,2271
1753067202734405837,0,21,1811,2285,0,1829,0,142,2271
1753067202736456152,0,21,1811,2285,0,1830,0,142,2272
1753067202738508776,0,21,1812,2286,0,1830,0,142,2273
1753067202740441884,0,21,1813,2286,0,1831,0,142,2274
1753067202742428345,0,21,1813,2287,0,1831,0,141,2274
1753067202744417701,0,21,1814,2287,0,1831,0,142,2275
1753067202746482606,0,21,1815,2288,0,1833,0,142,2276
1753067202748463100,0,21,1815,2288,0,1833,0,142,2276
1753067202750447121,0,21,1816,2288,0,1834,0,142,2277
1753067202752374082,0,21,1816,2289,0,1834,0,142,2278
1753067202754360932,0,21,1817,2289,0,1834,0,142,2278
1753067202756345699,0,21,1817,2289,0,1835,0,142,2279
1753067202758374287,0,21,1818,2290,0,1835,0,142,2280
1753067202760382627,0,21,1819,2291,0,1836,0,142,2280
1753067202762390495,0,21,1819,2291,0,1836,0,142,2281
1753067202764404343,0,21,1820,2292,1,1837,0,142,2282
1753067202766354021,0,21,1820,2292,0,1837,0,142,2282
1753067202768401866,0,21,1821,2293,1,1838,0,142,2283
1753067202770344747,0,21,1821,2293,0,1838,0,142,2284
1753067202772400301,0,21,1821,2294,0,1839,0,142,2284
1753067202774398793,0,21,1821,2295,0,1839,0,142,2285
1753067202776366461,0,21,1821,2296,0,1840,0,142,2285
1753067202778369861,0,21,1821,2296,0,1840,0,142,2286
1753067202780317116,0,21,1821,2296,0,1841,0,142,2287
1753067202782356240,0,21,1821,2298,0,1841,0,142,2287
1753067202784281838,0,21,1821,2299,0,1842,0,142,2287
1753067202786300471,0,21,1821,2300,0,1842,0,142,2288
1753067202788342475,0,21,1821,2301,0,1842,0,142,2289
1753067202790341637,0,21,1821,2302,0,1842,0,142,2289
1753067202792279310,0,21,1822,2302,0,1842,0,142,2290
1753067202794235188,0,21,1822,2303,0,1843,0,142,2290
1753067202796246523,0,21,1822,2304,0,1843,0,142,2291
1753067202798269523,0,21,1822,2305,0,1844,0,142,2292
1753067202800314749,0,21,1823,2305,0,1844,0,142,2292
1753067202802297193,0,21,1823,2306,0,1844,0,142,2293
1753067202804328696,0,21,1823,2307,0,1845,0,142,2293
1753067202806385470,0,21,1824,2307,0,1845,0,142,2294
1753067202808239485,0,21,1824,2308,0,1846,0,142,2295
1753067202810224977,0,21,1824,2309,0,1846,0,142,2295
1753067202812220447,0,21,1825,2310,0,1847,0,142,2295
1753067202814221189,0,21,1825,2311,1,1848,0,142,2296
1753067202816210906,0,21,1826,2311,0,1848,0,142,2297
1753067202818321748,0,21,1827,2312,0,1849,0,142,2298
1753067202820294404,0,21,1827,2313,0,1850,0,142,2298
1753067202822259742,0,21,1828,2313,0,1850,0,142,2299
1753067202824362145,0,21,1829,2314,0,1851,0,142,2299
1753067202826337146,0,21,1830,2315,0,1851,0,142,2300
1753067202828239845,0,21,1830,2315,0,1852,0,142,2301
1753067202830330259,0,21,1831,2316,0,1852,0,142,2302
1753067202832243351,0,21,1832,2316,0,1853,0,142,2302
1753067202834234690,0,21,1832,2317,0,1853,0,141,2303
1753067202836294635,0,21,1833,2317,0,1854,0,141,2303
1753067202838273772,0,21,1834,2317,1,1855,0,142,2304
1753067202840229730,0,21,1835,2318,0,1855,0,142,2305
1753067202842182581,0,21,1836,2318,0,1856,0,142,2306
1753067202844231387,0,21,1836,2318,0,1856,0,142,2306
1753067202846190014,0,21,1837,2319,0,1857,0,142,2307
1753067202848257103,0,21,1837,2319,0,1857,0,142,2308
1753067202850201648,0,21,1838,2320,0,1858,0,142,2308
1753067202852230916,0,21,1838,2321,0,1858,0,142,2309
1753067202854234404,0,21,1839,2321,0,1859,0,141,2310
1753067202856282434,0,21,1839,2321,0,1859,0,142,2311
1753067202858191129,0,21,1840,2322,0,1860,0,142,2311
1753067202860212537,0,21,1840,2322,0,1860,0,142,2312
1753067202862157357,0,21,1841,2323,0,1861,0,142,2313
1753067202864289256,0,21,1841,2323,0,1862,0,141,2313
1753067202866200945,0,21,1841,2323,0,1862,0,142,2314
1753067202868208837,0,21,1842,2324,0,1862,0,142,2314
1753067202870151638,0,21,1842,2324,0,1863,0,142,2315
1753067202872139378,0,21,1842,2324,0,1863,0,142,2315
1753067202874207721,0,21,1842,2325,0,1864,0,142,2315
1753067202876156860,0,21,1842,2325,0,1864,0,142,2317
1753067202878231689,0,21,1842,2326,0,1865,0,142,2317
1753067202880168054,0,21,1842,2326,0,1865,0,142,2318
1753067202882225439,0,21,1842,2326,0,1866,0,142,2318
1753067202884251353,0,21,1842,2327,0,1866,0,142,2319
1753067202886215232,0,21,1842,2327,0,1867,0,142,2319
1753067202888192483,0,21,1842,2327,0,1868,0,141,2320
1753067202890280839,0,21,1842,2328,0,1868,0,141,2320
1753067202892287241,0,21,1842,2328,0,1869,0,141,2321
1753067202894238103,0,21,1842,2328,0,1870,0,142,2321
1753067202896216235,0,21,1842,2329,0,1870,0,141,2322
1753067202898227993,0,21,1842,2329,0,1871,0,142,2322
1753067202900174499,0,21,1842,2330,0,1871,0,141,2322
1753067202902129712,0,21,1842,2330,0,1872,0,142,2323
1753067202904171191,0,21,1843,2330,0,1873,0,142,2323
1753067202906214787,0,21,1843,2331,0,1873,0,142,2324
1753067202908220908,0,21,1843,2331,0,1874,0,142,2324
1753067202910255807,0,21,1843,2331,1,1875,0,142,2324
1753067202912267153,0,21,1844,2332,0,1875,0,142,2325
1753067202914235805,0,21,1844,2332,0,1876,0,142,2325
1753067202916186753,0,21,1845,2333,0,1876,0,142,2326
1753067202918191180,0,21,1845,2334,0,1877,0,142,2326
1753067202920112742,0,21,1845,2334,0,1878,0,142,2326
1753067202922096913,0,21,1846,2335,0,1878,0,142,2327
1753067202924076530,0,21,1846,2335,0,1879,0,142,2327
1753067202926173947,0,21,1847,2336,0,1880,0,141,2327
1753067202928084561,0,21,1847,2337,1,1881,0,142,2328
1753067202930040331,0,21,1848,2337,0,1881,0,142,2328
1753067202932053875,0,21,1849,2338,0,1882,0,141,2328
1753067202934049313,0,21,1849,2338,0,1882,0,142,2328
1753067202935998764,0,21,1850,2339,0,1883,0,142,2329
1753067202938049001,0,21,1851,2340,0,1884,0,142,2329
1753067202940036488,0,21,1852,2340,0,1884,0,142,2330
1753067202942147446,0,21,1853,2341,0,1885,0,142,2330
1753067202944080636,0,21,1853,2342,0,1885,0,142,2330
1753067202946091916,0,21,1854,2343,0,1886,0,142,2331
1753067202948052272,0,21,1855,2344,0,1886,0,142,2331
1753067202950058215,0,21,1856,2345,0,1886,0,142,2331
1753067202951986240,0,21,1857,2345,0,1887,0,141,2332
1753067202953946981,0,21,1858,2346,0,1887,0,142,2332
1753067202955927551,0,21,1859,2347,0,1887,0,142,2333
1753067202957961130,0,21,1859,2347,0,1888,0,142,2333
1753067202959987105,0,21,1860,2348,0,1888,0,142,2334
1753067202961984989,0,21,1861,2349,0,1888,0,142,2334
1753067202963946574,0,21,1862,2349,0,1888,0,142,2335
1753067202965965713,0,21,1863,2350,1,1888,0,142,2335
1753067202967955261,0,21,1864,2350,0,1889,0,142,2336
1753067202969956434,0,21,1865,2350,0,1889,0,142,2337
1753067202972029169,0,21,1867,2351,0,1889,0,142,2337
1753067202973946499,0,21,1868,2352,0,1890,0,142,2338
1753067202976037285,0,21,1869,2352,0,1890,0,142,2338
1753067202977955106,0,21,1870,2353,0,1890,0,142,2339
1753067202979912897,0,21,1870,2353,0,1891,0,142,2339
1753067202981985630,0,21,1872,2353,1,1891,0,142,2340
1753067202983952479,0,21,1872,2354,0,1892,0,142,2341
1753067202986040904,0,21,1873,2354,0,1892,0,142,2341
1753067202987958365,0,21,1874,2355,0,1892,0,142,2342
1753067202989930975,0,21,1875,2355,0,1893,0,142,2343
1753067202991945047,0,21,1875,2356,0,1893,0,142,2343
1753067202993953277,0,21,1876,2356,0,1894,0,142,2344
1753067202995911071,0,21,1876,2357,0,1894,0,142,2345
1753067202997970576,0,21,1876,2357,0,1895,0,142,2345
1753067202999870092,0,21,1877,2358,0,1895,0,142,2346
1753067203001916924,0,21,1877,2358,0,1896,0,142,2346
1753067203003982835,0,21,1878,2359,0,1897,0,142,2347
1753067203005897241,0,21,1878,2359,0,1897,0,142,2347
1753067203007900277,0,21,1878,2360,0,1898,0,142,2348
1753067203009890553,0,21,1878,2360,0,1898,0,142,2349
1753067203011902245,0,21,1878,2360,0,1899,0,142,2350
1753067203014029862,0,21,1878,2361,0,1899,0,141,2350
1753067203015895895,0,21,1878,2361,0,1899,0,142,2351
1753067203017879918,0,21,1878,2362,0,1900,0,142,2351
1753067203019858772,0,21,1878,2362,0,1900,0,142,2352
1753067203021853920,0,21,1878,2362,0,1900,0,142,2352
1753067203023885272,0,21,1878,2363,1,1901,0,142,2353
1753067203025895959,0,21,1878,2363,1,1901,0,142,2354
1753067203027891897,0,21,1878,2364,0,1901,0,142,2355
1753067203029898228,0,21,1878,2364,0,1902,0,142,2355
1753067203031848918,0,21,1878,2364,0,1902,0,142,2356
1753067203033875136,0,21,1878,2365,0,1902,0,142,2356
1753067203035953594,0,21,1878,2365,0,1903,0,142,2357
1753067203037891585,0,21,1878,2366,0,1903,0,142,2357
1753067203039873396,0,21,1878,2366,0,1903,0,142,2358
1753067203041913356,0,21,1878,2367,0,1904,0,142,2358
1753067203043860746,0,21,1878,2367,0,1904,0,142,2358
1753067203045816912,0,21,1878,2368,0,1905,0,142,2359
1753067203047850891,0,21,1879,2368,0,1905,0,142,2360
1753067203049853147,0,21,1879,2369,0,1906,0,142,2360
1753067203051881066,0,21,1879,2369,0,1907,0,142,2361
1753067203053871017,0,21,1880,2369,0,1907,0,142,2361
1753067203055893551,0,21,1880,2369,0,1908,0,142,2362
1753067203057902228,0,21,1880,2369,0,1908,0,142,2362
1753067203059805556,0,21,1881,2370,0,1909,0,142,2363
1753067203061805151,0,21,1881,2370,0,1909,0,142,2363
1753067203063819993,0,21,1881,2370,0,1910,0,142,2364
1753067203065884086,0,21,1882,2370,0,1910,0,142,2364
1753067203067803079,0,21,1883,2371,0,1911,0,142,2364
1753067203069811201,0,21,1883,2371,0,1912,0,141,2365
1753067203071770556,0,21,1884,2372,0,1912,0,142,2365
1753067203073766539,0,21,1885,2372,0,1912,0,141,2365
1753067203075775271,0,21,1885,2372,0,1913,0,141,2366
1753067203077777894,0,21,1886,2373,0,1913,0,142,2366
1753067203079787652,0,21,1887,2373,0,1914,0,142,2367
1753067203081788970,0,21,1887,2373,0,1914,0,142,2367
1753067203083862936,0,21,1888,2373,0,1915,0,142,2367
1753067203085787980,0,21,1889,2374,0,1915,0,142,2368
1753067203087801064,0,21,1889,2374,0,1916,0,142,2368
1753067203089773776,0,21,1890,2374,1,1916,0,142,2369
1753067203091810508,0,21,1891,2374,0,1917,0,142,2369
1753067203093796926,0,21,1892,2375,0,1917,0,142,2369
1753067203095828984,0,21,1892,2375,0,1918,0,142,2370
1753067203097778830,0,21,1893,2376,0,1919,0,142,2370
1753067203099808926,0,21,1894,2376,0,1919,0,142,2371
1753067203101794747,0,21,1895,2377,0,1920,0,142,2371
1753067203103836843,0,21,1895,2377,1,1920,0,142,2371
1753067203105883110,0,21,1896,2378,0,1920,0,141,2371
1753067203107701535,0,21,1896,2378,0,1921,0,142,2372
1753067203109691456,0,21,1897,2379,0,1922,0,142,2372
1753067203111706200,0,21,1897,2379,0,1922,0,142,2373
1753067203113712915,0,21,1898,2380,1,1922,0,142,2373
1753067203115732686,0,21,1899,2380,0,1923,0,142,2373
1753067203117709564,0,21,1899,2381,0,1923,0,142,2373
1753067203119720704,0,21,1900,2382,0,1924,0,142,2374
1753067203121717191,0,21,1900,2382,0,1925,0,142,2374
1753067203123670047,0,21,1901,2383,0,1925,0,142,2374
1753067203125724162,0,21,1901,2383,0,1925,0,142,2375
1753067203127762369,0,21,1901,2384,0,1926,0,142,2375
1753067203129667755,0,21,1901,2384,0,1926,0,142,2375
1753067203131710385,0,21,1901,2385,1,1926,0,142,2376
1753067203133661572,0,21,1901,2385,0,1926,0,142,2376
1753067203135697673,0,21,1902,2386,0,1926,0,142,2376
1753067203137615162,0,21,1902,2387,0,1926,0,142,2377
1753067203139659359,0,21,1902,2387,0,1926,0,142,2377
1753067203141658423,0,21,1902,2388,0,1927,0,142,2378
1753067203143681819,0,21,1903,2388,0,1927,0,142,2378
1753067203145739638,0,21,1903,2389,0,1927,0,142,2378
1753067203147647230,0,21,1903,2389,0,1928,0,142,2379
1753067203149650396,0,21,1903,2390,0,1928,0,142,2379
1753067203151618830,0,21,1904,2390,1,1928,0,142,2379
1753067203153624063,0,21,1904,2390,0,1928,0,142,2380
1753067203155675712,0,21,1904,2391,0,1929,0,142,2380
1753067203157666926,0,21,1904,2391,0,1929,0,142,2381
1753067203159674568,0,21,1905,2392,0,1929,0,142,2382
1753067203161614140,0,21,1905,2392,0,1929,0,142,2382
1753067203163650858,0,21,1905,2392,0,1929,0,142,2383
1753067203165572605,0,21,1905,2392,0,1930,0,142,2383
1753067203167571032,0,21,1906,2392,0,1930,0,142,2383
1753067203169598876,0,21,1906,2393,0,1930,0,142,2384
1753067203171619197,0,21,1907,2393,0,1930,0,142,2385
1753067203173616277,0,21,1907,2394,0,1930,0,142,2385
1753067203175536429,0,21,1907,2394,0,1931,0,142,2386
1753067203177593587,0,21,1908,2394,1,1931,0,142,2386
1753067203179548757,0,21,1908,2395,0,1931,0,142,2386
1753067203181535379,0,21,1909,2395,0,1931,0,142,2387
1753067203183550815,0,21,1909,2396,0,1931,0,142,2387
1753067203185586086,0,21,1910,2397,0,1931,0,142,2388
1753067203187599688,0,21,1910,2397,0,1931,0,142,2388
1753067203189539031,0,21,1911,2398,0,1931,0,142,2389
1753067203191601801,0,21,1911,2399,1,1932,0,142,2389
1753067203193583713,0,21,1912,2399,0,1932,0,141,2390
1753067203195603965,0,21,1912,2400,0,1932,0,142,2390
1753067203197535850,0,21,1913,2401,0,1933,0,142,2390
1753067203199698455,0,21,1913,2401,0,1933,0,142,2391
1753067203201562071,0,21,1914,2402,0,1934,0,142,2391
1753067203203527719,0,21,1914,2403,0,1934,0,142,2391
1753067203205507175,0,21,1914,2404,0,1934,0,142,2392
1753067203207680531,0,21,1915,2405,0,1935,0,142,2392
1753067203209578939,0,21,1915,2405,0,1935,0,142,2392
1753067203211571580,0,21,1916,2406,0,1935,0,142,2393
1753067203213551316,0,21,1916,2407,0,1936,0,142,2393
1753067203215601496,0,21,1917,2408,0,1936,0,142,2394
1753067203217533576,0,21,1917,2409,0,1937,0,142,2394
1753067203219508409,0,21,1918,2409,0,1937,0,142,2394
1753067203221562342,0,21,1919,2410,0,1938,0,142,2395
1753067203223496584,0,21,1920,2411,1,1938,0,142,2395
1753067203225426861,0,21,1921,2412,0,1939,0,142,2396
1753067203227439948,0,21,1921,2413,0,1939,0,142,2397
1753067203229509955,0,21,1922,2414,0,1940,0,142,2397
1753067203231497868,0,21,1923,2415,0,1940,0,142,2398
1753067203233470140,0,21,1924,2416,0,1940,0,142,2399
1753067203235467707,0,21,1925,2416,0,1941,0,141,2399
1753067203237449328,0,21,1926,2418,0,1942,0,142,2400
1753067203239458603,0,21,1927,2418,0,1942,0,142,2400
1753067203241447603,0,21,1928,2419,0,1942,0,142,2401
1753067203243490512,0,21,1928,2420,0,1943,0,142,2401
1753067203245438389,0,21,1930,2420,0,1943,0,142,2402
1753067203247421916,0,21,1930,2421,0,1944,0,142,2403
1753067203249413174,0,21,1931,2422,0,1944,0,142,2404
1753067203251409925,0,21,1932,2423,0,1945,0,142,2405
1753067203253411943,0,21,1933,2424,0,1945,0,142,2405
1753067203255482593,0,21,1934,2425,0,1945,0,142,2406
1753067203257446248,0,21,1934,2425,0,1945,0,142,2407
1753067203259426106,0,21,1935,2426,0,1945,0,142,2408
1753067203261432244,0,21,1936,2427,0,1945,0,142,2409
1753067203263387095,0,21,1937,2428,0,1945,0,142,2409
1753067203265362371,0,21,1937,2428,0,1945,0,142,2410
1753067203267383489,0,21,1937,2429,0,1946,0,142,2411
1753067203269438075,0,21,1937,2430,0,1946,0,142,2412
1753067203271386655,0,21,1938,2430,0,1946,0,142,2413
1753067203273378883,0,21,1938,2431,0,1946,0,142,2414
1753067203275344759,0,21,1938,2432,0,1947,0,142,2415
1753067203277379611,0,21,1939,2432,0,1947,0,141,2415
1753067203279369774,0,21,1939,2433,0,1948,0,142,2416
1753067203281370601,0,21,1939,2433,0,1948,0,142,2417
1753067203283359572,0,21,1939,2434,0,1949,0,142,2418
1753067203285371164,0,21,1939,2434,0,1949,0,142,2419
1753067203287368633,0,21,1939,2435,0,1950,0,142,2420
1753067203289358247,0,21,1939,2435,1,1950,0,142,2421
1753067203291381709,0,21,1939,2436,0,1950,0,142,2422
1753067203293356642,0,21,1939,2436,0,1951,0,142,2422
1753067203295355519,0,21,1940,2437,0,1951,0,142,2423
1753067203297345958,0,21,1940,2437,0,1951,0,142,2424
1753067203299358167,0,21,1939,2438,0,1952,0,142,2424
1753067203301346803,0,21,1939,2438,0,1952,0,142,2425
1753067203303338076,0,21,1939,2438,0,1953,0,142,2426
1753067203305415890,0,21,1940,2439,0,1954,0,142,2427
1753067203307370147,0,21,1940,2439,0,1954,0,142,2428
1753067203309325508,0,21,1940,2439,0,1955,0,142,2428
1753067203311331571,0,21,1940,2440,0,1955,0,142,2429
1753067203313318623,0,21,1940,2440,0,1956,0,142,2429
1753067203315337627,0,21,1940,2441,0,1956,0,142,2430
1753067203317322042,0,21,1939,2441,0,1957,0,142,2431
1753067203319401859,0,21,1939,2442,0,1957,0,142,2432
1753067203321374307,0,21,1940,2442,0,1958,0,142,2432
1753067203323388469,0,21,1940,2442,0,1959,0,142,2433
1753067203325410173,0,21,1940,2443,0,1959,0,142,2434
1753067203327429836,0,21,1940,2443,0,1959,0,141,2434
1753067203329384356,0,21,1940,2443,0,1961,0,142,2435
1753067203331475144,0,21,1940,2444,0,1961,0,142,2435
1753067203333402007,0,21,1940,2444,0,1962,0,142,2436
1753067203335378089,0,21,1940,2444,0,1963,0,142,2436
1753067203337356372,0,21,1941,2444,0,1963,0,142,2437
1753067203339338893,0,21,1941,2445,0,1963,0,141,2437
1753067203341389015,0,21,1942,2445,0,1964,0,142,2438
1753067203343407390,0,21,1943,2446,0,1965,0,142,2438
1753067203345363658,0,21,1943,2446,0,1966,0,142,2439
1753067203347333148,0,21,1944,2446,0,1966,0,142,2439
1753067203349322887,0,21,1945,2447,0,1967,0,142,2440
1753067203351378382,0,21,1946,2447,0,1967,0,142,2440
1753067203353285316,0,21,1947,2448,0,1968,0,142,2441
1753067203355290684,0,21,1948,2449,0,1968,0,142,2441
1753067203357338424,0,21,1950,2449,0,1969,0,142,2441
1753067203359304288,0,21,1951,2450,0,1970,0,142,2442
1753067203361219293,0,21,1951,2450,0,1970,0,142,2442
1753067203363247803,0,21,1953,2451,0,1971,0,142,2442
1753067203365238799,0,21,1954,2451,0,1971,0,142,2443
1753067203367281273,0,21,1955,2452,0,1972,0,142,2443
1753067203369353698,0,21,1956,2452,0,1972,0,142,2443
1753067203371366931,0,21,1958,2453,0,1973,0,142,2443
1753067203373293361,0,21,1959,2454,0,1973,0,142,2443
1753067203375376807,0,21,1960,2455,0,1974,0,142,2444
1753067203377426508,0,21,1961,2455,0,1975,0,142,2444
1753067203379313999,0,21,1963,2456,0,1975,0,142,2444
1753067203381253167,0,21,1964,2457,0,1976,0,142,2445
1753067203383232856,0,21,1967,2458,0,1977,0,142,2445
1753067203385309272,0,21,1968,2458,0,1977,0,142,2445
1753067203387360025,0,21,1969,2459,0,1978,0,142,2446
1753067203389350063,0,21,1970,2459,0,1978,0,142,2446
1753067203391398944,0,21,1971,2460,0,1979,0,142,2447
1753067203393325332,0,21,1972,2460,0,1979,0,142,2447
1753067203395312732,0,21,1973,2461,0,1980,0,142,2447
1753067203397209051,0,21,1974,2462,0,1981,0,142,2448
1753067203399213179,0,21,1976,2462,0,1981,0,142,2448
1753067203401287172,0,21,1977,2463,0,1982,0,142,2449
1753067203403234431,0,21,1978,2464,1,1982,0,142,2449
1753067203405233858,0,21,1979,2465,0,1983,0,142,2450
1753067203407263061,0,21,1979,2465,0,1983,0,142,2450
1753067203409305487,0,21,1980,2466,0,1984,0,142,2451
1753067203411259055,0,21,1980,2467,0,1984,0,142,2451
1753067203413178151,0,21,1980,2467,0,1984,0,142,2452
1753067203415205474,0,21,1981,2468,0,1985,0,142,2453
1753067203417203249,0,21,1981,2469,0,1986,0,142,2453
1753067203419247308,0,21,1981,2470,0,1986,0,142,2454
1753067203421230788,0,21,1982,2470,0,1986,0,142,2455
1753067203423229132,0,21,1982,2471,0,1987,0,142,2455
1753067203425199123,0,21,1982,2472,1,1988,0,142,2456
1753067203427255787,0,21,1982,2472,0,1988,0,142,2456
1753067203429213090,0,21,1981,2473,0,1988,0,142,2457
1753067203431174636,0,21,1981,2474,0,1989,0,142,2457
1753067203433162204,0,21,1981,2474,0,1989,0,142,2458
1753067203435160735,0,21,1981,2475,0,1989,0,142,2459
1753067203437169105,0,21,1981,2476,0,1989,0,142,2460
1753067203439080262,0,21,1981,2476,1,1989,0,142,2460
1753067203441080122,0,21,1981,2477,0,1989,0,142,2461
1753067203443115478,0,21,1981,2478,0,1989,0,142,2462
1753067203445136446,0,21,1981,2478,0,1989,0,142,2462
1753067203447170592,0,21,1981,2479,0,1989,0,142,2463
1753067203449044038,0,21,1981,2479,0,1989,0,142,2464
1753067203451087204,0,21,1981,2480,0,1989,0,142,2465
1753067203453066619,0,21,1981,2480,0,1990,0,142,2465
1753067203455054541,0,21,1981,2480,0,1990,0,142,2466
1753067203457090767,0,21,1981,2481,0,1990,0,142,2467
1753067203459115482,0,21,1981,2482,0,1991,0,141,2468
1753067203461062055,0,21,1981,2482,0,1991,0,142,2468
1753067203463057974,0,21,1981,2483,0,1991,0,142,2469
1753067203465009333,0,21,1982,2483,1,1992,0,142,2469
1753067203467047607,0,21,1982,2483,0,1992,0,142,2470
1753067203469023932,0,21,1982,2484,0,1992,0,142,2471
1753067203471062006,0,21,1982,2484,1,1993,0,142,2472
1753067203473069087,0,21,1982,2484,0,1993,0,142,2473
1753067203475075045,0,21,1983,2485,0,1994,0,142,2473
1753067203477075485,0,21,1983,2485,0,1994,0,142,2474
1753067203479042515,0,21,1983,2485,0,1995,0,142,2475
1753067203481135109,0,21,1983,2486,0,1995,0,142,2475
1753067203483118155,0,21,1984,2486,0,1996,0,142,2475
1753067203485107129,0,21,1984,2486,0,1997,0,142,2476
1753067203486994973,0,21,1984,2487,0,1997,0,142,2477
1753067203489020153,0,21,1984,2487,0,1998,0,142,2477
1753067203491069676,0,21,1984,2487,0,1998,0,142,2478
1753067203492996959,0,21,1984,2487,0,1999,0,142,2479
1753067203494993412,0,21,1984,2487,0,2000,0,142,2479
1753067203496981781,0,21,1984,2488,0,2000,0,142,2480
1753067203498953881,0,21,1984,2488,0,2001,0,142,2480
1753067203500962758,0,21,1985,2490,0,2002,0,142,2481
1753067203502970382,0,21,1985,2490,0,2002,0,142,2481
1753067203504967840,0,21,1985,2490,0,2003,0,142,2482
1753067203506966943,0,21,1985,2491,0,2003,0,142,2482
1753067203509003950,0,21,1986,2491,0,2004,0,142,2483
1753067203511004272,0,21,1986,2492,0,2004,0,142,2483
1753067203512962332,0,21,1987,2492,0,2005,0,142,2484
1753067203514938389,0,21,1987,2492,0,2005,0,142,2484
1753067203516975859,0,21,1987,2493,0,2006,0,142,2484
1753067203518942629,0,21,1988,2494,0,2007,0,142,2485
1753067203520899251,0,21,1989,2494,0,2007,0,142,2485
1753067203522910789,0,21,1989,2495,0,2008,0,142,2485
1753067203524945126,0,21,1990,2495,1,2009,0,142,2486
1753067203526906083,0,21,1990,2495,0,2009,0,142,2487
1753067203529000831,0,21,1991,2496,0,2010,0,142,2487
1753067203530941995,0,21,1992,2497,1,2011,0,142,2487
1753067203532994251,0,21,1993,2497,1,2011,0,142,2488
1753067203534879735,0,21,1993,2498,0,2012,0,142,2488
1753067203536908969,0,21,1994,2499,0,2013,0,142,2488
1753067203538885224,0,21,1995,2499,0,2013,0,142,2489
1753067203540903232,0,21,1996,2500,0,2013,0,142,2489
1753067203542818203,0,21,1997,2501,0,2014,0,142,2489
1753067203544869045,0,21,1998,2501,0,2015,0,142,2490
1753067203546869860,0,21,1999,2502,0,2015,0,142,2490
1753067203548842891,0,21,2000,2502,0,2016,0,142,2490
1753067203550860714,0,21,2001,2503,0,2016,0,142,2491
1753067203552837723,0,21,2002,2504,0,2017,0,142,2491
1753067203554799785,0,21,2003,2504,0,2018,0,142,2492
1753067203556793851,0,21,2004,2504,0,2018,0,142,2492
1753067203558793339,0,21,2004,2504,0,2018,0,142,2492
1753067203560832515,0,21,2005,2504,0,2019,0,142,2493
1753067203562777073,0,21,2005,2504,0,2019,0,142,2493
1753067203564778880,0,21,2006,2504,0,2019,0,142,2494
1753067203566812585,0,21,2006,2504,0,2020,0,142,2494
1753067203568762220,0,21,2007,2504,0,2020,0,142,2495
1753067203570805845,0,21,2008,2504,1,2020,0,142,2495
1753067203572841492,0,21,2008,2504,0,2021,0,142,2496
1753067203574845493,0,21,2009,2504,0,2021,0,142,2496
1753067203576791524,0,21,2009,2504,0,2021,0,142,2497
1753067203578789145,0,21,2009,2504,0,2022,0,142,2497
1753067203580840038,0,21,2009,2504,0,2022,0,142,2498
1753067203582847798,0,21,2009,2504,0,2022,0,142,2498
1753067203584814387,0,21,2010,2504,0,2022,0,142,2499
1753067203586833607,0,21,2010,2505,1,2023,0,142,2499
1753067203588803969,0,21,2010,2505,0,2023,0,142,2499
1753067203590794850,0,21,2010,2506,0,2023,0,142,2500
1753067203592779252,0,21,2010,2506,0,2023,0,142,2500
1753067203594830696,0,21,2010,2507,0,2025,0,142,2500
1753067203596851563,0,21,2010,2507,0,2025,0,142,2501
1753067203598848529,0,21,2010,2507,0,2025,0,142,2501
1753067203600883439,0,21,2010,2508,0,2026,0,142,2501
1753067203602815814,0,21,2010,2509,0,2026,0,142,2502
1753067203604794362,0,21,2010,2509,0,2026,0,142,2502
1753067203606845040,0,21,2010,2509,0,2026,0,142,2502
1753067203608838174,0,21,2010,2510,0,2027,0,142,2503
1753067203610823848,0,21,2010,2510,0,2027,0,142,2503
1753067203612741104,0,21,2011,2511,0,2027,0,142,2503
1753067203614750516,0,21,2011,2511,0,2028,0,142,2503
1753067203616702209,0,21,2011,2512,0,2028,0,142,2504
1753067203618794639,0,21,2011,2512,0,2028,0,142,2504
1753067203620777527,0,21,2011,2513,0,2029,0,142,2504
1753067203622801004,0,21,2011,2514,0,2029,0,142,2504
1753067203624778172,0,21,2012,2515,0,2030,0,142,2504
1753067203626748015,0,21,2012,2515,0,2030,0,142,2505
1753067203628713283,0,21,2012,2516,0,2031,0,142,2505
1753067203630830049,0,21,2013,2516,0,2031,0,142,2505
1753067203632780392,0,21,2013,2517,0,2031,0,142,2506
1753067203634762838,0,21,2013,2517,0,2032,0,142,2506
1753067203636759222,0,21,2014,2518,0,2032,0,142,2506
1753067203638755693,0,21,2015,2519,0,2033,0,142,2506
1753067203640675539,0,21,2016,2520,0,2033,0,142,2507
1753067203642741469,0,21,2016,2520,0,2033,0,142,2507
1753067203644770386,0,21,2017,2521,0,2034,0,142,2508
1753067203646797243,0,21,2017,2522,0,2034,0,142,2508
1753067203648752593,0,21,2018,2522,0,2034,0,142,2508
1753067203650688046,0,21,2019,2523,0,2035,0,142,2509
1753067203652732754,0,21,2019,2523,0,2035,0,142,2509
1753067203654750163,0,21,2020,2524,0,2035,0,142,2510
1753067203656711523,0,21,2021,2525,0,2035,0,142,2510
1753067203658656506,0,21,2022,2526,0,2035,0,142,2511
1753067203660687319,0,21,2023,2526,0,2035,0,142,2511
1753067203662762175,0,21,2023,2527,0,2035,0,142,2512
1753067203664766025,0,21,2024,2528,0,2036,0,142,2512
1753067203666824863,0,21,2025,2528,0,2036,0,142,2512
1753067203668753310,0,21,2026,2529,0,2036,0,142,2513
1753067203670755196,0,21,2027,2530,0,2036,0,142,2514
1753067203672658582,0,21,2028,2531,0,2036,0,142,2514
1753067203674656041,0,21,2029,2531,0,2036,0,142,2515
1753067203676667558,0,21,2029,2532,0,2036,0,142,2515
1753067203678656514,0,21,2030,2532,0,2036,0,142,2516
1753067203680631925,0,21,2031,2533,0,2036,0,142,2516
1753067203682695969,0,21,2032,2534,0,2036,0,142,2517
1753067203684696920,0,21,2033,2534,0,2036,0,142,2518
1753067203686685955,0,21,2034,2535,0,2036,0,142,2519
1753067203688657932,0,21,2034,2536,1,2036,0,142,2519
1753067203690655984,0,21,2035,2536,1,2037,0,142,2520
1753067203692638355,0,21,2035,2537,0,2037,0,142,2520
1753067203694624982,0,21,2036,2537,0,2037,0,142,2521
1753067203696655713,0,21,2036,2538,0,2037,0,142,2521
1753067203698736592,0,21,2036,2538,0,2037,0,142,2522
1753067203700702416,0,21,2036,2539,0,2037,0,142,2523
1753067203702739754,0,21,2036,2539,0,2037,0,142,2523
1753067203704660377,0,21,2036,2539,0,2037,0,142,2524
1753067203706694440,0,21,2036,2540,0,2038,0,142,2525
1753067203708770708,0,21,2036,2540,1,2038,0,142,2526
1753067203710737029,0,21,2036,2540,0,2038,0,142,2526
1753067203712596223,0,21,2036,2541,0,2039,0,142,2527
1753067203714628422,0,21,2036,2541,0,2039,0,142,2527
1753067203716615829,0,21,2036,2541,0,2040,0,142,2528
1753067203718573643,0,21,2036,2541,1,2040,0,142,2529
1753067203720621278,0,21,2036,2542,0,2041,0,142,2529
1753067203722649887,0,21,2036,2542,0,2041,0,142,2530
1753067203724627156,0,21,2036,2543,0,2042,0,142,2530
1753067203726619136,0,21,2036,2543,0,2042,0,142,2531
1753067203728572794,0,21,2036,2543,0,2042,0,142,2532
1753067203730594264,0,21,2036,2544,0,2043,0,142,2532
1753067203732571184,0,21,2036,2544,0,2043,0,142,2533
1753067203734592308,0,21,2037,2544,0,2044,0,142,2533
1753067203736609468,0,21,2036,2545,0,2045,0,142,2534
1753067203738557729,0,21,2037,2545,0,2045,0,142,2535
1753067203740541608,0,21,2037,2546,0,2046,0,142,2535
1753067203742549154,0,21,2036,2546,0,2046,0,142,2536
1753067203744538937,0,21,2037,2546,0,2047,0,142,2536
1753067203746596277,0,21,2036,2547,0,2047,0,142,2537
1753067203748542236,0,21,2037,2548,0,2048,0,142,2537
1753067203750600303,0,21,2037,2548,0,2048,0,142,2538
1753067203752549055,0,21,2037,2549,0,2049,0,142,2538
1753067203754556550,0,21,2037,2549,0,2050,0,142,2539
1753067203756462721,0,21,2037,2550,0,2050,0,142,2539
1753067203758499132,0,21,2037,2550,0,2050,0,142,2539
1753067203760541731,0,21,2037,2551,0,2051,0,142,2540
1753067203762540799,0,21,2037,2551,0,2051,0,142,2540
1753067203764550816,0,21,2037,2552,0,2051,0,142,2540
1753067203766561567,0,21,2038,2552,0,2052,0,142,2541
1753067203768623230,0,21,2038,2552,0,2052,0,142,2541
1753067203770554300,0,21,2038,2553,0,2052,0,142,2542
1753067203772531056,0,21,2038,2554,0,2053,0,142,2542
1753067203774612418,0,21,2039,2555,0,2053,0,142,2543
1753067203776562774,0,21,2039,2555,0,2054,0,142,2543
1753067203778535307,0,21,2040,2556,0,2054,0,142,2543
1753067203780539109,0,21,2040,2556,0,2055,0,141,2544
1753067203782542015,0,21,2041,2557,0,2055,0,142,2544
1753067203784516873,0,21,2041,2557,0,2056,0,142,2545
1753067203786670851,0,21,2042,2558,0,2057,0,142,2545
1753067203788513101,0,21,2042,2558,0,2057,0,142,2546
1753067203790485131,0,21,2043,2559,0,2058,0,142,2546
1753067203792494083,0,21,2043,2559,1,2058,0,142,2546
1753067203794472720,0,21,2044,2560,0,2059,0,142,2547
1753067203796447527,0,21,2045,2560,0,2060,0,142,2548
1753067203798507769,0,21,2046,2560,0,2061,0,141,2548
1753067203800424511,0,21,2047,2561,0,2061,0,142,2548
1753067203802530256,0,21,2047,2561,0,2061,0,142,2548
1753067203804428615,0,21,2048,2561,0,2061,0,142,2549
1753067203806466551,0,21,2049,2562,0,2062,0,141,2550
1753067203808469701,0,21,2050,2562,0,2063,0,142,2550
1753067203810387079,0,21,2051,2562,0,2063,0,142,2551
1753067203812387290,0,21,2051,2563,0,2063,0,142,2551
1753067203814422577,0,21,2052,2563,0,2063,0,142,2552
1753067203816463103,0,21,2052,2563,0,2064,0,142,2553
1753067203818430770,0,21,2053,2564,0,2064,0,142,2553
1753067203820412645,0,21,2053,2564,0,2065,0,142,2554
1753067203822406442,0,21,2054,2565,0,2065,0,142,2554
1753067203824428454,0,21,2054,2565,0,2066,0,142,2554
1753067203826354660,0,21,2055,2565,0,2066,0,142,2555
1753067203828363489,0,21,2055,2565,0,2066,0,142,2555
1753067203830370092,0,21,2055,2566,0,2067,0,142,2556
1753067203832396774,0,21,2056,2566,0,2067,0,142,2556
1753067203834402872,0,21,2056,2567,0,2068,0,142,2557
1753067203836388770,0,21,2056,2567,0,2068,0,142,2558
1753067203838337169,0,21,2056,2567,0,2069,0,142,2558
1753067203840374357,0,21,2056,2568,0,2069,0,142,2559
1753067203842397842,0,21,2056,2568,0,2069,0,142,2559
1753067203844291949,0,21,2056,2568,0,2070,0,141,2560
1753067203846387571,0,21,2056,2569,0,2070,0,142,2560
1753067203848330816,0,21,2056,2569,0,2071,0,142,2560
1753067203850272772,0,21,2056,2570,0,2071,0,142,2561
1753067203852299811,0,21,2056,2570,0,2072,0,142,2561
1753067203854325165,0,21,2056,2570,0,2072,0,142,2561
1753067203856307282,0,21,2056,2571,0,2072,0,142,2562
1753067203858320667,0,21,2056,2571,0,2072,0,142,2562
1753067203860314724,0,21,2056,2572,0,2073,0,142,2563
1753067203862338581,0,21,2056,2572,1,2073,0,142,2563
1753067203864358376,0,21,2056,2572,0,2073,0,142,2564
1753067203866368109,0,21,2056,2573,0,2073,0,142,2564
1753067203868322404,0,21,2057,2573,0,2073,0,142,2564
1753067203870301759,0,21,2057,2573,1,2073,0,142,2565
1753067203872354586,0,21,2057,2574,0,2074,0,142,2565
1753067203874315510,0,21,2057,2574,0,2074,0,142,2565
1753067203876354030,0,21,2058,2575,0,2074,0,142,2566
1753067203878316134,0,21,2058,2575,0,2074,0,142,2566
1753067203880292988,0,21,2058,2576,0,2075,0,142,2566
1753067203882290363,0,21,2059,2576,0,2075,0,142,2567
1753067203884254213,0,21,2059,2577,0,2075,0,142,2567
1753067203886253154,0,21,2060,2577,0,2076,0,142,2568
1753067203888268882,0,21,2060,2578,0,2076,0,142,2568
1753067203890256588,0,21,2060,2578,0,2076,0,142,2568
1753067203892250300,0,21,2061,2578,0,2076,0,142,2569
1753067203894264185,0,21,2061,2579,0,2077,0,142,2569
1753067203896279130,0,21,2062,2579,0,2077,0,142,2569
1753067203898254215,0,21,2062,2579,0,2077,0,142,2570
1753067203900263671,0,21,2063,2579,0,2078,0,142,2570
1753067203902280293,0,21,2063,2579,0,2078,0,142,2570
1753067203904290158,0,21,2064,2579,0,2079,0,142,2571
1753067203906307436,0,21,2064,2579,0,2079,0,142,2571
1753067203908348763,0,21,2064,2579,0,2080,0,142,2572
1753067203910333269,0,21,2065,2579,0,2080,0,142,2572
1753067203912311117,0,21,2066,2579,0,2081,0,142,2573
1753067203914262316,0,21,2066,2579,0,2081,0,142,2573
1753067203916233976,0,21,2067,2579,0,2081,0,142,2574
1753067203918214115,0,21,2067,2579,0,2082,0,142,2574
1753067203920227587,0,21,2068,2580,0,2082,0,142,2574
1753067203922214661,0,21,2068,2580,0,2083,0,142,2574
1753067203924235955,0,21,2069,2580,0,2083,0,142,2575
1753067203926169961,0,21,2069,2580,0,2084,0,142,2575
1753067203928220621,0,21,2070,2581,0,2084,0,142,2576
1753067203930196623,0,21,2070,2581,0,2085,0,142,2576
1753067203932243324,0,21,2070,2582,0,2085,0,142,2576
1753067203934267182,0,21,2071,2582,0,2085,0,142,2577
1753067203936279183,0,21,2071,2582,0,2086,0,142,2577
1753067203938273712,0,21,2072,2583,0,2086,0,142,2577
1753067203940150791,0,21,2072,2583,0,2087,0,142,2577
1753067203942206221,0,21,2072,2584,0,2087,0,142,2578
1753067203944170836,0,21,2072,2584,1,2088,0,142,2578
1753067203946266668,0,21,2073,2585,0,2088,0,142,2579
1753067203948181413,0,21,2073,2585,0,2089,0,142,2579
1753067203950229812,0,21,2073,2586,0,2089,0,142,2579
1753067203952224454,0,21,2074,2587,0,2090,0,142,2579
1753067203954212370,0,21,2074,2587,0,2090,0,142,2579
1753067203956151117,0,21,2075,2588,0,2091,0,142,2580
1753067203958203634,0,21,2075,2588,0,2091,0,142,2580
1753067203960188463,0,21,2075,2588,0,2092,0,142,2580
1753067203962258424,0,21,2076,2589,0,2092,0,142,2580
1753067203964205830,0,21,2077,2590,0,2093,0,142,2580
1753067203966229353,0,21,2077,2590,0,2093,0,142,2581
1753067203968140981,0,21,2078,2591,0,2093,0,142,2581
1753067203970192876,0,21,2078,2591,0,2094,0,142,2581
1753067203972188252,0,21,2079,2592,0,2095,0,142,2581
1753067203974128773,0,21,2079,2593,0,2096,0,142,2582
1753067203976156266,0,21,2079,2593,0,2096,0,142,2582
1753067203978145774,0,21,2080,2594,0,2097,0,142,2582
1753067203980092631,0,21,2081,2595,0,2097,0,142,2583
1753067203982090588,0,21,2082,2595,0,2098,0,142,2583
1753067203984084829,0,21,2082,2596,0,2099,0,142,2583
1753067203986071699,0,21,2083,2596,0,2099,0,142,2583
1753067203988102712,0,21,2083,2597,0,2100,0,142,2584
1753067203990066708,0,21,2084,2598,0,2100,0,142,2584
1753067203992138170,0,21,2085,2598,0,2100,0,142,2584
1753067203994066262,0,21,2085,2599,1,2101,0,142,2585
1753067203996079685,0,21,2085,2599,0,2101,0,142,2585
1753067203998104293,0,21,2086,2600,0,2101,0,142,2586
1753067204000041366,0,21,2086,2600,0,2101,0,142,2586
1753067204002113388,0,21,2086,2600,0,2101,0,142,2587
1753067204004083884,0,21,2086,2601,0,2101,0,142,2587
1753067204006044797,0,21,2087,2601,0,2101,0,142,2588
1753067204008120728,0,21,2087,2601,0,2101,0,142,2589
1753067204010007373,0,21,2087,2602,0,2101,0,142,2589
1753067204012019184,0,21,2087,2602,0,2101,0,142,2590
1753067204014048932,0,21,2087,2602,0,2101,0,142,2590
1753067204016049162,0,21,2087,2602,0,2101,0,142,2591
1753067204018095807,0,21,2087,2603,0,2101,0,142,2591
1753067204020041036,0,21,2087,2603,0,2101,0,142,2592
1753067204022067343,0,21,2087,2603,0,2101,0,142,2592
1753067204024033832,0,21,2087,2604,0,2101,0,142,2593
1753067204026069626,0,21,2087,2604,1,2101,0,142,2594
1753067204028048217,0,21,2087,2604,0,2101,0,142,2594
1753067204030067625,0,21,2087,2604,0,2101,0,142,2595
1753067204032014250,0,21,2087,2605,0,2101,0,142,2596
1753067204033955380,0,21,2087,2605,0,2101,0,142,2596
1753067204036028289,0,21,2087,2605,0,2101,0,142,2596
1753067204037985085,0,21,2087,2605,0,2102,0,142,2597
1753067204040066940,0,21,2087,2605,0,2102,0,142,2597
1753067204041927936,0,21,2087,2606,0,2102,0,142,2598
1753067204043958961,0,21,2087,2606,0,2102,0,142,2599
1753067204045972124,0,21,2087,2606,0,2102,0,142,2599
1753067204047997813,0,21,2087,2606,0,2103,0,142,2599
1753067204049965186,0,21,2087,2607,0,2103,0,142,2600
1753067204052016891,0,21,2087,2607,0,2103,0,142,2600
1753067204053974274,0,21,2087,2607,0,2104,0,142,2601
1753067204055974259,0,21,2087,2608,0,2104,0,142,2601
1753067204057976584,0,21,2087,2608,0,2104,0,142,2602
1753067204059965594,0,21,2087,2608,0,2105,0,142,2602
1753067204061941739,0,21,2087,2609,0,2105,0,142,2602
1753067204063920275,0,21,2087,2609,0,2106,0,142,2603
1753067204065929359,0,21,2087,2610,0,2106,0,142,2603
1753067204067992770,0,21,2087,2610,0,2106,0,142,2603
1753067204069971786,0,21,2087,2611,0,2106,0,142,2604
1753067204071965087,0,21,2087,2612,0,2107,0,142,2604
1753067204073985593,0,21,2087,2612,0,2107,0,142,2604
1753067204075973020,0,21,2087,2613,0,2107,0,142,2605
1753067204077985046,0,21,2088,2613,0,2108,0,142,2605
1753067204080012873,0,21,2088,2614,0,2108,0,142,2605
1753067204081999652,0,21,2088,2614,0,2108,0,142,2606
1753067204084018519,0,21,2089,2615,0,2109,0,142,2606
1753067204085969341,0,21,2089,2616,0,2109,0,142,2606
1753067204087945349,0,21,2089,2616,0,2109,0,142,2607
1753067204089907001,0,21,2090,2618,0,2110,0,142,2607
1753067204091896254,0,21,2090,2618,0,2110,0,142,2608
1753067204093919983,0,21,2091,2619,0,2110,0,142,2608
1753067204095891150,0,21,2091,2620,0,2111,0,141,2608
1753067204097916242,0,21,2091,2620,0,2111,0,142,2609
1753067204099939699,0,21,2092,2620,0,2112,0,142,2609
1753067204101950677,0,21,2093,2621,0,2112,0,142,2609
1753067204103928329,0,21,2093,2621,0,2112,0,141,2610
1753067204105936994,0,21,2093,2622,0,2113,0,142,2610
1753067204107982932,0,21,2094,2622,0,2113,0,142,2611
1753067204109946223,0,21,2095,2623,0,2114,0,142,2611
1753067204111944333,0,21,2095,2623,0,2114,0,142,2611
1753067204113897867,0,21,2096,2623,0,2114,0,142,2612
1753067204115984648,0,21,2096,2623,0,2114,0,142,2613
1753067204117893699,0,21,2097,2624,0,2115,0,141,2613
1753067204119869678,0,21,2098,2624,0,2115,0,142,2613
1753067204121853676,0,21,2098,2624,0,2116,0,142,2614
1753067204123853691,0,21,2098,2625,0,2116,0,142,2615
1753067204125815839,0,21,2099,2625,0,2117,0,142,2615
1753067204127799920,0,21,2099,2625,0,2117,0,142,2616
1753067204129802083,0,21,2100,2625,0,2117,0,142,2616
1753067204131873380,0,21,2100,2627,0,2118,0,142,2617
1753067204133851658,0,21,2100,2627,1,2118,0,142,2617
1753067204135940545,0,21,2100,2627,0,2118,0,142,2617
1753067204137862452,0,21,2100,2627,0,2119,0,142,2618
1753067204139869978,0,21,2100,2627,0,2119,0,142,2618
1753067204141849607,0,21,2100,2627,0,2119,0,142,2619
1753067204143920894,0,21,2100,2628,0,2120,0,142,2619
1753067204145909038,0,21,2100,2628,0,2120,0,142,2620
1753067204147817403,0,21,2100,2628,1,2121,0,142,2620
1753067204149891806,0,21,2100,2628,0,2121,0,142,2621
1753067204151941614,0,21,2100,2628,0,2121,0,142,2621
1753067204153866217,0,21,2100,2629,0,2122,0,142,2622
1753067204155975957,0,21,2100,2629,0,2122,0,142,2622
1753067204157881103,0,21,2100,2629,0,2122,0,142,2623
1753067204159800704,0,21,2100,2630,0,2123,0,142,2623
1753067204161810153,0,21,2100,2630,1,2123,0,142,2623
1753067204163811527,0,21,2100,2630,0,2123,0,142,2624
1753067204165778551,0,21,2100,2631,0,2124,0,142,2624
1753067204167838448,0,21,2100,2632,0,2124,0,142,2625
1753067204169799304,0,21,2100,2632,1,2124,0,142,2625
1753067204171801722,0,21,2100,2632,0,2125,0,142,2625
1753067204173708002,0,21,2100,2632,0,2125,0,142,2626
1753067204175827666,0,21,2100,2633,0,2126,0,142,2626
1753067204177772476,0,21,2100,2633,0,2126,0,142,2626
1753067204179813798,0,21,2101,2634,0,2126,0,142,2626
1753067204181760103,0,21,2101,2634,0,2127,0,142,2627
1753067204183754920,0,21,2101,2634,0,2127,0,142,2627
1753067204185773287,0,21,2102,2636,0,2127,0,142,2627
1753067204187768544,0,21,2102,2636,1,2127,0,142,2627
1753067204189821831,0,21,2102,2637,0,2128,0,142,2628
1753067204191737168,0,21,2103,2638,0,2128,0,142,2628
1753067204193837885,0,21,2103,2638,0,2128,0,142,2629
1753067204195738319,0,21,2104,2638,0,2129,0,142,2629
1753067204197734670,0,21,2104,2639,0,2130,0,142,2629
1753067204199722184,0,21,2105,2639,0,2130,0,142,2630
1753067204201727109,0,21,2105,2640,0,2130,0,142,2630
1753067204203724587,0,21,2106,2640,0,2130,0,142,2630
1753067204205726602,0,21,2107,2641,0,2131,0,142,2630
1753067204207740931,0,21,2107,2641,0,2131,0,142,2631
1753067204209718219,0,21,2108,2642,0,2131,0,142,2631
1753067204211684554,0,21,2108,2642,0,2131,0,142,2631
1753067204213822293,0,21,2109,2642,0,2131,0,142,2632
1753067204215721631,0,21,2109,2643,1,2132,0,142,2632
1753067204217803388,0,21,2110,2643,0,2131,0,142,2632
1753067204219769669,0,21,2110,2645,0,2132,0,142,2632
1753067204221705034,0,21,2110,2645,0,2132,0,142,2633
1753067204223747081,0,21,2111,2645,0,2132,0,142,2633
1753067204225733626,0,21,2111,2646,0,2132,0,142,2634
1753067204227729664,0,21,2112,2646,0,2133,0,142,2634
1753067204229756363,0,21,2112,2647,0,2133,0,142,2635
1753067204231658352,0,21,2112,2647,1,2133,0,142,2635
1753067204233707919,0,21,2112,2647,0,2133,0,141,2635
1753067204235772620,0,21,2113,2647,0,2133,0,142,2635
1753067204237721826,0,21,2113,2647,0,2133,0,142,2635
1753067204239721283,0,21,2113,2647,0,2134,0,142,2637
1753067204241766010,0,21,2113,2647,0,2134,0,142,2637
1753067204243734284,0,21,2113,2647,1,2134,0,142,2638
1753067204245768580,0,21,2113,2647,0,2134,0,142,2638
1753067204247745807,0,21,2114,2647,0,2135,0,142,2639
1753067204249708770,0,21,2114,2647,0,2135,0,142,2639
1753067204251697262,0,21,2114,2647,0,2135,0,142,2639
1753067204253675542,0,21,2114,2647,0,2135,0,142,2640
1753067204255654154,0,21,2114,2647,0,2136,0,141,2640
1753067204257677216,0,21,2113,2647,0,2136,0,142,2641
1753067204259663447,0,21,2114,2647,0,2136,0,142,2641
1753067204261702272,0,21,2114,2647,0,2136,0,142,2641
1753067204263672067,0,21,2114,2647,0,2136,0,142,2642
1753067204265661405,0,21,2114,2648,1,2137,0,142,2642
1753067204267602930,0,21,2114,2647,0,2137,0,142,2643
1753067204269668034,0,21,2114,2648,0,2137,0,142,2643
1753067204271652622,0,21,2114,2648,0,2137,0,142,2643
1753067204273626354,0,21,2114,2648,0,2137,0,142,2644
1753067204275570260,0,21,2114,2648,0,2137,0,142,2644
1753067204277585551,0,21,2114,2648,0,2138,0,142,2644
1753067204279580547,0,21,2114,2648,0,2138,0,142,2645
1753067204281576240,0,21,2114,2649,0,2138,0,142,2645
1753067204283660477,0,21,2114,2649,1,2138,0,142,2645
1753067204285628769,0,21,2114,2649,0,2138,0,142,2645
1753067204287638057,0,21,2114,2649,0,2139,0,142,2645
1753067204289600028,0,21,2114,2649,0,2139,0,142,2646
1753067204291577217,0,21,2114,2649,0,2139,0,142,2646
1753067204293566868,0,21,2114,2649,1,2139,0,142,2646
1753067204295622907,0,21,2114,2650,0,2139,0,142,2646
1753067204297606934,0,21,2114,2650,0,2139,0,142,2646
1753067204299593716,0,21,2114,2651,0,2140,0,142,2646
1753067204301578073,0,21,2114,2651,0,2140,0,142,2646
1753067204303588105,0,21,2115,2651,1,2140,0,142,2646
1753067204305593828,0,21,2115,2652,0,2140,0,142,2646
1753067204307611933,0,21,2115,2652,0,2141,0,142,2647
1753067204309546187,0,21,2116,2654,0,2141,0,142,2647
1753067204311523656,0,21,2116,2654,0,2141,0,142,2647
1753067204313504004,0,21,2116,2655,0,2142,0,142,2647
1753067204315501241,0,21,2117,2655,1,2142,0,142,2647
1753067204317473762,0,21,2117,2656,0,2142,0,142,2648
1753067204319528474,0,21,2118,2656,0,2142,0,142,2648
1753067204321530957,0,21,2118,2656,0,2143,0,142,2648
1753067204323572690,0,21,2118,2657,0,2143,0,142,2648
1753067204325493219,0,21,2119,2657,0,2143,0,142,2649
1753067204327480953,0,21,2119,2658,0,2144,0,142,2649
1753067204329482150,0,21,2119,2658,0,2144,0,142,2649
1753067204331446825,0,21,2120,2659,1,2144,0,142,2649
1753067204333492041,0,21,2120,2659,0,2145,0,142,2650
1753067204335485829,0,21,2120,2659,0,2145,0,142,2650
1753067204337515020,0,21,2121,2660,0,2145,0,142,2650
1753067204339469931,0,21,2121,2660,0,2145,0,142,2651
1753067204341440633,0,21,2121,2660,0,2146,0,142,2651
1753067204343443962,0,21,2121,2661,0,2146,0,142,2651
1753067204345448809,0,21,2121,2661,0,2146,0,142,2651
1753067204347467587,0,21,2121,2661,0,2147,0,142,2652
1753067204349414475,0,21,2121,2663,0,2147,0,142,2652
1753067204351489788,0,21,2121,2663,0,2147,0,142,2652
1753067204353453225,0,21,2120,2663,0,2148,0,142,2653
1753067204355397877,0,21,2121,2663,0,2148,0,142,2653
1753067204357404619,0,21,2120,2664,0,2148,0,142,2653
1753067204359412771,0,21,2120,2664,0,2148,0,142,2654
1753067204361396023,0,21,2121,2664,0,2148,0,142,2654
1753067204363353818,0,21,2120,2664,0,2149,0,142,2654
1753067204365361531,0,21,2121,2664,0,2149,0,142,2655
1753067204367363441,0,21,2120,2665,0,2149,0,142,2655
1753067204369356425,0,21,2121,2665,0,2150,0,142,2656
1753067204371397653,0,21,2121,2665,0,2150,0,142,2656
1753067204373367265,0,21,2120,2665,0,2150,0,142,2656
1753067204375375806,0,21,2121,2666,0,2151,0,142,2657
1753067204377374940,0,21,2121,2666,0,2151,0,142,2657
1753067204379360693,0,21,2121,2666,0,2151,0,142,2658
1753067204381367233,0,21,2121,2666,0,2151,0,142,2658
1753067204383384339,0,21,2120,2667,0,2152,0,142,2658
1753067204385398210,0,21,2121,2667,0,2152,0,141,2659
1753067204387385509,0,21,2121,2667,0,2152,0,142,2659
1753067204389370376,0,21,2120,2668,1,2153,0,141,2660
1753067204391418744,0,21,2121,2668,0,2153,0,142,2660
1753067204393436438,0,21,2121,2669,0,2153,0,142,2660
1753067204395341379,0,21,2121,2669,0,2153,0,142,2661
1753067204397339191,0,21,2121,2669,0,2153,0,142,2661
1753067204399357238,0,21,2121,2669,0,2154,0,142,2661
1753067204401303028,0,21,2121,2670,0,2154,0,142,2661
1753067204403347999,0,21,2122,2670,0,2154,0,142,2662
1753067204405305471,0,21,2122,2670,1,2155,0,142,2662
1753067204407354881,0,21,2123,2670,0,2155,0,142,2662
1753067204409308074,0,21,2124,2672,0,2155,0,142,2663
1753067204411335445,0,21,2124,2672,0,2155,0,142,2663
1753067204413294106,0,21,2125,2672,0,2155,0,142,2664
1753067204415264736,0,21,2126,2673,0,2155,0,142,2664
1753067204417310424,0,21,2126,2673,0,2155,0,142,2664
1753067204419281463,0,21,2127,2673,0,2156,0,142,2665
1753067204421285261,0,21,2127,2674,0,2156,0,142,2665
1753067204423300709,0,21,2128,2674,0,2156,0,142,2666
1753067204425310126,0,21,2128,2674,0,2156,0,142,2666
1753067204427280399,0,21,2128,2674,0,2156,0,142,2666
1753067204429290313,0,21,2129,2674,0,2157,0,142,2667
1753067204431277464,0,21,2129,2674,0,2157,0,142,2667
1753067204433244056,0,21,2130,2675,0,2157,0,142,2667
1753067204435283909,0,21,2130,2675,0,2157,0,142,2668
1753067204437277639,0,21,2131,2675,0,2158,0,142,2668
1753067204439262411,0,21,2131,2674,0,2158,0,142,2668
1753067204441264635,0,21,2132,2674,0,2158,0,142,2669
1753067204443290068,0,21,2132,2674,1,2159,0,142,2669
1753067204445289921,0,21,2132,2674,1,2159,0,142,2669
1753067204447287814,0,21,2132,2674,0,2159,0,142,2670
1753067204449336583,0,21,2132,2674,0,2159,0,142,2670
1753067204451374913,0,21,2132,2674,1,2160,0,142,2670
1753067204453352810,0,21,2132,2674,0,2160,0,142,2670
1753067204455292046,0,21,2132,2674,0,2160,0,142,2671
1753067204457351325,0,21,2132,2674,0,2161,0,142,2671
1753067204459343366,0,21,2132,2674,0,2161,0,142,2671
1753067204461248393,0,21,2132,2674,0,2161,0,142,2671
1753067204463251619,0,21,2132,2675,0,2162,0,142,2671
1753067204465262095,0,21,2132,2675,0,2162,0,142,2672
1753067204467252947,0,21,2132,2675,0,2162,0,142,2672
1753067204469266773,0,21,2132,2675,0,2162,0,142,2672
1753067204471267798,0,21,2132,2675,0,2162,0,142,2673
1753067204473245860,0,21,2132,2675,0,2163,0,142,2673
1753067204475284945,0,21,2132,2676,0,2163,0,142,2673
1753067204477243501,0,21,2132,2676,0,2163,0,142,2673
1753067204479259490,0,21,2132,2676,0,2164,0,142,2673
1753067204481271253,0,21,2132,2676,0,2164,0,142,2673
1753067204483244950,0,21,2132,2676,0,2165,0,142,2673
1753067204485161364,0,21,2132,2677,0,2165,0,142,2673
1753067204487226128,0,21,2132,2677,0,2165,0,142,2673
1753067204489182477,0,21,2132,2677,0,2166,0,142,2673
1753067204491184948,0,21,2132,2678,0,2166,0,142,2674
1753067204493200871,0,21,2132,2678,0,2167,0,142,2674
1753067204495160350,0,21,2132,2678,0,2167,0,142,2674
1753067204497177711,0,21,2132,2679,0,2167,0,142,2674
1753067204499150816,0,21,2132,2679,0,2168,0,142,2674
1753067204501133830,0,21,2132,2679,0,2168,0,142,2674
1753067204503146302,0,21,2132,2679,0,2168,0,142,2675
1753067204505130503,0,21,2132,2679,0,2168,0,142,2675
1753067204507116515,0,21,2132,2680,0,2168,0,142,2675
1753067204509210622,0,21,2132,2680,0,2168,0,142,2675
1753067204511224428,0,21,2132,2680,0,2168,0,142,2675
1753067204513176159,0,21,2132,2682,1,2168,0,142,2675
1753067204515188917,0,21,2132,2682,0,2169,0,142,2675
1753067204517119740,0,21,2132,2682,0,2169,0,142,2675
1753067204519120338,0,21,2132,2682,0,2169,0,142,2675
1753067204521147193,0,21,2132,2683,0,2169,0,142,2675
1753067204523111552,0,21,2132,2683,0,2169,0,142,2675
1753067204525158780,0,21,2132,2683,0,2169,0,142,2675
1753067204527072719,0,21,2132,2684,0,2169,0,142,2675
1753067204529130842,0,21,2132,2684,0,2169,0,141,2675
1753067204531075953,0,21,2132,2684,0,2170,0,142,2675
1753067204533070235,0,21,2132,2684,0,2170,0,142,2675
1753067204535031392,0,21,2132,2685,0,2170,0,142,2675
1753067204537066413,0,21,2132,2685,0,2170,0,142,2675
1753067204539011898,0,21,2132,2685,0,2170,0,142,2675
1753067204541021768,0,21,2132,2686,0,2170,0,141,2675
1753067204543005806,0,21,2132,2686,0,2171,0,142,2675
1753067204544974491,0,21,2132,2686,0,2171,0,142,2675
1753067204547062845,0,21,2132,2686,0,2171,0,142,2675
1753067204549034311,0,21,2132,2687,0,2172,0,142,2675
1753067204551094844,0,21,2133,2687,0,2172,0,142,2675
1753067204553019038,0,21,2133,2687,0,2172,0,141,2676
1753067204554986710,0,21,2133,2687,0,2172,0,142,2676
1753067204557001676,0,21,2134,2687,0,2172,0,142,2676
1753067204558992957,0,21,2134,2688,1,2172,0,142,2676
1753067204561053739,0,21,2135,2688,0,2173,0,142,2677
1753067204563052391,0,21,2135,2688,0,2173,0,142,2677
1753067204565066487,0,21,2135,2689,0,2173,0,142,2678
1753067204567061413,0,21,2136,2689,1,2173,0,142,2678
1753067204568971616,0,21,2136,2690,0,2173,0,142,2679
1753067204571035774,0,21,2137,2690,0,2173,0,142,2679
1753067204573059190,0,21,2137,2690,0,2173,0,142,2679
1753067204575013292,0,21,2137,2691,0,2173,0,142,2680
1753067204577016335,0,21,2138,2691,0,2173,0,142,2680
1753067204579074818,0,21,2138,2691,0,2173,0,142,2681
1753067204581071292,0,21,2138,2692,1,2173,0,142,2681
1753067204583068071,0,21,2138,2692,0,2173,0,142,2681
1753067204585023961,0,21,2138,2692,0,2173,0,142,2682
1753067204587020841,0,21,2138,2693,0,2173,0,142,2682
1753067204588947071,0,21,2138,2693,0,2173,0,142,2682
1753067204590951285,0,21,2138,2694,0,2173,0,142,2683
1753067204592904456,0,21,2138,2694,0,2173,0,142,2683
1753067204594914167,0,21,2139,2694,0,2173,0,142,2684
1753067204596920416,0,21,2138,2694,0,2173,0,142,2684
1753067204598934603,0,21,2138,2695,0,2173,0,142,2685
1753067204600918926,0,21,2139,2695,0,2173,0,142,2685
1753067204602945548,0,21,2138,2695,0,2174,0,142,2686
1753067204604882194,0,21,2138,2696,0,2174,0,142,2686
1753067204606971620,0,21,2139,2696,1,2174,0,142,2687
1753067204608970764,0,21,2139,2696,0,2174,0,142,2687
1753067204610988110,0,21,2139,2697,0,2174,0,142,2687
1753067204612888782,0,21,2139,2697,0,2174,0,142,2688
1753067204614914940,0,21,2139,2698,1,2174,0,142,2688
1753067204616924351,0,21,2139,2698,0,2175,0,142,2689
1753067204618921379,0,21,2138,2698,0,2175,0,142,2689
1753067204620967805,0,21,2138,2699,0,2175,0,142,2689
1753067204622981377,0,21,2139,2699,0,2175,0,142,2690
1753067204624960698,0,21,2139,2700,0,2176,0,142,2690
1753067204626953843,0,21,2139,2700,0,2176,0,142,2691
1753067204628947013,0,21,2139,2701,0,2176,0,142,2691
1753067204630882737,0,21,2139,2701,0,2177,0,142,2691
1753067204632917116,0,21,2139,2701,0,2177,0,142,2692
1753067204634987579,0,21,2139,2702,0,2177,0,142,2692
1753067204636910567,0,21,2140,2702,0,2178,0,142,2693
1753067204638878208,0,21,2140,2703,0,2178,0,142,2693
1753067204640888350,0,21,2140,2703,0,2178,0,142,2693
1753067204642892387,0,21,2141,2704,0,2179,0,142,2694
1753067204644850977,0,21,2141,2704,0,2179,0,142,2694
1753067204646904701,0,21,2142,2705,0,2180,0,142,2695
1753067204648846412,0,21,2142,2705,0,2180,0,142,2695
1753067204650859872,0,21,2142,2706,0,2181,0,142,2695
1753067204652841493,0,21,2143,2706,0,2181,0,142,2696
1753067204654856510,0,21,2143,2707,0,2181,0,142,2696
1753067204656876417,0,21,2144,2707,0,2182,0,142,2696
1753067204658914599,0,21,2144,2708,0,2182,0,142,2697
1753067204660859275,0,21,2145,2708,0,2183,0,142,2697
1753067204662858037,0,21,2145,2709,0,2183,0,142,2698
1753067204664858517,0,21,2146,2710,0,2183,0,142,2698
1753067204666855560,0,21,2146,2710,0,2184,0,142,2698
1753067204668840984,0,21,2147,2711,0,2184,0,141,2699
1753067204670847765,0,21,2147,2711,0,2184,0,142,2699
1753067204672910056,0,21,2147,2712,0,2185,0,142,2700
1753067204674927661,0,21,2147,2712,0,2185,0,142,2700
1753067204676911099,0,21,2147,2712,0,2185,0,142,2700
1753067204678913381,0,21,2147,2714,0,2186,0,142,2701
1753067204680936374,0,21,2148,2714,0,2186,0,142,2701
1753067204682823638,0,21,2148,2715,0,2186,0,142,2702
1753067204684918708,0,21,2148,2715,0,2186,0,142,2702
1753067204686922843,0,21,2148,2715,0,2187,0,142,2703
1753067204688850121,0,21,2148,2716,0,2187,0,142,2703
1753067204690844709,0,21,2148,2716,0,2187,0,142,2703
1753067204692805462,0,21,2148,2717,0,2187,0,142,2704
1753067204694814641,0,21,2149,2717,0,2187,0,142,2704
1753067204696834117,0,21,2149,2718,1,2187,0,142,2705
1753067204698824895,0,21,2149,2718,1,2187,0,142,2705
1753067204700822493,0,21,2149,2719,0,2187,0,142,2706
1753067204702982478,0,21,2149,2719,0,2188,0,142,2706
1753067204704871293,0,21,2150,2720,0,2188,0,142,2707
1753067204706854871,0,21,2150,2720,0,2188,0,142,2707
1753067204708758398,0,21,2151,2721,0,2188,0,142,2708
1753067204710804992,0,21,2151,2721,0,2189,0,142,2708
1753067204712811309,0,21,2152,2722,0,2189,0,142,2709
1753067204714821520,0,21,2152,2722,0,2189,0,142,2709
1753067204716875453,0,21,2153,2723,0,2189,0,142,2710
1753067204718883254,0,21,2154,2723,0,2189,0,141,2710
1753067204720818765,0,21,2154,2723,1,2190,0,142,2711
1753067204722781287,0,21,2155,2724,1,2190,0,142,2711
1753067204724718568,0,21,2155,2724,0,2190,0,142,2712
1753067204726757547,0,21,2156,2725,0,2190,0,142,2712
1753067204728763858,0,21,2156,2726,0,2191,0,142,2713
1753067204730782969,0,21,2157,2726,0,2191,0,142,2713
1753067204732710894,0,21,2158,2727,0,2192,0,142,2714
1753067204734714810,0,21,2159,2727,0,2192,0,142,2714
1753067204736676823,0,21,2159,2727,0,2192,0,142,2715
1753067204738732675,0,21,2160,2728,0,2193,0,142,2715
1753067204740762773,0,21,2160,2729,0,2193,0,142,2716
1753067204742766417,0,21,2161,2729,0,2194,0,142,2716
1753067204744713381,0,21,2161,2729,0,2194,0,142,2717
1753067204746668452,0,21,2162,2730,0,2195,0,142,2717
1753067204748764029,0,21,2162,2730,0,2195,0,142,2717
1753067204750764371,0,21,2163,2730,0,2195,0,142,2718
1753067204752704954,0,21,2163,2731,0,2196,0,142,2718
1753067204754735907,0,21,2163,2731,0,2196,0,142,2719
1753067204756760176,0,21,2163,2731,0,2197,0,142,2720
1753067204758683970,0,21,2163,2732,0,2197,0,142,2720
1753067204760672217,0,21,2163,2732,0,2198,0,142,2721
1753067204762668095,0,21,2163,2732,0,2198,0,142,2721
1753067204764668523,0,21,2163,2733,0,2198,0,142,2722
1753067204766691115,0,21,2163,2733,0,2199,0,142,2722
1753067204768707351,0,21,2163,2733,0,2199,0,142,2723
1753067204770709081,0,21,2163,2733,0,2199,0,142,2723
1753067204772709731,0,21,2163,2734,0,2200,0,142,2724
1753067204774655959,0,21,2163,2734,0,2200,0,142,2724
1753067204776637881,0,21,2163,2734,0,2200,0,142,2724
1753067204778626945,0,21,2163,2734,0,2200,0,142,2725
1753067204780616380,0,21,2163,2735,0,2200,0,142,2725
1753067204782641260,0,21,2163,2735,0,2200,0,142,2726
1753067204784629269,0,21,2163,2735,0,2200,0,142,2726
1753067204786643840,0,21,2163,2735,0,2200,0,142,2727
1753067204788639077,0,21,2163,2736,0,2200,0,142,2727
1753067204790656841,0,21,2164,2736,0,2200,0,142,2727
1753067204792638147,0,21,2164,2736,0,2200,0,142,2728
1753067204794699326,0,21,2164,2736,0,2200,0,142,2728
1753067204796644785,0,21,2164,2736,0,2200,0,142,2728
1753067204798680389,0,21,2164,2737,0,2201,0,142,2729
1753067204800612014,0,21,2163,2737,0,2201,0,142,2729
1753067204802673220,0,21,2164,2737,0,2202,0,141,2729
1753067204804637742,0,21,2164,2738,0,2202,0,142,2730
1753067204806660486,0,21,2164,2738,0,2203,0,142,2730
1753067204808598815,0,21,2164,2738,0,2203,0,142,2730
1753067204810546234,0,21,2164,2738,0,2204,0,142,2731
1753067204812570461,0,21,2164,2739,0,2204,0,142,2731
1753067204814570974,0,21,2165,2739,0,2205,0,142,2731
1753067204816582442,0,21,2165,2740,0,2206,0,142,2731
1753067204818593724,0,21,2166,2740,0,2206,0,142,2731
1753067204820609942,0,21,2166,2741,0,2207,0,142,2731
1753067204822618518,0,21,2167,2741,0,2208,0,142,2732
1753067204824550577,0,21,2167,2742,0,2208,0,142,2732
1753067204826551771,0,21,2167,2742,0,2209,0,142,2732
1753067204828561304,0,21,2168,2743,0,2210,0,142,2732
1753067204830556085,0,21,2169,2743,0,2210,0,142,2732
1753067204832577807,0,21,2169,2744,1,2211,0,142,2732
1753067204834584740,0,21,2169,2744,1,2211,0,142,2733
1753067204836610812,0,21,2170,2746,0,2211,0,142,2733
1753067204838543961,0,21,2171,2746,0,2212,0,142,2733
1753067204840643189,0,21,2172,2746,0,2212,0,142,2733
1753067204842557621,0,21,2172,2747,0,2213,0,142,2733
1753067204844541951,0,21,2172,2748,0,2213,0,142,2734
1753067204846514990,0,21,2173,2748,0,2213,0,142,2734
1753067204848502575,0,21,2173,2749,0,2214,0,142,2734
1753067204850484255,0,21,2174,2749,0,2214,0,142,2734
1753067204852512814,0,21,2174,2750,0,2214,0,142,2735
1753067204854529346,0,21,2174,2750,0,2215,0,142,2735
1753067204856473739,0,21,2174,2751,0,2215,0,141,2735
1753067204858475542,0,21,2174,2751,0,2215,0,142,2736
1753067204860504905,0,21,2174,2751,0,2215,0,142,2736
1753067204862478121,0,21,2174,2751,0,2216,0,142,2737
1753067204864484759,0,21,2174,2752,0,2216,0,142,2737
1753067204866519278,0,21,2175,2752,0,2216,0,142,2737
1753067204868428611,0,21,2175,2752,0,2217,0,142,2737
1753067204870462945,0,21,2175,2752,0,2217,0,142,2738
1753067204872477532,0,21,2176,2752,1,2217,0,142,2738
1753067204874482513,0,21,2176,2752,0,2217,0,142,2739
1753067204876470787,0,21,2177,2753,0,2218,0,142,2739
1753067204878477170,0,21,2177,2753,0,2218,0,142,2739
1753067204880514991,0,21,2177,2753,0,2218,0,142,2740
1753067204882509628,0,21,2178,2753,0,2218,0,142,2741
1753067204884461470,0,21,2178,2753,0,2218,0,142,2741
1753067204886687887,0,21,2178,2754,0,2219,0,142,2741
1753067204888519513,0,21,2179,2754,0,2219,0,142,2742
1753067204890547805,0,21,2179,2754,0,2219,0,142,2742
1753067204892518928,0,21,2180,2754,0,2219,0,142,2743
1753067204894632506,0,21,2180,2755,0,2220,0,142,2743
1753067204896654704,0,21,2180,2755,0,2220,0,142,2744
1753067204898590571,0,21,2181,2755,0,2220,0,142,2744
1753067204900598392,0,21,2181,2756,0,2220,0,142,2745
1753067204902600005,0,21,2182,2756,1,2220,0,142,2745
1753067204904553335,0,21,2182,2756,0,2220,0,142,2745
1753067204906574565,0,21,2183,2757,0,2220,0,142,2745
1753067204908614464,0,21,2183,2757,0,2220,0,142,2746
1753067204910603247,0,21,2184,2758,0,2220,0,142,2746
1753067204912550756,0,21,2184,2758,0,2220,0,142,2747
1753067204914590923,0,21,2185,2758,0,2220,0,142,2747
1753067204916535209,0,21,2185,2759,0,2221,0,142,2747
1753067204918446238,0,21,2185,2760,0,2221,0,142,2747
1753067204920374454,0,21,2185,2760,0,2221,0,142,2748
1753067204922462919,0,21,2185,2761,0,2221,0,142,2748
1753067204924450127,0,21,2186,2761,0,2222,0,142,2748
1753067204926459262,0,21,2186,2761,0,2222,0,142,2749
1753067204928412842,0,21,2186,2762,0,2222,0,142,2750
1753067204930457133,0,21,2187,2763,0,2222,0,142,2750
1753067204932433985,0,21,2187,2763,0,2223,0,142,2751
1753067204934412770,0,21,2187,2764,0,2223,0,142,2751
1753067204936383988,0,21,2188,2765,0,2223,0,142,2751
1753067204938302186,0,21,2188,2765,0,2223,0,142,2752
1753067204940348348,0,21,2188,2766,0,2223,0,142,2752
1753067204942319926,0,21,2189,2766,0,2224,0,142,2752
1753067204944402670,0,21,2189,2767,0,2224,0,142,2753
1753067204946351900,0,21,2189,2767,0,2225,0,142,2753
1753067204948427007,0,21,2190,2768,0,2225,0,142,2754
1753067204950381875,0,21,2190,2768,0,2225,0,142,2754
1753067204952378260,0,21,2190,2769,0,2226,0,142,2755
1753067204954355032,0,21,2190,2769,0,2226,0,142,2755
1753067204956394382,0,21,2190,2769,0,2226,0,142,2756
1753067204958384829,0,21,2190,2770,0,2227,0,142,2756
1753067204960391555,0,21,2190,2770,0,2227,0,142,2757
1753067204962370542,0,21,2190,2771,0,2227,0,142,2757
1753067204964304060,0,21,2190,2771,0,2228,0,142,2758
1753067204966409400,0,21,2190,2771,0,2228,0,142,2758
1753067204968490776,0,21,2190,2772,0,2228,0,142,2759
1753067204970358486,0,21,2190,2772,0,2229,0,142,2759
1753067204972376654,0,21,2190,2773,0,2229,0,142,2760
1753067204974379265,0,21,2190,2773,0,2229,0,142,2760
1753067204976347789,0,21,2190,2773,0,2230,0,142,2760
1753067204978377759,0,21,2190,2773,1,2230,0,142,2761
1753067204980297409,0,21,2190,2774,0,2231,0,142,2761
1753067204982473476,0,21,2190,2774,0,2231,0,141,2762
1753067204984410881,0,21,2191,2774,0,2231,0,142,2763
1753067204986445945,0,21,2191,2774,0,2232,0,142,2763
1753067204988404420,0,21,2191,2775,0,2232,0,142,2764
1753067204990446955,0,21,2191,2775,0,2232,0,142,2764
1753067204992362661,0,21,2192,2775,0,2232,0,142,2765
1753067204994324633,0,21,2192,2776,0,2233,0,142,2765
1753067204996306254,0,21,2192,2776,0,2233,0,142,2766
1753067204998301064,0,21,2192,2776,0,2233,0,142,2766
1753067205000290781,0,21,2193,2778,1,2234,0,142,2767
1753067205002261780,0,21,2193,2778,0,2234,0,142,2767
1753067205004326517,0,21,2194,2778,0,2234,0,142,2768
1753067205006297441,0,21,2194,2779,0,2235,0,142,2768
1753067205008247658,0,21,2195,2779,0,2235,0,142,2769
1753067205010329490,0,21,2195,2779,0,2235,0,142,2770
1753067205012374373,0,21,2196,2780,0,2236,0,142,2770
1753067205014352937,0,21,2196,2780,0,2236,0,142,2771
1753067205016303626,0,21,2197,2781,0,2236,0,142,2771
1753067205018292624,0,21,2198,2781,0,2237,0,142,2772
1753067205020283065,0,21,2199,2781,0,2237,0,142,2772
1753067205022295719,0,21,2199,2782,0,2238,0,142,2773
1753067205024301824,0,21,2200,2782,0,2238,0,142,2773
1753067205026293905,0,21,2201,2782,0,2238,0,142,2773
1753067205028393954,0,21,2201,2783,0,2238,0,142,2774
1753067205030299715,0,21,2202,2783,0,2239,0,142,2774
1753067205032323986,0,21,2203,2784,0,2239,0,142,2774
1753067205034324269,0,21,2203,2784,0,2239,0,142,2775
1753067205036317025,0,21,2204,2785,0,2239,0,142,2776
1753067205038292455,0,21,2204,2785,0,2239,0,142,2776
1753067205040259017,0,21,2204,2785,0,2239,0,142,2776
1753067205042287596,0,21,2204,2786,1,2239,0,142,2777
1753067205044253259,0,21,2205,2786,0,2239,0,142,2777
1753067205046258502,0,21,2205,2787,0,2239,0,142,2778
1753067205048273852,0,21,2205,2787,0,2240,0,142,2778
1753067205050258814,0,21,2205,2787,0,2240,0,142,2778
1753067205052264246,0,21,2205,2787,0,2241,0,142,2779
1753067205054308987,0,21,2205,2788,0,2241,0,142,2779
1753067205056300772,0,21,2205,2788,0,2241,0,142,2780
1753067205058308061,0,21,2205,2788,0,2242,0,142,2780
1753067205060264598,0,21,2205,2788,0,2242,0,142,2781
1753067205062236100,0,21,2205,2789,0,2243,0,142,2781
1753067205064195086,0,21,2205,2789,0,2243,0,142,2781
1753067205066263832,0,21,2205,2789,0,2244,0,142,2781
1753067205068214667,0,21,2205,2789,0,2244,0,142,2782
1753067205070286247,0,21,2205,2789,0,2244,0,142,2782
1753067205072274224,0,21,2205,2789,0,2245,0,142,2783
1753067205074275219,0,21,2205,2790,0,2245,0,142,2783
1753067205076219208,0,21,2205,2790,1,2246,0,142,2783
1753067205078266519,0,21,2205,2791,0,2246,0,142,2784
1753067205080300224,0,21,2205,2791,0,2246,0,142,2784
1753067205082294081,0,21,2205,2792,0,2247,0,142,2785
1753067205084217238,0,21,2205,2792,0,2247,0,142,2785
1753067205086177938,0,21,2205,2792,0,2248,0,142,2785
1753067205088155201,0,21,2205,2793,0,2248,0,142,2786
1753067205090191308,0,21,2205,2793,0,2248,0,142,2786
1753067205092199177,0,21,2205,2794,0,2249,0,142,2786
1753067205094178042,0,21,2205,2794,0,2249,0,142,2786
1753067205096203208,0,21,2205,2794,0,2250,0,142,2787
1753067205098198315,0,21,2205,2795,0,2250,0,142,2787
1753067205100218325,0,21,2205,2795,0,2250,0,142,2787
1753067205102233313,0,21,2205,2795,0,2250,0,142,2787
1753067205104118794,0,21,2205,2795,1,2250,0,142,2788
1753067205106112540,0,21,2205,2796,0,2251,0,142,2788
1753067205108042444,0,21,2205,2796,0,2251,0,142,2788
1753067205110011447,0,21,2205,2796,0,2251,0,141,2789
1753067205112058335,0,21,2205,2797,0,2251,0,142,2789
1753067205114053434,0,21,2205,2797,0,2252,0,142,2790
1753067205116022398,0,21,2205,2797,0,2252,0,142,2790
1753067205118014514,0,21,2206,2798,0,2252,0,142,2790
1753067205120021317,0,21,2206,2798,0,2252,0,142,2790
1753067205122043356,0,21,2206,2798,0,2252,0,142,2790
1753067205124031580,0,21,2207,2798,0,2252,0,142,2791
1753067205126061078,0,21,2207,2799,0,2253,0,142,2791
1753067205128039020,0,21,2208,2799,0,2253,0,142,2791
1753067205130042752,0,21,2208,2800,0,2254,0,142,2792
1753067205132055400,0,21,2209,2800,0,2254,0,142,2792
1753067205133949317,0,21,2210,2800,0,2254,0,142,2792
1753067205135999321,0,21,2210,2801,0,2255,0,142,2793
1753067205138043931,0,21,2211,2801,0,2255,0,142,2793
1753067205140010051,0,21,2212,2802,0,2255,0,142,2793
1753067205142051711,0,21,2212,2802,0,2256,0,142,2794
1753067205144064244,0,21,2213,2802,0,2256,0,142,2794
1753067205146027734,0,21,2214,2803,0,2256,0,142,2794
1753067205148037888,0,21,2215,2803,0,2257,0,142,2794
1753067205149998563,0,21,2216,2804,0,2257,0,142,2795
1753067205151993644,0,21,2216,2804,0,2257,0,142,2795
1753067205153999692,0,21,2217,2804,0,2257,0,142,2795
1753067205155953612,0,21,2218,2805,0,2258,0,142,2795
1753067205157920692,0,21,2219,2805,0,2258,0,142,2795
1753067205159929562,0,21,2220,2806,0,2258,0,142,2796
1753067205161897533,0,21,2220,2806,1,2259,0,142,2796
1753067205164029297,0,21,2221,2807,0,2259,0,142,2796
1753067205166040279,0,21,2223,2807,0,2259,0,142,2797
1753067205168038129,0,21,2224,2808,0,2259,0,142,2797
1753067205170008097,0,21,2224,2808,0,2260,0,142,2797
1753067205172066755,0,21,2225,2809,0,2260,0,142,2798
1753067205174029211,0,21,2225,2809,0,2260,0,142,2798
1753067205175966780,0,21,2226,2810,0,2261,0,142,2798
1753067205177887499,0,21,2226,2810,0,2261,0,142,2799
1753067205179885664,0,21,2226,2811,0,2262,0,142,2799
1753067205181866065,0,21,2227,2811,0,2262,0,142,2800
1753067205183892611,0,21,2227,2812,0,2262,0,142,2800
1753067205185882595,0,21,2227,2812,0,2262,0,142,2800
1753067205187885074,0,21,2227,2812,0,2262,0,142,2800
1753067205189895544,0,21,2227,2813,0,2263,0,142,2801
1753067205191858820,0,21,2227,2813,0,2263,0,142,2801
1753067205193899181,0,21,2227,2814,0,2264,0,142,2802
1753067205195924240,0,21,2227,2814,0,2264,0,142,2802
1753067205197859898,0,21,2227,2814,0,2265,0,142,2803
1753067205199946339,0,21,2227,2815,0,2265,0,142,2803
1753067205201891682,0,21,2227,2815,0,2266,0,142,2804
1753067205203880965,0,21,2227,2815,0,2266,0,142,2804
1753067205205863355,0,21,2227,2815,0,2266,0,142,2805
1753067205207860369,0,21,2227,2816,0,2266,0,142,2805
1753067205209885556,0,21,2228,2816,0,2266,0,142,2805
1753067205211918082,0,21,2228,2816,0,2266,0,142,2806
1753067205213918326,0,21,2228,2817,0,2266,0,142,2807
1753067205215899224,0,21,2228,2817,0,2266,0,142,2807
1753067205217932514,0,21,2228,2817,0,2266,0,142,2807
1753067205219932222,0,21,2228,2817,0,2266,0,142,2808
1753067205221896373,0,21,2228,2818,0,2267,0,142,2808
1753067205223886556,0,21,2228,2818,0,2267,0,142,2809
1753067205225920153,0,21,2228,2818,0,2267,0,142,2809
1753067205227888056,0,21,2228,2818,0,2267,0,142,2810
1753067205229935798,0,21,2229,2819,1,2267,0,142,2810
1753067205231861953,0,21,2229,2819,0,2267,0,142,2811
1753067205233860861,0,21,2229,2820,0,2267,0,142,2811
1753067205235791923,0,21,2230,2820,1,2268,0,142,2812
1753067205237807417,0,21,2230,2821,0,2268,0,142,2812
1753067205239818444,0,21,2230,2822,0,2268,0,142,2813
1753067205241890866,0,21,2230,2822,0,2269,0,142,2813
1753067205243859650,0,21,2230,2822,0,2269,0,142,2813
1753067205245871567,0,21,2230,2823,0,2269,0,142,2814
1753067205247870382,0,21,2231,2823,0,2270,0,142,2814
1753067205249832710,0,21,2231,2824,0,2270,0,142,2814
1753067205251814912,0,21,2231,2824,0,2271,0,142,2815
1753067205253766545,0,21,2231,2825,0,2271,0,142,2815
1753067205255811108,0,21,2232,2825,0,2272,0,142,2815
1753067205257821399,0,21,2232,2826,0,2272,0,142,2816
1753067205259814546,0,21,2232,2826,0,2273,0,142,2816
1753067205261833270,0,21,2233,2827,0,2273,0,142,2817
1753067205263773566,0,21,2233,2827,0,2274,0,142,2817
1753067205265780783,0,21,2234,2828,0,2275,0,142,2817
1753067205267762810,0,21,2234,2828,1,2275,0,142,2818
1753067205269801128,0,21,2235,2829,0,2276,0,142,2818
1753067205271767183,0,21,2235,2830,0,2276,0,142,2818
1753067205273807144,0,21,2236,2830,0,2277,0,142,2819
1753067205275756349,0,21,2236,2831,0,2277,0,142,2819
1753067205277751167,0,21,2237,2831,0,2278,0,142,2820
1753067205279753511,0,21,2237,2832,0,2278,0,142,2820
1753067205281819704,0,21,2238,2832,0,2279,0,142,2821
1753067205283750546,0,21,2239,2833,0,2279,0,142,2821
1753067205285815060,0,21,2239,2833,0,2279,0,142,2821
1753067205287781246,0,21,2240,2833,0,2279,0,142,2822
1753067205289791331,0,21,2241,2834,1,2279,0,142,2822
1753067205291740590,0,21,2241,2834,0,2279,0,142,2823
1753067205293705069,0,21,2241,2835,0,2280,0,142,2823
1753067205295744701,0,21,2242,2835,0,2279,0,142,2823
1753067205297732534,0,21,2242,2836,0,2280,0,142,2824
1753067205299718137,0,21,2242,2836,0,2280,0,142,2824
1753067205301744431,0,21,2243,2836,0,2280,0,142,2825
1753067205303740371,0,21,2243,2837,0,2280,0,142,2825
1753067205305754393,0,21,2243,2837,0,2280,0,142,2826
1753067205307722010,0,21,2243,2837,0,2280,0,142,2826
1753067205309725768,0,21,2243,2837,0,2280,0,142,2827
1753067205311714358,0,21,2244,2838,0,2280,0,142,2827
1753067205313749008,0,21,2244,2838,0,2281,0,142,2827
1753067205315708459,0,21,2244,2838,0,2281,0,142,2827
1753067205317657269,0,21,2244,2839,0,2281,0,142,2829
1753067205319668049,0,21,2244,2839,0,2282,0,142,2830
1753067205321710001,0,21,2244,2839,1,2282,0,142,2830
1753067205323733710,0,21,2244,2839,1,2282,0,142,2830
1753067205325709100,0,21,2244,2840,0,2283,0,142,2831
1753067205327755110,0,21,2244,2840,0,2283,0,142,2831
1753067205329736764,0,21,2244,2840,0,2284,0,142,2831
1753067205331739858,0,21,2244,2840,0,2284,0,142,2832
1753067205333729613,0,21,2244,2840,0,2285,0,142,2832
1753067205335689113,0,21,2244,2840,0,2285,0,142,2833
1753067205337716464,0,21,2244,2841,0,2286,0,142,2833
1753067205339696938,0,21,2244,2841,0,2287,0,142,2833
1753067205341626178,0,21,2244,2841,0,2287,0,142,2834
1753067205343717719,0,21,2244,2842,0,2288,0,142,2834
1753067205345651139,0,21,2244,2842,0,2288,0,142,2834
1753067205347670926,0,21,2244,2842,0,2289,0,142,2835
1753067205349692105,0,21,2244,2843,0,2289,0,142,2835
1753067205351682339,0,21,2245,2843,0,2290,0,142,2836
1753067205353706198,0,21,2245,2844,0,2290,0,142,2836
1753067205355768742,0,21,2246,2844,0,2290,0,142,2836
1753067205357665591,0,21,2246,2845,1,2291,0,142,2836
1753067205359612583,0,21,2246,2845,0,2292,0,142,2837
1753067205361583137,0,21,2247,2846,0,2292,0,142,2837
1753067205363603731,0,21,2247,2846,1,2293,0,142,2837
1753067205365552105,0,21,2248,2846,0,2293,0,142,2838
1753067205367582943,0,21,2248,2847,0,2294,0,142,2838
1753067205369549160,0,21,2249,2848,0,2294,0,142,2838
1753067205371663576,0,21,2249,2848,1,2294,0,142,2839
1753067205373512227,0,21,2250,2849,0,2295,0,142,2839
1753067205375617316,0,21,2251,2849,0,2295,0,142,2839
1753067205377612154,0,21,2251,2850,0,2296,0,142,2840
1753067205379534345,0,21,2252,2850,0,2296,0,142,2840
1753067205381547020,0,21,2253,2851,0,2296,0,142,2840
1753067205383555940,0,21,2254,2851,0,2297,0,142,2841
1753067205385551071,0,21,2254,2852,0,2297,0,142,2841
1753067205387470453,0,21,2255,2852,0,2297,0,142,2841
1753067205389492877,0,21,2256,2853,0,2298,0,142,2842
1753067205391461666,0,21,2256,2853,0,2299,0,142,2842
1753067205393523015,0,21,2257,2854,0,2299,0,142,2842
1753067205395482501,0,21,2257,2854,0,2299,0,142,2843
1753067205397500645,0,21,2258,2855,0,2300,0,142,2843
1753067205399485672,0,21,2259,2855,0,2300,0,142,2843
1753067205401482801,0,21,2260,2856,0,2301,0,142,2843
1753067205403496713,0,21,2260,2856,0,2302,0,142,2844
1753067205405508341,0,21,2261,2856,0,2302,0,142,2844
1753067205407452689,0,21,2261,2857,0,2303,0,142,2844
1753067205409492230,0,21,2262,2858,0,2303,0,142,2845
1753067205411483620,0,21,2262,2858,0,2304,0,142,2845
1753067205413491423,0,21,2263,2859,0,2304,0,142,2845
1753067205415505397,0,21,2263,2859,0,2304,0,142,2846
1753067205417503629,0,21,2263,2860,0,2305,0,142,2846
1753067205419472465,0,21,2264,2860,0,2306,0,142,2847
1753067205421514896,0,21,2264,2861,0,2306,0,142,2847
1753067205423534548,0,21,2264,2862,0,2306,0,142,2848
1753067205425504301,0,21,2264,2862,0,2307,0,142,2848
1753067205427480007,0,21,2265,2863,0,2307,0,142,2849
1753067205429464444,0,21,2265,2864,0,2308,0,142,2849
1753067205431490486,0,21,2265,2864,0,2308,0,142,2849
1753067205433467308,0,21,2265,2865,0,2308,0,142,2850
1753067205435442750,0,21,2266,2866,0,2309,0,142,2850
1753067205437471684,0,21,2266,2866,0,2309,0,142,2851
1753067205439440469,0,21,2266,2866,0,2309,0,142,2852
1753067205441447951,0,21,2267,2867,0,2310,0,142,2852
1753067205443447064,0,21,2267,2868,0,2310,0,142,2853
1753067205445426411,0,21,2267,2868,0,2310,0,142,2853
1753067205447426978,0,21,2267,2869,0,2310,0,142,2854
1753067205449412079,0,21,2268,2869,0,2310,0,142,2854
1753067205451452511,0,21,2268,2870,0,2311,0,142,2855
1753067205453432007,0,21,2268,2871,0,2311,0,142,2856
1753067205455424452,0,21,2269,2871,0,2311,0,142,2856
1753067205457415609,0,21,2269,2872,0,2312,0,142,2857
1753067205459379833,0,21,2270,2872,0,2312,0,142,2857
1753067205461377575,0,21,2270,2873,0,2312,0,141,2858
1753067205463356050,0,21,2271,2873,0,2312,0,142,2859
1753067205465353792,0,21,2272,2874,0,2313,0,142,2859
1753067205467378397,0,21,2273,2874,0,2313,0,142,2860
1753067205469413718,0,21,2273,2875,0,2313,0,142,2861
1753067205471394903,0,21,2274,2876,0,2314,0,142,2862
1753067205473377239,0,21,2275,2876,0,2314,0,142,2862
1753067205475392016,0,21,2276,2877,0,2314,0,142,2863
1753067205477381959,0,21,2277,2877,0,2315,0,142,2863
1753067205479437610,0,21,2277,2878,0,2315,0,142,2864
1753067205481492643,0,21,2278,2878,0,2316,0,142,2865
1753067205483463914,0,21,2279,2879,0,2316,0,142,2865
1753067205485452991,0,21,2280,2879,0,2316,0,142,2866
1753067205487349976,0,21,2281,2880,0,2317,0,142,2866
1753067205489363612,0,21,2282,2880,0,2317,0,142,2867
1753067205491406081,0,21,2282,2881,0,2318,0,142,2868
1753067205493427310,0,21,2283,2882,0,2318,0,142,2869
1753067205495431323,0,21,2284,2882,1,2318,0,142,2869
1753067205497408418,0,21,2284,2883,0,2318,0,142,2870
1753067205499464148,0,21,2284,2883,0,2319,0,142,2871
1753067205501480130,0,21,2285,2883,0,2319,0,142,2871
1753067205503436792,0,21,2285,2884,0,2320,0,142,2872
1753067205505361889,0,21,2286,2884,0,2320,0,142,2873
1753067205507371275,0,21,2286,2885,0,2320,0,142,2873
1753067205509466403,0,21,2286,2885,0,2321,0,142,2874
1753067205511351248,0,21,2287,2885,0,2321,0,142,2875
1753067205513337511,0,21,2287,2886,0,2322,0,142,2875
1753067205515306450,0,21,2287,2886,0,2322,0,142,2876
1753067205517313538,0,21,2287,2886,0,2322,0,142,2877
1753067205519440956,0,21,2288,2887,0,2323,0,142,2877
1753067205521420485,0,21,2288,2887,0,2323,0,142,2878
1753067205523434241,0,21,2288,2888,0,2323,0,142,2878
1753067205525328534,0,21,2288,2888,0,2324,0,141,2879
1753067205527321721,0,21,2288,2889,0,2324,0,142,2879
1753067205529336225,0,21,2288,2889,0,2324,0,142,2880
1753067205531328094,0,21,2289,2889,0,2325,0,142,2881
1753067205533305393,0,21,2289,2890,0,2325,0,142,2881
1753067205535316315,0,21,2289,2891,0,2325,0,142,2882
1753067205537312224,0,21,2290,2891,0,2326,0,142,2882
1753067205539277518,0,21,2290,2892,0,2326,0,142,2883
1753067205541300262,0,21,2290,2892,0,2327,0,142,2883
1753067205543259456,0,21,2291,2893,0,2327,0,142,2884
1753067205545281692,0,21,2291,2894,0,2328,0,142,2884
1753067205547274121,0,21,2292,2894,0,2328,0,141,2885
1753067205549300241,0,21,2292,2894,0,2329,0,142,2885
1753067205551299173,0,21,2293,2895,0,2329,0,142,2886
1753067205553281396,0,21,2293,2896,0,2329,0,142,2886
1753067205555344021,0,21,2294,2897,0,2330,0,142,2887
1753067205557241579,0,21,2294,2897,1,2330,0,142,2887
1753067205559251464,0,21,2295,2898,0,2331,0,142,2888
1753067205561273816,0,21,2296,2898,0,2331,0,142,2888
1753067205563274544,0,21,2296,2899,0,2332,0,142,2888
1753067205565192289,0,21,2297,2900,0,2332,0,142,2889
1753067205567204188,0,21,2298,2900,0,2333,0,142,2889
1753067205569205896,0,21,2298,2901,0,2333,0,142,2890
1753067205571224003,0,21,2299,2901,0,2334,0,142,2891
1753067205573200079,0,21,2300,2902,0,2334,0,142,2891
1753067205575209144,0,21,2300,2903,0,2335,0,142,2891
1753067205577164943,0,21,2301,2904,0,2335,0,142,2892
1753067205579230802,0,21,2301,2904,0,2336,0,142,2892
1753067205581147535,0,21,2302,2905,0,2336,0,142,2892
1753067205583238009,0,21,2302,2906,0,2337,0,142,2893
1753067205585256917,0,21,2303,2907,0,2337,0,142,2894
1753067205587303398,0,21,2303,2907,0,2338,0,142,2894
1753067205589151520,0,21,2304,2908,0,2338,0,142,2895
1753067205591135994,0,21,2304,2908,0,2339,0,142,2895
1753067205593136024,0,21,2304,2909,0,2339,0,142,2896
1753067205595117205,0,21,2305,2910,0,2340,0,142,2896
1753067205597125161,0,21,2305,2910,1,2340,0,142,2897
1753067205599140588,0,21,2305,2911,0,2341,0,142,2898
1753067205601173399,0,21,2305,2912,0,2341,0,142,2898
1753067205603147652,0,21,2305,2913,0,2342,0,142,2899
1753067205605177099,0,21,2305,2913,0,2342,0,142,2899
1753067205607203649,0,21,2305,2914,0,2343,0,142,2900
1753067205609218943,0,21,2305,2915,0,2343,0,142,2900
1753067205611229636,0,21,2306,2915,0,2343,0,142,2901
1753067205613178863,0,21,2305,2915,0,2343,0,142,2902
1753067205615172328,0,21,2306,2916,0,2345,0,142,2902
1753067205617237098,0,21,2305,2917,0,2345,0,142,2903
1753067205619301874,0,21,2306,2917,0,2346,0,142,2903
1753067205621371375,0,21,2306,2918,0,2346,0,142,2904
1753067205623178578,0,21,2306,2919,0,2346,0,142,2905
1753067205625154798,0,21,2305,2919,0,2346,0,142,2905
1753067205627129649,0,21,2306,2919,0,2347,0,142,2906
1753067205629171130,0,21,2306,2920,0,2347,0,142,2907
1753067205631102714,0,21,2305,2920,0,2347,0,142,2907
1753067205633197211,0,21,2306,2921,0,2348,0,142,2908
1753067205635123018,0,21,2306,2922,0,2348,0,142,2909
1753067205637143162,0,21,2306,2922,0,2348,0,142,2909
1753067205639149024,0,21,2306,2922,0,2349,0,142,2910
1753067205641176503,0,21,2306,2923,0,2349,0,142,2911
1753067205643121814,0,21,2307,2924,0,2350,0,142,2911
1753067205645109236,0,21,2307,2924,0,2350,0,142,2912
1753067205647181006,0,21,2308,2925,1,2350,0,142,2913
1753067205649153057,0,21,2308,2925,0,2351,0,142,2913
1753067205651108736,0,21,2309,2926,0,2351,0,142,2914
1753067205653117375,0,21,2309,2927,0,2352,0,142,2915
1753067205655070860,0,21,2310,2927,0,2352,0,142,2915
1753067205657082284,0,21,2310,2928,0,2353,0,142,2916
1753067205659056047,0,21,2311,2928,0,2353,0,142,2916
1753067205661064918,0,21,2312,2929,0,2353,0,142,2917
1753067205663051993,0,21,2312,2929,0,2354,0,142,2918
1753067205665010800,0,21,2313,2930,0,2354,0,142,2918
1753067205667038650,0,21,2314,2930,0,2354,0,142,2919
1753067205669030919,0,21,2315,2931,0,2355,0,142,2919
1753067205671107647,0,21,2315,2931,0,2356,0,142,2920
1753067205673066009,0,21,2316,2932,0,2356,0,142,2921
1753067205675168124,0,21,2317,2933,0,2356,0,142,2921
1753067205677028559,0,21,2318,2933,0,2357,0,142,2922
1753067205679072073,0,21,2318,2934,0,2357,0,142,2923
1753067205681022274,0,21,2319,2934,0,2358,0,142,2923
1753067205682984027,0,21,2319,2935,1,2358,0,142,2923
1753067205684994476,0,21,2319,2935,0,2359,0,142,2924
1753067205687008528,0,21,2320,2936,0,2359,0,142,2924
1753067205689023018,0,21,2320,2936,0,2360,0,142,2925
1753067205690982332,0,21,2321,2936,0,2360,0,142,2925
1753067205692985697,0,21,2321,2937,0,2360,0,142,2926
1753067205695040848,0,21,2322,2937,0,2361,0,142,2926
1753067205697006899,0,21,2322,2938,0,2361,0,142,2927
1753067205698976713,0,21,2322,2939,0,2362,0,142,2928
1753067205701003023,0,21,2322,2940,0,2362,0,142,2928
1753067205702985558,0,21,2323,2941,0,2362,0,142,2929
1753067205704964213,0,21,2323,2941,0,2363,0,142,2929
1753067205706950973,0,21,2323,2942,0,2364,0,142,2930
1753067205708960245,0,21,2324,2942,0,2364,0,142,2931
1753067205711002491,0,21,2324,2943,1,2365,0,142,2931
1753067205712993620,0,21,2324,2944,0,2365,0,142,2932
1753067205714968554,0,21,2324,2945,0,2366,0,142,2932
1753067205716996687,0,21,2325,2945,0,2366,0,142,2933
1753067205719014564,0,21,2325,2946,0,2367,0,142,2933
1753067205720955878,0,21,2325,2947,0,2367,0,142,2934
1753067205722970211,0,21,2326,2947,0,2367,0,142,2934
1753067205724901040,0,21,2326,2948,0,2368,0,142,2935
1753067205726990219,0,21,2327,2948,0,2369,0,142,2936
1753067205728970473,0,21,2328,2949,0,2369,0,142,2936
1753067205730952256,0,21,2328,2950,0,2370,0,142,2936
1753067205732923695,0,21,2329,2950,1,2370,0,142,2937
1753067205734901197,0,21,2330,2951,0,2371,0,142,2938
1753067205736921963,0,21,2330,2952,0,2371,0,142,2938
1753067205738938469,0,21,2331,2953,0,2372,0,142,2939
1753067205740961003,0,21,2332,2953,0,2373,0,142,2939
1753067205742975024,0,21,2332,2954,0,2373,0,142,2940
1753067205744947116,0,21,2333,2955,0,2374,0,142,2941
1753067205746996282,0,21,2334,2955,0,2374,0,142,2941
1753067205748940317,0,21,2335,2956,0,2375,0,142,2942
1753067205750951691,0,21,2336,2957,0,2375,0,142,2942
1753067205752901441,0,21,2337,2958,0,2376,0,142,2943
1753067205754880001,0,21,2338,2958,0,2376,0,142,2944
1753067205756862022,0,21,2339,2958,0,2376,0,142,2944
1753067205758869574,0,21,2340,2959,0,2377,0,142,2945
1753067205760937740,0,21,2341,2960,0,2378,0,142,2946
1753067205762896118,0,21,2342,2961,0,2378,0,142,2946
1753067205764944898,0,21,2343,2962,0,2379,0,142,2947
1753067205766957427,0,21,2344,2962,0,2379,0,142,2948
1753067205768956014,0,21,2345,2963,1,2380,0,142,2948
1753067205770902501,0,21,2346,2964,0,2380,0,142,2949
1753067205772921846,0,21,2347,2964,0,2381,0,141,2949
1753067205774893259,0,21,2348,2965,0,2381,0,142,2950
1753067205776828695,0,21,2349,2965,0,2381,0,142,2951
1753067205778819590,0,21,2351,2966,0,2382,0,142,2951
1753067205780875180,0,21,2353,2967,0,2382,0,142,2952
1753067205782834837,0,21,2353,2968,0,2383,0,142,2953
1753067205784835774,0,21,2355,2968,0,2383,0,142,2953
1753067205786834633,0,21,2356,2969,0,2384,0,142,2954
1753067205788821068,0,21,2357,2969,0,2384,0,142,2954
1753067205790891988,0,21,2358,2970,0,2385,0,142,2955
1753067205792876911,0,21,2359,2971,0,2385,0,142,2955
1753067205794917918,0,21,2360,2972,0,2385,0,142,2955
1753067205796808830,0,21,2361,2972,0,2386,0,142,2956
1753067205798820953,0,21,2362,2973,0,2386,0,142,2956
1753067205800791893,0,21,2363,2974,0,2386,0,142,2957
1753067205802881106,0,21,2363,2975,0,2386,0,142,2958
1753067205804829205,0,21,2364,2975,0,2387,0,142,2958
1753067205806841982,0,21,2364,2976,0,2387,0,142,2959
1753067205808814066,0,21,2365,2977,0,2387,0,142,2960
1753067205810806735,0,21,2365,2978,0,2387,0,142,2960
1753067205812752969,0,21,2366,2979,0,2388,0,142,2961
1753067205814778985,0,21,2366,2979,1,2388,0,142,2961
1753067205816743029,0,21,2367,2979,0,2388,0,142,2962
1753067205818759484,0,21,2367,2980,0,2388,0,142,2963
1753067205820859299,0,21,2367,2980,0,2389,0,142,2963
1753067205822812726,0,21,2367,2981,0,2389,0,142,2964
1753067205824856796,0,21,2368,2982,0,2390,0,142,2965
1753067205826861094,0,21,2368,2982,1,2390,0,142,2966
1753067205828816048,0,21,2368,2983,0,2391,0,142,2967
1753067205830798334,0,21,2369,2984,0,2391,0,142,2967
1753067205832776334,0,21,2369,2985,0,2392,0,142,2968
1753067205834776788,0,21,2369,2985,0,2392,0,142,2968
1753067205836803452,0,21,2369,2986,0,2393,0,142,2969
1753067205838886554,0,21,2369,2987,0,2393,0,142,2970
1753067205840761974,0,21,2369,2988,0,2394,0,142,2971
1753067205842779763,0,21,2369,2988,0,2394,0,142,2971
1753067205844745227,0,21,2369,2989,0,2395,0,142,2972
1753067205846807551,0,21,2369,2990,0,2395,0,142,2973
1753067205848777071,0,21,2370,2991,0,2396,0,142,2974
1753067205850778132,0,21,2370,2991,0,2396,0,142,2974
1753067205852758827,0,21,2370,2992,0,2397,0,142,2975
1753067205854713798,0,21,2370,2993,0,2398,0,142,2976
1753067205856727072,0,21,2370,2994,0,2398,0,142,2977
1753067205858700260,0,21,2370,2994,0,2399,0,142,2977
1753067205860697610,0,21,2371,2995,0,2399,0,142,2978
1753067205862737859,0,21,2371,2995,0,2400,0,142,2979
1753067205864722653,0,21,2371,2996,0,2401,0,142,2980
1753067205866697722,0,21,2371,2997,0,2402,0,142,2981
1753067205868702598,0,21,2372,2997,0,2402,0,142,2982
1753067205870723716,0,21,2372,2998,0,2403,0,142,2982
1753067205872753068,0,21,2372,2999,0,2404,0,142,2983
1753067205874812432,0,21,2373,3000,0,2404,0,142,2984
1753067205876722735,0,21,2373,3000,0,2405,0,142,2984
1753067205878683248,0,21,2373,3000,0,2406,0,142,2985
1753067205880666800,0,21,2374,3001,0,2406,0,142,2986
1753067205882722605,0,21,2374,3002,0,2407,0,142,2987
1753067205884668667,0,21,2374,3002,1,2408,0,142,2988
1753067205886672066,0,21,2375,3003,0,2408,0,142,2988
1753067205888654752,0,21,2375,3004,0,2409,0,142,2989
1753067205890657284,0,21,2376,3004,0,2409,0,142,2990
1753067205892711074,0,21,2376,3005,0,2410,0,142,2991
1753067205894657204,0,21,2377,3005,0,2411,0,142,2991
1753067205896651377,0,21,2377,3006,0,2411,0,142,2992
1753067205898738196,0,21,2378,3006,0,2412,0,142,2993
1753067205900673385,0,21,2378,3007,0,2413,0,142,2994
1753067205902737107,0,21,2378,3007,0,2414,0,142,2994
1753067205904686838,0,21,2378,3007,0,2414,0,142,2995
1753067205906654445,0,21,2379,3008,0,2415,0,142,2996
1753067205908699697,0,21,2379,3008,0,2415,0,142,2997
1753067205910723827,0,21,2379,3008,0,2416,0,142,2997
1753067205912658584,0,21,2380,3008,0,2417,0,142,2998
1753067205914685753,0,21,2380,3009,0,2418,0,142,2998
1753067205916698169,0,21,2381,3009,0,2418,0,142,2999
1753067205918680761,0,21,2381,3010,0,2418,0,142,3000
1753067205920622128,0,21,2382,3010,0,2419,0,142,3000
1753067205922627824,0,21,2382,3010,0,2419,0,142,3001
1753067205924539287,0,21,2382,3011,0,2420,0,142,3002
1753067205926617930,0,21,2382,3011,0,2421,0,142,3002
1753067205928627168,0,21,2382,3011,0,2421,0,142,3003
1753067205930545620,0,21,2382,3012,0,2422,0,142,3003
1753067205932610122,0,21,2382,3012,1,2422,0,142,3004
1753067205934596433,0,21,2382,3012,0,2423,0,142,3004
1753067205936569066,0,21,2382,3013,0,2423,0,142,3004
1753067205938547267,0,21,2382,3013,0,2424,0,142,3005
1753067205940527780,0,21,2382,3013,0,2424,0,142,3005
1753067205942540645,0,21,2382,3014,0,2425,0,142,3006
1753067205944521549,0,21,2382,3014,0,2425,0,142,3007
1753067205946582362,0,21,2382,3014,0,2426,0,142,3007
1753067205948574194,0,21,2382,3014,0,2426,0,142,3007
1753067205950593361,0,21,2382,3015,0,2427,0,142,3008
1753067205952624251,0,21,2382,3015,0,2427,0,142,3008
1753067205954568108,0,21,2382,3015,0,2428,0,142,3009
1753067205956578496,0,21,2382,3015,1,2428,0,142,3009
1753067205958557610,0,21,2382,3016,0,2428,0,142,3009
1753067205960572981,0,21,2382,3016,0,2429,0,142,3010
1753067205962538105,0,21,2382,3016,0,2430,0,142,3010
1753067205964516723,0,21,2382,3017,0,2430,0,142,3010
1753067205966585096,0,21,2382,3017,0,2431,0,142,3011
1753067205968484160,0,21,2382,3017,0,2431,0,142,3011
1753067205971554721,0,21,2383,3018,0,2432,0,142,3011
1753067205973602314,0,21,2383,3018,0,2432,0,142,3012
1753067205975618157,0,21,2383,3019,0,2433,0,142,3012
1753067205977614811,0,21,2383,3019,0,2433,0,142,3012
1753067205979607333,0,21,2383,3019,0,2434,0,142,3012
1753067205981541812,0,21,2383,3020,0,2434,0,142,3012
1753067205983492885,0,21,2383,3020,0,2435,0,142,3012
1753067205985510705,0,21,2384,3020,0,2435,0,142,3013
1753067205987468571,0,21,2384,3020,0,2436,0,142,3013
1753067205989497597,0,21,2384,3021,0,2436,0,142,3014
1753067205991456489,0,21,2384,3021,0,2436,0,142,3014
1753067205993463999,0,21,2384,3021,0,2437,0,142,3014
1753067205995479554,0,21,2385,3021,0,2438,0,142,3014
1753067205997464946,0,21,2385,3021,0,2438,0,142,3014
1753067205999500715,0,21,2386,3022,0,2438,0,142,3015
1753067206001439514,0,21,2386,3022,0,2438,0,142,3015
1753067206003455875,0,21,2386,3022,0,2438,0,142,3015
1753067206005451503,0,21,2387,3022,0,2439,0,142,3015
1753067206007429276,0,21,2387,3022,0,2439,0,142,3016
1753067206009452321,0,21,2388,3022,0,2440,0,142,3016
1753067206011453022,0,21,2388,3022,0,2440,0,142,3016
1753067206013444997,0,21,2388,3023,0,2440,0,142,3016
1753067206015442624,0,21,2389,3023,1,2441,0,142,3016
1753067206017428023,0,21,2390,3023,0,2441,0,142,3016
1753067206019403480,0,21,2390,3023,0,2441,0,142,3016
1753067206021419345,0,21,2391,3023,0,2442,0,142,3016
1753067206023446998,0,21,2391,3023,0,2442,0,142,3017
1753067206025453214,0,21,2392,3024,0,2442,0,142,3017
1753067206027444735,0,21,2393,3024,0,2443,0,142,3017
1753067206029410320,0,21,2393,3024,0,2443,0,142,3017
1753067206031456960,0,21,2394,3024,0,2443,0,142,3017
1753067206033416737,0,21,2395,3025,0,2444,0,142,3017
1753067206035466863,0,21,2395,3025,0,2444,0,142,3018
1753067206037447228,0,21,2396,3025,1,2444,0,142,3018
1753067206039480181,0,21,2397,3026,0,2445,0,141,3018
1753067206041465321,0,21,2398,3027,0,2445,0,142,3018
1753067206043490109,0,21,2398,3027,0,2445,0,142,3019
1753067206045420976,0,21,2399,3027,0,2445,0,142,3019
1753067206047362249,0,21,2400,3028,0,2445,0,142,3019
1753067206049341847,0,21,2400,3028,0,2445,0,142,3020
1753067206051455186,0,21,2401,3029,1,2446,0,142,3020
1753067206053332817,0,21,2402,3029,0,2446,0,142,3020
1753067206055353678,0,21,2402,3029,0,2446,0,142,3020
1753067206057337753,0,21,2403,3030,0,2446,0,142,3021
1753067206059454556,0,21,2404,3030,0,2446,0,142,3021
1753067206061341747,0,21,2404,3030,0,2446,0,142,3021
1753067206063301756,0,21,2405,3031,0,2446,0,142,3021
1753067206065293384,0,21,2405,3031,0,2446,0,142,3021
1753067206067294570,0,21,2405,3031,0,2446,0,142,3022
1753067206069343157,0,21,2405,3032,0,2446,0,142,3022
1753067206071354411,0,21,2405,3032,1,2446,0,142,3023
1753067206073339492,0,21,2405,3032,0,2446,0,142,3023
1753067206075365724,0,21,2406,3033,0,2446,0,142,3023
1753067206077344134,0,21,2406,3033,0,2447,0,142,3023
1753067206079371442,0,21,2406,3034,0,2447,0,142,3024
1753067206081309607,0,21,2406,3034,1,2447,0,142,3024
1753067206083325531,0,21,2406,3034,0,2447,0,142,3024
1753067206085341844,0,21,2406,3035,0,2447,0,142,3025
1753067206087321952,0,21,2406,3035,0,2448,0,142,3025
1753067206089317106,0,21,2406,3036,0,2448,0,142,3025
1753067206091427434,0,21,2406,3036,0,2449,0,142,3026
1753067206093368518,0,21,2406,3037,0,2449,0,142,3026
1753067206095410881,0,21,2406,3037,0,2449,0,142,3026
1753067206097405131,0,21,2406,3038,0,2450,0,142,3026
1753067206099379046,0,21,2406,3038,0,2450,0,142,3027
1753067206101342108,0,21,2406,3039,0,2450,0,142,3027
1753067206103367077,0,21,2406,3040,0,2451,0,142,3028
1753067206105428384,0,21,2406,3040,0,2451,0,142,3028
1753067206107436618,0,21,2406,3041,0,2451,0,142,3028
1753067206109305488,0,21,2406,3041,1,2451,0,142,3029
1753067206111326438,0,21,2406,3042,0,2452,0,142,3029
1753067206113274806,0,21,2406,3042,0,2452,0,142,3029
1753067206115353236,0,21,2406,3043,0,2452,0,142,3030
1753067206117336899,0,21,2406,3043,1,2453,0,142,3030
1753067206119375636,0,21,2406,3044,0,2453,0,142,3030
1753067206121356892,0,21,2407,3044,0,2453,0,142,3031
1753067206123358855,0,21,2407,3044,0,2454,0,142,3031
1753067206125302556,0,21,2407,3045,1,2454,0,142,3032
1753067206127326832,0,21,2407,3045,0,2454,0,142,3032
1753067206129338134,0,21,2408,3046,0,2455,0,142,3032
1753067206131334180,0,21,2408,3046,1,2455,0,142,3033
1753067206133249973,0,21,2409,3047,1,2456,0,142,3033
1753067206135292013,0,21,2409,3048,0,2456,0,142,3034
1753067206137276976,0,21,2410,3048,0,2456,0,142,3034
1753067206139282891,0,21,2410,3048,0,2456,0,142,3035
1753067206141278101,0,21,2411,3049,0,2457,0,142,3035
1753067206143321706,0,21,2411,3050,0,2457,0,141,3036
1753067206145231504,0,21,2412,3050,0,2457,0,142,3036
1753067206147278367,0,21,2412,3050,0,2457,0,142,3037
1753067206149257410,0,21,2413,3051,0,2458,0,142,3037
1753067206151274312,0,21,2413,3051,0,2458,0,142,3038
1753067206153208507,0,21,2414,3051,0,2459,0,142,3038
1753067206155197536,0,21,2415,3052,0,2459,0,142,3039
1753067206157151337,0,21,2415,3052,1,2459,0,142,3039
1753067206159150403,0,21,2416,3052,0,2460,0,142,3040
1753067206161166419,0,21,2417,3053,1,2460,0,142,3040
1753067206163270250,0,21,2417,3053,1,2461,0,142,3041
1753067206165306983,0,21,2418,3054,0,2461,0,142,3041
1753067206167302506,0,21,2418,3054,0,2462,0,142,3042
1753067206169220626,0,21,2418,3054,0,2462,0,142,3042
1753067206171186146,0,21,2419,3054,0,2463,0,142,3042
1753067206173134772,0,21,2419,3055,0,2463,0,142,3043
1753067206175154550,0,21,2419,3055,0,2463,0,142,3043
1753067206177122045,0,21,2419,3055,0,2464,0,142,3044
1753067206179216817,0,21,2419,3055,0,2464,0,142,3045
1753067206181182148,0,21,2419,3056,0,2465,0,142,3045
1753067206183179462,0,21,2420,3056,0,2465,0,142,3046
1753067206185189381,0,21,2419,3056,0,2465,0,141,3046
1753067206187133203,0,21,2419,3056,0,2466,0,142,3046
1753067206189188145,0,21,2420,3056,1,2466,0,142,3047
1753067206191323237,0,21,2419,3056,0,2466,0,142,3047
1753067206193100127,0,21,2419,3056,0,2466,0,142,3048
1753067206195256724,0,21,2419,3057,0,2466,0,141,3048
1753067206197070246,0,21,2420,3057,0,2466,0,142,3049
1753067206199096760,0,21,2420,3057,0,2467,0,142,3049
1753067206201078099,0,21,2419,3057,0,2467,0,141,3050
1753067206203061793,0,21,2420,3057,0,2467,0,142,3050
1753067206205106237,0,21,2419,3057,0,2467,0,142,3051
1753067206207164251,0,21,2420,3057,0,2468,0,142,3051
1753067206209130614,0,21,2420,3057,0,2468,0,142,3051
1753067206211229224,0,21,2419,3057,0,2468,0,142,3052
1753067206213171045,0,21,2420,3057,0,2468,0,142,3052
1753067206215158528,0,21,2419,3057,1,2469,0,142,3052
1753067206217051219,0,21,2420,3057,0,2469,0,142,3052
1753067206219151873,0,21,2420,3057,0,2470,0,142,3053
1753067206221026961,0,21,2419,3057,0,2470,0,142,3053
1753067206223014951,0,21,2420,3058,0,2470,0,142,3053
1753067206225041786,0,21,2419,3058,0,2471,0,142,3053
1753067206226982211,0,21,2419,3058,0,2471,0,142,3053
1753067206228982646,0,21,2420,3058,0,2472,0,142,3054
1753067206231039939,0,21,2419,3058,0,2472,0,142,3054
1753067206232985384,0,21,2420,3058,0,2473,0,142,3054
1753067206234984653,0,21,2419,3059,0,2473,0,142,3054
1753067206237029246,0,21,2420,3059,0,2473,0,142,3054
1753067206239002746,0,21,2419,3059,0,2473,0,142,3054
1753067206240983372,0,21,2419,3059,0,2474,0,142,3054
1753067206243054387,0,21,2419,3060,0,2474,0,142,3054
1753067206244978567,0,21,2420,3060,0,2475,0,142,3054
1753067206247011880,0,21,2420,3060,0,2475,0,142,3054
1753067206248963224,0,21,2420,3061,0,2476,0,142,3054
1753067206250972013,0,21,2420,3061,0,2476,0,142,3054
1753067206252933537,0,21,2419,3062,0,2476,0,142,3055
1753067206254970575,0,21,2420,3062,0,2477,0,142,3054
1753067206257008969,0,21,2419,3063,0,2477,0,142,3055
1753067206259035303,0,21,2420,3063,0,2477,0,142,3055
1753067206260999179,0,21,2420,3063,0,2477,0,142,3055
1753067206263104661,0,21,2420,3064,0,2477,0,142,3055
1753067206265036612,0,21,2420,3064,0,2477,0,142,3056
1753067206267043981,0,21,2420,3064,0,2477,0,142,3056
1753067206269122204,0,21,2420,3064,0,2477,0,142,3056
1753067206270977045,0,21,2420,3064,0,2477,0,142,3056
1753067206272986939,0,21,2420,3064,0,2477,0,141,3056
1753067206274941867,0,21,2420,3064,0,2477,0,142,3056
1753067206277016053,0,21,2420,3064,0,2478,0,142,3057
1753067206278935616,0,21,2420,3064,0,2478,0,142,3057
1753067206280929950,0,21,2420,3064,0,2478,0,142,3057
1753067206283067095,0,21,2420,3064,0,2478,0,142,3057
1753067206284991757,0,21,2420,3066,1,2478,0,142,3057
1753067206287026988,0,21,2420,3064,0,2479,0,142,3057
1753067206288972141,0,21,2420,3064,0,2479,0,142,3057
1753067206290938787,0,21,2420,3066,0,2479,0,142,3057
1753067206292895338,0,21,2421,3066,0,2479,0,142,3058
1753067206294933448,0,21,2421,3066,0,2479,0,142,3058
1753067206296882070,0,21,2421,3066,0,2480,0,142,3058
1753067206298936164,0,21,2421,3066,0,2480,0,142,3058
1753067206300882604,0,21,2421,3066,0,2480,0,142,3058
1753067206302907524,0,21,2421,3066,0,2480,0,142,3059
1753067206304922183,0,21,2421,3066,1,2481,0,142,3058
1753067206306919091,0,21,2421,3066,0,2481,0,142,3059
1753067206308939962,0,21,2421,3066,0,2481,0,142,3059
1753067206310877983,0,21,2421,3066,0,2481,0,142,3059
1753067206312885499,0,21,2421,3066,1,2481,0,142,3059
1753067206314892046,0,21,2421,3066,0,2481,0,142,3059
1753067206316858067,0,21,2422,3067,0,2481,0,142,3059
1753067206318904888,0,21,2422,3067,1,2481,0,142,3059
1753067206320918675,0,21,2422,3067,0,2481,0,142,3059
1753067206323031937,0,21,2423,3067,0,2481,0,142,3059
1753067206324987739,0,21,2423,3068,0,2481,0,142,3059
1753067206326905704,0,21,2424,3068,0,2481,0,142,3059
1753067206328833810,0,21,2425,3068,0,2481,0,141,3059
1753067206330861985,0,21,2425,3068,0,2482,0,142,3059
1753067206332954035,0,21,2426,3068,0,2482,0,142,3059
1753067206334959260,0,21,2426,3069,0,2482,0,142,3059
1753067206336870977,0,21,2427,3069,0,2482,0,142,3059
1753067206338875231,0,21,2427,3069,0,2482,0,142,3059
1753067206340932183,0,21,2428,3070,1,2483,0,142,3059
1753067206342829758,0,21,2429,3070,1,2483,0,142,3059
1753067206344853126,0,21,2430,3070,0,2483,0,142,3059
1753067206346827192,0,21,2431,3070,0,2483,0,142,3059
1753067206348834559,0,21,2431,3071,0,2483,0,142,3060
1753067206350834224,0,21,2432,3071,0,2483,0,142,3060
1753067206352827657,0,21,2433,3071,0,2484,0,142,3060
1753067206354898197,0,21,2433,3071,0,2484,0,142,3061
1753067206356908067,0,21,2434,3072,0,2484,0,142,3061
1753067206358856270,0,21,2434,3072,0,2484,0,142,3062
1753067206360867164,0,21,2434,3072,0,2484,0,142,3062
1753067206362832662,0,21,2435,3072,0,2484,0,142,3062
1753067206364825875,0,21,2435,3073,0,2484,0,142,3062
1753067206366848440,0,21,2436,3073,0,2484,0,142,3062
1753067206368863271,0,21,2436,3074,0,2484,0,142,3063
1753067206370878379,0,21,2436,3074,0,2484,0,142,3063
1753067206372861272,0,21,2436,3074,0,2484,0,142,3063
1753067206374863736,0,21,2437,3075,0,2484,0,142,3064
1753067206376892595,0,21,2437,3075,0,2484,0,142,3064
1753067206378922306,0,21,2437,3076,0,2484,0,142,3064
1753067206380876411,0,21,2437,3076,0,2484,0,142,3064
1753067206382856134,0,21,2437,3077,0,2484,0,142,3065
1753067206384871164,0,21,2437,3077,0,2484,0,142,3065
1753067206386888111,0,21,2437,3078,0,2484,0,142,3066
1753067206388836565,0,21,2437,3078,0,2483,0,142,3066
1753067206390788927,0,21,2437,3078,0,2483,0,142,3066
1753067206392794926,0,21,2437,3079,0,2483,0,142,3067
1753067206394808561,0,21,2437,3079,0,2483,0,142,3067
1753067206396815585,0,21,2437,3080,0,2483,0,142,3067
1753067206398839893,0,21,2437,3081,0,2483,0,142,3068
1753067206400783363,0,21,2437,3081,0,2483,0,142,3068
1753067206402743597,0,21,2438,3082,0,2483,0,142,3068
1753067206404823077,0,21,2438,3082,0,2484,0,142,3068
1753067206406832201,0,21,2438,3083,0,2484,0,142,3068
1753067206408819241,0,21,2438,3083,0,2484,0,142,3069
1753067206410868794,0,21,2439,3084,0,2484,0,142,3069
1753067206412780119,0,21,2439,3084,0,2484,0,142,3069
1753067206414751424,0,21,2439,3085,0,2485,0,142,3070
1753067206416748697,0,21,2439,3085,0,2485,0,142,3070
1753067206418727415,0,21,2440,3086,0,2485,0,142,3070
1753067206420747164,0,21,2440,3086,0,2485,0,142,3071
1753067206422777425,0,21,2440,3087,0,2486,0,142,3071
1753067206424792568,0,21,2440,3087,0,2486,0,142,3072
1753067206426714494,0,21,2441,3087,0,2486,0,142,3072
1753067206428661779,0,21,2441,3088,0,2486,0,142,3073
1753067206430709624,0,21,2441,3089,0,2487,0,142,3073
1753067206432695555,0,21,2442,3089,0,2487,0,142,3074
1753067206434713215,0,21,2442,3090,0,2487,0,142,3074
1753067206436747307,0,21,2442,3090,0,2488,0,142,3075
1753067206438713603,0,21,2443,3090,0,2488,0,142,3075
1753067206440761084,0,21,2444,3091,0,2488,0,142,3075
1753067206442705453,0,21,2444,3092,0,2489,0,142,3076
1753067206444721260,0,21,2445,3092,0,2489,0,142,3077
1753067206446734063,0,21,2445,3093,0,2490,0,142,3078
1753067206448730001,0,21,2446,3094,0,2490,0,142,3078
1753067206450718674,0,21,2446,3094,0,2490,0,142,3079
1753067206452658158,0,21,2447,3095,0,2490,0,142,3079
1753067206454643897,0,21,2447,3095,0,2491,0,142,3080
1753067206456664353,0,21,2448,3096,0,2491,0,142,3081
1753067206458594792,0,21,2448,3096,0,2491,0,142,3082
1753067206460593151,0,21,2449,3098,0,2492,0,142,3082
1753067206462543300,0,21,2450,3099,0,2492,0,142,3082
1753067206464636285,0,21,2450,3099,0,2493,0,142,3083
1753067206466611725,0,21,2451,3100,1,2493,0,142,3084
1753067206468740118,0,21,2451,3100,0,2493,0,142,3084
1753067206470675104,0,21,2451,3100,0,2494,0,142,3085
1753067206472631964,0,21,2451,3101,0,2494,0,142,3085
1753067206474584963,0,21,2451,3101,0,2495,0,142,3087
1753067206476541531,0,21,2452,3102,0,2495,0,142,3087
1753067206478671126,0,21,2452,3102,0,2495,0,142,3088
1753067206480611405,0,21,2452,3102,0,2496,0,142,3088
1753067206482551876,0,21,2452,3102,0,2496,0,142,3089
1753067206484579717,0,21,2452,3103,0,2497,0,142,3090
1753067206486607375,0,21,2452,3103,0,2497,0,142,3090
1753067206488540893,0,21,2452,3103,0,2497,0,142,3091
1753067206490652244,0,21,2452,3103,0,2498,0,142,3092
1753067206492649782,0,21,2452,3103,0,2498,0,142,3092
1753067206494661794,0,21,2452,3104,0,2499,0,142,3093
1753067206496575732,0,21,2452,3104,0,2500,0,142,3094
1753067206498653155,0,21,2452,3104,0,2500,0,142,3094
1753067206500575621,0,21,2452,3104,0,2501,0,142,3095
1753067206502596376,0,21,2452,3105,0,2501,0,142,3095
1753067206504637146,0,21,2452,3105,0,2502,0,142,3096
1753067206506548892,0,21,2452,3105,0,2502,0,142,3097
1753067206508484816,0,21,2452,3105,0,2502,0,142,3097
1753067206510524688,0,21,2452,3105,0,2503,0,142,3098
1753067206512496217,0,21,2452,3105,1,2503,0,142,3099
1753067206514465162,0,21,2452,3105,0,2504,0,142,3099
1753067206516486295,0,21,2452,3106,0,2504,0,142,3100
1753067206518453000,0,21,2452,3106,0,2505,0,142,3100
1753067206520466740,0,21,2452,3106,0,2506,0,142,3101
1753067206522617061,0,21,2452,3106,0,2506,0,142,3101
1753067206524537871,0,21,2452,3106,0,2506,0,142,3101
1753067206526636271,0,21,2452,3106,0,2507,0,142,3102
1753067206528635556,0,21,2452,3106,0,2508,0,142,3102
1753067206530673527,0,21,2452,3106,0,2508,0,142,3103
1753067206532438264,0,21,2452,3106,0,2509,0,142,3103
1753067206534470805,0,21,2452,3107,0,2509,0,142,3103
1753067206536456066,0,21,2452,3107,0,2509,0,142,3104
1753067206538506786,0,21,2452,3107,0,2510,0,142,3104
1753067206540468201,0,21,2452,3107,0,2510,0,142,3104
1753067206542422298,0,21,2452,3107,0,2511,0,142,3105
1753067206544444072,0,21,2452,3107,0,2511,0,142,3105
1753067206546443511,0,21,2452,3107,0,2512,0,142,3105
1753067206548381786,0,21,2452,3108,0,2512,0,142,3106
1753067206550395302,0,21,2452,3108,0,2512,0,142,3106
1753067206552414845,0,21,2452,3108,0,2513,0,142,3106
1753067206554415426,0,21,2452,3108,1,2513,0,143,3106
1753067206556414094,0,21,2452,3108,1,2514,0,143,3106
1753067206558392817,0,21,2452,3108,0,2514,0,143,3106
1753067206560311162,0,21,2452,3108,0,2515,0,143,3107
1753067206562365543,0,21,2452,3109,0,2515,0,142,3107
1753067206565371402,0,21,2452,3109,0,2515,0,143,3107
1753067206568383706,0,21,2452,3109,0,2516,0,143,3107
1753067206570379686,0,21,2452,3109,0,2516,0,143,3108
1753067206572349667,0,21,2452,3109,0,2517,0,143,3108
1753067206574369325,0,21,2452,3109,0,2517,0,143,3108
1753067206576422147,0,21,2452,3109,0,2517,0,143,3108
1753067206578371006,0,21,2452,3109,0,2518,0,143,3109
1753067206580315336,0,21,2452,3109,0,2518,0,144,3109
1753067206582327616,0,21,2452,3109,0,2519,0,144,3109
1753067206584292389,0,21,2452,3109,0,2519,0,144,3109
1753067206586327388,0,21,2452,3110,0,2519,0,144,3109
1753067206588349238,0,21,2452,3110,0,2520,0,144,3109
1753067206590409138,0,21,2453,3110,0,2520,0,144,3109
1753067206592370983,0,21,2453,3110,0,2521,0,144,3109
1753067206594396201,0,21,2453,3111,0,2521,0,144,3109
1753067206596424069,0,21,2454,3111,0,2521,0,144,3109
1753067206598426034,0,21,2454,3112,0,2522,0,145,3109
1753067206600365636,0,21,2454,3112,0,2522,0,145,3109
1753067206602330486,0,21,2455,3113,0,2522,0,144,3109
1753067206604363839,0,21,2455,3113,0,2522,0,145,3109
1753067206606371048,0,21,2456,3114,0,2522,0,145,3109
1753067206608395676,0,21,2456,3114,0,2523,0,145,3109
1753067206610383469,0,21,2457,3114,0,2523,0,145,3109
1753067206612276593,0,21,2458,3114,0,2523,0,145,3109
1753067206614335241,0,21,2459,3115,0,2523,0,145,3109
1753067206616316942,0,21,2459,3115,0,2524,0,145,3109
1753067206618297335,0,21,2460,3115,0,2524,0,145,3109
1753067206620366965,0,21,2460,3115,0,2524,0,146,3109
1753067206622346691,0,21,2461,3115,0,2525,0,146,3109
1753067206624330521,0,21,2461,3115,0,2525,0,146,3109
1753067206626393765,0,21,2461,3115,0,2526,0,146,3109
1753067206628408569,0,21,2462,3115,0,2526,0,146,3109
1753067206630356978,0,21,2462,3115,0,2526,0,146,3109
1753067206632414205,0,21,2462,3115,0,2526,0,146,3109
1753067206634394954,0,21,2462,3115,0,2527,0,146,3109
1753067206636395512,0,21,2462,3115,0,2527,0,146,3109
1753067206638431316,0,21,2463,3115,0,2527,0,146,3109
1753067206640431713,0,21,2463,3115,0,2527,0,146,3109
1753067206642410829,0,21,2463,3115,0,2527,0,146,3109
1753067206644346043,0,21,2463,3115,0,2527,0,146,3109
1753067206646363070,0,21,2463,3115,0,2528,0,146,3109
1753067206648393012,0,21,2463,3115,0,2528,0,146,3109
1753067206650360821,0,21,2463,3115,0,2528,0,146,3110
1753067206652373690,0,21,2463,3115,0,2528,0,146,3110
1753067206654401013,0,21,2463,3115,0,2528,0,146,3110
1753067206656374114,0,21,2463,3115,0,2528,0,146,3110
1753067206658468633,0,21,2463,3116,0,2529,0,146,3110
1753067206660370888,0,21,2464,3116,0,2529,0,146,3110
1753067206662388952,0,21,2464,3116,0,2529,0,146,3110
1753067206664322512,0,21,2464,3117,0,2529,0,146,3111
1753067206666343615,0,21,2464,3117,0,2529,0,146,3111
1753067206668360628,0,21,2465,3117,0,2529,0,146,3111
1753067206670296506,0,21,2465,3118,0,2529,0,146,3111
1753067206672319005,0,21,2466,3118,0,2529,0,146,3111
1753067206674240296,0,21,2466,3119,0,2529,0,146,3111
1753067206676291073,0,21,2466,3119,0,2529,0,146,3111
1753067206678275763,0,21,2467,3119,0,2529,0,146,3111
1753067206680262353,0,21,2467,3120,0,2529,0,146,3111
1753067206682345028,0,21,2468,3121,0,2529,0,146,3111
1753067206684259067,0,21,2469,3121,1,2529,0,146,3111
1753067206686167202,0,21,2469,3121,0,2529,0,146,3111
1753067206688263898,0,21,2469,3122,0,2529,0,146,3111
1753067206690287539,0,21,2470,3122,0,2529,0,146,3111
1753067206692179351,0,21,2470,3123,0,2529,0,146,3111
1753067206694269353,0,21,2471,3123,0,2529,0,146,3111
1753067206696222308,0,21,2472,3124,0,2529,0,146,3111
1753067206698263171,0,21,2473,3124,0,2529,0,146,3112
1753067206700275808,0,21,2473,3125,0,2529,0,146,3112
1753067206702285808,0,21,2474,3125,0,2529,0,146,3112
1753067206704306289,0,21,2475,3125,0,2529,0,146,3112
1753067206706301079,0,21,2475,3126,0,2529,0,146,3112
1753067206708325347,0,21,2476,3126,0,2529,0,146,3113
1753067206710340030,0,21,2476,3127,1,2529,0,146,3113
1753067206712310589,0,21,2477,3127,0,2529,0,146,3114
1753067206714275391,0,21,2478,3127,0,2529,0,146,3114
1753067206716217217,0,21,2478,3128,0,2529,0,146,3114
1753067206718172559,0,21,2479,3128,0,2529,0,146,3115
1753067206720232502,0,21,2480,3129,0,2529,0,146,3115
1753067206722180145,0,21,2480,3129,0,2529,0,146,3116
1753067206724182010,0,21,2481,3129,0,2529,0,146,3116
1753067206726149699,0,21,2482,3130,0,2529,0,146,3116
1753067206728164475,0,21,2482,3130,0,2529,0,146,3117
1753067206730143284,0,21,2483,3130,1,2529,0,146,3117
1753067206732182298,0,21,2483,3131,0,2530,0,146,3118
1753067206734177981,0,21,2484,3131,0,2530,0,146,3118
1753067206736141118,0,21,2484,3132,0,2530,0,146,3119
1753067206738182568,0,21,2484,3132,1,2530,0,146,3119
1753067206740158505,0,21,2485,3132,0,2530,0,146,3120
1753067206742146086,0,21,2485,3133,0,2530,0,146,3121
1753067206744164354,0,21,2486,3133,0,2530,0,146,3121
1753067206746056448,0,21,2486,3134,0,2530,0,146,3122
1753067206748033930,0,21,2486,3134,0,2530,0,146,3122
1753067206750073215,0,21,2486,3135,0,2530,0,146,3123
1753067206752145117,0,21,2486,3135,0,2530,0,146,3123
1753067206754070897,0,21,2486,3136,1,2530,0,146,3124
1753067206756067984,0,21,2486,3136,0,2530,0,146,3124
1753067206758130310,0,21,2486,3136,0,2530,0,146,3125
1753067206760190415,0,21,2486,3137,1,2530,0,146,3125
1753067206762104796,0,21,2486,3137,0,2530,0,146,3126
1753067206764114650,0,21,2486,3138,0,2530,0,146,3126
1753067206766109037,0,21,2486,3138,0,2530,0,146,3127
1753067206768229652,0,21,2486,3139,0,2531,0,146,3127
1753067206770136368,0,21,2486,3139,0,2531,0,146,3128
1753067206771969858,0,21,2486,3140,0,2531,0,146,3129
1753067206774052127,0,21,2486,3140,0,2531,0,146,3129
1753067206775999000,0,21,2486,3141,0,2532,0,146,3130
1753067206778006911,0,21,2486,3141,0,2532,0,146,3130
1753067206779991509,0,21,2486,3142,0,2532,0,146,3130
1753067206782041927,0,21,2486,3142,0,2532,0,146,3131
1753067206784043719,0,21,2486,3143,0,2533,0,146,3131
1753067206786112567,0,21,2486,3143,0,2533,0,146,3132
1753067206788090387,0,21,2486,3144,0,2534,0,146,3132
1753067206790033960,0,21,2486,3144,0,2534,0,146,3133
1753067206792000387,0,21,2486,3144,0,2535,0,146,3133
1753067206793970078,0,21,2486,3145,0,2535,0,146,3134
1753067206795958104,0,21,2486,3146,0,2535,0,146,3135
1753067206798027872,0,21,2486,3146,0,2536,0,146,3135
1753067206800008348,0,21,2486,3147,0,2536,0,146,3136
1753067206802061816,0,21,2486,3147,0,2536,0,146,3136
1753067206803982335,0,21,2486,3148,1,2537,0,146,3137
1753067206806046224,0,21,2486,3148,1,2537,0,146,3137
1753067206808026817,0,21,2486,3148,0,2538,0,146,3138
1753067206810005885,0,21,2486,3149,0,2538,0,146,3138
1753067206812005220,0,21,2486,3149,1,2538,0,146,3138
1753067206813960639,0,21,2486,3150,0,2539,0,146,3139
1753067206815936235,0,21,2486,3150,0,2539,0,146,3139
1753067206817946047,0,21,2486,3150,0,2539,0,146,3140
1753067206819921294,0,21,2486,3150,0,2540,0,146,3140
1753067206821876739,0,21,2486,3151,0,2540,0,146,3141
1753067206823982325,0,21,2486,3151,0,2540,0,146,3141
1753067206825900352,0,21,2486,3151,0,2541,0,146,3142
1753067206827914890,0,21,2486,3152,0,2541,0,146,3142
1753067206829896242,0,21,2486,3152,0,2542,0,146,3143
1753067206831909289,0,21,2486,3152,0,2542,0,146,3143
1753067206833893203,0,21,2486,3153,0,2542,0,146,3144
1753067206835995984,0,21,2486,3153,0,2543,0,146,3144
1753067206837877582,0,21,2486,3153,0,2543,0,146,3144
1753067206839945509,0,21,2486,3153,0,2544,0,146,3144
1753067206841889468,0,21,2486,3153,0,2544,0,146,3145
1753067206843942601,0,21,2486,3153,0,2544,0,146,3145
1753067206845874607,0,21,2486,3153,0,2545,0,146,3146
1753067206847967265,0,21,2486,3153,0,2546,0,146,3146
1753067206849866882,0,21,2486,3153,0,2546,0,146,3146
1753067206851978526,0,21,2487,3154,0,2546,0,146,3147
1753067206853892639,0,21,2486,3154,0,2547,0,146,3147
1753067206855958615,0,21,2486,3154,0,2547,0,146,3148
1753067206857949869,0,21,2486,3154,0,2548,0,146,3148
1753067206860019166,0,21,2486,3154,0,2549,0,146,3148
1753067206861924241,0,21,2486,3154,0,2549,0,146,3149
1753067206863922108,0,21,2486,3154,0,2550,0,146,3149
1753067206865856560,0,21,2486,3154,0,2551,0,146,3149
1753067206867902677,0,21,2486,3154,0,2552,0,146,3150
1753067206869879854,0,21,2486,3155,0,2552,0,146,3150
1753067206871885002,0,21,2486,3155,0,2553,0,146,3150
1753067206873914322,0,21,2486,3155,0,2554,0,146,3151
1753067206875861310,0,21,2486,3155,0,2555,0,146,3151
1753067206877909645,0,21,2487,3155,0,2555,0,146,3151
1753067206879862028,0,21,2487,3155,0,2556,0,146,3151
1753067206881945265,0,21,2487,3155,0,2557,0,146,3152
1753067206883901747,0,21,2487,3155,0,2557,0,146,3152
1753067206885925745,0,21,2487,3155,0,2557,0,146,3152
1753067206887890325,0,21,2487,3156,0,2557,0,146,3152
1753067206889841394,0,21,2488,3156,0,2557,0,146,3152
1753067206891866851,0,21,2488,3156,0,2558,0,146,3153
1753067206893846085,0,21,2488,3156,1,2558,0,146,3153
1753067206895879896,0,21,2488,3156,1,2558,0,146,3153
1753067206897870098,0,21,2488,3156,0,2558,0,146,3153
1753067206899863185,0,21,2488,3156,0,2558,0,146,3153
1753067206901861840,0,21,2488,3156,0,2558,0,146,3153
1753067206903841894,0,21,2488,3156,0,2558,0,146,3153
1753067206905814397,0,21,2489,3156,0,2558,0,146,3153
1753067206907804059,0,21,2489,3156,0,2558,0,146,3154
1753067206909828738,0,21,2489,3156,0,2558,0,146,3153
1753067206911835967,0,21,2490,3156,0,2558,0,146,3153
1753067206913856403,0,21,2490,3156,0,2559,0,146,3153
1753067206915789273,0,21,2491,3156,0,2559,0,146,3153
1753067206917793200,0,21,2491,3156,0,2559,0,146,3153
1753067206919877140,0,21,2492,3156,0,2559,0,146,3153
1753067206921971736,0,21,2492,3156,0,2559,0,146,3153
1753067206923844419,0,21,2493,3156,0,2559,0,146,3153
1753067206925885459,0,21,2493,3156,0,2559,0,146,3153
1753067206927835756,0,21,2493,3156,0,2559,0,146,3154
1753067206929818373,0,21,2494,3156,0,2560,0,146,3153
1753067206931805624,0,21,2494,3156,0,2560,0,146,3153
1753067206933811226,0,21,2494,3156,0,2560,0,146,3153
1753067206935752444,0,21,2494,3156,0,2560,0,146,3153
1753067206937686275,0,21,2494,3156,0,2560,0,146,3154
1753067206939748910,0,21,2494,3156,0,2560,0,146,3154
1753067206941798375,0,21,2494,3156,0,2560,0,146,3153
1753067206943871334,0,21,2494,3156,0,2560,0,146,3153
1753067206945670542,0,21,2495,3156,0,2560,0,146,3153
1753067206947695146,0,21,2495,3156,0,2560,0,146,3153
1753067206949721887,0,21,2495,3156,0,2560,0,146,3153
1753067206951699797,0,21,2495,3156,0,2560,0,146,3154
1753067206953676509,0,21,2495,3157,0,2560,0,146,3154
1753067206955671127,0,21,2495,3157,0,2560,0,146,3153
1753067206957670164,0,21,2495,3157,0,2560,0,146,3154
1753067206959665257,0,21,2495,3157,0,2560,0,146,3154
1753067206961670783,0,21,2495,3157,0,2561,0,146,3153
1753067206963662541,0,21,2495,3157,0,2560,0,146,3153
1753067206965691213,0,21,2495,3157,0,2561,0,146,3154
1753067206967677600,0,21,2495,3158,0,2561,0,146,3153
1753067206969712036,0,21,2495,3158,0,2561,0,146,3153
1753067206971689751,0,21,2495,3158,0,2561,0,146,3153
1753067206973735476,0,21,2495,3159,0,2560,0,146,3153
1753067206975699298,0,21,2496,3159,0,2560,0,146,3153
1753067206977628344,0,21,2496,3160,0,2560,0,146,3153
1753067206979683653,0,21,2496,3160,0,2561,0,146,3153
1753067206981629010,0,21,2496,3161,0,2561,0,146,3153
1753067206983675112,0,21,2497,3161,0,2561,0,146,3153
1753067206985632276,0,21,2497,3162,0,2561,0,146,3153
1753067206987674758,0,21,2498,3162,0,2561,0,146,3153
1753067206989662947,0,21,2499,3162,0,2561,0,146,3153
1753067206991652859,0,21,2499,3163,0,2560,0,146,3154
1753067206993631989,0,21,2500,3163,0,2560,0,146,3153
1753067206995644864,0,21,2500,3164,0,2560,0,146,3153
1753067206997674318,0,21,2501,3164,0,2560,0,146,3153
1753067206999631414,0,21,2502,3165,0,2560,0,146,3153
1753067207001614973,0,21,2502,3165,0,2561,0,146,3154
1753067207003693961,0,21,2504,3166,0,2561,0,146,3153
1753067207005604945,0,21,2504,3166,0,2561,0,146,3154
1753067207007665529,0,21,2505,3166,0,2561,0,146,3154
1753067207009760825,0,21,2505,3167,0,2561,0,146,3154
1753067207011653072,0,21,2506,3167,0,2561,0,146,3154
1753067207013546356,0,21,2507,3168,0,2561,0,146,3154
1753067207015571859,0,21,2507,3168,0,2561,0,146,3154
1753067207017551939,0,21,2508,3169,0,2561,0,146,3154
1753067207019644256,0,21,2508,3169,0,2561,0,146,3155
1753067207021631576,0,21,2508,3170,0,2560,0,146,3155
1753067207023622230,0,21,2509,3170,0,2560,0,146,3156
1753067207025497422,0,21,2509,3171,0,2560,0,146,3156
1753067207027588384,0,21,2509,3171,0,2560,0,146,3157
1753067207029549207,0,21,2510,3171,0,2560,0,146,3157
1753067207031534025,0,21,2510,3172,0,2560,0,146,3158
1753067207033574828,0,21,2510,3172,0,2560,0,146,3158
1753067207035549374,0,21,2510,3172,0,2560,0,146,3158
1753067207037611192,0,21,2511,3173,0,2560,0,146,3159
1753067207039555456,0,21,2511,3173,0,2560,0,146,3159
1753067207041653385,0,21,2511,3173,0,2560,0,146,3160
1753067207043507876,0,21,2511,3174,0,2560,0,146,3160
1753067207045507142,0,21,2511,3174,0,2560,0,146,3161
1753067207047579846,0,21,2512,3175,0,2561,0,146,3161
1753067207049515758,0,21,2512,3175,0,2561,0,146,3162
1753067207051598806,0,21,2512,3175,0,2561,0,146,3163
1753067207053557603,0,21,2512,3176,0,2561,0,146,3163
1753067207055539754,0,21,2512,3176,0,2561,0,146,3164
1753067207057538751,0,21,2512,3176,0,2561,0,146,3164
1753067207059553547,0,21,2512,3177,0,2561,0,146,3165
1753067207061508827,0,21,2512,3177,0,2561,0,146,3166
1753067207063505931,0,21,2512,3178,0,2561,0,146,3166
1753067207065480286,0,21,2512,3178,0,2562,0,146,3167
1753067207067494935,0,21,2512,3178,0,2562,0,146,3167
1753067207069544955,0,21,2512,3179,0,2562,0,146,3168
1753067207071518124,0,21,2512,3179,0,2562,0,146,3168
1753067207073472725,0,21,2512,3179,0,2562,0,146,3169
1753067207075468830,0,21,2512,3180,1,2563,0,146,3169
1753067207077478312,0,21,2512,3180,0,2563,0,146,3170
1753067207079503561,0,21,2512,3181,1,2563,0,146,3170
1753067207081527981,0,21,2512,3181,0,2563,0,146,3171
1753067207083545981,0,21,2512,3181,0,2564,0,146,3171
1753067207085502326,0,21,2512,3181,0,2564,0,146,3172
1753067207087447574,0,21,2512,3181,0,2564,0,146,3172
1753067207089471712,0,21,2512,3181,0,2565,0,146,3173
1753067207091473809,0,21,2512,3182,0,2565,0,146,3174
1753067207093466364,0,21,2512,3181,0,2565,0,146,3174
1753067207095495307,0,21,2512,3181,0,2566,0,146,3174
1753067207097499823,0,21,2512,3181,1,2566,0,146,3175
1753067207099429349,0,21,2512,3181,0,2567,0,146,3175
1753067207101423851,0,21,2512,3181,0,2567,0,146,3176
1753067207103434982,0,21,2512,3181,0,2568,0,146,3176
1753067207105469948,0,21,2512,3181,0,2568,0,146,3177
1753067207107498718,0,21,2512,3181,0,2569,0,146,3177
1753067207109486990,0,21,2512,3181,0,2569,0,146,3178
1753067207111502754,0,21,2512,3181,0,2570,0,146,3178
1753067207113466580,0,21,2512,3181,0,2570,0,146,3179
1753067207115455646,0,21,2512,3181,0,2570,0,146,3179
1753067207117483072,0,21,2512,3181,0,2571,0,146,3180
1753067207119550185,0,21,2513,3181,0,2571,0,146,3180
1753067207121457121,0,21,2512,3182,0,2571,0,146,3180
1753067207123478608,0,21,2513,3182,0,2572,0,146,3180
1753067207125485065,0,21,2513,3182,0,2572,0,146,3181
1753067207127394754,0,21,2513,3183,0,2572,0,146,3181
1753067207129467786,0,21,2512,3183,0,2573,0,146,3181
1753067207131391386,0,21,2513,3183,0,2573,0,146,3181
1753067207133392985,0,21,2513,3183,0,2573,0,146,3181
1753067207135407346,0,21,2513,3183,0,2574,0,146,3182
1753067207137397397,0,21,2513,3184,1,2574,0,146,3182
1753067207139442388,0,21,2513,3184,0,2574,0,146,3182
1753067207141421699,0,21,2513,3184,0,2575,0,146,3182
1753067207143455802,0,21,2513,3184,0,2575,0,146,3182
1753067207145451189,0,21,2513,3185,0,2575,0,146,3182
1753067207147388007,0,21,2513,3185,0,2576,0,146,3183
1753067207149408657,0,21,2513,3185,0,2576,0,146,3183
1753067207151369333,0,21,2513,3185,0,2576,0,146,3183
1753067207153384594,0,21,2513,3185,0,2577,0,146,3183
1753067207155339713,0,21,2513,3186,0,2577,0,146,3183
1753067207157363344,0,21,2513,3186,0,2577,0,146,3184
1753067207159372617,0,21,2513,3186,0,2577,0,146,3184
1753067207161371187,0,21,2513,3186,0,2578,0,146,3184
1753067207163343333,0,21,2513,3186,1,2578,0,146,3184
1753067207165332020,0,21,2513,3186,1,2578,0,146,3184
1753067207167382759,0,21,2513,3186,0,2578,0,146,3184
1753067207169376659,0,21,2513,3186,1,2578,0,146,3184
1753067207171344984,0,21,2513,3186,0,2579,0,146,3185
1753067207173364680,0,21,2513,3186,0,2579,0,146,3185
1753067207175375063,0,21,2513,3185,0,2579,0,146,3185
1753067207177389835,0,21,2513,3185,0,2579,0,146,3185
1753067207179392745,0,21,2513,3185,0,2580,0,146,3185
1753067207181365933,0,21,2513,3185,0,2580,0,146,3185
1753067207183314369,0,21,2513,3185,0,2580,0,146,3185
1753067207185337374,0,21,2513,3185,0,2580,0,146,3186
1753067207187292495,0,21,2513,3185,0,2580,0,146,3186
1753067207189453961,0,21,2513,3185,0,2580,0,146,3186
1753067207191376794,0,21,2513,3184,0,2580,0,146,3186
1753067207193441773,0,21,2513,3185,0,2580,0,146,3186
1753067207195359699,0,21,2513,3185,0,2580,0,146,3186
1753067207197458094,0,21,2513,3185,0,2580,0,146,3186
1753067207199345837,0,21,2513,3185,0,2580,0,146,3186
1753067207201285598,0,21,2513,3185,0,2580,0,146,3186
1753067207203243908,0,21,2513,3185,0,2580,0,146,3186
1753067207205248565,0,21,2513,3185,0,2580,0,146,3186
1753067207207281195,0,21,2513,3185,0,2580,0,146,3186
1753067207209306865,0,21,2513,3185,0,2580,0,146,3186
1753067207211313911,0,21,2513,3185,0,2581,0,146,3186
1753067207213288761,0,21,2513,3185,0,2581,0,146,3186
1753067207215273844,0,21,2513,3185,0,2581,0,146,3186
1753067207217266135,0,21,2513,3186,0,2581,0,146,3186
1753067207219314292,0,21,2513,3186,0,2581,0,146,3186
1753067207221271383,0,21,2513,3186,0,2582,0,146,3186
1753067207223284715,0,21,2513,3186,0,2582,0,146,3186
1753067207225265485,0,21,2513,3186,0,2582,0,146,3186
1753067207227233366,0,21,2513,3186,0,2583,0,146,3186
1753067207229223438,0,21,2513,3186,0,2583,0,146,3186
1753067207231331309,0,21,2513,3186,1,2583,0,146,3186
1753067207233339152,0,21,2513,3186,0,2583,0,146,3186
1753067207235342333,0,21,2513,3186,0,2584,0,146,3186
1753067207237253069,0,21,2513,3185,0,2584,0,146,3186
1753067207239348258,0,21,2513,3186,0,2584,0,146,3186
1753067207241264538,0,21,2513,3185,0,2584,0,146,3186
1753067207243199975,0,21,2513,3185,0,2585,0,146,3186
1753067207245237047,0,21,2513,3185,0,2585,0,146,3186
1753067207247207695,0,21,2513,3185,0,2585,0,146,3186
1753067207249252804,0,21,2513,3185,0,2585,0,146,3186
1753067207251201753,0,21,2513,3185,0,2585,0,146,3186
1753067207253234466,0,21,2513,3184,0,2585,0,146,3186
1753067207255258583,0,21,2513,3184,1,2585,0,146,3186
1753067207257330547,0,21,2513,3184,0,2585,0,146,3186
1753067207259283729,0,21,2513,3184,0,2585,0,146,3186
1753067207261133045,0,21,2513,3184,0,2585,0,146,3186
1753067207263121419,0,21,2513,3184,0,2585,0,146,3186
1753067207265139720,0,21,2513,3184,0,2585,0,146,3186
1753067207267124246,0,21,2513,3184,0,2585,0,146,3186
1753067207269124935,0,21,2513,3184,0,2585,0,146,3186
1753067207271192022,0,21,2513,3184,0,2586,0,146,3186
1753067207273124412,0,21,2513,3184,0,2586,0,146,3186
1753067207275147525,0,21,2513,3184,0,2586,0,146,3186
1753067207277105145,0,21,2513,3184,0,2586,0,146,3186
1753067207279124430,0,21,2513,3185,0,2586,0,146,3186
1753067207281119342,0,21,2513,3185,0,2586,0,146,3186
1753067207283175293,0,21,2513,3185,0,2586,0,146,3186
1753067207285201433,0,21,2513,3185,0,2587,0,146,3186
1753067207287178304,0,21,2513,3185,0,2587,0,146,3186
1753067207289185719,0,21,2513,3186,0,2587,0,146,3186
1753067207291163142,0,21,2513,3186,0,2587,0,146,3186
1753067207293179112,0,21,2513,3186,0,2588,0,146,3186
1753067207295141951,0,21,2513,3186,0,2588,0,146,3186
1753067207297117848,0,21,2513,3187,0,2588,0,146,3186
1753067207299053108,0,21,2513,3187,0,2588,0,146,3186
1753067207301110144,0,21,2513,3187,0,2588,0,146,3186
1753067207303101759,0,21,2513,3188,0,2588,0,146,3186
1753067207305204254,0,21,2513,3188,0,2588,0,146,3186
1753067207307145471,0,21,2513,3189,1,2588,0,146,3186
1753067207309140356,0,21,2513,3189,0,2588,0,146,3186
1753067207311082762,0,21,2513,3189,0,2588,0,146,3186
1753067207313082600,0,21,2513,3190,0,2588,0,146,3186
1753067207315115818,0,21,2513,3191,0,2588,0,146,3186
1753067207317102474,0,21,2513,3191,0,2588,0,146,3186
1753067207319062691,0,21,2513,3191,0,2588,0,146,3186
1753067207321037174,0,21,2513,3192,0,2588,0,146,3186
1753067207323054342,0,21,2513,3192,0,2588,0,146,3186
1753067207325047373,0,21,2513,3194,0,2587,0,146,3186
1753067207327079590,0,21,2513,3194,0,2587,0,146,3186
1753067207329047397,0,21,2514,3194,0,2587,0,146,3186
1753067207331122215,0,21,2514,3195,0,2587,0,146,3186
1753067207333084267,0,21,2514,3195,0,2587,0,146,3186
1753067207335030373,0,21,2515,3196,0,2587,0,146,3186
1753067207336993669,0,21,2515,3196,0,2587,0,146,3186
1753067207339001092,0,21,2515,3197,1,2587,0,146,3186
1753067207340953177,0,21,2515,3197,0,2587,0,146,3186
1753067207342989920,0,21,2516,3198,0,2587,0,146,3186
1753067207344979095,0,21,2516,3198,0,2587,0,146,3186
1753067207347070228,0,21,2517,3199,0,2587,0,146,3186
1753067207349042126,0,21,2517,3199,0,2587,0,146,3186
1753067207351056068,0,21,2517,3200,0,2587,0,146,3187
1753067207353013418,0,21,2518,3200,1,2587,0,146,3187
1753067207355027711,0,21,2519,3201,0,2587,0,146,3187
1753067207357034047,0,21,2519,3201,0,2587,0,146,3187
1753067207359003789,0,21,2519,3202,0,2587,0,146,3188
1753067207361002914,0,21,2520,3202,0,2588,0,146,3188
1753067207362952106,0,21,2521,3203,0,2588,0,146,3188
1753067207365000494,0,21,2521,3203,0,2588,0,146,3189
1753067207366967058,0,21,2522,3204,0,2588,0,146,3189
1753067207369045772,0,21,2523,3205,0,2588,0,146,3190
1753067207370973633,0,21,2524,3206,0,2588,0,146,3190
1753067207372948952,0,21,2525,3206,0,2588,0,146,3191
1753067207374943644,0,21,2525,3207,0,2588,0,146,3191
1753067207376955203,0,21,2526,3208,0,2588,0,146,3192
1753067207378967364,0,21,2526,3209,0,2588,0,146,3192
1753067207380966519,0,21,2527,3209,0,2588,0,146,3193
1753067207383002922,0,21,2527,3210,0,2588,0,146,3194
1753067207384971008,0,21,2527,3211,0,2588,0,146,3194
1753067207386927993,0,21,2528,3212,0,2588,0,146,3195
1753067207388908833,0,21,2528,3212,0,2588,0,146,3195
1753067207390913393,0,21,2529,3213,0,2588,0,146,3196
1753067207392876857,0,21,2529,3214,0,2588,0,146,3197
1753067207394877812,0,21,2529,3215,0,2588,0,146,3197
1753067207396960721,0,21,2529,3215,0,2587,0,146,3198
1753067207398917532,0,21,2530,3216,1,2588,0,146,3199
1753067207401014854,0,21,2530,3217,0,2588,0,146,3200
1753067207402883595,0,21,2530,3218,0,2587,0,146,3200
1753067207404995124,0,21,2530,3218,0,2587,0,146,3201
1753067207406854607,0,21,2530,3219,0,2587,0,146,3202
1753067207408842678,0,21,2531,3220,0,2587,0,146,3203
1753067207410832886,0,21,2531,3220,1,2587,0,146,3203
1753067207412845340,0,21,2531,3221,1,2587,0,146,3204
1753067207414887230,0,21,2531,3222,0,2588,0,146,3205
1753067207416885263,0,21,2531,3222,0,2588,0,146,3206
1753067207418935661,0,21,2531,3223,0,2588,0,146,3207
1753067207420854587,0,21,2532,3223,0,2588,0,146,3208
1753067207422835726,0,21,2532,3224,0,2589,0,146,3208
1753067207424841419,0,21,2532,3225,0,2589,0,146,3209
1753067207426911247,0,21,2532,3225,0,2589,0,146,3210
1753067207428875902,0,21,2532,3226,0,2590,0,146,3211
1753067207430857998,0,21,2532,3227,0,2590,0,146,3211
1753067207432857781,0,21,2532,3227,0,2590,0,146,3211
1753067207434823677,0,21,2532,3228,0,2591,0,146,3214
1753067207436818721,0,21,2532,3228,0,2591,0,146,3215
1753067207438833662,0,21,2532,3229,0,2592,0,146,3215
1753067207440858243,0,21,2533,3229,0,2593,0,146,3216
1753067207442871597,0,21,2533,3229,0,2593,0,146,3217
1753067207444930813,0,21,2533,3230,0,2593,0,146,3218
1753067207446873033,0,21,2533,3230,0,2594,0,146,3218
1753067207448866444,0,21,2533,3230,0,2595,0,146,3219
1753067207450917244,0,21,2533,3230,0,2595,0,146,3220
1753067207452893638,0,21,2533,3230,0,2596,0,146,3221
1753067207454839355,0,21,2533,3231,0,2597,0,146,3222
1753067207456781360,0,21,2533,3231,1,2598,0,146,3222
1753067207458774496,0,21,2533,3231,0,2598,0,146,3223
1753067207460784429,0,21,2533,3231,0,2599,0,146,3224
1753067207462779140,0,21,2533,3232,1,2601,0,146,3224
1753067207464772279,0,21,2533,3232,0,2601,0,146,3225
1753067207466758556,0,21,2533,3232,0,2602,0,146,3226
1753067207468834290,0,21,2533,3233,0,2602,0,146,3226
1753067207470786829,0,21,2533,3233,0,2603,0,146,3227
1753067207472746163,0,21,2533,3233,0,2604,0,146,3227
1753067207474751886,0,21,2533,3234,0,2604,0,146,3228
1753067207476738928,0,21,2533,3234,0,2605,0,146,3229
1753067207478744264,0,21,2533,3234,0,2605,0,146,3229
1753067207480735668,0,21,2533,3235,0,2606,0,146,3230
1753067207482739368,0,21,2533,3235,0,2607,0,146,3230
1753067207484704270,0,21,2533,3235,0,2607,0,146,3230
1753067207486726295,0,21,2533,3236,0,2608,0,146,3231
1753067207488735290,0,21,2533,3236,0,2609,0,146,3231
1753067207490682328,0,21,2533,3236,0,2609,0,146,3232
1753067207492699271,0,21,2533,3237,0,2610,0,146,3232
1753067207494745641,0,21,2533,3237,0,2610,0,146,3233
1753067207496751135,0,21,2533,3237,0,2611,0,146,3233
1753067207498665416,0,21,2533,3237,0,2611,0,146,3233
1753067207500661528,0,21,2533,3237,0,2612,0,146,3234
1753067207502651378,0,21,2533,3237,1,2613,0,146,3234
1753067207504623334,0,21,2533,3237,0,2613,0,146,3235
1753067207506662314,0,21,2533,3237,0,2613,0,146,3235
1753067207508754720,0,21,2533,3238,0,2614,0,146,3235
1753067207510730797,0,21,2533,3238,0,2615,0,146,3236
1753067207512706436,0,21,2533,3238,0,2615,0,146,3236
1753067207514712836,0,21,2533,3238,0,2615,0,146,3236
1753067207516657367,0,21,2533,3238,0,2616,0,146,3236
1753067207518686776,0,21,2533,3238,0,2617,0,146,3237
1753067207520747268,0,21,2533,3239,0,2617,0,146,3237
1753067207522781205,0,21,2533,3239,0,2618,0,146,3237
1753067207524767119,0,21,2533,3239,0,2618,0,146,3237
1753067207526743072,0,21,2533,3239,0,2618,0,146,3238
1753067207528736617,0,21,2533,3239,0,2619,0,146,3238
1753067207530722323,0,21,2533,3239,0,2619,0,146,3238
1753067207532738327,0,21,2533,3239,0,2619,0,146,3238
1753067207534726644,0,21,2533,3239,1,2619,0,146,3238
1753067207536678216,0,21,2533,3239,0,2619,0,146,3238
1753067207538640896,0,21,2533,3239,0,2619,0,146,3238
1753067207540628307,0,21,2533,3239,0,2619,0,146,3238
1753067207542707015,0,21,2533,3239,0,2620,0,146,3238
1753067207544720188,0,21,2533,3239,1,2620,0,146,3239
1753067207546683886,0,21,2533,3239,0,2620,0,146,3238
1753067207548624122,0,21,2533,3240,0,2620,0,146,3239
1753067207550657268,0,21,2533,3240,1,2621,0,146,3239
1753067207552618509,0,21,2533,3240,0,2621,0,146,3239
1753067207554632908,0,21,2533,3240,0,2621,0,146,3239
1753067207556627020,0,21,2533,3240,1,2622,0,146,3239
1753067207558667549,0,21,2533,3240,0,2622,0,146,3239
1753067207560635687,0,21,2533,3240,0,2622,0,146,3239
1753067207562584740,0,21,2533,3240,0,2623,0,146,3239
1753067207564602098,0,21,2533,3240,0,2623,0,146,3240
1753067207566600081,0,21,2533,3241,0,2623,0,146,3240
1753067207568649828,0,21,2533,3241,0,2623,0,146,3240
1753067207570591886,0,21,2533,3241,0,2624,0,146,3240
1753067207572622733,0,21,2533,3241,0,2624,0,146,3240
1753067207574567423,0,21,2533,3241,0,2624,0,146,3241
1753067207576590916,0,21,2533,3241,0,2625,0,146,3241
1753067207578569507,0,21,2533,3241,0,2625,0,146,3241
1753067207580630586,0,21,2533,3242,0,2625,0,146,3241
1753067207582555981,0,21,2533,3242,0,2626,0,146,3241
1753067207584566672,0,21,2533,3242,0,2626,0,146,3241
1753067207586578497,0,21,2533,3242,0,2626,0,146,3241
1753067207588540009,0,21,2533,3242,0,2626,0,146,3241
1753067207590557201,0,21,2533,3242,0,2626,0,146,3241
1753067207592523385,0,21,2533,3242,0,2626,0,146,3241
1753067207594534990,0,21,2533,3242,0,2626,0,146,3241
1753067207596504798,0,21,2533,3242,0,2626,0,146,3241
1753067207598502375,0,21,2533,3242,0,2626,0,146,3241
1753067207600458497,0,21,2533,3243,0,2626,0,146,3241
1753067207602426046,0,21,2533,3243,0,2626,0,146,3241
1753067207604429958,0,21,2533,3243,1,2626,0,146,3241
1753067207606431522,0,21,2533,3243,0,2626,0,146,3241
1753067207608458947,0,21,2533,3243,0,2626,0,146,3241
1753067207610412863,0,21,2533,3243,0,2626,0,146,3241
1753067207612427503,0,21,2533,3244,0,2626,0,146,3241
1753067207614405468,0,21,2533,3244,0,2626,0,146,3241
1753067207616447566,0,21,2533,3244,0,2626,0,146,3241
1753067207618436057,0,21,2533,3245,0,2626,0,146,3241
1753067207620408931,0,21,2533,3245,0,2626,0,146,3242
1753067207622447211,0,21,2533,3246,0,2626,0,146,3242
1753067207624397442,0,21,2533,3246,0,2626,0,146,3242
1753067207626444603,0,21,2533,3247,0,2626,0,146,3242
1753067207628390192,0,21,2533,3247,0,2626,0,146,3242
1753067207630529909,0,21,2533,3248,0,2626,0,146,3242
1753067207632446511,0,21,2533,3248,0,2627,0,146,3243
1753067207634441321,0,21,2533,3249,0,2627,0,146,3243
1753067207636460223,0,21,2533,3249,0,2627,0,146,3243
1753067207638483329,0,21,2533,3250,0,2627,0,146,3243
1753067207640432818,0,21,2533,3251,0,2628,0,146,3243
1753067207642455680,0,21,2533,3251,0,2628,0,146,3243
1753067207644477477,0,21,2533,3252,0,2628,0,146,3243
1753067207646459126,0,21,2533,3253,1,2628,0,146,3243
1753067207648460624,0,21,2533,3254,0,2629,0,146,3243
1753067207650503512,0,21,2533,3255,0,2629,0,146,3243
1753067207653489322,0,21,2533,3255,0,2629,0,146,3243
1753067207655476981,0,21,2533,3256,0,2629,0,146,3243
1753067207657485489,0,21,2533,3257,0,2629,0,146,3243
1753067207659569248,0,21,2533,3257,0,2629,0,146,3243
1753067207661502002,0,21,2533,3257,1,2629,0,146,3243
1753067207663511373,0,21,2533,3258,0,2629,0,146,3243
1753067207665521462,0,21,2533,3258,0,2629,0,146,3243
1753067207667512859,0,21,2533,3259,0,2629,0,146,3244
1753067207669436209,0,21,2533,3259,0,2629,0,146,3244
1753067207671403332,0,21,2533,3259,0,2629,0,146,3245
1753067207673416082,0,21,2533,3260,0,2629,0,146,3245
1753067207675463800,0,21,2533,3260,0,2628,0,146,3245
1753067207677504764,0,21,2533,3260,0,2629,0,146,3246
1753067207679481139,0,21,2533,3261,0,2628,0,146,3246
1753067207681488744,0,21,2533,3261,0,2629,0,146,3247
1753067207683443703,0,21,2533,3262,0,2629,0,146,3247
1753067207685389527,0,21,2533,3262,0,2629,0,146,3248
1753067207687381212,0,21,2533,3262,1,2629,0,146,3248
1753067207689350770,0,21,2533,3263,0,2629,0,146,3249
1753067207691380637,0,21,2533,3263,0,2629,0,146,3249
1753067207693432386,0,21,2533,3263,0,2629,0,146,3250
1753067207695487163,0,21,2533,3263,0,2629,0,146,3251
1753067207697406686,0,21,2533,3263,1,2629,0,146,3251
1753067207699402362,0,21,2533,3263,1,2629,0,146,3252
1753067207701412015,0,21,2533,3263,0,2629,0,146,3252
1753067207703348151,0,21,2533,3263,0,2629,0,146,3253
1753067207705337140,0,21,2533,3263,0,2629,0,146,3253
1753067207707401242,0,21,2533,3263,0,2629,0,146,3254
1753067207709333339,0,21,2533,3263,0,2629,0,146,3254
1753067207711351824,0,21,2533,3263,1,2630,0,146,3255
1753067207713357070,0,21,2533,3263,0,2630,0,146,3256
1753067207715372084,0,21,2533,3264,0,2630,0,146,3256
1753067207717303036,0,21,2533,3264,0,2630,0,146,3257
1753067207719305962,0,21,2533,3264,0,2630,0,146,3257
1753067207721334896,0,21,2533,3264,0,2630,0,146,3258
1753067207723325440,0,21,2533,3265,0,2630,0,146,3258
1753067207725368029,0,21,2533,3265,0,2630,0,146,3258
1753067207727524815,0,21,2533,3265,0,2630,0,146,3259
1753067207729378424,0,21,2533,3266,0,2630,0,146,3259
1753067207731287861,0,21,2533,3266,1,2631,0,146,3260
1753067207733258567,0,21,2533,3267,0,2631,0,146,3260
1753067207735270162,0,21,2533,3267,0,2631,0,146,3260
1753067207737282813,0,21,2534,3267,0,2631,0,146,3261
1753067207739324518,0,21,2533,3268,0,2632,0,146,3261
1753067207741290148,0,21,2533,3268,0,2632,0,146,3261
1753067207743377516,0,21,2533,3269,0,2632,0,146,3262
1753067207745337689,0,21,2533,3270,0,2633,0,146,3262
1753067207747306758,0,21,2534,3270,0,2633,0,146,3262
1753067207749354393,0,21,2534,3271,0,2634,0,146,3263
1753067207751324592,0,21,2533,3271,0,2634,0,146,3263
1753067207753282151,0,21,2534,3272,0,2635,0,146,3263
1753067207755267633,0,21,2533,3273,0,2635,0,146,3263
1753067207757356589,0,21,2534,3273,0,2636,0,146,3264
1753067207759297553,0,21,2533,3274,0,2636,0,146,3264
1753067207761289301,0,21,2533,3275,0,2637,0,146,3264
1753067207763267593,0,21,2534,3276,0,2637,0,146,3265
1753067207765262428,0,21,2533,3276,0,2638,0,146,3265
1753067207767261207,0,21,2533,3277,0,2638,0,146,3265
1753067207769295393,0,21,2534,3278,0,2639,0,146,3266
1753067207771295431,0,21,2533,3279,0,2640,0,146,3266
1753067207773321834,0,21,2534,3280,0,2640,0,146,3266
1753067207775267165,0,21,2533,3280,0,2641,0,146,3266
1753067207777251547,0,21,2534,3281,0,2641,0,146,3267
1753067207779247975,0,21,2533,3282,0,2642,0,146,3267
1753067207781228139,0,21,2534,3283,1,2642,0,146,3268
1753067207783258561,0,21,2534,3284,0,2642,0,146,3268
1753067207785278450,0,21,2534,3285,0,2643,0,146,3269
1753067207787276616,0,21,2534,3286,0,2643,0,146,3269
1753067207789277036,0,21,2534,3286,1,2643,0,146,3269
1753067207791312519,0,21,2534,3287,0,2644,0,146,3270
1753067207793257276,0,21,2534,3288,1,2644,0,146,3270
1753067207795221352,0,21,2534,3289,0,2645,0,146,3271
1753067207797183174,0,21,2534,3290,0,2645,0,146,3272
1753067207799214334,0,21,2534,3291,0,2645,0,146,3272
1753067207801171316,0,21,2534,3291,0,2645,0,146,3272
1753067207803195376,0,21,2534,3292,0,2646,0,146,3273
1753067207805168224,0,21,2534,3293,0,2646,0,146,3274
1753067207807211222,0,21,2534,3293,0,2646,0,146,3274
1753067207809215363,0,21,2534,3294,0,2647,0,146,3275
1753067207811202734,0,21,2534,3295,0,2647,0,146,3276
1753067207813151057,0,21,2534,3296,0,2647,0,146,3276
1753067207815151631,0,21,2534,3296,0,2647,0,146,3277
1753067207817152020,0,21,2534,3297,0,2647,0,146,3278
1753067207819211546,0,21,2534,3298,0,2648,0,146,3279
1753067207821249605,0,21,2534,3298,0,2648,0,146,3279
1753067207823149956,0,21,2534,3299,0,2648,0,146,3280
1753067207825096727,0,21,2534,3300,0,2649,0,146,3280
1753067207827127221,0,21,2534,3300,0,2649,0,146,3281
1753067207829130811,0,21,2534,3300,0,2649,0,146,3282
1753067207831111917,0,21,2534,3301,0,2649,0,146,3283
1753067207833102636,0,21,2534,3301,1,2650,0,146,3284
1753067207835096008,0,21,2535,3302,0,2650,0,146,3285
1753067207837107058,0,21,2535,3302,0,2650,0,146,3285
1753067207839106301,0,21,2535,3303,0,2650,0,146,3286
1753067207841077483,0,21,2535,3304,0,2650,0,146,3287
1753067207843109010,0,21,2535,3304,0,2650,0,146,3288
1753067207845075022,0,21,2535,3305,1,2650,0,146,3288
1753067207847087624,0,21,2535,3305,0,2650,0,146,3289
1753067207849107267,0,21,2535,3306,0,2651,0,146,3290
1753067207851018852,0,21,2535,3306,0,2651,0,146,3291
1753067207853021173,0,21,2536,3306,0,2651,0,146,3292
1753067207855037513,0,21,2536,3307,0,2652,0,146,3293
1753067207857046426,0,21,2536,3308,0,2652,0,146,3293
1753067207859088090,0,21,2536,3308,1,2652,0,146,3294
1753067207861013609,0,21,2536,3308,0,2653,0,146,3295
1753067207863027239,0,21,2536,3309,0,2653,0,146,3296
1753067207865007406,0,21,2536,3309,0,2654,0,146,3296
1753067207867064648,0,21,2536,3310,0,2654,0,146,3297
1753067207869038833,0,21,2537,3310,0,2655,0,146,3298
1753067207871018414,0,21,2537,3311,0,2655,0,146,3299
1753067207873017357,0,21,2537,3311,0,2656,0,146,3299
1753067207875029174,0,21,2537,3312,0,2656,0,146,3300
1753067207877030394,0,21,2538,3312,0,2657,0,146,3301
1753067207878991195,0,21,2538,3313,0,2657,0,146,3301
1753067207881011421,0,21,2538,3313,0,2658,0,146,3302
1753067207882998624,0,21,2538,3313,0,2659,0,146,3303
1753067207885051551,0,21,2538,3314,0,2659,0,146,3303
1753067207887013617,0,21,2538,3314,0,2659,0,146,3304
1753067207888980347,0,21,2538,3314,0,2660,0,146,3304
1753067207891017708,0,21,2538,3314,0,2661,0,146,3305
1753067207892967334,0,21,2539,3315,0,2661,0,146,3306
1753067207894959494,0,21,2539,3315,0,2662,0,146,3306
1753067207897048116,0,21,2539,3315,0,2663,0,146,3307
1753067207899016369,0,21,2539,3316,0,2664,0,146,3307
1753067207900939646,0,21,2539,3316,0,2664,0,146,3308
1753067207902966338,0,21,2539,3316,0,2665,0,146,3309
1753067207904965275,0,21,2540,3316,0,2665,0,146,3309
1753067207906934115,0,21,2540,3316,1,2666,0,146,3309
1753067207908968194,0,21,2540,3316,0,2667,0,146,3310
1753067207910905584,0,21,2540,3316,0,2667,0,146,3310
1753067207912943817,0,21,2540,3316,0,2668,0,146,3311
1753067207914931344,0,21,2540,3316,0,2669,0,146,3311
1753067207916979734,0,21,2540,3316,0,2669,0,146,3312
1753067207918951358,0,21,2540,3316,0,2670,0,146,3312
1753067207920983665,0,21,2541,3316,0,2671,0,146,3312
1753067207922896877,0,21,2541,3316,0,2671,0,146,3313
1753067207924902273,0,21,2541,3316,0,2671,0,146,3313
1753067207926905659,0,21,2541,3316,0,2672,0,146,3313
1753067207928929990,0,21,2541,3316,0,2673,0,146,3314
1753067207930947233,0,21,2542,3316,0,2673,0,146,3314
1753067207932944481,0,21,2542,3316,0,2673,0,146,3314
1753067207934916576,0,21,2542,3317,0,2674,0,146,3314
1753067207936865880,0,21,2543,3317,0,2675,0,146,3314
1753067207938841488,0,21,2543,3317,0,2675,0,146,3314
1753067207940938290,0,21,2543,3317,0,2675,0,146,3315
1753067207942911216,0,21,2544,3317,0,2676,0,146,3315
1753067207944910544,0,21,2544,3318,0,2676,0,146,3315
1753067207946978389,0,21,2544,3318,0,2677,0,146,3315
1753067207948938708,0,21,2544,3318,0,2677,0,146,3315
1753067207950955778,0,21,2545,3319,0,2678,0,146,3316
1753067207952917398,0,21,2545,3319,0,2678,0,146,3316
1753067207954918875,0,21,2545,3320,1,2678,0,146,3316
1753067207956883434,0,21,2545,3320,0,2679,0,146,3316
1753067207958929948,0,21,2546,3320,0,2679,0,146,3316
1753067207960912145,0,21,2546,3320,1,2679,0,146,3316
1753067207962917003,0,21,2546,3320,0,2680,0,146,3316
1753067207964894555,0,21,2546,3322,0,2680,0,146,3316
1753067207966865825,0,21,2547,3323,0,2681,0,146,3316
1753067207968904715,0,21,2547,3323,0,2681,0,146,3317
1753067207970859324,0,21,2547,3323,0,2681,0,146,3317
1753067207972860159,0,21,2547,3324,1,2682,0,146,3317
1753067207974920044,0,21,2547,3325,0,2682,0,146,3317
1753067207976885388,0,21,2547,3325,0,2682,0,146,3317
1753067207978934120,0,21,2548,3326,0,2682,0,146,3318
1753067207980829712,0,21,2548,3327,0,2683,0,146,3318
1753067207982792879,0,21,2548,3327,0,2683,0,146,3318
1753067207984812999,0,21,2548,3327,0,2683,0,146,3318
1753067207986834019,0,21,2548,3329,0,2684,0,146,3318
1753067207988801450,0,21,2548,3329,0,2684,0,146,3318
1753067207990860036,0,21,2548,3330,0,2684,0,146,3319
1753067207992847046,0,21,2549,3331,0,2684,0,146,3319
1753067207994846536,0,21,2549,3331,0,2685,0,146,3319
1753067207996799366,0,21,2549,3332,1,2685,0,146,3319
1753067207998754868,0,21,2549,3333,0,2685,0,146,3320
1753067208000767264,0,21,2549,3334,0,2686,0,146,3320
1753067208002772646,0,21,2549,3335,0,2686,0,146,3321
1753067208004769151,0,21,2550,3335,0,2686,0,146,3321
1753067208006853232,0,21,2550,3336,0,2686,0,146,3321
1753067208008816763,0,21,2550,3336,0,2687,0,146,3322
1753067208010837372,0,21,2550,3337,0,2687,0,146,3322
1753067208012789891,0,21,2550,3338,0,2687,0,146,3322
1753067208014772586,0,21,2550,3338,0,2687,0,146,3323
1753067208016782763,0,21,2551,3339,0,2687,0,146,3323
1753067208018837422,0,21,2551,3340,0,2687,0,146,3324
1753067208020874020,0,21,2551,3340,0,2687,0,146,3324
1753067208022801633,0,21,2551,3341,0,2687,0,146,3325
1753067208024738987,0,21,2551,3341,0,2687,0,146,3325
1753067208026727561,0,21,2551,3342,1,2687,0,146,3326
1753067208028735135,0,21,2552,3342,1,2687,0,146,3326
1753067208030833760,0,21,2552,3343,0,2687,0,146,3327
1753067208032976611,0,21,2552,3343,0,2687,0,146,3328
1753067208034929784,0,21,2552,3344,0,2687,0,146,3328
1753067208036966920,0,21,2552,3344,0,2687,0,146,3329
1753067208038711311,0,21,2552,3345,0,2687,0,146,3329
1753067208040695597,0,21,2553,3345,0,2687,0,146,3330
1753067208042748372,0,21,2553,3346,0,2688,0,146,3330
1753067208044742481,0,21,2553,3346,0,2688,0,146,3331
1753067208046727057,0,21,2553,3347,0,2688,0,146,3332
1753067208048782604,0,21,2553,3348,0,2688,0,146,3332
1753067208050730441,0,21,2553,3348,0,2688,0,146,3333
1753067208052683437,0,21,2553,3349,1,2689,0,146,3334
1753067208054692639,0,21,2553,3349,0,2689,0,146,3334
1753067208056672107,0,21,2554,3350,0,2689,0,146,3335
1753067208058712379,0,21,2554,3350,0,2690,0,146,3335
1753067208060759748,0,21,2554,3350,0,2690,0,146,3336
1753067208062717318,0,21,2554,3351,0,2690,0,146,3337
1753067208064681593,0,21,2554,3352,0,2690,0,146,3338
1753067208066649385,0,21,2555,3354,0,2691,0,146,3338
1753067208068720646,0,21,2555,3354,1,2691,0,146,3339
1753067208070701936,0,21,2555,3355,0,2692,0,146,3339
1753067208072706708,0,21,2555,3355,0,2692,0,146,3340
1753067208074671314,0,21,2555,3356,0,2692,0,146,3341
1753067208076701615,0,21,2556,3357,1,2693,0,146,3342
1753067208078709181,0,21,2556,3357,0,2693,0,146,3342
1753067208080658512,0,21,2556,3358,0,2693,0,146,3342
1753067208082602344,0,21,2556,3358,0,2694,0,146,3343
1753067208084668546,0,21,2557,3359,0,2694,0,146,3344
1753067208086636512,0,21,2557,3359,0,2695,0,146,3344
1753067208088680485,0,21,2557,3360,0,2695,0,146,3345
1753067208090693351,0,21,2557,3360,0,2696,0,146,3346
1753067208092678989,0,21,2558,3360,0,2696,0,146,3347
1753067208094622907,0,21,2558,3361,0,2697,0,146,3347
1753067208096638855,0,21,2558,3361,0,2697,0,146,3348
1753067208098596963,0,21,2558,3362,0,2698,0,146,3349
1753067208100642085,0,21,2559,3362,0,2698,0,146,3349
1753067208102625709,0,21,2559,3363,0,2698,0,146,3350
1753067208104617262,0,21,2559,3363,0,2699,0,146,3350
1753067208106630170,0,21,2559,3363,0,2699,0,146,3351
1753067208108662105,0,21,2560,3364,0,2699,0,146,3352
1753067208110691928,0,21,2560,3364,0,2700,0,146,3352
1753067208112671804,0,21,2560,3364,0,2701,0,146,3353
1753067208114625717,0,21,2560,3364,0,2701,0,146,3353
1753067208116637344,0,21,2561,3364,1,2701,0,146,3354
1753067208118570401,0,21,2561,3364,0,2701,0,146,3355
1753067208120587116,0,21,2561,3364,1,2702,0,146,3355
1753067208122590375,0,21,2561,3364,0,2702,0,146,3356
1753067208124629819,0,21,2561,3364,0,2703,0,146,3356
1753067208126577647,0,21,2562,3364,0,2703,0,146,3357
1753067208128632937,0,21,2562,3364,0,2704,0,146,3357
1753067208130631361,0,21,2562,3364,0,2704,0,146,3357
1753067208132636694,0,21,2562,3364,0,2705,0,146,3358
1753067208134605352,0,21,2562,3364,0,2706,0,146,3358
1753067208136653027,0,21,2563,3364,0,2706,0,146,3359
1753067208138714968,0,21,2563,3364,0,2707,0,146,3359
1753067208140548940,0,21,2563,3364,0,2707,0,146,3359
1753067208142587583,0,21,2563,3364,0,2708,0,146,3360
1753067208144589565,0,21,2564,3365,0,2708,0,146,3360
1753067208146573828,0,21,2564,3364,0,2709,0,146,3360
1753067208148586874,0,21,2564,3365,0,2709,0,146,3361
1753067208150552766,0,21,2564,3365,0,2710,0,146,3361
1753067208152597335,0,21,2564,3365,0,2711,0,146,3361
1753067208154577356,0,21,2565,3365,0,2711,0,146,3361
1753067208156565459,0,21,2565,3366,0,2711,0,146,3361
1753067208158499437,0,21,2565,3366,0,2712,0,146,3361
1753067208160496719,0,21,2566,3366,0,2712,0,146,3362
1753067208162477152,0,21,2566,3367,1,2713,0,146,3361
1753067208164477338,0,21,2566,3367,0,2713,0,146,3361
1753067208166521248,0,21,2567,3368,0,2714,0,146,3361
1753067208168500251,0,21,2567,3368,0,2714,0,146,3362
1753067208170550229,0,21,2567,3368,1,2715,0,146,3361
1753067208172579579,0,21,2567,3369,0,2716,0,146,3362
1753067208174469822,0,21,2567,3369,0,2716,0,146,3361
1753067208176460071,0,21,2568,3370,0,2717,0,146,3361
1753067208178448556,0,21,2568,3370,0,2717,0,146,3362
1753067208180457462,0,21,2568,3371,0,2718,0,146,3361
1753067208182525307,0,21,2568,3371,0,2718,0,146,3362
1753067208184490131,0,21,2568,3371,0,2719,0,146,3361
1753067208186499196,0,21,2569,3372,0,2719,0,146,3361
1753067208188495570,0,21,2569,3372,0,2720,0,146,3362
1753067208190535538,0,21,2569,3372,0,2720,0,146,3362
1753067208192473365,0,21,2570,3373,0,2720,0,146,3362
1753067208194456013,0,21,2570,3374,0,2721,0,146,3362
1753067208196466135,0,21,2570,3374,0,2721,0,146,3362
1753067208198477702,0,21,2571,3374,0,2721,0,146,3362
1753067208200557659,0,21,2571,3374,0,2722,0,146,3362
1753067208202520236,0,21,2572,3375,0,2722,0,146,3362
1753067208204515083,0,21,2572,3376,0,2722,0,146,3362
1753067208206484443,0,21,2572,3376,1,2722,0,146,3362
1753067208208477936,0,21,2573,3376,0,2722,0,146,3362
1753067208210470844,0,21,2573,3376,0,2722,0,146,3363
1753067208212492690,0,21,2573,3377,0,2722,0,146,3363
1753067208214396390,0,21,2574,3377,0,2722,0,146,3363
1753067208216465260,0,21,2574,3377,0,2722,0,146,3363
1753067208218456414,0,21,2574,3377,0,2723,0,146,3364
1753067208220485128,0,21,2574,3377,0,2723,0,146,3364
1753067208222441695,0,21,2574,3377,0,2723,0,146,3364
1753067208224503907,0,21,2575,3377,0,2723,0,146,3364
1753067208226449088,0,21,2575,3377,0,2723,0,146,3365
1753067208228370418,0,21,2575,3377,0,2723,0,146,3365
1753067208230352633,0,21,2576,3377,0,2723,0,146,3366
1753067208232378124,0,21,2576,3378,0,2724,0,146,3366
1753067208234478060,0,21,2576,3378,0,2724,0,146,3366
1753067208236425315,0,21,2576,3378,0,2724,0,146,3366
1753067208238400564,0,21,2577,3378,0,2724,0,146,3367
1753067208240368555,0,21,2577,3378,0,2724,0,146,3367
1753067208242387317,0,21,2577,3379,1,2725,0,146,3367
1753067208244356412,0,21,2577,3379,0,2725,0,146,3368
1753067208246307944,0,21,2577,3379,0,2725,0,146,3368
1753067208248334736,0,21,2577,3380,0,2725,0,146,3369
1753067208250437097,0,21,2578,3380,0,2725,0,146,3369
1753067208252374702,0,21,2578,3381,0,2726,0,146,3369
1753067208254333759,0,21,2578,3381,0,2726,0,146,3370
1753067208256308673,0,21,2578,3382,1,2726,0,146,3370
1753067208258379359,0,21,2578,3382,0,2726,0,146,3370
1753067208260411353,0,21,2579,3383,0,2726,0,146,3371
1753067208262315051,0,21,2579,3383,0,2726,0,146,3371
1753067208264371088,0,21,2579,3384,0,2726,0,146,3371
1753067208266376737,0,21,2579,3384,0,2726,0,146,3371
1753067208268256143,0,21,2579,3385,0,2726,0,146,3372
1753067208270412094,0,21,2580,3385,0,2726,0,146,3372
1753067208272326123,0,21,2580,3386,0,2726,0,146,3373
1753067208274327748,0,21,2580,3386,0,2726,0,146,3373
1753067208276334045,0,21,2580,3387,0,2726,0,146,3373
1753067208278332338,0,21,2580,3388,0,2726,0,146,3374
1753067208280367751,0,21,2581,3388,0,2726,0,146,3374
1753067208282354909,0,21,2581,3389,0,2726,0,146,3375
1753067208284336053,0,21,2581,3389,0,2727,0,146,3375
1753067208286341796,0,21,2581,3390,0,2727,0,146,3375
1753067208288319118,0,21,2581,3390,0,2727,0,146,3376
1753067208290344746,0,21,2581,3390,0,2727,0,146,3376
1753067208292284786,0,21,2581,3391,0,2727,0,146,3377
1753067208294362119,0,21,2582,3391,0,2727,0,146,3377
1753067208296338727,0,21,2582,3392,0,2727,0,146,3378
1753067208298367528,0,21,2582,3392,0,2728,0,146,3378
1753067208300268858,0,21,2582,3393,0,2728,0,146,3378
1753067208302321195,0,21,2582,3393,0,2728,0,146,3379
1753067208304342585,0,21,2582,3393,1,2728,0,146,3379
1753067208306316625,0,21,2582,3393,0,2729,0,146,3380
1753067208308303548,0,21,2583,3393,0,2729,0,146,3380
1753067208310345459,0,21,2583,3393,0,2729,0,146,3381
1753067208312274331,0,21,2583,3393,0,2729,0,146,3381
1753067208314203337,0,21,2583,3393,0,2730,0,146,3382
1753067208316244953,0,21,2583,3393,0,2730,0,146,3383
1753067208318211921,0,21,2583,3393,0,2730,0,146,3383
1753067208320219535,0,21,2583,3393,0,2730,0,146,3384
1753067208322189316,0,21,2584,3393,0,2730,0,146,3384
1753067208324238255,0,21,2584,3393,1,2731,0,146,3384
1753067208326271559,0,21,2584,3393,0,2731,0,146,3385
1753067208328275035,0,21,2584,3394,0,2731,0,146,3385
1753067208330294255,0,21,2585,3393,0,2731,0,146,3385
1753067208332280125,0,21,2585,3393,0,2732,0,146,3386
1753067208334326283,0,21,2585,3393,0,2732,0,146,3386
1753067208336247169,0,21,2585,3393,0,2732,0,146,3387
1753067208338244522,0,21,2586,3394,0,2732,0,146,3387
1753067208340182182,0,21,2586,3393,0,2733,0,146,3388
1753067208342172798,0,21,2586,3393,0,2733,0,146,3388
1753067208344265951,0,21,2586,3394,0,2733,0,146,3388
1753067208346219393,0,21,2586,3393,0,2734,0,146,3389
1753067208348252456,0,21,2587,3393,0,2734,0,146,3389
1753067208350274375,0,21,2587,3394,0,2734,0,146,3390
1753067208352277367,0,21,2587,3394,0,2735,0,146,3390
1753067208354280048,0,21,2587,3394,0,2735,0,146,3390
1753067208356189636,0,21,2588,3394,0,2736,0,146,3390
1753067208358289943,0,21,2588,3395,0,2736,0,146,3390
1753067208360203645,0,21,2588,3395,1,2737,0,146,3391
1753067208362203531,0,21,2588,3395,0,2737,0,146,3391
1753067208364238713,0,21,2588,3396,0,2737,0,146,3391
1753067208366273585,0,21,2589,3396,0,2738,0,146,3392
1753067208368177413,0,21,2589,3397,0,2738,0,146,3392
1753067208370163317,0,21,2589,3397,0,2739,0,146,3392
1753067208372197302,0,21,2589,3398,0,2739,0,146,3392
1753067208374221157,0,21,2589,3398,1,2740,0,146,3392
1753067208376201621,0,21,2589,3399,0,2740,0,146,3392
1753067208378260260,0,21,2590,3399,0,2741,0,146,3393
1753067208380166986,0,21,2590,3400,0,2741,0,146,3392
1753067208382285111,0,21,2590,3400,0,2742,0,146,3392
1753067208384114305,0,21,2590,3401,0,2742,0,146,3392
1753067208386212847,0,21,2590,3401,0,2743,0,146,3392
1753067208388065908,0,21,2591,3402,0,2744,0,146,3393
1753067208390190291,0,21,2591,3402,0,2744,0,146,3393
1753067208392081573,0,21,2591,3403,0,2745,0,146,3393
1753067208394275707,0,21,2591,3404,0,2745,0,146,3393
1753067208396148957,0,21,2591,3404,0,2745,0,146,3393
1753067208398210283,0,21,2591,3405,0,2746,0,146,3393
1753067208400139520,0,21,2591,3405,0,2746,0,146,3393
1753067208402185728,0,21,2592,3406,0,2747,0,146,3393
1753067208404121326,0,21,2592,3406,0,2747,0,146,3393
1753067208406167448,0,21,2592,3406,0,2747,0,146,3393
1753067208408001830,0,21,2592,3407,0,2748,0,146,3394
1753067208410106766,0,21,2592,3408,1,2748,0,146,3394
1753067208412055028,0,21,2592,3408,0,2749,0,146,3394
1753067208414031307,0,21,2593,3409,0,2749,0,146,3395
1753067208416015659,0,21,2593,3409,0,2749,0,146,3395
1753067208418100564,0,21,2593,3410,0,2750,0,146,3395
1753067208420090213,0,21,2593,3410,0,2750,0,146,3395
1753067208422067482,0,21,2594,3411,0,2750,0,146,3396
1753067208424055609,0,21,2594,3411,0,2750,0,146,3396
1753067208426075845,0,21,2594,3411,0,2750,0,146,3397
1753067208428048046,0,21,2594,3412,1,2750,0,146,3397
1753067208430131358,0,21,2595,3412,0,2750,0,146,3398
1753067208432136656,0,21,2595,3413,0,2750,0,146,3398
1753067208434065907,0,21,2595,3413,0,2750,0,146,3399
1753067208436059808,0,21,2595,3413,0,2750,0,146,3399
1753067208438025183,0,21,2596,3414,0,2750,0,146,3399
1753067208439984410,0,21,2596,3414,0,2750,0,146,3400
1753067208442020604,0,21,2596,3414,0,2750,0,146,3400
1753067208443993515,0,21,2596,3415,0,2750,0,146,3401
1753067208446022961,0,21,2597,3415,0,2750,0,146,3402
1753067208447986138,0,21,2597,3416,1,2750,0,146,3402
1753067208449977627,0,21,2597,3416,0,2751,0,146,3403
1753067208451956738,0,21,2597,3417,0,2751,0,146,3403
1753067208454045101,0,21,2598,3418,0,2751,0,146,3404
1753067208456052069,0,21,2598,3418,0,2751,0,146,3405
1753067208458016398,0,21,2598,3419,0,2751,0,146,3405
1753067208459986527,0,21,2599,3419,0,2751,0,146,3406
1753067208462140651,0,21,2599,3420,0,2751,0,146,3406
1753067208464013108,0,21,2599,3420,0,2751,0,146,3407
1753067208466058397,0,21,2599,3421,0,2752,0,146,3407
1753067208467997544,0,21,2600,3421,0,2752,0,146,3408
1753067208470041901,0,21,2600,3422,0,2752,0,146,3409
1753067208472021078,0,21,2601,3422,0,2753,0,146,3409
1753067208474038743,0,21,2601,3423,0,2752,0,146,3410
1753067208476039967,0,21,2601,3424,0,2752,0,146,3410
1753067208478069145,0,21,2601,3424,0,2753,0,146,3411
1753067208480019923,0,21,2602,3424,0,2753,0,146,3412
1753067208482045892,0,21,2602,3425,0,2753,0,146,3412
1753067208483960988,0,21,2602,3425,0,2753,0,146,3413
1753067208485986924,0,21,2602,3426,0,2753,0,146,3413
1753067208487968985,0,21,2602,3426,0,2753,0,146,3413
1753067208489935699,0,21,2602,3427,0,2753,0,146,3414
1753067208491958760,0,21,2603,3427,0,2753,0,146,3415
1753067208493934646,0,21,2603,3427,0,2753,0,146,3415
1753067208495938098,0,21,2603,3427,0,2753,0,146,3416
1753067208498008495,0,21,2603,3428,1,2754,0,146,3416
1753067208499957977,0,21,2603,3428,0,2754,0,146,3417
1753067208501977786,0,21,2603,3428,0,2754,0,146,3418
1753067208503990406,0,21,2604,3428,0,2754,0,146,3418
1753067208505934104,0,21,2604,3429,1,2754,0,146,3419
1753067208507930369,0,21,2604,3429,0,2755,0,146,3419
1753067208510016084,0,21,2604,3429,0,2755,0,146,3420
1753067208511922388,0,21,2604,3429,0,2755,0,146,3420
1753067208513859083,0,21,2604,3429,0,2756,0,146,3420
1753067208515890121,0,21,2604,3430,0,2756,0,146,3421
1753067208517919161,0,21,2605,3430,0,2757,0,146,3422
1753067208519938807,0,21,2605,3430,0,2757,0,146,3422
1753067208521920291,0,21,2605,3431,0,2757,0,146,3422
1753067208523923606,0,21,2605,3431,0,2758,0,146,3423
1753067208525897430,0,21,2605,3431,0,2758,0,146,3423
1753067208527838569,0,21,2605,3432,0,2759,0,146,3424
1753067208529844278,0,21,2605,3432,0,2759,0,146,3424
1753067208531862554,0,21,2605,3433,0,2760,0,146,3424
1753067208533873106,0,21,2605,3433,0,2760,0,146,3425
1753067208535861464,0,21,2605,3434,0,2761,0,146,3425
1753067208537835757,0,21,2605,3434,0,2761,0,146,3426
1753067208539843891,0,21,2605,3435,0,2762,0,146,3426
1753067208541861327,0,21,2605,3436,0,2762,0,146,3426
1753067208543835081,0,21,2605,3436,0,2763,0,146,3426
1753067208545867946,0,21,2606,3436,0,2763,0,146,3427
1753067208547856672,0,21,2606,3437,0,2764,0,146,3427
1753067208549854157,0,21,2606,3438,0,2764,0,146,3427
1753067208551829790,0,21,2606,3439,0,2765,0,146,3428
1753067208553859598,0,21,2606,3439,0,2765,0,146,3428
1753067208555864838,0,21,2606,3440,0,2766,0,146,3428
1753067208557846072,0,21,2606,3440,0,2766,0,146,3429
1753067208559842132,0,21,2606,3440,0,2767,0,146,3429
1753067208561755282,0,21,2606,3441,0,2767,0,146,3429
1753067208563796744,0,21,2606,3442,0,2768,0,146,3430
1753067208565745038,0,21,2606,3442,0,2768,0,146,3430
1753067208567789345,0,21,2606,3443,0,2769,0,146,3431
1753067208569747113,0,21,2607,3443,0,2769,0,146,3431
1753067208571719970,0,21,2607,3443,0,2770,0,146,3432
1753067208573763470,0,21,2607,3444,0,2770,0,146,3432
1753067208575763928,0,21,2607,3444,0,2770,0,146,3433
1753067208577737664,0,21,2607,3444,0,2770,0,146,3433
1753067208579734383,0,21,2607,3444,0,2771,0,146,3433
1753067208581684501,0,21,2607,3444,0,2771,0,146,3433
1753067208583726489,0,21,2607,3444,1,2772,0,146,3434
1753067208585705633,0,21,2608,3444,0,2772,0,146,3434
1753067208587741061,0,21,2608,3444,0,2773,0,146,3434
1753067208589715967,0,21,2608,3444,0,2773,0,146,3434
1753067208591765237,0,21,2608,3444,0,2773,0,146,3435
1753067208593736272,0,21,2608,3444,0,2774,0,146,3435
1753067208595742026,0,21,2608,3444,1,2774,0,146,3435
1753067208597716795,0,21,2608,3444,0,2774,0,146,3436
1753067208599724879,0,21,2608,3444,1,2775,0,146,3436
1753067208601724360,0,21,2608,3444,0,2775,0,146,3437
1753067208603778263,0,21,2608,3444,0,2775,0,146,3437
1753067208605715158,0,21,2608,3444,0,2776,0,146,3437
1753067208607700617,0,21,2609,3444,0,2776,0,146,3438
1753067208609724115,0,21,2609,3444,0,2777,0,146,3438
1753067208611793214,0,21,2609,3444,0,2777,0,146,3438
1753067208613704725,0,21,2609,3444,0,2777,0,146,3438
1753067208615854436,0,21,2609,3444,0,2777,0,146,3439
1753067208617719153,0,21,2609,3444,0,2778,0,146,3439
1753067208619695749,0,21,2609,3444,0,2778,0,146,3439
1753067208621701523,0,21,2609,3445,0,2779,0,146,3439
1753067208623723363,0,21,2609,3444,0,2779,0,146,3439
1753067208625688856,0,21,2609,3445,0,2779,0,146,3440
1753067208627784957,0,21,2609,3445,0,2780,0,146,3440
1753067208629791308,0,21,2609,3445,0,2780,0,146,3441
1753067208631744135,0,21,2609,3445,0,2781,0,146,3440
1753067208633758771,0,21,2609,3445,0,2781,0,146,3441
1753067208635697944,0,21,2609,3445,0,2781,0,146,3441
1753067208637729561,0,21,2609,3445,1,2781,0,146,3441
1753067208639749571,0,21,2609,3445,0,2781,0,146,3441
1753067208641807155,0,21,2609,3445,0,2781,0,146,3441
1753067208643771781,0,21,2609,3445,0,2781,0,146,3441
1753067208645671693,0,21,2609,3445,0,2781,0,146,3441
1753067208647671049,0,21,2609,3445,0,2781,0,146,3442
1753067208649579383,0,21,2609,3445,0,2781,0,146,3442
1753067208651641687,0,21,2609,3445,0,2781,0,146,3442
1753067208653752333,0,21,2609,3445,0,2781,0,146,3442
1753067208655733281,0,21,2609,3445,1,2781,0,146,3442
1753067208657640931,0,21,2609,3445,0,2781,0,146,3442
1753067208659612155,0,21,2609,3445,0,2782,0,146,3442
1753067208661633453,0,21,2609,3445,0,2782,0,146,3442
1753067208663658855,0,21,2609,3445,0,2782,0,146,3442
1753067208665528461,0,21,2609,3445,0,2782,0,146,3442
1753067208667547087,0,21,2609,3445,1,2782,0,146,3442
1753067208669514428,0,21,2609,3445,0,2782,0,146,3442
1753067208671572324,0,21,2609,3445,0,2782,0,146,3442
1753067208673556437,0,21,2609,3445,0,2783,0,146,3442
1753067208675550486,0,21,2609,3445,0,2783,0,146,3442
1753067208677551553,0,21,2609,3445,0,2783,0,146,3442
1753067208679546483,0,21,2609,3446,0,2783,0,146,3442
1753067208681512103,0,21,2609,3446,0,2784,0,146,3442
1753067208683521495,0,21,2609,3446,0,2784,0,146,3442
1753067208685508706,0,21,2609,3446,0,2785,0,146,3442
1753067208687558570,0,21,2609,3446,0,2785,0,146,3442
1753067208689528732,0,21,2609,3446,0,2785,0,146,3442
1753067208691558630,0,21,2609,3447,0,2785,0,146,3442
1753067208693527231,0,21,2609,3447,0,2785,0,146,3442
1753067208695530709,0,21,2609,3447,0,2785,0,146,3442
1753067208697508145,0,21,2609,3448,0,2785,0,146,3442
1753067208699527396,0,21,2609,3448,0,2785,0,146,3442
1753067208701483129,0,21,2609,3448,0,2785,0,146,3442
1753067208703502832,0,21,2609,3450,0,2785,0,146,3442
1753067208705521642,0,21,2609,3450,0,2785,0,146,3442
1753067208707496596,0,21,2609,3451,0,2785,0,146,3442
1753067208709452432,0,21,2609,3451,0,2785,0,146,3442
1753067208711541616,0,21,2609,3452,0,2785,0,146,3442
1753067208713524522,0,21,2609,3452,0,2785,0,146,3442
1753067208715634948,0,21,2609,3453,0,2786,0,146,3442
1753067208717550043,0,21,2610,3454,0,2786,0,146,3442
1753067208719562377,0,21,2610,3455,0,2786,0,146,3442
1753067208721505681,0,21,2610,3455,0,2786,0,146,3442
1753067208723507869,0,21,2610,3456,1,2786,0,146,3442
1753067208725484100,0,21,2610,3457,0,2786,0,146,3442
1753067208727500873,0,21,2610,3458,0,2786,0,146,3442
1753067208729503666,0,21,2610,3458,0,2786,0,146,3442
1753067208731506846,0,21,2610,3459,0,2786,0,146,3442
1753067208733472419,0,21,2610,3460,0,2786,0,146,3443
1753067208735451548,0,21,2610,3461,0,2786,0,146,3442
1753067208737469584,0,21,2611,3461,0,2786,0,146,3442
1753067208739488465,0,21,2611,3462,0,2786,0,146,3442
1753067208741484458,0,21,2611,3463,0,2785,0,146,3443
1753067208743525686,0,21,2611,3464,0,2785,0,146,3443
1753067208745497670,0,21,2611,3465,0,2785,0,146,3443
1753067208747523624,0,21,2611,3466,0,2785,0,146,3443
1753067208749432530,0,21,2611,3466,0,2786,0,146,3443
1753067208751454226,0,21,2611,3467,0,2786,0,146,3444
1753067208753466938,0,21,2611,3468,0,2785,0,146,3445
1753067208755492718,0,21,2611,3469,0,2785,0,146,3445
1753067208757500739,0,21,2612,3470,0,2786,0,146,3446
1753067208759505129,0,21,2612,3470,0,2785,0,146,3446
1753067208761458614,0,21,2612,3471,0,2785,0,146,3447
1753067208763444209,0,21,2612,3472,0,2785,0,146,3447
1753067208765419620,0,21,2612,3472,0,2785,0,146,3448
1753067208767480904,0,21,2613,3473,0,2785,0,146,3449
1753067208769501732,0,21,2613,3473,0,2785,0,146,3450
1753067208771516787,0,21,2613,3474,0,2786,0,146,3450
1753067208773439540,0,21,2613,3474,0,2786,0,146,3452
1753067208775430890,0,21,2614,3475,0,2786,0,146,3452
1753067208777452735,0,21,2614,3476,0,2786,0,146,3453
1753067208779452078,0,21,2614,3476,0,2786,0,146,3454
1753067208781483227,0,21,2614,3477,0,2786,0,146,3455
1753067208783481434,0,21,2614,3477,0,2786,0,146,3456
1753067208785412957,0,21,2614,3478,0,2786,0,146,3456
1753067208787391692,0,21,2615,3478,0,2786,0,146,3458
1753067208789364095,0,21,2615,3478,0,2786,0,146,3458
1753067208791404553,0,21,2615,3479,1,2786,0,146,3459
1753067208793420649,0,21,2615,3479,0,2786,0,146,3460
1753067208795480116,0,21,2615,3479,0,2786,0,146,3461
1753067208797453294,0,21,2616,3479,0,2786,0,146,3462
1753067208799378986,0,21,2616,3480,0,2786,0,146,3463
1753067208801328482,0,21,2616,3480,0,2786,0,146,3464
1753067208803313517,0,21,2616,3480,0,2786,0,146,3464
1753067208805356147,0,21,2616,3480,0,2786,0,146,3465
1753067208807393987,0,21,2616,3481,0,2787,0,146,3466
1753067208809360965,0,21,2616,3481,0,2787,0,146,3467
1753067208811365991,0,21,2616,3481,0,2787,0,146,3468
1753067208813363730,0,21,2616,3481,0,2787,0,146,3469
1753067208815309184,0,21,2617,3481,0,2788,0,146,3470
1753067208817394095,0,21,2617,3482,0,2788,0,146,3470
1753067208819370218,0,21,2617,3482,0,2789,0,146,3471
1753067208821371550,0,21,2617,3482,0,2789,0,146,3471
1753067208823334915,0,21,2617,3482,0,2790,0,146,3472
1753067208825298947,0,21,2617,3483,0,2790,0,146,3473
1753067208827346074,0,21,2617,3483,1,2791,0,146,3473
1753067208829316172,0,21,2618,3483,0,2792,0,146,3474
1753067208831277638,0,21,2618,3483,0,2792,0,146,3475
1753067208833352922,0,21,2618,3484,1,2793,0,146,3475
1753067208835338148,0,21,2619,3484,0,2794,0,146,3476
1753067208837308835,0,21,2619,3484,0,2794,0,146,3476
1753067208839340232,0,21,2619,3485,0,2795,0,146,3476
1753067208841288205,0,21,2619,3485,0,2796,0,146,3477
1753067208843323230,0,21,2619,3485,0,2797,0,147,3477
1753067208845335185,0,21,2619,3485,0,2797,0,146,3477
1753067208847307965,0,21,2619,3486,0,2798,0,146,3478
1753067208849288469,0,21,2619,3486,0,2798,0,146,3478
1753067208851247559,0,21,2620,3486,0,2799,0,146,3479
1753067208853245695,0,21,2620,3486,0,2800,0,146,3479
1753067208855261769,0,21,2620,3486,0,2801,0,146,3479
1753067208857292160,0,21,2620,3487,0,2801,0,146,3480
1753067208859245001,0,21,2620,3487,0,2802,0,146,3480
1753067208861202066,0,21,2621,3487,0,2803,0,146,3480
1753067208863252546,0,21,2621,3487,0,2804,0,146,3480
1753067208865283970,0,21,2621,3488,0,2804,0,146,3481
1753067208867270352,0,21,2621,3488,0,2805,0,146,3481
1753067208869269258,0,21,2621,3488,0,2806,0,146,3481
1753067208871245896,0,21,2621,3488,0,2806,0,146,3481
1753067208873237269,0,21,2621,3488,0,2807,0,146,3481
1753067208875192452,0,21,2622,3489,0,2807,0,146,3481
1753067208877232548,0,21,2622,3489,0,2808,0,146,3482
1753067208879260064,0,21,2622,3489,0,2809,0,146,3482
1753067208881267944,0,21,2623,3489,0,2809,0,146,3482
1753067208883277223,0,21,2623,3489,1,2810,0,146,3483
1753067208885252040,0,21,2623,3489,1,2810,0,146,3483
1753067208887257874,0,21,2623,3489,0,2811,0,146,3483
1753067208889285889,0,21,2624,3489,0,2812,0,146,3483
1753067208891274811,0,21,2624,3489,0,2812,0,146,3484
1753067208893261162,0,21,2624,3489,0,2812,0,146,3484
1753067208895271648,0,21,2625,3489,0,2813,0,146,3484
1753067208897264731,0,21,2625,3489,0,2813,0,146,3484
1753067208899258712,0,21,2625,3490,0,2814,0,146,3484
1753067208901223731,0,21,2625,3490,0,2814,0,146,3484
1753067208903175111,0,21,2625,3490,0,2815,0,146,3485
1753067208905120607,0,21,2626,3490,0,2815,0,146,3485
1753067208907242932,0,21,2626,3491,0,2816,0,146,3485
1753067208909182853,0,21,2626,3491,0,2816,0,146,3485
1753067208911148425,0,21,2627,3491,0,2817,0,146,3485
1753067208913099177,0,21,2627,3491,0,2817,0,146,3485
1753067208915152615,0,21,2627,3492,0,2817,0,146,3485
1753067208917126113,0,21,2627,3492,0,2818,0,146,3485
1753067208919192425,0,21,2627,3492,0,2818,0,146,3485
1753067208921100135,0,21,2628,3493,0,2819,0,146,3485
1753067208923090810,0,21,2628,3493,0,2819,0,146,3485
1753067208925072745,0,21,2628,3493,0,2819,0,146,3485
1753067208927097285,0,21,2628,3494,0,2819,0,146,3485
1753067208929128592,0,21,2629,3494,0,2820,0,146,3485
1753067208931368954,0,21,2629,3494,0,2820,0,146,3485
1753067208933267179,0,21,2629,3494,0,2820,0,146,3485
1753067208935199953,0,21,2629,3495,0,2820,0,146,3485
1753067208937177105,0,21,2629,3495,0,2821,0,146,3485
1753067208939154416,0,21,2630,3496,0,2821,0,146,3485
1753067208941087681,0,21,2630,3496,0,2821,0,146,3485
1753067208943166360,0,21,2630,3497,0,2821,0,146,3485
1753067208945142038,0,21,2630,3497,0,2821,0,146,3486
1753067208947248461,0,21,2630,3497,0,2821,0,146,3486
1753067208949149704,0,21,2630,3498,0,2821,0,146,3486
1753067208951155029,0,21,2631,3498,0,2821,0,146,3486
1753067208953071042,0,21,2631,3499,0,2821,0,146,3486
1753067208955121974,0,21,2631,3499,0,2821,0,146,3486
1753067208957134933,0,21,2631,3499,0,2821,0,146,3487
1753067208959123369,0,21,2631,3499,0,2821,0,146,3487
1753067208961078859,0,21,2631,3499,0,2821,0,146,3487
1753067208963065246,0,21,2631,3499,0,2822,0,146,3488
1753067208965030209,0,21,2631,3500,0,2822,0,146,3488
1753067208967111911,0,21,2631,3500,0,2822,0,146,3488
1753067208969159202,0,21,2631,3500,0,2822,0,146,3489
1753067208971098258,0,21,2632,3500,0,2822,0,146,3489
1753067208973109657,0,21,2632,3500,0,2822,0,146,3489
1753067208974994227,0,21,2632,3500,0,2822,0,146,3490
1753067208977084781,0,21,2632,3500,0,2823,0,146,3490
1753067208979088311,0,21,2632,3500,0,2823,0,146,3490
1753067208981081970,0,21,2632,3500,0,2823,0,146,3491
1753067208983063675,0,21,2633,3500,0,2823,0,146,3491
1753067208985033379,0,21,2633,3500,0,2823,0,146,3491
1753067208986999864,0,21,2633,3500,1,2823,0,146,3492
1753067208989083634,0,21,2633,3500,1,2823,0,146,3492
1753067208991106537,0,21,2633,3500,0,2823,0,146,3492
1753067208993102186,0,21,2633,3500,1,2823,0,146,3492
1753067208995087568,0,21,2633,3500,0,2824,0,146,3493
1753067208997039037,0,21,2633,3500,0,2824,0,146,3493
1753067208999063384,0,21,2633,3500,0,2824,0,146,3494
1753067209001095736,0,21,2633,3500,1,2824,0,146,3494
1753067209003074251,0,21,2633,3501,0,2824,0,146,3494
1753067209005064776,0,21,2633,3501,0,2824,0,146,3495
1753067209006974924,0,21,2633,3501,0,2824,0,146,3495
1753067209008970480,0,21,2633,3501,0,2824,0,146,3495
1753067209010970637,0,21,2633,3501,0,2824,0,146,3495
1753067209012969262,0,21,2634,3501,0,2825,0,146,3496
1753067209014976379,0,21,2634,3501,0,2825,0,146,3496
1753067209016958340,0,21,2634,3501,1,2825,0,146,3496
1753067209018972977,0,21,2634,3502,0,2825,0,146,3496
1753067209020993175,0,21,2634,3502,0,2825,0,146,3497
1753067209022996474,0,21,2634,3502,0,2826,0,146,3497
1753067209024943539,0,21,2634,3502,0,2826,0,146,3497
1753067209027065506,0,21,2635,3502,0,2826,0,146,3497
1753067209028953751,0,21,2635,3503,0,2827,0,146,3497
1753067209030941001,0,21,2634,3503,0,2827,0,146,3498
1753067209033008870,0,21,2635,3503,1,2827,0,146,3498
1753067209034933909,0,21,2635,3503,0,2828,0,146,3498
1753067209036905101,0,21,2635,3504,0,2828,0,146,3498
1753067209038908731,0,21,2635,3504,0,2828,0,146,3498
1753067209040958009,0,21,2635,3504,0,2828,0,146,3499
1753067209042934346,0,21,2636,3504,0,2829,0,146,3499
1753067209044907809,0,21,2636,3505,0,2829,0,146,3499
1753067209046914883,0,21,2636,3505,0,2829,0,146,3499
1753067209048878781,0,21,2636,3505,0,2830,0,146,3499
1753067209050918969,0,21,2636,3506,0,2830,0,146,3499
1753067209052903757,0,21,2636,3506,1,2831,0,146,3499
1753067209054894060,0,21,2637,3506,0,2831,0,146,3499
1753067209056881733,0,21,2637,3506,0,2831,0,146,3499
1753067209058880918,0,21,2637,3507,0,2832,0,146,3499
1753067209060881092,0,21,2637,3507,0,2832,0,146,3499
1753067209062908238,0,21,2638,3508,0,2832,0,146,3499
1753067209064917413,0,21,2638,3508,0,2832,0,146,3499
1753067209066938749,0,21,2638,3509,0,2833,0,146,3499
1753067209068912105,0,21,2638,3509,0,2833,0,146,3499
1753067209070922168,0,21,2638,3510,0,2833,0,146,3499
1753067209072858714,0,21,2638,3510,0,2833,0,146,3499
1753067209074840500,0,21,2638,3511,0,2834,0,146,3499
1753067209076860450,0,21,2639,3511,0,2834,0,146,3499
1753067209078872146,0,21,2639,3512,0,2834,0,146,3499
1753067209080863812,0,21,2639,3512,0,2834,0,146,3499
1753067209082995263,0,21,2639,3512,0,2834,0,146,3499
1753067209084896560,0,21,2639,3513,0,2834,0,146,3500
1753067209086904860,0,21,2640,3513,0,2835,0,146,3500
1753067209088895427,0,21,2640,3514,0,2835,0,146,3500
1753067209090918495,0,21,2640,3514,0,2835,0,146,3500
1753067209092813150,0,21,2640,3515,0,2835,0,146,3501
1753067209094802387,0,21,2641,3515,0,2835,0,146,3501
1753067209096810536,0,21,2641,3516,1,2835,0,146,3502
1753067209098851109,0,21,2641,3516,0,2835,0,146,3502
1753067209100851398,0,21,2641,3516,0,2835,0,146,3503
1753067209102798617,0,21,2642,3517,0,2835,0,146,3503
1753067209104767152,0,21,2642,3517,0,2835,0,146,3503
1753067209106774200,0,21,2643,3518,0,2835,0,146,3504
1753067209108814980,0,21,2643,3519,0,2835,0,146,3504
1753067209110831491,0,21,2643,3519,0,2835,0,146,3505
1753067209112855151,0,21,2643,3520,0,2835,0,146,3505
1753067209114766568,0,21,2644,3520,0,2836,0,146,3506
1753067209116753844,0,21,2644,3521,0,2836,0,146,3506
1753067209118762304,0,21,2644,3521,0,2836,0,146,3506
1753067209120775713,0,21,2644,3522,0,2836,0,146,3507
1753067209122810925,0,21,2644,3522,0,2836,0,146,3508
1753067209124844601,0,21,2645,3523,0,2836,0,146,3508
1753067209126767297,0,21,2645,3523,0,2836,0,146,3509
1753067209128748680,0,21,2645,3524,0,2836,0,146,3510
1753067209130756309,0,21,2646,3524,0,2836,0,146,3510
1753067209132842414,0,21,2646,3524,0,2836,0,146,3511
1753067209134779038,0,21,2646,3525,0,2836,0,146,3511
1753067209136741619,0,21,2646,3525,0,2836,0,146,3512
1753067209138762511,0,21,2646,3526,0,2837,0,146,3513
1753067209140715995,0,21,2647,3526,0,2837,0,146,3513
1753067209142758325,0,21,2647,3526,0,2837,0,146,3514
1753067209144685746,0,21,2647,3527,0,2837,0,146,3514
1753067209146727846,0,21,2647,3526,0,2837,0,146,3515
1753067209148799974,0,21,2648,3527,0,2837,0,146,3515
1753067209150735285,0,21,2648,3527,0,2838,0,146,3516
1753067209152724561,0,21,2648,3527,1,2838,0,146,3517
1753067209154714521,0,21,2649,3527,0,2838,0,146,3517
1753067209156733761,0,21,2649,3527,0,2838,0,146,3518
1753067209158710565,0,21,2649,3528,0,2839,0,146,3518
1753067209160707688,0,21,2649,3528,0,2839,0,146,3519
1753067209162692569,0,21,2649,3528,0,2839,0,146,3520
1753067209164635864,0,21,2649,3528,0,2840,0,146,3520
1753067209166692315,0,21,2650,3528,0,2840,0,146,3521
1753067209168680240,0,21,2650,3528,0,2840,0,146,3521
1753067209170640902,0,21,2651,3529,0,2840,0,146,3522
1753067209172639377,0,21,2651,3529,0,2841,0,146,3522
1753067209174751311,0,21,2651,3529,0,2841,0,146,3523
1753067209176649665,0,21,2651,3530,1,2841,0,146,3523
1753067209178676474,0,21,2652,3530,0,2842,0,146,3524
1753067209180677227,0,21,2652,3531,0,2842,0,146,3524
1753067209182693623,0,21,2652,3531,0,2843,0,146,3524
1753067209184644502,0,21,2653,3532,0,2843,0,146,3525
1753067209186614213,0,21,2653,3532,0,2843,0,146,3525
1753067209188654052,0,21,2653,3533,0,2844,0,146,3526
1753067209190643293,0,21,2653,3533,0,2844,0,146,3526
1753067209192633893,0,21,2654,3533,0,2845,0,146,3526
1753067209194645963,0,21,2654,3534,0,2845,0,146,3526
1753067209196602097,0,21,2654,3534,0,2846,0,146,3527
1753067209198644939,0,21,2655,3535,0,2846,0,146,3527
1753067209200613913,0,21,2655,3535,0,2846,0,146,3527
1753067209202630885,0,21,2655,3535,0,2847,0,146,3528
1753067209204612692,0,21,2655,3536,0,2847,0,146,3528
1753067209206549162,0,21,2656,3536,0,2847,0,146,3528
1753067209208538007,0,21,2656,3536,0,2848,0,146,3528
1753067209210534995,0,21,2656,3537,0,2848,0,146,3528
1753067209212564040,0,21,2656,3537,0,2848,0,146,3529
1753067209214531901,0,21,2656,3537,0,2848,0,146,3529
1753067209216510842,0,21,2657,3537,0,2848,0,146,3529
1753067209218536467,0,21,2657,3537,0,2848,0,146,3530
1753067209220531809,0,21,2657,3537,0,2848,0,146,3530
1753067209222539224,0,21,2657,3537,0,2848,0,146,3531
1753067209224510147,0,21,2658,3537,0,2848,0,146,3531
1753067209226523245,0,21,2658,3537,0,2848,0,146,3531
1753067209228530462,0,21,2658,3537,0,2848,0,146,3531
1753067209230517905,0,21,2658,3537,0,2848,0,146,3532
1753067209232578615,0,21,2658,3537,1,2849,0,146,3532
1753067209234570790,0,21,2659,3537,0,2849,0,146,3533
1753067209236552649,0,21,2659,3537,0,2849,0,146,3533
1753067209238563422,0,21,2659,3537,0,2849,0,146,3533
1753067209240574132,0,21,2659,3537,0,2849,0,146,3533
1753067209242596940,0,21,2659,3537,0,2850,0,146,3533
1753067209244570659,0,21,2659,3538,0,2850,0,146,3533
1753067209246605255,0,21,2660,3538,1,2850,0,146,3533
1753067209248561103,0,21,2660,3538,0,2851,0,146,3534
1753067209250607703,0,21,2660,3539,0,2851,0,146,3534
1753067209252537273,0,21,2660,3539,0,2852,0,146,3534
1753067209254576180,0,21,2660,3539,0,2852,0,146,3535
1753067209256540053,0,21,2661,3539,0,2852,0,146,3535
1753067209258540274,0,21,2661,3540,0,2853,0,146,3535
1753067209260579825,0,21,2661,3540,0,2853,0,146,3535
1753067209262650457,0,21,2661,3540,0,2854,0,146,3535
1753067209264581535,0,21,2661,3541,0,2854,0,146,3535
1753067209266576390,0,21,2662,3541,0,2855,0,146,3536
1753067209268571991,0,21,2662,3541,0,2855,0,146,3536
1753067209270659902,0,21,2662,3542,0,2855,0,146,3536
1753067209272641831,0,21,2662,3542,0,2856,0,146,3536
1753067209274625286,0,21,2662,3542,0,2856,0,146,3536
1753067209276554750,0,21,2663,3542,0,2857,0,146,3536
1753067209278599570,0,21,2663,3543,0,2857,0,146,3537
1753067209280551552,0,21,2663,3543,0,2857,0,146,3537
1753067209282627556,0,21,2663,3543,0,2858,0,146,3537
1753067209284653561,0,21,2663,3544,0,2858,0,146,3537
1753067209286641573,0,21,2663,3544,0,2858,0,146,3537
1753067209288619628,0,21,2663,3544,0,2859,0,146,3537
1753067209290633013,0,21,2664,3545,0,2859,0,146,3537
1753067209292637140,0,21,2664,3545,0,2860,0,146,3537
1753067209294640806,0,21,2664,3546,0,2860,0,146,3537
1753067209296634865,0,21,2664,3546,0,2860,0,146,3537
1753067209298649347,0,21,2664,3546,0,2861,0,146,3537
1753067209300628428,0,21,2665,3547,0,2861,0,146,3537
1753067209302565315,0,21,2665,3547,1,2861,0,146,3537
1753067209304525139,0,21,2665,3547,0,2861,0,146,3537
1753067209306581124,0,21,2665,3548,0,2862,0,146,3537
1753067209308556053,0,21,2666,3548,0,2862,0,146,3537
1753067209310516720,0,21,2666,3548,0,2862,0,146,3537
1753067209312438365,0,21,2666,3549,0,2862,0,146,3537
1753067209314502784,0,21,2666,3549,0,2863,0,146,3537
1753067209316510098,0,21,2666,3549,0,2863,0,146,3537
1753067209318508371,0,21,2667,3550,0,2863,0,146,3537
1753067209320531604,0,21,2667,3550,0,2863,0,146,3537
1753067209322571581,0,21,2667,3550,0,2864,0,146,3537
1753067209324536428,0,21,2667,3550,0,2864,0,146,3538
1753067209326627910,0,21,2668,3551,1,2864,0,146,3537
1753067209328565033,0,21,2668,3551,0,2865,0,146,3538
1753067209330514236,0,21,2668,3551,0,2865,0,146,3538
1753067209332544783,0,21,2668,3551,0,2865,0,146,3538
1753067209335440116,0,21,2668,3551,0,2866,0,146,3538
1753067209337474099,0,21,2669,3551,0,2866,0,146,3538
1753067209339480387,0,21,2669,3552,0,2866,0,146,3539
1753067209341454750,0,21,2669,3552,0,2866,0,146,3539
1753067209343444973,0,21,2671,3552,0,2866,0,146,3539
1753067209345366980,0,21,2671,3552,0,2866,0,146,3540
1753067209347380957,0,21,2671,3552,0,2867,0,146,3540
1753067209349376626,0,21,2671,3553,0,2867,0,146,3540
1753067209351471559,0,21,2672,3553,0,2867,0,146,3541
1753067209353437495,0,21,2673,3553,0,2867,0,146,3541
1753067209355404766,0,21,2673,3553,0,2867,0,146,3542
1753067209357475698,0,21,2673,3553,0,2867,0,146,3542
1753067209359393914,0,21,2673,3553,0,2867,0,146,3542
1753067209361357986,0,21,2674,3553,0,2867,0,146,3543
1753067209363402365,0,21,2674,3553,0,2867,0,146,3543
1753067209365410703,0,21,2674,3554,1,2867,0,146,3544
1753067209367451549,0,21,2674,3554,0,2867,0,146,3544
1753067209369397972,0,21,2675,3554,0,2867,0,146,3545
1753067209371419769,0,21,2675,3554,0,2867,0,146,3545
1753067209373385956,0,21,2675,3554,0,2867,0,146,3546
1753067209375387759,0,21,2675,3554,0,2867,0,146,3546
1753067209377372224,0,21,2676,3555,0,2867,0,146,3546
1753067209379365790,0,21,2676,3555,0,2867,0,146,3546
1753067209381395388,0,21,2677,3555,0,2867,0,146,3547
1753067209383413322,0,21,2677,3555,0,2867,0,146,3548
1753067209385453809,0,21,2677,3556,0,2867,0,146,3548
1753067209387421242,0,21,2677,3556,0,2867,0,146,3549
1753067209389430213,0,21,2678,3556,0,2867,0,146,3549
1753067209391468168,0,21,2678,3557,0,2867,0,146,3549
1753067209393417406,0,21,2679,3557,0,2868,0,146,3549
1753067209395471014,0,21,2679,3557,0,2868,0,146,3550
1753067209397530704,0,21,2680,3558,1,2868,0,146,3550
1753067209399481520,0,21,2680,3558,0,2868,0,146,3550
1753067209401486152,0,21,2680,3559,0,2869,0,146,3551
1753067209403441330,0,21,2680,3559,0,2869,0,146,3551
1753067209405417538,0,21,2681,3559,0,2869,0,146,3551
1753067209407425715,0,21,2681,3560,0,2870,0,146,3551
1753067209409345891,0,21,2682,3560,0,2870,0,146,3552
1753067209411310606,0,21,2682,3560,0,2870,0,146,3552
1753067209413312278,0,21,2683,3561,0,2870,0,146,3552
1753067209415339829,0,21,2683,3561,1,2870,0,146,3552
1753067209417344118,0,21,2683,3561,0,2871,0,146,3552
1753067209419346512,0,21,2684,3562,0,2871,0,146,3553
1753067209421348625,0,21,2684,3562,0,2871,0,146,3553
1753067209423305988,0,21,2684,3563,0,2871,0,146,3553
1753067209425368420,0,21,2685,3563,0,2872,0,146,3554
1753067209427361525,0,21,2685,3563,0,2872,0,146,3554
1753067209429358533,0,21,2685,3563,0,2872,0,146,3554
1753067209431335416,0,21,2686,3564,1,2873,0,146,3554
1753067209433295500,0,21,2686,3564,0,2873,0,146,3554
1753067209435347198,0,21,2686,3564,0,2873,0,146,3555
1753067209437295817,0,21,2687,3565,0,2874,0,146,3555
1753067209439331758,0,21,2687,3565,0,2874,0,146,3555
1753067209441344111,0,21,2687,3565,0,2874,0,146,3555
1753067209443290436,0,21,2688,3565,0,2875,0,146,3556
1753067209445289530,0,21,2688,3566,0,2875,0,146,3556
1753067209447366942,0,21,2688,3566,0,2875,0,146,3556
1753067209449348458,0,21,2689,3566,0,2875,0,146,3556
1753067209451281051,0,21,2689,3567,0,2875,0,146,3556
1753067209453294216,0,21,2689,3567,0,2875,0,146,3556
1753067209455211386,0,21,2690,3567,0,2875,0,146,3557
1753067209457216743,0,21,2690,3568,0,2875,0,146,3557
1753067209459231310,0,21,2690,3568,0,2875,0,146,3557
1753067209461201097,0,21,2690,3568,0,2875,0,146,3558
1753067209463124779,0,21,2691,3569,0,2875,0,146,3558
1753067209465161052,0,21,2691,3569,0,2875,0,146,3559
1753067209467174525,0,21,2691,3569,0,2875,0,146,3559
1753067209469167267,0,21,2692,3570,1,2875,0,146,3559
1753067209471164276,0,21,2692,3570,0,2876,0,146,3559
1753067209473116153,0,21,2692,3570,0,2876,0,146,3560
1753067209475211948,0,21,2692,3570,0,2876,0,146,3560
1753067209477217275,0,21,2693,3571,0,2876,0,146,3560
1753067209479132923,0,21,2693,3571,0,2877,0,146,3561
1753067209481165027,0,21,2693,3571,0,2877,0,146,3561
1753067209483233863,0,21,2694,3571,0,2878,0,146,3561
1753067209485181508,0,21,2694,3572,0,2878,0,146,3562
1753067209487213436,0,21,2694,3572,0,2879,0,146,3562
1753067209489145731,0,21,2695,3572,0,2879,0,146,3562
1753067209491132885,0,21,2695,3573,0,2880,0,146,3562
1753067209493076462,0,21,2695,3573,0,2880,0,146,3563
1753067209495074307,0,21,2696,3573,0,2880,0,146,3563
1753067209497132715,0,21,2696,3573,0,2881,0,146,3563
1753067209499215653,0,21,2696,3574,0,2881,0,146,3564
1753067209501140748,0,21,2697,3574,0,2881,0,146,3564
1753067209503105266,0,21,2697,3574,0,2882,0,146,3565
1753067209505069897,0,21,2697,3575,0,2882,0,146,3565
1753067209507047660,0,21,2697,3575,0,2882,0,146,3565
1753067209509157262,0,21,2698,3575,0,2882,0,146,3566
1753067209511166666,0,21,2698,3576,0,2883,0,146,3566
1753067209513023955,0,21,2699,3576,0,2883,0,146,3566
1753067209515019484,0,21,2699,3576,0,2883,0,146,3567
1753067209517045482,0,21,2699,3576,0,2883,0,146,3567
1753067209519156333,0,21,2700,3576,0,2884,0,146,3567
1753067209521150249,0,21,2700,3576,0,2884,0,146,3568
1753067209523104157,0,21,2701,3578,0,2884,0,146,3568
1753067209525026763,0,21,2701,3578,0,2884,0,146,3568
1753067209527014705,0,21,2701,3579,0,2884,0,146,3568
1753067209529067902,0,21,2702,3579,1,2884,0,146,3569
1753067209531088427,0,21,2702,3580,0,2885,0,146,3569
1753067209533046536,0,21,2703,3580,0,2885,0,146,3569
1753067209535034214,0,21,2703,3580,0,2885,0,146,3569
1753067209536973904,0,21,2703,3581,0,2885,0,146,3570
1753067209539048097,0,21,2703,3581,0,2885,0,146,3570
1753067209541077793,0,21,2703,3581,0,2885,0,146,3570
1753067209543090869,0,21,2704,3581,0,2885,0,146,3571
1753067209545071163,0,21,2704,3581,0,2885,0,146,3571
1753067209547104883,0,21,2704,3582,1,2885,0,146,3571
1753067209549008141,0,21,2704,3582,0,2885,0,146,3571
1753067209550994774,0,21,2705,3582,0,2886,0,146,3571
1753067209553063534,0,21,2705,3583,0,2886,0,146,3572
1753067209555023240,0,21,2706,3583,0,2886,0,146,3572
1753067209557045954,0,21,2706,3583,0,2886,0,146,3572
1753067209559017519,0,21,2706,3583,0,2887,0,146,3573
1753067209560971383,0,21,2706,3583,0,2887,0,146,3573
1753067209562999875,0,21,2707,3584,0,2887,0,146,3573
1753067209565001187,0,21,2707,3584,0,2887,0,146,3573
1753067209567000774,0,21,2708,3585,0,2887,0,146,3574
1753067209568987045,0,21,2708,3585,0,2887,0,146,3574
1753067209570942686,0,21,2708,3585,0,2888,0,146,3574
1753067209572943622,0,21,2709,3586,1,2888,0,146,3575
1753067209574938370,0,21,2709,3586,0,2888,0,146,3575
1753067209576979436,0,21,2709,3586,0,2888,0,146,3575
1753067209579069774,0,21,2710,3587,0,2888,0,146,3575
1753067209581056831,0,21,2710,3587,1,2889,0,146,3576
1753067209582991968,0,21,2710,3587,0,2889,0,146,3576
1753067209584997840,0,21,2710,3588,0,2889,0,146,3576
1753067209587000049,0,21,2710,3588,0,2889,0,146,3576
1753067209588989345,0,21,2711,3589,0,2889,0,146,3577
1753067209590975548,0,21,2711,3589,0,2889,0,146,3577
1753067209592976829,0,21,2711,3589,0,2890,0,146,3577
1753067209594986802,0,21,2712,3590,0,2890,0,146,3577
1753067209596913101,0,21,2712,3590,0,2890,0,146,3578
1753067209598948724,0,21,2712,3590,0,2890,0,146,3578
1753067209600860844,0,21,2712,3591,0,2890,0,146,3578
1753067209602878709,0,21,2713,3591,0,2891,0,146,3578
1753067209604957347,0,21,2713,3591,0,2891,0,146,3579
1753067209606917726,0,21,2713,3592,0,2891,0,146,3579
1753067209608905827,0,21,2713,3592,0,2891,0,146,3579
1753067209610931791,0,21,2713,3593,0,2891,0,146,3580
1753067209612971499,0,21,2714,3593,0,2891,0,146,3580
1753067209615017167,0,21,2714,3593,0,2892,0,146,3580
1753067209616951610,0,21,2714,3594,0,2892,0,146,3580
1753067209618872856,0,21,2714,3594,0,2892,0,146,3581
1753067209620904906,0,21,2715,3594,0,2892,0,146,3581
1753067209622862305,0,21,2715,3594,0,2892,0,146,3581
1753067209624833974,0,21,2715,3595,0,2893,0,146,3581
1753067209626836290,0,21,2715,3595,0,2893,0,146,3582
1753067209628787817,0,21,2715,3595,0,2893,0,146,3582
1753067209630791095,0,21,2715,3596,0,2893,0,146,3582
1753067209632794068,0,21,2716,3596,0,2894,0,146,3583
1753067209634772229,0,21,2716,3596,0,2894,0,146,3583
1753067209636786421,0,21,2716,3596,0,2894,0,146,3583
1753067209638772452,0,21,2716,3597,0,2894,0,146,3584
1753067209640721959,0,21,2716,3597,0,2894,0,146,3584
1753067209642737463,0,21,2716,3597,0,2895,0,146,3585
1753067209644747553,0,21,2717,3598,0,2895,0,146,3585
1753067209646752016,0,21,2717,3598,0,2895,0,146,3585
1753067209648758642,0,21,2717,3598,0,2895,0,146,3586
1753067209650731742,0,21,2717,3598,0,2896,0,146,3586
1753067209652739455,0,21,2717,3599,0,2896,0,146,3587
1753067209654733391,0,21,2717,3599,0,2896,0,146,3587
1753067209656753023,0,21,2717,3599,1,2897,0,146,3588
1753067209658756019,0,21,2717,3599,0,2897,0,146,3588
1753067209660727564,0,21,2717,3599,0,2897,0,146,3588
1753067209662714849,0,21,2717,3600,0,2897,0,146,3589
1753067209664737737,0,21,2718,3600,0,2898,0,146,3589
1753067209666743330,0,21,2718,3600,1,2898,0,146,3590
1753067209668755057,0,21,2718,3600,0,2898,0,146,3590
1753067209670733773,0,21,2718,3601,0,2898,0,146,3590
1753067209672723899,0,21,2718,3601,0,2898,0,146,3591
1753067209674802141,0,21,2718,3602,0,2898,0,146,3591
1753067209676796588,0,21,2719,3602,0,2899,0,146,3592
1753067209678721866,0,21,2719,3602,0,2899,0,146,3592
1753067209680738219,0,21,2719,3603,0,2899,0,146,3593
1753067209682727787,0,21,2719,3603,0,2899,0,146,3593
1753067209684789381,0,21,2719,3604,0,2899,0,146,3594
1753067209686735350,0,21,2720,3604,0,2899,0,146,3594
1753067209688792845,0,21,2720,3604,0,2899,0,146,3595
1753067209690798169,0,21,2720,3604,0,2900,0,146,3595
1753067209692807794,0,21,2720,3605,0,2900,0,146,3596
1753067209694772179,0,21,2720,3605,0,2900,0,146,3596
1753067209696747491,0,21,2720,3605,0,2900,0,146,3597
1753067209698698832,0,21,2720,3605,0,2901,0,146,3597
1753067209700744815,0,21,2720,3606,0,2901,0,146,3597
1753067209702804639,0,21,2720,3606,0,2902,0,146,3598
1753067209704770302,0,21,2720,3606,0,2902,0,146,3598
1753067209706802305,0,21,2720,3606,0,2903,0,146,3599
1753067209708695078,0,21,2720,3606,0,2903,0,146,3599
1753067209710722493,0,21,2720,3606,0,2903,0,146,3599
1753067209712707526,0,21,2720,3607,0,2904,0,146,3600
1753067209714692016,0,21,2721,3607,0,2904,0,146,3600
1753067209716684385,0,21,2721,3607,0,2904,0,146,3600
1753067209718708814,0,21,2721,3607,0,2905,0,146,3601
1753067209720744143,0,21,2721,3607,0,2905,0,146,3601
1753067209722750784,0,21,2721,3608,0,2906,0,146,3602
1753067209724760037,0,21,2721,3607,0,2906,0,146,3603
1753067209726707658,0,21,2721,3608,0,2907,0,146,3603
1753067209728675385,0,21,2721,3607,0,2907,0,146,3603
1753067209730642155,0,21,2721,3607,0,2908,0,146,3604
1753067209732679071,0,21,2721,3608,0,2908,0,146,3604
1753067209734718868,0,21,2722,3607,0,2908,0,146,3604
1753067209736765475,0,21,2722,3608,0,2909,0,146,3604
1753067209738713792,0,21,2722,3608,0,2909,0,146,3604
1753067209740694720,0,21,2722,3608,0,2909,0,146,3605
1753067209742741873,0,21,2722,3608,0,2910,0,146,3605
1753067209744666572,0,21,2722,3608,0,2910,0,146,3606
1753067209746729951,0,21,2723,3608,1,2910,0,146,3606
1753067209748648256,0,21,2723,3608,0,2911,0,146,3606
1753067209750623595,0,21,2723,3608,0,2911,0,146,3606
1753067209752673877,0,21,2723,3608,0,2911,0,146,3607
1753067209754649984,0,21,2723,3608,0,2911,0,146,3607
1753067209756626429,0,21,2723,3608,0,2912,0,146,3607
1753067209758629724,0,21,2724,3608,0,2912,0,146,3607
1753067209760635531,0,21,2724,3608,0,2912,0,146,3607
1753067209762621313,0,21,2725,3609,0,2913,0,146,3608
1753067209764613545,0,21,2725,3609,0,2913,0,146,3608
1753067209766659833,0,21,2725,3609,0,2913,0,146,3608
1753067209768592448,0,21,2725,3609,0,2914,0,146,3608
1753067209770638397,0,21,2725,3610,0,2914,0,146,3608
1753067209772611258,0,21,2725,3610,0,2915,0,146,3608
1753067209774624598,0,21,2725,3611,0,2915,0,146,3608
1753067209776586827,0,21,2725,3611,0,2915,0,146,3608
1753067209778641437,0,21,2725,3612,0,2915,0,146,3608
1753067209780564835,0,21,2726,3612,0,2916,0,146,3608
1753067209782655660,0,21,2726,3612,0,2916,0,146,3608
1753067209784617026,0,21,2726,3613,0,2916,0,146,3608
1753067209786593235,0,21,2726,3613,0,2916,0,146,3608
1753067209788593301,0,21,2727,3613,0,2916,0,146,3608
1753067209790632079,0,21,2727,3614,0,2916,0,146,3608
1753067209792567057,0,21,2727,3614,0,2916,0,146,3608
1753067209794600861,0,21,2727,3614,0,2916,0,146,3608
1753067209796608487,0,21,2727,3614,0,2916,0,146,3608
1753067209798594254,0,21,2727,3615,0,2916,0,146,3608
1753067209800590280,0,21,2728,3615,0,2916,0,146,3608
1753067209802661549,0,21,2728,3615,0,2916,0,146,3608
1753067209804597288,0,21,2728,3616,0,2916,0,146,3608
1753067209806608341,0,21,2728,3616,0,2916,0,146,3608
1753067209808573158,0,21,2728,3616,0,2916,0,146,3608
1753067209810559977,0,21,2729,3617,0,2917,0,146,3608
1753067209812499481,0,21,2729,3617,0,2917,0,146,3608
1753067209814525285,0,21,2729,3617,0,2917,0,146,3608
1753067209816554174,0,21,2729,3617,0,2917,0,146,3608
1753067209818540698,0,21,2729,3618,0,2918,0,146,3608
1753067209820510926,0,21,2729,3618,0,2918,0,146,3608
1753067209822546306,0,21,2730,3619,0,2918,0,146,3608
1753067209824521152,0,21,2730,3619,0,2918,0,146,3608
1753067209826531635,0,21,2730,3619,1,2919,0,146,3608
1753067209828535333,0,21,2730,3620,0,2919,0,146,3608
1753067209831550325,0,21,2731,3620,0,2919,0,146,3608
1753067209833554294,0,21,2731,3621,0,2919,0,146,3608
1753067209835536381,0,21,2731,3621,0,2919,0,146,3608
1753067209837536433,0,21,2731,3621,0,2919,0,146,3608
1753067209839473121,0,21,2731,3621,0,2921,0,146,3608
1753067209841550763,0,21,2731,3622,0,2921,0,146,3608
1753067209843525319,0,21,2732,3622,1,2921,0,146,3608
1753067209845520936,0,21,2732,3622,0,2921,0,146,3608
1753067209847469799,0,21,2732,3623,0,2921,0,146,3608
1753067209849494539,0,21,2732,3623,0,2921,0,146,3608
1753067209851493868,0,21,2733,3623,0,2921,0,146,3608
1753067209853525150,0,21,2733,3623,0,2921,0,146,3608
1753067209855486051,0,21,2733,3624,0,2921,0,146,3609
1753067209857443415,0,21,2733,3624,0,2921,0,146,3609
1753067209859470405,0,21,2734,3624,0,2921,0,146,3609
1753067209861541708,0,21,2734,3625,1,2922,0,146,3610
1753067209863543039,0,21,2734,3625,0,2922,0,146,3610
1753067209865550139,0,21,2734,3625,0,2922,0,146,3610
1753067209867518703,0,21,2735,3625,0,2922,0,146,3611
1753067209869542724,0,21,2735,3626,0,2922,0,146,3611
1753067209871546054,0,21,2735,3626,0,2922,0,146,3612
1753067209873510701,0,21,2736,3626,0,2922,0,146,3612
1753067209875478283,0,21,2736,3626,0,2922,0,146,3613
1753067209877546306,0,21,2736,3626,0,2923,0,146,3613
1753067209879473924,0,21,2736,3627,0,2923,0,146,3614
1753067209881399178,0,21,2737,3627,0,2923,0,146,3615
1753067209883470543,0,21,2737,3627,0,2923,0,146,3615
1753067209885436113,0,21,2737,3628,0,2923,0,146,3616
1753067209887361359,0,21,2737,3628,1,2923,0,146,3616
1753067209889349230,0,21,2738,3628,0,2923,0,146,3617
1753067209891384891,0,21,2738,3628,0,2924,0,146,3617
1753067209893347237,0,21,2738,3629,0,2924,0,146,3618
1753067209895367555,0,21,2738,3629,0,2924,0,146,3618
1753067209897369233,0,21,2738,3630,0,2924,0,146,3619
1753067209899440274,0,21,2739,3630,0,2924,0,146,3620
1753067209901363072,0,21,2739,3631,0,2925,0,146,3620
1753067209903346524,0,21,2739,3631,0,2925,0,146,3621
1753067209905379356,0,21,2739,3632,0,2925,0,146,3622
1753067209907405218,0,21,2739,3632,0,2925,0,146,3622
1753067209909374169,0,21,2739,3633,0,2925,0,146,3623
1753067209911394091,0,21,2739,3633,0,2926,0,146,3623
1753067209913332534,0,21,2740,3634,0,2926,0,146,3624
1753067209915388494,0,21,2740,3634,0,2927,0,146,3624
1753067209917355255,0,21,2740,3635,0,2927,0,146,3625
1753067209919419724,0,21,2740,3635,0,2928,0,146,3625
1753067209921342282,0,21,2740,3635,0,2928,0,146,3626
1753067209923367389,0,21,2740,3636,0,2928,0,146,3626
1753067209925332921,0,21,2740,3637,0,2929,0,146,3627
1753067209927288688,0,21,2741,3637,0,2929,0,146,3627
1753067209929278685,0,21,2741,3638,0,2929,0,146,3627
1753067209931324332,0,21,2741,3638,0,2929,0,146,3627
1753067209933304135,0,21,2741,3639,1,2929,0,146,3628
1753067209935357218,0,21,2741,3639,0,2929,0,146,3628
1753067209937310019,0,21,2742,3640,0,2930,0,146,3629
1753067209939309579,0,21,2742,3640,0,2930,0,146,3629
1753067209941261614,0,21,2742,3641,0,2930,0,146,3630
1753067209943291064,0,21,2742,3641,0,2930,0,146,3630
1753067209945327625,0,21,2742,3641,0,2930,0,146,3631
1753067209947380608,0,21,2743,3641,0,2931,0,146,3631
1753067209949263253,0,21,2743,3642,0,2931,0,146,3632
1753067209951256631,0,21,2743,3642,0,2931,0,146,3632
1753067209953207666,0,21,2743,3642,0,2932,0,146,3632
1753067209955196390,0,21,2744,3643,1,2932,0,146,3633
1753067209957227815,0,21,2744,3643,1,2932,0,146,3633
1753067209959254485,0,21,2744,3643,0,2933,0,146,3634
1753067209961241599,0,21,2744,3644,0,2933,0,146,3634
1753067209963215016,0,21,2744,3644,0,2933,0,146,3635
1753067209965220730,0,21,2744,3644,0,2934,0,146,3635
1753067209967189923,0,21,2744,3644,0,2934,0,146,3636
1753067209969233728,0,21,2744,3644,0,2934,0,146,3636
1753067209971252513,0,21,2745,3645,0,2935,0,146,3636
1753067209973311072,0,21,2745,3645,0,2935,0,146,3637
1753067209975317376,0,21,2745,3645,0,2935,0,146,3637
1753067209977314519,0,21,2745,3646,0,2936,0,146,3638
1753067209979328592,0,21,2746,3646,1,2936,0,146,3638
1753067209981326823,0,21,2746,3646,1,2937,0,146,3638
1753067209983224106,0,21,2746,3646,0,2937,0,146,3639
1753067209985281651,0,21,2746,3646,1,2938,0,146,3639
1753067209987314743,0,21,2746,3646,0,2939,0,146,3639
1753067209989260623,0,21,2746,3646,1,2939,0,146,3640
1753067209991270463,0,21,2746,3646,0,2940,0,146,3640
1753067209993273432,0,21,2747,3646,0,2940,0,146,3640
1753067209995261401,0,21,2747,3647,0,2941,0,146,3640
1753067209997284614,0,21,2747,3647,0,2941,0,146,3641
1753067209999287798,0,21,2747,3647,0,2942,0,146,3641
1753067210001202851,0,21,2748,3647,0,2942,0,146,3642
1753067210003199894,0,21,2748,3647,0,2942,0,146,3642
1753067210005165532,0,21,2748,3647,0,2943,0,146,3642
1753067210007158000,0,21,2748,3648,1,2943,0,146,3643
1753067210009167993,0,21,2748,3648,0,2944,0,146,3643
1753067210011199172,0,21,2749,3648,0,2944,0,146,3643
1753067210013214839,0,21,2749,3648,0,2944,0,146,3644
1753067210015143839,0,21,2749,3649,0,2945,0,146,3644
1753067210017116130,0,21,2749,3649,0,2945,0,146,3644
1753067210019176811,0,21,2749,3649,0,2946,0,146,3644
1753067210021166831,0,21,2750,3649,0,2946,0,146,3645
1753067210023129338,0,21,2750,3650,1,2947,0,146,3645
1753067210025080998,0,21,2750,3650,0,2947,0,146,3645
1753067210027102543,0,21,2750,3650,0,2948,0,146,3645
1753067210029100833,0,21,2750,3650,0,2948,0,146,3645
1753067210031069892,0,21,2750,3651,0,2948,0,146,3645
1753067210033089168,0,21,2751,3651,0,2948,0,146,3645
1753067210035122532,0,21,2751,3651,0,2948,0,146,3646
1753067210037115803,0,21,2751,3652,0,2949,0,146,3646
1753067210039128589,0,21,2751,3652,0,2949,0,146,3646
1753067210041080815,0,21,2751,3652,0,2950,0,146,3646
1753067210043111707,0,21,2752,3653,0,2950,0,146,3646
1753067210045110843,0,21,2752,3653,0,2950,0,146,3647
1753067210047052133,0,21,2752,3653,0,2951,0,146,3647
1753067210049182231,0,21,2752,3653,0,2951,0,146,3647
1753067210051101547,0,21,2753,3653,0,2951,0,146,3647
1753067210053197476,0,21,2753,3653,1,2952,0,146,3648
1753067210055094554,0,21,2753,3653,1,2952,0,146,3648
1753067210057161976,0,21,2753,3654,0,2952,0,146,3648
1753067210059094286,0,21,2753,3654,0,2953,0,146,3649
1753067210061055200,0,21,2753,3654,0,2953,0,146,3649
1753067210063022524,0,21,2754,3654,0,2953,0,146,3649
1753067210065013860,0,21,2754,3654,0,2953,0,146,3649
1753067210067022772,0,21,2754,3654,0,2954,0,146,3649
1753067210069066403,0,21,2754,3654,0,2954,0,146,3650
1753067210071072676,0,21,2755,3654,0,2955,0,146,3650
1753067210073087167,0,21,2755,3654,0,2955,0,146,3650
1753067210075046489,0,21,2755,3654,1,2955,0,146,3650
1753067210077034557,0,21,2755,3654,0,2955,0,146,3650
1753067210079024166,0,21,2755,3655,0,2956,0,146,3650
1753067210081001469,0,21,2755,3655,0,2956,0,146,3650
1753067210083036277,0,21,2756,3655,1,2956,0,146,3650
1753067210085028883,0,21,2756,3655,0,2956,0,146,3650
1753067210087090156,0,21,2756,3655,1,2956,0,146,3650
1753067210089055866,0,21,2756,3655,0,2956,0,146,3650
1753067210090968000,0,21,2757,3655,0,2956,0,146,3650
1753067210092970953,0,21,2757,3655,0,2956,0,146,3650
1753067210094993771,0,21,2757,3655,1,2956,0,146,3650
1753067210097037961,0,21,2757,3655,0,2956,0,146,3650
1753067210099038851,0,21,2758,3655,0,2956,0,146,3650
1753067210101021284,0,21,2758,3655,1,2956,0,146,3650
1753067210102996751,0,21,2758,3655,0,2956,0,146,3650
1753067210105057280,0,21,2759,3655,0,2956,0,146,3650
1753067210107047448,0,21,2759,3655,0,2956,0,146,3650
1753067210109042123,0,21,2759,3656,0,2956,0,146,3650
1753067210110986747,0,21,2759,3656,0,2956,0,146,3650
1753067210112983748,0,21,2759,3656,0,2956,0,146,3650
1753067210114995342,0,21,2760,3656,0,2956,0,146,3650
1753067210117090145,0,21,2760,3656,0,2956,0,146,3650
1753067210119008779,0,21,2760,3656,1,2957,0,146,3650
1753067210120949193,0,21,2761,3657,0,2957,0,146,3650
1753067210123017351,0,21,2761,3657,0,2957,0,146,3650
1753067210124984714,0,21,2761,3657,0,2957,0,146,3650
1753067210126949197,0,21,2762,3657,0,2957,0,146,3650
1753067210128956840,0,21,2762,3658,0,2957,0,146,3650
1753067210130966768,0,21,2762,3658,0,2957,0,146,3650
1753067210132966209,0,21,2762,3658,0,2957,0,146,3650
1753067210134963366,0,21,2763,3659,0,2957,0,146,3650
1753067210136955266,0,21,2763,3659,0,2957,0,146,3650
1753067210138979703,0,21,2763,3659,0,2957,0,146,3650
1753067210140942939,0,21,2763,3660,0,2957,0,146,3650
1753067210142895750,0,21,2764,3660,0,2957,0,146,3650
1753067210144867941,0,21,2764,3660,0,2957,0,146,3650
1753067210146936282,0,21,2764,3661,0,2957,0,146,3650
1753067210148882210,0,21,2765,3661,0,2957,0,146,3650
1753067210150894584,0,21,2765,3662,0,2957,0,146,3650
1753067210152957271,0,21,2765,3662,0,2957,0,146,3650
1753067210154938570,0,21,2765,3662,0,2958,0,146,3650
1753067210156981690,0,21,2766,3663,0,2958,0,146,3650
1753067210158873429,0,21,2766,3663,0,2958,0,146,3650
1753067210160901745,0,21,2766,3663,0,2958,0,146,3650
1753067210162892886,0,21,2766,3664,0,2959,0,146,3650
1753067210164861715,0,21,2766,3664,0,2959,0,146,3650
1753067210166822034,0,21,2766,3665,0,2959,0,146,3650
1753067210168882721,0,21,2767,3665,0,2960,0,146,3650
1753067210170853093,0,21,2767,3665,0,2960,0,146,3651
1753067210172850199,0,21,2767,3665,0,2960,0,146,3651
1753067210174892061,0,21,2767,3666,0,2961,0,146,3651
1753067210176890187,0,21,2767,3666,0,2961,0,146,3652
1753067210179000089,0,21,2767,3666,0,2961,0,146,3652
1753067210180911392,0,21,2767,3666,0,2961,0,146,3652
1753067210182878042,0,21,2767,3667,0,2961,0,146,3653
1753067210184826870,0,21,2767,3667,0,2962,0,146,3653
1753067210186817223,0,21,2767,3667,0,2962,0,146,3653
1753067210188812213,0,21,2767,3667,0,2962,0,146,3654
1753067210190909361,0,21,2767,3667,0,2962,0,146,3654
1753067210192870062,0,21,2767,3667,0,2962,0,146,3655
1753067210194852298,0,21,2768,3667,0,2962,0,146,3655
1753067210196794453,0,21,2768,3668,0,2962,0,146,3655
1753067210198837462,0,21,2768,3668,0,2962,0,146,3656
1753067210200827307,0,21,2768,3668,0,2962,0,146,3656
1753067210202873949,0,21,2768,3668,0,2962,0,146,3657
1753067210204863724,0,21,2768,3669,0,2962,0,146,3657
1753067210206856945,0,21,2768,3669,0,2962,0,146,3658
1753067210208854416,0,21,2769,3669,1,2962,0,146,3658
1753067210210871282,0,21,2769,3669,0,2962,0,146,3659
1753067210212830730,0,21,2769,3669,0,2962,0,146,3659
1753067210214846237,0,21,2769,3669,0,2962,0,146,3659
1753067210216829811,0,21,2769,3669,0,2962,0,146,3659
1753067210218804241,0,21,2769,3670,0,2962,0,146,3659
1753067210220772729,0,21,2769,3670,0,2962,0,146,3661
1753067210222778905,0,21,2770,3670,0,2962,0,146,3661
1753067210224796692,0,21,2770,3670,0,2962,0,146,3662
1753067210226774985,0,21,2770,3671,0,2962,0,146,3662
1753067210228731963,0,21,2770,3671,0,2963,0,146,3663
1753067210230723139,0,21,2770,3671,0,2963,0,146,3663
1753067210232781051,0,21,2770,3671,0,2963,0,146,3663
1753067210234711637,0,21,2771,3671,0,2963,0,146,3664
1753067210236688084,0,21,2771,3671,0,2963,0,146,3664
1753067210238739668,0,21,2771,3672,0,2964,0,146,3665
1753067210240738100,0,21,2771,3672,0,2964,0,146,3665
1753067210242811700,0,21,2771,3672,0,2964,0,146,3665
1753067210244780431,0,21,2772,3672,0,2965,0,146,3665
1753067210246773662,0,21,2772,3673,0,2965,0,146,3666
1753067210248744033,0,21,2772,3673,0,2965,0,146,3666
1753067210250758238,0,21,2772,3674,0,2966,0,146,3666
1753067210252751381,0,21,2772,3674,0,2966,0,146,3666
1753067210254773321,0,21,2772,3675,0,2967,0,146,3667
1753067210256778029,0,21,2773,3675,0,2967,0,146,3667
1753067210258804766,0,21,2773,3675,0,2968,0,146,3667
1753067210260793018,0,21,2773,3676,1,2968,0,146,3667
1753067210262763972,0,21,2773,3676,1,2968,0,146,3668
1753067210264772628,0,21,2774,3677,1,2968,0,146,3668
1753067210266752310,0,21,2774,3677,0,2969,0,146,3668
1753067210268758673,0,21,2774,3677,0,2969,0,146,3669
1753067210270670710,0,21,2774,3678,0,2969,0,146,3669
1753067210272704953,0,21,2774,3678,0,2969,0,146,3669
1753067210274746113,0,21,2774,3678,0,2969,0,146,3669
1753067210276690945,0,21,2774,3679,0,2969,0,146,3669
1753067210278759703,0,21,2774,3679,0,2969,0,146,3669
1753067210280718947,0,21,2774,3680,0,2970,0,146,3670
1753067210282782483,0,21,2775,3680,0,2970,0,146,3669
1753067210284676886,0,21,2775,3681,0,2970,0,146,3670
1753067210286683053,0,21,2775,3681,1,2970,0,146,3670
1753067210288721611,0,21,2776,3682,0,2970,0,146,3670
1753067210290733409,0,21,2776,3682,0,2970,0,146,3671
1753067210292599855,0,21,2776,3683,0,2970,0,146,3671
1753067210294632628,0,21,2776,3683,0,2970,0,146,3671
1753067210296668426,0,21,2776,3684,0,2970,0,146,3672
1753067210298731720,0,21,2777,3684,0,2970,0,146,3672
1753067210300673001,0,21,2777,3685,0,2970,0,146,3672
1753067210302576431,0,21,2777,3686,0,2970,0,146,3673
1753067210304594587,0,21,2777,3686,0,2970,0,146,3673
1753067210306611274,0,21,2778,3687,0,2970,0,146,3673
1753067210308630295,0,21,2778,3687,0,2970,0,146,3674
1753067210310591014,0,21,2778,3688,0,2970,0,146,3674
1753067210312604912,0,21,2778,3688,0,2970,0,146,3674
1753067210314607241,0,21,2778,3689,0,2970,0,146,3674
1753067210316606758,0,21,2779,3689,0,2970,0,146,3675
1753067210318597678,0,21,2779,3689,0,2970,0,146,3675
1753067210320667005,0,21,2779,3689,0,2970,0,146,3676
1753067210322676831,0,21,2779,3690,0,2971,0,146,3676
1753067210324721978,0,21,2780,3690,0,2971,0,146,3677
1753067210326574450,0,21,2780,3690,0,2971,0,146,3677
1753067210328581582,0,21,2780,3690,0,2971,0,146,3677
1753067210330541162,0,21,2780,3690,0,2971,0,146,3678
1753067210332665515,0,21,2781,3690,0,2971,0,146,3678
1753067210334552516,0,21,2781,3690,0,2971,0,146,3679
1753067210336591401,0,21,2781,3690,0,2972,0,146,3679
1753067210338615705,0,21,2781,3690,0,2972,0,146,3679
1753067210340592360,0,21,2781,3690,0,2971,0,146,3679
1753067210342567558,0,21,2781,3690,0,2972,0,146,3680
1753067210344561192,0,21,2782,3690,0,2972,0,146,3680
1753067210346572680,0,21,2782,3690,0,2972,0,146,3680
1753067210348570292,0,21,2782,3690,0,2973,0,146,3681
1753067210350589347,0,21,2783,3691,0,2973,0,146,3681
1753067210352606412,0,21,2783,3691,0,2973,0,146,3681
1753067210354578048,0,21,2783,3691,0,2974,0,146,3681
1753067210356618782,0,21,2783,3691,1,2974,0,146,3682
1753067210358591875,0,21,2784,3691,0,2974,0,146,3682
1753067210360515163,0,21,2784,3691,0,2975,0,146,3682
1753067210362498444,0,21,2784,3691,0,2975,0,146,3683
1753067210364475582,0,21,2784,3691,0,2976,0,146,3683
1753067210366533047,0,21,2784,3691,0,2976,0,146,3683
1753067210368505085,0,21,2785,3691,0,2976,0,146,3683
1753067210370523164,0,21,2785,3691,0,2976,0,146,3684
1753067210372511549,0,21,2786,3691,0,2977,0,146,3684
1753067210374509733,0,21,2786,3691,0,2977,0,146,3684
1753067210376501151,0,21,2786,3691,0,2978,0,146,3684
1753067210378521741,0,21,2787,3691,0,2978,0,146,3684
1753067210380461888,0,21,2787,3691,0,2978,0,146,3685
1753067210382476780,0,21,2787,3691,0,2979,0,146,3685
1753067210384447424,0,21,2788,3691,1,2979,0,146,3685
1753067210386485183,0,21,2788,3692,0,2980,0,146,3685
1753067210388622894,0,21,2788,3692,0,2980,0,146,3686
1753067210390634081,0,21,2788,3692,0,2981,0,146,3686
1753067210393494591,0,21,2789,3692,0,2981,0,146,3686
1753067210395515069,0,21,2789,3692,0,2982,0,146,3686
1753067210397542678,0,21,2789,3693,0,2982,0,146,3686
1753067210399486980,0,21,2790,3693,0,2982,0,146,3686
1753067210401407743,0,21,2790,3693,0,2983,0,146,3686
1753067210403452606,0,21,2790,3693,0,2983,0,146,3686
1753067210405448620,0,21,2790,3693,0,2983,0,146,3686
1753067210407477995,0,21,2791,3693,0,2984,0,146,3687
1753067210409503247,0,21,2791,3693,0,2984,0,146,3687
1753067210411509657,0,21,2791,3693,0,2984,0,146,3687
1753067210413437029,0,21,2791,3693,0,2984,0,146,3687
1753067210415561027,0,21,2792,3693,1,2985,0,146,3687
1753067210417456592,0,21,2792,3693,1,2985,0,146,3687
1753067210419452080,0,21,2792,3693,0,2985,0,146,3687
1753067210421429012,0,21,2792,3693,0,2985,0,146,3687
1753067210423423016,0,21,2792,3693,0,2986,0,146,3687
1753067210425424140,0,21,2792,3693,0,2986,0,146,3687
1753067210427450943,0,21,2792,3693,0,2986,0,146,3687
1753067210429440662,0,21,2793,3693,0,2987,0,146,3687
1753067210431390174,0,21,2793,3693,0,2987,0,146,3688
1753067210433395745,0,21,2793,3693,0,2987,0,146,3687
1753067210435400992,0,21,2793,3693,0,2987,0,146,3687
1753067210437407281,0,21,2793,3694,0,2988,0,146,3687
1753067210439446796,0,21,2794,3694,0,2988,0,146,3687
1753067210441377429,0,21,2794,3694,0,2988,0,146,3687
1753067210443401295,0,21,2794,3695,1,2989,0,146,3687
1753067210445420594,0,21,2794,3695,0,2989,0,146,3688
1753067210447385770,0,21,2794,3695,0,2989,0,146,3688
1753067210449329420,0,21,2794,3695,0,2989,0,146,3687
1753067210451363299,0,21,2794,3696,0,2989,0,146,3687
1753067210453366487,0,21,2795,3696,0,2989,0,146,3688
1753067210455431077,0,21,2795,3696,0,2989,0,146,3688
1753067210457358206,0,21,2795,3697,0,2989,0,146,3688
1753067210459400715,0,21,2795,3697,0,2989,0,146,3688
1753067210461355122,0,21,2795,3697,0,2989,0,146,3688
1753067210463356515,0,21,2795,3697,0,2990,0,146,3688
1753067210465372895,0,21,2795,3698,0,2990,0,146,3688
1753067210467386422,0,21,2795,3698,0,2990,0,146,3688
1753067210469361170,0,21,2795,3698,0,2990,0,146,3688
1753067210471292082,0,21,2795,3698,0,2990,0,146,3688
1753067210473296856,0,21,2795,3699,0,2990,0,146,3688
1753067210475360831,0,21,2796,3699,0,2990,0,146,3688
1753067210477273899,0,21,2796,3699,0,2990,0,146,3688
1753067210479344573,0,21,2796,3699,1,2990,0,146,3688
1753067210481410633,0,21,2796,3700,1,2990,0,146,3688
1753067210483356198,0,21,2796,3700,0,2990,0,146,3688
1753067210485354284,0,21,2796,3700,0,2990,0,146,3688
1753067210487445585,0,21,2796,3701,1,2990,0,146,3688
1753067210489409864,0,21,2796,3701,0,2991,0,146,3688
1753067210491395193,0,21,2796,3701,0,2991,0,146,3688
1753067210493360795,0,21,2797,3701,0,2991,0,146,3688
1753067210495404436,0,21,2797,3702,0,2991,0,146,3688
1753067210497366516,0,21,2797,3702,0,2991,0,146,3688
1753067210499332396,0,21,2797,3702,0,2991,0,146,3688
1753067210501463438,0,21,2797,3703,0,2991,0,146,3688
1753067210503375507,0,21,2797,3703,0,2991,0,146,3688
1753067210505316543,0,21,2797,3703,0,2991,0,146,3688
1753067210507375387,0,21,2797,3703,0,2991,0,146,3688
1753067210509400264,0,21,2799,3703,0,2992,0,146,3688
1753067210511310328,0,21,2799,3704,0,2992,0,146,3688
1753067210513298518,0,21,2799,3704,0,2992,0,146,3688
1753067210515299923,0,21,2799,3704,1,2992,0,146,3688
1753067210517249561,0,21,2799,3704,0,2992,0,146,3688
1753067210519285516,0,21,2800,3704,0,2993,0,146,3688
1753067210521327206,0,21,2800,3705,0,2993,0,146,3688
1753067210523303420,0,21,2800,3705,0,2993,0,146,3688
1753067210525227985,0,21,2801,3705,0,2993,0,146,3688
1753067210527235536,0,21,2801,3705,0,2993,0,146,3688
1753067210529225746,0,21,2801,3706,0,2993,0,146,3689
1753067210531290461,0,21,2801,3706,0,2993,0,146,3689
1753067210533248914,0,21,2801,3706,0,2993,0,146,3689
1753067210535353746,0,21,2801,3706,0,2993,0,146,3690
1753067210537319121,0,21,2802,3707,0,2993,0,146,3690
1753067210539281755,0,21,2802,3707,0,2993,0,146,3691
1753067210541223599,0,21,2802,3707,0,2993,0,146,3691
1753067210543212002,0,21,2802,3707,0,2993,0,146,3691
1753067210545253765,0,21,2802,3707,0,2993,0,146,3692
1753067210547286406,0,21,2802,3707,0,2993,0,146,3692
1753067210549331681,0,21,2803,3707,1,2993,0,146,3693
1753067210551294709,0,21,2803,3707,0,2993,0,146,3693
1753067210553300174,0,21,2803,3707,0,2993,0,146,3694
1753067210555313484,0,21,2803,3707,0,2993,0,146,3694
1753067210557387366,0,21,2804,3707,0,2993,0,146,3695
1753067210559314236,0,21,2804,3707,0,2993,0,146,3695
1753067210561226931,0,21,2804,3707,0,2993,0,146,3696
1753067210563144473,0,21,2805,3707,0,2993,0,146,3696
1753067210565167725,0,21,2805,3707,0,2993,0,146,3697
1753067210567156774,0,21,2805,3707,0,2993,0,146,3697
1753067210569201478,0,21,2806,3707,0,2993,0,146,3698
1753067210571198760,0,21,2806,3707,0,2994,0,146,3698
1753067210573194046,0,21,2806,3707,0,2994,0,146,3699
1753067210575131116,0,21,2806,3707,0,2994,0,146,3699
1753067210577143029,0,21,2806,3707,0,2994,0,146,3700
1753067210579247507,0,21,2807,3707,0,2994,0,146,3701
1753067210581143792,0,21,2807,3707,0,2994,0,146,3701
1753067210583089058,0,21,2807,3707,0,2994,0,146,3701
1753067210585123460,0,21,2808,3707,0,2993,0,146,3702
1753067210587179341,0,21,2808,3707,0,2994,0,146,3702
1753067210589082627,0,21,2808,3707,0,2993,0,146,3703
1753067210591113472,0,21,2808,3707,0,2994,0,146,3703
1753067210593093490,0,21,2809,3707,0,2994,0,146,3703
1753067210595088650,0,21,2809,3707,0,2994,0,146,3704
1753067210597180396,0,21,2809,3707,0,2994,0,146,3704
1753067210599177332,0,21,2809,3707,0,2994,0,146,3705
1753067210601083805,0,21,2810,3707,0,2994,0,146,3705
1753067210603102756,0,21,2810,3707,0,2994,0,146,3705
1753067210605168411,0,21,2810,3707,0,2994,0,146,3706
1753067210607043466,0,21,2810,3707,0,2995,0,146,3706
1753067210609007522,0,21,2810,3707,1,2995,0,146,3706
1753067210611020131,0,21,2811,3707,0,2995,0,146,3706
1753067210612951595,0,21,2811,3707,0,2995,0,146,3706
1753067210614991593,0,21,2811,3707,0,2996,0,146,3707
1753067210616949687,0,21,2811,3707,0,2996,0,146,3707
1753067210618957557,0,21,2812,3707,0,2996,0,146,3707
1753067210620993726,0,21,2812,3707,0,2996,0,146,3707
1753067210622950939,0,21,2812,3708,0,2997,0,146,3707
1753067210625002806,0,21,2813,3707,0,2997,0,146,3707
1753067210626954072,0,21,2813,3708,0,2997,0,146,3707
1753067210628995962,0,21,2813,3707,0,2997,0,146,3707
1753067210631107909,0,21,2813,3708,0,2998,0,146,3707
1753067210632989565,0,21,2814,3708,0,2998,0,146,3707
1753067210635018366,0,21,2814,3708,0,2998,0,146,3707
1753067210636999524,0,21,2814,3708,0,2999,0,146,3707
1753067210639027274,0,21,2815,3708,0,2999,0,146,3707
1753067210640994280,0,21,2815,3708,0,2999,0,146,3707
1753067210643102063,0,21,2816,3709,0,2999,0,146,3707
1753067210645035420,0,21,2816,3709,0,2999,0,146,3707
1753067210646992228,0,21,2816,3709,0,2999,0,146,3707
1753067210649004857,0,21,2816,3710,0,2999,0,146,3707
1753067210650975340,0,21,2817,3710,0,2999,0,146,3707
1753067210653015505,0,21,2817,3710,0,2999,0,146,3707
1753067210654975255,0,21,2817,3710,0,2999,0,146,3707
1753067210656969085,0,21,2817,3711,0,2999,0,146,3707
1753067210658989382,0,21,2818,3711,0,2999,0,146,3707
1753067210660955951,0,21,2818,3711,0,2999,0,146,3707
1753067210663023924,0,21,2818,3712,0,2999,0,146,3707
1753067210664997663,0,21,2818,3712,0,2999,0,146,3707
1753067210666944409,0,21,2818,3712,0,2999,0,146,3707
1753067210668942748,0,21,2819,3713,0,2999,0,146,3707
1753067210670980394,0,21,2819,3713,0,2999,0,146,3707
1753067210672921109,0,21,2819,3714,0,2999,0,146,3707
1753067210674921505,0,21,2819,3714,0,3000,0,146,3707
1753067210676952959,0,21,2819,3715,0,3000,0,146,3707
1753067210678996017,0,21,2819,3715,0,3000,0,146,3707
1753067210680952678,0,21,2820,3716,0,3000,0,146,3707
1753067210682963304,0,21,2820,3716,0,3000,0,146,3707
1753067210684875719,0,21,2820,3716,0,3001,0,146,3707
1753067210686943123,0,21,2820,3717,0,3001,0,146,3707
1753067210688972431,0,21,2820,3717,0,3001,0,146,3707
1753067210690948781,0,21,2820,3717,1,3001,0,146,3707
1753067210692907560,0,21,2820,3718,0,3002,0,146,3707
1753067210694885620,0,21,2820,3718,0,3002,0,146,3707
1753067210696881529,0,21,2820,3718,0,3002,0,146,3707
1753067210698882655,0,21,2821,3719,0,3002,0,146,3707
1753067210700958344,0,21,2821,3719,0,3002,0,146,3707
1753067210702913435,0,21,2821,3719,0,3002,0,146,3707
1753067210704883886,0,21,2821,3720,0,3002,0,146,3707
1753067210706944665,0,21,2821,3720,1,3002,0,146,3707
1753067210709006204,0,21,2821,3721,0,3002,0,146,3707
1753067210710939226,0,21,2821,3721,0,3002,0,146,3707
1753067210712868965,0,21,2821,3721,0,3002,0,146,3707
1753067210714893443,0,21,2821,3722,0,3002,0,146,3707
1753067210716853081,0,21,2821,3722,0,3002,0,146,3707
1753067210718844657,0,21,2821,3722,0,3003,0,146,3707
1753067210720867314,0,21,2822,3723,0,3003,0,146,3707
1753067210722955905,0,21,2822,3723,0,3003,0,146,3708
1753067210724855797,0,21,2822,3724,0,3003,0,146,3708
1753067210726810622,0,21,2822,3724,1,3003,0,146,3708
1753067210728826497,0,21,2822,3725,0,3003,0,146,3708
1753067210730865516,0,21,2822,3725,0,3003,0,146,3709
1753067210732805061,0,21,2823,3725,0,3003,0,146,3709
1753067210734866546,0,21,2823,3726,0,3004,0,146,3710
1753067210736854617,0,21,2823,3726,0,3004,0,146,3710
1753067210738911699,0,21,2823,3726,0,3004,0,146,3711
1753067210740873850,0,21,2823,3727,0,3004,0,146,3711
1753067210742846215,0,21,2823,3727,0,3004,0,146,3712
1753067210744851439,0,21,2823,3728,0,3004,0,146,3712
1753067210746826793,0,21,2823,3728,1,3004,0,146,3713
1753067210748810882,0,21,2823,3729,0,3004,0,146,3713
1753067210750798581,0,21,2823,3729,0,3004,0,146,3714
1753067210752763969,0,21,2824,3729,0,3004,0,146,3715
1753067210754801808,0,21,2824,3730,0,3004,0,146,3715
1753067210756780263,0,21,2824,3730,0,3004,0,146,3716
1753067210758780597,0,21,2824,3731,0,3004,0,146,3716
1753067210760775065,0,21,2824,3731,0,3004,0,146,3717
1753067210762779881,0,21,2824,3731,0,3004,0,146,3717
1753067210764783585,0,21,2824,3732,0,3004,0,146,3718
1753067210766764240,0,21,2824,3732,0,3004,0,146,3718
1753067210768760112,0,21,2824,3732,1,3004,0,146,3719
1753067210770787759,0,21,2824,3733,0,3004,0,146,3720
1753067210772883647,0,21,2824,3733,0,3005,0,146,3720
1753067210774794109,0,21,2824,3733,0,3005,0,146,3721
1753067210776751258,0,21,2824,3734,0,3005,0,146,3721
1753067210778724750,0,21,2824,3734,0,3005,0,146,3722
1753067210780704358,0,21,2824,3735,0,3005,0,146,3723
1753067210782685774,0,21,2824,3735,0,3005,0,146,3723
1753067210784786449,0,21,2824,3735,0,3006,0,146,3724
1753067210786787180,0,21,2824,3736,0,3006,0,146,3724
1753067210788768428,0,21,2824,3736,0,3006,0,146,3725
1753067210790771336,0,21,2824,3737,0,3006,0,146,3726
1753067210792773101,0,21,2824,3737,0,3007,0,146,3726
1753067210794779536,0,21,2824,3737,0,3007,0,146,3727
1753067210796792634,0,21,2824,3738,0,3007,0,146,3728
1753067210798853684,0,21,2824,3738,0,3008,0,146,3728
1753067210800782098,0,21,2824,3738,0,3008,0,146,3729
1753067210802761154,0,21,2824,3738,0,3009,0,146,3729
1753067210804748076,0,21,2824,3738,0,3010,0,146,3730
1753067210806792151,0,21,2824,3738,0,3010,0,146,3730
1753067210808712042,0,21,2824,3738,0,3010,0,146,3731
1753067210810742956,0,21,2824,3738,1,3011,0,146,3731
1753067210812672267,0,21,2825,3738,0,3012,0,146,3732
1753067210814649109,0,21,2825,3738,0,3012,0,146,3733
1753067210816705845,0,21,2825,3738,0,3012,0,146,3733
1753067210818676875,0,21,2825,3738,1,3013,0,146,3734
1753067210820686087,0,21,2825,3738,0,3014,0,146,3734
1753067210822798724,0,21,2825,3738,0,3014,0,146,3735
1753067210824826709,0,21,2825,3738,0,3015,0,146,3735
1753067210826861795,0,21,2825,3739,0,3015,0,146,3735
1753067210828776209,0,21,2825,3739,0,3016,0,146,3735
1753067210830843342,0,21,2826,3739,0,3016,0,146,3736
1753067210832718382,0,21,2826,3739,0,3017,0,146,3736
1753067210834679567,0,21,2826,3739,0,3018,0,146,3737
1753067210836691442,0,21,2826,3739,0,3018,0,146,3737
1753067210838683158,0,21,2826,3739,0,3019,0,146,3737
1753067210840814328,0,21,2826,3739,0,3019,0,146,3737
1753067210842698275,0,21,2826,3740,0,3020,0,146,3738
1753067210844743549,0,21,2826,3740,0,3020,0,146,3738
1753067210846732647,0,21,2826,3740,0,3021,0,146,3738
1753067210848667364,0,21,2826,3740,0,3022,0,146,3738
1753067210850684945,0,21,2826,3741,0,3022,0,146,3738
1753067210852626221,0,21,2827,3741,0,3022,0,146,3739
1753067210854626585,0,21,2827,3741,0,3023,0,146,3739
1753067210856590213,0,21,2827,3741,0,3024,0,146,3739
1753067210858594913,0,21,2827,3741,0,3024,0,146,3739
1753067210860598404,0,21,2827,3741,0,3025,0,146,3740
1753067210862610140,0,21,2827,3741,0,3025,0,146,3740
1753067210864620974,0,21,2827,3742,0,3025,0,146,3740
1753067210866602212,0,21,2827,3742,0,3026,0,146,3740
1753067210868645985,0,21,2828,3742,0,3026,0,146,3740
1753067210870628045,0,21,2828,3742,0,3026,0,146,3740
1753067210872671968,0,21,2828,3742,0,3027,0,146,3740
1753067210874638885,0,21,2828,3742,0,3027,0,146,3740
1753067210876649383,0,21,2828,3742,0,3027,0,146,3740
1753067210878621382,0,21,2828,3742,0,3028,0,146,3740
1753067210880577752,0,21,2829,3742,0,3028,0,146,3740
1753067210882619512,0,21,2829,3742,0,3028,0,146,3740
1753067210884621724,0,21,2829,3742,1,3029,0,146,3740
1753067210886623207,0,21,2829,3742,0,3029,0,146,3740
1753067210888610139,0,21,2829,3742,0,3029,0,146,3740
1753067210890586203,0,21,2829,3742,0,3030,0,146,3740
1753067210892628348,0,21,2830,3742,0,3030,0,146,3740
1753067210894599446,0,21,2830,3742,0,3031,0,146,3740
1753067210896584614,0,21,2830,3742,0,3031,0,146,3740
1753067210898626466,0,21,2830,3742,0,3031,0,146,3740
1753067210900529409,0,21,2830,3742,0,3032,0,146,3740
1753067210902602352,0,21,2830,3742,0,3032,0,146,3740
1753067210904497217,0,21,2830,3742,0,3033,0,146,3740
1753067210906536209,0,21,2830,3742,0,3032,0,146,3740
1753067210908585869,0,21,2830,3742,0,3033,0,146,3740
1753067210910550447,0,21,2831,3742,0,3033,0,146,3740
1753067210912519007,0,21,2831,3742,0,3033,0,146,3740
1753067210914577933,0,21,2831,3742,0,3032,0,146,3740
1753067210916549407,0,21,2831,3742,0,3032,0,146,3740
1753067210918520069,0,21,2831,3742,0,3032,0,146,3740
1753067210920492034,0,21,2831,3742,0,3032,0,146,3740
1753067210922542638,0,21,2831,3742,0,3032,0,146,3740
1753067210924535665,0,21,2831,3742,0,3032,0,146,3740
1753067210926504720,0,21,2831,3742,0,3032,0,146,3740
1753067210928457516,0,21,2831,3742,0,3032,0,146,3740
1753067210930482199,0,21,2832,3742,0,3032,0,146,3740
1753067210932497441,0,21,2832,3742,0,3032,0,146,3740
1753067210934569626,0,21,2832,3742,0,3033,0,146,3740
1753067210936600226,0,21,2832,3742,0,3032,0,146,3740
1753067210938563900,0,21,2832,3742,1,3033,0,146,3740
1753067210940544708,0,21,2832,3742,0,3033,0,146,3740
1753067210942557278,0,21,2833,3742,0,3033,0,146,3740
1753067210944546876,0,21,2833,3742,0,3033,0,146,3740
1753067210946544911,0,21,2833,3742,0,3033,0,146,3740
1753067210948526041,0,21,2833,3742,0,3033,0,146,3740
1753067210950511875,0,21,2833,3742,1,3034,0,146,3740
1753067210952469053,0,21,2833,3742,0,3034,0,146,3740
1753067210954509503,0,21,2833,3742,0,3034,0,146,3740
1753067210956507477,0,21,2833,3742,0,3034,0,146,3740
1753067210958487880,0,21,2833,3742,0,3034,0,146,3740
1753067210960492438,0,21,2834,3742,0,3034,0,146,3740
1753067210962476508,0,21,2834,3742,0,3034,0,146,3740
1753067210964541184,0,21,2834,3742,1,3033,0,146,3740
1753067210966517504,0,21,2834,3742,0,3034,0,146,3740
1753067210968482005,0,21,2834,3742,0,3034,0,146,3740
1753067210970456594,0,21,2834,3742,0,3034,0,146,3740
1753067210972454403,0,21,2834,3742,0,3034,0,146,3740
1753067210974466335,0,21,2835,3742,0,3034,0,146,3740
1753067210976405162,0,21,2835,3742,0,3034,0,146,3740
1753067210978376314,0,21,2835,3742,0,3034,0,146,3740
1753067210980369279,0,21,2835,3742,0,3034,0,146,3740
1753067210982416607,0,21,2835,3742,0,3034,0,146,3740
1753067210984458678,0,21,2835,3742,0,3034,0,146,3740
1753067210986433429,0,21,2835,3742,0,3034,0,146,3740
1753067210988388181,0,21,2835,3742,0,3034,0,146,3740
1753067210990403318,0,21,2836,3742,0,3033,0,146,3740
1753067210992466627,0,21,2836,3742,0,3033,0,146,3740
1753067210994443461,0,21,2836,3742,0,3033,0,146,3740
1753067210996389870,0,21,2836,3742,1,3033,0,146,3740
1753067210998389269,0,21,2836,3742,1,3034,0,146,3740
1753067211000357480,0,21,2836,3742,0,3034,0,146,3740
1753067211002358856,0,21,2837,3742,0,3034,0,146,3740
1753067211004383060,0,21,2837,3742,0,3034,0,146,3740
1753067211006387931,0,21,2837,3742,0,3034,0,146,3740
1753067211008368425,0,21,2837,3742,0,3034,0,146,3740
1753067211010404060,0,21,2838,3742,0,3034,0,146,3740
1753067211012409953,0,21,2838,3742,0,3034,0,146,3740
1753067211014407682,0,21,2838,3742,1,3034,0,146,3740
1753067211016363198,0,21,2838,3742,0,3034,0,146,3740
1753067211018380474,0,21,2838,3743,0,3034,0,146,3740
1753067211020343562,0,21,2838,3743,0,3033,0,146,3740
1753067211022338224,0,21,2838,3743,0,3034,0,146,3740
1753067211024348556,0,21,2838,3744,0,3034,0,146,3740
1753067211026336172,0,21,2838,3744,0,3034,0,146,3740
1753067211028339793,0,21,2839,3744,0,3034,0,146,3740
1753067211030374896,0,21,2839,3744,0,3034,0,146,3740
1753067211032459066,0,21,2839,3745,0,3034,0,146,3740
1753067211034427375,0,21,2839,3745,1,3034,0,146,3740
1753067211036384026,0,21,2840,3745,0,3034,0,146,3740
1753067211038350918,0,21,2840,3746,0,3034,0,146,3740
1753067211040327893,0,21,2840,3746,0,3035,0,146,3740
1753067211042311181,0,21,2840,3746,0,3035,0,146,3740
1753067211044367451,0,21,2841,3746,0,3035,0,146,3740
1753067211046277606,0,21,2841,3747,1,3035,0,146,3740
1753067211048349179,0,21,2841,3747,0,3035,0,146,3740
1753067211050315067,0,21,2841,3747,0,3035,0,146,3740
1753067211052274514,0,21,2842,3748,1,3035,0,146,3740
1753067211054276677,0,21,2842,3748,0,3035,0,146,3740
1753067211056266622,0,21,2842,3749,0,3035,0,146,3740
1753067211058214016,0,21,2843,3749,0,3035,0,146,3740
1753067211060249860,0,21,2843,3749,0,3035,0,146,3740
1753067211062222618,0,21,2843,3750,0,3035,0,146,3740
1753067211064246520,0,21,2843,3750,0,3035,0,146,3740
1753067211066201310,0,21,2844,3751,0,3035,0,146,3740
1753067211068272950,0,21,2844,3751,0,3035,0,146,3740
1753067211070278191,0,21,2844,3751,0,3035,0,146,3740
1753067211072203003,0,21,2844,3752,1,3035,0,146,3740
1753067211074198428,0,21,2845,3752,0,3035,0,146,3740
1753067211076277781,0,21,2845,3752,0,3035,0,146,3740
1753067211078280744,0,21,2845,3752,0,3035,0,146,3740
1753067211080302226,0,21,2845,3753,0,3035,0,146,3740
1753067211082296001,0,21,2846,3753,0,3035,0,146,3740
1753067211084225469,0,21,2846,3753,0,3035,0,146,3740
1753067211086248378,0,21,2846,3753,0,3035,0,146,3740
1753067211088236586,0,21,2846,3753,0,3035,0,146,3741
1753067211090263934,0,21,2847,3753,1,3035,0,146,3741
1753067211092251814,0,21,2847,3753,0,3035,0,146,3741
1753067211094303429,0,21,2847,3754,0,3035,0,146,3742
1753067211096344378,0,21,2847,3754,0,3035,0,146,3742
1753067211098368715,0,21,2847,3754,0,3035,0,146,3743
1753067211100233127,0,21,2847,3754,0,3035,0,146,3743
1753067211102174948,0,21,2847,3754,0,3035,0,146,3744
1753067211104179946,0,21,2847,3754,0,3035,0,146,3744
1753067211106247977,0,21,2847,3754,0,3035,0,146,3744
1753067211108163617,0,21,2848,3754,0,3035,0,146,3745
1753067211110231049,0,21,2848,3754,0,3035,0,146,3745
1753067211112256046,0,21,2848,3754,0,3035,0,146,3746
1753067211114227748,0,21,2848,3754,0,3036,0,146,3746
1753067211116193793,0,21,2848,3754,1,3036,0,146,3746
1753067211118223858,0,21,2848,3754,0,3036,0,146,3747
1753067211120182738,0,21,2848,3754,0,3036,0,146,3747
1753067211122201670,0,21,2848,3755,0,3035,0,146,3748
1753067211124255372,0,21,2848,3755,0,3036,0,146,3748
1753067211126209070,0,21,2848,3755,0,3035,0,146,3748
1753067211128156695,0,21,2848,3755,0,3036,0,146,3749
1753067211130295502,0,21,2848,3755,0,3036,0,146,3749
1753067211132159401,0,21,2848,3755,0,3036,0,146,3749
1753067211134221322,0,21,2848,3755,0,3035,0,146,3750
1753067211136150168,0,21,2848,3755,0,3036,0,146,3750
1753067211138114983,0,21,2848,3755,0,3036,0,146,3750
1753067211140160395,0,21,2848,3755,0,3036,0,146,3750
1753067211142174641,0,21,2848,3755,0,3036,0,146,3751
1753067211144185530,0,21,2848,3755,0,3036,0,146,3751
1753067211146199123,0,21,2848,3755,0,3036,0,146,3751
1753067211148112787,0,21,2848,3755,0,3036,0,146,3752
1753067211150093472,0,21,2848,3755,0,3036,0,146,3752
1753067211152123633,0,21,2848,3755,0,3036,0,146,3752
1753067211154153907,0,21,2848,3755,0,3036,0,146,3753
1753067211156164627,0,21,2848,3756,0,3036,0,146,3753
1753067211158141530,0,21,2848,3756,0,3037,0,146,3753
1753067211160154343,0,21,2848,3756,0,3037,0,146,3754
1753067211162116190,0,21,2848,3756,0,3037,0,146,3754
1753067211164047153,0,21,2848,3756,0,3037,0,146,3754
1753067211166070748,0,21,2848,3756,0,3037,0,146,3754
1753067211168070919,0,21,2848,3756,0,3038,0,146,3755
1753067211170102548,0,21,2848,3756,0,3038,0,146,3755
1753067211172107599,0,21,2848,3756,0,3038,0,146,3755
1753067211174056929,0,21,2848,3756,0,3039,0,146,3755
1753067211176062437,0,21,2848,3757,0,3039,0,146,3755
1753067211178156260,0,21,2848,3756,0,3039,0,146,3756
1753067211180069063,0,21,2848,3757,0,3039,0,146,3756
1753067211182130725,0,21,2848,3757,0,3040,0,146,3756
1753067211184095108,0,21,2848,3757,0,3040,0,146,3756
1753067211186102567,0,21,2848,3757,0,3040,0,146,3757
1753067211188073175,0,21,2848,3757,0,3041,0,146,3757
1753067211190016881,0,21,2848,3758,0,3041,0,146,3757
1753067211192034524,0,21,2848,3758,0,3041,0,146,3757
1753067211194022197,0,21,2848,3758,0,3042,0,146,3757
1753067211196000079,0,21,2848,3758,0,3042,0,146,3757
1753067211197975157,0,21,2848,3758,0,3042,0,146,3757
1753067211200007897,0,21,2849,3758,0,3042,0,146,3757
1753067211201964757,0,21,2849,3759,0,3042,0,146,3757
1753067211204019083,0,21,2849,3759,0,3042,0,146,3757
1753067211206002507,0,21,2849,3759,0,3042,0,146,3758
1753067211208202799,0,21,2849,3759,0,3042,0,146,3757
1753067211210053071,0,21,2849,3760,0,3042,0,146,3758
1753067211211981602,0,21,2849,3760,0,3042,0,146,3758
1753067211214008746,0,21,2849,3760,1,3042,0,146,3758
1753067211215960874,0,21,2849,3760,1,3043,0,146,3758
1753067211217924487,0,21,2849,3761,0,3043,0,146,3758
1753067211219914951,0,21,2849,3761,0,3043,0,146,3758
1753067211221956519,0,21,2849,3761,1,3043,0,146,3758
1753067211223971282,0,21,2849,3761,0,3043,0,146,3758
1753067211226020598,0,21,2849,3762,0,3043,0,146,3758
1753067211227959823,0,21,2849,3762,0,3044,0,146,3758
1753067211230010747,0,21,2849,3762,0,3044,0,146,3758
1753067211231953730,0,21,2849,3762,0,3045,0,146,3758
1753067211233889043,0,21,2850,3762,0,3045,0,146,3759
1753067211235886461,0,21,2850,3762,0,3045,0,146,3758
1753067211237937249,0,21,2850,3763,0,3045,0,146,3759
1753067211239921909,0,21,2850,3763,0,3046,0,146,3758
1753067211241921587,0,21,2850,3763,0,3046,0,146,3758
1753067211243955216,0,21,2850,3763,0,3046,0,146,3759
1753067211245919668,0,21,2850,3764,0,3046,0,146,3758
1753067211248047885,0,21,2850,3764,0,3046,0,146,3758
1753067211250002757,0,21,2851,3764,0,3047,0,146,3758
1753067211251968450,0,21,2851,3765,0,3047,0,146,3758
1753067211253957605,0,21,2851,3765,0,3047,0,146,3759
1753067211255946618,0,21,2851,3765,0,3047,0,146,3759
1753067211257873139,0,21,2851,3765,0,3047,0,146,3758
1753067211259851634,0,21,2852,3765,1,3047,0,146,3758
1753067211261872242,0,21,2852,3766,0,3047,0,146,3758
1753067211263889414,0,21,2852,3766,0,3047,0,146,3759
1753067211265930834,0,21,2852,3766,0,3048,0,146,3758
1753067211267959118,0,21,2852,3766,0,3048,0,146,3759
1753067211269906516,0,21,2852,3766,1,3048,0,146,3758
1753067211271983520,0,21,2852,3767,1,3048,0,146,3758
1753067211273926330,0,21,2853,3767,0,3048,0,146,3759
1753067211275888907,0,21,2853,3767,0,3048,0,146,3759
1753067211277861670,0,21,2853,3768,0,3048,0,146,3759
1753067211279883960,0,21,2853,3767,0,3048,0,146,3759
1753067211281848610,0,21,2853,3768,0,3048,0,146,3759
1753067211283853112,0,21,2853,3768,0,3048,0,146,3758
1753067211285862533,0,21,2853,3768,0,3048,0,146,3759
1753067211287957207,0,21,2853,3768,0,3048,0,146,3759
1753067211289855322,0,21,2853,3768,0,3048,0,146,3759
1753067211291884839,0,21,2853,3768,0,3048,0,146,3759
1753067211293908124,0,21,2853,3768,0,3049,0,146,3759
1753067211295849592,0,21,2853,3770,1,3049,0,146,3759
1753067211297945617,0,21,2853,3770,0,3049,0,146,3759
1753067211299912461,0,21,2853,3770,0,3049,0,146,3759
1753067211301943644,0,21,2853,3770,0,3049,0,146,3759
1753067211303848917,0,21,2853,3770,0,3049,0,146,3759
1753067211305910938,0,21,2853,3770,0,3049,0,146,3759
1753067211308069866,0,21,2853,3771,0,3049,0,146,3759
1753067211309850178,0,21,2853,3771,0,3049,0,146,3759
1753067211311849761,0,21,2854,3771,0,3049,0,146,3759
1753067211313776768,0,21,2854,3771,0,3049,0,146,3760
1753067211315790038,0,21,2854,3771,0,3049,0,146,3760
1753067211317790528,0,21,2854,3771,0,3049,0,146,3760
1753067211319816486,0,21,2854,3772,0,3049,0,146,3760
1753067211321771103,0,21,2854,3772,0,3049,0,146,3761
1753067211323829655,0,21,2854,3772,0,3049,0,146,3761
1753067211325777892,0,21,2854,3772,1,3049,0,146,3761
1753067211327834709,0,21,2854,3772,0,3049,0,146,3762
1753067211329785560,0,21,2854,3773,0,3049,0,146,3762
1753067211331830076,0,21,2855,3773,1,3049,0,146,3763
1753067211333848203,0,21,2855,3773,0,3049,0,146,3763
1753067211335789772,0,21,2855,3773,0,3049,0,146,3764
1753067211337736571,0,21,2855,3774,0,3049,0,146,3764
1753067211339845795,0,21,2855,3774,0,3049,0,146,3764
1753067211341834337,0,21,2856,3774,0,3049,0,146,3765
1753067211343836694,0,21,2856,3774,0,3049,0,146,3765
1753067211345796145,0,21,2856,3775,0,3049,0,146,3765
1753067211347749237,0,21,2856,3775,0,3049,0,146,3766
1753067211349754562,0,21,2856,3775,0,3049,0,146,3766
1753067211351746575,0,21,2857,3775,0,3049,0,146,3766
1753067211353694921,0,21,2857,3776,0,3049,0,146,3767
1753067211355755941,0,21,2857,3775,0,3050,0,147,3767
1753067211357842031,0,21,2858,3776,0,3050,0,146,3767
1753067211359746972,0,21,2858,3776,0,3050,0,146,3768
1753067211361739150,0,21,2858,3776,0,3050,0,146,3768
1753067211363687563,0,21,2858,3776,0,3050,0,146,3769
1753067211365682706,0,21,2859,3776,0,3051,0,146,3769
1753067211367711586,0,21,2859,3777,0,3051,0,146,3769
1753067211369724897,0,21,2859,3777,0,3051,0,146,3770
1753067211371696241,0,21,2859,3777,0,3051,0,146,3770
1753067211373736104,0,21,2859,3778,0,3051,0,146,3771
1753067211375669205,0,21,2860,3778,0,3051,0,146,3771
1753067211377668952,0,21,2860,3778,0,3051,0,146,3771
1753067211379668852,0,21,2860,3778,0,3052,0,146,3771
1753067211381684462,0,21,2860,3779,0,3052,0,146,3772
1753067211383702688,0,21,2860,3779,0,3052,0,146,3772
1753067211385690943,0,21,2860,3779,0,3052,0,146,3772
1753067211387675987,0,21,2860,3780,0,3052,0,146,3773
1753067211389658123,0,21,2861,3780,0,3053,0,146,3773
1753067211391693320,0,21,2861,3780,0,3053,0,146,3773
1753067211393698590,0,21,2861,3781,0,3053,0,146,3773
1753067211395689484,0,21,2861,3781,0,3054,0,146,3774
1753067211397681090,0,21,2862,3781,0,3054,0,146,3774
1753067211399737442,0,21,2862,3781,0,3054,0,146,3774
1753067211401640177,0,21,2862,3782,0,3055,0,146,3775
1753067211403704388,0,21,2862,3782,0,3055,0,146,3775
1753067211405669108,0,21,2862,3782,0,3055,0,146,3775
1753067211407644564,0,21,2863,3783,0,3056,0,146,3775
1753067211409696824,0,21,2863,3783,0,3056,0,146,3776
1753067211411608030,0,21,2863,3783,1,3056,0,146,3776
1753067211413601946,0,21,2863,3783,0,3057,0,146,3776
1753067211415569191,0,21,2864,3783,0,3057,0,146,3777
1753067211417598180,0,21,2864,3784,0,3058,0,146,3777
1753067211419623587,0,21,2864,3784,0,3058,0,146,3777
1753067211421562493,0,21,2864,3784,0,3058,0,146,3778
1753067211423563289,0,21,2864,3784,0,3059,0,146,3778
1753067211425537776,0,21,2864,3784,0,3059,0,146,3778
1753067211427531453,0,21,2864,3785,0,3060,0,146,3778
1753067211429543015,0,21,2865,3785,0,3060,0,146,3779
1753067211431525215,0,21,2865,3785,0,3060,0,146,3779
1753067211433500556,0,21,2865,3785,0,3061,0,146,3779
1753067211435528725,0,21,2865,3785,0,3061,0,146,3779
1753067211437542143,0,21,2865,3785,0,3061,0,146,3779
1753067211439548307,0,21,2866,3785,0,3061,0,146,3779
1753067211441545241,0,21,2866,3786,0,3061,0,146,3779
1753067211443552150,0,21,2866,3786,1,3061,0,146,3780
1753067211445553050,0,21,2866,3786,1,3061,0,146,3780
1753067211447500645,0,21,2866,3786,0,3061,0,146,3780
1753067211449564854,0,21,2866,3786,0,3061,0,146,3780
1753067211451529592,0,21,2867,3787,0,3061,0,146,3780
1753067211453533253,0,21,2867,3787,0,3061,0,146,3780
1753067211455536636,0,21,2867,3787,0,3062,0,146,3780
1753067211457518448,0,21,2867,3787,0,3062,0,146,3781
1753067211459484373,0,21,2868,3787,0,3062,0,146,3781
1753067211461511488,0,21,2868,3787,0,3062,0,146,3781
1753067211463503552,0,21,2868,3787,0,3062,0,146,3781
1753067211465475019,0,21,2868,3788,0,3062,0,146,3781
1753067211467501102,0,21,2868,3788,0,3062,0,146,3782
1753067211469453461,0,21,2869,3788,0,3062,0,146,3782
1753067211471481662,0,21,2869,3788,0,3062,0,146,3782
1753067211473468939,0,21,2869,3789,0,3062,0,146,3783
1753067211475474348,0,21,2869,3789,0,3062,0,146,3783
1753067211477532962,0,21,2870,3789,0,3062,0,146,3783
1753067211479429409,0,21,2870,3789,0,3062,0,146,3783
1753067211481564029,0,21,2870,3789,0,3062,0,146,3783
1753067211483497864,0,21,2871,3789,0,3062,0,146,3783
1753067211485475979,0,21,2871,3789,0,3062,0,146,3783
1753067211487513834,0,21,2871,3789,0,3062,0,146,3783
1753067211489386890,0,21,2871,3790,0,3062,0,146,3783
1753067211491436565,0,21,2872,3790,0,3063,0,146,3784
1753067211493396979,0,21,2872,3790,0,3062,0,146,3783
1753067211495373285,0,21,2872,3790,0,3063,0,146,3783
1753067211497427503,0,21,2872,3790,0,3063,0,146,3784
1753067211499431659,0,21,2872,3790,0,3063,0,146,3784
1753067211501442077,0,21,2873,3790,0,3063,0,146,3784
1753067211503389527,0,21,2873,3790,0,3063,0,146,3784
1753067211505396140,0,21,2873,3790,0,3064,0,146,3784
1753067211507371234,0,21,2873,3790,0,3064,0,146,3785
1753067211509471918,0,21,2873,3790,0,3064,0,146,3785
1753067211511380846,0,21,2873,3790,0,3064,0,146,3785
1753067211513365736,0,21,2874,3791,0,3064,0,146,3785
1753067211515402868,0,21,2874,3791,0,3065,0,146,3785
1753067211517384399,0,21,2874,3791,0,3065,0,146,3785
1753067211519363636,0,21,2874,3791,0,3065,0,146,3785
1753067211521380575,0,21,2874,3792,0,3065,0,146,3785
1753067211523438159,0,21,2874,3792,0,3066,0,146,3785
1753067211525385854,0,21,2874,3792,0,3066,0,146,3785
1753067211527434555,0,21,2874,3792,0,3066,0,146,3786
1753067211529405046,0,21,2874,3792,0,3066,0,146,3786
1753067211531470617,0,21,2874,3792,0,3067,0,146,3786
1753067211533455390,0,21,2874,3792,0,3067,0,146,3786
1753067211535472123,0,21,2875,3792,0,3067,0,146,3786
1753067211537417826,0,21,2875,3792,0,3067,0,146,3786
1753067211539408040,0,21,2875,3792,0,3067,0,146,3786
1753067211541368010,0,21,2875,3792,0,3067,0,146,3787
1753067211543387725,0,21,2875,3792,0,3067,0,146,3787
1753067211545383415,0,21,2875,3792,0,3067,0,146,3787
1753067211547378069,0,21,2876,3792,0,3067,0,146,3787
1753067211549429039,0,21,2876,3792,0,3067,0,146,3787
1753067211551375067,0,21,2876,3792,0,3067,0,146,3787
1753067211553382804,0,21,2876,3792,0,3067,0,146,3787
1753067211555387296,0,21,2876,3792,0,3067,0,146,3787
1753067211557406752,0,21,2876,3792,0,3067,0,146,3787
1753067211559375592,0,21,2876,3792,0,3067,0,146,3787
1753067211561463518,0,21,2876,3792,0,3067,0,146,3787
1753067211563344197,0,21,2876,3792,0,3067,0,146,3787
1753067211565323654,0,21,2876,3792,0,3067,0,146,3787
1753067211567338881,0,21,2876,3792,0,3067,0,146,3787
1753067211569380954,0,21,2876,3792,0,3068,0,146,3787
1753067211571349966,0,21,2876,3792,0,3068,0,146,3787
1753067211573303988,0,21,2876,3792,0,3068,0,146,3787
1753067211575358720,0,21,2876,3792,0,3068,0,146,3787
1753067211577290797,0,21,2876,3792,0,3068,0,146,3787
1753067211579328219,0,21,2876,3792,0,3068,0,146,3787
1753067211581340670,0,21,2876,3792,0,3068,0,146,3787
1753067211583320858,0,21,2876,3792,0,3068,0,146,3787
1753067211585243525,0,21,2876,3792,0,3069,0,146,3787
1753067211587341632,0,21,2876,3792,0,3069,0,146,3787
1753067211589303892,0,21,2876,3793,0,3069,0,146,3787
1753067211591249555,0,21,2876,3793,0,3069,0,146,3787
1753067211593299287,0,21,2876,3793,0,3069,0,146,3787
1753067211595324390,0,21,2876,3793,0,3070,0,146,3787
1753067211597217700,0,21,2876,3793,0,3070,0,146,3787
1753067211599234604,0,21,2876,3793,0,3070,0,146,3787
1753067211601177196,0,21,2876,3793,0,3070,0,146,3787
1753067211603249376,0,21,2876,3793,0,3070,0,146,3787
1753067211605278845,0,21,2876,3793,0,3071,0,146,3787
1753067211607284575,0,21,2876,3793,0,3071,0,146,3787
1753067211609276686,0,21,2876,3793,0,3071,0,146,3787
1753067211611219361,0,21,2876,3793,0,3071,0,146,3787
1753067211613220108,0,21,2876,3793,0,3072,0,146,3787
1753067211615288334,0,21,2876,3793,0,3072,0,146,3787
1753067211617298032,0,21,2876,3793,0,3072,0,146,3787
1753067211619266530,0,21,2876,3793,0,3073,0,146,3787
1753067211621287192,0,21,2876,3793,0,3073,0,146,3787
1753067211623232453,0,21,2876,3793,0,3073,0,146,3787
1753067211625262861,0,21,2876,3793,0,3073,0,146,3787
1753067211627224628,0,21,2876,3793,0,3073,0,146,3787
1753067211629174770,0,21,2876,3793,0,3073,0,146,3787
1753067211631265734,0,21,2876,3793,0,3074,0,146,3787
1753067211633269689,0,21,2876,3793,0,3074,0,146,3787
1753067211635237068,0,21,2876,3793,0,3074,0,146,3787
1753067211637236036,0,21,2876,3793,0,3074,0,146,3787
1753067211639227392,0,21,2876,3793,0,3074,0,146,3787
1753067211641215196,0,21,2876,3793,0,3074,0,146,3787
1753067211643252894,0,21,2876,3793,0,3075,0,146,3787
1753067211645230414,0,21,2876,3793,0,3075,0,146,3787
1753067211647215097,0,21,2876,3793,0,3075,0,146,3787
1753067211649195343,0,21,2876,3793,0,3075,0,146,3787
1753067211651139788,0,21,2876,3793,0,3075,0,146,3787
1753067211653137689,0,21,2876,3793,0,3075,0,146,3787
1753067211655177247,0,21,2876,3793,0,3075,0,146,3787
1753067211657197894,0,21,2876,3793,0,3075,0,146,3787
1753067211659256192,0,21,2876,3793,0,3075,0,146,3787
1753067211661117504,0,21,2876,3793,0,3075,0,146,3787
1753067211663146501,0,21,2876,3793,0,3075,0,146,3787
1753067211665144801,0,21,2876,3793,0,3075,0,146,3787
1753067211667128719,0,21,2876,3793,0,3075,0,146,3787
1753067211669071063,0,21,2876,3793,0,3075,0,146,3787
1753067211671090982,0,21,2876,3793,0,3076,0,146,3787
1753067211673104740,0,21,2876,3793,0,3075,0,146,3787
1753067211675079237,0,21,2876,3793,0,3075,0,146,3787
1753067211677047206,0,21,2876,3793,0,3075,0,146,3787
1753067211679077030,0,21,2876,3793,0,3075,0,146,3787
1753067211681017213,0,21,2876,3793,0,3076,0,146,3787
1753067211683020456,0,21,2876,3793,0,3075,0,146,3787
1753067211685075786,0,21,2876,3793,0,3075,0,146,3787
1753067211687089113,0,21,2876,3793,0,3075,0,146,3787
1753067211689079130,0,21,2876,3793,0,3075,0,146,3787
1753067211691063737,0,21,2876,3793,0,3075,0,146,3787
1753067211693117825,0,21,2876,3793,0,3076,0,146,3787
1753067211695079800,0,21,2876,3793,0,3075,0,146,3787
1753067211697067551,0,21,2876,3793,0,3075,0,146,3787
1753067211699100479,0,21,2876,3793,0,3075,0,146,3787
1753067211701127777,0,21,2876,3793,0,3075,0,146,3787
1753067211703140831,0,21,2876,3793,0,3075,0,146,3787
1753067211705084001,0,21,2876,3793,0,3075,0,146,3787
1753067211707111715,0,21,2876,3793,0,3075,0,146,3787
1753067211709077070,0,21,2876,3792,0,3075,0,146,3787
1753067211711064578,0,21,2876,3793,0,3075,0,146,3787
1753067211713026416,0,21,2876,3792,0,3075,0,146,3787
1753067211715091785,0,21,2876,3792,0,3075,0,146,3787
1753067211717040144,0,21,2876,3792,0,3075,0,146,3787
1753067211719049727,0,21,2876,3792,0,3075,0,146,3787
1753067211721044954,0,21,2876,3791,0,3075,0,146,3787
1753067211723101978,0,21,2876,3791,0,3075,0,146,3787
1753067211725071315,0,21,2876,3791,0,3075,0,146,3787
1753067211727069403,0,21,2876,3791,0,3075,0,146,3787
1753067211729043081,0,21,2876,3790,0,3074,0,146,3787
1753067211731074764,0,21,2876,3790,0,3075,0,146,3787
1753067211733021146,0,21,2876,3790,0,3075,0,146,3787
1753067211734990300,0,21,2876,3790,0,3075,0,146,3787
1753067211737190717,0,21,2876,3790,0,3075,0,146,3787
1753067211739002213,0,21,2876,3790,0,3075,0,146,3787
1753067211741010892,0,21,2876,3790,0,3075,0,146,3787
1753067211743056196,0,21,2876,3789,0,3075,0,146,3787
1753067211745031737,0,21,2876,3789,0,3075,0,146,3787
1753067211747047911,0,21,2876,3789,0,3075,0,146,3787
1753067211749071527,0,21,2876,3788,0,3075,0,146,3787
1753067211751035677,0,21,2876,3788,0,3075,0,146,3787
1753067211753049065,0,21,2876,3788,0,3075,0,146,3787
1753067211755045659,0,21,2876,3788,0,3075,0,146,3787
1753067211756963750,0,21,2876,3788,0,3075,0,146,3787
1753067211759001852,0,21,2876,3788,0,3075,0,146,3787
1753067211760935728,0,21,2876,3788,0,3075,0,146,3787
1753067211762951755,0,21,2876,3788,0,3075,0,146,3787
1753067211764969749,0,21,2876,3788,0,3075,0,146,3787
1753067211767050382,0,21,2876,3788,0,3075,0,146,3787
1753067211769039764,0,21,2876,3788,0,3075,0,146,3787
1753067211771010076,0,21,2876,3788,0,3075,0,146,3787
1753067211772971406,0,21,2876,3787,0,3076,0,146,3787
1753067211774961410,0,21,2876,3787,0,3076,0,146,3787
1753067211776942711,0,21,2876,3787,0,3076,0,146,3787
1753067211778971985,0,21,2876,3786,0,3076,0,146,3787
1753067211780935482,0,21,2876,3786,0,3076,0,146,3787
1753067211782916014,0,21,2876,3786,0,3076,0,146,3787
1753067211784973913,0,21,2876,3786,0,3076,0,146,3787
1753067211786990874,0,21,2876,3785,0,3076,0,146,3787
1753067211788979552,0,21,2876,3785,0,3076,0,146,3787
1753067211791041008,0,21,2876,3784,0,3077,0,146,3787
1753067211792987646,0,21,2876,3783,0,3077,0,146,3787
1753067211795004908,0,21,2876,3783,0,3077,0,146,3787
1753067211797008463,0,21,2876,3782,0,3077,0,146,3787
1753067211798993754,0,21,2876,3781,0,3077,0,146,3787
1753067211800947554,0,21,2876,3781,0,3077,0,146,3787
1753067211802882036,0,21,2876,3780,0,3077,0,146,3787
1753067211804864864,0,21,2876,3779,0,3077,0,146,3787
1753067211806873671,0,21,2876,3778,0,3077,0,146,3787
1753067211808896234,0,21,2876,3778,0,3077,0,146,3787
1753067211810904889,0,21,2876,3777,0,3077,0,146,3787
1753067211812909861,0,21,2876,3776,0,3077,0,146,3787
1753067211814895502,0,21,2876,3775,0,3077,0,146,3787
1753067211816856707,0,21,2876,3775,0,3077,0,146,3787
1753067211818902187,0,21,2876,3774,0,3077,0,146,3787
1753067211820906611,0,21,2876,3773,0,3077,0,146,3787
1753067211822885178,0,21,2876,3772,0,3077,0,146,3787
1753067211824848832,0,21,2876,3771,0,3077,0,146,3787
1753067211826817783,0,21,2876,3771,0,3077,0,146,3787
1753067211828811413,0,21,2876,3770,0,3077,0,146,3787
1753067211830776343,0,21,2876,3770,0,3077,0,146,3787
1753067211832783840,0,21,2876,3770,0,3077,0,146,3787
1753067211834794843,0,21,2876,3768,0,3078,0,146,3787
1753067211836832181,0,21,2876,3768,0,3078,0,146,3787
1753067211838834876,0,21,2876,3768,0,3078,0,146,3787
1753067211840833049,0,21,2876,3768,0,3078,0,146,3787
1753067211842867925,0,21,2876,3768,0,3078,0,146,3787
1753067211844906711,0,21,2876,3768,0,3078,0,146,3787
1753067211846848393,0,21,2876,3768,0,3078,0,146,3787
1753067211848807082,0,21,2876,3768,0,3078,0,146,3787
1753067211850788121,0,21,2876,3768,0,3078,0,146,3787
1753067211852758248,0,21,2876,3768,0,3078,0,146,3787
1753067211854792723,0,21,2876,3768,0,3078,0,146,3787
1753067211856792530,0,21,2876,3768,0,3078,0,146,3787
1753067211858897519,0,21,2876,3768,0,3078,0,146,3787
1753067211860781715,0,21,2876,3768,0,3078,0,146,3787
1753067211862846349,0,21,2876,3768,0,3078,0,146,3787
1753067211864817760,0,21,2876,3767,0,3078,0,146,3787
1753067211866825503,0,21,2876,3766,0,3078,0,146,3787
1753067211868793263,0,21,2876,3766,0,3078,0,146,3787
1753067211870826278,0,21,2876,3765,0,3078,0,146,3787
1753067211872799841,0,21,2876,3765,0,3078,0,146,3787
1753067211874814244,0,21,2876,3764,0,3078,0,146,3787
1753067211876784966,0,21,2876,3763,0,3078,0,146,3787
1753067211878835524,0,21,2876,3762,0,3078,0,146,3787
1753067211880743380,0,21,2876,3761,0,3078,0,146,3787
1753067211882721546,0,21,2876,3759,0,3078,0,146,3787
1753067211884727329,0,21,2876,3758,0,3078,0,146,3787
1753067211886757099,0,21,2876,3757,0,3078,0,146,3787
1753067211888743616,0,21,2876,3755,0,3078,0,146,3787
1753067211890758126,0,21,2876,3754,0,3078,0,146,3787
1753067211892776712,0,21,2876,3752,0,3078,0,146,3787
1753067211894770971,0,21,2876,3751,0,3078,0,146,3787
1753067211896691312,0,21,2876,3749,0,3078,0,146,3787
1753067211898714004,0,21,2876,3748,0,3077,0,146,3787
1753067211900717133,0,21,2876,3746,0,3077,0,146,3787
1753067211902721422,0,21,2876,3745,0,3077,0,146,3787
1753067211904702765,0,21,2876,3743,0,3077,0,146,3787
1753067211906733894,0,21,2876,3741,0,3077,0,146,3787
1753067211908721741,0,21,2876,3739,0,3077,0,146,3787
1753067211910720741,0,21,2876,3738,0,3077,0,146,3787
1753067211912718442,0,21,2876,3736,0,3076,0,146,3787
1753067211914698244,0,21,2876,3734,0,3077,0,146,3787
1753067211916720983,0,21,2876,3733,0,3076,0,146,3786
1753067211918689183,0,21,2876,3732,0,3076,0,146,3786
1753067211920716904,0,21,2876,3731,0,3076,0,146,3786
1753067211922613965,0,21,2876,3729,0,3076,0,146,3785
1753067211924677494,0,21,2876,3728,0,3077,0,146,3785
1753067211926629273,0,21,2876,3727,0,3077,0,146,3784
1753067211928622695,0,21,2876,3725,0,3077,0,146,3783
1753067211930671514,0,21,2876,3724,0,3077,0,146,3782
1753067211932701793,0,21,2876,3723,0,3077,0,146,3781
1753067211934679721,0,21,2876,3722,0,3077,0,146,3780
1753067211936643543,0,21,2876,3721,0,3077,0,146,3779
1753067211938608652,0,21,2876,3720,0,3077,0,146,3778
1753067211940659147,0,21,2876,3719,0,3077,0,146,3777
1753067211942598660,0,21,2876,3718,0,3077,0,146,3776
1753067211944645919,0,21,2876,3717,0,3077,0,146,3775
1753067211946680701,0,21,2876,3716,0,3077,0,146,3773
1753067211948645466,0,21,2876,3715,0,3077,0,146,3772
1753067211950699819,0,21,2876,3714,0,3077,0,146,3770
1753067211952665939,0,21,2876,3712,0,3077,0,146,3769
1753067211954700436,0,21,2876,3711,0,3077,0,146,3768
1753067211956664327,0,21,2876,3711,0,3077,0,146,3766
1753067211958667668,0,21,2876,3710,0,3077,0,146,3765
1753067211960641595,0,21,2876,3709,0,3077,0,146,3763
1753067211962765450,0,21,2876,3708,0,3077,0,146,3762
1753067211964767538,0,21,2876,3707,0,3077,0,146,3760
1753067211966654788,0,21,2876,3706,0,3077,0,146,3759
1753067211968620787,0,21,2876,3705,0,3077,0,146,3758
1753067211970636241,0,21,2876,3705,0,3077,0,146,3756
1753067211972666890,0,21,2876,3704,0,3077,0,146,3754
1753067211974589081,0,21,2876,3703,0,3077,0,146,3752
1753067211976573228,0,21,2876,3703,0,3077,0,146,3751
1753067211978582233,0,21,2876,3702,0,3077,0,146,3750
1753067211980577145,0,21,2876,3701,0,3077,0,146,3748
1753067211982666885,0,21,2876,3701,0,3077,0,146,3747
1753067211984653258,0,21,2877,3700,0,3077,0,146,3745
1753067211986654966,0,21,2877,3699,0,3077,0,146,3744
1753067211988605930,0,21,2878,3699,0,3076,0,146,3742
1753067211990667559,0,21,2879,3698,0,3076,0,146,3741
1753067211992572423,0,21,2880,3698,0,3076,0,146,3740
1753067211994605116,0,21,2880,3697,0,3076,0,146,3738
1753067211996586521,0,21,2880,3696,0,3076,0,146,3737
1753067211998588601,0,21,2881,3695,0,3075,0,146,3736
1753067212000591193,0,21,2881,3695,0,3075,0,146,3735
1753067212002554881,0,21,2882,3694,0,3075,0,146,3733
1753067212004575738,0,21,2882,3693,0,3075,0,146,3733
1753067212006589070,0,21,2883,3692,0,3074,0,146,3731
1753067212008542173,0,21,2883,3691,0,3074,0,146,3731
1753067212010585425,0,21,2884,3690,0,3074,0,146,3729
1753067212012588886,0,21,2884,3690,0,3073,0,146,3729
1753067212014533032,0,21,2884,3689,0,3073,0,146,3728
1753067212016549407,0,21,2885,3688,0,3072,0,146,3727
1753067212018576050,0,21,2885,3687,0,3072,0,146,3726
1753067212020492917,0,21,2886,3686,0,3072,0,146,3726
1753067212022631166,0,21,2886,3686,0,3071,0,146,3725
1753067212024558435,0,21,2887,3685,0,3071,0,146,3724
1753067212026495114,0,21,2888,3684,0,3071,0,146,3724
1753067212028527581,0,21,2889,3683,0,3070,0,146,3723
1753067212030516959,0,21,2889,3682,0,3070,0,146,3723
1753067212032488043,0,21,2890,3682,0,3070,0,146,3723
1753067212034482860,0,21,2891,3681,0,3069,0,146,3722
1753067212036427649,0,21,2892,3680,0,3069,0,146,3721
1753067212038479615,0,21,2893,3680,0,3068,0,146,3721
1753067212040531256,0,21,2894,3678,0,3068,0,146,3720
1753067212042560186,0,21,2895,3677,0,3068,0,146,3720
1753067212044526120,0,21,2896,3677,0,3067,0,146,3719
1753067212046496546,0,21,2897,3676,0,3067,0,146,3719
1753067212048573082,0,21,2898,3675,0,3067,0,146,3718
1753067212050505214,0,21,2899,3674,0,3066,0,146,3717
1753067212052479550,0,21,2899,3674,0,3066,0,146,3716
1753067212054481423,0,21,2900,3672,0,3066,0,146,3715
1753067212056517521,0,21,2901,3671,0,3065,0,146,3715
1753067212058468819,0,21,2901,3671,0,3065,0,146,3714
1753067212060508837,0,21,2902,3670,0,3064,0,146,3713
1753067212062501674,0,21,2902,3669,0,3064,0,146,3712
1753067212064432794,0,21,2902,3668,0,3063,0,146,3712
1753067212066415572,0,21,2902,3667,0,3063,0,146,3711
1753067212068431714,0,21,2902,3666,0,3062,0,146,3710
1753067212070431488,0,21,2902,3666,0,3062,0,146,3709
1753067212072437178,0,21,2902,3665,0,3061,0,146,3708
1753067212074459855,0,21,2902,3664,0,3061,0,146,3708
1753067212076454145,0,21,2902,3663,0,3060,0,146,3707
1753067212078462560,0,21,2902,3662,0,3060,0,146,3706
1753067212080394726,0,21,2902,3661,0,3060,0,146,3705
1753067212082462247,0,21,2902,3660,0,3059,0,146,3705
1753067212084419831,0,21,2902,3659,0,3059,0,146,3704
1753067212086393578,0,21,2902,3658,0,3058,0,146,3703
1753067212088368599,0,21,2902,3658,0,3058,0,146,3702
1753067212090407683,0,21,2902,3657,0,3057,0,146,3701
1753067212092412510,0,21,2902,3656,0,3057,0,146,3701
1753067212094413435,0,21,2902,3655,0,3057,0,146,3700
1753067212096340736,0,21,2902,3654,0,3056,0,146,3699
1753067212098358084,0,21,2902,3653,0,3056,0,146,3698
1753067212100393362,0,21,2902,3652,0,3055,0,146,3697
1753067212102423890,0,21,2902,3651,0,3055,0,146,3696
1753067212104392040,0,21,2902,3651,0,3054,0,146,3695
1753067212106426561,0,21,2902,3650,0,3054,0,146,3694
1753067212108423975,0,21,2902,3649,0,3054,0,146,3693
1753067212110399525,0,21,2902,3648,0,3053,0,146,3692
1753067212112392326,0,21,2902,3648,0,3053,0,146,3691
1753067212114391719,0,21,2902,3647,0,3052,0,146,3690
1753067212116324976,0,21,2902,3646,0,3052,0,146,3689
1753067212118325643,0,21,2902,3645,0,3051,0,146,3688
1753067212120316533,0,21,2902,3644,0,3051,0,146,3687
1753067212122332689,0,21,2902,3643,0,3051,0,146,3686
1753067212124328488,0,21,2902,3643,0,3050,0,146,3685
1753067212126355318,0,21,2902,3642,0,3050,0,146,3684
1753067212128354641,0,21,2902,3641,0,3049,0,146,3683
1753067212130340548,0,21,2902,3641,0,3049,0,146,3682
1753067212132323839,0,21,2902,3640,0,3048,0,146,3681
1753067212134360692,0,21,2901,3639,0,3048,0,146,3680
1753067212136327410,0,21,2901,3638,0,3047,0,146,3680
1753067212138280297,0,21,2901,3637,0,3047,0,146,3679
1753067212140254004,0,21,2901,3637,0,3046,0,146,3678
1753067212142278011,0,21,2901,3636,0,3046,0,146,3677
1753067212144247421,0,21,2901,3635,0,3046,0,146,3676
1753067212146322879,0,21,2901,3635,0,3045,0,146,3675
1753067212148295135,0,21,2901,3634,0,3045,0,146,3674
1753067212150292915,0,21,2901,3633,0,3044,0,146,3674
1753067212152264317,0,21,2901,3633,0,3043,0,146,3673
1753067212154294097,0,21,2901,3633,0,3043,0,146,3672
1753067212156259232,0,21,2901,3632,0,3042,0,146,3671
1753067212158262412,0,21,2901,3631,0,3042,0,146,3670
1753067212160290322,0,21,2901,3630,0,3041,0,146,3669
1753067212162242842,0,21,2901,3630,0,3041,0,146,3668
1753067212164319850,0,21,2901,3629,0,3040,0,146,3667
1753067212166308433,0,21,2901,3629,0,3039,0,146,3666
1753067212168299685,0,21,2901,3628,0,3039,0,146,3665
1753067212170276928,0,21,2901,3627,0,3039,0,146,3665
1753067212172309893,0,21,2901,3627,0,3038,0,146,3664
1753067212174337260,0,21,2901,3626,0,3038,0,146,3663
1753067212176296432,0,21,2901,3626,0,3037,0,146,3662
1753067212178324330,0,21,2901,3625,0,3036,0,146,3661
1753067212180276686,0,21,2901,3625,0,3036,0,146,3661
1753067212182281605,0,21,2901,3624,0,3035,0,146,3659
1753067212184192981,0,21,2901,3623,0,3035,0,146,3659
1753067212186183949,0,21,2901,3623,0,3034,0,146,3659
1753067212188216848,0,21,2901,3622,0,3034,0,146,3658
1753067212190271759,0,21,2901,3622,0,3033,0,146,3657
1753067212192220136,0,21,2901,3621,0,3032,0,146,3657
1753067212194202649,0,21,2901,3621,0,3032,0,146,3656
1753067212196182741,0,21,2901,3620,0,3031,0,146,3656
1753067212198217632,0,21,2901,3620,0,3031,0,146,3655
1753067212200283703,0,21,2901,3620,0,3030,0,146,3654
1753067212202188427,0,21,2901,3619,0,3030,0,146,3654
1753067212204194390,0,21,2901,3619,0,3029,0,146,3653
1753067212206183304,0,21,2901,3618,0,3028,0,146,3653
1753067212208189278,0,21,2901,3618,0,3028,0,146,3652
1753067212210259354,0,21,2901,3617,0,3027,0,146,3652
1753067212212193100,0,21,2901,3617,0,3027,0,146,3651
1753067212214135000,0,21,2901,3616,0,3026,0,146,3651
1753067212216232987,0,21,2901,3616,0,3026,0,146,3650
1753067212218267570,0,21,2900,3615,0,3025,0,146,3650
1753067212220216986,0,21,2901,3614,0,3025,0,146,3649
1753067212222268739,0,21,2900,3613,0,3024,0,146,3648
1753067212224288150,0,21,2901,3613,0,3024,0,146,3647
1753067212226179890,0,21,2900,3612,0,3024,0,146,3647
1753067212228202814,0,21,2900,3612,0,3024,0,146,3646
1753067212230138575,0,21,2900,3611,0,3024,0,146,3646
1753067212232192110,0,21,2900,3611,0,3024,0,146,3646
1753067212234132548,0,21,2900,3610,0,3024,0,146,3645
1753067212236261915,0,21,2900,3609,0,3024,0,146,3645
1753067212238162879,0,21,2900,3608,0,3023,0,146,3644
1753067212240215017,0,21,2900,3608,0,3023,0,146,3644
1753067212242092410,0,21,2900,3607,0,3023,0,146,3643
1753067212244049361,0,21,2900,3606,0,3023,0,146,3643
1753067212246101903,0,21,2900,3606,0,3022,0,146,3642
1753067212248133051,0,21,2900,3605,0,3022,0,146,3641
1753067212250127865,0,21,2900,3604,0,3022,0,146,3641
1753067212252099792,0,21,2899,3603,0,3021,0,146,3640
1753067212254108174,0,21,2899,3603,0,3021,0,146,3640
1753067212256088348,0,21,2899,3602,0,3020,0,146,3639
1753067212258125194,0,21,2899,3601,0,3020,0,146,3639
1753067212260053221,0,21,2898,3600,0,3019,0,146,3638
1753067212262098799,0,21,2898,3599,0,3019,0,146,3637
1753067212264055802,0,21,2898,3599,0,3018,0,146,3636
1753067212266124321,0,21,2897,3598,0,3018,0,146,3635
1753067212268140959,0,21,2897,3597,0,3017,0,146,3635
1753067212270094729,0,21,2897,3596,0,3016,0,146,3634
1753067212272073640,0,21,2896,3595,0,3016,0,146,3633
1753067212274068802,0,21,2896,3594,0,3015,0,146,3633
1753067212276064347,0,21,2896,3593,0,3014,0,146,3632
1753067212278052669,0,21,2895,3592,0,3013,0,146,3631
1753067212280119855,0,21,2895,3591,0,3013,0,146,3630
1753067212282077091,0,21,2895,3590,0,3012,0,146,3629
1753067212284079824,0,21,2894,3590,0,3012,0,146,3629
1753067212286061242,0,21,2894,3589,0,3011,0,146,3628
1753067212288126662,0,21,2894,3588,0,3010,0,146,3627
1753067212290206949,0,21,2894,3587,0,3010,0,146,3627
1753067212292039131,0,21,2893,3586,0,3009,0,146,3626
1753067212294020804,0,21,2893,3585,0,3008,0,146,3625
1753067212296019557,0,21,2893,3585,0,3007,0,146,3624
1753067212298053098,0,21,2893,3584,0,3007,0,146,3624
1753067212300067405,0,21,2892,3583,0,3006,0,146,3623
1753067212302091477,0,21,2892,3582,0,3005,0,146,3622
1753067212304040296,0,21,2892,3581,0,3005,0,146,3621
1753067212306055233,0,21,2892,3580,0,3004,0,146,3620
1753067212308041951,0,21,2892,3579,0,3004,0,146,3619
1753067212310056936,0,21,2892,3578,0,3003,0,146,3618
1753067212312107847,0,21,2891,3576,0,3003,0,146,3617
1753067212313953640,0,21,2891,3576,0,3002,0,146,3616
1753067212315953998,0,21,2891,3575,0,3001,0,146,3615
1753067212318022462,0,21,2890,3574,0,3001,0,146,3614
1753067212319974948,0,21,2890,3573,0,3000,0,146,3613
1753067212322005922,0,21,2889,3572,0,2999,0,146,3612
1753067212324057699,0,21,2889,3571,0,2999,0,146,3611
1753067212326001029,0,21,2889,3570,0,2998,0,146,3610
1753067212327976649,0,21,2888,3570,0,2998,0,146,3609
1753067212329966388,0,21,2887,3569,0,2997,0,146,3608
1753067212331988985,0,21,2887,3568,0,2997,0,146,3607
1753067212334019401,0,21,2886,3567,0,2996,0,146,3606
1753067212335923251,0,21,2885,3566,0,2995,0,146,3605
1753067212337923970,0,21,2885,3565,0,2995,0,146,3604
1753067212339925082,0,21,2884,3564,0,2994,0,146,3603
1753067212341963880,0,21,2883,3563,0,2994,0,146,3602
1753067212343930332,0,21,2882,3563,0,2993,0,146,3601
1753067212345942292,0,21,2882,3562,0,2992,0,146,3600
1753067212348011051,0,21,2881,3561,0,2992,0,146,3599
1753067212349926161,0,21,2880,3560,0,2991,0,146,3599
1753067212351908451,0,21,2880,3560,0,2991,0,146,3597
1753067212353895212,0,21,2879,3559,0,2990,0,146,3597
1753067212355971254,0,21,2878,3558,0,2989,0,146,3596
1753067212358019211,0,21,2878,3557,0,2989,0,146,3595
1753067212359878978,0,21,2877,3557,0,2988,0,146,3594
1753067212361844200,0,21,2876,3556,0,2987,0,146,3593
1753067212363896574,0,21,2875,3555,0,2987,0,146,3592
1753067212365869854,0,21,2875,3555,0,2987,0,146,3591
1753067212367880765,0,21,2874,3554,0,2986,0,146,3590
1753067212369903285,0,21,2874,3553,0,2985,0,146,3589
1753067212371894111,0,21,2873,3552,0,2985,0,146,3589
1753067212373898528,0,21,2873,3552,0,2984,0,146,3588
1753067212375914900,0,21,2872,3551,0,2984,0,146,3587
1753067212377877421,0,21,2871,3550,0,2983,0,146,3586
1753067212379905338,0,21,2870,3549,0,2983,0,146,3585
1753067212381889984,0,21,2870,3548,0,2982,0,146,3584
1753067212383834339,0,21,2869,3547,0,2982,0,146,3583
1753067212385803756,0,21,2868,3546,0,2981,0,146,3582
1753067212387830022,0,21,2867,3546,0,2980,0,146,3582
1753067212389909380,0,21,2866,3545,0,2979,0,146,3581
1753067212391871281,0,21,2866,3544,0,2979,0,146,3580
1753067212393818483,0,21,2865,3543,0,2978,0,146,3579
1753067212395824511,0,21,2864,3542,0,2977,0,146,3578
1753067212397806310,0,21,2864,3541,0,2977,0,146,3578
1753067212399829327,0,21,2863,3540,0,2976,0,146,3577
1753067212401773017,0,21,2862,3539,0,2976,0,146,3576
1753067212403820591,0,21,2861,3538,0,2975,0,146,3575
1753067212405762761,0,21,2861,3537,0,2974,0,146,3575
1753067212407817872,0,21,2860,3536,0,2974,0,146,3574
1753067212409830947,0,21,2860,3535,0,2973,0,146,3573
1753067212411784820,0,21,2859,3535,0,2972,0,146,3572
1753067212413781817,0,21,2858,3533,0,2971,0,146,3571
1753067212415796654,0,21,2858,3533,0,2971,0,146,3570
1753067212417780129,0,21,2857,3532,0,2970,0,146,3570
1753067212419801098,0,21,2856,3530,0,2970,0,146,3569
1753067212421790411,0,21,2856,3529,0,2969,0,146,3568
1753067212423806783,0,21,2855,3528,0,2968,0,146,3567
1753067212425807033,0,21,2854,3527,0,2968,0,146,3567
1753067212427810541,0,21,2854,3526,0,2967,0,146,3566
1753067212429765800,0,21,2853,3525,0,2966,0,146,3565
1753067212431819172,0,21,2853,3524,0,2966,0,146,3564
1753067212433743711,0,21,2852,3523,0,2965,0,146,3563
1753067212435720400,0,21,2852,3521,0,2964,0,146,3562
1753067212437770772,0,21,2851,3521,0,2964,0,146,3561
1753067212439794988,0,21,2851,3520,0,2963,0,146,3560
1753067212441777583,0,21,2850,3519,0,2962,0,146,3559
1753067212443727191,0,21,2849,3518,0,2962,0,146,3558
1753067212445852596,0,21,2849,3517,0,2961,0,146,3557
1753067212447798922,0,21,2848,3516,0,2960,0,146,3556
1753067212449756111,0,21,2848,3515,0,2960,0,146,3555
1753067212451764924,0,21,2847,3514,0,2959,0,146,3554
1753067212453774904,0,21,2847,3513,0,2958,0,146,3553
1753067212455795201,0,21,2846,3512,0,2957,0,146,3552
1753067212457775186,0,21,2845,3511,0,2957,0,146,3551
1753067212459720930,0,21,2845,3510,0,2956,0,146,3550
1753067212461763311,0,21,2844,3509,0,2955,0,146,3549
1753067212463792444,0,21,2844,3508,0,2955,0,146,3547
1753067212465787464,0,21,2843,3507,0,2954,0,146,3546
1753067212467775916,0,21,2842,3506,0,2953,0,146,3546
1753067212469807450,0,21,2841,3505,0,2953,0,146,3544
1753067212471813745,0,21,2841,3504,0,2952,0,146,3543
1753067212473796530,0,21,2840,3503,0,2951,0,146,3542
1753067212475778302,0,21,2840,3501,0,2950,0,146,3541
1753067212477764114,0,21,2839,3500,0,2949,0,146,3540
1753067212479828504,0,21,2839,3500,0,2949,0,146,3539
1753067212481754944,0,21,2838,3498,0,2948,0,146,3538
1753067212483723921,0,21,2838,3497,0,2948,0,146,3537
1753067212485716978,0,21,2838,3496,0,2947,0,146,3536
1753067212487695303,0,21,2838,3496,0,2946,0,146,3535
1753067212489716767,0,21,2838,3494,0,2945,0,146,3534
1753067212491655213,0,21,2837,3493,0,2945,0,146,3533
1753067212493640231,0,21,2837,3492,0,2943,0,146,3532
1753067212495662786,0,21,2837,3491,0,2943,0,146,3531
1753067212497673585,0,21,2836,3490,0,2942,0,146,3530
1753067212499673531,0,21,2836,3488,0,2942,0,146,3529
1753067212501641025,0,21,2835,3487,0,2941,0,146,3528
1753067212503685639,0,21,2835,3487,0,2940,0,146,3526
1753067212505596540,0,21,2834,3486,0,2939,0,146,3525
1753067212507647018,0,21,2834,3485,0,2939,0,146,3525
1753067212509654139,0,21,2833,3483,0,2938,0,146,3523
1753067212511663492,0,21,2833,3482,0,2937,0,146,3522
1753067212513570923,0,21,2832,3481,0,2936,0,146,3521
1753067212515574010,0,21,2832,3480,0,2935,0,146,3520
1753067212517574425,0,21,2831,3479,0,2935,0,146,3519
1753067212519580105,0,21,2831,3478,0,2934,0,146,3518
1753067212521599169,0,21,2830,3477,0,2934,0,146,3517
1753067212523626002,0,21,2830,3476,0,2933,0,146,3516
1753067212525586515,0,21,2829,3475,0,2932,0,146,3515
1753067212527586437,0,21,2828,3474,0,2931,0,146,3513
1753067212529568351,0,21,2828,3473,0,2930,0,146,3512
1753067212531608423,0,21,2827,3473,0,2929,0,146,3511
1753067212533605754,0,21,2826,3471,0,2929,0,146,3510
1753067212535643866,0,21,2825,3471,0,2928,0,146,3509
1753067212537523605,0,21,2824,3469,0,2927,0,146,3507
1753067212539500737,0,21,2824,3469,0,2926,0,146,3506
1753067212541613080,0,21,2823,3468,0,2925,0,146,3505
1753067212543553259,0,21,2822,3467,0,2925,0,146,3504
1753067212545547448,0,21,2821,3465,0,2924,0,146,3503
1753067212547522136,0,21,2820,3464,0,2923,0,146,3502
1753067212549579249,0,21,2820,3464,0,2922,0,146,3500
1753067212551553456,0,21,2819,3462,0,2921,0,146,3499
1753067212553551087,0,21,2818,3462,0,2921,0,146,3498
1753067212555643153,0,21,2817,3461,0,2919,0,146,3497
1753067212557593668,0,21,2816,3460,0,2918,0,146,3496
1753067212559604499,0,21,2816,3459,0,2918,0,146,3495
1753067212561518792,0,21,2814,3458,0,2917,0,146,3494
1753067212563483236,0,21,2813,3457,0,2916,0,146,3493
1753067212565524152,0,21,2812,3456,0,2916,0,146,3492
1753067212567558940,0,21,2811,3455,0,2914,0,146,3491
1753067212569518514,0,21,2810,3454,0,2913,0,146,3490
1753067212571559268,0,21,2810,3453,0,2913,0,146,3489
1753067212573538015,0,21,2809,3452,0,2912,0,146,3488
1753067212575558576,0,21,2808,3451,0,2911,0,146,3486
1753067212577535177,0,21,2807,3450,0,2910,0,146,3486
1753067212579525177,0,21,2806,3448,0,2910,0,146,3485
1753067212581561183,0,21,2805,3447,0,2909,0,146,3484
1753067212583499692,0,21,2805,3446,0,2908,0,146,3483
1753067212585492091,0,21,2804,3445,0,2907,0,146,3482
1753067212587542831,0,21,2803,3443,0,2906,0,146,3481
1753067212589494621,0,21,2802,3443,0,2905,0,146,3480
1753067212591477049,0,21,2802,3441,0,2905,0,146,3479
1753067212593459580,0,21,2801,3440,0,2903,0,146,3478
1753067212595512045,0,21,2800,3439,0,2903,0,146,3477
1753067212597520836,0,21,2799,3438,0,2902,0,146,3476
1753067212599514240,0,21,2799,3436,0,2901,0,146,3474
1753067212601484318,0,21,2797,3436,0,2900,0,146,3474
1753067212603503784,0,21,2796,3434,0,2899,0,146,3472
1753067212605481786,0,21,2795,3433,0,2898,0,146,3471
1753067212607446983,0,21,2795,3432,0,2898,0,146,3470
1753067212609418594,0,21,2794,3430,0,2897,0,146,3469
1753067212611416021,0,21,2794,3429,0,2896,0,146,3468
1753067212613419886,0,21,2794,3428,0,2895,0,146,3467
1753067212615516972,0,21,2793,3427,0,2894,0,146,3466
1753067212617408602,0,21,2792,3426,0,2893,0,146,3465
1753067212619436559,0,21,2792,3425,0,2892,0,146,3464
1753067212621372458,0,21,2792,3424,0,2891,0,146,3463
1753067212623401329,0,21,2791,3422,0,2891,0,146,3462
1753067212625389774,0,21,2791,3421,0,2890,0,146,3461
1753067212627406372,0,21,2791,3420,0,2889,0,146,3460
1753067212629409221,0,21,2790,3419,0,2888,0,146,3459
1753067212631431978,0,21,2790,3418,0,2887,0,146,3458
1753067212633351923,0,21,2789,3417,0,2886,0,146,3457
1753067212635313621,0,21,2789,3416,0,2885,0,146,3455
1753067212637334237,0,21,2789,3415,0,2884,0,146,3455
1753067212639304538,0,21,2788,3414,0,2884,0,146,3454
1753067212641329747,0,21,2788,3413,0,2883,0,146,3452
1753067212643345787,0,21,2788,3412,0,2882,0,146,3451
1753067212645387432,0,21,2787,3411,0,2881,0,146,3450
1753067212647351681,0,21,2786,3410,0,2880,0,146,3449
1753067212649380151,0,21,2786,3408,0,2879,0,146,3448
1753067212651387045,0,21,2786,3407,0,2878,0,146,3447
1753067212653363534,0,21,2785,3407,0,2877,0,146,3446
1753067212655363276,0,21,2785,3406,0,2876,0,146,3445
1753067212657401082,0,21,2784,3405,0,2875,0,146,3444
1753067212659383046,0,21,2783,3404,0,2874,0,146,3442
1753067212661412015,0,21,2783,3403,0,2873,0,146,3441
1753067212663412934,0,21,2782,3402,0,2872,0,146,3440
1753067212665405773,0,21,2782,3401,0,2871,0,146,3439
1753067212667434417,0,21,2781,3400,0,2870,0,146,3438
1753067212669316221,0,21,2780,3399,0,2870,0,146,3437
1753067212671289633,0,21,2780,3398,0,2869,0,146,3436
1753067212673322442,0,21,2779,3397,0,2868,0,146,3435
1753067212675343216,0,21,2778,3397,0,2867,0,146,3434
1753067212677277274,0,21,2777,3396,0,2866,0,146,3433
1753067212679309239,0,21,2777,3394,0,2865,0,146,3431
1753067212681333984,0,21,2776,3393,0,2864,0,146,3430
1753067212683264442,0,21,2775,3392,0,2863,0,146,3429
1753067212685283578,0,21,2774,3392,0,2862,0,146,3428
1753067212687285053,0,21,2773,3391,0,2861,0,146,3427
1753067212689298090,0,21,2773,3390,0,2860,0,146,3426
1753067212691270798,0,21,2772,3389,0,2859,0,146,3425
1753067212693290145,0,21,2771,3387,0,2858,0,146,3424
1753067212695259550,0,21,2770,3386,0,2857,0,146,3423
1753067212697268408,0,21,2769,3385,0,2856,0,146,3421
1753067212699246003,0,21,2768,3384,0,2855,0,146,3420
1753067212701247393,0,21,2767,3384,0,2854,0,146,3419
1753067212703259821,0,21,2766,3382,0,2853,0,146,3418
1753067212705248398,0,21,2765,3381,0,2852,0,146,3417
1753067212707269434,0,21,2764,3380,0,2851,0,146,3416
1753067212709243437,0,21,2763,3379,0,2850,0,146,3415
1753067212711230769,0,21,2762,3378,0,2849,0,146,3414
1753067212713278827,0,21,2761,3377,0,2848,0,146,3413
1753067212715226419,0,21,2760,3376,0,2847,0,146,3412
1753067212717225808,0,21,2759,3375,0,2846,0,146,3411
1753067212719252502,0,21,2758,3374,0,2845,0,146,3410
1753067212721252359,0,21,2757,3372,0,2844,0,146,3409
1753067212723292510,0,21,2756,3372,0,2843,0,146,3407
1753067212725259667,0,21,2755,3371,0,2842,0,146,3406
1753067212727233789,0,21,2754,3369,0,2841,0,146,3406
1753067212729182468,0,21,2753,3368,0,2840,0,146,3404
1753067212731223639,0,21,2752,3367,0,2839,0,146,3403
1753067212733197239,0,21,2751,3366,0,2838,0,146,3402
1753067212735241258,0,21,2750,3365,0,2837,0,146,3401
1753067212737236523,0,21,2749,3364,0,2836,0,146,3400
1753067212739203236,0,21,2749,3363,0,2835,0,146,3399
1753067212741264758,0,21,2748,3362,0,2834,0,146,3398
1753067212743212923,0,21,2747,3361,0,2833,0,146,3396
1753067212745173770,0,21,2746,3359,0,2832,0,146,3396
1753067212747225374,0,21,2746,3358,0,2831,0,146,3395
1753067212749219508,0,21,2745,3357,0,2830,0,146,3394
1753067212751214488,0,21,2744,3356,0,2828,0,146,3392
1753067212753229683,0,21,2743,3355,0,2828,0,146,3391
1753067212755185901,0,21,2743,3354,0,2827,0,146,3390
1753067212757116284,0,21,2742,3351,0,2825,0,146,3389
1753067212759132077,0,21,2742,3350,0,2825,0,146,3388
1753067212761261982,0,21,2741,3349,0,2823,0,146,3387
1753067212763232193,0,21,2741,3348,0,2822,0,146,3386
1753067212765306070,0,21,2740,3347,0,2821,0,146,3384
1753067212767239031,0,21,2739,3346,0,2820,0,146,3383
1753067212769212597,0,21,2739,3345,0,2819,0,146,3382
1753067212771146783,0,21,2738,3344,0,2819,0,146,3381
1753067212773233960,0,21,2738,3343,0,2817,0,146,3380
1753067212775154099,0,21,2737,3342,0,2816,0,146,3379
1753067212777152691,0,21,2737,3341,0,2815,0,146,3378
1753067212779131700,0,21,2736,3340,0,2814,0,146,3377
1753067212781114126,0,21,2736,3339,0,2813,0,146,3376
1753067212783119486,0,21,2735,3338,0,2812,0,146,3375
1753067212785144373,0,21,2734,3337,0,2811,0,146,3374
1753067212787126389,0,21,2733,3335,0,2810,0,146,3373
1753067212789100156,0,21,2732,3334,0,2809,0,146,3371
1753067212791140949,0,21,2731,3333,0,2808,0,146,3370
1753067212793064614,0,21,2731,3332,0,2807,0,146,3369
1753067212795109492,0,21,2730,3331,0,2806,0,146,3368
1753067212797085477,0,21,2729,3330,0,2806,0,146,3367
1753067212799076890,0,21,2728,3329,0,2805,0,146,3366
1753067212801090669,0,21,2727,3327,0,2804,0,146,3364
1753067212803127387,0,21,2726,3326,0,2803,0,146,3363
1753067212805085087,0,21,2725,3325,0,2802,0,146,3363
1753067212807067521,0,21,2724,3323,0,2801,0,146,3361
1753067212809058149,0,21,2723,3322,0,2800,0,146,3360
1753067212811056909,0,21,2722,3320,0,2798,0,146,3359
1753067212813016031,0,21,2721,3319,0,2797,0,146,3358
1753067212815070409,0,21,2720,3318,0,2796,0,146,3357
1753067212817034508,0,21,2718,3316,0,2795,0,146,3356
1753067212819056712,0,21,2717,3315,0,2794,0,146,3355
1753067212821010205,0,21,2716,3314,0,2793,0,146,3354
1753067212823033185,0,21,2715,3312,0,2792,0,146,3353
1753067212825042600,0,21,2714,3311,0,2791,0,146,3351
1753067212827013291,0,21,2713,3310,0,2790,0,146,3350
1753067212828983223,0,21,2712,3308,0,2789,0,146,3349
1753067212830990097,0,21,2711,3307,0,2788,0,146,3348
1753067212832988589,0,21,2710,3306,0,2787,0,146,3347
1753067212835041576,0,21,2709,3304,0,2786,0,146,3345
1753067212837081836,0,21,2708,3303,0,2785,0,146,3344
1753067212839065724,0,21,2707,3301,0,2784,0,146,3343
1753067212841009872,0,21,2706,3300,0,2783,0,146,3342
1753067212843035296,0,21,2705,3299,0,2782,0,146,3341
1753067212844969484,0,21,2704,3298,0,2781,0,146,3339
1753067212847035272,0,21,2703,3297,0,2780,0,146,3338
1753067212848969136,0,21,2702,3295,0,2779,0,146,3337
1753067212850960025,0,21,2702,3294,0,2778,0,146,3335
1753067212852953602,0,21,2701,3293,0,2777,0,146,3334
1753067212854953979,0,21,2700,3292,0,2777,0,146,3333
1753067212856968482,0,21,2699,3291,0,2776,0,146,3331
1753067212858986391,0,21,2698,3289,0,2775,0,146,3330
1753067212860957396,0,21,2698,3288,0,2774,0,146,3329
1753067212862973535,0,21,2697,3287,0,2772,0,146,3328
1753067212865041873,0,21,2696,3286,0,2771,0,146,3326
1753067212866957083,0,21,2696,3284,0,2770,0,146,3325
1753067212868912596,0,21,2695,3283,0,2769,0,146,3324
1753067212870958749,0,21,2695,3282,0,2768,0,146,3322
1753067212872917966,0,21,2694,3280,0,2767,0,146,3321
1753067212874906825,0,21,2693,3279,0,2766,0,146,3320
1753067212876952179,0,21,2693,3277,0,2765,0,146,3318
1753067212879001840,0,21,2692,3276,0,2764,0,146,3317
1753067212880938333,0,21,2691,3275,0,2763,0,146,3315
1753067212882912189,0,21,2690,3273,0,2762,0,146,3314
1753067212884890107,0,21,2690,3272,0,2761,0,146,3313
1753067212886904673,0,21,2689,3270,0,2760,0,146,3312
1753067212888911265,0,21,2688,3269,0,2759,0,146,3310
1753067212890965029,0,21,2688,3267,0,2757,0,146,3309
1753067212892974293,0,21,2687,3266,0,2757,0,146,3307
1753067212894902670,0,21,2686,3264,0,2756,0,146,3306
1753067212896947420,0,21,2685,3263,0,2755,0,146,3305
1753067212898922516,0,21,2684,3262,0,2754,0,146,3303
1753067212900956959,0,21,2683,3260,0,2753,0,146,3301
1753067212902922220,0,21,2681,3258,0,2751,0,146,3300
1753067212904875482,0,21,2680,3257,0,2750,0,146,3299
1753067212906868506,0,21,2679,3256,0,2750,0,146,3298
1753067212908899046,0,21,2678,3255,0,2748,0,146,3296
1753067212910905726,0,21,2676,3253,0,2747,0,146,3295
1753067212912939927,0,21,2675,3251,0,2746,0,146,3293
1753067212914882122,0,21,2674,3250,0,2745,0,146,3292
1753067212916883897,0,21,2672,3249,0,2744,0,146,3291
1753067212918938339,0,21,2671,3247,0,2743,0,146,3290
1753067212920952311,0,21,2668,3246,0,2742,0,146,3288
1753067212922872790,0,21,2667,3245,0,2741,0,146,3287
1753067212924852499,0,21,2666,3243,0,2740,0,146,3286
1753067212926869089,0,21,2664,3242,0,2739,0,146,3284
1753067212928861132,0,21,2663,3241,0,2738,0,146,3283
1753067212930927763,0,21,2661,3239,0,2737,0,146,3281
1753067212932828812,0,21,2660,3238,0,2736,0,146,3280
1753067212934860173,0,21,2659,3237,0,2734,0,146,3279
1753067212936817539,0,21,2658,3235,0,2734,0,146,3278
1753067212938863082,0,21,2656,3234,0,2733,0,146,3276
1753067212940850097,0,21,2655,3232,0,2731,0,146,3275
1753067212942854394,0,21,2654,3231,0,2730,0,146,3273
1753067212944813330,0,21,2653,3230,0,2729,0,146,3272
1753067212946854428,0,21,2652,3229,0,2728,0,146,3270
1753067212948801213,0,21,2651,3227,0,2727,0,146,3269
1753067212950860058,0,21,2649,3226,0,2726,0,146,3268
1753067212952770959,0,21,2648,3225,0,2725,0,146,3266
1753067212954810266,0,21,2647,3224,0,2724,0,146,3265
1753067212956798776,0,21,2646,3222,0,2723,0,146,3264
1753067212958759178,0,21,2646,3222,0,2722,0,146,3262
1753067212960817021,0,21,2645,3220,0,2721,0,146,3261
1753067212962770497,0,21,2644,3220,0,2720,0,146,3259
1753067212964806428,0,21,2643,3219,0,2719,0,146,3258
1753067212966802347,0,21,2643,3218,0,2718,0,146,3256
1753067212968767678,0,21,2642,3217,0,2717,0,146,3255
1753067212970788196,0,21,2641,3215,0,2715,0,146,3254
1753067212972820785,0,21,2640,3215,0,2714,0,146,3253
1753067212974816931,0,21,2640,3214,0,2713,0,146,3251
1753067212976798340,0,21,2639,3212,0,2712,0,146,3250
1753067212978751076,0,21,2638,3212,0,2711,0,146,3249
1753067212980793118,0,21,2638,3210,0,2710,0,146,3247
1753067212982765014,0,21,2637,3209,0,2709,0,146,3246
1753067212984827784,0,21,2636,3209,0,2708,0,146,3244
1753067212986808445,0,21,2635,3207,0,2707,0,146,3243
1753067212988789714,0,21,2635,3206,0,2706,0,146,3242
1753067212990762305,0,21,2634,3205,0,2704,0,146,3241
1753067212992719421,0,21,2633,3204,0,2703,0,146,3239
1753067212994785556,0,21,2632,3202,0,2702,0,146,3238
1753067212996727147,0,21,2632,3201,0,2701,0,146,3237
1753067212998755203,0,21,2631,3200,0,2700,0,146,3236
1753067213000822302,0,21,2630,3199,0,2699,0,146,3235
1753067213002818990,0,21,2629,3198,0,2698,0,146,3234
1753067213004794413,0,21,2628,3196,0,2697,0,146,3232
1753067213006745375,0,21,2628,3195,0,2696,0,146,3231
1753067213008722322,0,21,2626,3192,0,2694,0,146,3230
1753067213010751840,0,21,2625,3191,0,2693,0,146,3229
1753067213012706245,0,21,2624,3190,0,2692,0,146,3228
1753067213014672200,0,21,2623,3188,0,2691,0,146,3227
1753067213016749287,0,21,2622,3187,0,2690,0,146,3226
1753067213018757841,0,21,2621,3185,0,2688,0,146,3225
1753067213020703515,0,21,2619,3184,0,2687,0,146,3223
1753067213022690037,0,21,2618,3182,0,2686,0,146,3222
1753067213024680850,0,21,2617,3181,0,2685,0,146,3221
1753067213026647982,0,21,2615,3179,0,2683,0,146,3220
1753067213028645265,0,21,2614,3178,0,2682,0,146,3219
1753067213030764976,0,21,2613,3176,0,2681,0,146,3218
1753067213032736129,0,21,2611,3174,0,2680,0,146,3216
1753067213034768496,0,21,2610,3173,0,2678,0,146,3215
1753067213036627444,0,21,2609,3172,0,2678,0,146,3214
1753067213038658557,0,21,2608,3170,0,2677,0,146,3213
1753067213040623949,0,21,2606,3168,0,2675,0,146,3211
1753067213042643622,0,21,2605,3167,0,2674,0,146,3210
1753067213044617052,0,21,2604,3166,0,2673,0,146,3209
1753067213046649289,0,21,2602,3165,0,2672,0,146,3208
1753067213048629473,0,21,2601,3163,0,2671,0,146,3207
1753067213050605676,0,21,2600,3162,0,2670,0,146,3205
1753067213052622023,0,21,2599,3161,0,2669,0,146,3204
1753067213054581377,0,21,2598,3159,0,2668,0,146,3202
1753067213056653179,0,21,2597,3158,0,2667,0,146,3201
1753067213058695576,0,21,2595,3157,0,2665,0,146,3200
1753067213060594274,0,21,2595,3156,0,2665,0,146,3198
1753067213062574058,0,21,2594,3155,0,2663,0,146,3196
1753067213064560594,0,21,2594,3154,0,2662,0,146,3195
1753067213066601242,0,21,2593,3152,0,2661,0,146,3194
1753067213068608520,0,21,2592,3151,0,2659,0,146,3192
1753067213070579336,0,21,2591,3150,0,2658,0,146,3191
1753067213072547013,0,21,2590,3149,0,2657,0,146,3189
1753067213074557900,0,21,2590,3147,0,2656,0,146,3188
1753067213076541785,0,21,2589,3146,0,2655,0,146,3186
1753067213078516524,0,21,2589,3145,0,2654,0,146,3185
1753067213080545876,0,21,2588,3144,0,2653,0,146,3183
1753067213082552692,0,21,2587,3143,0,2652,0,146,3182
1753067213084526764,0,21,2586,3141,0,2650,0,146,3180
1753067213086543769,0,21,2586,3140,0,2650,0,146,3179
1753067213088609336,0,21,2585,3139,0,2648,0,146,3177
1753067213090538139,0,21,2585,3138,0,2647,0,146,3176
1753067213092556929,0,21,2584,3136,0,2646,0,146,3175
1753067213094562100,0,21,2584,3136,0,2645,0,146,3173
1753067213096546020,0,21,2583,3135,0,2644,0,146,3172
1753067213098556023,0,21,2583,3133,0,2643,0,146,3170
1753067213100510072,0,21,2583,3132,0,2642,0,146,3169
1753067213102549181,0,21,2583,3131,0,2641,0,146,3167
1753067213104527677,0,21,2582,3130,0,2640,0,146,3166
1753067213106564010,0,21,2582,3129,0,2639,0,146,3165
1753067213108527098,0,21,2581,3128,0,2637,0,146,3163
1753067213110556760,0,21,2581,3126,0,2636,0,146,3162
1753067213112498666,0,21,2580,3125,0,2636,0,146,3160
1753067213114556595,0,21,2580,3124,0,2634,0,146,3159
1753067213116521077,0,21,2579,3123,0,2633,0,146,3158
1753067213118501643,0,21,2578,3122,0,2632,0,146,3157
1753067213120636623,0,21,2577,3121,0,2631,0,146,3155
1753067213122557660,0,21,2576,3120,0,2629,0,146,3154
1753067213124555372,0,21,2575,3119,0,2628,0,146,3152
1753067213126489741,0,21,2574,3118,0,2627,0,146,3151
1753067213128468823,0,21,2573,3116,0,2626,0,146,3150
1753067213130483648,0,21,2572,3115,0,2625,0,146,3149
1753067213132480884,0,21,2570,3114,0,2623,0,146,3147
1753067213134548445,0,21,2569,3113,0,2622,0,146,3146
1753067213136473491,0,21,2567,3112,0,2621,0,146,3145
1753067213138461667,0,21,2566,3111,0,2620,0,146,3144
1753067213140464490,0,21,2565,3110,0,2619,0,146,3143
1753067213142482344,0,21,2563,3108,0,2618,0,146,3142
1753067213144480149,0,21,2562,3107,0,2617,0,146,3140
1753067213146517639,0,21,2560,3106,0,2616,0,146,3139
1753067213148542835,0,21,2559,3105,0,2615,0,146,3138
1753067213151506418,0,21,2556,3104,0,2613,0,146,3137
1753067213153462494,0,21,2555,3102,0,2611,0,146,3135
1753067213155467212,0,21,2553,3101,0,2610,0,146,3134
1753067213157610002,0,21,2552,3100,0,2609,0,146,3133
1753067213159492777,0,21,2550,3098,0,2608,0,146,3132
1753067213161508878,0,21,2548,3096,0,2607,0,146,3131
1753067213163554727,0,21,2547,3095,0,2606,0,146,3130
1753067213165505004,0,21,2546,3094,0,2604,0,146,3128
1753067213167439277,0,21,2544,3093,0,2603,0,146,3127
1753067213169431982,0,21,2543,3091,0,2602,0,146,3126
1753067213171386486,0,21,2541,3090,0,2601,0,146,3125
1753067213173451623,0,21,2540,3088,0,2599,0,146,3124
1753067213175476835,0,21,2538,3087,0,2598,0,146,3122
1753067213177360422,0,21,2537,3086,0,2596,0,146,3121
1753067213179367783,0,21,2536,3084,0,2595,0,146,3120
1753067213181351518,0,21,2534,3083,0,2594,0,146,3119
1753067213183360029,0,21,2533,3082,0,2593,0,146,3117
1753067213185454762,0,21,2532,3080,0,2592,0,146,3116
1753067213187439032,0,21,2531,3078,0,2591,0,146,3115
1753067213189398338,0,21,2529,3077,0,2590,0,146,3114
1753067213191412688,0,21,2528,3076,0,2588,0,146,3112
1753067213193428747,0,21,2527,3075,0,2587,0,146,3111
1753067213195403575,0,21,2526,3073,0,2586,0,146,3110
1753067213197374042,0,21,2525,3072,0,2585,0,146,3109
1753067213199439376,0,21,2524,3071,0,2583,0,146,3107
1753067213201421422,0,21,2523,3069,0,2582,0,146,3106
1753067213203378139,0,21,2522,3068,0,2581,0,146,3105
1753067213205451012,0,21,2520,3067,0,2580,0,146,3103
1753067213207457903,0,21,2520,3064,0,2578,0,146,3102
1753067213209351054,0,21,2519,3064,0,2577,0,146,3101
1753067213211292042,0,21,2518,3063,0,2576,0,146,3099
1753067213213333927,0,21,2517,3061,0,2574,0,146,3098
1753067213215296456,0,21,2516,3060,0,2573,0,146,3097
1753067213217347952,0,21,2515,3058,0,2572,0,146,3095
1753067213219478786,0,21,2515,3057,0,2571,0,146,3094
1753067213221412296,0,21,2514,3056,0,2570,0,146,3092
1753067213223411735,0,21,2513,3054,0,2568,0,146,3091
1753067213225412351,0,21,2512,3053,0,2567,0,146,3090
1753067213227509470,0,21,2512,3052,0,2566,0,146,3088
1753067213229365427,0,21,2511,3050,0,2564,0,146,3087
1753067213231469776,0,21,2510,3049,0,2563,0,146,3086
1753067213233434296,0,21,2509,3048,0,2562,0,146,3084
1753067213235449911,0,21,2509,3046,0,2561,0,146,3083
1753067213237413745,0,21,2508,3046,0,2560,0,146,3082
1753067213239483941,0,21,2507,3044,0,2558,0,146,3081
1753067213241428599,0,21,2506,3043,0,2557,0,146,3079
1753067213243514948,0,21,2505,3041,0,2556,0,146,3078
1753067213245423856,0,21,2504,3039,0,2555,0,146,3076
1753067213247326998,0,21,2504,3038,0,2554,0,146,3075
1753067213249331095,0,21,2502,3037,0,2552,0,146,3074
1753067213251486493,0,21,2501,3036,0,2551,0,146,3073
1753067213253381165,0,21,2500,3034,0,2550,0,146,3071
1753067213255446119,0,21,2499,3033,0,2549,0,146,3070
1753067213257329443,0,21,2497,3031,0,2547,0,146,3068
1753067213259342008,0,21,2496,3030,0,2546,0,146,3067
1753067213261424428,0,21,2495,3029,0,2545,0,146,3065
1753067213263413885,0,21,2494,3027,0,2544,0,146,3064
1753067213265352124,0,21,2493,3026,0,2543,0,146,3063
1753067213267400133,0,21,2492,3025,0,2542,0,146,3062
1753067213269358165,0,21,2491,3023,0,2541,0,146,3060
1753067213271370800,0,21,2489,3023,0,2539,0,146,3059
1753067213273335700,0,21,2489,3021,0,2538,0,146,3058
1753067213275270365,0,21,2487,3020,0,2537,0,146,3056
1753067213277273151,0,21,2486,3018,0,2536,0,146,3055
1753067213279353166,0,21,2485,3017,0,2535,0,146,3054
1753067213281284156,0,21,2484,3016,0,2534,0,146,3053
1753067213283329376,0,21,2482,3015,0,2533,0,146,3051
1753067213285323532,0,21,2481,3013,0,2532,0,146,3050
1753067213287376587,0,21,2480,3012,0,2531,0,146,3048
1753067213289341173,0,21,2479,3010,0,2529,0,146,3047
1753067213291275537,0,21,2477,3010,0,2529,0,146,3046
1753067213293331494,0,21,2476,3008,0,2527,0,146,3044
1753067213295297946,0,21,2475,3007,0,2526,0,146,3043
1753067213297367861,0,21,2474,3006,0,2525,0,146,3041
1753067213299337937,0,21,2473,3005,0,2523,0,146,3040
1753067213301322211,0,21,2472,3004,0,2522,0,146,3039
1753067213303315583,0,21,2471,3003,0,2521,0,146,3037
1753067213305296292,0,21,2470,3002,0,2520,0,146,3036
1753067213307198429,0,21,2469,3001,0,2519,0,146,3034
1753067213309212785,0,21,2468,3000,0,2518,0,146,3033
1753067213311171438,0,21,2467,2999,0,2517,0,146,3032
1753067213313144736,0,21,2467,2998,0,2516,0,146,3030
1753067213315162851,0,21,2466,2997,0,2515,0,146,3029
1753067213317180885,0,21,2465,2996,0,2514,0,146,3028
1753067213319226990,0,21,2465,2995,0,2513,0,146,3027
1753067213321130672,0,21,2464,2994,0,2512,0,146,3026
1753067213323150183,0,21,2463,2993,0,2511,0,146,3024
1753067213325163363,0,21,2462,2992,0,2510,0,146,3023
1753067213327150004,0,21,2462,2990,0,2509,0,146,3022
1753067213329142053,0,21,2461,2989,0,2508,0,146,3021
1753067213331177115,0,21,2461,2988,0,2506,0,146,3019
1753067213333197376,0,21,2460,2987,0,2505,0,146,3018
1753067213335234617,0,21,2459,2986,0,2504,0,146,3017
1753067213337157087,0,21,2459,2984,0,2503,0,146,3016
1753067213339168353,0,21,2458,2983,0,2502,0,146,3014
1753067213341166626,0,21,2457,2982,0,2501,0,146,3013
1753067213343194255,0,21,2456,2981,0,2499,0,146,3012
1753067213345167027,0,21,2456,2980,0,2498,0,146,3011
1753067213347126505,0,21,2455,2979,0,2497,0,146,3010
1753067213349108145,0,21,2454,2979,0,2496,0,146,3009
1753067213351055566,0,21,2454,2978,0,2494,0,146,3007
1753067213353133179,0,21,2453,2977,0,2493,0,146,3006
1753067213355255561,0,21,2452,2976,0,2492,0,146,3005
1753067213357110031,0,21,2451,2975,0,2491,0,146,3004
1753067213359098343,0,21,2450,2973,0,2490,0,146,3003
1753067213361094446,0,21,2449,2972,0,2489,0,146,3002
1753067213363158695,0,21,2448,2971,0,2487,0,146,3001
1753067213365102291,0,21,2448,2970,0,2486,0,146,2999
1753067213367190091,0,21,2447,2968,0,2485,0,146,2998
1753067213369169672,0,21,2446,2968,0,2484,0,146,2997
1753067213371055972,0,21,2445,2966,0,2483,0,146,2996
1753067213372997593,0,21,2445,2965,0,2482,0,146,2995
1753067213374998166,0,21,2444,2964,0,2481,0,146,2994
1753067213376996077,0,21,2443,2963,0,2480,0,146,2992
1753067213379043828,0,21,2442,2961,0,2478,0,146,2991
1753067213381061348,0,21,2442,2960,0,2477,0,146,2990
1753067213383075371,0,21,2441,2959,0,2476,0,146,2989
1753067213385093563,0,21,2441,2958,0,2475,0,146,2988
1753067213386979149,0,21,2440,2957,0,2473,0,146,2987
1753067213389040528,0,21,2439,2956,0,2473,0,146,2986
1753067213390972638,0,21,2438,2955,0,2472,0,146,2984
1753067213393011024,0,21,2437,2954,0,2471,0,146,2984
1753067213395007983,0,21,2437,2952,0,2470,0,146,2983
1753067213397034774,0,21,2436,2951,0,2469,0,146,2981
1753067213399007928,0,21,2435,2950,0,2467,0,146,2980
1753067213401001959,0,21,2434,2948,0,2467,0,146,2979
1753067213402993217,0,21,2433,2948,0,2466,0,146,2978
1753067213405003763,0,21,2432,2946,0,2465,0,146,2977
1753067213406966865,0,21,2431,2945,0,2464,0,146,2976
1753067213408981426,0,21,2430,2944,0,2463,0,146,2975
1753067213410963002,0,21,2429,2943,0,2462,0,146,2974
1753067213412921666,0,21,2428,2942,0,2461,0,146,2973
1753067213414974822,0,21,2427,2941,0,2460,0,146,2972
1753067213416983934,0,21,2426,2939,0,2459,0,146,2970
1753067213418970412,0,21,2425,2938,0,2458,0,146,2969
1753067213420977136,0,21,2425,2937,0,2457,0,146,2968
1753067213422975836,0,21,2423,2936,0,2456,0,146,2967
1753067213424966334,0,21,2422,2935,0,2455,0,146,2966
1753067213427014760,0,21,2420,2934,0,2454,0,146,2965
1753067213428888620,0,21,2419,2933,0,2453,0,146,2964
1753067213430966784,0,21,2418,2932,0,2452,0,146,2963
1753067213432992379,0,21,2417,2930,0,2451,0,146,2961
1753067213434976106,0,21,2415,2929,0,2450,0,146,2960
1753067213436958791,0,21,2414,2928,0,2449,0,146,2960
1753067213438915776,0,21,2412,2927,0,2448,0,146,2958
1753067213440896928,0,21,2411,2926,0,2447,0,146,2957
1753067213442900483,0,21,2411,2924,0,2446,0,146,2956
1753067213444863277,0,21,2408,2923,0,2445,0,146,2955
1753067213446916229,0,21,2407,2922,0,2444,0,146,2954
1753067213448968314,0,21,2406,2921,0,2443,0,146,2954
1753067213450937133,0,21,2404,2920,0,2442,0,146,2952
1753067213452950088,0,21,2402,2919,0,2441,0,146,2951
1753067213454894945,0,21,2401,2918,0,2440,0,146,2950
1753067213456867105,0,21,2400,2916,0,2439,0,146,2949
1753067213458945901,0,21,2398,2915,0,2438,0,146,2948
1753067213460893686,0,21,2397,2915,0,2437,0,146,2947
1753067213462958425,0,21,2396,2914,0,2436,0,146,2945
1753067213464890156,0,21,2394,2913,0,2435,0,146,2944
1753067213466906248,0,21,2393,2911,0,2434,0,146,2943
1753067213468869160,0,21,2392,2910,0,2433,0,146,2942
1753067213470869808,0,21,2391,2909,0,2432,0,146,2941
1753067213472875810,0,21,2390,2907,0,2431,0,146,2939
1753067213474881436,0,21,2388,2907,0,2431,0,146,2938
1753067213476855531,0,21,2387,2905,0,2430,0,146,2937
1753067213478862272,0,21,2386,2904,0,2429,0,146,2936
1753067213480884036,0,21,2385,2902,0,2428,0,146,2934
1753067213482885459,0,21,2384,2901,0,2427,0,146,2933
1753067213484825793,0,21,2383,2900,0,2426,0,146,2932
1753067213486881219,0,21,2381,2899,0,2425,0,146,2931
1753067213488833645,0,21,2380,2898,0,2424,0,146,2929
1753067213490845291,0,21,2379,2896,0,2423,0,146,2928
1753067213492812764,0,21,2378,2895,0,2422,0,146,2927
1753067213494975862,0,21,2378,2894,0,2421,0,146,2926
1753067213496896454,0,21,2377,2894,0,2420,0,146,2925
1753067213498965593,0,21,2376,2893,0,2419,0,146,2924
1753067213500985094,0,21,2375,2892,0,2418,0,146,2923
1753067213502916273,0,21,2374,2891,0,2417,0,146,2922
1753067213504883946,0,21,2374,2890,0,2415,0,146,2921
1753067213506794367,0,21,2373,2889,0,2415,0,146,2920
1753067213508889192,0,21,2372,2888,0,2414,0,146,2919
1753067213510774922,0,21,2371,2888,0,2413,0,146,2918
1753067213512764267,0,21,2371,2886,0,2412,0,146,2916
1753067213514743637,0,21,2370,2885,0,2410,0,146,2915
1753067213516817009,0,21,2370,2884,0,2410,0,146,2914
1753067213518777348,0,21,2369,2883,0,2409,0,146,2913
1753067213520827120,0,21,2369,2881,0,2408,0,146,2911
1753067213522850696,0,21,2368,2880,0,2407,0,146,2910
1753067213524857031,0,21,2367,2879,0,2406,0,146,2909
1753067213526834358,0,21,2366,2878,0,2405,0,146,2907
1753067213528870664,0,21,2366,2877,0,2405,0,146,2906
1753067213530874805,0,21,2365,2876,0,2403,0,146,2905
1753067213532789103,0,21,2364,2874,0,2402,0,146,2904
1753067213534736367,0,21,2363,2873,0,2402,0,146,2903
1753067213536777536,0,21,2363,2872,0,2401,0,146,2902
1753067213538788544,0,21,2362,2870,0,2400,0,146,2901
1753067213540783972,0,21,2361,2869,0,2399,0,146,2899
1753067213542794891,0,21,2360,2868,0,2398,0,146,2898
1753067213544815097,0,21,2359,2867,0,2397,0,146,2897
1753067213546748409,0,21,2358,2865,0,2396,0,146,2896
1753067213548796707,0,21,2357,2864,0,2395,0,146,2895
1753067213550841535,0,21,2357,2862,0,2394,0,146,2894
1753067213552798003,0,21,2356,2861,0,2393,0,146,2893
1753067213554851799,0,21,2355,2860,0,2392,0,146,2892
1753067213556788934,0,21,2353,2859,0,2391,0,146,2891
1753067213558704271,0,21,2352,2857,0,2390,0,146,2890
1753067213560689239,0,21,2351,2856,0,2389,0,146,2889
1753067213562657057,0,21,2349,2855,0,2388,0,146,2887
1753067213564752351,0,21,2348,2853,0,2388,0,146,2886
1753067213566711936,0,21,2347,2852,0,2387,0,146,2885
1753067213568721554,0,21,2346,2851,0,2386,0,146,2884
1753067213570763781,0,21,2345,2850,0,2385,0,146,2883
1753067213572794957,0,21,2343,2848,0,2383,0,146,2881
1753067213574752807,0,21,2342,2847,0,2382,0,146,2880
1753067213576681551,0,21,2341,2846,0,2381,0,146,2879
1753067213578740621,0,21,2340,2844,0,2381,0,146,2878
1753067213580673444,0,21,2339,2843,0,2380,0,146,2876
1753067213582715996,0,21,2337,2842,0,2379,0,146,2875
1753067213584720035,0,21,2336,2840,0,2378,0,146,2874
1753067213586715662,0,21,2335,2839,0,2377,0,146,2873
1753067213588634832,0,21,2333,2838,0,2376,0,146,2871
1753067213590619610,0,21,2332,2836,0,2375,0,146,2870
1753067213592671381,0,21,2331,2835,0,2374,0,146,2869
1753067213594687883,0,21,2330,2834,0,2373,0,146,2868
1753067213596685859,0,21,2329,2832,0,2372,0,146,2867
1753067213598682329,0,21,2327,2831,0,2371,0,146,2865
1753067213600684892,0,21,2326,2830,0,2370,0,146,2864
1753067213602684627,0,21,2325,2829,0,2369,0,146,2863
1753067213604892376,0,21,2323,2828,0,2368,0,146,2861
1753067213606656899,0,21,2322,2826,0,2367,0,146,2860
1753067213608613036,0,21,2321,2825,0,2366,0,146,2859
1753067213610592567,0,21,2320,2823,0,2365,0,146,2857
1753067213612628564,0,21,2319,2822,0,2364,0,146,2856
1753067213614690046,0,21,2318,2821,0,2363,0,146,2855
1753067213616602727,0,21,2317,2820,0,2362,0,146,2853
1753067213618623337,0,21,2316,2818,0,2361,0,146,2852
1753067213620585465,0,21,2314,2817,0,2360,0,146,2851
1753067213622657613,0,21,2313,2816,0,2359,0,146,2849
1753067213624571632,0,21,2312,2815,0,2358,0,146,2848
1753067213626530800,0,21,2311,2813,0,2357,0,146,2847
1753067213628555708,0,21,2310,2812,0,2357,0,146,2845
1753067213630577744,0,21,2309,2811,0,2356,0,146,2844
1753067213632570929,0,21,2308,2810,0,2355,0,146,2843
1753067213634573229,0,21,2307,2808,0,2354,0,146,2841
1753067213636608311,0,21,2306,2807,0,2353,0,146,2840
1753067213638576399,0,21,2305,2806,0,2352,0,146,2839
1753067213640546938,0,21,2304,2804,0,2352,0,146,2837
1753067213642533982,0,21,2303,2803,0,2350,0,146,2836
1753067213644568264,0,21,2302,2802,0,2350,0,146,2835
1753067213646572124,0,21,2301,2800,0,2349,0,146,2833
1753067213648553458,0,21,2300,2799,0,2348,0,146,2832
1753067213650493325,0,21,2299,2798,0,2347,0,146,2831
1753067213652482786,0,21,2298,2796,0,2346,0,146,2830
1753067213654543434,0,21,2297,2795,0,2346,0,146,2827
1753067213656523962,0,21,2295,2794,0,2345,0,146,2827
1753067213658516778,0,21,2294,2793,0,2343,0,146,2825
1753067213660543082,0,21,2293,2792,0,2343,0,146,2824
1753067213662528912,0,21,2292,2790,0,2342,0,146,2823
1753067213664520536,0,21,2291,2789,0,2341,0,146,2822
1753067213666514658,0,21,2290,2788,0,2340,0,146,2820
1753067213668493949,0,21,2289,2787,0,2339,0,146,2819
1753067213670492915,0,21,2289,2785,0,2338,0,146,2817
1753067213672473834,0,21,2288,2784,0,2337,0,146,2816
1753067213674521519,0,21,2287,2783,0,2336,0,146,2815
1753067213676483909,0,21,2285,2782,0,2335,0,146,2814
1753067213678513614,0,21,2285,2781,0,2334,0,146,2813
1753067213680469745,0,21,2284,2780,0,2332,0,146,2811
1753067213682476431,0,21,2283,2779,0,2332,0,146,2810
1753067213684423070,0,21,2281,2776,0,2330,0,146,2808
1753067213686392224,0,21,2280,2775,0,2329,0,146,2807
1753067213688441136,0,21,2279,2774,0,2328,0,146,2806
1753067213690438389,0,21,2279,2773,0,2327,0,146,2805
1753067213692441773,0,21,2277,2771,0,2326,0,146,2803
1753067213694366533,0,21,2277,2770,0,2325,0,146,2801
1753067213696347255,0,21,2276,2769,0,2324,0,146,2800
1753067213698399009,0,21,2275,2768,0,2322,0,146,2799
1753067213700451265,0,21,2274,2767,0,2322,0,146,2797
1753067213702425485,0,21,2274,2766,0,2321,0,146,2797
1753067213704377843,0,21,2272,2764,0,2319,0,146,2795
1753067213706363399,0,21,2271,2763,0,2318,0,146,2794
1753067213708420788,0,21,2270,2762,0,2317,0,146,2794
1753067213710349438,0,21,2270,2761,0,2316,0,146,2792
1753067213712401022,0,21,2269,2760,0,2315,0,146,2791
1753067213714304462,0,21,2269,2759,0,2314,0,146,2790
1753067213716410707,0,21,2267,2758,0,2312,0,146,2789
1753067213718448556,0,21,2266,2756,0,2311,0,146,2787
1753067213720485864,0,21,2266,2755,0,2310,0,146,2786
1753067213722332300,0,21,2265,2754,0,2309,0,146,2785
1753067213724378133,0,21,2264,2753,0,2308,0,146,2783
1753067213726407504,0,21,2263,2752,0,2306,0,146,2782
1753067213728345789,0,21,2263,2751,0,2305,0,146,2781
1753067213730342683,0,21,2261,2749,0,2304,0,146,2779
1753067213732412947,0,21,2260,2748,0,2303,0,146,2778
1753067213734454190,0,21,2260,2747,0,2302,0,146,2777
1753067213736374883,0,21,2259,2746,0,2301,0,146,2776
1753067213738341419,0,21,2257,2744,0,2300,0,146,2774
1753067213740385407,0,21,2257,2742,0,2298,0,146,2773
1753067213742383497,0,21,2256,2741,0,2297,0,146,2772
1753067213744464755,0,21,2255,2740,0,2296,0,146,2770
1753067213746340865,0,21,2253,2739,0,2295,0,146,2769
1753067213748492159,0,21,2252,2738,0,2294,0,146,2768
1753067213750459711,0,21,2251,2737,0,2293,0,146,2767
1753067213752386480,0,21,2250,2736,0,2292,0,146,2765
1753067213754383489,0,21,2249,2734,0,2291,0,146,2764
1753067213756390745,0,21,2248,2733,0,2290,0,146,2764
1753067213758373166,0,21,2247,2732,0,2289,0,146,2762
1753067213760446369,0,21,2246,2731,0,2288,0,146,2760
1753067213762371184,0,21,2245,2729,0,2287,0,146,2760
1753067213764358486,0,21,2244,2728,0,2285,0,146,2759
1753067213766313441,0,21,2242,2727,0,2284,0,146,2757
1753067213768359129,0,21,2241,2726,0,2283,0,146,2756
1753067213770377065,0,21,2240,2724,0,2282,0,146,2755
1753067213772395872,0,21,2239,2723,0,2281,0,146,2754
1753067213774433978,0,21,2237,2722,0,2280,0,146,2753
1753067213776401299,0,21,2236,2720,0,2279,0,146,2751
1753067213778376680,0,21,2235,2719,0,2277,0,146,2750
1753067213780336077,0,21,2233,2718,0,2276,0,146,2749
1753067213782327268,0,21,2232,2717,0,2275,0,146,2747
1753067213784353787,0,21,2230,2715,0,2274,0,146,2746
1753067213786277344,0,21,2229,2714,0,2272,0,146,2745
1753067213788272932,0,21,2227,2712,0,2271,0,146,2743
1753067213790261271,0,21,2226,2710,0,2270,0,146,2742
1753067213792407403,0,21,2225,2709,0,2269,0,146,2741
1753067213794443168,0,21,2224,2708,0,2267,0,146,2739
1753067213796415626,0,21,2221,2707,0,2266,0,146,2738
1753067213798367159,0,21,2220,2706,0,2265,0,146,2737
1753067213800315010,0,21,2219,2704,0,2264,0,146,2735
1753067213802221009,0,21,2218,2703,0,2262,0,146,2734
1753067213804238081,0,21,2217,2701,0,2262,0,146,2732
1753067213806266081,0,21,2215,2700,0,2260,0,146,2731
1753067213808347461,0,21,2214,2699,0,2259,0,146,2730
1753067213810391945,0,21,2213,2697,0,2258,0,146,2728
1753067213812397354,0,21,2212,2696,0,2257,0,146,2727
1753067213814236379,0,21,2211,2695,0,2256,0,146,2725
1753067213816222358,0,21,2210,2693,0,2255,0,146,2724
1753067213818225644,0,21,2208,2692,0,2254,0,146,2723
1753067213820243374,0,21,2207,2690,0,2252,0,146,2722
1753067213822192237,0,21,2206,2689,0,2252,0,146,2720
1753067213824247440,0,21,2205,2688,0,2250,0,146,2718
1753067213826299433,0,21,2204,2686,0,2249,0,146,2717
1753067213828304620,0,21,2203,2685,0,2248,0,146,2716
1753067213830304827,0,21,2202,2684,0,2247,0,146,2715
1753067213832308903,0,21,2201,2682,0,2246,0,146,2714
1753067213834252629,0,21,2200,2680,0,2245,0,146,2712
1753067213836266619,0,21,2199,2679,0,2244,0,146,2711
1753067213838356407,0,21,2197,2678,0,2243,0,146,2710
1753067213840301622,0,21,2197,2676,0,2242,0,146,2708
1753067213842286542,0,21,2195,2675,0,2241,0,146,2707
1753067213844375386,0,21,2194,2673,0,2240,0,146,2706
1753067213846333378,0,21,2193,2672,0,2239,0,146,2704
1753067213848365292,0,21,2192,2670,0,2238,0,146,2703
1753067213850314683,0,21,2191,2669,0,2237,0,146,2702
1753067213852329876,0,21,2191,2667,0,2236,0,146,2700
1753067213854290571,0,21,2189,2666,0,2235,0,146,2699
1753067213856316960,0,21,2188,2664,0,2234,0,146,2698
1753067213858348038,0,21,2187,2663,0,2232,0,146,2696
1753067213860280308,0,21,2186,2661,0,2232,0,146,2695
1753067213862338762,0,21,2185,2660,0,2231,0,146,2693
1753067213864317746,0,21,2184,2658,0,2230,0,146,2692
1753067213866348965,0,21,2183,2657,0,2228,0,146,2690
1753067213868235542,0,21,2182,2656,0,2227,0,146,2689
1753067213870182539,0,21,2181,2654,0,2226,0,146,2688
1753067213872177547,0,21,2180,2652,0,2225,0,146,2686
1753067213874097798,0,21,2179,2651,0,2224,0,146,2685
1753067213876116305,0,21,2178,2650,0,2223,0,146,2683
1753067213878136486,0,21,2177,2648,0,2222,0,146,2682
1753067213880140846,0,21,2176,2647,0,2221,0,146,2681
1753067213882179233,0,21,2175,2646,0,2220,0,146,2679
1753067213884128964,0,21,2174,2645,0,2219,0,146,2677
1753067213886189433,0,21,2172,2643,0,2218,0,146,2676
1753067213888133943,0,21,2172,2641,0,2217,0,146,2675
1753067213890072129,0,21,2171,2640,0,2216,0,146,2673
1753067213892145988,0,21,2170,2639,0,2215,0,146,2672
1753067213894164287,0,21,2169,2638,0,2214,0,146,2670
1753067213896106997,0,21,2168,2637,0,2213,0,146,2668
1753067213898103064,0,21,2167,2634,0,2212,0,146,2667
1753067213900084820,0,21,2166,2633,0,2211,0,146,2665
1753067213902075267,0,21,2165,2632,0,2210,0,146,2664
1753067213904084208,0,21,2164,2631,0,2209,0,146,2663
1753067213906057614,0,21,2163,2629,0,2208,0,146,2661
1753067213908130186,0,21,2162,2628,0,2207,0,146,2660
1753067213910120893,0,21,2161,2627,0,2205,0,146,2658
1753067213912004545,0,21,2160,2624,0,2204,0,146,2656
1753067213914089173,0,21,2159,2623,0,2203,0,146,2655
1753067213916041702,0,21,2158,2622,0,2202,0,146,2653
1753067213918061770,0,21,2157,2621,0,2201,0,146,2652
1753067213920135340,0,21,2157,2620,0,2199,0,146,2651
1753067213922083644,0,21,2156,2619,0,2198,0,146,2649
1753067213924292006,0,21,2155,2616,0,2197,0,146,2648
1753067213926099146,0,21,2154,2615,0,2196,0,146,2646
1753067213928092446,0,21,2153,2614,0,2195,0,146,2645
1753067213930169123,0,21,2153,2613,0,2194,0,146,2644
1753067213932163297,0,21,2151,2612,0,2192,0,146,2642
1753067213934113280,0,21,2150,2611,0,2191,0,146,2641
1753067213936050664,0,21,2150,2609,0,2190,0,146,2639
1753067213938046631,0,21,2149,2608,0,2189,0,146,2638
1753067213940010303,0,21,2148,2607,0,2188,0,146,2635
1753067213942064793,0,21,2148,2605,0,2187,0,146,2635
1753067213944039953,0,21,2147,2604,0,2186,0,146,2633
1753067213946062510,0,21,2146,2603,0,2185,0,146,2632
1753067213948008048,0,21,2145,2601,0,2184,0,146,2631
1753067213949971550,0,21,2145,2600,0,2183,0,146,2629
1753067213952004966,0,21,2144,2599,0,2182,0,146,2628
1753067213954098411,0,21,2143,2597,0,2180,0,146,2627
1753067213956028374,0,21,2143,2596,0,2179,0,146,2625
1753067213958055770,0,21,2142,2595,0,2178,0,146,2624
1753067213959959926,0,21,2142,2594,0,2177,0,146,2623
1753067213962036895,0,21,2141,2592,0,2176,0,146,2621
1753067213963960292,0,21,2140,2591,0,2174,0,146,2620
1753067213965969793,0,21,2139,2590,0,2173,0,146,2619
1753067213967929992,0,21,2139,2588,0,2172,0,146,2617
1753067213969952000,0,21,2138,2587,0,2171,0,146,2616
1753067213972052388,0,21,2137,2586,0,2169,0,146,2615
1753067213974044208,0,21,2136,2585,0,2168,0,146,2613
1753067213976037966,0,21,2135,2584,0,2167,0,146,2612
1753067213978072493,0,21,2135,2583,0,2166,0,146,2610
1753067213980038859,0,21,2134,2581,0,2165,0,146,2609
1753067213981979605,0,21,2133,2580,0,2163,0,146,2608
1753067213983961942,0,21,2132,2579,0,2162,0,146,2606
1753067213985934736,0,21,2131,2578,0,2161,0,146,2605
1753067213987906803,0,21,2130,2577,0,2160,0,146,2604
1753067213989903056,0,21,2129,2575,0,2159,0,146,2603
1753067213991896332,0,21,2128,2574,0,2158,0,146,2601
1753067213993925013,0,21,2127,2573,0,2156,0,146,2600
1753067213995987977,0,21,2126,2572,0,2155,0,146,2599
1753067213997924204,0,21,2124,2571,0,2154,0,146,2597
1753067213999928905,0,21,2123,2569,0,2153,0,146,2596
1753067214001908138,0,21,2122,2568,0,2152,0,146,2595
1753067214003938074,0,21,2121,2567,0,2150,0,146,2594
1753067214005934588,0,21,2120,2565,0,2149,0,146,2593
1753067214007936185,0,21,2119,2564,0,2148,0,146,2591
1753067214009936823,0,21,2118,2563,0,2147,0,146,2590
1753067214011986490,0,21,2116,2562,0,2146,0,146,2589
1753067214013910919,0,21,2115,2561,0,2144,0,146,2588
1753067214015891349,0,21,2114,2559,0,2143,0,146,2586
1753067214017884486,0,21,2113,2559,0,2142,0,146,2585
1753067214019917345,0,21,2111,2558,0,2141,0,146,2584
1753067214021873937,0,21,2110,2555,0,2139,0,146,2582
1753067214023916331,0,21,2109,2554,0,2138,0,146,2581
1753067214025863583,0,21,2107,2553,0,2137,0,146,2580
1753067214027964703,0,21,2106,2552,0,2136,0,146,2578
1753067214029848602,0,21,2105,2550,0,2134,0,146,2577
1753067214031825452,0,21,2103,2549,0,2133,0,146,2576
1753067214033838056,0,21,2102,2548,0,2132,0,146,2574
1753067214035904541,0,21,2100,2546,0,2131,0,146,2573
1753067214037861582,0,21,2099,2544,0,2130,0,146,2572
1753067214039821424,0,21,2098,2543,0,2129,0,146,2571
1753067214041849901,0,21,2097,2543,0,2127,0,146,2569
1753067214043865278,0,21,2095,2541,0,2127,0,146,2568
1753067214045830218,0,21,2094,2540,0,2126,0,146,2567
1753067214047868620,0,21,2093,2539,0,2124,0,146,2566
1753067214049847675,0,21,2092,2538,0,2123,0,146,2564
1753067214051850219,0,21,2091,2537,0,2122,0,146,2563
1753067214053823593,0,21,2090,2535,0,2121,0,146,2562
1753067214055831151,0,21,2088,2534,0,2120,0,146,2561
1753067214057813346,0,21,2087,2533,0,2119,0,146,2559
1753067214059810427,0,21,2086,2531,0,2118,0,146,2558
1753067214061923231,0,21,2085,2530,0,2116,0,146,2557
1753067214063839358,0,21,2084,2529,0,2115,0,146,2555
1753067214065812978,0,21,2083,2527,0,2115,0,146,2554
1753067214067794925,0,21,2082,2526,0,2113,0,146,2553
1753067214069789876,0,21,2081,2525,0,2112,0,146,2551
1753067214071837553,0,21,2079,2524,0,2111,0,146,2550
1753067214073835813,0,21,2079,2523,0,2110,0,146,2549
1753067214075873228,0,21,2077,2521,0,2109,0,146,2547
1753067214077800455,0,21,2076,2520,0,2108,0,146,2546
1753067214079854084,0,21,2075,2518,0,2107,0,146,2545
1753067214081765661,0,21,2074,2517,0,2105,0,146,2544
1753067214083812041,0,21,2073,2516,0,2105,0,146,2542
1753067214085896811,0,21,2072,2515,0,2103,0,146,2541
1753067214087926167,0,21,2071,2513,0,2102,0,146,2540
1753067214089889012,0,21,2070,2512,0,2101,0,146,2539
1753067214091863825,0,21,2069,2511,0,2099,0,146,2537
1753067214093831900,0,21,2068,2510,0,2099,0,146,2536
1753067214095853444,0,21,2067,2509,0,2098,0,146,2535
1753067214097805058,0,21,2066,2508,0,2096,0,146,2533
1753067214099794107,0,21,2064,2507,0,2095,0,146,2532
1753067214101765343,0,21,2064,2506,0,2094,0,146,2531
1753067214103727315,0,21,2063,2505,0,2093,0,146,2530
1753067214105688498,0,21,2061,2504,0,2092,0,146,2528
1753067214107730805,0,21,2060,2503,0,2090,0,146,2527
1753067214109737038,0,21,2059,2502,0,2089,0,146,2526
1753067214111761652,0,21,2058,2501,0,2088,0,146,2524
1753067214113733805,0,21,2057,2500,0,2087,0,146,2523
1753067214115728336,0,21,2056,2498,0,2086,0,146,2522
1753067214117684413,0,21,2055,2497,0,2085,0,146,2520
1753067214119681730,0,21,2053,2495,0,2084,0,146,2519
1753067214121752954,0,21,2052,2494,0,2083,0,146,2518
1753067214123729269,0,21,2051,2493,0,2082,0,146,2517
1753067214125720827,0,21,2050,2491,0,2081,0,146,2516
1753067214127743594,0,21,2049,2490,0,2080,0,146,2514
1753067214129718218,0,21,2047,2488,0,2079,0,146,2513
1753067214131696917,0,21,2046,2486,0,2078,0,146,2512
1753067214133717770,0,21,2044,2485,0,2077,0,146,2511
1753067214135700742,0,21,2043,2483,0,2076,0,146,2510
1753067214137744568,0,21,2042,2482,0,2075,0,146,2509
1753067214139724913,0,21,2040,2480,0,2074,0,146,2508
1753067214141761988,0,21,2039,2479,0,2074,0,146,2506
1753067214143693693,0,21,2037,2477,0,2073,0,146,2506
1753067214145665102,0,21,2036,2476,0,2072,0,146,2504
1753067214147686938,0,21,2034,2474,0,2071,0,146,2503
1753067214149696137,0,21,2033,2473,0,2070,0,146,2502
1753067214151660877,0,21,2031,2472,0,2069,0,146,2500
1753067214153692164,0,21,2029,2470,0,2068,0,146,2499
1753067214155690202,0,21,2028,2469,0,2066,0,146,2498
1753067214157680006,0,21,2026,2467,0,2065,0,146,2497
1753067214159714168,0,21,2024,2466,0,2064,0,146,2495
1753067214161649280,0,21,2022,2464,0,2063,0,146,2494
1753067214163643562,0,21,2021,2463,0,2062,0,146,2493
1753067214165628436,0,21,2019,2461,0,2061,0,146,2491
1753067214167649324,0,21,2018,2460,0,2060,0,146,2490
1753067214169586960,0,21,2016,2458,0,2059,0,146,2489
1753067214171679534,0,21,2015,2457,0,2058,0,146,2487
1753067214173758250,0,21,2013,2455,0,2057,0,146,2486
1753067214175679190,0,21,2011,2454,0,2056,0,146,2484
1753067214177623307,0,21,2010,2452,0,2055,0,146,2483
1753067214179536766,0,21,2009,2450,0,2054,0,146,2481
1753067214181568817,0,21,2008,2449,0,2053,0,146,2480
1753067214183533564,0,21,2006,2447,0,2052,0,146,2479
1753067214185537991,0,21,2005,2446,0,2050,0,146,2477
1753067214187571963,0,21,2004,2444,0,2050,0,146,2476
1753067214189561459,0,21,2002,2442,0,2049,0,146,2474
1753067214191626696,0,21,2000,2441,0,2047,0,146,2473
1753067214193568563,0,21,1999,2439,0,2046,0,146,2471
1753067214195611033,0,21,1998,2438,0,2045,0,146,2469
1753067214197665877,0,21,1996,2436,0,2044,0,146,2468
1753067214199593425,0,21,1995,2434,0,2043,0,146,2466
1753067214201622572,0,21,1993,2433,0,2042,0,146,2465
1753067214203558106,0,21,1992,2431,0,2041,0,146,2463
1753067214205532927,0,21,1991,2430,0,2040,0,146,2462
1753067214207595904,0,21,1990,2428,0,2039,0,146,2460
1753067214209530241,0,21,1988,2426,0,2038,0,146,2459
1753067214211549787,0,21,1987,2425,0,2037,0,146,2457
1753067214213559176,0,21,1986,2423,0,2036,0,146,2456
1753067214215660970,0,21,1985,2421,0,2035,0,146,2454
1753067214217609682,0,21,1984,2420,0,2034,0,146,2452
1753067214219627347,0,21,1982,2418,0,2033,0,146,2451
1753067214221542685,0,21,1981,2416,0,2032,0,146,2449
1753067214223510203,0,21,1980,2415,0,2031,0,146,2447
1753067214225510724,0,21,1979,2413,0,2030,0,146,2446
1753067214227543578,0,21,1978,2411,0,2029,0,146,2444
1753067214229592736,0,21,1976,2409,0,2029,0,146,2443
1753067214231582291,0,21,1975,2407,0,2028,0,146,2442
1753067214233595640,0,21,1973,2406,0,2027,0,146,2440
1753067214235514290,0,21,1973,2404,0,2026,0,146,2438
1753067214237460863,0,21,1971,2402,0,2025,0,146,2437
1753067214239501186,0,21,1970,2401,0,2023,0,146,2435
1753067214241512232,0,21,1969,2400,0,2022,0,146,2434
1753067214243519919,0,21,1967,2397,0,2021,0,146,2432
1753067214245502731,0,21,1965,2396,0,2020,0,146,2430
1753067214247533167,0,21,1964,2394,0,2020,0,146,2429
1753067214249501227,0,21,1962,2393,0,2018,0,146,2427
1753067214251604037,0,21,1961,2391,0,2017,0,146,2425
1753067214253535165,0,21,1959,2389,0,2016,0,146,2423
1753067214255458994,0,21,1958,2387,0,2015,0,146,2422
1753067214257493689,0,21,1957,2385,0,2013,0,146,2420
1753067214259450732,0,21,1955,2383,0,2013,0,146,2418
1753067214261512177,0,21,1954,2382,0,2011,0,146,2417
1753067214263497157,0,21,1952,2380,0,2010,0,146,2415
1753067214265461048,0,21,1951,2378,0,2009,0,146,2413
1753067214267510607,0,21,1949,2377,0,2007,0,146,2411
1753067214269475734,0,21,1947,2375,0,2006,0,146,2409
1753067214271433833,0,21,1945,2373,0,2004,0,146,2408
1753067214273538604,0,21,1944,2372,0,2003,0,146,2406
1753067214275534462,0,21,1942,2370,0,2002,0,146,2404
1753067214277458913,0,21,1940,2368,0,2000,0,146,2402
1753067214279416095,0,21,1939,2366,0,1999,0,146,2401
1753067214281382896,0,21,1938,2365,0,1998,0,146,2399
1753067214283382047,0,21,1937,2363,0,1996,0,146,2398
1753067214285433686,0,21,1935,2361,0,1995,0,146,2396
1753067214287455085,0,21,1933,2360,0,1993,0,146,2394
1753067214289464511,0,21,1932,2358,0,1992,0,146,2392
1753067214291421864,0,21,1930,2356,0,1990,0,146,2390
1753067214293409079,0,21,1929,2354,0,1988,0,146,2389
1753067214295473530,0,21,1927,2353,0,1987,0,146,2387
1753067214297469439,0,21,1926,2351,0,1985,0,146,2385
1753067214299430415,0,21,1924,2349,0,1983,0,146,2383
1753067214301444653,0,21,1923,2348,0,1982,0,146,2382
1753067214303424539,0,21,1921,2346,0,1980,0,146,2380
1753067214305444729,0,21,1920,2345,0,1978,0,146,2379
1753067214307419556,0,21,1919,2343,0,1977,0,146,2377
1753067214309454796,0,21,1917,2341,0,1975,0,146,2375
1753067214311521283,0,21,1915,2340,0,1973,0,146,2374
1753067214313381569,0,21,1914,2338,0,1971,0,146,2372
1753067214315335027,0,21,1913,2336,0,1970,0,146,2370
1753067214317294367,0,21,1911,2335,0,1968,0,146,2368
1753067214319341552,0,21,1910,2333,0,1967,0,146,2366
1753067214321326087,0,21,1908,2331,0,1965,0,146,2364
1753067214323365963,0,21,1907,2330,0,1963,0,146,2362
1753067214325339618,0,21,1905,2328,0,1962,0,146,2361
1753067214327319728,0,21,1904,2326,0,1959,0,146,2359
1753067214329347011,0,21,1903,2325,0,1958,0,146,2357
1753067214331315977,0,21,1901,2323,0,1956,0,146,2356
1753067214333390478,0,21,1901,2321,0,1954,0,146,2354
1753067214335329291,0,21,1899,2320,0,1953,0,146,2352
1753067214337344425,0,21,1898,2318,0,1951,0,146,2350
1753067214339336760,0,21,1896,2316,0,1950,0,146,2349
1753067214341321210,0,21,1895,2315,0,1948,0,146,2347
1753067214343362895,0,21,1894,2313,0,1947,0,146,2345
1753067214345288813,0,21,1892,2311,0,1945,0,146,2343
1753067214347313121,0,21,1891,2309,0,1944,0,146,2342
1753067214349329569,0,21,1889,2308,0,1943,0,146,2340
1753067214351322410,0,21,1888,2306,0,1942,0,146,2338
1753067214353309678,0,21,1886,2304,0,1941,0,146,2337
1753067214355320007,0,21,1885,2302,0,1939,0,146,2335
1753067214357358461,0,21,1883,2300,0,1938,0,146,2333
1753067214359339082,0,21,1881,2298,0,1937,0,146,2331
1753067214361214643,0,21,1880,2296,0,1936,0,146,2329
1753067214363238388,0,21,1879,2294,0,1935,0,146,2328
1753067214365271140,0,21,1877,2293,0,1933,0,146,2326
1753067214367263511,0,21,1875,2291,0,1932,0,146,2324
1753067214369270728,0,21,1874,2289,0,1931,0,146,2323
1753067214371272872,0,21,1873,2287,0,1929,0,146,2322
1753067214373299385,0,21,1871,2285,0,1928,0,146,2320
1753067214375291586,0,21,1870,2283,0,1926,0,146,2318
1753067214377302904,0,21,1868,2282,0,1925,0,146,2315
1753067214379338580,0,21,1867,2280,0,1924,0,146,2314
1753067214381251793,0,21,1865,2278,0,1922,0,146,2313
1753067214383301317,0,21,1863,2276,0,1921,0,146,2311
1753067214385252024,0,21,1862,2275,0,1919,0,146,2309
1753067214387330352,0,21,1860,2273,0,1918,0,146,2307
1753067214389257473,0,21,1859,2271,0,1916,0,146,2305
1753067214391243797,0,21,1858,2269,0,1915,0,146,2304
1753067214393282682,0,21,1857,2267,0,1913,0,146,2302
1753067214395344063,0,21,1856,2265,0,1912,0,146,2301
1753067214397245217,0,21,1855,2263,0,1911,0,146,2299
1753067214399259287,0,21,1853,2262,0,1909,0,146,2297
1753067214401319150,0,21,1852,2260,0,1908,0,146,2295
1753067214403287058,0,21,1851,2258,0,1906,0,146,2294
1753067214405197090,0,21,1850,2256,0,1905,0,146,2292
1753067214407181203,0,21,1848,2254,0,1903,0,146,2290
1753067214409200581,0,21,1847,2253,0,1902,0,146,2288
1753067214411243704,0,21,1846,2251,0,1900,0,146,2286
1753067214413171179,0,21,1845,2249,0,1899,0,146,2285
1753067214415231751,0,21,1843,2247,0,1897,0,146,2283
1753067214417186187,0,21,1842,2245,0,1895,0,146,2281
1753067214419236355,0,21,1840,2243,0,1894,0,146,2279
1753067214421137797,0,21,1838,2241,0,1892,0,146,2277
1753067214423196045,0,21,1837,2240,0,1891,0,146,2276
1753067214425183374,0,21,1835,2238,0,1889,0,146,2274
1753067214427180179,0,21,1833,2236,0,1888,0,146,2272
1753067214429180669,0,21,1831,2234,0,1886,0,146,2270
1753067214431219069,0,21,1830,2233,0,1885,0,146,2268
1753067214433207819,0,21,1828,2231,0,1884,0,146,2266
1753067214435170382,0,21,1826,2229,0,1882,0,146,2265
1753067214437172917,0,21,1824,2227,0,1881,0,146,2263
1753067214439126536,0,21,1823,2226,0,1879,0,146,2261
1753067214441098702,0,21,1821,2224,0,1878,0,146,2259
1753067214443186316,0,21,1819,2222,0,1876,0,146,2257
1753067214445167292,0,21,1817,2221,0,1874,0,146,2255
1753067214447205170,0,21,1815,2219,0,1873,0,146,2253
1753067214449190594,0,21,1813,2217,0,1871,0,146,2251
1753067214451129395,0,21,1811,2215,0,1870,0,146,2250
1753067214453127422,0,21,1809,2214,0,1869,0,146,2248
1753067214455185713,0,21,1807,2212,0,1867,0,146,2245
1753067214457177785,0,21,1805,2210,0,1866,0,146,2244
1753067214459097021,0,21,1803,2209,0,1865,0,146,2242
1753067214461194550,0,21,1801,2207,0,1863,0,146,2240
1753067214463044574,0,21,1799,2205,0,1862,0,146,2238
1753067214465075902,0,21,1797,2203,0,1860,0,146,2237
1753067214467143542,0,21,1795,2201,0,1859,0,146,2235
1753067214469145996,0,21,1794,2200,0,1858,0,146,2233
1753067214471134723,0,21,1791,2197,0,1856,0,146,2231
1753067214473117535,0,21,1790,2196,0,1855,0,146,2229
1753067214475133906,0,21,1788,2194,0,1853,0,146,2227
1753067214477077726,0,21,1786,2192,0,1851,0,146,2225
1753067214479070519,0,21,1784,2190,0,1850,0,146,2223
1753067214481059688,0,21,1782,2188,0,1848,0,146,2222
1753067214483059209,0,21,1780,2186,0,1846,0,146,2220
1753067214485098348,0,21,1778,2184,0,1844,0,146,2218
1753067214487062275,0,21,1777,2183,0,1843,0,146,2216
1753067214489023564,0,21,1775,2181,0,1841,0,146,2214
1753067214491001322,0,21,1773,2179,0,1839,0,146,2213
1753067214493101953,0,21,1772,2177,0,1838,0,146,2211
1753067214495117997,0,21,1770,2175,0,1836,0,146,2209
1753067214497019003,0,21,1768,2173,0,1835,0,146,2207
1753067214499004531,0,21,1767,2171,0,1834,0,146,2205
1753067214501050077,0,21,1766,2169,0,1831,0,146,2203
1753067214503025242,0,21,1764,2168,0,1831,0,146,2202
1753067214505065638,0,21,1762,2167,0,1829,0,146,2200
1753067214507024924,0,21,1761,2165,0,1828,0,146,2198
1753067214509009264,0,21,1759,2163,0,1827,0,146,2197
1753067214511077044,0,21,1758,2161,0,1825,0,146,2195
1753067214513007203,0,21,1756,2159,0,1824,0,146,2193
1753067214514972081,0,21,1755,2157,0,1822,0,146,2191
1753067214517007565,0,21,1753,2155,0,1821,0,146,2189
1753067214519006290,0,21,1752,2154,0,1819,0,146,2186
1753067214520975999,0,21,1751,2152,0,1818,0,146,2185
1753067214523077760,0,21,1750,2150,0,1816,0,146,2182
1753067214525024571,0,21,1748,2148,0,1815,0,146,2181
1753067214527069768,0,21,1747,2146,0,1814,0,146,2179
1753067214528964009,0,21,1745,2144,0,1812,0,146,2177
1753067214531013774,0,21,1744,2142,0,1811,0,146,2175
1753067214532913659,0,21,1743,2141,0,1810,0,146,2173
1753067214534937521,0,21,1741,2138,0,1808,0,146,2171
1753067214536983535,0,21,1740,2137,0,1807,0,146,2169
1753067214538944415,0,21,1739,2135,0,1806,0,146,2168
1753067214540949770,0,21,1738,2133,0,1804,0,146,2166
1753067214542933279,0,21,1736,2131,0,1803,0,146,2164
1753067214544906220,0,21,1735,2129,0,1801,0,146,2162
1753067214546915703,0,21,1733,2127,0,1800,0,146,2160
1753067214548954149,0,21,1732,2126,0,1798,0,146,2159
1753067214550968425,0,21,1730,2123,0,1797,0,146,2157
1753067214552955945,0,21,1729,2122,0,1795,0,146,2155
1753067214554891447,0,21,1727,2120,0,1793,0,146,2153
1753067214556880196,0,21,1726,2118,0,1792,0,146,2151
1753067214558867565,0,21,1725,2116,0,1790,0,146,2149
1753067214560869970,0,21,1723,2114,0,1789,0,146,2147
1753067214562874494,0,21,1721,2113,0,1787,0,146,2145
1753067214564881424,0,21,1720,2111,0,1785,0,146,2143
1753067214566884446,0,21,1718,2109,0,1784,0,146,2142
1753067214568876549,0,21,1717,2108,0,1782,0,146,2139
1753067214570858411,0,21,1716,2106,0,1781,0,146,2138
1753067214572868774,0,21,1714,2105,0,1779,0,146,2136
1753067214574918427,0,21,1713,2104,0,1777,0,146,2134
1753067214576842332,0,21,1711,2102,0,1776,0,146,2132
1753067214578871195,0,21,1709,2100,0,1774,0,146,2130
1753067214580814677,0,21,1709,2099,0,1773,0,146,2129
1753067214582877225,0,21,1707,2097,0,1771,0,146,2126
1753067214584851931,0,21,1706,2096,0,1769,0,146,2124
1753067214586890406,0,21,1704,2094,0,1767,0,146,2123
1753067214588847173,0,21,1703,2092,0,1766,0,146,2121
1753067214590829393,0,21,1701,2091,0,1764,0,146,2119
1753067214592814014,0,21,1699,2089,0,1762,0,146,2117
1753067214594821568,0,21,1698,2087,0,1760,0,146,2115
1753067214596795477,0,21,1696,2085,0,1759,0,146,2114
1753067214598812181,0,21,1695,2084,0,1757,0,146,2112
1753067214600815106,0,21,1693,2082,0,1756,0,146,2110
1753067214602805745,0,21,1691,2081,0,1754,0,146,2108
1753067214604784915,0,21,1690,2079,0,1752,0,146,2107
1753067214606848935,0,21,1688,2077,0,1751,0,146,2105
1753067214608841964,0,21,1686,2076,0,1750,0,146,2103
1753067214610810834,0,21,1685,2074,0,1748,0,146,2101
1753067214612782713,0,21,1684,2072,0,1746,0,146,2099
1753067214614813080,0,21,1682,2071,0,1745,0,146,2098
1753067214616779861,0,21,1680,2069,0,1743,0,146,2096
1753067214618806577,0,21,1678,2068,0,1742,0,146,2094
1753067214620895569,0,21,1677,2066,0,1740,0,146,2093
1753067214622808814,0,21,1675,2065,0,1738,0,146,2091
1753067214624758051,0,21,1673,2063,0,1736,0,146,2090
1753067214626796320,0,21,1672,2062,0,1735,0,146,2088
1753067214628754677,0,21,1670,2060,0,1733,0,146,2086
1753067214630745979,0,21,1669,2059,0,1731,0,146,2085
1753067214632792282,0,21,1667,2057,0,1730,0,146,2083
1753067214634783594,0,21,1666,2056,0,1728,0,146,2081
1753067214636768069,0,21,1664,2054,0,1727,0,146,2080
1753067214638838688,0,21,1663,2052,0,1725,0,146,2078
1753067214640724864,0,21,1662,2051,0,1724,0,146,2077
1753067214642709751,0,21,1660,2050,0,1723,0,146,2075
1753067214644679980,0,21,1658,2048,0,1722,0,146,2074
1753067214646712771,0,21,1657,2047,0,1720,0,146,2072
1753067214648738226,0,21,1656,2045,0,1719,0,146,2070
1753067214650723186,0,21,1654,2044,0,1717,0,146,2069
1753067214652677197,0,21,1653,2042,0,1716,0,146,2067
1753067214654695709,0,21,1651,2040,0,1714,0,146,2065
1753067214656663260,0,21,1650,2039,0,1713,0,146,2064
1753067214658646160,0,21,1648,2037,0,1711,0,146,2062
1753067214660642424,0,21,1646,2036,0,1709,0,146,2061
1753067214662651475,0,21,1645,2034,0,1708,0,146,2060
1753067214664652376,0,21,1643,2033,0,1707,0,146,2058
1753067214666673502,0,21,1642,2031,0,1706,0,146,2056
1753067214668579320,0,21,1640,2030,0,1704,0,146,2055
1753067214670593307,0,21,1639,2029,0,1703,0,146,2053
1753067214672598652,0,21,1637,2027,0,1701,0,146,2052
1753067214674644613,0,21,1636,2025,0,1700,0,146,2050
1753067214676608247,0,21,1634,2024,0,1699,0,146,2049
1753067214678665852,0,21,1633,2022,0,1697,0,146,2047
1753067214680665690,0,21,1631,2021,0,1696,0,146,2046
1753067214682724683,0,21,1630,2019,0,1695,0,146,2044
1753067214684735496,0,21,1628,2018,0,1694,0,146,2042
1753067214686751144,0,21,1627,2016,0,1693,0,146,2041
1753067214688667056,0,21,1626,2014,0,1692,0,146,2039
1753067214690674672,0,21,1624,2012,0,1690,0,146,2038
1753067214692655225,0,21,1622,2010,0,1689,0,146,2037
1753067214694719386,0,21,1620,2009,0,1688,0,146,2035
1753067214696711040,0,21,1619,2007,0,1686,0,146,2033
1753067214698723256,0,21,1617,2005,0,1685,0,146,2032
1753067214700671303,0,21,1616,2003,0,1684,0,146,2031
1753067214702656463,0,21,1614,2002,0,1682,0,146,2029
1753067214704659246,0,21,1613,2000,0,1681,0,146,2027
1753067214706664015,0,21,1611,1998,0,1679,0,146,2026
1753067214708638389,0,21,1609,1996,0,1678,0,146,2024
1753067214710660686,0,21,1608,1994,0,1677,0,146,2023
1753067214712625894,0,21,1606,1993,0,1675,0,146,2021
1753067214714666024,0,21,1605,1990,0,1674,0,146,2020
1753067214716593125,0,21,1603,1989,0,1673,0,146,2018
1753067214718596509,0,21,1601,1987,0,1672,0,146,2017
1753067214720618382,0,21,1600,1985,0,1671,0,146,2015
1753067214722619257,0,21,1599,1983,0,1670,0,146,2013
1753067214724585100,0,21,1597,1981,0,1668,0,146,2012
1753067214726632353,0,21,1596,1979,0,1668,0,146,2010
1753067214728640843,0,21,1593,1976,0,1666,0,146,2009
1753067214730712463,0,21,1591,1975,0,1665,0,146,2007
1753067214732632960,0,21,1590,1973,0,1663,0,146,2006
1753067214734679600,0,21,1589,1971,0,1662,0,146,2004
1753067214736643363,0,21,1586,1969,0,1661,0,146,2002
1753067214738604873,0,21,1586,1967,0,1659,0,146,2001
1753067214740548394,0,21,1584,1965,0,1659,0,146,1999
1753067214742552555,0,21,1583,1962,0,1658,0,146,1997
1753067214744623850,0,21,1581,1960,0,1656,0,146,1996
1753067214746646670,0,21,1579,1959,0,1655,0,146,1995
1753067214748583243,0,21,1578,1956,0,1654,0,146,1992
1753067214750515532,0,21,1575,1955,0,1653,0,146,1990
1753067214752564092,0,21,1574,1953,0,1652,0,146,1988
1753067214754538027,0,21,1572,1951,0,1651,0,146,1986
1753067214756573245,0,21,1571,1948,0,1650,0,146,1985
1753067214758527994,0,21,1569,1947,0,1649,0,146,1983
1753067214760527653,0,21,1567,1944,0,1648,0,146,1981
1753067214762586995,0,21,1566,1942,0,1647,0,146,1979
1753067214764568809,0,21,1564,1940,0,1646,0,146,1977
1753067214766632975,0,21,1562,1938,0,1645,0,146,1976
1753067214768554980,0,21,1560,1936,0,1644,0,146,1974
1753067214770533158,0,21,1559,1934,0,1643,0,146,1972
1753067214772528503,0,21,1557,1932,0,1642,0,146,1970
1753067214774533517,0,21,1555,1930,0,1641,0,146,1968
1753067214776517723,0,21,1554,1929,0,1640,0,146,1967
1753067214778531603,0,21,1551,1926,0,1638,0,146,1964
1753067214780554546,0,21,1550,1925,0,1637,0,146,1963
1753067214782651182,0,21,1548,1922,0,1636,0,146,1960
1753067214784654226,0,21,1547,1920,0,1634,0,146,1958
1753067214786605260,0,21,1545,1917,0,1633,0,146,1956
1753067214788540749,0,21,1544,1915,0,1632,0,146,1954
1753067214790581006,0,21,1542,1913,0,1631,0,146,1952
1753067214792584446,0,21,1540,1912,0,1630,0,146,1951
1753067214794600179,0,21,1538,1910,0,1628,0,146,1948
1753067214796626371,0,21,1537,1908,0,1627,0,146,1947
1753067214798628520,0,21,1535,1906,0,1626,0,146,1944
1753067214800592836,0,21,1533,1904,0,1625,0,146,1942
1753067214802629484,0,21,1532,1902,0,1623,0,146,1940
1753067214804625276,0,21,1530,1900,0,1622,0,146,1938
1753067214806640520,0,21,1529,1899,0,1621,0,146,1936
1753067214808562804,0,21,1527,1897,0,1619,0,146,1934
1753067214810464053,0,21,1525,1894,0,1618,0,146,1931
1753067214812444625,0,21,1524,1892,0,1617,0,146,1930
1753067214814390743,0,21,1522,1890,0,1616,0,146,1927
1753067214816425032,0,21,1521,1888,0,1615,0,146,1926
1753067214818417447,0,21,1519,1887,0,1613,0,146,1924
1753067214820451095,0,21,1518,1885,0,1612,0,146,1922
1753067214822463246,0,21,1517,1883,0,1611,0,146,1920
1753067214824461837,0,21,1516,1880,0,1610,0,146,1918
1753067214826512596,0,21,1514,1879,0,1608,0,146,1916
1753067214828514494,0,21,1512,1876,0,1606,0,146,1914
1753067214830482713,0,21,1511,1874,0,1605,0,146,1911
1753067214832465006,0,21,1509,1873,0,1603,0,146,1908
1753067214834488007,0,21,1508,1871,0,1602,0,146,1906
1753067214836439759,0,21,1506,1869,0,1601,0,146,1904
1753067214838518744,0,21,1505,1867,0,1599,0,146,1903
1753067214840432714,0,21,1503,1865,0,1597,0,146,1901
1753067214842443956,0,21,1502,1863,0,1596,0,146,1899
1753067214844400226,0,21,1501,1861,0,1595,0,146,1896
1753067214846407710,0,21,1499,1859,0,1593,0,146,1895
1753067214848417837,0,21,1498,1858,0,1591,0,146,1893
1753067214850424865,0,21,1496,1855,0,1590,0,146,1891
1753067214852423238,0,21,1495,1853,0,1589,0,146,1889
1753067214854478087,0,21,1494,1851,0,1587,0,146,1887
1753067214856435477,0,21,1493,1849,0,1586,0,146,1884
1753067214858411330,0,21,1491,1848,0,1584,0,146,1882
1753067214860402476,0,21,1490,1846,0,1583,0,146,1881
1753067214862502225,0,21,1489,1845,0,1581,0,146,1879
1753067214864466405,0,21,1487,1842,0,1580,0,146,1876
1753067214866454128,0,21,1486,1841,0,1578,0,146,1875
1753067214868405283,0,21,1485,1839,0,1575,0,146,1873
1753067214870440976,0,21,1484,1837,0,1574,0,146,1870
1753067214872380641,0,21,1483,1836,0,1572,0,146,1868
1753067214874320682,0,21,1482,1834,0,1571,0,146,1866
1753067214876358964,0,21,1481,1833,0,1569,0,146,1865
1753067214878342976,0,21,1479,1831,0,1567,0,146,1863
1753067214880322274,0,21,1478,1829,0,1566,0,146,1861
1753067214882403176,0,21,1477,1827,0,1564,0,146,1859
1753067214884341838,0,21,1476,1826,0,1563,0,146,1856
1753067214886340685,0,21,1474,1824,0,1561,0,146,1854
1753067214888351597,0,21,1473,1822,0,1559,0,146,1852
1753067214890328780,0,21,1472,1821,0,1558,0,146,1850
1753067214892336409,0,21,1471,1819,0,1556,0,146,1848
1753067214894293794,0,21,1470,1818,0,1554,0,146,1847
1753067214896326455,0,21,1468,1816,0,1553,0,146,1845
1753067214898304350,0,21,1467,1814,0,1551,0,146,1843
1753067214900341321,0,21,1465,1813,0,1549,0,146,1841
1753067214902331266,0,21,1464,1811,0,1547,0,146,1839
1753067214904275210,0,21,1463,1810,0,1546,0,146,1837
1753067214906273250,0,21,1461,1808,0,1544,0,146,1835
1753067214908300939,0,21,1460,1806,0,1543,0,146,1833
1753067214910241294,0,21,1459,1805,0,1541,0,146,1831
1753067214912254106,0,21,1457,1804,0,1539,0,146,1830
1753067214914224317,0,21,1456,1803,0,1538,0,146,1828
1753067214916338030,0,21,1454,1801,0,1536,0,146,1826
1753067214918299164,0,21,1453,1799,0,1534,0,146,1824
1753067214920320142,0,21,1451,1798,0,1533,0,146,1822
1753067214922281043,0,21,1450,1795,0,1531,0,146,1821
1753067214924289181,0,21,1449,1795,0,1529,0,146,1819
1753067214926307810,0,21,1447,1793,0,1528,0,146,1817
1753067214928263275,0,21,1446,1791,0,1526,0,146,1815
1753067214930219274,0,21,1444,1790,0,1524,0,146,1814
1753067214932280561,0,21,1443,1788,0,1522,0,146,1812
1753067214934228932,0,21,1441,1786,0,1521,0,146,1810
1753067214936281169,0,21,1439,1785,0,1519,0,146,1809
1753067214938299560,0,21,1438,1784,0,1517,0,146,1807
1753067214940286813,0,21,1437,1781,0,1515,0,146,1805
1753067214942270367,0,21,1435,1780,0,1513,0,146,1804
1753067214944262179,0,21,1433,1779,0,1511,0,146,1802
1753067214946240623,0,21,1432,1777,0,1510,0,146,1800
1753067214948272770,0,21,1430,1776,0,1508,0,146,1799
1753067214950235781,0,21,1428,1774,0,1506,0,146,1797
1753067214952196517,0,21,1427,1772,0,1505,0,146,1796
1753067214954199561,0,21,1425,1771,0,1503,0,146,1794
1753067214956200520,0,21,1423,1769,0,1502,0,146,1793
1753067214958231941,0,21,1422,1768,0,1500,0,146,1791
1753067214960232678,0,21,1420,1766,0,1498,0,146,1790
1753067214962250850,0,21,1418,1765,0,1497,0,146,1788
1753067214964214435,0,21,1417,1763,0,1495,0,146,1786
1753067214966237936,0,21,1415,1762,0,1494,0,146,1785
1753067214968176084,0,21,1414,1760,0,1492,0,146,1783
1753067214970260883,0,21,1412,1758,0,1491,0,146,1782
1753067214972213381,0,21,1410,1757,0,1490,0,146,1780
1753067214974236853,0,21,1409,1755,0,1489,0,146,1779
1753067214976216036,0,21,1407,1754,0,1487,0,146,1777
1753067214978203600,0,21,1406,1752,0,1486,0,146,1776
1753067214980203087,0,21,1404,1750,0,1485,0,146,1775
1753067214982159658,0,21,1402,1749,0,1484,0,146,1773
1753067214984181225,0,21,1401,1747,0,1483,0,146,1771
1753067214986154477,0,21,1399,1746,0,1481,0,146,1770
1753067214988185531,0,21,1398,1744,0,1480,0,146,1768
1753067214990161796,0,21,1396,1742,0,1478,0,146,1767
1753067214992179494,0,21,1395,1740,0,1477,0,146,1765
1753067214994168147,0,21,1394,1739,0,1475,0,146,1763
1753067214996205191,0,21,1392,1737,0,1474,0,146,1762
1753067214998159948,0,21,1390,1735,0,1472,0,146,1761
1753067215000126169,0,21,1389,1734,0,1470,0,146,1759
1753067215002148257,0,21,1389,1732,0,1468,0,146,1758
1753067215004172522,0,21,1387,1730,0,1467,0,146,1756
1753067215006112159,0,21,1386,1728,0,1465,0,146,1755
1753067215008107571,0,21,1385,1727,0,1464,0,146,1753
1753067215010098727,0,21,1383,1724,0,1462,0,146,1751
1753067215012126827,0,21,1382,1722,0,1461,0,146,1750
1753067215014104486,0,21,1380,1720,0,1460,0,146,1748
1753067215016150375,0,21,1379,1718,0,1458,0,146,1747
1753067215018155078,0,21,1377,1716,0,1457,0,146,1745
1753067215020135519,0,21,1375,1714,0,1456,0,146,1743
1753067215022151868,0,21,1374,1712,0,1454,0,146,1742
1753067215024114794,0,21,1373,1710,0,1454,0,146,1739
1753067215026172823,0,21,1371,1708,0,1452,0,146,1737
1753067215028069144,0,21,1370,1706,0,1451,0,146,1736
1753067215030164831,0,21,1369,1703,0,1450,0,146,1734
1753067215031984840,0,21,1367,1701,0,1447,0,146,1732
1753067215033941460,0,21,1366,1699,0,1446,0,146,1731
1753067215035978223,0,21,1365,1697,0,1445,0,146,1729
1753067215038048303,0,21,1363,1696,0,1444,0,146,1727
1753067215039960961,0,21,1362,1694,0,1442,0,146,1726
1753067215042002483,0,21,1361,1692,0,1441,0,146,1724
1753067215043993386,0,21,1359,1690,0,1440,0,146,1722
1753067215045937825,0,21,1358,1687,0,1438,0,146,1720
1753067215047996272,0,21,1357,1685,0,1437,0,146,1718
1753067215049927920,0,21,1356,1683,0,1435,0,146,1716
1753067215051946116,0,21,1354,1682,0,1434,0,146,1715
1753067215053941658,0,21,1352,1680,0,1432,0,146,1713
1753067215056018506,0,21,1351,1677,0,1431,0,146,1711
1753067215058056107,0,21,1350,1676,0,1430,0,146,1709
1753067215059957535,0,21,1348,1674,0,1429,0,146,1707
1753067215061931037,0,21,1347,1671,0,1427,0,146,1705
1753067215063910971,0,21,1345,1669,0,1426,0,146,1703
1753067215065928278,0,21,1344,1667,0,1425,0,146,1701
1753067215067969327,0,21,1342,1665,0,1424,0,146,1699
1753067215069916767,0,21,1340,1663,0,1422,0,146,1698
1753067215071952743,0,21,1339,1661,0,1421,0,146,1696
1753067215073943778,0,21,1337,1660,0,1419,0,146,1693
1753067215075974898,0,21,1336,1656,0,1418,0,146,1691
1753067215078010398,0,21,1334,1654,0,1416,0,146,1689
1753067215079977065,0,21,1332,1652,0,1415,0,146,1687
1753067215081890371,0,21,1331,1651,0,1413,0,146,1685
1753067215083902344,0,21,1329,1649,0,1412,0,146,1683
1753067215085879006,0,21,1327,1647,0,1411,0,146,1681
1753067215087986411,0,21,1326,1645,0,1410,0,146,1679
1753067215089922100,0,21,1324,1643,0,1408,0,146,1677
1753067215091922863,0,21,1322,1641,0,1407,0,146,1675
1753067215093953716,0,21,1320,1639,0,1405,0,146,1673
1753067215095938449,0,21,1319,1637,0,1404,0,146,1671
1753067215097923137,0,21,1317,1636,0,1403,0,146,1669
1753067215099927863,0,21,1316,1633,0,1401,0,146,1667
1753067215101880862,0,21,1314,1631,0,1400,0,146,1665
1753067215103866866,0,21,1312,1630,0,1399,0,146,1663
1753067215105918150,0,21,1311,1628,0,1398,0,146,1660
1753067215107860567,0,21,1310,1625,0,1397,0,146,1658
1753067215109915172,0,21,1308,1624,0,1395,0,146,1657
1753067215111885861,0,21,1306,1622,0,1394,0,146,1654
1753067215113930032,0,21,1305,1620,0,1392,0,146,1652
1753067215115907054,0,21,1303,1618,0,1390,0,146,1650
1753067215117936221,0,21,1302,1616,0,1389,0,146,1648
1753067215119907884,0,21,1300,1614,0,1388,0,146,1646
1753067215121893892,0,21,1299,1612,0,1386,0,146,1643
1753067215123859817,0,21,1297,1610,0,1385,0,146,1641
1753067215125874649,0,21,1296,1609,0,1383,0,146,1639
1753067215127894069,0,21,1295,1607,0,1382,0,146,1637
1753067215129847130,0,21,1293,1605,0,1380,0,146,1634
1753067215131915899,0,21,1292,1603,0,1379,0,146,1632
1753067215133884157,0,21,1290,1601,0,1377,0,146,1630
1753067215135889015,0,21,1289,1599,0,1376,0,146,1628
1753067215137918784,0,21,1287,1597,0,1374,0,146,1626
1753067215139821898,0,21,1285,1595,0,1373,0,146,1625
1753067215141857042,0,21,1284,1594,0,1371,0,146,1623
1753067215143881185,0,21,1283,1592,0,1370,0,146,1620
1753067215145899895,0,21,1282,1591,0,1368,0,146,1619
1753067215147867554,0,21,1280,1589,0,1366,0,146,1617
1753067215149926250,0,21,1279,1587,0,1365,0,146,1615
1753067215151881475,0,21,1277,1585,0,1363,0,146,1613
1753067215153906587,0,21,1275,1584,0,1361,0,146,1611
1753067215155893882,0,21,1274,1582,0,1360,0,146,1609
1753067215157892942,0,21,1273,1580,0,1358,0,146,1607
1753067215159876343,0,21,1271,1578,0,1356,0,146,1605
1753067215161847303,0,21,1270,1577,0,1354,0,146,1603
1753067215163838133,0,21,1268,1575,0,1353,0,146,1601
1753067215165865811,0,21,1267,1573,0,1351,0,146,1599
1753067215167933257,0,21,1264,1571,0,1349,0,146,1597
1753067215169913432,0,21,1262,1569,0,1348,0,146,1595
1753067215171870654,0,21,1262,1567,0,1346,0,146,1593
1753067215173810013,0,21,1261,1566,0,1344,0,146,1591
1753067215175820999,0,21,1260,1564,0,1343,0,146,1590
1753067215177813366,0,21,1259,1562,0,1341,0,146,1588
1753067215179811017,0,21,1257,1561,0,1339,0,146,1586
1753067215181832675,0,21,1256,1560,0,1337,0,146,1584
1753067215183836358,0,21,1254,1558,0,1336,0,146,1582
1753067215185835765,0,21,1253,1556,0,1333,0,146,1580
1753067215187821546,0,21,1252,1555,0,1332,0,146,1578
1753067215189839858,0,21,1251,1553,0,1330,0,146,1577
1753067215191864525,0,21,1250,1551,0,1328,0,146,1575
1753067215193834675,0,21,1248,1549,0,1326,0,146,1573
1753067215195822384,0,21,1247,1548,0,1325,0,146,1571
1753067215197778286,0,21,1246,1546,0,1323,0,146,1570
1753067215199740312,0,21,1245,1544,0,1321,0,146,1568
1753067215201747387,0,21,1244,1542,0,1319,0,146,1566
1753067215203742216,0,21,1242,1541,0,1318,0,146,1564
1753067215205693632,0,21,1242,1539,0,1316,0,146,1563
1753067215207701272,0,21,1241,1537,0,1314,0,146,1561
1753067215209662412,0,21,1240,1535,0,1312,0,146,1559
1753067215211730153,0,21,1238,1533,0,1310,0,146,1558
1753067215213769887,0,21,1237,1531,0,1309,0,146,1556
1753067215215739971,0,21,1236,1529,0,1306,0,146,1554
1753067215217703702,0,21,1235,1528,0,1305,0,146,1553
1753067215219681566,0,21,1234,1526,0,1303,0,146,1551
1753067215221710930,0,21,1234,1524,0,1301,0,146,1549
1753067215223685368,0,21,1232,1522,0,1299,0,146,1548
1753067215225678533,0,21,1231,1520,0,1298,0,146,1546
1753067215227722928,0,21,1230,1519,0,1296,0,146,1544
1753067215229684801,0,21,1229,1517,0,1294,0,146,1543
1753067215231688565,0,21,1228,1515,0,1292,0,146,1541
1753067215233694097,0,21,1226,1514,0,1291,0,146,1539
1753067215235650246,0,21,1225,1512,0,1290,0,146,1537
1753067215237665642,0,21,1224,1510,0,1288,0,146,1536
1753067215239674838,0,21,1223,1509,0,1286,0,146,1534
1753067215241661170,0,21,1222,1507,0,1285,0,146,1532
1753067215243629809,0,21,1220,1506,0,1284,0,146,1530
1753067215245640367,0,21,1219,1504,0,1282,0,146,1529
1753067215247635337,0,21,1218,1502,0,1280,0,146,1527
1753067215249613044,0,21,1216,1500,0,1279,0,146,1525
1753067215251670090,0,21,1214,1499,0,1277,0,146,1524
1753067215253627496,0,21,1213,1497,0,1276,0,146,1522
1753067215255668036,0,21,1211,1495,0,1274,0,146,1520
1753067215257618069,0,21,1210,1494,0,1273,0,146,1518
1753067215259676311,0,21,1208,1492,0,1272,0,146,1517
1753067215261650261,0,21,1207,1490,0,1270,0,146,1515
1753067215263632255,0,21,1205,1489,0,1269,0,146,1514
1753067215265644104,0,21,1203,1487,0,1268,0,146,1512
1753067215267625820,0,21,1202,1485,0,1266,0,146,1510
1753067215269594231,0,21,1200,1483,0,1265,0,146,1508
1753067215271574803,0,21,1199,1482,0,1264,0,146,1507
1753067215273546473,0,21,1196,1480,0,1263,0,146,1505
1753067215275570637,0,21,1195,1479,0,1262,0,146,1503
1753067215277597770,0,21,1193,1477,0,1260,0,146,1501
1753067215279630703,0,21,1191,1475,0,1259,0,146,1499
1753067215281594941,0,21,1190,1473,0,1258,0,146,1497
1753067215283547294,0,21,1188,1471,0,1256,0,146,1496
1753067215285548641,0,21,1186,1470,0,1255,0,146,1494
1753067215287573952,0,21,1184,1468,0,1253,0,146,1493
1753067215289555950,0,21,1182,1466,0,1252,0,146,1491
1753067215291588127,0,21,1180,1465,0,1250,0,146,1489
1753067215293550970,0,21,1178,1464,0,1249,0,146,1487
1753067215295530775,0,21,1177,1462,0,1248,0,146,1486
1753067215297546097,0,21,1175,1461,0,1246,0,146,1483
1753067215299557246,0,21,1173,1459,0,1245,0,146,1481
1753067215301598169,0,21,1171,1458,0,1244,0,146,1479
1753067215303561047,0,21,1170,1456,0,1242,0,146,1478
1753067215305559049,0,21,1168,1455,0,1241,0,146,1476
1753067215307573762,0,21,1166,1453,0,1240,0,146,1474
1753067215309613326,0,21,1165,1451,0,1238,0,146,1472
1753067215311639794,0,21,1163,1450,0,1237,0,146,1470
1753067215313611558,0,21,1161,1448,0,1236,0,146,1469
1753067215315503940,0,21,1159,1446,0,1234,0,146,1467
1753067215317521010,0,21,1158,1445,0,1233,0,146,1466
1753067215319553161,0,21,1156,1443,0,1231,0,146,1464
1753067215321591884,0,21,1154,1441,0,1230,0,146,1463
1753067215323605813,0,21,1152,1439,0,1228,0,146,1461
1753067215325623708,0,21,1151,1437,0,1227,0,146,1459
1753067215327631774,0,21,1149,1436,0,1225,0,146,1458
1753067215329536249,0,21,1148,1434,0,1223,0,146,1456
1753067215331505932,0,21,1146,1432,0,1222,0,146,1455
1753067215333452300,0,21,1145,1430,0,1220,0,146,1453
1753067215335450792,0,21,1143,1428,0,1219,0,146,1452
1753067215337459281,0,21,1142,1427,0,1217,0,146,1450
1753067215339456382,0,21,1141,1426,0,1216,0,146,1448
1753067215341462125,0,21,1139,1423,0,1214,0,146,1447
1753067215343481713,0,21,1137,1421,0,1213,0,146,1445
1753067215345547123,0,21,1136,1419,0,1211,0,146,1443
1753067215347464092,0,21,1135,1418,0,1210,0,146,1441
1753067215349446642,0,21,1133,1416,0,1209,0,146,1440
1753067215351412836,0,21,1132,1414,0,1207,0,146,1438
1753067215353413646,0,21,1131,1412,0,1206,0,146,1437
1753067215355443502,0,21,1129,1410,0,1205,0,146,1435
1753067215357570620,0,21,1128,1408,0,1203,0,146,1434
1753067215359468837,0,21,1126,1406,0,1201,0,146,1431
1753067215361420426,0,21,1125,1404,0,1200,0,146,1430
1753067215363445452,0,21,1123,1402,0,1198,0,146,1428
1753067215365465013,0,21,1121,1400,0,1197,0,146,1427
1753067215367443970,0,21,1120,1398,0,1196,0,146,1425
1753067215369441863,0,21,1118,1396,0,1194,0,146,1423
1753067215371489848,0,21,1117,1394,0,1193,0,146,1421
1753067215373414505,0,21,1115,1390,0,1190,0,146,1419
1753067215375424984,0,21,1113,1388,0,1189,0,146,1417
1753067215377417363,0,21,1111,1386,0,1187,0,146,1416
1753067215379406729,0,21,1109,1383,0,1186,0,146,1414
1753067215381372515,0,21,1108,1380,0,1184,0,146,1412
1753067215383451222,0,21,1106,1378,0,1183,0,146,1411
1753067215385422538,0,21,1104,1376,0,1182,0,146,1409
1753067215387368929,0,21,1102,1374,0,1181,0,146,1407
1753067215389369705,0,21,1100,1371,0,1180,0,146,1405
1753067215391362999,0,21,1099,1369,0,1178,0,146,1403
1753067215393337025,0,21,1096,1367,0,1177,0,146,1401
1753067215395361584,0,21,1095,1365,0,1176,0,146,1399
1753067215397433043,0,21,1093,1362,0,1174,0,146,1398
1753067215399372774,0,21,1091,1360,0,1172,0,146,1395
1753067215401398876,0,21,1089,1358,0,1171,0,146,1393
1753067215403324763,0,21,1087,1356,0,1170,0,146,1391
1753067215405372840,0,21,1085,1353,0,1168,0,146,1389
1753067215407409146,0,21,1083,1351,0,1165,0,146,1387
1753067215409462360,0,21,1081,1349,0,1164,0,146,1385
1753067215411464675,0,21,1079,1347,0,1162,0,146,1383
1753067215413416985,0,21,1077,1344,0,1161,0,146,1381
1753067215415334136,0,21,1074,1342,0,1160,0,146,1379
1753067215417337568,0,21,1072,1340,0,1158,0,146,1377
1753067215419345911,0,21,1070,1338,0,1157,0,146,1374
1753067215421320315,0,21,1068,1336,0,1156,0,146,1372
1753067215423372960,0,21,1066,1333,0,1155,0,146,1370
1753067215425348698,0,21,1064,1331,0,1153,0,146,1367
1753067215427366888,0,21,1062,1329,0,1152,0,146,1365
1753067215429380016,0,21,1060,1327,0,1151,0,146,1363
1753067215431361256,0,21,1057,1325,0,1149,0,146,1361
1753067215433376427,0,21,1055,1323,0,1148,0,146,1358
1753067215435389968,0,21,1053,1320,0,1147,0,146,1357
1753067215437345387,0,21,1051,1318,0,1146,0,146,1355
1753067215439320237,0,21,1049,1316,0,1145,0,146,1353
1753067215441301028,0,21,1046,1314,0,1143,0,146,1351
1753067215443287402,0,21,1044,1311,0,1142,0,146,1348
1753067215445324810,0,21,1042,1309,0,1140,0,146,1346
1753067215447321426,0,21,1040,1307,0,1139,0,146,1344
1753067215449345133,0,21,1039,1304,0,1138,0,146,1341
1753067215451274581,0,21,1037,1302,0,1136,0,146,1339
1753067215453304890,0,21,1035,1300,0,1135,0,146,1337
1753067215455278807,0,21,1033,1297,0,1133,0,146,1334
1753067215457295785,0,21,1031,1295,0,1131,0,146,1332
1753067215459296856,0,21,1029,1293,0,1130,0,146,1330
1753067215461275630,0,21,1027,1290,0,1128,0,146,1328
1753067215463283036,0,21,1025,1288,0,1127,0,146,1325
1753067215465252857,0,21,1023,1285,0,1125,0,146,1323
1753067215467262013,0,21,1021,1283,0,1123,0,146,1321
1753067215469249604,0,21,1020,1281,0,1121,0,146,1318
1753067215471269709,0,21,1018,1278,0,1119,0,146,1316
1753067215473220909,0,21,1016,1275,0,1117,0,146,1313
1753067215475213096,0,21,1015,1273,0,1115,0,146,1311
1753067215477266713,0,21,1013,1272,0,1113,0,146,1309
1753067215479281113,0,21,1011,1269,0,1111,0,146,1306
1753067215481274613,0,21,1010,1267,0,1109,0,146,1304
1753067215483285354,0,21,1008,1265,0,1107,0,146,1302
1753067215485266687,0,21,1007,1262,0,1105,0,146,1300
1753067215487243892,0,21,1005,1260,0,1104,0,146,1297
1753067215489188569,0,21,1004,1257,0,1102,0,146,1295
1753067215491205881,0,21,1003,1255,0,1100,0,146,1292
1753067215493272207,0,21,1001,1253,0,1098,0,146,1290
1753067215495244565,0,21,999,1250,0,1096,0,146,1287
1753067215497260217,0,21,998,1247,0,1093,0,146,1285
1753067215499271544,0,21,996,1245,0,1092,0,146,1282
1753067215501238561,0,21,994,1242,0,1089,0,146,1280
1753067215503256498,0,21,993,1240,0,1087,0,146,1278
1753067215505295541,0,21,991,1237,0,1085,0,146,1275
1753067215507183367,0,21,990,1234,0,1083,0,146,1273
1753067215509298290,0,21,988,1232,0,1081,0,146,1270
1753067215511217921,0,21,987,1230,0,1079,0,146,1268
1753067215513119501,0,21,986,1227,0,1077,0,146,1266
1753067215515176361,0,21,984,1225,0,1075,0,146,1263
1753067215517204016,0,21,982,1222,0,1073,0,146,1261
1753067215519175136,0,21,981,1220,0,1071,0,146,1258
1753067215521233510,0,21,980,1218,0,1069,0,146,1256
1753067215523213346,0,21,978,1215,0,1067,0,146,1253
1753067215525177401,0,21,976,1213,0,1065,0,146,1251
1753067215527118635,0,21,975,1211,0,1063,0,146,1249
1753067215529144792,0,21,974,1209,0,1061,0,146,1246
1753067215531142836,0,21,972,1208,0,1059,0,146,1244
1753067215533112254,0,21,970,1205,0,1057,0,146,1241
1753067215535112735,0,21,969,1204,0,1055,0,146,1239
1753067215537112286,0,21,968,1202,0,1052,0,146,1236
1753067215539150283,0,21,966,1199,0,1050,0,146,1234
1753067215541096547,0,21,965,1197,0,1049,0,146,1231
1753067215543136446,0,21,963,1195,0,1046,0,146,1229
1753067215545131214,0,21,962,1193,0,1044,0,146,1226
1753067215547206079,0,21,961,1191,0,1042,0,146,1224
1753067215549110747,0,21,959,1189,0,1040,0,146,1221
1753067215551066016,0,21,957,1187,0,1038,0,146,1219
1753067215553115029,0,21,957,1187,0,1036,0,146,1217
1753067215555091398,0,21,955,1185,0,1034,0,146,1214
1753067215557069182,0,21,953,1183,0,1032,0,146,1212
1753067215559148008,0,21,952,1181,0,1030,0,146,1209
1753067215561102788,0,21,950,1179,0,1028,0,146,1207
1753067215563115491,0,21,949,1177,0,1026,0,146,1204
1753067215565090632,0,21,948,1175,0,1024,0,146,1202
1753067215567033063,0,21,946,1173,0,1021,0,146,1200
1753067215569051824,0,21,944,1171,0,1020,0,146,1198
1753067215571029571,0,21,943,1170,0,1018,0,146,1195
1753067215573051415,0,21,941,1167,0,1016,0,146,1193
1753067215575083661,0,21,941,1166,0,1014,0,146,1191
1753067215577071502,0,21,939,1165,0,1012,0,146,1189
1753067215579101036,0,21,937,1163,0,1010,0,146,1186
1753067215581094249,0,21,936,1161,0,1008,0,146,1184
1753067215583138280,0,21,933,1159,0,1006,0,146,1182
1753067215585065033,0,21,933,1157,0,1004,0,146,1180
1753067215587028925,0,21,931,1155,0,1002,0,146,1177
1753067215589067673,0,21,929,1154,0,999,0,146,1175
1753067215591056216,0,21,928,1152,0,997,0,146,1173
1753067215593022096,0,21,926,1150,0,995,0,146,1171
1753067215594997630,0,21,925,1148,0,994,0,146,1169
1753067215596956265,0,21,923,1146,0,992,0,146,1167
1753067215599007221,0,21,921,1144,0,990,0,146,1165
1753067215600991717,0,21,919,1143,0,988,0,146,1163
1753067215602998587,0,21,918,1141,0,986,0,146,1161
1753067215604963800,0,21,915,1139,0,984,0,146,1159
1753067215606979109,0,21,914,1138,0,982,0,146,1157
1753067215608940761,0,21,912,1136,0,979,0,146,1155
1753067215611022203,0,21,910,1134,0,978,0,146,1154
1753067215612970066,0,21,908,1132,0,976,0,146,1152
1753067215614951703,0,21,907,1130,0,974,0,146,1150
1753067215616990675,0,21,905,1129,0,972,0,146,1148
1753067215618949102,0,21,903,1127,0,970,0,146,1146
1753067215620985365,0,21,901,1125,0,968,0,146,1144
1753067215622963197,0,21,900,1123,0,966,0,146,1143
1753067215624932042,0,21,898,1121,0,964,0,146,1141
1753067215626926183,0,21,897,1119,0,963,0,146,1139
1753067215628952928,0,21,895,1117,0,960,0,146,1138
1753067215630937111,0,21,893,1115,0,958,0,146,1136
1753067215632986803,0,21,891,1114,0,956,0,146,1134
1753067215634916787,0,21,889,1112,0,954,0,146,1132
1753067215636924153,0,21,887,1110,0,952,0,146,1131
1753067215638937386,0,21,886,1109,0,950,0,146,1129
1753067215640897125,0,21,884,1107,0,948,0,146,1127
1753067215642894149,0,21,882,1104,0,946,0,146,1125
1753067215644893026,0,21,880,1102,0,944,0,146,1124
1753067215646898168,0,21,879,1101,0,942,0,146,1122
1753067215648897476,0,21,877,1099,0,941,0,146,1120
1753067215650845247,0,21,875,1097,0,939,0,146,1118
1753067215652876581,0,21,873,1095,0,937,0,146,1117
1753067215654898609,0,21,872,1093,0,935,0,146,1115
1753067215656855864,0,21,870,1091,0,934,0,146,1113
1753067215658898689,0,21,868,1089,0,931,0,146,1112
1753067215660870786,0,21,866,1087,0,930,0,146,1110
1753067215662886874,0,21,864,1085,0,928,0,146,1108
1753067215664830069,0,21,862,1082,0,926,0,146,1106
1753067215666828729,0,21,861,1081,0,925,0,146,1105
1753067215668839670,0,21,858,1079,0,923,0,146,1103
1753067215670834810,0,21,857,1076,0,921,0,146,1101
1753067215672830452,0,21,855,1075,0,920,0,146,1099
1753067215674837587,0,21,853,1073,0,918,0,146,1097
1753067215676849611,0,21,851,1071,0,916,0,146,1096
1753067215678843786,0,21,849,1069,0,915,0,146,1094
1753067215680773861,0,21,848,1067,0,914,0,146,1092
1753067215682768238,0,21,846,1066,0,912,0,146,1090
1753067215684781775,0,21,844,1063,0,911,0,146,1089
1753067215686774876,0,21,842,1061,0,909,0,146,1087
1753067215688785156,0,21,840,1060,0,908,0,146,1085
1753067215690785687,0,21,839,1058,0,906,0,146,1083
1753067215692793820,0,21,836,1056,0,905,0,146,1081
1753067215694787172,0,21,835,1054,0,903,0,146,1079
1753067215696783537,0,21,833,1052,0,901,0,146,1077
1753067215698811299,0,21,831,1050,0,900,0,146,1075
1753067215700872347,0,21,829,1048,0,899,0,146,1073
1753067215702801604,0,21,827,1046,0,897,0,146,1071
1753067215704797780,0,21,826,1044,0,896,0,146,1069
1753067215706890014,0,21,824,1043,0,894,0,146,1067
1753067215708806761,0,21,822,1040,0,893,0,146,1066
1753067215710847378,0,21,821,1038,0,892,0,146,1063
1753067215712852466,0,21,819,1036,0,891,0,146,1062
1753067215714740342,0,21,817,1034,0,889,0,146,1060
1753067215716713194,0,21,815,1033,0,888,0,146,1058
1753067215718705821,0,21,813,1032,0,887,0,146,1056
1753067215720697186,0,21,813,1029,0,886,0,146,1054
1753067215722712804,0,21,811,1028,0,884,0,146,1052
1753067215724704441,0,21,809,1026,0,883,0,146,1050
1753067215726694649,0,21,808,1024,0,881,0,146,1048
1753067215728688526,0,21,806,1021,0,880,0,146,1046
1753067215730693254,0,21,804,1019,0,879,0,146,1044
1753067215732748612,0,21,803,1018,0,877,0,146,1042
1753067215734752488,0,21,801,1016,0,876,0,146,1040
1753067215736707965,0,21,800,1014,0,874,0,146,1039
1753067215738672020,0,21,798,1013,0,873,0,146,1036
1753067215740640384,0,21,797,1011,0,871,0,146,1034
1753067215742709054,0,21,796,1009,0,869,0,146,1033
1753067215744648018,0,21,794,1008,0,868,0,146,1031
1753067215746634750,0,21,793,1005,0,866,0,146,1029
1753067215748656268,0,21,792,1004,0,865,0,146,1027
1753067215750662481,0,21,790,1002,0,864,0,146,1025
1753067215752700772,0,21,788,1000,0,862,0,146,1023
1753067215754703348,0,21,787,998,0,861,0,146,1021
1753067215756656274,0,21,786,996,0,859,0,146,1019
1753067215758726595,0,21,784,994,0,858,0,146,1017
1753067215760685073,0,21,783,992,0,856,0,146,1015
1753067215762696110,0,21,781,990,0,855,0,146,1013
1753067215764695554,0,21,780,989,0,853,0,146,1012
1753067215766776040,0,21,779,987,0,852,0,146,1010
1753067215768740695,0,21,777,985,0,850,0,146,1008
1753067215770786233,0,21,776,983,0,849,0,146,1006
1753067215772750747,0,21,774,981,0,847,0,146,1004
1753067215774713704,0,21,773,979,0,845,0,146,1002
1753067215776687155,0,21,772,977,0,843,0,146,1000
1753067215778794775,0,21,770,975,0,842,0,146,998
1753067215780682491,0,21,769,972,0,840,0,146,997
1753067215782664196,0,21,767,971,0,839,0,146,995
1753067215784668458,0,21,766,969,0,837,0,146,993
1753067215786736012,0,21,765,967,0,836,0,146,991
1753067215788663033,0,21,763,965,0,834,0,146,989
1753067215790632369,0,21,762,963,0,833,0,146,987
1753067215792644088,0,21,760,962,0,831,0,146,985
1753067215794693544,0,21,759,960,0,830,0,146,983
1753067215796670214,0,21,758,958,0,828,0,146,981
1753067215798701476,0,21,756,956,0,826,0,146,979
1753067215800780136,0,21,754,954,0,825,0,146,977
1753067215802750783,0,21,753,952,0,823,0,146,976
1753067215804799141,0,21,751,949,0,821,0,146,974
1753067215806667731,0,21,749,947,0,820,0,146,972
1753067215808614980,0,21,748,945,0,818,0,146,970
1753067215810748681,0,21,746,943,0,816,0,146,968
1753067215812718270,0,21,745,941,0,815,0,146,966
1753067215814657957,0,21,743,939,0,813,0,146,964
1753067215816594332,0,21,741,937,0,812,0,146,962
1753067215818584638,0,21,739,934,0,810,0,146,960
1753067215820573820,0,21,737,932,0,807,0,146,958
1753067215822588202,0,21,735,929,0,806,0,146,956
1753067215824622640,0,21,733,927,0,804,0,146,954
1753067215826619388,0,21,731,924,0,803,0,146,952
1753067215828698163,0,21,729,922,0,801,0,146,950
1753067215830616784,0,21,727,919,0,800,0,146,948
1753067215832581776,0,21,725,917,0,798,0,146,947
1753067215834592516,0,21,724,915,0,796,0,146,945
1753067215836630815,0,21,722,912,0,795,0,146,943
1753067215838621488,0,21,720,910,0,793,0,146,941
1753067215840683414,0,21,718,908,0,791,0,146,939
1753067215842614471,0,21,717,905,0,789,0,146,937
1753067215844641686,0,21,715,903,0,788,0,146,935
1753067215846656086,0,21,713,901,0,786,0,146,933
1753067215848702354,0,21,711,899,0,785,0,146,931
1753067215850676925,0,21,709,895,0,783,0,146,929
1753067215852626356,0,21,708,894,0,781,0,146,927
1753067215854644582,0,21,706,892,0,779,0,146,925
1753067215856592830,0,21,704,890,0,777,0,146,923
1753067215858612036,0,21,703,888,0,776,0,146,922
1753067215861506874,0,21,700,885,0,774,0,146,919
1753067215863550892,0,21,698,882,0,771,0,146,916
1753067215865585031,0,21,696,880,0,769,0,146,913
1753067215867509655,0,21,695,878,0,767,0,146,911
1753067215869492511,0,21,693,875,0,765,0,146,910
1753067215871567503,0,21,691,873,0,763,0,146,908
1753067215873561033,0,21,689,870,0,762,0,146,904
1753067215875562446,0,21,688,868,0,760,0,146,902
1753067215877578625,0,21,686,866,0,758,0,146,900
1753067215879537040,0,21,684,863,0,756,0,146,898
1753067215881568420,0,21,683,861,0,755,0,146,896
1753067215883565214,0,21,681,859,0,753,0,146,893
1753067215885480245,0,21,679,856,0,752,0,146,891
1753067215887478072,0,21,677,854,0,750,0,146,889
1753067215889509993,0,21,675,851,0,749,0,146,887
1753067215891533991,0,21,674,849,0,747,0,146,885
1753067215893559654,0,21,672,847,0,746,0,146,882
1753067215895513768,0,21,670,844,0,744,0,146,880
1753067215897452472,0,21,668,842,0,742,0,146,877
1753067215899469913,0,21,666,839,0,741,0,146,875
1753067215901479692,0,21,665,837,0,740,0,146,873
1753067215903489167,0,21,663,835,0,738,0,146,870
1753067215905532887,0,21,661,833,0,736,0,146,868
1753067215907502124,0,21,660,830,0,734,0,146,865
1753067215909499508,0,21,658,828,0,733,0,146,863
1753067215911537592,0,21,656,826,0,731,0,146,861
1753067215913462923,0,21,654,823,0,730,0,146,858
1753067215915460607,0,21,652,821,0,728,0,146,856
1753067215917487009,0,21,651,819,0,727,0,146,853
1753067215919464547,0,21,649,816,0,725,0,146,851
1753067215921480748,0,21,647,814,0,723,0,146,849
1753067215923439296,0,21,645,812,0,722,0,146,846
1753067215925487273,0,21,643,810,0,721,0,146,844
1753067215927526925,0,21,641,808,0,719,0,146,841
1753067215929470739,0,21,640,805,0,717,0,146,839
1753067215931523911,0,21,638,803,0,716,0,146,836
1753067215933484061,0,21,636,801,0,714,0,146,834
1753067215935469086,0,21,634,799,0,712,0,146,832
1753067215937378245,0,21,633,797,0,710,0,146,829
1753067215939429290,0,21,631,794,0,709,0,146,827
1753067215941412041,0,21,629,792,0,707,0,146,824
1753067215943421652,0,21,627,790,0,705,0,146,821
1753067215945423425,0,21,625,788,0,703,0,146,819
1753067215947400391,0,21,623,786,0,701,0,146,817
1753067215949446012,0,21,621,784,0,700,0,146,814
1753067215951414259,0,21,620,782,0,698,0,146,812
1753067215953394831,0,21,619,780,0,697,0,146,809
1753067215955415224,0,21,617,777,0,695,0,146,807
1753067215957435738,0,21,615,775,0,693,0,146,805
1753067215959400844,0,21,613,773,0,692,0,146,802
1753067215961404491,0,21,611,771,0,690,0,146,800
1753067215963438709,0,21,609,768,0,688,0,146,797
1753067215965456988,0,21,608,766,0,686,0,146,795
1753067215967434934,0,21,606,764,0,685,0,146,793
1753067215969408573,0,21,604,762,0,683,0,146,791
1753067215971408645,0,21,602,760,0,681,0,146,788
1753067215973378621,0,21,601,758,0,679,0,146,786
1753067215975357925,0,21,599,756,0,678,0,146,784
1753067215977345100,0,21,597,754,0,676,0,146,781
1753067215979364048,0,21,595,752,0,674,0,146,780
1753067215981394369,0,21,594,750,0,672,0,146,778
1753067215983410352,0,21,592,748,0,671,0,146,776
1753067215985383870,0,21,590,746,0,669,0,146,773
1753067215987386838,0,21,589,744,0,667,0,146,771
1753067215989346043,0,21,587,742,0,665,0,146,769
1753067215991301532,0,21,585,739,0,663,0,146,767
1753067215993307909,0,21,584,737,0,661,0,146,765
1753067215995327422,0,21,582,735,0,659,0,146,762
1753067215997322781,0,21,581,732,0,657,0,146,760
1753067215999290347,0,21,579,730,0,655,0,146,758
1753067216001326396,0,21,577,727,0,653,0,146,756
1753067216003340476,0,21,576,725,0,651,0,146,754
1753067216005454074,0,21,575,723,0,649,0,146,752
1753067216007345651,0,21,573,721,0,647,0,146,750
1753067216009334250,0,21,572,719,0,645,0,146,748
1753067216011363651,0,21,571,716,0,643,0,146,746
1753067216013319499,0,21,569,714,0,641,0,146,745
1753067216015371201,0,21,568,712,0,639,0,146,742
1753067216017306015,0,21,566,710,0,637,0,146,740
1753067216019383707,0,21,565,709,0,636,0,146,738
1753067216021306259,0,21,564,707,0,634,0,146,736
1753067216023339829,0,21,563,705,0,631,0,146,734
1753067216025319922,0,21,562,703,0,630,0,146,732
1753067216027290359,0,21,560,701,0,628,0,146,730
1753067216029311487,0,21,559,699,0,626,0,146,727
1753067216031310984,0,21,557,698,0,624,0,146,725
1753067216033301444,0,21,556,695,0,622,0,146,723
1753067216035299366,0,21,555,693,0,621,0,146,721
1753067216037247860,0,21,553,692,0,619,0,146,718
1753067216039269652,0,21,551,690,0,618,0,146,716
1753067216041268633,0,21,550,688,0,616,0,146,715
1753067216043265355,0,21,548,686,0,614,0,146,713
1753067216045255735,0,21,546,684,0,613,0,146,711
1753067216047263356,0,21,544,683,0,611,0,146,708
1753067216049244240,0,21,543,681,0,609,0,146,706
1753067216051248383,0,21,541,679,0,608,0,146,704
1753067216053213009,0,21,539,678,0,606,0,146,702
1753067216055248833,0,21,537,676,0,604,0,146,699
1753067216057302009,0,21,536,674,0,602,0,146,697
1753067216059270609,0,21,534,673,0,600,0,146,695
1753067216061299532,0,21,532,671,0,598,0,146,693
1753067216063314930,0,21,530,669,0,596,0,146,691
1753067216065291693,0,21,529,668,0,595,0,146,689
1753067216067244116,0,21,527,666,0,593,0,146,687
1753067216069228053,0,21,525,664,0,591,0,146,685
1753067216071223007,0,21,524,662,0,589,0,146,682
1753067216073219681,0,21,523,660,0,588,0,146,680
1753067216075264069,0,21,521,658,0,586,0,146,678
1753067216077278822,0,21,519,657,0,584,0,146,676
1753067216079276915,0,21,518,655,0,582,0,146,674
1753067216081258940,0,21,516,654,0,580,0,146,672
1753067216083110788,0,21,515,652,0,578,0,146,670
1753067216085207523,0,21,513,651,0,576,0,146,668
1753067216087244293,0,21,512,649,0,573,0,146,666
1753067216089252675,0,21,510,648,0,572,0,146,664
1753067216091223082,0,21,509,646,0,570,0,146,662
1753067216093201410,0,21,508,645,0,568,0,146,661
1753067216095147748,0,21,506,643,0,566,0,146,659
1753067216097102702,0,21,505,641,0,564,0,146,657
1753067216099140013,0,21,503,640,0,562,0,146,655
1753067216101101192,0,21,502,638,0,560,0,146,653
1753067216103184744,0,21,501,637,0,558,0,146,652
1753067216105136316,0,21,499,635,0,556,0,146,650
1753067216107225801,0,21,498,632,0,554,0,146,648
1753067216109055397,0,21,497,631,0,553,0,146,646
1753067216111063985,0,21,495,629,0,551,0,146,645
1753067216113069323,0,21,494,627,0,549,0,146,643
1753067216115186150,0,21,493,626,0,546,0,146,641
1753067216117131946,0,21,491,624,0,545,0,146,639
1753067216119054024,0,21,490,622,0,542,0,146,637
1753067216121090492,0,21,489,621,0,540,0,146,636
1753067216123055873,0,21,487,619,0,539,0,146,634
1753067216125094760,0,21,486,618,0,537,0,146,633
1753067216127082023,0,21,485,616,0,535,0,146,631
1753067216129115750,0,21,484,614,0,533,0,146,629
1753067216131085768,0,21,483,613,0,531,0,146,628
1753067216133104111,0,21,481,611,0,529,0,146,626
1753067216135061309,0,21,480,610,0,527,0,146,624
1753067216137035074,0,21,479,608,0,525,0,146,623
1753067216139028348,0,21,478,606,0,523,0,146,621
1753067216141032581,0,21,477,605,0,521,0,146,620
1753067216143056842,0,21,475,603,0,520,0,146,618
1753067216145061538,0,21,475,602,0,518,0,146,616
1753067216147023224,0,21,473,600,0,516,0,146,615
1753067216148955636,0,21,472,598,0,514,0,146,613
1753067216151006204,0,21,471,597,0,512,0,146,611
1753067216152992737,0,21,470,595,0,510,0,146,610
1753067216155054993,0,21,469,593,0,509,0,146,608
1753067216157027734,0,21,468,592,0,508,0,146,606
1753067216159075581,0,21,466,590,0,506,0,146,605
1753067216161025263,0,21,465,589,0,504,0,146,603
1753067216163036925,0,21,463,587,0,503,0,146,602
1753067216165003217,0,21,462,586,0,501,0,146,600
1753067216167027287,0,21,461,584,0,499,0,146,599
1753067216168958008,0,21,460,583,0,498,0,146,597
1753067216170978920,0,21,458,582,0,496,0,146,596
1753067216172975673,0,21,457,580,0,495,0,146,594
1753067216175003694,0,21,456,578,0,493,0,146,592
1753067216176950325,0,21,455,577,0,491,0,146,590
1753067216178947821,0,21,453,576,0,490,0,146,589
1753067216180947403,0,21,452,574,0,488,0,146,587
1753067216182943846,0,21,451,572,0,487,0,146,586
1753067216184946479,0,21,449,571,0,485,0,146,585
1753067216186931044,0,21,448,569,0,484,0,146,583
1753067216189002358,0,21,447,568,0,482,0,146,582
1753067216190983313,0,21,445,566,0,481,0,146,580
1753067216192896545,0,21,444,564,0,479,0,146,579
1753067216194898208,0,21,442,563,0,478,0,146,577
1753067216196885543,0,21,441,562,0,476,0,146,576
1753067216198960073,0,21,440,560,0,475,0,146,574
1753067216200938712,0,21,438,558,0,474,0,146,573
1753067216202893902,0,21,437,557,0,472,0,146,571
1753067216204904304,0,21,435,555,0,471,0,146,570
1753067216207002080,0,21,434,554,0,469,0,146,568
1753067216208936349,0,21,433,552,0,468,0,146,566
1753067216210941015,0,21,432,551,0,467,0,146,565
1753067216212889968,0,21,430,549,0,465,0,146,564
1753067216214901389,0,21,429,548,0,464,0,146,562
1753067216216903293,0,21,428,546,0,463,0,146,560
1753067216218892710,0,21,427,545,0,462,0,146,559
1753067216220936570,0,21,426,543,0,460,0,146,557
1753067216222979706,0,21,425,542,0,459,0,146,556
1753067216224936386,0,21,423,540,0,458,0,146,554
1753067216226893203,0,21,422,539,0,457,0,146,553
1753067216228871114,0,21,421,537,0,455,0,146,551
1753067216230885251,0,21,420,535,0,454,0,146,549
1753067216232878999,0,21,419,534,0,453,0,146,548
1753067216234884612,0,21,418,533,0,452,0,146,546
1753067216236973077,0,21,417,531,0,451,0,146,545
1753067216238873842,0,21,416,529,0,449,0,146,544
1753067216240870186,0,21,415,528,0,448,0,146,542
1753067216242892083,0,21,413,526,0,446,0,146,540
1753067216244829184,0,21,412,525,0,445,0,146,539
1753067216246868018,0,21,411,523,0,444,0,146,537
1753067216248864473,0,21,410,522,0,442,0,146,536
1753067216250827273,0,21,409,520,0,441,0,146,534
1753067216252871442,0,21,408,519,0,439,0,146,533
1753067216254901758,0,21,407,517,0,438,0,146,531
1753067216256840073,0,21,406,515,0,437,0,146,530
1753067216258870374,0,21,405,514,0,435,0,146,528
1753067216260867279,0,21,404,512,0,434,0,146,527
1753067216262830866,0,21,403,511,0,433,0,146,525
1753067216264843559,0,21,402,509,0,431,0,146,523
1753067216266884354,0,21,401,508,0,430,0,146,522
1753067216268848852,0,21,400,506,0,429,0,146,521
1753067216270862583,0,21,399,505,0,427,0,146,519
1753067216272834456,0,21,398,504,0,426,0,146,517
1753067216274843617,0,21,397,503,0,425,0,146,516
1753067216276818884,0,21,396,501,0,424,0,146,514
1753067216278714410,0,21,396,500,0,423,0,146,513
1753067216280758109,0,21,395,498,0,422,0,146,511
1753067216282799202,0,21,394,496,0,420,0,146,509
1753067216284804596,0,21,393,495,0,419,0,146,508
1753067216286823064,0,21,393,493,0,418,0,146,506
1753067216288840571,0,21,392,492,0,416,0,146,505
1753067216290818100,0,21,391,490,0,414,0,146,503
1753067216292833387,0,21,391,489,0,413,0,146,501
1753067216294843379,0,21,390,487,0,412,0,146,500
1753067216296706095,0,21,389,486,0,410,0,146,498
1753067216298720574,0,21,388,484,0,409,0,146,497
1753067216300679056,0,21,387,483,0,408,0,146,495
1753067216302711310,0,21,387,481,0,406,0,146,494
1753067216304801681,0,21,386,480,0,405,0,146,492
1753067216306717289,0,21,385,478,0,404,0,146,491
1753067216308711373,0,21,384,477,0,403,0,146,489
1753067216310729993,0,21,383,475,0,402,0,146,488
1753067216312771211,0,21,383,474,0,400,0,146,486
1753067216314711667,0,21,383,472,0,399,0,146,485
1753067216316739171,0,21,382,471,0,398,0,146,483
1753067216318688234,0,21,382,470,0,397,0,146,481
1753067216320682697,0,21,381,468,0,395,0,146,480
1753067216322679372,0,21,381,467,0,394,0,147,478
1753067216324657512,0,21,380,465,0,393,0,146,477
1753067216326720331,0,21,380,464,0,391,0,146,475
1753067216328754033,0,21,379,462,0,390,0,146,474
1753067216330627267,0,21,379,461,0,388,0,146,472
1753067216332637737,0,21,379,459,0,387,0,146,471
1753067216334599622,0,21,378,458,0,386,0,146,469
1753067216336613135,0,21,378,456,0,384,0,146,468
1753067216338660263,0,21,378,455,0,383,0,146,466
1753067216340632093,0,21,378,453,0,382,0,146,465
1753067216342668431,0,21,377,452,0,380,0,146,464
1753067216344669465,0,21,377,451,0,379,0,146,462
1753067216346646794,0,21,377,449,0,378,0,146,460
1753067216348704096,0,21,377,448,0,377,0,146,459
1753067216350660632,0,21,377,446,0,376,0,146,458
1753067216352661842,0,21,376,445,0,374,0,146,456
1753067216354654366,0,21,376,444,0,373,0,146,454
1753067216356749595,0,21,376,442,0,372,0,146,453
1753067216358657411,0,21,376,441,0,370,0,146,451
1753067216360597951,0,21,376,439,0,369,0,146,450
1753067216362671193,0,21,376,438,0,368,0,146,448
1753067216364596335,0,21,375,436,0,366,0,146,447
1753067216366684543,0,21,375,435,0,365,0,146,445
1753067216368627416,0,21,375,433,0,363,0,146,444
1753067216370663051,0,21,375,432,0,362,0,146,443
1753067216372639888,0,21,375,430,0,361,0,146,441
1753067216374735049,0,21,374,429,0,359,0,146,440
1753067216376716458,0,21,374,428,0,358,0,146,439
1753067216378741813,0,21,373,426,0,356,0,146,437
1753067216380639944,0,21,373,425,0,355,0,146,436
1753067216382666223,0,21,372,423,0,354,0,146,434
1753067216384648099,0,21,372,422,0,353,0,146,433
1753067216386580773,0,21,371,421,0,351,0,146,431
1753067216388532553,0,21,371,419,0,350,0,146,430
1753067216390579766,0,21,370,417,0,349,0,146,428
1753067216392554692,0,21,370,416,0,348,0,146,427
1753067216394598058,0,21,369,415,0,346,0,146,425
1753067216396561177,0,21,369,413,0,345,0,146,424
1753067216398571128,0,21,368,412,0,344,0,146,423
1753067216400577828,0,21,368,410,0,342,0,146,421
1753067216402540327,0,21,367,409,0,341,0,146,420
1753067216404471805,0,21,367,408,0,340,0,146,418
1753067216406591998,0,21,366,406,0,338,0,146,417
1753067216408566672,0,21,365,405,0,337,0,146,416
1753067216410576259,0,21,365,403,0,335,0,146,414
1753067216412577942,0,21,365,402,0,334,0,146,413
1753067216414607618,0,21,364,400,0,332,0,146,411
1753067216416563775,0,21,364,399,0,331,0,146,410
1753067216418531921,0,21,363,397,0,330,0,146,408
1753067216420567854,0,21,362,396,0,328,0,146,407
1753067216422513702,0,21,361,394,0,327,0,146,406
1753067216424565797,0,21,359,393,0,325,0,146,404
1753067216426493310,0,21,359,392,0,325,0,146,403
1753067216428521891,0,21,357,390,0,323,0,146,402
1753067216430515297,0,21,355,389,0,321,0,146,400
1753067216432647805,0,21,353,387,0,320,0,146,398
1753067216434514206,0,21,353,386,0,319,0,146,398
1753067216436523053,0,21,351,385,0,317,0,146,396
1753067216438479694,0,21,349,383,0,316,0,146,394
1753067216440462281,0,21,348,383,0,316,0,146,393
1753067216442471386,0,21,345,381,0,314,0,146,391
1753067216444526284,0,21,344,379,0,313,0,146,390
1753067216446555917,0,21,343,379,0,312,0,146,389
1753067216448551016,0,21,341,376,0,310,0,146,388
1753067216450455678,0,21,339,375,0,309,0,146,387
1753067216452475229,0,21,337,374,0,307,0,146,385
1753067216454496236,0,21,335,372,0,306,0,146,384
1753067216456491870,0,21,334,371,0,305,0,146,382
1753067216458495808,0,21,331,370,0,304,0,146,381
1753067216460453365,0,21,330,368,0,303,0,146,380
1753067216462463431,0,21,328,367,0,302,0,146,379
1753067216464475724,0,21,326,365,0,301,0,146,377
1753067216466527461,0,21,324,364,0,300,0,146,376
1753067216468457559,0,21,322,362,0,299,0,146,374
1753067216470462603,0,21,320,361,0,298,0,146,373
1753067216472459285,0,21,319,360,0,295,0,146,372
1753067216474477214,0,21,317,358,0,295,0,146,370
1753067216476439973,0,21,315,357,0,294,0,146,369
1753067216478502885,0,21,314,356,0,293,0,146,368
1753067216480512303,0,21,312,355,0,291,0,146,366
1753067216482472327,0,21,310,353,0,290,0,146,365
1753067216484424423,0,21,308,352,0,288,0,146,364
1753067216486421965,0,21,307,351,0,287,0,146,362
1753067216488380906,0,21,304,350,0,285,0,146,361
1753067216490423936,0,21,302,348,0,284,0,146,360
1753067216492457191,0,21,300,347,0,283,0,146,358
1753067216494458801,0,21,298,345,0,282,0,146,357
1753067216496448766,0,21,297,344,0,280,0,146,355
1753067216498445258,0,21,295,343,0,279,0,146,354
1753067216500481523,0,21,293,341,0,278,0,146,352
1753067216502440011,0,21,291,340,0,276,0,146,351
1753067216504419356,0,21,289,339,0,275,0,146,350
1753067216506410472,0,21,287,337,0,274,0,146,348
1753067216508398745,0,21,285,336,0,273,0,146,347
1753067216510394106,0,21,283,334,0,271,0,146,346
1753067216512331223,0,21,281,332,0,270,0,146,344
1753067216514329637,0,21,278,331,0,269,0,146,343
1753067216516310764,0,21,277,330,0,268,0,146,342
1753067216518428762,0,21,275,329,0,267,0,146,340
1753067216520472993,0,21,273,328,0,265,0,146,339
1753067216522344418,0,21,271,326,0,264,0,146,338
1753067216524314958,0,21,269,325,0,263,0,146,336
1753067216526397784,0,21,267,324,0,262,0,146,335
1753067216528369418,0,21,266,323,0,261,0,146,333
1753067216530350411,0,21,264,321,0,259,0,146,331
1753067216532372159,0,21,262,320,0,258,0,146,330
1753067216534348110,0,21,260,319,0,257,0,146,329
1753067216536343920,0,21,257,317,0,256,0,146,327
1753067216538330952,0,21,255,316,0,254,0,146,326
1753067216540326513,0,21,253,314,0,253,0,146,324
1753067216542393096,0,21,251,313,0,252,0,146,323
1753067216544318549,0,21,249,311,0,250,0,146,322
1753067216546343217,0,21,247,310,0,249,0,146,320
1753067216548250392,0,21,245,309,0,248,0,146,318
1753067216550290434,0,21,243,308,0,247,0,146,317
1753067216552251896,0,21,242,306,0,246,0,146,315
1753067216554290399,0,21,240,305,0,245,0,146,314
1753067216556331559,0,21,237,303,0,244,0,146,313
1753067216558248771,0,21,235,302,0,242,0,146,311
1753067216560251078,0,21,234,301,0,241,0,146,310
1753067216562334641,0,21,232,300,0,240,0,146,309
1753067216564254512,0,21,230,297,0,239,0,146,307
1753067216566305269,0,21,229,297,0,238,0,146,305
1753067216568316569,0,21,228,295,0,236,0,146,304
1753067216570303227,0,21,226,294,0,236,0,146,302
1753067216572347817,0,21,224,293,0,234,0,146,301
1753067216574289293,0,21,222,291,0,234,0,146,300
1753067216576239550,0,21,221,290,0,232,0,146,298
1753067216578291603,0,21,219,289,0,231,0,146,297
1753067216580216858,0,21,218,287,0,230,0,146,296
1753067216582251241,0,21,216,286,0,228,0,146,294
1753067216584279809,0,21,214,285,0,227,0,146,292
1753067216586334547,0,21,213,283,0,226,0,146,291
1753067216588237056,0,21,211,281,0,225,0,146,289
1753067216590285620,0,21,210,281,0,223,0,146,288
1753067216592276557,0,21,208,279,0,222,0,146,287
1753067216594181123,0,21,207,278,0,221,0,146,285
1753067216596166622,0,21,205,276,0,219,0,146,284
1753067216598232388,0,21,204,275,0,218,0,146,283
1753067216600232206,0,21,203,274,0,217,0,146,282
1753067216602259685,0,21,201,273,0,215,0,146,281
1753067216604236580,0,21,200,271,0,215,0,146,278
1753067216606305943,0,21,199,270,0,213,0,146,277
1753067216608279891,0,21,198,269,0,212,0,146,276
1753067216610315138,0,21,197,267,0,211,0,146,275
1753067216612330498,0,21,196,266,0,210,0,146,274
1753067216614299884,0,21,194,265,0,209,0,146,272
1753067216616302717,0,21,193,263,0,207,0,146,271
1753067216618423634,0,21,192,262,0,206,0,146,270
1753067216620303886,0,21,191,261,0,205,0,146,269
1753067216622269302,0,21,190,260,0,204,0,146,267
1753067216624209517,0,21,189,258,0,202,0,146,266
1753067216626224071,0,21,188,257,0,201,0,146,265
1753067216628177139,0,21,187,255,0,200,0,146,264
1753067216630135039,0,21,186,254,0,199,0,146,262
1753067216632170139,0,21,185,253,0,197,0,146,261
1753067216634252961,0,21,184,252,1,196,0,146,260
1753067216636267292,0,21,183,250,0,195,0,146,259
1753067216638232621,0,21,182,248,0,194,0,146,258
1753067216640201349,0,21,182,247,0,193,0,146,256
1753067216642114616,0,21,181,245,0,191,0,146,256
1753067216644132089,0,21,180,244,0,190,0,146,254
1753067216646079328,0,21,179,243,0,189,0,146,253
1753067216648073563,0,21,178,241,0,188,0,146,252
1753067216650113374,0,21,177,240,0,186,0,146,250
1753067216652171627,0,21,177,239,0,186,0,146,249
1753067216654118665,0,21,176,238,0,184,0,146,248
1753067216656197081,0,21,175,236,0,183,0,146,246
1753067216658133758,0,21,175,235,0,182,0,146,245
1753067216660199834,0,21,174,234,0,181,0,146,244
1753067216662125044,0,21,173,233,0,180,0,146,242
1753067216664095679,0,21,173,231,0,179,0,146,241
1753067216666082531,0,21,172,230,0,178,0,146,240
1753067216668066403,0,21,172,229,0,176,0,146,238
1753067216670084915,0,21,171,229,0,175,0,146,237
1753067216672045785,0,21,170,228,0,173,0,146,235
1753067216674017877,0,21,169,227,0,172,0,146,234
1753067216676019659,0,21,168,225,0,171,0,146,233
1753067216677987300,0,21,167,224,0,170,0,146,232
1753067216680023457,0,21,167,223,0,168,0,146,230
1753067216681974543,0,21,166,221,0,167,0,146,229
1753067216683976016,0,21,165,220,0,167,0,146,228
1753067216685931057,0,21,164,219,0,166,0,146,226
1753067216688049070,0,21,163,217,0,165,0,146,225
1753067216689998221,0,21,163,216,0,164,0,146,224
1753067216691999559,0,21,162,214,0,163,0,146,222
1753067216693904092,0,21,161,213,0,162,0,146,221
1753067216695931718,0,21,160,211,0,161,0,146,220
1753067216697903369,0,21,160,210,0,160,0,146,218
1753067216699919661,0,21,159,209,0,159,0,146,217
1753067216701982313,0,21,158,207,0,158,0,146,216
1753067216703983659,0,21,158,206,0,157,0,146,214
1753067216705966413,0,21,157,204,0,156,0,146,213
1753067216708000588,0,21,157,203,0,155,0,146,212
1753067216709998823,0,21,156,202,0,154,0,146,211
1753067216711970100,0,21,156,200,0,153,0,146,210
1753067216713965445,0,21,155,199,0,152,0,146,208
1753067216715946581,0,21,154,197,0,151,0,146,207
1753067216717979302,0,21,153,196,0,150,0,146,206
1753067216719941118,0,21,153,194,0,149,0,146,204
1753067216721916695,0,21,152,193,0,148,0,146,203
1753067216723943252,0,21,151,192,0,146,0,146,202
1753067216725968256,0,21,150,190,0,145,0,146,200
1753067216727995918,0,21,149,189,0,144,0,146,199
1753067216729934667,0,21,148,188,0,143,0,146,198
1753067216731958196,0,21,148,186,0,142,0,146,196
1753067216733936376,0,21,147,185,0,141,0,146,195
1753067216735890584,0,21,146,183,0,140,0,146,194
1753067216737832386,0,21,146,182,0,139,0,146,192
1753067216739890576,0,21,145,181,0,138,0,146,191
1753067216741876464,0,21,144,180,0,137,0,146,189
1753067216743888727,0,21,143,178,0,136,0,146,188
1753067216745898514,0,21,142,177,0,135,0,146,187
1753067216747866831,0,21,141,176,0,134,0,146,185
1753067216749858757,0,21,141,174,0,133,0,146,184
1753067216751923958,0,21,141,173,0,132,0,146,183
1753067216753860637,0,21,140,172,0,131,0,146,181
1753067216755885677,0,21,139,170,0,130,0,146,180
1753067216757927332,0,21,138,169,0,129,0,146,178
1753067216759909088,0,21,138,168,0,128,0,146,177
1753067216761902407,0,21,137,166,0,127,0,146,176
1753067216763916264,0,21,137,165,0,126,0,146,174
1753067216766106914,0,21,136,163,0,125,0,146,173
1753067216767925352,0,21,135,162,0,123,0,146,171
1753067216770001245,0,21,135,161,0,122,0,146,170
1753067216771922877,0,21,134,160,0,121,0,146,169
1753067216773925371,0,21,134,158,0,120,0,146,167
1753067216775848434,0,21,133,157,0,118,0,146,166
1753067216777889076,0,21,132,156,0,118,0,146,165
1753067216779902386,0,21,132,154,0,116,0,146,163
1753067216781930407,0,21,131,153,0,115,0,146,162
1753067216783875965,0,21,131,152,0,114,0,146,161
1753067216785852951,0,21,130,151,0,113,0,146,159
1753067216787899287,0,21,129,149,0,112,0,146,158
1753067216789906330,0,21,129,148,0,111,0,146,156
1753067216791878691,0,21,128,146,0,110,0,146,155
1753067216793849446,0,21,127,145,0,109,0,146,154
1753067216795891709,0,21,127,144,0,108,0,146,152
1753067216797837896,0,21,126,142,0,106,0,146,151
1753067216799851276,0,21,125,141,0,106,0,146,149
1753067216801828612,0,21,125,140,0,105,0,146,148
1753067216803823875,0,21,125,139,0,103,0,146,147
1753067216805854612,0,21,125,137,0,102,0,146,145
1753067216807933936,0,21,124,136,0,101,0,146,144
1753067216809897979,0,21,123,135,0,100,0,146,142
1753067216811921195,0,21,123,133,0,99,0,146,141
1753067216813855896,0,21,122,132,0,97,0,146,140
1753067216815806653,0,21,122,131,0,96,0,146,138
1753067216817786681,0,21,121,130,0,95,0,146,137
1753067216819793416,0,21,120,129,0,94,0,146,136
1753067216821754783,0,21,120,127,0,93,0,146,135
1753067216823821037,0,21,119,126,0,92,0,146,134
1753067216825754758,0,21,119,125,0,91,0,146,132
1753067216827811393,0,21,118,124,0,90,0,146,131
1753067216829813317,0,21,117,123,0,89,0,146,129
1753067216831772088,0,21,116,121,0,88,0,146,128
1753067216833817494,0,21,116,120,0,88,0,146,127
1753067216835729396,0,21,115,118,0,87,0,146,125
1753067216837771651,0,21,115,117,0,86,0,146,124
1753067216839798914,0,21,114,115,0,85,0,146,123
1753067216841758301,0,21,113,114,0,84,0,146,122
1753067216843740508,0,21,113,113,0,83,0,146,121
1753067216845782067,0,21,112,112,0,82,0,146,120
1753067216847760667,0,21,112,111,0,81,0,146,118
1753067216849826246,0,21,112,110,0,80,0,146,117
1753067216851803353,0,21,111,108,0,79,0,146,116
1753067216853752273,0,21,110,107,0,78,0,146,114
1753067216855756872,0,21,109,106,0,78,0,146,114
1753067216857762771,0,21,109,105,0,76,0,146,112
1753067216859755659,0,21,108,104,0,75,0,146,111
1753067216861750651,0,21,108,102,0,75,0,146,110
1753067216863729436,0,21,107,101,0,74,0,146,108
1753067216865749879,0,21,106,100,0,73,0,146,108
1753067216867749547,0,21,106,99,0,71,0,146,106
1753067216869741167,0,21,105,97,0,70,0,146,105
1753067216871714331,0,21,105,96,0,69,0,146,104
1753067216873732113,0,21,104,95,0,68,0,146,103
1753067216875712974,0,21,104,94,0,67,0,146,101
1753067216877716890,0,21,103,92,0,66,0,146,100
1753067216879678563,0,21,102,91,0,64,0,146,99
1753067216881635263,0,21,102,89,0,63,0,146,98
1753067216883640278,0,21,101,88,0,62,0,146,96
1753067216885640075,0,21,100,87,0,61,0,146,95
1753067216887667775,0,21,100,85,0,59,0,146,94
1753067216889769841,0,21,99,84,0,58,0,146,93
1753067216891715286,0,21,98,83,0,57,0,146,92
1753067216893717582,0,21,98,82,0,56,0,146,90
1753067216895685281,0,21,97,81,0,54,0,146,89
1753067216897641005,0,21,97,79,0,53,0,146,88
1753067216899663564,0,21,96,78,0,52,0,146,87
1753067216901655153,0,21,95,77,0,51,0,146,85
1753067216903673015,0,21,95,76,0,50,0,146,84
1753067216905739750,0,21,94,75,0,49,0,146,83
1753067216907699406,0,21,93,74,0,48,0,146,82
1753067216909702586,0,21,92,73,0,47,0,146,80
1753067216911639177,0,21,91,72,0,45,0,146,79
1753067216913713053,0,21,91,70,0,45,0,146,78
1753067216915650733,0,21,90,69,0,44,0,146,75
1753067216917601380,0,21,89,68,0,42,0,146,75
1753067216919599804,0,21,88,67,0,41,0,146,75
1753067216921620064,0,21,87,66,0,40,0,146,73
1753067216923572636,0,21,86,64,0,39,0,146,71
1753067216925615871,0,21,85,64,0,39,0,146,71
1753067216927673524,0,21,84,62,0,38,0,146,70
1753067216929640618,0,21,84,61,0,37,0,146,68
1753067216931661552,0,21,83,60,0,35,0,146,66
1753067216933603902,0,21,82,59,0,34,0,146,65
1753067216935569445,0,21,81,58,0,33,0,146,64
1753067216937599839,0,21,80,55,0,32,0,146,63
1753067216939606240,0,21,79,54,0,31,0,146,62
1753067216941595350,0,21,78,54,0,30,0,146,61
1753067216943618097,0,21,77,52,0,29,0,146,60
1753067216945588319,0,21,76,51,0,28,0,146,58
1753067216947604917,0,21,76,50,0,26,0,146,57
1753067216949582608,0,21,74,48,0,25,0,146,57
1753067216951566077,0,21,74,47,0,24,0,146,55
1753067216953544072,0,21,73,46,0,23,0,146,54
1753067216955585324,0,21,72,45,0,22,0,146,52
1753067216957623219,0,21,71,44,0,21,0,146,51
1753067216959601465,0,21,70,43,0,20,0,146,50
1753067216961520524,0,21,69,42,0,19,0,146,49
1753067216963552098,0,21,68,40,0,18,0,146,48
1753067216965533602,0,21,67,39,0,17,0,146,46
1753067216967553824,0,21,66,38,0,16,0,146,45
1753067216969527049,0,21,65,37,0,14,0,146,43
1753067216971569639,0,21,64,35,0,14,0,146,42
1753067216973520167,0,21,64,34,0,12,0,146,41
1753067216975492467,0,21,63,33,0,11,0,146,40
1753067216977492131,0,21,61,32,0,10,0,146,38
1753067216979484394,0,21,60,31,0,9,0,146,37
1753067216981495071,0,21,60,30,0,8,0,146,36
1753067216983506303,0,21,59,28,0,6,0,146,35
1753067216985482923,0,21,58,27,0,5,0,146,34
1753067216987477464,0,21,57,26,0,5,0,146,32
1753067216989455773,0,21,56,25,0,3,0,146,31
1753067216991468834,0,21,55,24,0,2,0,146,30
1753067216993454151,0,21,54,22,0,1,0,146,29
1753067216995427253,0,21,54,21,0,0,0,146,28
1753067216997451688,0,21,53,20,0,-1,0,146,27
1753067216999435340,0,21,52,19,0,-2,0,146,25
1753067217001454297,0,21,51,17,0,-3,0,146,24
1753067217003453906,0,21,50,16,0,-4,0,146,23
1753067217005425611,0,21,48,15,0,-5,0,146,22
1753067217007459538,0,21,48,13,0,-6,0,146,20
1753067217009441454,0,21,47,13,0,-7,0,146,19
1753067217011421527,0,21,46,12,0,-8,0,146,18
1753067217013454499,0,21,45,10,0,-9,0,146,17
1753067217015467232,0,21,44,9,0,-10,0,146,16
1753067217017450462,0,21,43,8,0,-11,0,146,15
1753067217019407532,0,21,42,7,0,-12,0,146,14
1753067217021426719,0,21,41,5,0,-13,0,146,12
1753067217023389379,0,21,40,4,0,-14,0,146,11
1753067217025431416,0,21,39,3,0,-16,0,146,10
1753067217027395397,0,21,38,2,0,-17,0,146,9
1753067217029501840,0,21,36,1,0,-18,0,146,8
