time,col2,col3,chosen,state
0.0,0,0,0,neg_neg
0.002140226,0,-1,-1,neg_neg
0.004025563,0,-2,-2,neg_neg
0.006090765,1,-4,1,neg_neg
0.007915939,0,-5,-5,neg_neg
0.010060611,0,-6,-6,neg_neg
0.019940203,1,-7,1,pos_pos
0.021975481,1,-7,1,pos_pos
0.023955514,1,-7,1,pos_pos
0.026090498,1,-6,1,pos_pos
0.027921596,1,-6,1,pos_pos
0.030126301,1,-5,1,pos_pos
0.031886864,1,-4,1,pos_pos
0.033836382,1,-4,1,pos_pos
0.035828331,1,-3,1,pos_pos
0.037832682,1,-2,1,pos_pos
0.039921858,1,-1,1,pos_pos
0.041863162,1,0,1,pos_pos
0.043831815,1,1,1,pos_pos
0.045844109,0,1,1,pos_pos
0.047771519,0,2,2,pos_pos
0.049848804,0,3,3,pos_pos
0.051836794,0,4,4,pos_pos
0.053861152,0,6,6,pos_pos
0.055757127,0,7,7,pos_pos
0.057730554,-1,7,7,pos_pos
0.059735605,-1,8,8,pos_pos
0.061729161,-1,9,9,pos_pos
0.063794385,-1,10,10,pos_pos
0.065778239,-2,11,11,pos_pos
0.067776138,-2,12,12,pos_pos
0.069762011,-2,13,13,pos_pos
0.071767125,-2,14,14,pos_pos
0.073802854,-3,15,15,pos_pos
0.075736244,-3,16,16,pos_pos
0.077756457,-3,17,17,pos_pos
0.079784389,-2,18,18,pos_pos
0.081769828,-3,19,19,pos_pos
0.083805176,-3,20,20,pos_pos
0.085762649,-2,20,20,pos_pos
0.08781947,-2,21,21,pos_pos
0.089815406,-2,22,22,pos_pos
0.091692523,-2,22,22,pos_pos
0.093782002,-2,23,23,pos_pos
0.095793472,-2,24,24,pos_pos
0.097780598,-2,24,24,pos_pos
0.099735267,-2,25,25,pos_pos
0.101709928,-2,25,25,pos_pos
0.103762874,-2,25,25,pos_pos
0.105782889,-2,25,25,pos_pos
0.107755619,-2,25,25,pos_pos
0.109760023,-2,25,25,pos_pos
0.111694596,-2,25,25,pos_pos
0.113742719,-2,25,25,pos_pos
0.115846854,-2,25,25,pos_pos
0.117708352,-2,25,25,pos_pos
0.119669588,-2,24,24,pos_pos
0.121630638,-2,24,24,pos_pos
0.123657215,-1,23,23,pos_pos
0.125670318,-1,23,23,pos_pos
0.127690276,-1,22,22,pos_pos
0.129699704,-1,22,22,pos_pos
0.131646186,0,22,22,pos_pos
0.133673105,0,21,21,pos_pos
0.1356609,0,21,21,pos_pos
0.137730385,0,20,20,pos_pos
0.139687893,0,20,20,pos_pos
0.141698726,0,20,20,pos_pos
0.143696404,1,20,20,pos_pos
0.145683941,1,20,20,pos_pos
0.147672133,2,19,19,pos_pos
0.149658954,2,18,18,pos_pos
0.151596032,2,18,18,pos_pos
0.153628684,3,18,18,pos_pos
0.155667485,3,17,17,pos_pos
0.157627717,4,17,17,pos_pos
0.159619979,4,16,16,pos_pos
0.161629803,4,16,16,pos_pos
0.163574116,5,16,16,pos_pos
0.165572415,5,16,16,pos_pos
0.167589138,6,16,16,pos_pos
0.169601302,6,16,16,pos_pos
0.171585567,6,16,16,pos_pos
0.173647426,6,16,16,pos_pos
0.175560811,6,16,16,pos_pos
0.177598192,6,16,16,pos_pos
0.179628487,6,17,17,pos_pos
0.181601895,7,17,17,pos_pos
0.183552245,6,18,18,pos_pos
0.185512383,6,18,18,pos_pos
0.18752671,6,19,19,pos_pos
0.189509407,6,20,20,pos_pos
0.191521734,6,20,20,pos_pos
0.193578335,6,20,20,pos_pos
0.195557265,5,20,20,pos_pos
0.197532806,5,20,20,pos_pos
0.199555895,4,21,21,pos_pos
0.201520355,4,21,21,pos_pos
0.203453749,4,22,22,pos_pos
0.205468307,3,22,22,pos_pos
0.207458706,3,22,22,pos_pos
0.209486789,3,22,22,pos_pos
0.2115049,2,23,23,pos_pos
0.213521228,2,23,23,pos_pos
0.215562504,2,23,23,pos_pos
0.217541905,2,24,24,pos_pos
0.219408541,2,24,24,pos_pos
0.221520483,2,24,24,pos_pos
0.223453249,1,25,25,pos_pos
0.225452261,1,25,25,pos_pos
0.227402369,1,26,26,pos_pos
0.229428455,1,26,26,pos_pos
0.231444753,1,27,27,pos_pos
0.233433207,1,27,27,pos_pos
0.235530931,1,28,28,pos_pos
0.237434988,1,28,28,pos_pos
0.239432685,1,29,29,pos_pos
0.241458955,1,29,29,pos_pos
0.243451364,1,29,29,pos_pos
0.245436676,2,30,30,pos_pos
0.247411644,2,30,30,pos_pos
0.249395852,2,30,30,pos_pos
0.251448544,2,30,30,pos_pos
0.25340703,2,30,30,pos_pos
0.255395432,2,30,30,pos_pos
0.257409684,2,29,29,pos_pos
0.25936906,2,29,29,pos_pos
0.26137863,2,29,29,pos_pos
0.263352569,2,29,29,pos_pos
0.265452737,2,28,28,pos_pos
0.267358578,2,27,27,pos_pos
0.269368664,2,26,26,pos_pos
0.271425472,2,26,26,pos_pos
0.273365683,2,25,25,pos_pos
0.275387542,2,25,25,pos_pos
0.277375692,3,24,24,pos_pos
0.279431489,3,23,23,pos_pos
0.281369182,3,23,23,pos_pos
0.283376552,3,22,22,pos_pos
0.285361498,4,22,22,pos_pos
0.287357657,4,21,21,pos_pos
0.289385713,4,20,20,pos_pos
0.291335999,5,20,20,pos_pos
0.293331265,5,20,20,pos_pos
0.295273868,6,20,20,pos_pos
0.297300214,6,20,20,pos_pos
0.299315657,7,20,20,pos_pos
0.301325844,7,20,20,pos_pos
0.303337845,7,20,20,pos_pos
0.3053241,8,20,20,pos_pos
0.307301645,9,20,20,pos_pos
0.309299716,9,20,20,pos_pos
0.31132141,9,20,20,pos_pos
0.313285132,10,20,20,pos_pos
0.315324741,10,21,21,pos_pos
0.317205016,10,21,21,pos_pos
0.319203673,10,22,22,pos_pos
0.321152597,10,22,22,pos_pos
0.323231602,10,22,22,pos_pos
0.325165557,10,23,23,pos_pos
0.327209415,10,24,24,pos_pos
0.329169778,10,25,25,pos_pos
0.331199963,10,25,25,pos_pos
0.333168739,10,26,26,pos_pos
0.335190186,9,26,26,pos_pos
0.337154799,9,27,27,pos_pos
0.339192531,9,28,28,pos_pos
0.341157877,9,28,28,pos_pos
0.343153011,9,29,29,pos_pos
0.345110781,9,29,29,pos_pos
0.347186029,9,30,30,pos_pos
0.349132418,9,31,31,pos_pos
0.351163863,9,31,31,pos_pos
0.35312941,9,32,32,pos_pos
0.355215049,9,33,33,pos_pos
0.357243547,9,34,34,pos_pos
0.359188584,9,35,35,pos_pos
0.3612023,9,35,35,pos_pos
0.36313772,9,36,36,pos_pos
0.365152255,9,37,37,pos_pos
0.367119498,9,37,37,pos_pos
0.369116398,9,39,39,pos_pos
0.371083337,9,39,39,pos_pos
0.373146652,9,39,39,pos_pos
0.375184183,9,40,40,pos_pos
0.377093788,9,41,41,pos_pos
0.379086568,9,41,41,pos_pos
0.381140577,9,42,42,pos_pos
0.383082484,9,42,42,pos_pos
0.385165787,9,42,42,pos_pos
0.387061753,9,42,42,pos_pos
0.389111971,10,42,42,pos_pos
0.391114581,10,42,42,pos_pos
0.393162366,11,42,42,pos_pos
0.395148223,11,42,42,pos_pos
0.39722714,11,42,42,pos_pos
0.3991178,12,41,41,pos_pos
0.401129987,12,41,41,pos_pos
0.403265928,13,40,40,pos_pos
0.405189829,13,40,40,pos_pos
0.407172173,14,39,39,pos_pos
0.409201748,14,39,39,pos_pos
0.411179882,15,37,37,pos_pos
0.413215666,15,36,36,pos_pos
0.415129421,16,36,36,pos_pos
0.417172147,17,35,35,pos_pos
0.419080578,17,34,34,pos_pos
0.42115622,18,33,33,pos_pos
0.423092104,18,32,32,pos_pos
0.425202791,19,31,31,pos_pos
0.427200485,20,30,30,pos_pos
0.429259037,20,29,29,pos_pos
0.431163076,21,29,29,pos_pos
0.433119262,21,28,28,pos_pos
0.435110132,21,28,28,pos_pos
0.437114746,22,28,28,pos_pos
0.439103274,22,28,28,pos_pos
0.441134398,23,28,28,pos_pos
0.44311673,23,28,28,pos_pos
0.445267492,23,28,28,pos_pos
0.447283048,23,28,28,pos_pos
0.449155714,23,29,29,pos_pos
0.450991869,24,29,29,pos_pos
0.453185453,23,30,30,pos_pos
0.455084633,24,31,31,pos_pos
0.457081482,23,31,31,pos_pos
0.459030354,24,32,32,pos_pos
0.46118618,24,33,33,pos_pos
0.463095676,24,33,33,pos_pos
0.464951709,24,34,34,pos_pos
0.466915334,24,35,35,pos_pos
0.468917257,24,35,35,pos_pos
0.470918662,24,36,36,pos_pos
0.472954785,24,37,37,pos_pos
0.474928923,24,38,38,pos_pos
0.477187841,24,39,39,pos_pos
0.479110135,24,39,39,pos_pos
0.480987847,24,40,40,pos_pos
0.482988077,24,41,41,pos_pos
0.485025298,24,42,42,pos_pos
0.487113101,24,43,43,pos_pos
0.488992273,24,44,44,pos_pos
0.490965826,24,45,45,pos_pos
0.492922033,24,46,46,pos_pos
0.494936443,24,47,47,pos_pos
0.4969841,24,48,48,pos_pos
0.498917351,25,50,50,pos_pos
0.500967897,25,50,50,pos_pos
0.502916063,25,51,51,pos_pos
0.504895832,26,53,53,pos_pos
0.506906751,27,54,54,pos_pos
0.508932625,27,55,55,pos_pos
0.510890223,28,56,56,pos_pos
0.512879573,29,57,57,pos_pos
0.514864808,29,58,58,pos_pos
0.516893041,30,59,59,pos_pos
0.518901727,31,61,61,pos_pos
0.520910947,33,62,62,pos_pos
0.522868424,34,63,63,pos_pos
0.524845743,35,64,64,pos_pos
0.526905589,35,65,65,pos_pos
0.528851741,36,66,66,pos_pos
0.53093652,37,66,66,pos_pos
0.532882392,38,68,68,pos_pos
0.534849352,39,68,68,pos_pos
0.536869128,40,69,69,pos_pos
0.538892298,41,69,69,pos_pos
0.540878948,41,70,70,pos_pos
0.542889588,42,70,70,pos_pos
0.544864319,43,70,70,pos_pos
0.547178037,44,70,70,pos_pos
0.548887726,45,70,70,pos_pos
0.550925534,45,70,70,pos_pos
0.552821578,46,70,70,pos_pos
0.554984033,47,70,70,pos_pos
0.556858205,48,69,69,pos_pos
0.559061981,48,69,69,pos_pos
0.560834845,49,68,68,pos_pos
0.562911809,50,67,67,pos_pos
0.564801965,50,67,67,pos_pos
0.566873932,51,66,66,pos_pos
0.568844271,51,65,65,pos_pos
0.570790773,52,65,65,pos_pos
0.572821388,52,65,65,pos_pos
0.574816577,52,64,64,pos_pos
0.576788209,53,64,64,pos_pos
0.578846312,53,63,63,pos_pos
0.580867643,53,63,63,pos_pos
0.58288401,53,64,64,pos_pos
0.584790149,53,64,64,pos_pos
0.58697057,53,64,64,pos_pos
0.58880335,53,65,65,pos_pos
0.590862734,53,65,65,pos_pos
0.59277223,53,66,66,pos_pos
0.594807537,53,66,66,pos_pos
0.596733726,52,67,67,pos_pos
0.598726508,52,68,68,pos_pos
0.600742018,51,69,69,pos_pos
0.602774304,51,69,69,pos_pos
0.604821975,50,70,70,pos_pos
0.60687247,49,71,71,pos_pos
0.608787089,48,72,72,pos_pos
0.610730427,47,73,73,pos_pos
0.612716782,46,74,74,pos_pos
0.614748038,45,75,75,pos_pos
0.616683997,43,76,76,pos_pos
0.618700402,42,76,76,pos_pos
0.620704825,41,77,77,pos_pos
0.622714691,40,79,79,pos_pos
0.624656653,38,79,79,pos_pos
0.626733433,37,80,80,pos_pos
0.628701355,36,82,82,pos_pos
0.630677625,35,82,82,pos_pos
0.6326606,34,84,84,pos_pos
0.634644347,31,84,84,pos_pos
0.636683393,31,84,84,pos_pos
0.638665948,30,86,86,pos_pos
0.640629512,29,87,87,pos_pos
0.642630807,28,88,88,pos_pos
0.644651339,27,88,88,pos_pos
0.646718241,27,89,89,pos_pos
0.6487006,27,89,89,pos_pos
0.650674235,27,89,89,pos_pos
1.090912195,-13,-1,-1,neg_neg
1.092834484,-14,-2,-2,neg_neg
1.095019765,-14,-3,-3,neg_neg
1.096873863,-15,-4,-4,neg_neg
1.098851134,-15,-4,-4,neg_neg
1.10080991,-16,-4,-4,neg_neg
1.114852367,-20,0,0,pos_pos
1.116783887,-21,1,1,pos_pos
1.11876907,-21,2,2,pos_pos
1.120751564,-22,3,3,pos_pos
1.122815139,-23,5,5,pos_pos
1.124793607,-24,7,7,pos_pos
1.126859357,-25,8,8,pos_pos
1.128914605,-26,9,9,pos_pos
1.130864629,-27,11,11,pos_pos
1.132868391,-28,12,12,pos_pos
1.134810622,-29,13,13,pos_pos
1.136834911,-30,15,15,pos_pos
1.138810752,-31,16,16,pos_pos
1.140820111,-33,16,16,pos_pos
1.142825304,-33,17,17,pos_pos
1.144896895,-34,17,17,pos_pos
1.146852752,-36,17,17,pos_pos
1.174738181,-43,-1,-1,neg_neg
1.176678935,-43,-3,-3,neg_neg
1.17872473,-43,-5,-5,neg_neg
1.18073114,-43,-8,-8,neg_neg
1.182682903,-43,-10,-10,neg_neg
1.18470241,-43,-12,-12,neg_neg
1.186662379,-43,-15,-15,neg_neg
1.18866904,-43,-17,-17,neg_neg
1.190640982,-43,-19,-19,neg_neg
1.192651143,-43,-22,-22,neg_neg
1.19464557,-43,-24,-24,neg_neg
1.196658242,-43,-26,-26,neg_neg
1.198742725,-43,-29,-29,neg_neg
1.200616037,-43,-31,-31,neg_neg
1.202589221,-43,-33,-33,neg_neg
1.204642796,-43,-35,-35,neg_neg
1.206601651,-44,-37,-37,neg_neg
1.208604632,-44,-38,-38,neg_neg
1.210645262,-44,-41,-41,neg_neg
1.212597502,-45,-42,-42,neg_neg
1.214662141,-46,-44,-44,neg_neg
1.216627873,-46,-44,-44,neg_neg
1.218576452,-47,-45,-45,neg_neg
1.220551249,-48,-46,-46,neg_neg
1.222604695,-48,-46,-46,neg_neg
1.224571962,-50,-47,-47,neg_neg
1.226629071,-51,-47,-47,neg_neg
1.228573912,-51,-47,-47,neg_neg
1.230617769,-52,-47,-47,neg_neg
1.232581049,-53,-46,-46,neg_neg
1.234583361,-54,-46,-46,neg_neg
1.236527917,-55,-46,-46,neg_neg
1.238579104,-56,-46,-46,neg_neg
1.240559624,-57,-45,-45,neg_neg
1.242580741,-58,-44,-44,neg_neg
1.244559135,-59,-44,-44,neg_neg
1.246646301,-59,-44,-44,neg_neg
1.248616576,-60,-44,-44,neg_neg
1.250575022,-61,-43,-43,neg_neg
1.252601687,-62,-42,-42,neg_neg
1.254548683,-63,-42,-42,neg_neg
1.256592996,-63,-41,-41,neg_neg
1.258576983,-64,-40,-40,neg_neg
1.260603726,-64,-39,-39,neg_neg
1.262634796,-65,-39,-39,neg_neg
1.264674787,-65,-38,-38,neg_neg
1.266620324,-66,-38,-38,neg_neg
1.268573756,-66,-37,-37,neg_neg
1.270580562,-67,-37,-37,neg_neg
1.272573179,-67,-37,-37,neg_neg
1.274510093,-68,-37,-37,neg_neg
1.276522076,-69,-37,-37,neg_neg
1.278533353,-70,-38,-38,neg_neg
1.280596559,-71,-38,-38,neg_neg
1.282562393,-71,-39,-39,neg_neg
1.284516556,-72,-40,-40,neg_neg
1.286520241,-73,-41,-41,neg_neg
1.288494719,-74,-43,-43,neg_neg
1.290533628,-75,-44,-44,neg_neg
1.292591012,-76,-45,-45,neg_neg
1.294617318,-77,-47,-47,neg_neg
1.29658174,-78,-49,-49,neg_neg
1.298467729,-79,-51,-51,neg_neg
1.300538072,-80,-53,-53,neg_neg
1.302498874,-81,-55,-55,neg_neg
1.304495686,-82,-57,-57,neg_neg
1.306528303,-83,-60,-60,neg_neg
1.308503136,-84,-62,-62,neg_neg
1.310463556,-85,-64,-64,neg_neg
1.312509226,-86,-66,-66,neg_neg
1.314653765,-87,-69,-69,neg_neg
1.316463328,-88,-71,-71,neg_neg
1.318513647,-89,-73,-73,neg_neg
1.320416121,-90,-76,-76,neg_neg
1.322427333,-91,-78,-78,neg_neg
1.324345452,-92,-80,-80,neg_neg
1.326471264,-93,-82,-82,neg_neg
1.328390932,-94,-84,-84,neg_neg
1.330448735,-95,-86,-86,neg_neg
1.332377395,-96,-87,-87,neg_neg
1.334351979,-97,-89,-89,neg_neg
1.336343107,-98,-91,-91,neg_neg
1.338363432,-99,-92,-92,neg_neg
1.340534062,-100,-94,-94,neg_neg
1.342356038,-101,-95,-95,neg_neg
1.34434559,-102,-96,-96,neg_neg
1.346368883,-103,-97,-97,neg_neg
1.348398378,-105,-98,-98,neg_neg
1.3503209,-106,-98,-98,neg_neg
1.352327395,-107,-99,-99,neg_neg
1.354347604,-108,-99,-99,neg_neg
1.356351836,-109,-99,-99,neg_neg
1.358346242,-111,-99,-99,neg_neg
1.360446005,-112,-98,-98,neg_neg
1.362377591,-113,-98,-98,neg_neg
1.364351309,-114,-98,-98,neg_neg
1.366392186,-116,-97,-97,neg_neg
1.368375927,-117,-97,-97,neg_neg
1.370401831,-119,-96,-96,neg_neg
1.372319746,-121,-96,-96,neg_neg
1.374277816,-123,-95,-95,neg_neg
1.376327245,-125,-95,-95,neg_neg
1.378353644,-127,-94,-94,neg_neg
1.380359107,-129,-94,-94,neg_neg
1.38235522,-131,-93,-93,neg_neg
1.384356486,-133,-92,-92,neg_neg
1.386261768,-136,-92,-92,neg_neg
1.388313993,-137,-91,-91,neg_neg
1.390307445,-140,-90,-90,neg_neg
1.392277738,-142,-89,-89,neg_neg
1.394326915,-144,-88,-88,neg_neg
1.396393109,-146,-86,-86,neg_neg
1.398312581,-149,-86,-86,neg_neg
1.400309927,-151,-84,-84,neg_neg
1.402339133,-152,-82,-82,neg_neg
1.404302123,-154,-81,-81,neg_neg
1.406285611,-156,-79,-79,neg_neg
1.4082913,-157,-76,-76,neg_neg
1.410295523,-159,-74,-74,neg_neg
1.412293925,-161,-71,-71,neg_neg
1.41428316,-161,-68,-68,neg_neg
1.416320345,-162,-66,-66,neg_neg
1.418223104,-163,-64,-64,neg_neg
1.420198442,-164,-61,-61,neg_neg
1.422241199,-165,-58,-58,neg_neg
1.424309009,-166,-56,-56,neg_neg
1.42627416,-167,-53,-53,neg_neg
1.42823924,-167,-50,-50,neg_neg
1.430192432,-168,-47,-47,neg_neg
1.432205647,-168,-45,-45,neg_neg
1.434195275,-169,-44,-44,neg_neg
1.436202102,-169,-42,-42,neg_neg
1.438174052,-169,-40,-40,neg_neg
1.440179443,-169,-39,-39,neg_neg
1.442152618,-169,-39,-39,neg_neg
1.444203793,-169,-38,-38,neg_neg
1.446206111,-169,-38,-38,neg_neg
1.448233487,-169,-38,-38,neg_neg
1.450229897,-169,-38,-38,neg_neg
1.45217404,-169,-39,-39,neg_neg
1.454137383,-169,-39,-39,neg_neg
1.456229584,-168,-40,-40,neg_neg
1.458174407,-168,-41,-41,neg_neg
1.460136474,-168,-43,-43,neg_neg
1.462185416,-168,-44,-44,neg_neg
1.464169217,-167,-46,-46,neg_neg
1.466139759,-167,-47,-47,neg_neg
1.46818997,-166,-50,-50,neg_neg
1.470146686,-166,-52,-52,neg_neg
1.472111966,-165,-54,-54,neg_neg
1.474145193,-165,-57,-57,neg_neg
1.476139855,-164,-60,-60,neg_neg
1.478083928,-163,-62,-62,neg_neg
1.480146976,-163,-65,-65,neg_neg
1.482105208,-162,-66,-66,neg_neg
1.484128616,-162,-69,-69,neg_neg
1.48608006,-161,-72,-72,neg_neg
1.488077241,-161,-74,-74,neg_neg
1.490069051,-161,-77,-77,neg_neg
1.492046877,-159,-80,-80,neg_neg
1.494128213,-159,-82,-82,neg_neg
1.496306511,-158,-85,-85,neg_neg
1.498280928,-158,-86,-86,neg_neg
1.500256093,-158,-88,-88,neg_neg
1.502138256,-158,-91,-91,neg_neg
1.50419101,-158,-93,-93,neg_neg
1.506138983,-158,-95,-95,neg_neg
1.508069908,-158,-97,-97,neg_neg
1.510049263,-158,-99,-99,neg_neg
1.5120587,-159,-100,-100,neg_neg
1.51408268,-159,-102,-102,neg_neg
1.516051845,-159,-103,-103,neg_neg
1.518033803,-161,-105,-105,neg_neg
1.520062465,-161,-106,-106,neg_neg
1.522014019,-161,-107,-107,neg_neg
1.523997306,-162,-108,-108,neg_neg
1.52600966,-163,-108,-108,neg_neg
1.528020788,-163,-108,-108,neg_neg
1.530010148,-164,-109,-109,neg_neg
1.532030655,-165,-109,-109,neg_neg
1.533985499,-166,-110,-110,neg_neg
1.535962698,-167,-111,-111,neg_neg
1.53793569,-168,-112,-112,neg_neg
1.539956293,-170,-112,-112,neg_neg
1.541956635,-171,-113,-113,neg_neg
1.543946749,-172,-114,-114,neg_neg
1.545972436,-173,-115,-115,neg_neg
1.548003361,-174,-116,-116,neg_neg
1.549940809,-176,-117,-117,neg_neg
1.551947009,-177,-119,-119,neg_neg
1.554019002,-178,-120,-120,neg_neg
1.556009008,-180,-122,-122,neg_neg
1.558009196,-181,-123,-123,neg_neg
1.559950696,-183,-125,-125,neg_neg
1.562078719,-184,-126,-126,neg_neg
1.564067214,-185,-128,-128,neg_neg
1.566076336,-187,-130,-130,neg_neg
1.567998376,-188,-132,-132,neg_neg
1.57002749,-190,-134,-134,neg_neg
1.571992035,-191,-135,-135,neg_neg
1.573968892,-193,-137,-137,neg_neg
1.576033677,-194,-139,-139,neg_neg
1.577998906,-195,-140,-140,neg_neg
1.580020843,-197,-142,-142,neg_neg
1.581980753,-198,-144,-144,neg_neg
1.583870058,-199,-146,-146,neg_neg
1.585885354,-201,-148,-148,neg_neg
1.587914617,-202,-150,-150,neg_neg
1.589961176,-203,-152,-152,neg_neg
1.591938373,-204,-154,-154,neg_neg
1.593991073,-205,-156,-156,neg_neg
1.595989637,-206,-157,-157,neg_neg
1.598027899,-207,-159,-159,neg_neg
1.599955359,-209,-160,-160,neg_neg
1.601940633,-210,-161,-161,neg_neg
1.603856668,-212,-162,-162,neg_neg
1.605885982,-213,-163,-163,neg_neg
1.607846359,-214,-163,-163,neg_neg
1.609933245,-215,-163,-163,neg_neg
1.612568692,-217,-163,-163,neg_neg
1.613964706,-217,-163,-163,neg_neg
1.616200514,-219,-163,-163,neg_neg
1.617962311,-221,-163,-163,neg_neg
1.620255213,-223,-163,-163,neg_neg
1.621945529,-223,-163,-163,neg_neg
1.624085783,-225,-163,-163,neg_neg
1.625991205,-226,-162,-162,neg_neg
1.6282592,-228,-162,-162,neg_neg
1.630058673,-229,-161,-161,neg_neg
1.632340526,-230,-161,-161,neg_neg
1.634074747,-232,-160,-160,neg_neg
1.635919127,-234,-160,-160,neg_neg
1.637928164,-235,-159,-159,neg_neg
1.639869465,-237,-158,-158,neg_neg
1.641981932,-238,-157,-157,neg_neg
1.644221774,-240,-156,-156,neg_neg
1.645989038,-241,-156,-156,neg_neg
1.647837372,-243,-155,-155,neg_neg
1.650031574,-244,-154,-154,neg_neg
1.651918337,-246,-153,-153,neg_neg
1.653968258,-247,-152,-152,neg_neg
1.655845851,-248,-151,-151,neg_neg
1.657904326,-250,-150,-150,neg_neg
1.659946135,-251,-150,-150,neg_neg
1.661954688,-252,-149,-149,neg_neg
1.663848747,-254,-148,-148,neg_neg
1.665856122,-255,-148,-148,neg_neg
1.66788091,-256,-147,-147,neg_neg
1.669838036,-257,-147,-147,neg_neg
1.671864058,-258,-147,-147,neg_neg
1.673844006,-259,-146,-146,neg_neg
1.675802014,-260,-146,-146,neg_neg
1.677880641,-261,-146,-146,neg_neg
1.6798077,-262,-146,-146,neg_neg
1.681849832,-263,-146,-146,neg_neg
1.683845061,-264,-147,-147,neg_neg
1.685874595,-264,-147,-147,neg_neg
1.687845968,-265,-148,-148,neg_neg
1.689861172,-265,-148,-148,neg_neg
1.691822436,-266,-149,-149,neg_neg
1.693792827,-267,-150,-150,neg_neg
1.695797878,-267,-150,-150,neg_neg
1.697831566,-267,-151,-151,neg_neg
1.699764564,-268,-152,-152,neg_neg
1.701771207,-268,-153,-153,neg_neg
1.703739166,-269,-155,-155,neg_neg
1.705729367,-269,-156,-156,neg_neg
1.707757882,-269,-157,-157,neg_neg
1.709726757,-269,-159,-159,neg_neg
1.711762183,-269,-161,-161,neg_neg
1.713862107,-269,-163,-163,neg_neg
1.715804812,-269,-164,-164,neg_neg
1.717755203,-270,-166,-166,neg_neg
1.719712064,-270,-168,-168,neg_neg
1.721752902,-270,-169,-169,neg_neg
1.723755894,-270,-171,-171,neg_neg
1.72575807,-270,-172,-172,neg_neg
1.727813599,-270,-174,-174,neg_neg
1.729726594,-270,-176,-176,neg_neg
1.731737847,-270,-177,-177,neg_neg
1.733963243,-270,-178,-178,neg_neg
1.735726454,-270,-180,-180,neg_neg
1.737686307,-270,-181,-181,neg_neg
1.739729817,-270,-182,-182,neg_neg
1.741704196,-271,-183,-183,neg_neg
1.743639027,-271,-184,-184,neg_neg
1.745638267,-271,-184,-184,neg_neg
1.747664707,-272,-185,-185,neg_neg
1.749698338,-272,-185,-185,neg_neg
1.751667098,-273,-185,-185,neg_neg
1.753650549,-273,-185,-185,neg_neg
1.755661106,-274,-185,-185,neg_neg
1.757666101,-275,-185,-185,neg_neg
1.759664794,-276,-185,-185,neg_neg
1.761726197,-276,-185,-185,neg_neg
1.76364779,-277,-185,-185,neg_neg
1.765650862,-278,-185,-185,neg_neg
1.767589295,-278,-185,-185,neg_neg
1.769631289,-280,-185,-185,neg_neg
1.771660855,-281,-185,-185,neg_neg
1.773645368,-282,-185,-185,neg_neg
1.775643217,-283,-185,-185,neg_neg
1.777653027,-284,-185,-185,neg_neg
1.779580251,-285,-185,-185,neg_neg
1.781622589,-286,-185,-185,neg_neg
1.783622346,-288,-186,-186,neg_neg
1.785603177,-289,-186,-186,neg_neg
1.787627747,-290,-187,-187,neg_neg
1.789619546,-292,-187,-187,neg_neg
1.791631821,-292,-188,-188,neg_neg
1.793586157,-294,-189,-189,neg_neg
1.795532853,-295,-190,-190,neg_neg
1.797543577,-296,-191,-191,neg_neg
1.799584749,-297,-192,-192,neg_neg
1.801602573,-298,-194,-194,neg_neg
1.803582391,-299,-195,-195,neg_neg
1.805575699,-300,-196,-196,neg_neg
1.807565056,-302,-197,-197,neg_neg
1.809583099,-303,-199,-199,neg_neg
1.811502555,-304,-200,-200,neg_neg
1.813493547,-305,-202,-202,neg_neg
1.815477822,-306,-204,-204,neg_neg
1.817488719,-307,-206,-206,neg_neg
1.819491104,-308,-208,-208,neg_neg
1.821467817,-309,-210,-210,neg_neg
1.823543217,-310,-212,-212,neg_neg
1.82549515,-311,-214,-214,neg_neg
1.82751053,-312,-216,-216,neg_neg
1.829465098,-313,-218,-218,neg_neg
1.831482078,-314,-221,-221,neg_neg
1.833517486,-315,-223,-223,neg_neg
1.835504574,-316,-225,-225,neg_neg
1.837472361,-316,-228,-228,neg_neg
1.839462145,-317,-230,-230,neg_neg
1.841545271,-318,-232,-232,neg_neg
1.843541983,-319,-234,-234,neg_neg
1.84553587,-320,-236,-236,neg_neg
1.847484312,-321,-237,-237,neg_neg
1.849457617,-321,-239,-239,neg_neg
1.851470065,-323,-241,-241,neg_neg
1.853518201,-323,-243,-243,neg_neg
1.855437295,-324,-245,-245,neg_neg
1.857464114,-326,-247,-247,neg_neg
1.859440067,-326,-248,-248,neg_neg
1.861454366,-328,-249,-249,neg_neg
1.863459144,-329,-251,-251,neg_neg
1.86551179,-330,-251,-251,neg_neg
1.867412737,-331,-252,-252,neg_neg
1.869463306,-332,-253,-253,neg_neg
1.871442185,-334,-253,-253,neg_neg
1.873406868,-335,-253,-253,neg_neg
1.875400272,-336,-253,-253,neg_neg
1.877428514,-338,-253,-253,neg_neg
1.879430029,-339,-253,-253,neg_neg
1.881442938,-341,-252,-252,neg_neg
1.88338337,-342,-252,-252,neg_neg
1.885428974,-343,-251,-251,neg_neg
1.887456042,-345,-251,-251,neg_neg
1.889472526,-346,-250,-250,neg_neg
1.891445445,-348,-249,-249,neg_neg
1.893389734,-349,-248,-248,neg_neg
1.895458069,-350,-248,-248,neg_neg
1.897473594,-352,-247,-247,neg_neg
1.899433216,-354,-247,-247,neg_neg
1.90149661,-355,-246,-246,neg_neg
1.903416849,-356,-245,-245,neg_neg
1.905346978,-358,-244,-244,neg_neg
1.907324493,-360,-244,-244,neg_neg
1.909285202,-361,-243,-243,neg_neg
1.911326068,-363,-243,-243,neg_neg
1.91334803,-364,-242,-242,neg_neg
1.915307101,-366,-242,-242,neg_neg
1.917360342,-368,-242,-242,neg_neg
1.919359712,-369,-242,-242,neg_neg
1.921304625,-370,-242,-242,neg_neg
1.923327504,-372,-242,-242,neg_neg
1.925299896,-374,-242,-242,neg_neg
1.927306982,-375,-243,-243,neg_neg
1.92939975,-376,-243,-243,neg_neg
1.931320249,-378,-244,-244,neg_neg
1.933283956,-379,-244,-244,neg_neg
1.935262848,-380,-245,-245,neg_neg
1.937282995,-381,-246,-246,neg_neg
1.939259376,-382,-247,-247,neg_neg
1.941287702,-383,-248,-248,neg_neg
1.943268613,-384,-250,-250,neg_neg
1.945289367,-385,-252,-252,neg_neg
1.947255945,-386,-253,-253,neg_neg
1.949291368,-387,-255,-255,neg_neg
1.951223711,-388,-257,-257,neg_neg
1.953262839,-389,-259,-259,neg_neg
1.955264167,-390,-261,-261,neg_neg
1.957255045,-390,-263,-263,neg_neg
1.959261743,-391,-266,-266,neg_neg
1.961220221,-392,-268,-268,neg_neg
1.96318672,-393,-270,-270,neg_neg
1.965230489,-393,-272,-272,neg_neg
1.967264485,-394,-273,-273,neg_neg
1.969227963,-394,-275,-275,neg_neg
1.971286533,-395,-277,-277,neg_neg
1.97323556,-395,-279,-279,neg_neg
1.975181036,-396,-280,-280,neg_neg
1.977229133,-396,-282,-282,neg_neg
1.979194777,-397,-284,-284,neg_neg
1.981176411,-397,-285,-285,neg_neg
1.983233263,-397,-286,-286,neg_neg
1.985182299,-398,-288,-288,neg_neg
1.987230685,-398,-289,-289,neg_neg
1.989209985,-399,-290,-290,neg_neg
1.991195369,-400,-291,-291,neg_neg
1.993198829,-400,-292,-292,neg_neg
1.995191243,-401,-293,-293,neg_neg
1.997231037,-402,-294,-294,neg_neg
1.999196936,-403,-294,-294,neg_neg
2.001185114,-404,-295,-295,neg_neg
2.003183681,-405,-295,-295,neg_neg
2.005184468,-406,-295,-295,neg_neg
2.007187022,-406,-295,-295,neg_neg
2.009218839,-408,-295,-295,neg_neg
2.011229144,-409,-295,-295,neg_neg
2.013217763,-410,-295,-295,neg_neg
2.015197047,-411,-295,-295,neg_neg
2.017160163,-412,-295,-295,neg_neg
2.019127183,-413,-295,-295,neg_neg
2.021175223,-414,-295,-295,neg_neg
2.023145878,-415,-295,-295,neg_neg
2.025202468,-417,-294,-294,neg_neg
2.027199744,-418,-294,-294,neg_neg
2.029215082,-419,-294,-294,neg_neg
2.031209415,-420,-294,-294,neg_neg
2.03317361,-422,-294,-294,neg_neg
2.035143963,-423,-294,-294,neg_neg
2.037197984,-424,-294,-294,neg_neg
2.039188889,-426,-294,-294,neg_neg
2.041212249,-427,-294,-294,neg_neg
2.043148631,-428,-295,-295,neg_neg
2.045175692,-430,-296,-296,neg_neg
2.047185583,-431,-297,-297,neg_neg
2.049155548,-432,-297,-297,neg_neg
2.051116441,-433,-298,-298,neg_neg
2.053156941,-434,-299,-299,neg_neg
2.055136403,-436,-300,-300,neg_neg
2.057169263,-437,-301,-301,neg_neg
2.059190262,-439,-303,-303,neg_neg
2.061202797,-440,-304,-304,neg_neg
2.063147785,-441,-306,-306,neg_neg
2.065218356,-442,-307,-307,neg_neg
2.067162667,-444,-309,-309,neg_neg
2.06907314,-445,-311,-311,neg_neg
2.071127747,-445,-313,-313,neg_neg
2.073077614,-447,-315,-315,neg_neg
2.075086767,-447,-317,-317,neg_neg
2.077151389,-448,-319,-319,neg_neg
2.079048712,-450,-322,-322,neg_neg
2.08109664,-451,-324,-324,neg_neg
2.083051322,-452,-326,-326,neg_neg
2.08503442,-452,-328,-328,neg_neg
2.087014041,-453,-331,-331,neg_neg
2.089035678,-454,-333,-333,neg_neg
2.091001456,-455,-335,-335,neg_neg
2.092992973,-456,-337,-337,neg_neg
2.095013145,-457,-339,-339,neg_neg
2.097044185,-458,-341,-341,neg_neg
2.099038822,-459,-343,-343,neg_neg
2.101040558,-461,-345,-345,neg_neg
2.102985371,-461,-347,-347,neg_neg
2.105028438,-462,-349,-349,neg_neg
2.10697681,-463,-350,-350,neg_neg
2.108993359,-465,-351,-351,neg_neg
2.110965268,-466,-353,-353,neg_neg
2.112932568,-467,-353,-353,neg_neg
2.115050363,-468,-354,-354,neg_neg
2.117004044,-469,-355,-355,neg_neg
2.118992013,-470,-355,-355,neg_neg
2.120999563,-471,-356,-356,neg_neg
2.122880987,-473,-356,-356,neg_neg
2.124935039,-474,-356,-356,neg_neg
2.126945534,-475,-356,-356,neg_neg
2.128998361,-476,-356,-356,neg_neg
2.130976916,-477,-356,-356,neg_neg
2.133008442,-479,-356,-356,neg_neg
2.134997756,-480,-356,-356,neg_neg
2.136951035,-481,-356,-356,neg_neg
2.138963654,-482,-356,-356,neg_neg
2.140980574,-484,-356,-356,neg_neg
2.142903159,-485,-356,-356,neg_neg
2.14496564,-487,-356,-356,neg_neg
2.146928444,-488,-356,-356,neg_neg
2.148916114,-489,-356,-356,neg_neg
2.150932469,-491,-355,-355,neg_neg
2.152944585,-492,-355,-355,neg_neg
2.154961159,-493,-355,-355,neg_neg
2.156941555,-495,-354,-354,neg_neg
2.158906908,-497,-354,-354,neg_neg
2.160937005,-498,-354,-354,neg_neg
2.162871487,-499,-354,-354,neg_neg
2.164936265,-501,-354,-354,neg_neg
2.166926108,-502,-354,-354,neg_neg
2.168914631,-503,-354,-354,neg_neg
2.170925035,-505,-354,-354,neg_neg
2.172934777,-506,-354,-354,neg_neg
2.174910066,-507,-354,-354,neg_neg
2.17698378,-508,-354,-354,neg_neg
2.178923891,-509,-354,-354,neg_neg
2.180921504,-510,-355,-355,neg_neg
2.182824855,-511,-355,-355,neg_neg
2.18480652,-513,-356,-356,neg_neg
2.186845536,-513,-357,-357,neg_neg
2.188886373,-514,-358,-358,neg_neg
2.190938407,-515,-359,-359,neg_neg
2.193052066,-516,-359,-359,neg_neg
2.194866992,-517,-360,-360,neg_neg
2.197163537,-518,-362,-362,neg_neg
2.198947382,-518,-364,-364,neg_neg
2.200910494,-519,-365,-365,neg_neg
2.202790857,-520,-367,-367,neg_neg
2.20476087,-521,-369,-369,neg_neg
2.206853833,-521,-371,-371,neg_neg
2.208891178,-522,-373,-373,neg_neg
2.210876158,-523,-375,-375,neg_neg
2.212811699,-523,-378,-378,neg_neg
2.214848311,-524,-380,-380,neg_neg
2.216829773,-524,-382,-382,neg_neg
2.218791464,-524,-385,-385,neg_neg
2.220805736,-525,-387,-387,neg_neg
2.222794003,-525,-389,-389,neg_neg
2.224832598,-526,-392,-392,neg_neg
2.226823221,-526,-394,-394,neg_neg
2.228846295,-527,-396,-396,neg_neg
2.230785547,-528,-399,-399,neg_neg
2.232779983,-528,-401,-401,neg_neg
2.234748442,-529,-402,-402,neg_neg
2.236726768,-529,-403,-403,neg_neg
2.238770122,-530,-405,-405,neg_neg
2.240725952,-530,-406,-406,neg_neg
2.242764746,-531,-407,-407,neg_neg
2.244754281,-531,-408,-408,neg_neg
2.246727604,-532,-409,-409,neg_neg
2.248728155,-532,-409,-409,neg_neg
2.250794714,-533,-410,-410,neg_neg
2.252728119,-534,-410,-410,neg_neg
2.254745777,-535,-410,-410,neg_neg
2.256754041,-535,-410,-410,neg_neg
2.258806681,-536,-410,-410,neg_neg
2.260779533,-537,-410,-410,neg_neg
2.262689963,-538,-410,-410,neg_neg
2.264686139,-539,-410,-410,neg_neg
2.266702133,-540,-410,-410,neg_neg
2.268725472,-541,-409,-409,neg_neg
2.270814136,-542,-409,-409,neg_neg
2.272730089,-543,-409,-409,neg_neg
2.27469298,-546,-409,-409,neg_neg
2.276742445,-547,-409,-409,neg_neg
2.278685295,-548,-408,-408,neg_neg
2.280674214,-550,-408,-408,neg_neg
2.2826806,-551,-408,-408,neg_neg
2.284644987,-553,-408,-408,neg_neg
2.286708411,-554,-408,-408,neg_neg
2.288729141,-556,-408,-408,neg_neg
2.290678994,-558,-408,-408,neg_neg
2.292716318,-560,-408,-408,neg_neg
2.294723353,-561,-408,-408,neg_neg
2.296679967,-563,-408,-408,neg_neg
2.298668562,-564,-408,-408,neg_neg
2.30063373,-566,-408,-408,neg_neg
2.302683762,-567,-409,-409,neg_neg
2.304617853,-569,-409,-409,neg_neg
2.306697688,-570,-410,-410,neg_neg
2.308681939,-572,-410,-410,neg_neg
2.310706006,-573,-411,-411,neg_neg
2.31265135,-575,-412,-412,neg_neg
2.314607857,-576,-414,-414,neg_neg
2.316676271,-578,-415,-415,neg_neg
2.318619793,-579,-416,-416,neg_neg
2.320768047,-581,-417,-417,neg_neg
2.322739155,-582,-419,-419,neg_neg
2.324682631,-583,-421,-421,neg_neg
2.326793864,-584,-422,-422,neg_neg
2.328623419,-585,-424,-424,neg_neg
2.330653307,-586,-426,-426,neg_neg
2.332628819,-587,-428,-428,neg_neg
2.334649117,-588,-430,-430,neg_neg
2.336632356,-589,-431,-431,neg_neg
2.338558065,-590,-433,-433,neg_neg
2.340611025,-590,-435,-435,neg_neg
2.342596347,-591,-437,-437,neg_neg
2.34453851,-591,-439,-439,neg_neg
2.346574514,-592,-441,-441,neg_neg
2.348550157,-593,-442,-442,neg_neg
2.350571458,-593,-444,-444,neg_neg
2.352543214,-593,-446,-446,neg_neg
2.354561777,-594,-448,-448,neg_neg
2.356553472,-594,-450,-450,neg_neg
2.358498368,-595,-451,-451,neg_neg
2.360518098,-596,-453,-453,neg_neg
2.362488915,-596,-454,-454,neg_neg
2.364515419,-596,-455,-455,neg_neg
2.366499339,-597,-456,-456,neg_neg
2.368550504,-597,-458,-458,neg_neg
2.370631197,-598,-458,-458,neg_neg
2.372569649,-598,-459,-459,neg_neg
2.374583203,-599,-459,-459,neg_neg
2.376495866,-600,-459,-459,neg_neg
2.378443761,-600,-459,-459,neg_neg
2.380450251,-601,-459,-459,neg_neg
2.382433467,-602,-458,-458,neg_neg
2.384460738,-602,-458,-458,neg_neg
2.386480168,-603,-457,-457,neg_neg
2.388523491,-604,-456,-456,neg_neg
2.39050648,-605,-455,-455,neg_neg
2.392517195,-606,-455,-455,neg_neg
2.394489189,-607,-454,-454,neg_neg
2.396437891,-608,-453,-453,neg_neg
2.398411359,-609,-453,-453,neg_neg
2.40039984,-610,-452,-452,neg_neg
2.402437669,-612,-451,-451,neg_neg
2.404433493,-613,-450,-450,neg_neg
2.406437385,-614,-449,-449,neg_neg
2.408425501,-615,-448,-448,neg_neg
2.410558238,-617,-446,-446,neg_neg
2.412496037,-618,-446,-446,neg_neg
2.414459706,-619,-445,-445,neg_neg
2.416413185,-621,-444,-444,neg_neg
2.418441652,-622,-443,-443,neg_neg
2.420411301,-623,-443,-443,neg_neg
2.42244914,-624,-442,-442,neg_neg
2.424449906,-625,-442,-442,neg_neg
2.426380844,-627,-442,-442,neg_neg
2.428490427,-628,-442,-442,neg_neg
2.430399323,-629,-442,-442,neg_neg
2.432456686,-630,-442,-442,neg_neg
2.43436803,-631,-443,-443,neg_neg
2.43636564,-632,-443,-443,neg_neg
2.438431185,-633,-445,-445,neg_neg
2.440455627,-634,-445,-445,neg_neg
2.442328498,-635,-447,-447,neg_neg
2.444401395,-635,-448,-448,neg_neg
2.446431924,-636,-449,-449,neg_neg
2.448343675,-637,-451,-451,neg_neg
2.450321105,-637,-453,-453,neg_neg
2.452318369,-638,-454,-454,neg_neg
2.454304299,-638,-456,-456,neg_neg
2.456387347,-639,-458,-458,neg_neg
2.458332361,-639,-460,-460,neg_neg
2.460385242,-640,-463,-463,neg_neg
2.462354223,-640,-465,-465,neg_neg
2.464319184,-640,-467,-467,neg_neg
2.466310551,-641,-470,-470,neg_neg
2.468336603,-641,-472,-472,neg_neg
2.470417688,-641,-475,-475,neg_neg
2.47233324,-641,-479,-479,neg_neg
2.474251232,-642,-480,-480,neg_neg
2.476279974,-642,-483,-483,neg_neg
2.478252253,-642,-485,-485,neg_neg
2.480280291,-643,-488,-488,neg_neg
2.482248534,-643,-490,-490,neg_neg
2.484274261,-643,-493,-493,neg_neg
2.486265279,-644,-495,-495,neg_neg
2.488275365,-644,-497,-497,neg_neg
2.490305433,-644,-499,-499,neg_neg
2.492236491,-645,-501,-501,neg_neg
2.494268494,-645,-503,-503,neg_neg
2.496228474,-645,-505,-505,neg_neg
2.4982428,-645,-506,-506,neg_neg
2.500261447,-645,-508,-508,neg_neg
2.502212329,-646,-509,-509,neg_neg
2.504239812,-646,-510,-510,neg_neg
2.506253818,-647,-511,-511,neg_neg
2.508261918,-647,-512,-512,neg_neg
2.510235832,-648,-513,-513,neg_neg
2.512203081,-649,-513,-513,neg_neg
2.514214689,-650,-513,-513,neg_neg
2.516232153,-651,-513,-513,neg_neg
2.518219077,-652,-513,-513,neg_neg
2.520189716,-653,-513,-513,neg_neg
2.522227793,-654,-513,-513,neg_neg
2.524197182,-655,-512,-512,neg_neg
2.526217211,-656,-512,-512,neg_neg
2.528176837,-658,-511,-511,neg_neg
2.530172978,-659,-511,-511,neg_neg
2.532186241,-660,-510,-510,neg_neg
2.534200692,-662,-509,-509,neg_neg
2.536109508,-663,-509,-509,neg_neg
2.538192808,-665,-508,-508,neg_neg
2.540122624,-666,-508,-508,neg_neg
2.542207843,-668,-508,-508,neg_neg
2.54420682,-669,-507,-507,neg_neg
2.546169833,-671,-507,-507,neg_neg
2.548288743,-674,-506,-506,neg_neg
2.550184409,-675,-506,-506,neg_neg
2.55223194,-677,-505,-505,neg_neg
2.554216171,-678,-505,-505,neg_neg
2.556156647,-680,-505,-505,neg_neg
2.558198475,-681,-505,-505,neg_neg
2.560170023,-683,-505,-505,neg_neg
2.5622509,-684,-506,-506,neg_neg
2.564290928,-686,-506,-506,neg_neg
2.566297308,-687,-506,-506,neg_neg
2.568260368,-689,-507,-507,neg_neg
2.570265237,-690,-508,-508,neg_neg
2.572188729,-691,-508,-508,neg_neg
2.574225621,-693,-509,-509,neg_neg
2.576167413,-694,-510,-510,neg_neg
2.578291182,-695,-512,-512,neg_neg
2.580155444,-696,-513,-513,neg_neg
2.582231898,-697,-514,-514,neg_neg
2.584167435,-698,-516,-516,neg_neg
2.586149572,-699,-517,-517,neg_neg
2.588119254,-700,-519,-519,neg_neg
2.590147023,-701,-521,-521,neg_neg
2.592126079,-702,-524,-524,neg_neg
2.59420576,-703,-526,-526,neg_neg
2.59623469,-704,-528,-528,neg_neg
2.598093701,-704,-530,-530,neg_neg
2.60005056,-704,-532,-532,neg_neg
2.602132603,-705,-535,-535,neg_neg
2.604200129,-706,-537,-537,neg_neg
2.606155449,-707,-539,-539,neg_neg
2.608119204,-707,-541,-541,neg_neg
2.610134653,-708,-543,-543,neg_neg
2.612170452,-708,-545,-545,neg_neg
2.614048081,-708,-547,-547,neg_neg
2.616071254,-709,-549,-549,neg_neg
2.61806259,-709,-551,-551,neg_neg
2.620113714,-709,-552,-552,neg_neg
2.622063583,-710,-554,-554,neg_neg
2.624053364,-710,-556,-556,neg_neg
2.626066721,-710,-557,-557,neg_neg
2.62806579,-711,-558,-558,neg_neg
2.630057338,-712,-558,-558,neg_neg
2.632053197,-712,-559,-559,neg_neg
2.634053152,-712,-559,-559,neg_neg
2.636050696,-713,-559,-559,neg_neg
2.637996805,-714,-559,-559,neg_neg
2.640172818,-715,-559,-559,neg_neg
2.642051476,-715,-558,-558,neg_neg
2.644184349,-716,-558,-558,neg_neg
2.646026371,-717,-557,-557,neg_neg
2.648005478,-717,-557,-557,neg_neg
2.64996764,-718,-556,-556,neg_neg
2.652072038,-720,-556,-556,neg_neg
2.65395273,-721,-554,-554,neg_neg
2.656040226,-722,-553,-553,neg_neg
2.658034026,-723,-552,-552,neg_neg
2.660087942,-724,-551,-551,neg_neg
2.662076566,-725,-551,-551,neg_neg
2.664027736,-727,-550,-550,neg_neg
2.666070138,-729,-550,-550,neg_neg
2.668137062,-730,-549,-549,neg_neg
2.670054376,-731,-548,-548,neg_neg
2.672022005,-733,-547,-547,neg_neg
2.673937567,-734,-547,-547,neg_neg
2.675936569,-736,-546,-546,neg_neg
2.677914809,-737,-546,-546,neg_neg
2.679902434,-739,-545,-545,neg_neg
2.681945418,-741,-545,-545,neg_neg
2.683950113,-742,-545,-545,neg_neg
2.685942395,-744,-545,-545,neg_neg
2.687951137,-745,-545,-545,neg_neg
2.689985299,-746,-544,-544,neg_neg
2.691968506,-748,-545,-545,neg_neg
2.693936293,-749,-545,-545,neg_neg
2.695906536,-750,-545,-545,neg_neg
2.697828581,-751,-546,-546,neg_neg
2.698875518,-752,-546,-546,neg_neg
2.700830418,-753,-547,-547,neg_neg
2.702878471,-754,-548,-548,neg_neg
2.705058061,-755,-549,-549,neg_neg
2.706898955,-756,-550,-550,neg_neg
2.709006349,-756,-552,-552,neg_neg
2.71086392,-757,-553,-553,neg_neg
2.713007226,-758,-554,-554,neg_neg
2.714880606,-759,-557,-557,neg_neg
2.716879178,-759,-559,-559,neg_neg
2.718866218,-759,-560,-560,neg_neg
2.720829296,-760,-562,-562,neg_neg
2.722888788,-760,-564,-564,neg_neg
2.724815043,-761,-566,-566,neg_neg
2.726875132,-761,-569,-569,neg_neg
2.728863121,-762,-571,-571,neg_neg
2.73091271,-762,-573,-573,neg_neg
2.732866186,-762,-575,-575,neg_neg
2.734909463,-763,-578,-578,neg_neg
2.736883181,-763,-580,-580,neg_neg
2.738895253,-763,-582,-582,neg_neg
2.740876808,-764,-584,-584,neg_neg
2.7428339,-764,-586,-586,neg_neg
2.744770095,-764,-589,-589,neg_neg
2.746809955,-765,-592,-592,neg_neg
2.74877404,-765,-594,-594,neg_neg
2.750855862,-766,-596,-596,neg_neg
2.752828139,-766,-597,-597,neg_neg
2.754802709,-767,-599,-599,neg_neg
2.756834268,-767,-600,-600,neg_neg
2.758850374,-768,-601,-601,neg_neg
2.760829346,-768,-602,-602,neg_neg
2.76286122,-769,-603,-603,neg_neg
2.764823369,-770,-603,-603,neg_neg
2.766864037,-770,-603,-603,neg_neg
2.768753558,-771,-604,-604,neg_neg
2.770785233,-772,-603,-603,neg_neg
2.772755436,-773,-603,-603,neg_neg
2.774786187,-774,-603,-603,neg_neg
2.776769491,-774,-603,-603,neg_neg
2.778819315,-775,-602,-602,neg_neg
2.780794851,-776,-602,-602,neg_neg
2.782774857,-777,-601,-601,neg_neg
2.784796665,-778,-600,-600,neg_neg
2.786778738,-780,-600,-600,neg_neg
2.788798558,-781,-598,-598,neg_neg
2.790747542,-782,-597,-597,neg_neg
2.792729124,-784,-596,-596,neg_neg
2.794717688,-785,-595,-595,neg_neg
2.796712896,-786,-594,-594,neg_neg
2.798690723,-788,-594,-594,neg_neg
2.800705687,-789,-593,-593,neg_neg
2.802745304,-791,-592,-592,neg_neg
2.8047347,-792,-592,-592,neg_neg
2.806749462,-794,-591,-591,neg_neg
2.808710527,-796,-591,-591,neg_neg
2.810753127,-797,-591,-591,neg_neg
2.812798339,-799,-591,-591,neg_neg
2.814760001,-802,-591,-591,neg_neg
2.816753367,-803,-592,-592,neg_neg
2.818663681,-805,-593,-593,neg_neg
2.820717345,-807,-593,-593,neg_neg
2.822678068,-808,-594,-594,neg_neg
2.824694722,-810,-595,-595,neg_neg
2.826692276,-811,-596,-596,neg_neg
2.828735299,-813,-598,-598,neg_neg
2.830732676,-814,-599,-599,neg_neg
2.832796463,-815,-601,-601,neg_neg
2.834725148,-817,-602,-602,neg_neg
2.83671652,-818,-604,-604,neg_neg
2.838732003,-819,-606,-606,neg_neg
2.840724174,-820,-608,-608,neg_neg
2.84268672,-821,-610,-610,neg_neg
2.844632631,-823,-612,-612,neg_neg
2.846662694,-823,-614,-614,neg_neg
2.848656663,-825,-616,-616,neg_neg
2.850645593,-825,-618,-618,neg_neg
2.852688006,-826,-621,-621,neg_neg
2.854682418,-827,-623,-623,neg_neg
2.856638066,-828,-625,-625,neg_neg
2.858635098,-829,-627,-627,neg_neg
2.860625288,-830,-629,-629,neg_neg
2.862616578,-831,-631,-631,neg_neg
2.864682882,-831,-633,-633,neg_neg
2.866605027,-832,-634,-634,neg_neg
2.86864428,-832,-636,-636,neg_neg
2.870652576,-833,-638,-638,neg_neg
2.872648708,-834,-640,-640,neg_neg
2.87463336,-834,-641,-641,neg_neg
2.876538546,-835,-643,-643,neg_neg
2.878668346,-836,-645,-645,neg_neg
2.880674352,-837,-646,-646,neg_neg
2.882622052,-837,-648,-648,neg_neg
2.884658998,-838,-650,-650,neg_neg
2.886623146,-838,-651,-651,neg_neg
2.888569478,-839,-651,-651,neg_neg
2.890598393,-840,-652,-652,neg_neg
2.892587154,-841,-653,-653,neg_neg
2.89462034,-842,-654,-654,neg_neg
2.896587972,-843,-654,-654,neg_neg
2.898584599,-844,-654,-654,neg_neg
2.900603249,-845,-655,-655,neg_neg
2.902547951,-846,-655,-655,neg_neg
2.904547921,-847,-655,-655,neg_neg
2.906577203,-849,-654,-654,neg_neg
2.908578929,-850,-654,-654,neg_neg
2.910554865,-851,-654,-654,neg_neg
2.912603163,-852,-654,-654,neg_neg
2.914553527,-854,-654,-654,neg_neg
2.916537562,-855,-653,-653,neg_neg
2.918568135,-857,-653,-653,neg_neg
2.920529662,-858,-652,-652,neg_neg
2.922543508,-859,-652,-652,neg_neg
2.924534005,-861,-652,-652,neg_neg
2.926550664,-863,-651,-651,neg_neg
2.928552746,-864,-651,-651,neg_neg
2.930570183,-866,-651,-651,neg_neg
2.932535729,-867,-651,-651,neg_neg
2.934567601,-869,-651,-651,neg_neg
2.936490345,-870,-651,-651,neg_neg
2.938491947,-872,-651,-651,neg_neg
2.940491143,-873,-651,-651,neg_neg
2.942470023,-875,-652,-652,neg_neg
2.944453654,-877,-652,-652,neg_neg
2.946419867,-879,-653,-653,neg_neg
2.94846846,-880,-654,-654,neg_neg
2.950507469,-882,-654,-654,neg_neg
2.952526841,-883,-655,-655,neg_neg
2.954515305,-885,-656,-656,neg_neg
2.956517565,-886,-657,-657,neg_neg
2.958422178,-888,-658,-658,neg_neg
2.960414192,-889,-660,-660,neg_neg
2.962484904,-890,-661,-661,neg_neg
2.964432179,-892,-662,-662,neg_neg
2.966421667,-893,-664,-664,neg_neg
2.968516308,-894,-666,-666,neg_neg
2.9704423,-895,-667,-667,neg_neg
2.972394794,-897,-669,-669,neg_neg
2.974353027,-898,-671,-671,neg_neg
2.976365525,-899,-673,-673,neg_neg
2.978485487,-901,-675,-675,neg_neg
2.980445007,-902,-676,-676,neg_neg
2.982370214,-903,-678,-678,neg_neg
2.984332693,-904,-680,-680,neg_neg
2.986353937,-905,-682,-682,neg_neg
2.988360129,-906,-683,-683,neg_neg
2.99038932,-907,-685,-685,neg_neg
2.992411466,-908,-687,-687,neg_neg
2.994471677,-909,-689,-689,neg_neg
2.996406194,-910,-691,-691,neg_neg
2.998377296,-910,-692,-692,neg_neg
3.000358894,-911,-694,-694,neg_neg
3.002434725,-912,-696,-696,neg_neg
3.004358483,-912,-697,-697,neg_neg
3.006416714,-913,-698,-698,neg_neg
3.008422397,-913,-699,-699,neg_neg
3.010368018,-914,-700,-700,neg_neg
3.012441489,-915,-702,-702,neg_neg
3.014304611,-915,-702,-702,neg_neg
3.016363656,-916,-703,-703,neg_neg
3.018306389,-916,-703,-703,neg_neg
3.020308372,-917,-704,-704,neg_neg
3.022320607,-917,-704,-704,neg_neg
3.02444621,-918,-705,-705,neg_neg
3.026387887,-919,-705,-705,neg_neg
3.028334421,-919,-705,-705,neg_neg
3.030340039,-920,-705,-705,neg_neg
3.032318378,-921,-706,-706,neg_neg
3.034321662,-922,-706,-706,neg_neg
3.036314434,-923,-706,-706,neg_neg
3.038363494,-923,-706,-706,neg_neg
3.040275459,-924,-706,-706,neg_neg
3.042334869,-925,-706,-706,neg_neg
3.044305265,-926,-706,-706,neg_neg
3.046285374,-927,-706,-706,neg_neg
3.048272705,-930,-706,-706,neg_neg
3.05028954,-931,-706,-706,neg_neg
3.052232034,-932,-706,-706,neg_neg
3.054252562,-933,-706,-706,neg_neg
3.056199593,-935,-706,-706,neg_neg
3.058323931,-936,-706,-706,neg_neg
3.060308007,-937,-707,-707,neg_neg
3.062301483,-939,-707,-707,neg_neg
3.064288004,-940,-707,-707,neg_neg
3.066396202,-942,-708,-708,neg_neg
3.068278399,-943,-708,-708,neg_neg
3.070238715,-944,-709,-709,neg_neg
3.072208006,-946,-709,-709,neg_neg
3.074211445,-947,-710,-710,neg_neg
3.076188649,-949,-711,-711,neg_neg
3.078252077,-950,-711,-711,neg_neg
3.080230814,-952,-713,-713,neg_neg
3.082229262,-953,-714,-714,neg_neg
3.08422229,-954,-715,-715,neg_neg
3.086210839,-956,-716,-716,neg_neg
3.088224489,-958,-717,-717,neg_neg
3.090191957,-959,-719,-719,neg_neg
3.092163818,-960,-720,-720,neg_neg
3.09419065,-961,-722,-722,neg_neg
3.096193717,-963,-723,-723,neg_neg
3.098197537,-964,-724,-724,neg_neg
3.100141556,-966,-726,-726,neg_neg
3.102140392,-966,-728,-728,neg_neg
3.104137789,-967,-729,-729,neg_neg
3.106149257,-968,-730,-730,neg_neg
3.10816057,-969,-732,-732,neg_neg
3.110160628,-970,-733,-733,neg_neg
3.11223322,-971,-735,-735,neg_neg
3.114172384,-972,-737,-737,neg_neg
3.116124565,-973,-738,-738,neg_neg
3.118140557,-973,-740,-740,neg_neg
3.120156239,-974,-742,-742,neg_neg
3.122091099,-974,-744,-744,neg_neg
3.124106037,-975,-746,-746,neg_neg
3.126146826,-976,-747,-747,neg_neg
3.128092428,-976,-749,-749,neg_neg
3.130140718,-977,-750,-750,neg_neg
3.132078794,-977,-752,-752,neg_neg
3.134107798,-978,-754,-754,neg_neg
3.136053531,-978,-755,-755,neg_neg
3.13813851,-978,-757,-757,neg_neg
3.140148249,-979,-758,-758,neg_neg
3.142138634,-980,-759,-759,neg_neg
3.144014623,-980,-760,-760,neg_neg
3.146036114,-980,-761,-761,neg_neg
3.148067766,-981,-762,-762,neg_neg
3.150074277,-982,-763,-763,neg_neg
3.152084533,-983,-764,-764,neg_neg
3.154143659,-983,-764,-764,neg_neg
3.156130828,-984,-764,-764,neg_neg
3.158118316,-985,-765,-765,neg_neg
3.160095899,-986,-765,-765,neg_neg
3.162081202,-988,-765,-765,neg_neg
3.164071122,-989,-765,-765,neg_neg
3.166100106,-990,-765,-765,neg_neg
3.168126012,-991,-765,-765,neg_neg
3.170096165,-993,-765,-765,neg_neg
3.17207852,-995,-765,-765,neg_neg
3.174011927,-997,-765,-765,neg_neg
3.176025878,-997,-765,-765,neg_neg
3.177965918,-1000,-765,-765,neg_neg
3.179967426,-1001,-765,-765,neg_neg
3.181963615,-1002,-765,-765,neg_neg
3.1839502,-1004,-764,-764,neg_neg
3.185932842,-1005,-765,-765,neg_neg
3.187925054,-1007,-765,-765,neg_neg
3.190012251,-1009,-765,-765,neg_neg
3.192035964,-1010,-765,-765,neg_neg
3.194014144,-1012,-765,-765,neg_neg
3.195986292,-1014,-765,-765,neg_neg
3.198104498,-1016,-765,-765,neg_neg
3.200118849,-1017,-765,-765,neg_neg
3.202100473,-1019,-765,-765,neg_neg
3.204019333,-1021,-766,-766,neg_neg
3.206075859,-1023,-766,-766,neg_neg
3.208126014,-1025,-767,-767,neg_neg
3.210035595,-1026,-767,-767,neg_neg
3.212063611,-1027,-768,-768,neg_neg
3.214055586,-1029,-769,-769,neg_neg
3.215997359,-1030,-770,-770,neg_neg
3.218014235,-1031,-771,-771,neg_neg
3.220024132,-1033,-772,-772,neg_neg
3.221966563,-1034,-773,-773,neg_neg
3.223990069,-1035,-774,-774,neg_neg
3.225960757,-1036,-776,-776,neg_neg
3.227971425,-1037,-777,-777,neg_neg
3.229958532,-1038,-778,-778,neg_neg
3.231881524,-1039,-779,-779,neg_neg
3.233844578,-1040,-780,-780,neg_neg
3.235813491,-1041,-781,-781,neg_neg
3.23784205,-1042,-782,-782,neg_neg
3.239800184,-1042,-783,-783,neg_neg
3.241818908,-1043,-784,-784,neg_neg
3.242866383,-1044,-784,-784,neg_neg
3.244866439,-1044,-785,-785,neg_neg
3.246826423,-1045,-786,-786,neg_neg
3.248807179,-1045,-787,-787,neg_neg
3.250830602,-1046,-788,-788,neg_neg
3.252766025,-1046,-789,-789,neg_neg
3.2547716,-1047,-790,-790,neg_neg
3.25683411,-1047,-791,-791,neg_neg
3.258777496,-1048,-792,-792,neg_neg
3.260772834,-1048,-793,-793,neg_neg
3.262807139,-1049,-794,-794,neg_neg
3.264776518,-1050,-795,-795,neg_neg
3.266790271,-1050,-796,-796,neg_neg
3.268770373,-1051,-797,-797,neg_neg
3.2708384,-1051,-799,-799,neg_neg
3.272822048,-1052,-799,-799,neg_neg
3.274874812,-1052,-800,-800,neg_neg
3.276835514,-1053,-801,-801,neg_neg
3.278821161,-1054,-802,-802,neg_neg
3.280867887,-1054,-802,-802,neg_neg
3.282813987,-1055,-803,-803,neg_neg
3.284789609,-1056,-803,-803,neg_neg
3.286841917,-1057,-803,-803,neg_neg
3.288839414,-1057,-804,-804,neg_neg
3.29088683,-1058,-804,-804,neg_neg
3.29291202,-1059,-804,-804,neg_neg
3.294902855,-1059,-804,-804,neg_neg
3.296813556,-1060,-804,-804,neg_neg
3.298776918,-1061,-804,-804,neg_neg
3.300803723,-1062,-804,-804,neg_neg
3.302830432,-1063,-804,-804,neg_neg
3.304870971,-1065,-804,-804,neg_neg
3.306864908,-1065,-804,-804,neg_neg
3.308841198,-1066,-804,-804,neg_neg
3.310760653,-1068,-804,-804,neg_neg
3.312777159,-1069,-804,-804,neg_neg
3.314823181,-1070,-804,-804,neg_neg
3.316788893,-1072,-804,-804,neg_neg
3.318852362,-1073,-805,-805,neg_neg
3.320745663,-1074,-805,-805,neg_neg
3.322791025,-1076,-805,-805,neg_neg
3.32484497,-1077,-806,-806,neg_neg
3.326799582,-1079,-807,-807,neg_neg
3.328705057,-1080,-807,-807,neg_neg
3.330694051,-1081,-808,-808,neg_neg
3.332705111,-1083,-808,-808,neg_neg
3.334730001,-1084,-809,-809,neg_neg
3.336779608,-1085,-810,-810,neg_neg
3.338731355,-1087,-812,-812,neg_neg
3.340748048,-1088,-813,-813,neg_neg
3.342707249,-1089,-814,-814,neg_neg
3.344803184,-1091,-815,-815,neg_neg
3.346745179,-1092,-816,-816,neg_neg
3.348707236,-1094,-818,-818,neg_neg
3.350735133,-1095,-820,-820,neg_neg
3.352823864,-1096,-821,-821,neg_neg
3.354748684,-1097,-823,-823,neg_neg
3.356819965,-1099,-824,-824,neg_neg
3.358749584,-1100,-826,-826,neg_neg
3.360865431,-1101,-828,-828,neg_neg
3.362824989,-1102,-830,-830,neg_neg
3.364787642,-1103,-832,-832,neg_neg
3.366754736,-1104,-833,-833,neg_neg
3.36870348,-1106,-835,-835,neg_neg
3.37072648,-1107,-837,-837,neg_neg
3.372740967,-1108,-839,-839,neg_neg
3.374662836,-1109,-841,-841,neg_neg
3.376638569,-1109,-842,-842,neg_neg
3.378650165,-1111,-844,-844,neg_neg
3.380654166,-1111,-846,-846,neg_neg
3.38280417,-1113,-848,-848,neg_neg
3.384789664,-1114,-849,-849,neg_neg
3.386639896,-1115,-851,-851,neg_neg
3.388588529,-1116,-852,-852,neg_neg
3.390654951,-1117,-854,-854,neg_neg
3.392647698,-1117,-855,-855,neg_neg
3.394636971,-1118,-857,-857,neg_neg
3.396700105,-1121,-858,-858,neg_neg
3.398657792,-1122,-858,-858,neg_neg
3.400596347,-1123,-859,-859,neg_neg
3.402627272,-1124,-860,-860,neg_neg
3.40464288,-1125,-861,-861,neg_neg
3.406627946,-1126,-861,-861,neg_neg
3.408636561,-1128,-862,-862,neg_neg
3.410633689,-1129,-862,-862,neg_neg
3.412615041,-1130,-862,-862,neg_neg
3.414633942,-1132,-862,-862,neg_neg
3.416632022,-1133,-862,-862,neg_neg
3.418609057,-1134,-862,-862,neg_neg
3.420616556,-1136,-862,-862,neg_neg
3.422683877,-1137,-862,-862,neg_neg
3.424617351,-1139,-862,-862,neg_neg
3.426590902,-1140,-863,-863,neg_neg
3.428603894,-1142,-863,-863,neg_neg
3.430612897,-1144,-863,-863,neg_neg
3.432515475,-1145,-863,-863,neg_neg
3.434612813,-1146,-863,-863,neg_neg
3.436575452,-1148,-863,-863,neg_neg
3.43862629,-1150,-863,-863,neg_neg
3.44058408,-1151,-863,-863,neg_neg
3.442602802,-1152,-863,-863,neg_neg
3.444624413,-1154,-864,-864,neg_neg
3.446533474,-1156,-864,-864,neg_neg
3.448532208,-1157,-864,-864,neg_neg
3.450565999,-1158,-864,-864,neg_neg
3.452518363,-1160,-864,-864,neg_neg
3.454536751,-1161,-864,-864,neg_neg
3.456482544,-1162,-865,-865,neg_neg
3.458506632,-1164,-865,-865,neg_neg
3.460521339,-1165,-865,-865,neg_neg
3.462480146,-1166,-865,-865,neg_neg
3.464498232,-1168,-866,-866,neg_neg
3.466467641,-1170,-866,-866,neg_neg
3.468502599,-1171,-867,-867,neg_neg
3.470455649,-1172,-868,-868,neg_neg
3.472453816,-1174,-869,-869,neg_neg
3.474435639,-1175,-870,-870,neg_neg
3.476478717,-1177,-871,-871,neg_neg
3.478458525,-1178,-872,-872,neg_neg
3.480462342,-1180,-873,-873,neg_neg
3.482459582,-1181,-874,-874,neg_neg
3.484439055,-1182,-876,-876,neg_neg
3.486441937,-1184,-876,-876,neg_neg
3.488465698,-1185,-878,-878,neg_neg
3.490482541,-1187,-879,-879,neg_neg
3.492464339,-1188,-880,-880,neg_neg
3.49439614,-1189,-882,-882,neg_neg
3.496445732,-1190,-883,-883,neg_neg
3.498402986,-1191,-884,-884,neg_neg
3.500403399,-1193,-885,-885,neg_neg
3.502397642,-1193,-886,-886,neg_neg
3.504418484,-1195,-887,-887,neg_neg
3.506439475,-1196,-888,-888,neg_neg
3.508417918,-1197,-889,-889,neg_neg
3.510412272,-1198,-890,-890,neg_neg
3.512397203,-1199,-890,-890,neg_neg
3.514475034,-1200,-891,-891,neg_neg
3.516428271,-1201,-891,-891,neg_neg
3.51836705,-1202,-891,-891,neg_neg
3.520384388,-1203,-892,-892,neg_neg
3.522354037,-1204,-892,-892,neg_neg
3.524390342,-1204,-893,-893,neg_neg
3.526387713,-1206,-893,-893,neg_neg
3.528390001,-1207,-894,-894,neg_neg
3.530336667,-1208,-895,-895,neg_neg
3.53237653,-1208,-896,-896,neg_neg
3.534327703,-1209,-896,-896,neg_neg
3.536371771,-1210,-897,-897,neg_neg
3.538365877,-1211,-898,-898,neg_neg
3.540302089,-1212,-899,-899,neg_neg
3.542369291,-1213,-900,-900,neg_neg
3.544292298,-1214,-901,-901,neg_neg
3.546302658,-1215,-902,-902,neg_neg
3.548327552,-1215,-903,-903,neg_neg
3.55029164,-1216,-904,-904,neg_neg
3.552296695,-1217,-906,-906,neg_neg
3.554275539,-1218,-907,-907,neg_neg
3.556315824,-1219,-908,-908,neg_neg
3.558357935,-1219,-909,-909,neg_neg
3.560354567,-1220,-911,-911,neg_neg
3.562273516,-1221,-912,-912,neg_neg
3.564321182,-1222,-913,-913,neg_neg
3.566289395,-1222,-914,-914,neg_neg
3.568306659,-1223,-916,-916,neg_neg
3.570268541,-1224,-917,-917,neg_neg
3.572247376,-1225,-919,-919,neg_neg
3.57432059,-1226,-920,-920,neg_neg
3.576292129,-1227,-921,-921,neg_neg
3.57826019,-1228,-923,-923,neg_neg
3.580261716,-1229,-924,-924,neg_neg
3.582317745,-1230,-925,-925,neg_neg
3.584362513,-1231,-926,-926,neg_neg
3.586371429,-1232,-928,-928,neg_neg
3.588363096,-1234,-929,-929,neg_neg
3.590301474,-1235,-930,-930,neg_neg
3.592246674,-1236,-932,-932,neg_neg
3.59423565,-1237,-933,-933,neg_neg
3.596255075,-1238,-934,-934,neg_neg
3.598293906,-1239,-935,-935,neg_neg
3.600279221,-1240,-936,-936,neg_neg
3.602268665,-1241,-937,-937,neg_neg
3.604205803,-1242,-937,-937,neg_neg
3.606215442,-1243,-938,-938,neg_neg
3.608190502,-1244,-939,-939,neg_neg
3.610281801,-1245,-940,-940,neg_neg
3.612211232,-1246,-940,-940,neg_neg
3.614192255,-1247,-941,-941,neg_neg
3.616272209,-1249,-941,-941,neg_neg
3.618157713,-1250,-942,-942,neg_neg
3.620287057,-1250,-943,-943,neg_neg
3.622219868,-1251,-944,-944,neg_neg
3.624187643,-1252,-945,-945,neg_neg
3.626205672,-1253,-945,-945,neg_neg
3.628167872,-1253,-946,-946,neg_neg
3.630154552,-1254,-947,-947,neg_neg
3.632165392,-1255,-948,-948,neg_neg
3.634147809,-1256,-949,-949,neg_neg
3.636209663,-1257,-949,-949,neg_neg
3.638199276,-1257,-950,-950,neg_neg
3.640234914,-1258,-951,-951,neg_neg
3.642196129,-1259,-952,-952,neg_neg
3.64424896,-1260,-953,-953,neg_neg
3.646190321,-1261,-954,-954,neg_neg
3.64815872,-1261,-955,-955,neg_neg
3.650148924,-1262,-955,-955,neg_neg
3.652178293,-1263,-957,-957,neg_neg
3.654249295,-1264,-958,-958,neg_neg
3.656198723,-1265,-959,-959,neg_neg
3.658128891,-1265,-960,-960,neg_neg
3.660173174,-1266,-962,-962,neg_neg
3.662166591,-1267,-963,-963,neg_neg
3.664175823,-1268,-964,-964,neg_neg
3.666128401,-1269,-964,-964,neg_neg
3.668096445,-1269,-966,-966,neg_neg
3.670105014,-1270,-967,-967,neg_neg
3.672092045,-1272,-968,-968,neg_neg
3.674056739,-1272,-969,-969,neg_neg
3.676115048,-1273,-970,-970,neg_neg
3.678104852,-1274,-970,-970,neg_neg
3.680114965,-1275,-971,-971,neg_neg
3.682169076,-1277,-971,-971,neg_neg
3.684177242,-1278,-972,-972,neg_neg
3.686147373,-1279,-972,-972,neg_neg
3.688265389,-1279,-973,-973,neg_neg
3.690118081,-1280,-973,-973,neg_neg
3.69216523,-1281,-974,-974,neg_neg
3.694092847,-1282,-974,-974,neg_neg
3.696082368,-1282,-974,-974,neg_neg
3.698110068,-1284,-975,-975,neg_neg
3.700095482,-1285,-975,-975,neg_neg
3.702069765,-1286,-976,-976,neg_neg
3.704054317,-1287,-976,-976,neg_neg
3.706050838,-1288,-977,-977,neg_neg
3.708005728,-1289,-977,-977,neg_neg
3.710034593,-1290,-978,-978,neg_neg
3.711996281,-1292,-978,-978,neg_neg
3.713984212,-1293,-979,-979,neg_neg
3.716019475,-1294,-979,-979,neg_neg
3.71795995,-1295,-980,-980,neg_neg
3.719992372,-1296,-981,-981,neg_neg
3.721998625,-1298,-981,-981,neg_neg
3.724025313,-1299,-982,-982,neg_neg
3.725949549,-1300,-983,-983,neg_neg
3.727959043,-1301,-984,-984,neg_neg
3.730004505,-1302,-985,-985,neg_neg
3.73201644,-1303,-986,-986,neg_neg
3.734009219,-1304,-987,-987,neg_neg
3.736010084,-1305,-988,-988,neg_neg
3.737999638,-1306,-989,-989,neg_neg
3.74000534,-1307,-990,-990,neg_neg
3.74205702,-1308,-992,-992,neg_neg
3.743975931,-1309,-993,-993,neg_neg
3.746028135,-1310,-994,-994,neg_neg
3.748033547,-1311,-995,-995,neg_neg
3.750074244,-1312,-996,-996,neg_neg
3.751959958,-1313,-998,-998,neg_neg
3.754017607,-1314,-999,-999,neg_neg
3.755970765,-1315,-1000,-1000,neg_neg
3.75802439,-1317,-1001,-1001,neg_neg
3.759956602,-1318,-1002,-1002,neg_neg
3.761957634,-1319,-1004,-1004,neg_neg
3.763931397,-1320,-1005,-1005,neg_neg
3.765935422,-1321,-1006,-1006,neg_neg
3.767943821,-1322,-1007,-1007,neg_neg
3.769970764,-1323,-1009,-1009,neg_neg
3.771935872,-1323,-1010,-1010,neg_neg
3.77393246,-1325,-1011,-1011,neg_neg
3.775911642,-1326,-1012,-1012,neg_neg
3.777940807,-1327,-1013,-1013,neg_neg
3.779896954,-1328,-1014,-1014,neg_neg
3.781915795,-1329,-1015,-1015,neg_neg
3.783941152,-1329,-1017,-1017,neg_neg
3.785893615,-1330,-1018,-1018,neg_neg
3.78791324,-1331,-1019,-1019,neg_neg
3.789960779,-1332,-1020,-1020,neg_neg
3.791882564,-1333,-1021,-1021,neg_neg
3.7938925,-1334,-1022,-1022,neg_neg
3.795935883,-1335,-1023,-1023,neg_neg
3.797888329,-1336,-1024,-1024,neg_neg
3.799858202,-1337,-1025,-1025,neg_neg
3.801905874,-1338,-1026,-1026,neg_neg
3.803929639,-1339,-1026,-1026,neg_neg
3.805919894,-1340,-1027,-1027,neg_neg
3.807911377,-1341,-1027,-1027,neg_neg
3.809973923,-1342,-1028,-1028,neg_neg
3.811934985,-1343,-1028,-1028,neg_neg
3.81394086,-1345,-1028,-1028,neg_neg
3.815934969,-1346,-1028,-1028,neg_neg
3.817919313,-1347,-1028,-1028,neg_neg
3.81992634,-1348,-1028,-1028,neg_neg
3.821896344,-1348,-1028,-1028,neg_neg
3.823903465,-1350,-1028,-1028,neg_neg
3.825924174,-1351,-1028,-1028,neg_neg
3.828053283,-1352,-1028,-1028,neg_neg
3.829849226,-1354,-1028,-1028,neg_neg
3.831980829,-1355,-1028,-1028,neg_neg
3.833846228,-1356,-1028,-1028,neg_neg
3.835819894,-1357,-1028,-1028,neg_neg
3.837926427,-1358,-1028,-1028,neg_neg
3.839866204,-1360,-1028,-1028,neg_neg
3.841934167,-1361,-1028,-1028,neg_neg
3.843820112,-1362,-1028,-1028,neg_neg
3.845852813,-1364,-1028,-1028,neg_neg
3.848078005,-1365,-1028,-1028,neg_neg
3.849940188,-1366,-1029,-1029,neg_neg
3.851932309,-1367,-1029,-1029,neg_neg
3.853820316,-1369,-1030,-1030,neg_neg
3.855793513,-1370,-1030,-1030,neg_neg
3.857773416,-1372,-1031,-1031,neg_neg
3.859942286,-1373,-1032,-1032,neg_neg
3.861808658,-1374,-1033,-1033,neg_neg
3.864002321,-1376,-1034,-1034,neg_neg
3.865792353,-1378,-1035,-1035,neg_neg
3.867784301,-1379,-1036,-1036,neg_neg
3.869845347,-1380,-1037,-1037,neg_neg
3.871849539,-1382,-1039,-1039,neg_neg
3.873810828,-1384,-1041,-1041,neg_neg
3.875756032,-1385,-1042,-1042,neg_neg
3.877775506,-1386,-1044,-1044,neg_neg
3.879748681,-1387,-1046,-1046,neg_neg
3.881791964,-1388,-1048,-1048,neg_neg
3.883773865,-1390,-1049,-1049,neg_neg
3.885767431,-1391,-1051,-1051,neg_neg
3.887785653,-1392,-1053,-1053,neg_neg
3.889746782,-1393,-1055,-1055,neg_neg
3.891756542,-1394,-1057,-1057,neg_neg
3.893750206,-1395,-1059,-1059,neg_neg
3.895715252,-1396,-1061,-1061,neg_neg
3.897755599,-1397,-1063,-1063,neg_neg
3.899745049,-1398,-1064,-1064,neg_neg
3.901744353,-1399,-1067,-1067,neg_neg
3.903783148,-1399,-1069,-1069,neg_neg
3.905736804,-1400,-1070,-1070,neg_neg
3.907722627,-1401,-1072,-1072,neg_neg
3.909753295,-1401,-1074,-1074,neg_neg
3.911713335,-1402,-1076,-1076,neg_neg
3.91372661,-1403,-1077,-1077,neg_neg
3.91569661,-1403,-1079,-1079,neg_neg
3.917696643,-1404,-1081,-1081,neg_neg
3.919668755,-1404,-1082,-1082,neg_neg
3.921778796,-1405,-1083,-1083,neg_neg
3.923688744,-1405,-1084,-1084,neg_neg
3.925715365,-1406,-1085,-1085,neg_neg
3.92768895,-1406,-1086,-1086,neg_neg
3.929657313,-1407,-1087,-1087,neg_neg
3.931697745,-1407,-1087,-1087,neg_neg
3.933621369,-1408,-1087,-1087,neg_neg
3.935702378,-1409,-1087,-1087,neg_neg
3.937740831,-1410,-1087,-1087,neg_neg
3.939729891,-1411,-1087,-1087,neg_neg
3.941640738,-1412,-1087,-1087,neg_neg
3.943639057,-1413,-1087,-1087,neg_neg
3.945647223,-1413,-1087,-1087,neg_neg
3.947689615,-1415,-1087,-1087,neg_neg
3.949688681,-1415,-1087,-1087,neg_neg
3.951640677,-1417,-1087,-1087,neg_neg
3.953617999,-1418,-1087,-1087,neg_neg
3.955628964,-1419,-1087,-1087,neg_neg
3.957620725,-1421,-1087,-1087,neg_neg
3.959614007,-1422,-1087,-1087,neg_neg
3.961597863,-1424,-1087,-1087,neg_neg
3.963610777,-1425,-1087,-1087,neg_neg
3.965620731,-1427,-1087,-1087,neg_neg
3.967591452,-1429,-1087,-1087,neg_neg
3.969599911,-1430,-1087,-1087,neg_neg
3.971595761,-1432,-1087,-1087,neg_neg
3.973603805,-1434,-1088,-1088,neg_neg
3.975596664,-1435,-1088,-1088,neg_neg
3.977609104,-1437,-1089,-1089,neg_neg
3.97958399,-1439,-1090,-1090,neg_neg
3.981606563,-1440,-1090,-1090,neg_neg
3.983608735,-1442,-1091,-1091,neg_neg
3.985525312,-1444,-1092,-1092,neg_neg
3.987582046,-1446,-1093,-1093,neg_neg
3.989496434,-1447,-1094,-1094,neg_neg
3.991470715,-1449,-1095,-1095,neg_neg
3.993486835,-1451,-1097,-1097,neg_neg
3.995498924,-1453,-1098,-1098,neg_neg
3.997493939,-1454,-1100,-1100,neg_neg
3.999519378,-1456,-1102,-1102,neg_neg
4.001573414,-1458,-1104,-1104,neg_neg
4.003535625,-1459,-1105,-1105,neg_neg
4.005550483,-1461,-1107,-1107,neg_neg
4.007590912,-1462,-1109,-1109,neg_neg
4.009450513,-1463,-1111,-1111,neg_neg
4.011448442,-1464,-1113,-1113,neg_neg
4.013461515,-1466,-1115,-1115,neg_neg
4.015551386,-1467,-1117,-1117,neg_neg
4.017503888,-1468,-1119,-1119,neg_neg
4.019425865,-1469,-1121,-1121,neg_neg
4.021485198,-1470,-1124,-1124,neg_neg
4.023438775,-1471,-1126,-1126,neg_neg
4.025500768,-1472,-1128,-1128,neg_neg
4.027473438,-1473,-1131,-1131,neg_neg
4.029449991,-1475,-1133,-1133,neg_neg
4.031401963,-1475,-1135,-1135,neg_neg
4.033356834,-1476,-1137,-1137,neg_neg
4.035354548,-1477,-1139,-1139,neg_neg
4.037469224,-1478,-1141,-1141,neg_neg
4.039392372,-1479,-1143,-1143,neg_neg
4.041510834,-1479,-1144,-1144,neg_neg
4.043520126,-1480,-1146,-1146,neg_neg
4.045408129,-1481,-1147,-1147,neg_neg
4.047394211,-1482,-1148,-1148,neg_neg
4.049411051,-1483,-1149,-1149,neg_neg
4.051411053,-1483,-1150,-1150,neg_neg
4.053508217,-1484,-1151,-1151,neg_neg
4.055428924,-1485,-1151,-1151,neg_neg
4.057468597,-1486,-1152,-1152,neg_neg
4.059400033,-1487,-1152,-1152,neg_neg
4.061367614,-1488,-1153,-1153,neg_neg
4.063342854,-1489,-1153,-1153,neg_neg
4.065383665,-1490,-1153,-1153,neg_neg
4.067442073,-1491,-1153,-1153,neg_neg
4.069450353,-1492,-1153,-1153,neg_neg
4.071444612,-1493,-1153,-1153,neg_neg
4.073525846,-1494,-1153,-1153,neg_neg
4.075447883,-1496,-1153,-1153,neg_neg
4.077373798,-1497,-1152,-1152,neg_neg
4.079370193,-1498,-1152,-1152,neg_neg
4.081328117,-1499,-1152,-1152,neg_neg
4.083337971,-1501,-1152,-1152,neg_neg
4.085301079,-1502,-1152,-1152,neg_neg
4.087299539,-1503,-1152,-1152,neg_neg
4.089393339,-1505,-1152,-1152,neg_neg
4.091376843,-1506,-1152,-1152,neg_neg
4.093358182,-1508,-1152,-1152,neg_neg
4.095317952,-1510,-1152,-1152,neg_neg
4.097364579,-1511,-1152,-1152,neg_neg
4.099316397,-1513,-1152,-1152,neg_neg
4.101278555,-1514,-1152,-1152,neg_neg
4.103302934,-1516,-1152,-1152,neg_neg
4.105304285,-1517,-1153,-1153,neg_neg
4.107345989,-1519,-1153,-1153,neg_neg
4.109340133,-1520,-1153,-1153,neg_neg
4.11131165,-1522,-1153,-1153,neg_neg
4.113342923,-1524,-1154,-1154,neg_neg
4.115308882,-1525,-1154,-1154,neg_neg
4.117292069,-1527,-1155,-1155,neg_neg
4.119320615,-1528,-1156,-1156,neg_neg
4.121287674,-1530,-1157,-1157,neg_neg
4.123381554,-1532,-1159,-1159,neg_neg
4.125299292,-1534,-1160,-1160,neg_neg
4.127213495,-1535,-1162,-1162,neg_neg
4.129250526,-1537,-1163,-1163,neg_neg
4.131251099,-1539,-1165,-1165,neg_neg
4.133300139,-1540,-1167,-1167,neg_neg
4.135314824,-1542,-1169,-1169,neg_neg
4.137287892,-1543,-1171,-1171,neg_neg
4.139302814,-1545,-1173,-1173,neg_neg
4.141283321,-1546,-1176,-1176,neg_neg
4.143243033,-1548,-1178,-1178,neg_neg
4.145158961,-1549,-1181,-1181,neg_neg
4.147219212,-1550,-1183,-1183,neg_neg
4.149223581,-1551,-1186,-1186,neg_neg
4.151198565,-1552,-1189,-1189,neg_neg
4.153222199,-1553,-1191,-1191,neg_neg
4.155192186,-1555,-1194,-1194,neg_neg
4.157221676,-1556,-1197,-1197,neg_neg
4.159185383,-1557,-1200,-1200,neg_neg
4.161167307,-1558,-1202,-1202,neg_neg
4.163203898,-1560,-1205,-1205,neg_neg
4.165219607,-1561,-1207,-1207,neg_neg
4.167166774,-1561,-1209,-1209,neg_neg
4.169175389,-1563,-1212,-1212,neg_neg
4.171195002,-1564,-1214,-1214,neg_neg
4.173166621,-1565,-1215,-1215,neg_neg
4.175196654,-1566,-1217,-1217,neg_neg
4.177149622,-1567,-1218,-1218,neg_neg
4.179152308,-1569,-1219,-1219,neg_neg
4.181149626,-1570,-1220,-1220,neg_neg
4.183115421,-1571,-1221,-1221,neg_neg
4.185140946,-1572,-1222,-1222,neg_neg
4.187149014,-1573,-1222,-1222,neg_neg
4.189118332,-1575,-1223,-1223,neg_neg
4.191124972,-1575,-1223,-1223,neg_neg
4.193155303,-1576,-1223,-1223,neg_neg
4.195145132,-1577,-1223,-1223,neg_neg
4.197173662,-1578,-1223,-1223,neg_neg
4.199141551,-1580,-1223,-1223,neg_neg
4.20112973,-1581,-1223,-1223,neg_neg
4.203251019,-1581,-1223,-1223,neg_neg
4.205225492,-1583,-1223,-1223,neg_neg
4.20720611,-1585,-1223,-1223,neg_neg
4.209162158,-1586,-1223,-1223,neg_neg
4.211139909,-1588,-1223,-1223,neg_neg
4.213268828,-1589,-1223,-1223,neg_neg
4.215205264,-1591,-1223,-1223,neg_neg
4.217183126,-1593,-1223,-1223,neg_neg
4.219159496,-1595,-1223,-1223,neg_neg
4.221138084,-1597,-1223,-1223,neg_neg
4.223116764,-1598,-1223,-1223,neg_neg
4.225137402,-1600,-1223,-1223,neg_neg
4.227121601,-1603,-1223,-1223,neg_neg
4.229059152,-1605,-1223,-1223,neg_neg
4.23111168,-1607,-1223,-1223,neg_neg
4.233093131,-1609,-1223,-1223,neg_neg
4.235082219,-1610,-1223,-1223,neg_neg
4.23720808,-1613,-1223,-1223,neg_neg
4.239076669,-1615,-1224,-1224,neg_neg
4.241261863,-1617,-1224,-1224,neg_neg
4.243114248,-1620,-1225,-1225,neg_neg
4.245435552,-1622,-1226,-1226,neg_neg
4.247092875,-1625,-1227,-1227,neg_neg
4.249135278,-1626,-1228,-1228,neg_neg
4.251105079,-1628,-1229,-1229,neg_neg
4.252998905,-1631,-1230,-1230,neg_neg
4.255040386,-1632,-1232,-1232,neg_neg
4.257020977,-1634,-1234,-1234,neg_neg
4.259032898,-1636,-1235,-1235,neg_neg
4.261066657,-1639,-1238,-1238,neg_neg
4.263038101,-1641,-1240,-1240,neg_neg
4.265066169,-1643,-1242,-1242,neg_neg
4.267008328,-1645,-1245,-1245,neg_neg
4.269028632,-1647,-1248,-1248,neg_neg
4.271001385,-1649,-1251,-1251,neg_neg
4.273030989,-1651,-1254,-1254,neg_neg
4.275025057,-1653,-1257,-1257,neg_neg
4.277039061,-1655,-1260,-1260,neg_neg
4.279029475,-1657,-1264,-1264,neg_neg
4.281066169,-1659,-1267,-1267,neg_neg
4.283040017,-1660,-1270,-1270,neg_neg
4.285001725,-1662,-1274,-1274,neg_neg
4.286979237,-1664,-1277,-1277,neg_neg
4.28894398,-1666,-1280,-1280,neg_neg
4.291065466,-1667,-1282,-1282,neg_neg
4.29305032,-1669,-1285,-1285,neg_neg
4.295076185,-1670,-1288,-1288,neg_neg
4.29698769,-1671,-1290,-1290,neg_neg
4.299072456,-1672,-1293,-1293,neg_neg
4.300934661,-1673,-1295,-1295,neg_neg
4.30300064,-1674,-1297,-1297,neg_neg
4.304926683,-1675,-1299,-1299,neg_neg
4.306898222,-1676,-1300,-1300,neg_neg
4.308908265,-1677,-1302,-1302,neg_neg
4.310955729,-1678,-1303,-1303,neg_neg
4.312879044,-1679,-1303,-1303,neg_neg
4.314940594,-1680,-1304,-1304,neg_neg
4.316857194,-1681,-1305,-1305,neg_neg
4.318918854,-1682,-1305,-1305,neg_neg
4.32086416,-1683,-1305,-1305,neg_neg
4.322923407,-1684,-1305,-1305,neg_neg
4.324914821,-1685,-1305,-1305,neg_neg
4.326942021,-1686,-1305,-1305,neg_neg
4.328862581,-1687,-1305,-1305,neg_neg
4.3309032,-1689,-1304,-1304,neg_neg
4.332842186,-1690,-1304,-1304,neg_neg
4.334853749,-1691,-1303,-1303,neg_neg
4.336863386,-1693,-1303,-1303,neg_neg
4.338853687,-1694,-1303,-1303,neg_neg
4.340861887,-1697,-1302,-1302,neg_neg
4.342838874,-1698,-1302,-1302,neg_neg
4.344840528,-1700,-1302,-1302,neg_neg
4.346930321,-1702,-1302,-1302,neg_neg
4.348966563,-1704,-1301,-1301,neg_neg
4.350947695,-1705,-1301,-1301,neg_neg
4.35293839,-1707,-1301,-1301,neg_neg
4.354857346,-1709,-1301,-1301,neg_neg
4.356912136,-1711,-1301,-1301,neg_neg
4.358927201,-1713,-1301,-1301,neg_neg
4.360863074,-1715,-1302,-1302,neg_neg
4.362817228,-1717,-1302,-1302,neg_neg
4.364834486,-1719,-1302,-1302,neg_neg
4.366834749,-1721,-1303,-1303,neg_neg
4.368894644,-1723,-1303,-1303,neg_neg
4.370860187,-1725,-1304,-1304,neg_neg
4.372829737,-1727,-1305,-1305,neg_neg
4.374838911,-1730,-1306,-1306,neg_neg
4.376781908,-1732,-1308,-1308,neg_neg
4.378811489,-1733,-1309,-1309,neg_neg
4.381173031,-1735,-1311,-1311,neg_neg
4.382829233,-1738,-1312,-1312,neg_neg
4.384866515,-1739,-1314,-1314,neg_neg
4.386775607,-1741,-1316,-1316,neg_neg
4.3890085,-1743,-1318,-1318,neg_neg
4.390781677,-1745,-1320,-1320,neg_neg
4.39298161,-1747,-1322,-1322,neg_neg
4.394732281,-1749,-1324,-1324,neg_neg
4.396845728,-1751,-1327,-1327,neg_neg
4.398775666,-1753,-1329,-1329,neg_neg
4.400886302,-1755,-1332,-1332,neg_neg
4.402761607,-1756,-1334,-1334,neg_neg
4.404733297,-1757,-1337,-1337,neg_neg
4.406772323,-1759,-1339,-1339,neg_neg
4.408731485,-1761,-1343,-1343,neg_neg
4.410778409,-1762,-1345,-1345,neg_neg
4.412744352,-1763,-1348,-1348,neg_neg
4.414735748,-1764,-1350,-1350,neg_neg
4.416712487,-1766,-1353,-1353,neg_neg
4.418736911,-1767,-1356,-1356,neg_neg
4.420815188,-1768,-1358,-1358,neg_neg
4.422715374,-1769,-1361,-1361,neg_neg
4.424724991,-1770,-1363,-1363,neg_neg
4.426814532,-1771,-1365,-1365,neg_neg
4.428809653,-1772,-1367,-1367,neg_neg
4.430730288,-1773,-1369,-1369,neg_neg
4.432736569,-1774,-1371,-1371,neg_neg
4.4347081,-1775,-1372,-1372,neg_neg
4.436744841,-1776,-1374,-1374,neg_neg
4.438718301,-1777,-1375,-1375,neg_neg
4.440710053,-1778,-1376,-1376,neg_neg
4.442772526,-1779,-1377,-1377,neg_neg
4.444730501,-1780,-1378,-1378,neg_neg
4.446759573,-1780,-1378,-1378,neg_neg
4.44876088,-1781,-1379,-1379,neg_neg
4.4508146,-1782,-1380,-1380,neg_neg
4.45268137,-1783,-1380,-1380,neg_neg
4.454687524,-1784,-1380,-1380,neg_neg
4.456695236,-1785,-1380,-1380,neg_neg
4.458701762,-1786,-1380,-1380,neg_neg
4.460657975,-1788,-1380,-1380,neg_neg
4.462698973,-1789,-1380,-1380,neg_neg
4.464735472,-1790,-1380,-1380,neg_neg
4.466696,-1791,-1380,-1380,neg_neg
4.468712269,-1792,-1380,-1380,neg_neg
4.470734393,-1794,-1380,-1380,neg_neg
4.472704899,-1795,-1380,-1380,neg_neg
4.474700693,-1797,-1380,-1380,neg_neg
4.476692426,-1798,-1380,-1380,neg_neg
4.478728792,-1800,-1380,-1380,neg_neg
4.480697686,-1802,-1380,-1380,neg_neg
4.482761625,-1803,-1380,-1380,neg_neg
4.484761057,-1805,-1380,-1380,neg_neg
4.48670952,-1807,-1380,-1380,neg_neg
4.488651338,-1809,-1380,-1380,neg_neg
4.490637808,-1811,-1380,-1380,neg_neg
4.492692039,-1812,-1380,-1380,neg_neg
4.494610713,-1814,-1381,-1381,neg_neg
4.496727461,-1816,-1381,-1381,neg_neg
4.49869785,-1818,-1382,-1382,neg_neg
4.500688909,-1819,-1383,-1383,neg_neg
4.502606627,-1822,-1384,-1384,neg_neg
4.504635424,-1824,-1385,-1385,neg_neg
4.506656504,-1825,-1386,-1386,neg_neg
4.508648083,-1827,-1387,-1387,neg_neg
4.510649114,-1830,-1389,-1389,neg_neg
4.512621987,-1832,-1390,-1390,neg_neg
4.514597249,-1833,-1392,-1392,neg_neg
4.516638848,-1835,-1394,-1394,neg_neg
4.518640903,-1837,-1396,-1396,neg_neg
4.520609983,-1839,-1398,-1398,neg_neg
4.522585293,-1841,-1401,-1401,neg_neg
4.524615051,-1843,-1403,-1403,neg_neg
4.526545774,-1845,-1405,-1405,neg_neg
4.528604924,-1846,-1408,-1408,neg_neg
4.530577071,-1848,-1410,-1410,neg_neg
4.532574362,-1850,-1413,-1413,neg_neg
4.534596367,-1852,-1416,-1416,neg_neg
4.536582893,-1854,-1418,-1418,neg_neg
4.538624441,-1855,-1421,-1421,neg_neg
4.540614164,-1857,-1424,-1424,neg_neg
4.542638092,-1858,-1427,-1427,neg_neg
4.544701901,-1860,-1429,-1429,neg_neg
4.54665026,-1861,-1432,-1432,neg_neg
4.548501296,-1863,-1435,-1435,neg_neg
4.550485894,-1864,-1438,-1438,neg_neg
4.552453599,-1865,-1440,-1440,neg_neg
4.554457797,-1867,-1443,-1443,neg_neg
4.556513529,-1868,-1446,-1446,neg_neg
4.558492889,-1869,-1448,-1448,neg_neg
4.560505236,-1870,-1451,-1451,neg_neg
4.562537947,-1872,-1454,-1454,neg_neg
4.564562382,-1872,-1456,-1456,neg_neg
4.566515198,-1874,-1459,-1459,neg_neg
4.56851644,-1875,-1461,-1461,neg_neg
4.570468937,-1875,-1463,-1463,neg_neg
4.572461076,-1876,-1465,-1465,neg_neg
4.574457097,-1877,-1466,-1466,neg_neg
4.576511137,-1878,-1468,-1468,neg_neg
4.578471837,-1879,-1469,-1469,neg_neg
4.580451027,-1879,-1470,-1470,neg_neg
4.582496546,-1880,-1471,-1471,neg_neg
4.584421122,-1881,-1471,-1471,neg_neg
4.586420877,-1882,-1472,-1472,neg_neg
4.588417486,-1883,-1472,-1472,neg_neg
4.590451469,-1884,-1472,-1472,neg_neg
4.592382748,-1886,-1472,-1472,neg_neg
4.59442978,-1887,-1472,-1472,neg_neg
4.596389531,-1888,-1472,-1472,neg_neg
4.598428165,-1889,-1471,-1471,neg_neg
4.600432078,-1890,-1471,-1471,neg_neg
4.602450099,-1891,-1471,-1471,neg_neg
4.604411651,-1893,-1470,-1470,neg_neg
4.606400525,-1894,-1470,-1470,neg_neg
4.60840757,-1896,-1470,-1470,neg_neg
4.610450706,-1897,-1469,-1469,neg_neg
4.612434239,-1899,-1469,-1469,neg_neg
4.614442436,-1900,-1469,-1469,neg_neg
4.616451336,-1902,-1469,-1469,neg_neg
4.61843132,-1904,-1469,-1469,neg_neg
4.620437748,-1905,-1469,-1469,neg_neg
4.622504938,-1908,-1469,-1469,neg_neg
4.62446463,-1910,-1469,-1469,neg_neg
4.626464725,-1912,-1469,-1469,neg_neg
4.62841739,-1914,-1469,-1469,neg_neg
4.630414082,-1916,-1470,-1470,neg_neg
4.632435526,-1918,-1470,-1470,neg_neg
4.634499262,-1920,-1471,-1471,neg_neg
4.636467899,-1922,-1472,-1472,neg_neg
4.638440344,-1925,-1472,-1472,neg_neg
4.640446636,-1926,-1473,-1473,neg_neg
4.642453086,-1929,-1474,-1474,neg_neg
4.644438793,-1931,-1475,-1475,neg_neg
4.646363986,-1933,-1476,-1476,neg_neg
4.648405222,-1935,-1478,-1478,neg_neg
4.650359783,-1937,-1479,-1479,neg_neg
4.652310819,-1939,-1480,-1480,neg_neg
4.654353556,-1941,-1482,-1482,neg_neg
4.656286558,-1942,-1483,-1483,neg_neg
4.658346416,-1945,-1485,-1485,neg_neg
4.660307695,-1946,-1487,-1487,neg_neg
4.662332168,-1947,-1488,-1488,neg_neg
4.664264582,-1949,-1490,-1490,neg_neg
4.666233399,-1951,-1492,-1492,neg_neg
4.668291457,-1953,-1494,-1494,neg_neg
4.670266998,-1954,-1496,-1496,neg_neg
4.672281811,-1955,-1498,-1498,neg_neg
4.674257069,-1956,-1500,-1500,neg_neg
4.676238242,-1957,-1501,-1501,neg_neg
4.678269323,-1958,-1503,-1503,neg_neg
4.680272221,-1960,-1505,-1505,neg_neg
4.682223884,-1960,-1507,-1507,neg_neg
4.684233913,-1961,-1508,-1508,neg_neg
4.686255341,-1961,-1510,-1510,neg_neg
4.6883221,-1962,-1511,-1511,neg_neg
4.690242349,-1963,-1512,-1512,neg_neg
4.692243634,-1963,-1513,-1513,neg_neg
4.694287864,-1964,-1515,-1515,neg_neg
4.696272799,-1964,-1516,-1516,neg_neg
4.698314978,-1964,-1517,-1517,neg_neg
4.700322047,-1964,-1518,-1518,neg_neg
4.702295437,-1964,-1518,-1518,neg_neg
4.704271897,-1965,-1519,-1519,neg_neg
4.706243408,-1965,-1520,-1520,neg_neg
4.7082346,-1965,-1520,-1520,neg_neg
4.710217093,-1965,-1520,-1520,neg_neg
4.71224098,-1966,-1521,-1521,neg_neg
4.714243018,-1966,-1521,-1521,neg_neg
4.716208211,-1967,-1521,-1521,neg_neg
4.718208672,-1967,-1521,-1521,neg_neg
4.720155213,-1967,-1521,-1521,neg_neg
4.722200131,-1968,-1521,-1521,neg_neg
4.724261407,-1968,-1520,-1520,neg_neg
4.726134752,-1969,-1520,-1520,neg_neg
4.728217479,-1969,-1520,-1520,neg_neg
4.730270744,-1970,-1520,-1520,neg_neg
4.732232143,-1971,-1520,-1520,neg_neg
4.734277845,-1972,-1520,-1520,neg_neg
4.736190012,-1973,-1520,-1520,neg_neg
4.738275036,-1973,-1519,-1519,neg_neg
4.740205001,-1975,-1519,-1519,neg_neg
4.7421449,-1976,-1519,-1519,neg_neg
4.744119605,-1977,-1519,-1519,neg_neg
4.746180172,-1978,-1519,-1519,neg_neg
4.748102994,-1980,-1519,-1519,neg_neg
4.750065867,-1981,-1520,-1520,neg_neg
4.752118381,-1982,-1520,-1520,neg_neg
4.754081886,-1983,-1520,-1520,neg_neg
4.756099744,-1985,-1520,-1520,neg_neg
4.758076753,-1987,-1521,-1521,neg_neg
4.760089399,-1988,-1522,-1522,neg_neg
4.762090198,-1990,-1523,-1523,neg_neg
4.764072242,-1992,-1524,-1524,neg_neg
4.76612472,-1994,-1525,-1525,neg_neg
4.768086848,-1995,-1526,-1526,neg_neg
4.770085381,-1997,-1528,-1528,neg_neg
4.772020585,-1999,-1529,-1529,neg_neg
4.774104807,-2000,-1531,-1531,neg_neg
4.776067538,-2002,-1533,-1533,neg_neg
4.778101444,-2003,-1535,-1535,neg_neg
4.780112751,-2005,-1536,-1536,neg_neg
4.782134991,-2006,-1538,-1538,neg_neg
4.78402435,-2008,-1540,-1540,neg_neg
4.786100105,-2009,-1542,-1542,neg_neg
4.788093294,-2010,-1544,-1544,neg_neg
4.790082508,-2011,-1547,-1547,neg_neg
4.792060686,-2013,-1549,-1549,neg_neg
4.794004547,-2014,-1552,-1552,neg_neg
4.79602592,-2015,-1554,-1554,neg_neg
4.798006591,-2017,-1557,-1557,neg_neg
4.799969107,-2017,-1559,-1559,neg_neg
4.802037784,-2018,-1562,-1562,neg_neg
4.803979257,-2019,-1564,-1564,neg_neg
4.805970108,-2020,-1566,-1566,neg_neg
4.808019304,-2021,-1569,-1569,neg_neg
4.809946092,-2022,-1571,-1571,neg_neg
4.811963616,-2023,-1573,-1573,neg_neg
4.813976893,-2023,-1575,-1575,neg_neg
4.815971001,-2024,-1577,-1577,neg_neg
4.817987945,-2025,-1578,-1578,neg_neg
4.819943208,-2025,-1580,-1580,neg_neg
4.821941219,-2026,-1582,-1582,neg_neg
4.823938746,-2027,-1583,-1583,neg_neg
4.825951248,-2027,-1584,-1584,neg_neg
4.827890671,-2028,-1585,-1585,neg_neg
4.829900261,-2029,-1585,-1585,neg_neg
4.83192912,-2029,-1586,-1586,neg_neg
4.833893367,-2029,-1587,-1587,neg_neg
4.83594053,-2030,-1588,-1588,neg_neg
4.837893021,-2031,-1588,-1588,neg_neg
4.839912338,-2031,-1588,-1588,neg_neg
4.841943345,-2032,-1589,-1589,neg_neg
4.843923071,-2033,-1589,-1589,neg_neg
4.845981216,-2033,-1589,-1589,neg_neg
4.847921706,-2034,-1589,-1589,neg_neg
4.849934021,-2035,-1589,-1589,neg_neg
4.851943699,-2036,-1589,-1589,neg_neg
4.85391691,-2037,-1589,-1589,neg_neg
4.855955015,-2038,-1589,-1589,neg_neg
4.857907134,-2039,-1589,-1589,neg_neg
4.859992518,-2040,-1589,-1589,neg_neg
4.861886829,-2041,-1589,-1589,neg_neg
4.863988902,-2042,-1589,-1589,neg_neg
4.8658365,-2044,-1589,-1589,neg_neg
4.867995923,-2045,-1589,-1589,neg_neg
4.86985955,-2046,-1588,-1588,neg_neg
4.871854819,-2047,-1588,-1588,neg_neg
4.873947051,-2049,-1588,-1588,neg_neg
4.876019218,-2050,-1588,-1588,neg_neg
4.876907222,-2050,-1587,-1587,neg_neg
4.878938403,-2052,-1587,-1587,neg_neg
4.880887416,-2053,-1587,-1587,neg_neg
4.882857785,-2055,-1587,-1587,neg_neg
4.884894855,-2056,-1587,-1587,neg_neg
4.88688887,-2058,-1587,-1587,neg_neg
4.888868502,-2059,-1587,-1587,neg_neg
4.890835519,-2061,-1587,-1587,neg_neg
4.893153562,-2062,-1587,-1587,neg_neg
4.894868257,-2064,-1587,-1587,neg_neg
4.896916248,-2065,-1588,-1588,neg_neg
4.898869528,-2066,-1589,-1589,neg_neg
4.900954024,-2068,-1589,-1589,neg_neg
4.902879655,-2070,-1589,-1589,neg_neg
4.905117509,-2071,-1590,-1590,neg_neg
4.906855369,-2073,-1591,-1591,neg_neg
4.908952963,-2075,-1592,-1592,neg_neg
4.910860156,-2076,-1594,-1594,neg_neg
4.912950844,-2078,-1595,-1595,neg_neg
4.914878005,-2079,-1596,-1596,neg_neg
4.91711561,-2081,-1597,-1597,neg_neg
4.918798572,-2082,-1599,-1599,neg_neg
4.920871645,-2084,-1601,-1601,neg_neg
4.922932595,-2085,-1602,-1602,neg_neg
4.925006215,-2087,-1604,-1604,neg_neg
4.926913577,-2088,-1606,-1606,neg_neg
4.92875445,-2090,-1608,-1608,neg_neg
4.930808769,-2091,-1610,-1610,neg_neg
4.932811416,-2092,-1612,-1612,neg_neg
4.934783168,-2094,-1615,-1615,neg_neg
4.936796346,-2095,-1617,-1617,neg_neg
4.93882571,-2096,-1619,-1619,neg_neg
4.94084253,-2097,-1621,-1621,neg_neg
4.94288009,-2099,-1623,-1623,neg_neg
4.944817072,-2100,-1625,-1625,neg_neg
4.946753171,-2100,-1627,-1627,neg_neg
4.948799683,-2101,-1629,-1629,neg_neg
4.9507524,-2102,-1631,-1631,neg_neg
4.952803718,-2103,-1633,-1633,neg_neg
4.954793805,-2104,-1635,-1635,neg_neg
4.95682924,-2105,-1637,-1637,neg_neg
4.958898091,-2105,-1638,-1638,neg_neg
4.960764346,-2106,-1640,-1640,neg_neg
4.962798628,-2107,-1642,-1642,neg_neg
4.964844339,-2107,-1644,-1644,neg_neg
4.96675713,-2108,-1645,-1645,neg_neg
4.968746099,-2108,-1647,-1647,neg_neg
4.97077049,-2109,-1648,-1648,neg_neg
4.972772452,-2110,-1649,-1649,neg_neg
4.974695409,-2110,-1650,-1650,neg_neg
4.976710435,-2111,-1650,-1650,neg_neg
4.978783432,-2112,-1651,-1651,neg_neg
4.980732787,-2113,-1652,-1652,neg_neg
4.982743367,-2114,-1652,-1652,neg_neg
4.984742768,-2114,-1653,-1653,neg_neg
4.986820329,-2115,-1653,-1653,neg_neg
4.988843289,-2117,-1653,-1653,neg_neg
4.990791705,-2118,-1653,-1653,neg_neg
4.992725857,-2119,-1652,-1652,neg_neg
4.994727713,-2120,-1652,-1652,neg_neg
4.996717814,-2121,-1652,-1652,neg_neg
4.998703403,-2123,-1652,-1652,neg_neg
5.000734419,-2123,-1652,-1652,neg_neg
5.002711805,-2125,-1652,-1652,neg_neg
5.004662049,-2127,-1652,-1652,neg_neg
5.006633552,-2128,-1652,-1652,neg_neg
5.008650553,-2130,-1652,-1652,neg_neg
5.010840293,-2132,-1652,-1652,neg_neg
5.012731491,-2133,-1652,-1652,neg_neg
5.01465973,-2135,-1652,-1652,neg_neg
5.016626258,-2137,-1653,-1653,neg_neg
5.018631768,-2138,-1653,-1653,neg_neg
5.020652788,-2140,-1654,-1654,neg_neg
5.022638594,-2142,-1654,-1654,neg_neg
5.024651901,-2144,-1655,-1655,neg_neg
5.026682904,-2146,-1656,-1656,neg_neg
5.028701042,-2147,-1657,-1657,neg_neg
5.030664668,-2149,-1658,-1658,neg_neg
5.032689813,-2151,-1658,-1658,neg_neg
5.034663062,-2153,-1660,-1660,neg_neg
5.03664029,-2155,-1661,-1661,neg_neg
5.038625304,-2156,-1663,-1663,neg_neg
5.040641879,-2158,-1664,-1664,neg_neg
5.042637273,-2160,-1666,-1666,neg_neg
5.044672874,-2161,-1667,-1667,neg_neg
5.04665579,-2163,-1669,-1669,neg_neg
5.048688913,-2165,-1671,-1671,neg_neg
5.050638346,-2166,-1672,-1672,neg_neg
5.052666009,-2167,-1674,-1674,neg_neg
5.054586046,-2169,-1676,-1676,neg_neg
5.056613816,-2170,-1678,-1678,neg_neg
5.058621389,-2172,-1679,-1679,neg_neg
5.060608784,-2173,-1681,-1681,neg_neg
5.062562198,-2174,-1683,-1683,neg_neg
5.064594699,-2175,-1685,-1685,neg_neg
5.066530745,-2177,-1686,-1686,neg_neg
5.068545238,-2178,-1688,-1688,neg_neg
5.070666294,-2179,-1690,-1690,neg_neg
5.072637265,-2180,-1691,-1691,neg_neg
5.074575403,-2182,-1693,-1693,neg_neg
5.076565403,-2183,-1695,-1695,neg_neg
5.078537648,-2184,-1697,-1697,neg_neg
5.080527483,-2185,-1699,-1699,neg_neg
5.082602566,-2185,-1700,-1700,neg_neg
5.084570566,-2186,-1702,-1702,neg_neg
5.086582402,-2187,-1704,-1704,neg_neg
5.088588819,-2187,-1706,-1706,neg_neg
5.090591296,-2188,-1708,-1708,neg_neg
5.092502582,-2188,-1709,-1709,neg_neg
5.094521058,-2189,-1712,-1712,neg_neg
5.096525845,-2190,-1714,-1714,neg_neg
5.098535907,-2191,-1715,-1715,neg_neg
5.100576457,-2191,-1717,-1717,neg_neg
5.102573702,-2192,-1719,-1719,neg_neg
5.104516651,-2192,-1721,-1721,neg_neg
5.106482474,-2193,-1722,-1722,neg_neg
5.108518303,-2194,-1723,-1723,neg_neg
5.110516533,-2195,-1724,-1724,neg_neg
5.112514546,-2196,-1725,-1725,neg_neg
5.114493039,-2197,-1726,-1726,neg_neg
5.116496431,-2198,-1727,-1727,neg_neg
5.118542944,-2199,-1727,-1727,neg_neg
5.120467623,-2200,-1728,-1728,neg_neg
5.122508534,-2201,-1728,-1728,neg_neg
5.124516279,-2202,-1728,-1728,neg_neg
5.12650461,-2203,-1728,-1728,neg_neg
5.128475389,-2204,-1728,-1728,neg_neg
5.130428498,-2206,-1728,-1728,neg_neg
5.132487635,-2207,-1728,-1728,neg_neg
5.134411703,-2209,-1728,-1728,neg_neg
5.136498917,-2210,-1728,-1728,neg_neg
5.138471438,-2212,-1728,-1728,neg_neg
5.140460892,-2213,-1728,-1728,neg_neg
5.142448016,-2214,-1728,-1728,neg_neg
5.144437496,-2216,-1728,-1728,neg_neg
5.146488517,-2218,-1728,-1728,neg_neg
5.148450464,-2219,-1728,-1728,neg_neg
5.150465359,-2221,-1728,-1728,neg_neg
5.152409873,-2222,-1728,-1728,neg_neg
5.154357288,-2224,-1728,-1728,neg_neg
5.156435089,-2226,-1728,-1728,neg_neg
5.158333026,-2227,-1728,-1728,neg_neg
5.160334761,-2229,-1728,-1728,neg_neg
5.162367023,-2231,-1728,-1728,neg_neg
5.164345435,-2233,-1728,-1728,neg_neg
5.166384574,-2235,-1729,-1729,neg_neg
5.168436794,-2237,-1730,-1730,neg_neg
5.170405317,-2239,-1730,-1730,neg_neg
5.172388909,-2241,-1731,-1731,neg_neg
5.174317677,-2243,-1732,-1732,neg_neg
5.176382916,-2245,-1734,-1734,neg_neg
5.178334864,-2247,-1735,-1735,neg_neg
5.180337949,-2249,-1736,-1736,neg_neg
5.182331786,-2251,-1737,-1737,neg_neg
5.18429016,-2253,-1739,-1739,neg_neg
5.18632032,-2255,-1741,-1741,neg_neg
5.188294353,-2257,-1742,-1742,neg_neg
5.190279013,-2259,-1744,-1744,neg_neg
5.192284635,-2261,-1746,-1746,neg_neg
5.194254873,-2263,-1748,-1748,neg_neg
5.196280627,-2264,-1750,-1750,neg_neg
5.198281999,-2266,-1752,-1752,neg_neg
5.20029471,-2268,-1754,-1754,neg_neg
5.202232186,-2269,-1756,-1756,neg_neg
5.204251491,-2271,-1758,-1758,neg_neg
5.206237097,-2272,-1761,-1761,neg_neg
5.208232625,-2274,-1763,-1763,neg_neg
5.210309368,-2275,-1766,-1766,neg_neg
5.212274011,-2276,-1768,-1768,neg_neg
5.214274782,-2277,-1772,-1772,neg_neg
5.216242486,-2279,-1773,-1773,neg_neg
5.218247872,-2280,-1776,-1776,neg_neg
5.220269288,-2281,-1778,-1778,neg_neg
5.222270857,-2282,-1781,-1781,neg_neg
5.224218846,-2283,-1784,-1784,neg_neg
5.226239329,-2283,-1786,-1786,neg_neg
5.228240977,-2284,-1788,-1788,neg_neg
5.230236505,-2285,-1790,-1790,neg_neg
5.232240217,-2285,-1792,-1792,neg_neg
5.234271042,-2285,-1793,-1793,neg_neg
5.236252403,-2285,-1795,-1795,neg_neg
5.23826871,-2285,-1796,-1796,neg_neg
5.240217623,-2285,-1797,-1797,neg_neg
5.242216026,-2285,-1797,-1797,neg_neg
5.24419624,-2285,-1797,-1797,neg_neg
5.24617947,-2285,-1797,-1797,neg_neg
5.248247347,-2285,-1797,-1797,neg_neg
5.250237182,-2286,-1797,-1797,neg_neg
5.252214189,-2286,-1797,-1797,neg_neg
5.254237668,-2286,-1796,-1796,neg_neg
5.256237639,-2286,-1795,-1795,neg_neg
5.258191011,-2287,-1794,-1794,neg_neg
5.260195237,-2287,-1793,-1793,neg_neg
5.262139868,-2288,-1792,-1792,neg_neg
5.264109176,-2288,-1791,-1791,neg_neg
5.266127843,-2289,-1789,-1789,neg_neg
5.268103344,-2290,-1788,-1788,neg_neg
5.270130156,-2290,-1787,-1787,neg_neg
5.272068021,-2292,-1785,-1785,neg_neg
5.27409784,-2292,-1785,-1785,neg_neg
5.276117834,-2293,-1784,-1784,neg_neg
5.278118538,-2294,-1783,-1783,neg_neg
5.28008703,-2296,-1782,-1782,neg_neg
5.282095806,-2297,-1781,-1781,neg_neg
5.28408377,-2298,-1781,-1781,neg_neg
5.28609222,-2299,-1780,-1780,neg_neg
5.288083145,-2301,-1780,-1780,neg_neg
5.290040134,-2303,-1780,-1780,neg_neg
5.292083276,-2304,-1780,-1780,neg_neg
5.294058792,-2306,-1780,-1780,neg_neg
5.296033536,-2307,-1780,-1780,neg_neg
5.298016913,-2309,-1781,-1781,neg_neg
5.300047454,-2311,-1781,-1781,neg_neg
5.302066324,-2313,-1782,-1782,neg_neg
5.304065122,-2315,-1783,-1783,neg_neg
5.3060355,-2317,-1784,-1784,neg_neg
5.308084096,-2320,-1786,-1786,neg_neg
5.310077399,-2322,-1787,-1787,neg_neg
5.312090638,-2324,-1789,-1789,neg_neg
5.314068129,-2326,-1791,-1791,neg_neg
5.316086502,-2328,-1793,-1793,neg_neg
5.31807525,-2330,-1796,-1796,neg_neg
5.320011079,-2332,-1798,-1798,neg_neg
5.322125355,-2333,-1801,-1801,neg_neg
5.3241255,-2335,-1804,-1804,neg_neg
5.326154147,-2337,-1807,-1807,neg_neg
5.328132683,-2339,-1809,-1809,neg_neg
5.330165319,-2340,-1812,-1812,neg_neg
5.332171003,-2342,-1816,-1816,neg_neg
5.33420479,-2344,-1819,-1819,neg_neg
5.336100411,-2345,-1822,-1822,neg_neg
5.338116866,-2346,-1826,-1826,neg_neg
5.340158524,-2348,-1829,-1829,neg_neg
5.34207207,-2349,-1833,-1833,neg_neg
5.344113669,-2350,-1836,-1836,neg_neg
5.346074194,-2351,-1840,-1840,neg_neg
5.348091361,-2352,-1843,-1843,neg_neg
5.350131454,-2353,-1846,-1846,neg_neg
5.352178202,-2354,-1849,-1849,neg_neg
5.354141964,-2354,-1851,-1851,neg_neg
5.356063928,-2355,-1854,-1854,neg_neg
5.358122165,-2355,-1856,-1856,neg_neg
5.360074622,-2355,-1858,-1858,neg_neg
5.362008497,-2355,-1860,-1860,neg_neg
5.364005689,-2355,-1861,-1861,neg_neg
5.365984441,-2355,-1862,-1862,neg_neg
5.36800303,-2355,-1863,-1863,neg_neg
5.370029626,-2355,-1863,-1863,neg_neg
5.372072889,-2355,-1863,-1863,neg_neg
5.373967975,-2355,-1863,-1863,neg_neg
5.376025545,-2355,-1863,-1863,neg_neg
5.378024345,-2355,-1862,-1862,neg_neg
5.379987926,-2355,-1862,-1862,neg_neg
5.381981698,-2354,-1861,-1861,neg_neg
5.383981878,-2355,-1860,-1860,neg_neg
5.385982673,-2355,-1859,-1859,neg_neg
5.388024517,-2355,-1857,-1857,neg_neg
5.38997554,-2355,-1856,-1856,neg_neg
5.392200767,-2355,-1855,-1855,neg_neg
5.393968053,-2355,-1853,-1853,neg_neg
5.396146879,-2356,-1851,-1851,neg_neg
5.397949704,-2356,-1849,-1849,neg_neg
5.400119194,-2357,-1847,-1847,neg_neg
5.401976871,-2357,-1845,-1845,neg_neg
5.403966133,-2358,-1843,-1843,neg_neg
5.406013706,-2359,-1841,-1841,neg_neg
5.407950099,-2360,-1839,-1839,neg_neg
5.410002942,-2361,-1837,-1837,neg_neg
5.411955621,-2362,-1835,-1835,neg_neg
5.414010714,-2363,-1833,-1833,neg_neg
5.416015134,-2364,-1831,-1831,neg_neg
5.417990093,-2365,-1829,-1829,neg_neg
5.419944305,-2366,-1828,-1828,neg_neg
5.42195615,-2368,-1826,-1826,neg_neg
5.423907875,-2370,-1824,-1824,neg_neg
5.425936309,-2371,-1823,-1823,neg_neg
5.42790751,-2373,-1822,-1822,neg_neg
5.429964336,-2375,-1821,-1821,neg_neg
5.431943439,-2376,-1821,-1821,neg_neg
5.433947194,-2378,-1821,-1821,neg_neg
5.435942256,-2379,-1821,-1821,neg_neg
5.437953672,-2381,-1822,-1822,neg_neg
5.439953033,-2383,-1822,-1822,neg_neg
5.44200282,-2385,-1824,-1824,neg_neg
5.443961609,-2387,-1825,-1825,neg_neg
5.445988643,-2388,-1827,-1827,neg_neg
5.447976781,-2390,-1829,-1829,neg_neg
5.450106076,-2392,-1832,-1832,neg_neg
5.451943176,-2393,-1834,-1834,neg_neg
5.454124339,-2395,-1837,-1837,neg_neg
5.455943237,-2397,-1840,-1840,neg_neg
5.458012023,-2398,-1844,-1844,neg_neg
5.459849795,-2400,-1848,-1848,neg_neg
5.461946959,-2401,-1851,-1851,neg_neg
5.463893053,-2402,-1855,-1855,neg_neg
5.46609117,-2404,-1859,-1859,neg_neg
5.467900677,-2405,-1864,-1864,neg_neg
5.470138367,-2406,-1868,-1868,neg_neg
5.471967715,-2407,-1872,-1872,neg_neg
5.473880435,-2408,-1877,-1877,neg_neg
5.475901072,-2409,-1882,-1882,neg_neg
5.477858389,-2410,-1886,-1886,neg_neg
5.479841182,-2411,-1889,-1889,neg_neg
5.482109227,-2412,-1895,-1895,neg_neg
5.483821671,-2412,-1900,-1900,neg_neg
5.486133705,-2413,-1902,-1902,neg_neg
5.487963288,-2413,-1908,-1908,neg_neg
5.489935766,-2414,-1909,-1909,neg_neg
5.492048789,-2413,-1914,-1914,neg_neg
5.494018044,-2414,-1917,-1917,neg_neg
5.495971828,-2414,-1919,-1919,neg_neg
5.497995752,-2413,-1920,-1920,neg_neg
5.499973256,-2413,-1922,-1922,neg_neg
5.501894958,-2413,-1923,-1923,neg_neg
5.504013876,-2413,-1924,-1924,neg_neg
5.505974628,-2413,-1925,-1925,neg_neg
5.507768051,-2413,-1925,-1925,neg_neg
5.509755497,-2413,-1925,-1925,neg_neg
5.511835493,-2413,-1925,-1925,neg_neg
5.513803374,-2413,-1924,-1924,neg_neg
5.515809515,-2413,-1923,-1923,neg_neg
5.517778806,-2413,-1922,-1922,neg_neg
5.519807041,-2413,-1920,-1920,neg_neg
5.521789865,-2413,-1918,-1918,neg_neg
5.523798532,-2414,-1917,-1917,neg_neg
5.5257525,-2414,-1913,-1913,neg_neg
5.527709453,-2415,-1912,-1912,neg_neg
5.529724791,-2416,-1910,-1910,neg_neg
5.531722087,-2416,-1907,-1907,neg_neg
5.53372288,-2417,-1905,-1905,neg_neg
5.535736912,-2418,-1902,-1902,neg_neg
5.537734044,-2419,-1900,-1900,neg_neg
5.539719562,-2420,-1896,-1896,neg_neg
5.541744844,-2421,-1893,-1893,neg_neg
5.543725086,-2423,-1891,-1891,neg_neg
5.545702989,-2424,-1889,-1889,neg_neg
5.547706195,-2426,-1886,-1886,neg_neg
5.549706299,-2427,-1884,-1884,neg_neg
5.551673441,-2429,-1882,-1882,neg_neg
5.553651974,-2430,-1881,-1881,neg_neg
5.555621013,-2432,-1879,-1879,neg_neg
5.55764616,-2433,-1877,-1877,neg_neg
5.559654528,-2435,-1876,-1876,neg_neg
5.561639322,-2437,-1875,-1875,neg_neg
5.563611693,-2439,-1875,-1875,neg_neg
5.565668497,-2441,-1875,-1875,neg_neg
5.567645888,-2443,-1875,-1875,neg_neg
5.569708167,-2444,-1875,-1875,neg_neg
5.571680543,-2446,-1875,-1875,neg_neg
5.573724225,-2448,-1876,-1876,neg_neg
5.575618346,-2450,-1877,-1877,neg_neg
5.577633156,-2452,-1879,-1879,neg_neg
5.579581442,-2454,-1881,-1881,neg_neg
5.581569958,-2456,-1883,-1883,neg_neg
5.58354768,-2458,-1885,-1885,neg_neg
5.585583448,-2460,-1888,-1888,neg_neg
5.587599622,-2462,-1890,-1890,neg_neg
5.589592968,-2464,-1893,-1893,neg_neg
5.591593802,-2466,-1897,-1897,neg_neg
5.593616736,-2467,-1901,-1901,neg_neg
5.59560447,-2469,-1905,-1905,neg_neg
5.597556871,-2471,-1908,-1908,neg_neg
5.599578044,-2472,-1912,-1912,neg_neg
5.601614553,-2473,-1917,-1917,neg_neg
5.603615183,-2475,-1921,-1921,neg_neg
5.605603786,-2476,-1925,-1925,neg_neg
5.607632125,-2477,-1929,-1929,neg_neg
5.609584264,-2479,-1934,-1934,neg_neg
5.61157584,-2479,-1938,-1938,neg_neg
5.613587427,-2480,-1942,-1942,neg_neg
5.615566858,-2480,-1946,-1946,neg_neg
5.617617424,-2481,-1950,-1950,neg_neg
5.619611323,-2481,-1954,-1954,neg_neg
5.621615196,-2481,-1957,-1957,neg_neg
5.623524226,-2481,-1960,-1960,neg_neg
5.62555464,-2481,-1963,-1963,neg_neg
5.627532879,-2481,-1965,-1965,neg_neg
5.629587926,-2480,-1967,-1967,neg_neg
5.631524405,-2480,-1969,-1969,neg_neg
5.633487082,-2480,-1970,-1970,neg_neg
5.635502003,-2479,-1971,-1971,neg_neg
5.637510979,-2478,-1971,-1971,neg_neg
5.639484144,-2478,-1971,-1971,neg_neg
5.641463572,-2477,-1971,-1971,neg_neg
5.643487426,-2477,-1971,-1971,neg_neg
5.645459694,-2477,-1971,-1971,neg_neg
5.64745608,-2476,-1970,-1970,neg_neg
5.649463593,-2476,-1969,-1969,neg_neg
5.651435476,-2476,-1967,-1967,neg_neg
5.653448985,-2475,-1965,-1965,neg_neg
5.655439943,-2475,-1964,-1964,neg_neg
5.657422834,-2476,-1961,-1961,neg_neg
5.659503048,-2475,-1959,-1959,neg_neg
5.661422473,-2476,-1956,-1956,neg_neg
5.663475421,-2476,-1954,-1954,neg_neg
5.6654573,-2476,-1951,-1951,neg_neg
5.667441525,-2477,-1948,-1948,neg_neg
5.669453932,-2477,-1945,-1945,neg_neg
5.671410971,-2478,-1942,-1942,neg_neg
5.673420107,-2479,-1939,-1939,neg_neg
5.67546942,-2480,-1936,-1936,neg_neg
5.677379675,-2480,-1933,-1933,neg_neg
5.6794093,-2482,-1929,-1929,neg_neg
5.681382626,-2482,-1926,-1926,neg_neg
5.683443428,-2483,-1923,-1923,neg_neg
5.685407414,-2485,-1920,-1920,neg_neg
5.687461156,-2486,-1918,-1918,neg_neg
5.689407217,-2487,-1915,-1915,neg_neg
5.691460897,-2489,-1913,-1913,neg_neg
5.693415815,-2490,-1911,-1911,neg_neg
5.695405007,-2491,-1909,-1909,neg_neg
5.697406115,-2493,-1908,-1908,neg_neg
5.699342493,-2495,-1907,-1907,neg_neg
5.701344884,-2496,-1907,-1907,neg_neg
5.703339999,-2497,-1907,-1907,neg_neg
5.70538478,-2499,-1907,-1907,neg_neg
5.707398447,-2500,-1907,-1907,neg_neg
5.70941296,-2502,-1908,-1908,neg_neg
5.711462278,-2504,-1910,-1910,neg_neg
5.713424834,-2505,-1912,-1912,neg_neg
5.715378821,-2507,-1914,-1914,neg_neg
5.71738339,-2508,-1917,-1917,neg_neg
5.719328639,-2510,-1921,-1921,neg_neg
5.721307133,-2512,-1924,-1924,neg_neg
5.723294064,-2513,-1928,-1928,neg_neg
5.725316709,-2514,-1932,-1932,neg_neg
5.727380384,-2516,-1936,-1936,neg_neg
5.729357203,-2517,-1941,-1941,neg_neg
5.731381861,-2518,-1946,-1946,neg_neg
5.733381909,-2520,-1951,-1951,neg_neg
5.735414317,-2521,-1956,-1956,neg_neg
5.73743328,-2522,-1962,-1962,neg_neg
5.739369489,-2523,-1968,-1968,neg_neg
5.741325627,-2524,-1973,-1973,neg_neg
5.743274408,-2525,-1979,-1979,neg_neg
5.74530942,-2526,-1985,-1985,neg_neg
5.74728851,-2527,-1992,-1992,neg_neg
5.749310132,-2528,-1998,-1998,neg_neg
5.751283643,-2529,-2004,-2004,neg_neg
5.753319531,-2529,-2010,-2010,neg_neg
5.755267014,-2529,-2016,-2016,neg_neg
5.757266511,-2529,-2022,-2022,neg_neg
5.759278474,-2529,-2028,-2028,neg_neg
5.761305719,-2529,-2033,-2033,neg_neg
5.763279014,-2529,-2037,-2037,neg_neg
5.765249393,-2529,-2042,-2042,neg_neg
5.767265124,-2529,-2046,-2046,neg_neg
5.769282882,-2529,-2049,-2049,neg_neg
5.771356151,-2529,-2053,-2053,neg_neg
5.77335433,-2529,-2055,-2055,neg_neg
5.775336158,-2529,-2057,-2057,neg_neg
5.77726727,-2528,-2059,-2059,neg_neg
5.779273051,-2528,-2060,-2060,neg_neg
5.781248865,-2528,-2060,-2060,neg_neg
5.783266555,-2527,-2060,-2060,neg_neg
5.785248849,-2527,-2060,-2060,neg_neg
5.787312149,-2527,-2059,-2059,neg_neg
5.789261557,-2527,-2057,-2057,neg_neg
5.791273416,-2527,-2055,-2055,neg_neg
5.793284967,-2527,-2054,-2054,neg_neg
5.79530986,-2528,-2051,-2051,neg_neg
5.797230772,-2528,-2048,-2048,neg_neg
5.799187511,-2528,-2045,-2045,neg_neg
5.801189728,-2529,-2042,-2042,neg_neg
5.803197756,-2529,-2038,-2038,neg_neg
5.805212783,-2529,-2034,-2034,neg_neg
5.807227386,-2529,-2031,-2031,neg_neg
5.809212525,-2531,-2026,-2026,neg_neg
5.81130888,-2532,-2022,-2022,neg_neg
5.813335636,-2534,-2018,-2018,neg_neg
5.815353048,-2535,-2014,-2014,neg_neg
5.817312481,-2536,-2010,-2010,neg_neg
5.819282037,-2537,-2005,-2005,neg_neg
5.821232057,-2538,-2001,-2001,neg_neg
5.823292881,-2540,-1998,-1998,neg_neg
5.8253597,-2541,-1993,-1993,neg_neg
5.827297264,-2544,-1989,-1989,neg_neg
5.829288835,-2545,-1986,-1986,neg_neg
5.831291243,-2546,-1983,-1983,neg_neg
5.833287336,-2548,-1980,-1980,neg_neg
5.835181816,-2550,-1978,-1978,neg_neg
5.837224835,-2552,-1976,-1976,neg_neg
5.839306868,-2554,-1975,-1975,neg_neg
5.841248355,-2556,-1973,-1973,neg_neg
5.843277762,-2558,-1973,-1973,neg_neg
5.845247564,-2560,-1973,-1973,neg_neg
5.84725355,-2562,-1973,-1973,neg_neg
5.849309797,-2564,-1973,-1973,neg_neg
5.851252817,-2566,-1974,-1974,neg_neg
5.853286856,-2568,-1975,-1975,neg_neg
5.855124613,-2570,-1977,-1977,neg_neg
5.857253792,-2572,-1979,-1979,neg_neg
5.859168968,-2574,-1982,-1982,neg_neg
5.861206315,-2576,-1984,-1984,neg_neg
5.863190767,-2578,-1988,-1988,neg_neg
5.865276384,-2580,-1991,-1991,neg_neg
5.867156829,-2582,-1996,-1996,neg_neg
5.869210219,-2584,-2000,-2000,neg_neg
5.87120514,-2585,-2004,-2004,neg_neg
5.873163255,-2587,-2008,-2008,neg_neg
5.875231184,-2589,-2014,-2014,neg_neg
5.877108511,-2590,-2019,-2019,neg_neg
5.879080241,-2591,-2024,-2024,neg_neg
5.881080187,-2593,-2030,-2030,neg_neg
5.883054828,-2595,-2035,-2035,neg_neg
5.885058657,-2596,-2040,-2040,neg_neg
5.887042303,-2597,-2046,-2046,neg_neg
5.889111391,-2598,-2052,-2052,neg_neg
5.891100375,-2599,-2057,-2057,neg_neg
5.893088349,-2600,-2063,-2063,neg_neg
5.895081964,-2600,-2068,-2068,neg_neg
5.897116164,-2600,-2073,-2073,neg_neg
5.899093221,-2601,-2078,-2078,neg_neg
5.901131497,-2601,-2083,-2083,neg_neg
5.903050899,-2601,-2088,-2088,neg_neg
5.905054316,-2601,-2092,-2092,neg_neg
5.90699846,-2601,-2095,-2095,neg_neg
5.908987312,-2601,-2098,-2098,neg_neg
5.910986048,-2601,-2101,-2101,neg_neg
5.912963759,-2601,-2104,-2104,neg_neg
5.914975161,-2601,-2105,-2105,neg_neg
5.917017949,-2601,-2106,-2106,neg_neg
5.919046684,-2600,-2107,-2107,neg_neg
5.921411945,-2600,-2107,-2107,neg_neg
5.923025206,-2601,-2107,-2107,neg_neg
5.924960079,-2600,-2106,-2106,neg_neg
5.926943617,-2600,-2105,-2105,neg_neg
5.929025896,-2600,-2104,-2104,neg_neg
5.931016153,-2600,-2102,-2102,neg_neg
5.932955207,-2601,-2099,-2099,neg_neg
5.934928583,-2601,-2097,-2097,neg_neg
5.936955072,-2601,-2094,-2094,neg_neg
5.938971799,-2601,-2090,-2090,neg_neg
5.941101483,-2601,-2087,-2087,neg_neg
5.942978209,-2602,-2083,-2083,neg_neg
5.945029531,-2602,-2079,-2079,neg_neg
5.946984658,-2603,-2075,-2075,neg_neg
5.948924121,-2604,-2071,-2071,neg_neg
5.95093429,-2604,-2066,-2066,neg_neg
5.953040141,-2605,-2062,-2062,neg_neg
5.955049261,-2606,-2057,-2057,neg_neg
5.956971846,-2607,-2053,-2053,neg_neg
5.958962723,-2608,-2048,-2048,neg_neg
5.96098645,-2610,-2043,-2043,neg_neg
5.96300316,-2611,-2039,-2039,neg_neg
5.964955498,-2613,-2034,-2034,neg_neg
5.966939029,-2615,-2029,-2029,neg_neg
5.968915178,-2616,-2025,-2025,neg_neg
5.97089439,-2618,-2021,-2021,neg_neg
5.972887556,-2619,-2017,-2017,neg_neg
5.974891703,-2621,-2014,-2014,neg_neg
5.976901284,-2623,-2011,-2011,neg_neg
5.978917051,-2625,-2008,-2008,neg_neg
5.980864509,-2627,-2006,-2006,neg_neg
5.98287562,-2628,-2004,-2004,neg_neg
5.984909616,-2631,-2002,-2002,neg_neg
5.986902012,-2633,-2001,-2001,neg_neg
5.988977509,-2634,-2001,-2001,neg_neg
5.990889805,-2636,-2001,-2001,neg_neg
5.992875691,-2639,-2002,-2002,neg_neg
5.994872249,-2641,-2003,-2003,neg_neg
5.996878837,-2643,-2004,-2004,neg_neg
5.998859063,-2645,-2006,-2006,neg_neg
6.000862851,-2647,-2009,-2009,neg_neg
6.003020398,-2648,-2012,-2012,neg_neg
6.004844798,-2650,-2015,-2015,neg_neg
6.006934222,-2652,-2019,-2019,neg_neg
6.00886167,-2653,-2022,-2022,neg_neg
6.010829169,-2655,-2028,-2028,neg_neg
6.012849039,-2657,-2032,-2032,neg_neg
6.014877167,-2657,-2036,-2036,neg_neg
6.016795903,-2658,-2042,-2042,neg_neg
6.018844329,-2660,-2047,-2047,neg_neg
6.020806295,-2661,-2053,-2053,neg_neg
6.022965086,-2662,-2059,-2059,neg_neg
6.024845479,-2663,-2064,-2064,neg_neg
6.02687665,-2664,-2070,-2070,neg_neg
6.028847106,-2665,-2077,-2077,neg_neg
6.030828302,-2666,-2083,-2083,neg_neg
6.032845809,-2666,-2089,-2089,neg_neg
6.035096825,-2667,-2095,-2095,neg_neg
6.036864464,-2667,-2101,-2101,neg_neg
6.038763872,-2667,-2107,-2107,neg_neg
6.040888093,-2667,-2112,-2112,neg_neg
6.042833235,-2667,-2117,-2117,neg_neg
6.044883224,-2666,-2122,-2122,neg_neg
6.046805319,-2666,-2127,-2127,neg_neg
6.048838633,-2665,-2132,-2132,neg_neg
6.050819413,-2665,-2135,-2135,neg_neg
6.05280895,-2664,-2138,-2138,neg_neg
6.054809851,-2663,-2141,-2141,neg_neg
6.056844647,-2663,-2144,-2144,neg_neg
6.058827484,-2663,-2145,-2145,neg_neg
6.060783956,-2662,-2147,-2147,neg_neg
6.06271832,-2661,-2147,-2147,neg_neg
6.064744836,-2660,-2147,-2147,neg_neg
6.066797895,-2660,-2147,-2147,neg_neg
6.068787321,-2660,-2147,-2147,neg_neg
6.070770449,-2659,-2146,-2146,neg_neg
6.072808006,-2659,-2145,-2145,neg_neg
6.074766092,-2659,-2143,-2143,neg_neg
6.0767804,-2658,-2140,-2140,neg_neg
6.078798713,-2658,-2138,-2138,neg_neg
6.080760755,-2658,-2135,-2135,neg_neg
6.082768162,-2659,-2132,-2132,neg_neg
6.084704903,-2659,-2129,-2129,neg_neg
6.086711458,-2659,-2127,-2127,neg_neg
6.088701406,-2660,-2124,-2124,neg_neg
6.09073764,-2660,-2120,-2120,neg_neg
6.092710289,-2661,-2114,-2114,neg_neg
6.09475971,-2662,-2110,-2110,neg_neg
6.096722527,-2663,-2106,-2106,neg_neg
6.098727604,-2664,-2104,-2104,neg_neg
6.100749398,-2665,-2100,-2100,neg_neg
6.102752384,-2667,-2093,-2093,neg_neg
6.104724665,-2668,-2090,-2090,neg_neg
6.106685683,-2670,-2088,-2088,neg_neg
6.108687206,-2671,-2084,-2084,neg_neg
6.110721305,-2672,-2080,-2080,neg_neg
6.112730709,-2674,-2077,-2077,neg_neg
6.1146748,-2676,-2074,-2074,neg_neg
6.116707063,-2677,-2071,-2071,neg_neg
6.118671467,-2679,-2068,-2068,neg_neg
6.120693844,-2681,-2066,-2066,neg_neg
6.122695282,-2683,-2065,-2065,neg_neg
6.124679719,-2684,-2063,-2063,neg_neg
6.126683253,-2686,-2063,-2063,neg_neg
6.12864905,-2688,-2062,-2062,neg_neg
6.130679635,-2690,-2063,-2063,neg_neg
6.132677535,-2692,-2063,-2063,neg_neg
6.134703949,-2694,-2063,-2063,neg_neg
6.136648959,-2696,-2065,-2065,neg_neg
6.138671069,-2698,-2067,-2067,neg_neg
6.140634404,-2699,-2069,-2069,neg_neg
6.142668648,-2701,-2072,-2072,neg_neg
6.144657135,-2703,-2075,-2075,neg_neg
6.146659445,-2705,-2078,-2078,neg_neg
6.148650862,-2706,-2082,-2082,neg_neg
6.150676587,-2707,-2086,-2086,neg_neg
6.152653046,-2709,-2090,-2090,neg_neg
6.154650128,-2710,-2095,-2095,neg_neg
6.156641977,-2712,-2100,-2100,neg_neg
6.158613897,-2713,-2105,-2105,neg_neg
6.160620952,-2715,-2111,-2111,neg_neg
6.162652606,-2716,-2116,-2116,neg_neg
6.16463147,-2717,-2122,-2122,neg_neg
6.1665832,-2718,-2128,-2128,neg_neg
6.168614321,-2720,-2134,-2134,neg_neg
6.170651433,-2721,-2140,-2140,neg_neg
6.172620168,-2722,-2146,-2146,neg_neg
6.174561048,-2723,-2151,-2151,neg_neg
6.176565969,-2724,-2158,-2158,neg_neg
6.178562881,-2725,-2164,-2164,neg_neg
6.180576776,-2725,-2170,-2170,neg_neg
6.182586074,-2726,-2175,-2175,neg_neg
6.184481532,-2726,-2180,-2180,neg_neg
6.186590711,-2726,-2184,-2184,neg_neg
6.188535437,-2726,-2188,-2188,neg_neg
6.190553031,-2726,-2192,-2192,neg_neg
6.19256812,-2726,-2195,-2195,neg_neg
6.19454137,-2726,-2197,-2197,neg_neg
6.19651676,-2726,-2199,-2199,neg_neg
6.198475716,-2725,-2201,-2201,neg_neg
6.20047737,-2725,-2202,-2202,neg_neg
6.202517159,-2725,-2203,-2203,neg_neg
6.204485229,-2724,-2203,-2203,neg_neg
6.20654615,-2724,-2203,-2203,neg_neg
6.208446752,-2724,-2202,-2202,neg_neg
6.210459488,-2723,-2201,-2201,neg_neg
6.212433165,-2723,-2199,-2199,neg_neg
6.214502155,-2722,-2197,-2197,neg_neg
6.21651755,-2722,-2194,-2194,neg_neg
6.218437095,-2722,-2192,-2192,neg_neg
6.220450794,-2722,-2189,-2189,neg_neg
6.222432181,-2722,-2185,-2185,neg_neg
6.22447526,-2722,-2181,-2181,neg_neg
6.226448969,-2723,-2177,-2177,neg_neg
6.228477581,-2723,-2174,-2174,neg_neg
6.230504562,-2724,-2169,-2169,neg_neg
6.232460521,-2724,-2164,-2164,neg_neg
6.234480732,-2725,-2159,-2159,neg_neg
6.236354025,-2726,-2153,-2153,neg_neg
6.238388537,-2727,-2148,-2148,neg_neg
6.24040068,-2728,-2143,-2143,neg_neg
6.242396325,-2728,-2137,-2137,neg_neg
6.2444343,-2730,-2132,-2132,neg_neg
6.246482194,-2731,-2127,-2127,neg_neg
6.248380415,-2732,-2121,-2121,neg_neg
6.250440625,-2734,-2116,-2116,neg_neg
6.252374939,-2735,-2111,-2111,neg_neg
6.254363128,-2737,-2106,-2106,neg_neg
6.256387575,-2738,-2102,-2102,neg_neg
6.258289929,-2740,-2097,-2097,neg_neg
6.260305837,-2741,-2092,-2092,neg_neg
6.262267781,-2743,-2089,-2089,neg_neg
6.264275044,-2745,-2085,-2085,neg_neg
6.266332735,-2747,-2082,-2082,neg_neg
6.268366516,-2749,-2080,-2080,neg_neg
6.270488511,-2751,-2078,-2078,neg_neg
6.272314413,-2753,-2077,-2077,neg_neg
6.274345072,-2755,-2076,-2076,neg_neg
6.276326749,-2757,-2075,-2075,neg_neg
6.278288793,-2759,-2076,-2076,neg_neg
6.280367662,-2761,-2076,-2076,neg_neg
6.282321134,-2763,-2077,-2077,neg_neg
6.284263745,-2764,-2078,-2078,neg_neg
6.286287728,-2766,-2080,-2080,neg_neg
6.288263593,-2768,-2083,-2083,neg_neg
6.290269898,-2769,-2086,-2086,neg_neg
6.292263352,-2771,-2089,-2089,neg_neg
6.294340331,-2772,-2093,-2093,neg_neg
6.296280669,-2774,-2098,-2098,neg_neg
6.298275947,-2775,-2102,-2102,neg_neg
6.300294845,-2776,-2107,-2107,neg_neg
6.302267158,-2777,-2112,-2112,neg_neg
6.304303148,-2779,-2118,-2118,neg_neg
6.306334411,-2779,-2123,-2123,neg_neg
6.308287179,-2780,-2129,-2129,neg_neg
6.310316844,-2781,-2135,-2135,neg_neg
6.312269817,-2782,-2142,-2142,neg_neg
6.314217249,-2782,-2148,-2148,neg_neg
6.316216018,-2782,-2156,-2156,neg_neg
6.318195062,-2783,-2162,-2162,neg_neg
6.320213081,-2783,-2169,-2169,neg_neg
6.322229273,-2783,-2176,-2176,neg_neg
6.324225856,-2783,-2182,-2182,neg_neg
6.326276075,-2783,-2189,-2189,neg_neg
6.328287506,-2783,-2195,-2195,neg_neg
6.330245142,-2783,-2201,-2201,neg_neg
6.332215652,-2782,-2208,-2208,neg_neg
6.334452662,-2782,-2214,-2214,neg_neg
6.336359924,-2782,-2220,-2220,neg_neg
6.338313502,-2782,-2226,-2226,neg_neg
6.340225023,-2781,-2231,-2231,neg_neg
6.342232772,-2780,-2236,-2236,neg_neg
6.344237372,-2780,-2241,-2241,neg_neg
6.346266008,-2779,-2245,-2245,neg_neg
6.348257148,-2778,-2249,-2249,neg_neg
6.350191936,-2777,-2254,-2254,neg_neg
6.352155118,-2777,-2257,-2257,neg_neg
6.354162456,-2776,-2259,-2259,neg_neg
6.356235033,-2776,-2261,-2261,neg_neg
6.358176629,-2776,-2262,-2262,neg_neg
6.360267951,-2775,-2263,-2263,neg_neg
6.362181691,-2774,-2263,-2263,neg_neg
6.364134441,-2774,-2263,-2263,neg_neg
6.366133089,-2774,-2262,-2262,neg_neg
6.368143403,-2774,-2261,-2261,neg_neg
6.370150656,-2774,-2259,-2259,neg_neg
6.372225021,-2774,-2257,-2257,neg_neg
6.374183205,-2774,-2254,-2254,neg_neg
6.376138337,-2775,-2250,-2250,neg_neg
6.378108004,-2775,-2247,-2247,neg_neg
6.380112704,-2776,-2243,-2243,neg_neg
6.382134369,-2776,-2239,-2239,neg_neg
6.384100188,-2777,-2234,-2234,neg_neg
6.38617054,-2778,-2230,-2230,neg_neg
6.388147947,-2779,-2225,-2225,neg_neg
6.390175678,-2780,-2220,-2220,neg_neg
6.392189223,-2781,-2215,-2215,neg_neg
6.394125054,-2783,-2210,-2210,neg_neg
6.396309114,-2784,-2205,-2205,neg_neg
6.39820749,-2785,-2199,-2199,neg_neg
6.400220304,-2786,-2194,-2194,neg_neg
6.402082203,-2788,-2189,-2189,neg_neg
6.404062884,-2789,-2185,-2185,neg_neg
6.406111661,-2791,-2181,-2181,neg_neg
6.40811312,-2793,-2176,-2176,neg_neg
6.410126209,-2795,-2172,-2172,neg_neg
6.412043534,-2797,-2169,-2169,neg_neg
6.414035662,-2798,-2166,-2166,neg_neg
6.416118777,-2801,-2163,-2163,neg_neg
6.41815237,-2803,-2161,-2161,neg_neg
6.420163396,-2805,-2159,-2159,neg_neg
6.422108071,-2807,-2158,-2158,neg_neg
6.424145074,-2809,-2157,-2157,neg_neg
6.426124495,-2810,-2157,-2157,neg_neg
6.42807839,-2812,-2157,-2157,neg_neg
6.430070445,-2814,-2158,-2158,neg_neg
6.432082266,-2816,-2159,-2159,neg_neg
6.434103444,-2818,-2160,-2160,neg_neg
6.436031836,-2820,-2162,-2162,neg_neg
6.438095951,-2821,-2165,-2165,neg_neg
6.440035639,-2823,-2168,-2168,neg_neg
6.442064782,-2825,-2171,-2171,neg_neg
6.444031034,-2826,-2175,-2175,neg_neg
6.446038366,-2827,-2178,-2178,neg_neg
6.448025712,-2829,-2182,-2182,neg_neg
6.450068795,-2830,-2186,-2186,neg_neg
6.452069185,-2831,-2191,-2191,neg_neg
6.45408129,-2832,-2195,-2195,neg_neg
6.456082892,-2833,-2200,-2200,neg_neg
6.458064139,-2834,-2205,-2205,neg_neg
6.460080863,-2835,-2210,-2210,neg_neg
6.462087476,-2835,-2216,-2216,neg_neg
6.463935943,-2836,-2221,-2221,neg_neg
6.466011377,-2836,-2226,-2226,neg_neg
6.467935883,-2837,-2232,-2232,neg_neg
6.470066238,-2837,-2237,-2237,neg_neg
6.471964184,-2838,-2242,-2242,neg_neg
6.47404108,-2838,-2247,-2247,neg_neg
6.475998272,-2838,-2252,-2252,neg_neg
6.478115608,-2839,-2257,-2257,neg_neg
6.48002157,-2839,-2261,-2261,neg_neg
6.482189251,-2840,-2265,-2265,neg_neg
6.483996622,-2840,-2268,-2268,neg_neg
6.486192061,-2840,-2271,-2271,neg_neg
6.48800895,-2841,-2274,-2274,neg_neg
6.489949616,-2841,-2276,-2276,neg_neg
6.491968443,-2841,-2277,-2277,neg_neg
6.494034041,-2841,-2278,-2278,neg_neg
6.495979743,-2841,-2279,-2279,neg_neg
6.498068118,-2841,-2279,-2279,neg_neg
6.499971961,-2841,-2279,-2279,neg_neg
6.502047259,-2840,-2279,-2279,neg_neg
6.503972784,-2840,-2278,-2278,neg_neg
6.506156642,-2840,-2277,-2277,neg_neg
6.507976447,-2839,-2276,-2276,neg_neg
6.509966279,-2839,-2273,-2273,neg_neg
6.511935081,-2838,-2271,-2271,neg_neg
6.51390843,-2838,-2268,-2268,neg_neg
6.515868645,-2838,-2265,-2265,neg_neg
6.517957152,-2837,-2262,-2262,neg_neg
6.519886362,-2837,-2258,-2258,neg_neg
6.521899899,-2837,-2254,-2254,neg_neg
6.523105029,-2837,-2252,-2252,neg_neg
6.524924188,-2837,-2247,-2247,neg_neg
6.526967896,-2837,-2243,-2243,neg_neg
6.528857519,-2837,-2239,-2239,neg_neg
6.531017339,-2837,-2235,-2235,neg_neg
6.532832386,-2837,-2230,-2230,neg_neg
6.535027924,-2838,-2226,-2226,neg_neg
6.536901748,-2838,-2222,-2222,neg_neg
6.538999979,-2839,-2218,-2218,neg_neg
6.540883279,-2839,-2214,-2214,neg_neg
6.543045754,-2840,-2210,-2210,neg_neg
6.544910401,-2841,-2206,-2206,neg_neg
6.546992142,-2842,-2203,-2203,neg_neg
6.548899901,-2843,-2200,-2200,neg_neg
6.551057686,-2844,-2198,-2198,neg_neg
6.552850767,-2845,-2196,-2196,neg_neg
6.554809167,-2846,-2194,-2194,neg_neg
6.556834036,-2847,-2192,-2192,neg_neg
6.558839366,-2849,-2191,-2191,neg_neg
6.560844749,-2850,-2191,-2191,neg_neg
6.562831508,-2852,-2191,-2191,neg_neg
6.564871835,-2853,-2191,-2191,neg_neg
6.566899408,-2855,-2192,-2192,neg_neg
6.56884391,-2856,-2193,-2193,neg_neg
6.570914516,-2858,-2194,-2194,neg_neg
6.57281278,-2859,-2196,-2196,neg_neg
6.574848764,-2860,-2198,-2198,neg_neg
6.576762189,-2861,-2201,-2201,neg_neg
6.578775491,-2863,-2204,-2204,neg_neg
6.5807705,-2864,-2207,-2207,neg_neg
6.582803855,-2865,-2211,-2211,neg_neg
6.584822352,-2866,-2215,-2215,neg_neg
6.586821258,-2867,-2219,-2219,neg_neg
6.588793443,-2868,-2223,-2223,neg_neg
6.59078866,-2869,-2228,-2228,neg_neg
6.59278668,-2870,-2233,-2233,neg_neg
6.594775518,-2871,-2238,-2238,neg_neg
6.596747767,-2871,-2243,-2243,neg_neg
6.59882865,-2872,-2248,-2248,neg_neg
6.600820293,-2872,-2254,-2254,neg_neg
6.60277793,-2872,-2259,-2259,neg_neg
6.604782816,-2872,-2265,-2265,neg_neg
6.606683979,-2872,-2270,-2270,neg_neg
6.608761176,-2872,-2275,-2275,neg_neg
6.610753921,-2872,-2280,-2280,neg_neg
6.61267662,-2872,-2285,-2285,neg_neg
6.614734932,-2872,-2290,-2290,neg_neg
6.61673727,-2872,-2295,-2295,neg_neg
6.618723066,-2871,-2299,-2299,neg_neg
6.620736124,-2871,-2303,-2303,neg_neg
6.622671065,-2871,-2307,-2307,neg_neg
6.624764985,-2870,-2310,-2310,neg_neg
6.626726512,-2869,-2313,-2313,neg_neg
6.628715013,-2868,-2315,-2315,neg_neg
6.630701493,-2868,-2317,-2317,neg_neg
6.632659336,-2867,-2318,-2318,neg_neg
6.634689857,-2866,-2319,-2319,neg_neg
6.6366976,-2866,-2320,-2320,neg_neg
6.638664219,-2865,-2319,-2319,neg_neg
6.64072862,-2865,-2319,-2319,neg_neg
6.642634569,-2864,-2318,-2318,neg_neg
6.644684451,-2863,-2316,-2316,neg_neg
6.646665303,-2863,-2314,-2314,neg_neg
6.64871388,-2862,-2312,-2312,neg_neg
6.650672767,-2862,-2309,-2309,neg_neg
6.652616711,-2862,-2307,-2307,neg_neg
6.654664929,-2862,-2303,-2303,neg_neg
6.656686114,-2862,-2300,-2300,neg_neg
6.658647289,-2862,-2296,-2296,neg_neg
6.660672632,-2862,-2293,-2293,neg_neg
6.662622543,-2862,-2288,-2288,neg_neg
6.664618162,-2862,-2284,-2284,neg_neg
6.666622821,-2863,-2279,-2279,neg_neg
6.668619968,-2863,-2275,-2275,neg_neg
6.670631949,-2864,-2270,-2270,neg_neg
6.672683726,-2865,-2265,-2265,neg_neg
6.674652076,-2865,-2260,-2260,neg_neg
6.676619461,-2866,-2255,-2255,neg_neg
6.678638147,-2867,-2253,-2253,neg_neg
6.680621212,-2867,-2245,-2245,neg_neg
6.682627216,-2868,-2240,-2240,neg_neg
6.684636782,-2870,-2235,-2235,neg_neg
6.68666883,-2870,-2230,-2230,neg_neg
6.68862916,-2872,-2226,-2226,neg_neg
6.690616902,-2873,-2224,-2224,neg_neg
6.692651786,-2874,-2218,-2218,neg_neg
6.694665281,-2875,-2214,-2214,neg_neg
6.696615627,-2876,-2211,-2211,neg_neg
6.698581458,-2878,-2209,-2209,neg_neg
6.700598152,-2879,-2205,-2205,neg_neg
6.702587701,-2880,-2204,-2204,neg_neg
6.704592023,-2882,-2203,-2203,neg_neg
6.706578196,-2883,-2202,-2202,neg_neg
6.708609329,-2885,-2201,-2201,neg_neg
6.710623359,-2886,-2201,-2201,neg_neg
6.712684678,-2887,-2201,-2201,neg_neg
6.714576692,-2888,-2202,-2202,neg_neg
6.716620382,-2889,-2203,-2203,neg_neg
6.718582415,-2890,-2204,-2204,neg_neg
6.720551775,-2892,-2207,-2207,neg_neg
6.722531348,-2893,-2211,-2211,neg_neg
6.724572451,-2894,-2212,-2212,neg_neg
6.726531409,-2894,-2216,-2216,neg_neg
6.728533151,-2895,-2219,-2219,neg_neg
6.730548235,-2896,-2223,-2223,neg_neg
6.732527697,-2896,-2227,-2227,neg_neg
6.73456483,-2897,-2232,-2232,neg_neg
6.736485866,-2897,-2237,-2237,neg_neg
6.738546396,-2898,-2242,-2242,neg_neg
6.740525227,-2898,-2247,-2247,neg_neg
6.742450212,-2899,-2253,-2253,neg_neg
6.744518582,-2899,-2258,-2258,neg_neg
6.746413948,-2899,-2264,-2264,neg_neg
6.748464885,-2899,-2269,-2269,neg_neg
6.750465739,-2899,-2274,-2274,neg_neg
6.752485178,-2899,-2279,-2279,neg_neg
6.754523119,-2898,-2284,-2284,neg_neg
6.756446549,-2898,-2289,-2289,neg_neg
6.758467952,-2898,-2294,-2294,neg_neg
6.760486975,-2897,-2298,-2298,neg_neg
6.762462031,-2897,-2302,-2302,neg_neg
6.764503878,-2896,-2306,-2306,neg_neg
6.766493659,-2896,-2309,-2309,neg_neg
6.76841306,-2895,-2312,-2312,neg_neg
6.770423894,-2895,-2314,-2314,neg_neg
6.772454216,-2894,-2316,-2316,neg_neg
6.774477739,-2893,-2318,-2318,neg_neg
6.776510833,-2892,-2318,-2318,neg_neg
6.778478237,-2892,-2319,-2319,neg_neg
6.780368545,-2891,-2319,-2319,neg_neg
6.782379583,-2890,-2319,-2319,neg_neg
6.78437396,-2890,-2318,-2318,neg_neg
6.786393585,-2889,-2317,-2317,neg_neg
6.788398682,-2889,-2316,-2316,neg_neg
6.790486583,-2888,-2314,-2314,neg_neg
6.79250853,-2888,-2312,-2312,neg_neg
6.794479397,-2887,-2309,-2309,neg_neg
6.796384268,-2887,-2306,-2306,neg_neg
6.798401269,-2887,-2303,-2303,neg_neg
6.800313507,-2887,-2300,-2300,neg_neg
6.802393814,-2887,-2296,-2296,neg_neg
6.804418904,-2888,-2293,-2293,neg_neg
6.806408677,-2888,-2289,-2289,neg_neg
6.808367637,-2888,-2285,-2285,neg_neg
6.810416156,-2889,-2281,-2281,neg_neg
6.812411239,-2889,-2278,-2278,neg_neg
6.814421507,-2889,-2274,-2274,neg_neg
6.816444589,-2890,-2270,-2270,neg_neg
6.818343147,-2891,-2266,-2266,neg_neg
6.82033392,-2892,-2262,-2262,neg_neg
6.822356828,-2893,-2259,-2259,neg_neg
6.824340629,-2893,-2255,-2255,neg_neg
6.826362445,-2895,-2252,-2252,neg_neg
6.82832556,-2896,-2248,-2248,neg_neg
6.830380287,-2897,-2246,-2246,neg_neg
6.832298547,-2898,-2244,-2244,neg_neg
6.834316306,-2899,-2242,-2242,neg_neg
6.836266651,-2901,-2240,-2240,neg_neg
6.838350573,-2902,-2240,-2240,neg_neg
6.840368767,-2903,-2239,-2239,neg_neg
6.842354283,-2905,-2239,-2239,neg_neg
6.844281263,-2906,-2239,-2239,neg_neg
6.846341742,-2908,-2239,-2239,neg_neg
6.848280582,-2909,-2240,-2240,neg_neg
6.850339199,-2911,-2241,-2241,neg_neg
6.852290236,-2913,-2242,-2242,neg_neg
6.854306049,-2913,-2245,-2245,neg_neg
6.856278075,-2915,-2246,-2246,neg_neg
6.858263597,-2916,-2249,-2249,neg_neg
6.860295638,-2917,-2253,-2253,neg_neg
6.862240259,-2918,-2255,-2255,neg_neg
6.864225591,-2919,-2259,-2259,neg_neg
6.866247589,-2920,-2262,-2262,neg_neg
6.868231523,-2921,-2266,-2266,neg_neg
6.870300413,-2922,-2270,-2270,neg_neg
6.872344087,-2923,-2274,-2274,neg_neg
6.874246699,-2924,-2278,-2278,neg_neg
6.876185729,-2925,-2282,-2282,neg_neg
6.87817663,-2925,-2287,-2287,neg_neg
6.880255475,-2926,-2291,-2291,neg_neg
6.882255611,-2926,-2296,-2296,neg_neg
6.884203883,-2927,-2300,-2300,neg_neg
6.886207614,-2927,-2304,-2304,neg_neg
6.888195427,-2927,-2309,-2309,neg_neg
6.890194576,-2927,-2314,-2314,neg_neg
6.892212337,-2927,-2318,-2318,neg_neg
6.894201048,-2927,-2321,-2321,neg_neg
6.896237841,-2927,-2325,-2325,neg_neg
6.898284452,-2927,-2328,-2328,neg_neg
6.900232321,-2926,-2332,-2332,neg_neg
6.902155223,-2926,-2334,-2334,neg_neg
6.904247013,-2926,-2337,-2337,neg_neg
6.906199065,-2926,-2338,-2338,neg_neg
6.908204793,-2925,-2340,-2340,neg_neg
6.91019982,-2925,-2341,-2341,neg_neg
6.912260076,-2924,-2341,-2341,neg_neg
6.914226766,-2924,-2341,-2341,neg_neg
6.916144289,-2923,-2341,-2341,neg_neg
6.918177108,-2923,-2341,-2341,neg_neg
6.920171911,-2923,-2340,-2340,neg_neg
6.922143711,-2922,-2339,-2339,neg_neg
6.92414308,-2922,-2337,-2337,neg_neg
6.926106053,-2921,-2335,-2335,neg_neg
6.928129115,-2921,-2333,-2333,neg_neg
6.930074613,-2921,-2330,-2330,neg_neg
6.932137953,-2921,-2327,-2327,neg_neg
6.934152001,-2921,-2325,-2325,neg_neg
6.936075346,-2921,-2322,-2322,neg_neg
6.938135554,-2921,-2319,-2319,neg_neg
6.940136388,-2921,-2316,-2316,neg_neg
6.942108959,-2921,-2312,-2312,neg_neg
6.944122438,-2922,-2308,-2308,neg_neg
6.946119675,-2922,-2305,-2305,neg_neg
6.948105975,-2923,-2302,-2302,neg_neg
6.950067992,-2924,-2298,-2298,neg_neg
6.952072553,-2925,-2294,-2294,neg_neg
6.954080846,-2925,-2291,-2291,neg_neg
6.956055784,-2926,-2288,-2288,neg_neg
6.958103822,-2927,-2285,-2285,neg_neg
6.960048232,-2928,-2282,-2282,neg_neg
6.962075467,-2929,-2279,-2279,neg_neg
6.964082341,-2930,-2277,-2277,neg_neg
6.966105209,-2932,-2275,-2275,neg_neg
6.96807931,-2933,-2273,-2273,neg_neg
6.97011092,-2935,-2272,-2272,neg_neg
6.972166029,-2936,-2271,-2271,neg_neg
6.974093791,-2938,-2270,-2270,neg_neg
6.976084611,-2940,-2270,-2270,neg_neg
6.97807376,-2941,-2271,-2271,neg_neg
6.980082878,-2942,-2271,-2271,neg_neg
6.982075522,-2944,-2271,-2271,neg_neg
6.984068917,-2945,-2273,-2273,neg_neg
6.986169975,-2947,-2274,-2274,neg_neg
6.988052879,-2949,-2277,-2277,neg_neg
6.990106102,-2950,-2279,-2279,neg_neg
6.992067539,-2952,-2282,-2282,neg_neg
6.994094172,-2953,-2285,-2285,neg_neg
6.996088775,-2955,-2288,-2288,neg_neg
6.998097497,-2956,-2292,-2292,neg_neg
7.000033738,-2957,-2295,-2295,neg_neg
7.002057089,-2958,-2299,-2299,neg_neg
7.004061106,-2959,-2303,-2303,neg_neg
7.00612658,-2961,-2308,-2308,neg_neg
7.008054608,-2962,-2312,-2312,neg_neg
7.010143155,-2963,-2317,-2317,neg_neg
7.012021186,-2964,-2321,-2321,neg_neg
7.013978949,-2966,-2326,-2326,neg_neg
7.015932533,-2966,-2331,-2331,neg_neg
7.017969495,-2967,-2335,-2335,neg_neg
7.019923411,-2968,-2340,-2340,neg_neg
7.021950715,-2968,-2344,-2344,neg_neg
7.023931345,-2969,-2348,-2348,neg_neg
7.025970777,-2970,-2351,-2351,neg_neg
7.027924468,-2970,-2354,-2354,neg_neg
7.029929841,-2970,-2357,-2357,neg_neg
7.031927179,-2970,-2360,-2360,neg_neg
7.033916581,-2970,-2362,-2362,neg_neg
7.035989309,-2970,-2364,-2364,neg_neg
7.037963058,-2970,-2366,-2366,neg_neg
7.039902674,-2970,-2367,-2367,neg_neg
7.041859001,-2970,-2367,-2367,neg_neg
7.043884703,-2969,-2367,-2367,neg_neg
7.045961658,-2969,-2368,-2368,neg_neg
7.047927139,-2969,-2367,-2367,neg_neg
7.050030367,-2969,-2367,-2367,neg_neg
7.052288329,-2969,-2366,-2366,neg_neg
7.05391548,-2969,-2364,-2364,neg_neg
7.055866379,-2969,-2362,-2362,neg_neg
7.05796201,-2969,-2360,-2360,neg_neg
7.059887551,-2969,-2358,-2358,neg_neg
7.061938257,-2969,-2356,-2356,neg_neg
7.063968911,-2969,-2353,-2353,neg_neg
7.065940657,-2969,-2351,-2351,neg_neg
7.068118853,-2969,-2348,-2348,neg_neg
7.069973035,-2969,-2346,-2346,neg_neg
7.070820481,-2970,-2344,-2344,neg_neg
7.072885353,-2970,-2341,-2341,neg_neg
7.074863416,-2970,-2337,-2337,neg_neg
7.076861358,-2971,-2334,-2334,neg_neg
7.078845766,-2971,-2331,-2331,neg_neg
7.080823354,-2972,-2327,-2327,neg_neg
7.082794816,-2972,-2324,-2324,neg_neg
7.084775706,-2973,-2320,-2320,neg_neg
7.086781994,-2974,-2317,-2317,neg_neg
7.088779347,-2975,-2314,-2314,neg_neg
7.090778084,-2976,-2311,-2311,neg_neg
7.092749286,-2976,-2308,-2308,neg_neg
7.094767885,-2977,-2305,-2305,neg_neg
7.096771435,-2977,-2303,-2303,neg_neg
7.098786024,-2978,-2301,-2301,neg_neg
7.100893355,-2979,-2299,-2299,neg_neg
7.102766859,-2980,-2297,-2297,neg_neg
7.104798358,-2982,-2297,-2297,neg_neg
7.106742658,-2983,-2296,-2296,neg_neg
7.108871717,-2984,-2296,-2296,neg_neg
7.110779001,-2986,-2296,-2296,neg_neg
7.112827611,-2987,-2296,-2296,neg_neg
7.114784316,-2989,-2296,-2296,neg_neg
7.116803086,-2991,-2297,-2297,neg_neg
7.118873865,-2992,-2299,-2299,neg_neg
7.120776818,-2994,-2301,-2301,neg_neg
7.12282471,-2996,-2303,-2303,neg_neg
7.124897322,-2997,-2305,-2305,neg_neg
7.126829219,-2998,-2308,-2308,neg_neg
7.128751288,-3000,-2311,-2311,neg_neg
7.13077702,-3001,-2314,-2314,neg_neg
7.132795651,-3003,-2318,-2318,neg_neg
7.134814034,-3004,-2321,-2321,neg_neg
7.136745667,-3005,-2325,-2325,neg_neg
7.138721321,-3007,-2329,-2329,neg_neg
7.140776428,-3008,-2333,-2333,neg_neg
7.142676589,-3009,-2338,-2338,neg_neg
7.144709979,-3010,-2343,-2343,neg_neg
7.146754992,-3011,-2347,-2347,neg_neg
7.1487483,-3012,-2351,-2351,neg_neg
7.150707589,-3012,-2356,-2356,neg_neg
7.152711531,-3013,-2360,-2360,neg_neg
7.154688359,-3014,-2365,-2365,neg_neg
7.156661406,-3014,-2369,-2369,neg_neg
7.158687199,-3015,-2374,-2374,neg_neg
7.160687136,-3015,-2378,-2378,neg_neg
7.162684076,-3015,-2383,-2383,neg_neg
7.164702577,-3015,-2387,-2387,neg_neg
7.166632666,-3015,-2390,-2390,neg_neg
7.168648466,-3015,-2393,-2393,neg_neg
7.17063057,-3015,-2396,-2396,neg_neg
7.172672962,-3015,-2399,-2399,neg_neg
7.174719618,-3015,-2401,-2401,neg_neg
7.176677845,-3014,-2402,-2402,neg_neg
7.178685218,-3014,-2404,-2404,neg_neg
7.180617438,-3014,-2405,-2405,neg_neg
7.182673641,-3014,-2405,-2405,neg_neg
7.184677335,-3013,-2406,-2406,neg_neg
7.186667345,-3013,-2405,-2405,neg_neg
7.188644978,-3013,-2405,-2405,neg_neg
7.190671426,-3013,-2404,-2404,neg_neg
7.192642805,-3012,-2402,-2402,neg_neg
7.194727727,-3012,-2401,-2401,neg_neg
7.196660657,-3012,-2399,-2399,neg_neg
7.198680547,-3012,-2397,-2397,neg_neg
7.200686419,-3013,-2394,-2394,neg_neg
7.202703048,-3013,-2391,-2391,neg_neg
7.204716255,-3013,-2389,-2389,neg_neg
7.206644036,-3014,-2386,-2386,neg_neg
7.208739009,-3014,-2383,-2383,neg_neg
7.210637314,-3015,-2380,-2380,neg_neg
7.212651526,-3016,-2376,-2376,neg_neg
7.2146319,-3016,-2373,-2373,neg_neg
7.21663137,-3017,-2369,-2369,neg_neg
7.218552254,-3018,-2367,-2367,neg_neg
7.220655934,-3019,-2363,-2363,neg_neg
7.222608617,-3020,-2359,-2359,neg_neg
7.224617586,-3021,-2356,-2356,neg_neg
7.226605668,-3022,-2353,-2353,neg_neg
7.22869804,-3023,-2350,-2350,neg_neg
7.230634093,-3024,-2348,-2348,neg_neg
7.232665964,-3026,-2346,-2346,neg_neg
7.234628466,-3027,-2344,-2344,neg_neg
7.236593561,-3028,-2342,-2342,neg_neg
7.238570018,-3030,-2340,-2340,neg_neg
7.24060633,-3032,-2340,-2340,neg_neg
7.242555579,-3033,-2339,-2339,neg_neg
7.244585567,-3035,-2339,-2339,neg_neg
7.24660916,-3037,-2339,-2339,neg_neg
7.248613964,-3038,-2339,-2339,neg_neg
7.250585351,-3040,-2340,-2340,neg_neg
7.252611045,-3041,-2341,-2341,neg_neg
7.254617222,-3043,-2343,-2343,neg_neg
7.256569943,-3045,-2345,-2345,neg_neg
7.258549083,-3046,-2347,-2347,neg_neg
7.260575929,-3048,-2348,-2348,neg_neg
7.262564225,-3049,-2352,-2352,neg_neg
7.264536055,-3051,-2354,-2354,neg_neg
7.26654252,-3052,-2358,-2358,neg_neg
7.268519548,-3053,-2361,-2361,neg_neg
7.270512494,-3055,-2366,-2366,neg_neg
7.272532577,-3056,-2369,-2369,neg_neg
7.274482089,-3057,-2373,-2373,neg_neg
7.276551351,-3059,-2377,-2377,neg_neg
7.278527259,-3060,-2382,-2382,neg_neg
7.280537095,-3061,-2387,-2387,neg_neg
7.282512957,-3062,-2390,-2390,neg_neg
7.284477296,-3062,-2395,-2395,neg_neg
7.286479925,-3063,-2400,-2400,neg_neg
7.28859135,-3064,-2405,-2405,neg_neg
7.290453384,-3065,-2409,-2409,neg_neg
7.292454652,-3065,-2412,-2412,neg_neg
7.294470322,-3066,-2415,-2415,neg_neg
7.296488366,-3066,-2422,-2422,neg_neg
7.298458494,-3066,-2426,-2426,neg_neg
7.300437137,-3066,-2429,-2429,neg_neg
7.30257803,-3067,-2433,-2433,neg_neg
7.304485026,-3067,-2434,-2434,neg_neg
7.306558719,-3067,-2437,-2437,neg_neg
7.308517575,-3067,-2439,-2439,neg_neg
7.310473229,-3067,-2439,-2439,neg_neg
7.312473754,-3068,-2441,-2441,neg_neg
7.314480064,-3068,-2441,-2441,neg_neg
7.31641023,-3068,-2441,-2441,neg_neg
7.318428687,-3068,-2441,-2441,neg_neg
7.32037005,-3068,-2441,-2441,neg_neg
7.3223678,-3068,-2440,-2440,neg_neg
7.324469123,-3067,-2438,-2438,neg_neg
7.326399148,-3067,-2436,-2436,neg_neg
7.328392242,-3067,-2434,-2434,neg_neg
7.330329277,-3067,-2431,-2431,neg_neg
7.332396045,-3067,-2430,-2430,neg_neg
7.334309401,-3067,-2425,-2425,neg_neg
7.336311612,-3067,-2423,-2423,neg_neg
7.338343208,-3067,-2420,-2420,neg_neg
7.340352151,-3067,-2416,-2416,neg_neg
7.342360716,-3067,-2412,-2412,neg_neg
7.34433745,-3068,-2410,-2410,neg_neg
7.34636864,-3068,-2405,-2405,neg_neg
7.348456773,-3068,-2401,-2401,neg_neg
7.350414343,-3069,-2397,-2397,neg_neg
7.352388256,-3070,-2393,-2393,neg_neg
7.354392737,-3070,-2390,-2390,neg_neg
7.356331824,-3070,-2386,-2386,neg_neg
7.358387251,-3071,-2382,-2382,neg_neg
7.360329023,-3072,-2378,-2378,neg_neg
7.362378811,-3072,-2374,-2374,neg_neg
7.364352127,-3074,-2371,-2371,neg_neg
7.366368105,-3075,-2369,-2369,neg_neg
7.368383893,-3075,-2365,-2365,neg_neg
7.370315372,-3076,-2362,-2362,neg_neg
7.372294502,-3077,-2360,-2360,neg_neg
7.374341829,-3078,-2358,-2358,neg_neg
7.376289282,-3079,-2357,-2357,neg_neg
7.378268276,-3080,-2355,-2355,neg_neg
7.380283227,-3082,-2355,-2355,neg_neg
7.382234697,-3083,-2355,-2355,neg_neg
7.384300356,-3084,-2355,-2355,neg_neg
7.3863058,-3085,-2355,-2355,neg_neg
7.388329985,-3086,-2356,-2356,neg_neg
7.390307423,-3088,-2358,-2358,neg_neg
7.392274803,-3089,-2360,-2360,neg_neg
7.394286776,-3090,-2362,-2362,neg_neg
7.396263301,-3091,-2365,-2365,neg_neg
7.398247839,-3092,-2368,-2368,neg_neg
7.400275811,-3093,-2370,-2370,neg_neg
7.402288601,-3095,-2374,-2374,neg_neg
7.404316437,-3096,-2378,-2378,neg_neg
7.406289087,-3097,-2382,-2382,neg_neg
7.408260258,-3098,-2386,-2386,neg_neg
7.410298667,-3098,-2390,-2390,neg_neg
7.412288391,-3099,-2395,-2395,neg_neg
7.414303765,-3100,-2400,-2400,neg_neg
7.416270936,-3101,-2405,-2405,neg_neg
7.418255379,-3101,-2410,-2410,neg_neg
7.42026068,-3102,-2415,-2415,neg_neg
7.422224883,-3102,-2420,-2420,neg_neg
7.424267686,-3102,-2425,-2425,neg_neg
7.426282418,-3102,-2431,-2431,neg_neg
7.428266916,-3102,-2435,-2435,neg_neg
7.430246497,-3102,-2440,-2440,neg_neg
7.432312343,-3101,-2445,-2445,neg_neg
7.434289507,-3101,-2450,-2450,neg_neg
7.436275083,-3100,-2454,-2454,neg_neg
7.438267307,-3099,-2457,-2457,neg_neg
7.440275073,-3099,-2461,-2461,neg_neg
7.442269159,-3099,-2463,-2463,neg_neg
7.444232717,-3098,-2466,-2466,neg_neg
7.446223667,-3098,-2469,-2469,neg_neg
7.448257946,-3097,-2470,-2470,neg_neg
7.450243119,-3097,-2472,-2472,neg_neg
7.452178444,-3097,-2472,-2472,neg_neg
7.454194983,-3096,-2473,-2473,neg_neg
7.456149813,-3096,-2473,-2473,neg_neg
7.458191163,-3095,-2472,-2472,neg_neg
7.460228156,-3095,-2471,-2471,neg_neg
7.462212455,-3095,-2470,-2470,neg_neg
7.464241776,-3095,-2468,-2468,neg_neg
7.466173266,-3095,-2466,-2466,neg_neg
7.468181208,-3095,-2464,-2464,neg_neg
7.470161455,-3095,-2461,-2461,neg_neg
7.472180574,-3095,-2458,-2458,neg_neg
7.474191785,-3095,-2455,-2455,neg_neg
7.476174611,-3096,-2452,-2452,neg_neg
7.478139901,-3096,-2449,-2449,neg_neg
7.480136506,-3097,-2445,-2445,neg_neg
7.482144901,-3097,-2441,-2441,neg_neg
7.484159265,-3098,-2437,-2437,neg_neg
7.486116563,-3098,-2433,-2433,neg_neg
7.488095732,-3099,-2430,-2430,neg_neg
7.490090339,-3100,-2426,-2426,neg_neg
7.492083317,-3101,-2422,-2422,neg_neg
7.494257632,-3102,-2418,-2418,neg_neg
7.496113814,-3103,-2415,-2415,neg_neg
7.498182814,-3104,-2412,-2412,neg_neg
7.500108484,-3104,-2408,-2408,neg_neg
7.502102006,-3105,-2405,-2405,neg_neg
7.504072137,-3106,-2402,-2402,neg_neg
7.506123365,-3107,-2399,-2399,neg_neg
7.508116239,-3108,-2397,-2397,neg_neg
7.510139583,-3110,-2395,-2395,neg_neg
7.51213784,-3111,-2393,-2393,neg_neg
7.51416345,-3112,-2393,-2393,neg_neg
7.516087642,-3114,-2392,-2392,neg_neg
7.518098081,-3115,-2392,-2392,neg_neg
7.520140231,-3116,-2392,-2392,neg_neg
7.522216787,-3117,-2392,-2392,neg_neg
7.524064027,-3118,-2393,-2393,neg_neg
7.526129717,-3119,-2394,-2394,neg_neg
7.528145742,-3120,-2396,-2396,neg_neg
7.530141726,-3121,-2398,-2398,neg_neg
7.531218014,-3121,-2399,-2399,neg_neg
7.533138692,-3122,-2401,-2401,neg_neg
7.53512875,-3123,-2404,-2404,neg_neg
7.537128924,-3124,-2408,-2408,neg_neg
7.539070035,-3125,-2411,-2411,neg_neg
7.541113149,-3126,-2414,-2414,neg_neg
7.543129785,-3127,-2418,-2418,neg_neg
7.54513206,-3127,-2422,-2422,neg_neg
7.547092921,-3128,-2426,-2426,neg_neg
7.54916489,-3129,-2431,-2431,neg_neg
7.551139014,-3129,-2435,-2435,neg_neg
7.553171634,-3130,-2440,-2440,neg_neg
7.555046998,-3130,-2445,-2445,neg_neg
7.557112814,-3130,-2450,-2450,neg_neg
7.559117449,-3130,-2454,-2454,neg_neg
7.561024624,-3130,-2459,-2459,neg_neg
7.563034999,-3130,-2464,-2464,neg_neg
7.565034765,-3130,-2469,-2469,neg_neg
7.567165851,-3130,-2474,-2474,neg_neg
7.568951452,-3130,-2479,-2479,neg_neg
7.571044906,-3130,-2483,-2483,neg_neg
7.572966623,-3130,-2487,-2487,neg_neg
7.574922194,-3130,-2491,-2491,neg_neg
7.576932526,-3130,-2495,-2495,neg_neg
7.578990753,-3129,-2498,-2498,neg_neg
7.581159322,-3129,-2501,-2501,neg_neg
7.582922045,-3128,-2503,-2503,neg_neg
7.584948737,-3128,-2504,-2504,neg_neg
7.586917026,-3128,-2506,-2506,neg_neg
7.588940808,-3127,-2507,-2507,neg_neg
7.590868934,-3127,-2507,-2507,neg_neg
7.592894595,-3126,-2507,-2507,neg_neg
7.594897169,-3125,-2507,-2507,neg_neg
7.596845825,-3125,-2506,-2506,neg_neg
7.598898454,-3124,-2505,-2505,neg_neg
7.600900554,-3124,-2503,-2503,neg_neg
7.602848767,-3123,-2501,-2501,neg_neg
7.60481731,-3123,-2498,-2498,neg_neg
7.60680695,-3123,-2496,-2496,neg_neg
7.608833915,-3123,-2493,-2493,neg_neg
7.610796061,-3123,-2489,-2489,neg_neg
7.612842389,-3123,-2486,-2486,neg_neg
7.614838621,-3123,-2482,-2482,neg_neg
7.616884366,-3124,-2478,-2478,neg_neg
7.61881644,-3124,-2473,-2473,neg_neg
7.620951522,-3124,-2469,-2469,neg_neg
7.622819107,-3125,-2464,-2464,neg_neg
7.624976377,-3126,-2459,-2459,neg_neg
7.626828626,-3126,-2454,-2454,neg_neg
7.628926614,-3127,-2450,-2450,neg_neg
7.630883027,-3128,-2445,-2445,neg_neg
7.633082718,-3129,-2441,-2441,neg_neg
7.634875653,-3130,-2436,-2436,neg_neg
7.637064465,-3131,-2433,-2433,neg_neg
7.638862471,-3132,-2428,-2428,neg_neg
7.640847794,-3133,-2424,-2424,neg_neg
7.642854887,-3134,-2421,-2421,neg_neg
7.645083334,-3136,-2417,-2417,neg_neg
7.646882923,-3137,-2414,-2414,neg_neg
7.649158944,-3138,-2412,-2412,neg_neg
7.650826614,-3139,-2410,-2410,neg_neg
7.652938501,-3140,-2409,-2409,neg_neg
7.654800633,-3142,-2408,-2408,neg_neg
7.656915134,-3143,-2408,-2408,neg_neg
7.658794285,-3145,-2408,-2408,neg_neg
7.660820541,-3146,-2408,-2408,neg_neg
7.662799462,-3147,-2408,-2408,neg_neg
7.664772154,-3148,-2410,-2410,neg_neg
7.666813587,-3150,-2412,-2412,neg_neg
7.668801906,-3151,-2413,-2413,neg_neg
7.670813947,-3152,-2416,-2416,neg_neg
7.672831732,-3153,-2419,-2419,neg_neg
7.674811272,-3154,-2423,-2423,neg_neg
7.676793376,-3155,-2426,-2426,neg_neg
7.678817975,-3156,-2430,-2430,neg_neg
7.680831169,-3157,-2433,-2433,neg_neg
7.682820392,-3158,-2438,-2438,neg_neg
7.684786715,-3158,-2443,-2443,neg_neg
7.686805702,-3159,-2448,-2448,neg_neg
7.688793717,-3160,-2453,-2453,neg_neg
7.690784777,-3160,-2457,-2457,neg_neg
7.692726912,-3160,-2462,-2462,neg_neg
7.694781006,-3161,-2468,-2468,neg_neg
7.696761539,-3161,-2473,-2473,neg_neg
7.698740677,-3161,-2478,-2478,neg_neg
7.700776556,-3161,-2484,-2484,neg_neg
7.702745252,-3161,-2489,-2489,neg_neg
7.704682001,-3161,-2494,-2494,neg_neg
7.706776242,-3161,-2499,-2499,neg_neg
7.708720081,-3160,-2504,-2504,neg_neg
7.710726095,-3160,-2509,-2509,neg_neg
7.71273402,-3160,-2513,-2513,neg_neg
7.714690234,-3159,-2517,-2517,neg_neg
7.716705493,-3159,-2520,-2520,neg_neg
7.71869304,-3158,-2523,-2523,neg_neg
7.72071308,-3158,-2526,-2526,neg_neg
7.722736665,-3157,-2528,-2528,neg_neg
7.724750526,-3156,-2530,-2530,neg_neg
7.726703701,-3156,-2530,-2530,neg_neg
7.728666242,-3155,-2531,-2531,neg_neg
7.7306265,-3154,-2531,-2531,neg_neg
7.73269722,-3154,-2531,-2531,neg_neg
7.734708285,-3153,-2530,-2530,neg_neg
7.736700482,-3153,-2529,-2529,neg_neg
7.738708712,-3152,-2527,-2527,neg_neg
7.74069508,-3152,-2525,-2525,neg_neg
7.742630439,-3152,-2523,-2523,neg_neg
7.744655808,-3152,-2520,-2520,neg_neg
7.746621345,-3152,-2517,-2517,neg_neg
7.748662962,-3152,-2513,-2513,neg_neg
7.750595205,-3152,-2510,-2510,neg_neg
7.75264914,-3152,-2506,-2506,neg_neg
7.754651996,-3153,-2502,-2502,neg_neg
7.756656936,-3153,-2497,-2497,neg_neg
7.75874927,-3153,-2493,-2493,neg_neg
7.760651478,-3154,-2488,-2488,neg_neg
7.762754099,-3155,-2484,-2484,neg_neg
7.764660181,-3156,-2479,-2479,neg_neg
7.766671485,-3157,-2475,-2475,neg_neg
7.768635502,-3157,-2470,-2470,neg_neg
7.770604629,-3158,-2465,-2465,neg_neg
7.772624319,-3159,-2461,-2461,neg_neg
7.774611868,-3160,-2457,-2457,neg_neg
7.776642449,-3162,-2453,-2453,neg_neg
7.778591654,-3163,-2450,-2450,neg_neg
7.780568827,-3164,-2446,-2446,neg_neg
7.782561974,-3165,-2443,-2443,neg_neg
7.784583938,-3167,-2441,-2441,neg_neg
7.786575366,-3168,-2438,-2438,neg_neg
7.78858892,-3169,-2436,-2436,neg_neg
7.790559618,-3170,-2435,-2435,neg_neg
7.792609677,-3171,-2434,-2434,neg_neg
7.794621448,-3172,-2434,-2434,neg_neg
7.796577123,-3173,-2434,-2434,neg_neg
7.798570678,-3175,-2434,-2434,neg_neg
7.800591931,-3176,-2436,-2436,neg_neg
7.802555817,-3178,-2437,-2437,neg_neg
7.804509908,-3179,-2439,-2439,neg_neg
7.806551599,-3180,-2442,-2442,neg_neg
7.808620553,-3181,-2444,-2444,neg_neg
7.810517238,-3182,-2447,-2447,neg_neg
7.81253163,-3184,-2451,-2451,neg_neg
7.81459115,-3185,-2454,-2454,neg_neg
7.816612131,-3185,-2457,-2457,neg_neg
7.818594838,-3186,-2461,-2461,neg_neg
7.820591594,-3187,-2465,-2465,neg_neg
7.822554099,-3187,-2470,-2470,neg_neg
7.824528283,-3188,-2474,-2474,neg_neg
7.826542156,-3188,-2479,-2479,neg_neg
7.828550157,-3189,-2484,-2484,neg_neg
7.830578882,-3189,-2489,-2489,neg_neg
7.832557257,-3189,-2494,-2494,neg_neg
7.834507563,-3189,-2499,-2499,neg_neg
7.836537521,-3189,-2503,-2503,neg_neg
7.838551366,-3188,-2508,-2508,neg_neg
7.840625606,-3188,-2513,-2513,neg_neg
7.842578178,-3188,-2518,-2518,neg_neg
7.844457694,-3188,-2522,-2522,neg_neg
7.846446366,-3187,-2526,-2526,neg_neg
7.848412295,-3187,-2530,-2530,neg_neg
7.850432331,-3186,-2534,-2534,neg_neg
7.852454634,-3185,-2537,-2537,neg_neg
7.854413562,-3185,-2539,-2539,neg_neg
7.856448635,-3184,-2542,-2542,neg_neg
7.858426932,-3183,-2544,-2544,neg_neg
7.860449702,-3182,-2545,-2545,neg_neg
7.862420395,-3181,-2546,-2546,neg_neg
7.864441688,-3180,-2547,-2547,neg_neg
7.866435999,-3178,-2547,-2547,neg_neg
7.868468975,-3177,-2547,-2547,neg_neg
7.870410736,-3176,-2546,-2546,neg_neg
7.872381231,-3175,-2545,-2545,neg_neg
7.874394473,-3174,-2543,-2543,neg_neg
7.876368204,-3173,-2541,-2541,neg_neg
7.878369072,-3173,-2539,-2539,neg_neg
7.880406554,-3173,-2537,-2537,neg_neg
7.882338263,-3173,-2534,-2534,neg_neg
7.884386136,-3172,-2531,-2531,neg_neg
7.886423945,-3172,-2529,-2529,neg_neg
7.888373102,-3172,-2525,-2525,neg_neg
7.890366849,-3173,-2522,-2522,neg_neg
7.892310765,-3173,-2519,-2519,neg_neg
7.894368131,-3173,-2515,-2515,neg_neg
7.8963119,-3174,-2512,-2512,neg_neg
7.898347533,-3174,-2508,-2508,neg_neg
7.900341836,-3175,-2504,-2504,neg_neg
7.902370143,-3176,-2501,-2501,neg_neg
7.904358635,-3177,-2497,-2497,neg_neg
7.906393799,-3178,-2494,-2494,neg_neg
7.908349777,-3179,-2491,-2491,neg_neg
7.910317953,-3181,-2488,-2488,neg_neg
7.912343316,-3182,-2485,-2485,neg_neg
7.914331447,-3183,-2482,-2482,neg_neg
7.916368294,-3184,-2480,-2480,neg_neg
7.918305681,-3186,-2478,-2478,neg_neg
7.920304254,-3186,-2477,-2477,neg_neg
7.92231799,-3187,-2475,-2475,neg_neg
7.924300919,-3189,-2475,-2475,neg_neg
7.926282906,-3190,-2475,-2475,neg_neg
7.928362828,-3192,-2475,-2475,neg_neg
7.930289891,-3193,-2475,-2475,neg_neg
7.932250161,-3194,-2475,-2475,neg_neg
7.934248744,-3195,-2475,-2475,neg_neg
7.93630474,-3196,-2477,-2477,neg_neg
7.938268525,-3198,-2479,-2479,neg_neg
7.940263196,-3199,-2481,-2481,neg_neg
7.942263828,-3200,-2483,-2483,neg_neg
7.944297313,-3201,-2486,-2486,neg_neg
7.946256876,-3203,-2489,-2489,neg_neg
7.948251967,-3204,-2491,-2491,neg_neg
7.950303142,-3205,-2494,-2494,neg_neg
7.952211826,-3206,-2498,-2498,neg_neg
7.954259682,-3207,-2502,-2502,neg_neg
7.956236645,-3208,-2505,-2505,neg_neg
7.958198412,-3209,-2509,-2509,neg_neg
7.96023284,-3210,-2513,-2513,neg_neg
7.962243639,-3211,-2517,-2517,neg_neg
7.964219142,-3212,-2522,-2522,neg_neg
7.966297023,-3212,-2524,-2524,neg_neg
7.968244943,-3213,-2530,-2530,neg_neg
7.970234864,-3214,-2534,-2534,neg_neg
7.972180208,-3214,-2539,-2539,neg_neg
7.974206075,-3214,-2541,-2541,neg_neg
7.976220705,-3215,-2545,-2545,neg_neg
7.978248347,-3215,-2551,-2551,neg_neg
7.980193772,-3215,-2554,-2554,neg_neg
7.982169457,-3215,-2556,-2556,neg_neg
7.98417896,-3215,-2559,-2559,neg_neg
7.98617053,-3215,-2561,-2561,neg_neg
7.988169839,-3215,-2564,-2564,neg_neg
7.990169574,-3215,-2565,-2565,neg_neg
7.992171455,-3215,-2567,-2567,neg_neg
7.994143625,-3214,-2568,-2568,neg_neg
7.996164471,-3214,-2569,-2569,neg_neg
7.998136611,-3214,-2569,-2569,neg_neg
8.000099453,-3214,-2569,-2569,neg_neg
8.002142462,-3213,-2568,-2568,neg_neg
8.004110635,-3213,-2568,-2568,neg_neg
8.006111891,-3213,-2567,-2567,neg_neg
8.008092022,-3213,-2565,-2565,neg_neg
8.010067656,-3213,-2563,-2563,neg_neg
8.012090175,-3213,-2561,-2561,neg_neg
8.014149626,-3213,-2559,-2559,neg_neg
8.016114288,-3213,-2556,-2556,neg_neg
8.018111082,-3213,-2554,-2554,neg_neg
8.020065637,-3213,-2551,-2551,neg_neg
8.022108927,-3213,-2548,-2548,neg_neg
8.024102421,-3213,-2544,-2544,neg_neg
8.026127967,-3214,-2541,-2541,neg_neg
8.028088273,-3214,-2537,-2537,neg_neg
8.030097057,-3214,-2534,-2534,neg_neg
8.032060359,-3215,-2530,-2530,neg_neg
8.034070172,-3215,-2527,-2527,neg_neg
8.036102933,-3215,-2523,-2523,neg_neg
8.038171166,-3216,-2520,-2520,neg_neg
8.04011994,-3216,-2517,-2517,neg_neg
8.042197488,-3216,-2513,-2513,neg_neg
8.044182795,-3217,-2510,-2510,neg_neg
8.046166024,-3217,-2507,-2507,neg_neg
8.048145043,-3218,-2505,-2505,neg_neg
8.050158224,-3219,-2502,-2502,neg_neg
8.052091279,-3220,-2500,-2500,neg_neg
8.054152777,-3220,-2498,-2498,neg_neg
8.056129407,-3221,-2496,-2496,neg_neg
8.058193973,-3222,-2495,-2495,neg_neg
8.060106692,-3223,-2495,-2495,neg_neg
8.06208817,-3223,-2494,-2494,neg_neg
8.064058997,-3224,-2494,-2494,neg_neg
8.066141972,-3226,-2494,-2494,neg_neg
8.068073673,-3226,-2495,-2495,neg_neg
8.070091271,-3227,-2495,-2495,neg_neg
8.072080304,-3228,-2497,-2497,neg_neg
8.074101635,-3230,-2498,-2498,neg_neg
8.076042578,-3230,-2501,-2501,neg_neg
8.078052145,-3231,-2503,-2503,neg_neg
8.079984641,-3232,-2505,-2505,neg_neg
8.081965165,-3233,-2508,-2508,neg_neg
8.083969505,-3234,-2511,-2511,neg_neg
8.085969902,-3234,-2514,-2514,neg_neg
8.087947389,-3235,-2517,-2517,neg_neg
8.090025268,-3235,-2521,-2521,neg_neg
8.09193559,-3236,-2524,-2524,neg_neg
8.093958828,-3236,-2528,-2528,neg_neg
8.096111703,-3237,-2532,-2532,neg_neg
8.097998736,-3237,-2536,-2536,neg_neg
8.100121445,-3237,-2540,-2540,neg_neg
8.102089411,-3237,-2544,-2544,neg_neg
8.104110106,-3238,-2548,-2548,neg_neg
8.106061176,-3238,-2552,-2552,neg_neg
8.108178208,-3238,-2555,-2555,neg_neg
8.110042362,-3239,-2559,-2559,neg_neg
8.11205763,-3239,-2563,-2563,neg_neg
8.114056522,-3239,-2566,-2566,neg_neg
8.116103442,-3239,-2569,-2569,neg_neg
8.118048514,-3239,-2573,-2573,neg_neg
8.120138888,-3239,-2575,-2575,neg_neg
8.121999625,-3239,-2577,-2577,neg_neg
8.124187055,-3239,-2579,-2579,neg_neg
8.125963048,-3239,-2581,-2581,neg_neg
8.127950903,-3239,-2581,-2581,neg_neg
8.129949343,-3239,-2582,-2582,neg_neg
8.131998279,-3239,-2582,-2582,neg_neg
8.133914037,-3239,-2582,-2582,neg_neg
8.135897469,-3238,-2582,-2582,neg_neg
8.137918325,-3238,-2582,-2582,neg_neg
8.139922226,-3238,-2581,-2581,neg_neg
8.141937138,-3238,-2580,-2580,neg_neg
8.143888359,-3238,-2579,-2579,neg_neg
8.145879169,-3238,-2577,-2577,neg_neg
8.147934574,-3238,-2575,-2575,neg_neg
8.149941031,-3238,-2573,-2573,neg_neg
8.150927801,-3238,-2572,-2572,neg_neg
8.153044125,-3238,-2568,-2568,neg_neg
8.154916591,-3238,-2566,-2566,neg_neg
8.157068782,-3238,-2563,-2563,neg_neg
8.158903964,-3238,-2559,-2559,neg_neg
8.161073717,-3238,-2556,-2556,neg_neg
8.162904172,-3238,-2553,-2553,neg_neg
8.165039387,-3238,-2550,-2550,neg_neg
8.166908754,-3238,-2546,-2546,neg_neg
8.168890522,-3238,-2543,-2543,neg_neg
8.170927177,-3238,-2540,-2540,neg_neg
8.172941794,-3238,-2537,-2537,neg_neg
8.174926029,-3238,-2534,-2534,neg_neg
8.17688772,-3238,-2531,-2531,neg_neg
8.178819441,-3239,-2528,-2528,neg_neg
8.180809441,-3239,-2526,-2526,neg_neg
8.18288445,-3240,-2524,-2524,neg_neg
8.184811566,-3240,-2522,-2522,neg_neg
8.186819119,-3241,-2520,-2520,neg_neg
8.188861008,-3242,-2519,-2519,neg_neg
8.190813282,-3243,-2518,-2518,neg_neg
8.192822458,-3244,-2518,-2518,neg_neg
8.194777202,-3245,-2518,-2518,neg_neg
8.196780973,-3246,-2518,-2518,neg_neg
8.198802577,-3247,-2518,-2518,neg_neg
8.200803619,-3248,-2518,-2518,neg_neg
8.202811043,-3249,-2520,-2520,neg_neg
8.204834016,-3251,-2521,-2521,neg_neg
8.206901383,-3251,-2523,-2523,neg_neg
8.208814528,-3252,-2525,-2525,neg_neg
8.210810723,-3253,-2527,-2527,neg_neg
8.212776168,-3254,-2530,-2530,neg_neg
8.214780528,-3256,-2532,-2532,neg_neg
8.21681994,-3257,-2535,-2535,neg_neg
8.218802821,-3257,-2539,-2539,neg_neg
8.220794916,-3259,-2542,-2542,neg_neg
8.222834133,-3260,-2546,-2546,neg_neg
8.224827965,-3261,-2550,-2550,neg_neg
8.226815499,-3262,-2554,-2554,neg_neg
8.228749594,-3263,-2558,-2558,neg_neg
8.230779183,-3264,-2563,-2563,neg_neg
8.232802283,-3265,-2566,-2566,neg_neg
8.234788288,-3266,-2572,-2572,neg_neg
8.236769878,-3267,-2577,-2577,neg_neg
8.238803004,-3268,-2581,-2581,neg_neg
8.240736222,-3269,-2586,-2586,neg_neg
8.242726981,-3270,-2590,-2590,neg_neg
8.244737269,-3271,-2594,-2594,neg_neg
8.246698469,-3271,-2598,-2598,neg_neg
8.24877959,-3272,-2602,-2602,neg_neg
8.250723239,-3272,-2606,-2606,neg_neg
8.252768216,-3272,-2610,-2610,neg_neg
8.254814935,-3273,-2613,-2613,neg_neg
8.256781613,-3273,-2616,-2616,neg_neg
8.25872151,-3273,-2618,-2618,neg_neg
8.260744289,-3274,-2619,-2619,neg_neg
8.262734839,-3274,-2620,-2620,neg_neg
8.264740024,-3274,-2621,-2621,neg_neg
8.266673216,-3274,-2622,-2622,neg_neg
8.268695443,-3274,-2621,-2621,neg_neg
8.270687094,-3273,-2621,-2621,neg_neg
8.27272781,-3274,-2621,-2621,neg_neg
8.27470197,-3274,-2620,-2620,neg_neg
8.27667004,-3273,-2619,-2619,neg_neg
8.278676279,-3274,-2617,-2617,neg_neg
8.280798605,-3273,-2614,-2614,neg_neg
8.282744579,-3273,-2612,-2612,neg_neg
8.284738244,-3273,-2610,-2610,neg_neg
8.286609952,-3274,-2607,-2607,neg_neg
8.288617026,-3274,-2604,-2604,neg_neg
8.290625463,-3274,-2599,-2599,neg_neg
8.292679036,-3274,-2596,-2596,neg_neg
8.294664897,-3274,-2593,-2593,neg_neg
8.296683551,-3275,-2589,-2589,neg_neg
8.298649253,-3275,-2585,-2585,neg_neg
8.300675141,-3276,-2581,-2581,neg_neg
8.302642799,-3276,-2577,-2577,neg_neg
8.304636112,-3277,-2573,-2573,neg_neg
8.30666886,-3278,-2567,-2567,neg_neg
8.308708856,-3279,-2563,-2563,neg_neg
8.310790751,-3279,-2559,-2559,neg_neg
8.312613254,-3280,-2556,-2556,neg_neg
8.314613041,-3281,-2552,-2552,neg_neg
8.316601011,-3282,-2548,-2548,neg_neg
8.318610361,-3283,-2545,-2545,neg_neg
8.320660897,-3285,-2542,-2542,neg_neg
8.322629595,-3285,-2539,-2539,neg_neg
8.324625622,-3287,-2537,-2537,neg_neg
8.326623455,-3288,-2535,-2535,neg_neg
8.328611019,-3290,-2534,-2534,neg_neg
8.33066122,-3291,-2533,-2533,neg_neg
8.332573158,-3293,-2532,-2532,neg_neg
8.334593694,-3294,-2532,-2532,neg_neg
8.336574413,-3295,-2532,-2532,neg_neg
8.338593243,-3296,-2533,-2533,neg_neg
8.340582394,-3297,-2533,-2533,neg_neg
8.342633306,-3298,-2535,-2535,neg_neg
8.344568639,-3299,-2537,-2537,neg_neg
8.346539331,-3300,-2539,-2539,neg_neg
8.34849373,-3301,-2541,-2541,neg_neg
8.350520335,-3303,-2544,-2544,neg_neg
8.352602553,-3304,-2547,-2547,neg_neg
8.354512092,-3305,-2551,-2551,neg_neg
8.356565872,-3306,-2554,-2554,neg_neg
8.358503826,-3307,-2557,-2557,neg_neg
8.36051736,-3308,-2561,-2561,neg_neg
8.362544241,-3309,-2565,-2565,neg_neg
8.364536759,-3310,-2569,-2569,neg_neg
8.366546936,-3311,-2574,-2574,neg_neg
8.368555022,-3312,-2579,-2579,neg_neg
8.370535895,-3312,-2583,-2583,neg_neg
8.372533788,-3313,-2588,-2588,neg_neg
8.374580485,-3313,-2592,-2592,neg_neg
8.376504301,-3313,-2597,-2597,neg_neg
8.3784823,-3313,-2602,-2602,neg_neg
8.380490663,-3313,-2608,-2608,neg_neg
8.382444658,-3313,-2612,-2612,neg_neg
8.384526757,-3313,-2617,-2617,neg_neg
8.386503771,-3313,-2622,-2622,neg_neg
8.388481277,-3313,-2627,-2627,neg_neg
8.390511175,-3313,-2632,-2632,neg_neg
8.392457156,-3313,-2637,-2637,neg_neg
8.394433558,-3313,-2641,-2641,neg_neg
8.396450664,-3313,-2646,-2646,neg_neg
8.398478408,-3313,-2649,-2649,neg_neg
8.400464872,-3313,-2653,-2653,neg_neg
8.402514715,-3313,-2656,-2656,neg_neg
8.404465699,-3313,-2659,-2659,neg_neg
8.406462818,-3313,-2662,-2662,neg_neg
8.408485344,-3313,-2664,-2664,neg_neg
8.410449164,-3312,-2666,-2666,neg_neg
8.412445108,-3312,-2668,-2668,neg_neg
8.414389063,-3312,-2669,-2669,neg_neg
8.4164305,-3313,-2669,-2669,neg_neg
8.418419583,-3312,-2669,-2669,neg_neg
8.420434295,-3312,-2668,-2668,neg_neg
8.422368039,-3313,-2666,-2666,neg_neg
8.424387175,-3313,-2664,-2664,neg_neg
8.426377768,-3313,-2662,-2662,neg_neg
8.428339628,-3313,-2660,-2660,neg_neg
8.430359256,-3313,-2657,-2657,neg_neg
8.432345448,-3313,-2654,-2654,neg_neg
8.434348635,-3314,-2651,-2651,neg_neg
8.436357638,-3314,-2648,-2648,neg_neg
8.438365064,-3315,-2644,-2644,neg_neg
8.440501392,-3315,-2640,-2640,neg_neg
8.442473517,-3316,-2636,-2636,neg_neg
8.444441911,-3317,-2631,-2631,neg_neg
8.446446309,-3318,-2627,-2627,neg_neg
8.448450699,-3319,-2622,-2622,neg_neg
8.450463242,-3320,-2618,-2618,neg_neg
8.452470009,-3320,-2613,-2613,neg_neg
8.454456938,-3321,-2609,-2609,neg_neg
8.45647536,-3323,-2604,-2604,neg_neg
8.458425856,-3324,-2599,-2599,neg_neg
8.460448011,-3325,-2595,-2595,neg_neg
8.462479009,-3326,-2591,-2591,neg_neg
8.464469412,-3327,-2587,-2587,neg_neg
8.466392409,-3328,-2584,-2584,neg_neg
8.468417925,-3330,-2580,-2580,neg_neg
8.470399265,-3331,-2577,-2577,neg_neg
8.472388568,-3332,-2575,-2575,neg_neg
8.474364339,-3334,-2573,-2573,neg_neg
8.476371134,-3335,-2570,-2570,neg_neg
8.478327648,-3336,-2568,-2568,neg_neg
8.480299815,-3338,-2568,-2568,neg_neg
8.482276727,-3339,-2568,-2568,neg_neg
8.484227472,-3340,-2567,-2567,neg_neg
8.486300854,-3342,-2568,-2568,neg_neg
8.488268806,-3343,-2569,-2569,neg_neg
8.490266687,-3344,-2570,-2570,neg_neg
8.492326045,-3345,-2573,-2573,neg_neg
8.494274913,-3346,-2575,-2575,neg_neg
8.496208575,-3347,-2578,-2578,neg_neg
8.498232691,-3348,-2581,-2581,neg_neg
8.500231874,-3349,-2583,-2583,neg_neg
8.502247749,-3350,-2587,-2587,neg_neg
8.504299744,-3351,-2591,-2591,neg_neg
8.506321564,-3352,-2594,-2594,neg_neg
8.508277911,-3353,-2598,-2598,neg_neg
8.510307923,-3353,-2602,-2602,neg_neg
8.512315959,-3354,-2607,-2607,neg_neg
8.514268731,-3355,-2612,-2612,neg_neg
8.516339954,-3355,-2616,-2616,neg_neg
8.518172464,-3355,-2620,-2620,neg_neg
8.520209935,-3355,-2625,-2625,neg_neg
8.522096053,-3356,-2629,-2629,neg_neg
8.52413983,-3356,-2634,-2634,neg_neg
8.526104637,-3356,-2639,-2639,neg_neg
8.528196013,-3355,-2644,-2644,neg_neg
8.530118235,-3355,-2648,-2648,neg_neg
8.532119319,-3355,-2653,-2653,neg_neg
8.53413001,-3355,-2657,-2657,neg_neg
8.536132841,-3355,-2661,-2661,neg_neg
8.53812353,-3355,-2665,-2665,neg_neg
8.540104265,-3355,-2670,-2670,neg_neg
8.542142734,-3354,-2672,-2672,neg_neg
8.544080958,-3354,-2676,-2676,neg_neg
8.546087933,-3353,-2678,-2678,neg_neg
8.548101318,-3352,-2681,-2681,neg_neg
8.550177525,-3352,-2683,-2683,neg_neg
8.552254632,-3351,-2685,-2685,neg_neg
8.554141486,-3350,-2687,-2687,neg_neg
8.556150954,-3350,-2687,-2687,neg_neg
8.558171701,-3350,-2687,-2687,neg_neg
8.560153437,-3349,-2687,-2687,neg_neg
8.562183083,-3349,-2687,-2687,neg_neg
8.564108313,-3348,-2685,-2685,neg_neg
8.566125984,-3348,-2684,-2684,neg_neg
8.568111184,-3347,-2682,-2682,neg_neg
8.570194455,-3347,-2680,-2680,neg_neg
8.572103931,-3347,-2675,-2675,neg_neg
8.574180944,-3347,-2672,-2672,neg_neg
8.576235129,-3347,-2669,-2669,neg_neg
8.578138393,-3347,-2668,-2668,neg_neg
8.58008989,-3347,-2663,-2663,neg_neg
8.582113508,-3348,-2659,-2659,neg_neg
8.584124176,-3348,-2653,-2653,neg_neg
8.586125722,-3348,-2649,-2649,neg_neg
8.588106956,-3349,-2645,-2645,neg_neg
8.59012002,-3349,-2642,-2642,neg_neg
8.592054987,-3350,-2638,-2638,neg_neg
8.594173089,-3351,-2633,-2633,neg_neg
8.596052202,-3352,-2629,-2629,neg_neg
8.598071099,-3353,-2624,-2624,neg_neg
8.600088867,-3354,-2620,-2620,neg_neg
8.602048706,-3355,-2617,-2617,neg_neg
8.604059584,-3355,-2613,-2613,neg_neg
8.606022723,-3357,-2610,-2610,neg_neg
8.608068168,-3358,-2607,-2607,neg_neg
8.610025652,-3359,-2604,-2604,neg_neg
8.612002583,-3361,-2601,-2601,neg_neg
8.613970084,-3362,-2599,-2599,neg_neg
8.615990083,-3363,-2597,-2597,neg_neg
8.617957692,-3365,-2596,-2596,neg_neg
8.619973025,-3366,-2596,-2596,neg_neg
8.622003094,-3367,-2596,-2596,neg_neg
8.623955996,-3368,-2596,-2596,neg_neg
8.62595592,-3370,-2596,-2596,neg_neg
8.628012417,-3372,-2597,-2597,neg_neg
8.629984067,-3372,-2599,-2599,neg_neg
8.631958698,-3374,-2601,-2601,neg_neg
8.632980173,-3374,-2602,-2602,neg_neg
8.63501984,-3376,-2606,-2606,neg_neg
8.637033678,-3377,-2608,-2608,neg_neg
8.639110791,-3378,-2612,-2612,neg_neg
8.641032885,-3379,-2615,-2615,neg_neg
8.643001618,-3381,-2618,-2618,neg_neg
8.644990202,-3382,-2622,-2622,neg_neg
8.646970663,-3383,-2626,-2626,neg_neg
8.649114617,-3385,-2630,-2630,neg_neg
8.651024942,-3385,-2634,-2634,neg_neg
8.652967111,-3387,-2640,-2640,neg_neg
8.654905314,-3388,-2644,-2644,neg_neg
8.657018405,-3389,-2649,-2649,neg_neg
8.658961003,-3390,-2653,-2653,neg_neg
8.661007101,-3391,-2657,-2657,neg_neg
8.662959905,-3392,-2662,-2662,neg_neg
8.665018342,-3392,-2668,-2668,neg_neg
8.666914332,-3393,-2672,-2672,neg_neg
8.669097646,-3393,-2678,-2678,neg_neg
8.670919733,-3393,-2682,-2682,neg_neg
8.672984419,-3393,-2688,-2688,neg_neg
8.674966232,-3393,-2692,-2692,neg_neg
8.677164451,-3393,-2697,-2697,neg_neg
8.678955153,-3393,-2701,-2701,neg_neg
8.681103789,-3393,-2705,-2705,neg_neg
8.682932983,-3392,-2708,-2708,neg_neg
8.684930105,-3392,-2710,-2710,neg_neg
8.686909471,-3392,-2712,-2712,neg_neg
8.688873961,-3391,-2715,-2715,neg_neg
8.690936676,-3391,-2716,-2716,neg_neg
8.692941775,-3390,-2717,-2717,neg_neg
8.694922339,-3390,-2717,-2717,neg_neg
8.696903008,-3389,-2717,-2717,neg_neg
8.698935281,-3389,-2716,-2716,neg_neg
8.700882335,-3388,-2716,-2716,neg_neg
8.702884235,-3387,-2714,-2714,neg_neg
8.704856661,-3387,-2712,-2712,neg_neg
8.706885972,-3386,-2710,-2710,neg_neg
8.708891201,-3386,-2708,-2708,neg_neg
8.710990994,-3385,-2705,-2705,neg_neg
8.712990959,-3385,-2702,-2702,neg_neg
8.714894991,-3385,-2699,-2699,neg_neg
8.716861874,-3385,-2696,-2696,neg_neg
8.718929817,-3385,-2691,-2691,neg_neg
8.720856868,-3385,-2688,-2688,neg_neg
8.722882086,-3385,-2683,-2683,neg_neg
8.724865513,-3385,-2680,-2680,neg_neg
8.72701261,-3385,-2675,-2675,neg_neg
8.728845258,-3385,-2671,-2671,neg_neg
8.730827052,-3386,-2668,-2668,neg_neg
8.73281633,-3386,-2663,-2663,neg_neg
8.734987199,-3387,-2659,-2659,neg_neg
8.736952352,-3388,-2655,-2655,neg_neg
8.739122702,-3389,-2652,-2652,neg_neg
8.740801396,-3390,-2649,-2649,neg_neg
8.742967347,-3391,-2645,-2645,neg_neg
8.744844716,-3392,-2642,-2642,neg_neg
8.746759027,-3393,-2640,-2640,neg_neg
8.748784791,-3395,-2638,-2638,neg_neg
8.750801044,-3396,-2634,-2634,neg_neg
8.752768673,-3397,-2633,-2633,neg_neg
8.754978083,-3398,-2632,-2632,neg_neg
8.756779905,-3400,-2631,-2631,neg_neg
8.758785409,-3401,-2630,-2630,neg_neg
8.760811496,-3402,-2631,-2631,neg_neg
8.762790233,-3404,-2631,-2631,neg_neg
8.764728788,-3405,-2631,-2631,neg_neg
8.766783763,-3406,-2632,-2632,neg_neg
8.76876863,-3407,-2633,-2633,neg_neg
8.770838952,-3409,-2636,-2636,neg_neg
8.772764956,-3410,-2638,-2638,neg_neg
8.774707401,-3411,-2640,-2640,neg_neg
8.776737729,-3413,-2643,-2643,neg_neg
8.778730584,-3414,-2645,-2645,neg_neg
8.780776613,-3415,-2648,-2648,neg_neg
8.782810517,-3416,-2651,-2651,neg_neg
8.784832301,-3418,-2655,-2655,neg_neg
8.786794181,-3419,-2658,-2658,neg_neg
8.788800861,-3421,-2662,-2662,neg_neg
8.79075948,-3422,-2666,-2666,neg_neg
8.792819641,-3423,-2671,-2671,neg_neg
8.794793923,-3424,-2675,-2675,neg_neg
8.796796807,-3425,-2680,-2680,neg_neg
8.798822436,-3426,-2684,-2684,neg_neg
8.800843569,-3427,-2689,-2689,neg_neg
8.802823002,-3427,-2694,-2694,neg_neg
8.804826566,-3428,-2699,-2699,neg_neg
8.806729251,-3428,-2703,-2703,neg_neg
8.808773019,-3429,-2709,-2709,neg_neg
8.810704428,-3429,-2714,-2714,neg_neg
8.812701958,-3429,-2718,-2718,neg_neg
8.814717835,-3430,-2724,-2724,neg_neg
8.816722958,-3429,-2728,-2728,neg_neg
8.818688667,-3429,-2732,-2732,neg_neg
8.820771713,-3429,-2736,-2736,neg_neg
8.82273471,-3429,-2740,-2740,neg_neg
8.824721398,-3429,-2743,-2743,neg_neg
8.82674753,-3429,-2746,-2746,neg_neg
8.828693278,-3429,-2748,-2748,neg_neg
8.830782717,-3428,-2750,-2750,neg_neg
8.832958036,-3428,-2752,-2752,neg_neg
8.834815618,-3428,-2753,-2753,neg_neg
8.836745885,-3427,-2753,-2753,neg_neg
8.838767123,-3426,-2753,-2753,neg_neg
8.840760181,-3426,-2753,-2753,neg_neg
8.842834927,-3425,-2753,-2753,neg_neg
8.844650152,-3425,-2752,-2752,neg_neg
8.846662803,-3425,-2750,-2750,neg_neg
8.848698073,-3424,-2748,-2748,neg_neg
8.850609607,-3424,-2746,-2746,neg_neg
8.852604505,-3424,-2743,-2743,neg_neg
8.854640033,-3424,-2741,-2741,neg_neg
8.856610921,-3424,-2738,-2738,neg_neg
8.858635001,-3424,-2734,-2734,neg_neg
8.860628194,-3424,-2730,-2730,neg_neg
8.862642027,-3424,-2726,-2726,neg_neg
8.864643316,-3424,-2721,-2721,neg_neg
8.866601061,-3424,-2717,-2717,neg_neg
8.868632829,-3425,-2712,-2712,neg_neg
8.870648695,-3425,-2708,-2708,neg_neg
8.872586271,-3426,-2703,-2703,neg_neg
8.874595077,-3427,-2699,-2699,neg_neg
8.876592198,-3427,-2693,-2693,neg_neg
8.878564238,-3427,-2689,-2689,neg_neg
8.880580047,-3428,-2684,-2684,neg_neg
8.882546523,-3429,-2680,-2680,neg_neg
8.884498371,-3430,-2676,-2676,neg_neg
8.886500671,-3431,-2672,-2672,neg_neg
8.88854202,-3432,-2669,-2669,neg_neg
8.890609616,-3433,-2665,-2665,neg_neg
8.892601241,-3434,-2662,-2662,neg_neg
8.894563451,-3435,-2660,-2660,neg_neg
8.896669576,-3436,-2658,-2658,neg_neg
8.898548567,-3438,-2656,-2656,neg_neg
8.900523419,-3439,-2655,-2655,neg_neg
8.902549701,-3440,-2655,-2655,neg_neg
8.904566678,-3441,-2654,-2654,neg_neg
8.906516705,-3442,-2654,-2654,neg_neg
8.908495351,-3444,-2655,-2655,neg_neg
8.910515121,-3445,-2655,-2655,neg_neg
8.912493593,-3447,-2657,-2657,neg_neg
8.914545184,-3448,-2658,-2658,neg_neg
8.91658976,-3449,-2660,-2660,neg_neg
8.918524784,-3450,-2662,-2662,neg_neg
8.920535634,-3452,-2665,-2665,neg_neg
8.922457399,-3453,-2669,-2669,neg_neg
8.924418121,-3454,-2671,-2671,neg_neg
8.926481514,-3456,-2674,-2674,neg_neg
8.928441432,-3456,-2678,-2678,neg_neg
8.930449175,-3457,-2682,-2682,neg_neg
8.93253063,-3458,-2685,-2685,neg_neg
8.934473848,-3459,-2689,-2689,neg_neg
8.936458368,-3460,-2693,-2693,neg_neg
8.938476029,-3461,-2697,-2697,neg_neg
8.940468356,-3461,-2701,-2701,neg_neg
8.94249209,-3462,-2705,-2705,neg_neg
8.944465365,-3462,-2709,-2709,neg_neg
8.946447765,-3462,-2712,-2712,neg_neg
8.948445892,-3462,-2717,-2717,neg_neg
8.950454718,-3462,-2720,-2720,neg_neg
8.952405623,-3462,-2725,-2725,neg_neg
8.954459942,-3462,-2728,-2728,neg_neg
8.956429222,-3462,-2733,-2733,neg_neg
8.958393449,-3462,-2736,-2736,neg_neg
8.960412511,-3462,-2739,-2739,neg_neg
8.962443574,-3461,-2743,-2743,neg_neg
8.964397519,-3461,-2746,-2746,neg_neg
8.966358101,-3460,-2749,-2749,neg_neg
8.968341214,-3459,-2752,-2752,neg_neg
8.970338581,-3459,-2754,-2754,neg_neg
8.972365886,-3458,-2757,-2757,neg_neg
8.974350425,-3457,-2759,-2759,neg_neg
8.976357232,-3456,-2761,-2761,neg_neg
8.978351837,-3455,-2763,-2763,neg_neg
8.980345091,-3454,-2764,-2764,neg_neg
8.982349596,-3453,-2765,-2765,neg_neg
8.984331091,-3452,-2766,-2766,neg_neg
8.986328739,-3451,-2766,-2766,neg_neg
8.988315938,-3450,-2766,-2766,neg_neg
8.990319105,-3449,-2766,-2766,neg_neg
8.992325474,-3448,-2765,-2765,neg_neg
8.994324118,-3447,-2764,-2764,neg_neg
8.996261263,-3447,-2763,-2763,neg_neg
8.998277637,-3446,-2761,-2761,neg_neg
9.000264815,-3446,-2759,-2759,neg_neg
9.002310447,-3446,-2757,-2757,neg_neg
9.004308433,-3446,-2754,-2754,neg_neg
9.006310075,-3445,-2751,-2751,neg_neg
9.00825677,-3445,-2748,-2748,neg_neg
9.01023827,-3445,-2745,-2745,neg_neg
9.012291731,-3445,-2742,-2742,neg_neg
9.014246738,-3446,-2738,-2738,neg_neg
9.016317541,-3446,-2735,-2735,neg_neg
9.018290429,-3446,-2730,-2730,neg_neg
9.020257572,-3447,-2726,-2726,neg_neg
9.022232651,-3447,-2723,-2723,neg_neg
9.024268009,-3448,-2719,-2719,neg_neg
9.02623964,-3449,-2715,-2715,neg_neg
9.028200722,-3450,-2711,-2711,neg_neg
9.030208647,-3451,-2708,-2708,neg_neg
9.032248938,-3452,-2705,-2705,neg_neg
9.034215953,-3453,-2702,-2702,neg_neg
9.036233474,-3454,-2699,-2699,neg_neg
9.038214811,-3456,-2697,-2697,neg_neg
9.040236934,-3457,-2696,-2696,neg_neg
9.042209981,-3458,-2694,-2694,neg_neg
9.044259525,-3459,-2693,-2693,neg_neg
9.046221282,-3460,-2692,-2692,neg_neg
9.048254032,-3462,-2692,-2692,neg_neg
9.050273946,-3463,-2692,-2692,neg_neg
9.052220577,-3464,-2692,-2692,neg_neg
9.054225225,-3465,-2693,-2693,neg_neg
9.05621243,-3467,-2694,-2694,neg_neg
9.058201726,-3468,-2696,-2696,neg_neg
9.060210205,-3469,-2698,-2698,neg_neg
9.062227798,-3470,-2700,-2700,neg_neg
9.064183989,-3472,-2702,-2702,neg_neg
9.066224794,-3473,-2706,-2706,neg_neg
9.068167916,-3474,-2708,-2708,neg_neg
9.070145065,-3475,-2711,-2711,neg_neg
9.072174672,-3477,-2715,-2715,neg_neg
9.074135499,-3477,-2718,-2718,neg_neg
9.076096996,-3479,-2723,-2723,neg_neg
9.078139231,-3479,-2726,-2726,neg_neg
9.080128982,-3480,-2730,-2730,neg_neg
9.082201208,-3481,-2734,-2734,neg_neg
9.084086123,-3481,-2738,-2738,neg_neg
9.086124979,-3482,-2742,-2742,neg_neg
9.088080342,-3482,-2746,-2746,neg_neg
9.090163803,-3483,-2750,-2750,neg_neg
9.092182757,-3483,-2754,-2754,neg_neg
9.094129105,-3483,-2758,-2758,neg_neg
9.09614008,-3482,-2762,-2762,neg_neg
9.09817964,-3482,-2766,-2766,neg_neg
9.10017652,-3482,-2770,-2770,neg_neg
9.102177813,-3482,-2774,-2774,neg_neg
9.104135062,-3482,-2777,-2777,neg_neg
9.106163533,-3481,-2781,-2781,neg_neg
9.108188647,-3481,-2784,-2784,neg_neg
9.110101522,-3480,-2786,-2786,neg_neg
9.112079827,-3479,-2789,-2789,neg_neg
9.11411504,-3479,-2791,-2791,neg_neg
9.116082196,-3478,-2793,-2793,neg_neg
9.118100114,-3477,-2794,-2794,neg_neg
9.1200692,-3477,-2795,-2795,neg_neg
9.122049926,-3476,-2795,-2795,neg_neg
9.124161504,-3475,-2795,-2795,neg_neg
9.126263201,-3475,-2795,-2795,neg_neg
9.128110946,-3474,-2794,-2794,neg_neg
9.130110343,-3473,-2793,-2793,neg_neg
9.132080205,-3473,-2791,-2791,neg_neg
9.134084915,-3472,-2789,-2789,neg_neg
9.136099274,-3472,-2786,-2786,neg_neg
9.138048529,-3471,-2784,-2784,neg_neg
9.140089217,-3471,-2781,-2781,neg_neg
9.142098508,-3471,-2778,-2778,neg_neg
9.144096371,-3470,-2775,-2775,neg_neg
9.146159274,-3470,-2771,-2771,neg_neg
9.148033279,-3470,-2767,-2767,neg_neg
9.149986443,-3471,-2763,-2763,neg_neg
9.152024891,-3471,-2761,-2761,neg_neg
9.154018455,-3471,-2755,-2755,neg_neg
9.156121695,-3471,-2751,-2751,neg_neg
9.158048157,-3472,-2746,-2746,neg_neg
9.160076047,-3473,-2742,-2742,neg_neg
9.162004847,-3473,-2738,-2738,neg_neg
9.164108886,-3474,-2736,-2736,neg_neg
9.16603811,-3475,-2729,-2729,neg_neg
9.168018051,-3476,-2726,-2726,neg_neg
9.170026482,-3477,-2723,-2723,neg_neg
9.172000422,-3478,-2718,-2718,neg_neg
9.174028972,-3479,-2715,-2715,neg_neg
9.176003868,-3480,-2711,-2711,neg_neg
9.177991911,-3481,-2709,-2709,neg_neg
9.179993787,-3482,-2707,-2707,neg_neg
9.18202788,-3484,-2705,-2705,neg_neg
9.184036839,-3484,-2703,-2703,neg_neg
9.186000646,-3486,-2703,-2703,neg_neg
9.187956718,-3487,-2703,-2703,neg_neg
9.190019872,-3488,-2703,-2703,neg_neg
9.19204696,-3490,-2703,-2703,neg_neg
9.194012549,-3491,-2703,-2703,neg_neg
9.195982771,-3492,-2706,-2706,neg_neg
9.198164404,-3493,-2707,-2707,neg_neg
9.199951656,-3495,-2710,-2710,neg_neg
9.202053067,-3496,-2711,-2711,neg_neg
9.203984484,-3497,-2716,-2716,neg_neg
9.206169822,-3498,-2718,-2718,neg_neg
9.207960616,-3499,-2723,-2723,neg_neg
9.210130655,-3501,-2724,-2724,neg_neg
9.212003697,-3501,-2728,-2728,neg_neg
9.214072226,-3502,-2732,-2732,neg_neg
9.216018272,-3502,-2735,-2735,neg_neg
9.218138047,-3503,-2739,-2739,neg_neg
9.219980252,-3503,-2742,-2742,neg_neg
9.222183962,-3504,-2746,-2746,neg_neg
9.223961151,-3504,-2748,-2748,neg_neg
9.226093315,-3504,-2755,-2755,neg_neg
9.227998886,-3503,-2757,-2757,neg_neg
9.230122634,-3503,-2761,-2761,neg_neg
9.231969212,-3503,-2767,-2767,neg_neg
9.234035252,-3503,-2768,-2768,neg_neg
9.234958972,-3503,-2770,-2770,neg_neg
9.236944178,-3503,-2774,-2774,neg_neg
9.239007376,-3503,-2778,-2778,neg_neg
9.240960888,-3502,-2781,-2781,neg_neg
9.243077547,-3502,-2784,-2784,neg_neg
9.244987618,-3501,-2788,-2788,neg_neg
9.247045219,-3500,-2791,-2791,neg_neg
9.248991106,-3500,-2794,-2794,neg_neg
9.251116314,-3499,-2797,-2797,neg_neg
9.252978133,-3498,-2799,-2799,neg_neg
9.255008521,-3498,-2801,-2801,neg_neg
9.256935381,-3497,-2802,-2802,neg_neg
9.258986526,-3496,-2804,-2804,neg_neg
9.260962475,-3495,-2804,-2804,neg_neg
9.262968774,-3494,-2804,-2804,neg_neg
9.264926827,-3493,-2804,-2804,neg_neg
9.267019006,-3492,-2804,-2804,neg_neg
9.268974884,-3491,-2804,-2804,neg_neg
9.27100666,-3490,-2802,-2802,neg_neg
9.272953848,-3489,-2801,-2801,neg_neg
9.274929066,-3488,-2799,-2799,neg_neg
9.27688349,-3488,-2796,-2796,neg_neg
9.278935572,-3487,-2794,-2794,neg_neg
9.28095027,-3486,-2791,-2791,neg_neg
9.282944987,-3486,-2788,-2788,neg_neg
9.284977073,-3485,-2785,-2785,neg_neg
9.286958563,-3485,-2781,-2781,neg_neg
9.288937559,-3485,-2777,-2777,neg_neg
9.290941706,-3485,-2773,-2773,neg_neg
9.292911003,-3485,-2769,-2769,neg_neg
9.294840559,-3485,-2765,-2765,neg_neg
9.296909241,-3485,-2761,-2761,neg_neg
9.298873674,-3485,-2757,-2757,neg_neg
9.300845752,-3485,-2753,-2753,neg_neg
9.302836367,-3486,-2748,-2748,neg_neg
9.30484773,-3486,-2744,-2744,neg_neg
9.30690008,-3487,-2741,-2741,neg_neg
9.308875701,-3487,-2737,-2737,neg_neg
9.310868374,-3488,-2734,-2734,neg_neg
9.31287601,-3489,-2730,-2730,neg_neg
9.314902022,-3490,-2727,-2727,neg_neg
9.316807862,-3490,-2724,-2724,neg_neg
9.318757477,-3492,-2721,-2721,neg_neg
9.320767589,-3492,-2720,-2720,neg_neg
9.3227176,-3493,-2718,-2718,neg_neg
9.324764649,-3495,-2718,-2718,neg_neg
9.326815958,-3495,-2717,-2717,neg_neg
9.328801808,-3497,-2717,-2717,neg_neg
9.330794846,-3498,-2718,-2718,neg_neg
9.332742373,-3498,-2718,-2718,neg_neg
9.334725985,-3500,-2719,-2719,neg_neg
9.336701717,-3501,-2720,-2720,neg_neg
9.338639357,-3501,-2723,-2723,neg_neg
9.340640635,-3502,-2725,-2725,neg_neg
9.342666106,-3503,-2727,-2727,neg_neg
9.3446406,-3504,-2729,-2729,neg_neg
9.3466453,-3505,-2733,-2733,neg_neg
9.34864112,-3505,-2736,-2736,neg_neg
9.350662075,-3506,-2739,-2739,neg_neg
9.352626736,-3506,-2741,-2741,neg_neg
9.354614574,-3507,-2745,-2745,neg_neg
9.356573162,-3507,-2748,-2748,neg_neg
9.358634404,-3507,-2752,-2752,neg_neg
9.36063848,-3507,-2755,-2755,neg_neg
9.362575552,-3507,-2759,-2759,neg_neg
9.364562747,-3507,-2762,-2762,neg_neg
9.366623349,-3507,-2766,-2766,neg_neg
9.368639839,-3507,-2769,-2769,neg_neg
9.37064572,-3507,-2773,-2773,neg_neg
9.372658355,-3507,-2777,-2777,neg_neg
9.374635728,-3506,-2781,-2781,neg_neg
9.376670186,-3506,-2784,-2784,neg_neg
9.378654337,-3506,-2787,-2787,neg_neg
9.380642903,-3505,-2790,-2790,neg_neg
9.382633128,-3505,-2793,-2793,neg_neg
9.384632648,-3504,-2796,-2796,neg_neg
9.386635823,-3504,-2798,-2798,neg_neg
9.388637628,-3503,-2800,-2800,neg_neg
9.390650277,-3502,-2802,-2802,neg_neg
9.392659179,-3501,-2803,-2803,neg_neg
9.394664185,-3501,-2804,-2804,neg_neg
9.396649071,-3500,-2805,-2805,neg_neg
9.398688699,-3499,-2805,-2805,neg_neg
9.400663949,-3498,-2805,-2805,neg_neg
9.402665181,-3497,-2805,-2805,neg_neg
9.404594009,-3496,-2804,-2804,neg_neg
9.406639532,-3495,-2804,-2804,neg_neg
9.408610706,-3494,-2802,-2802,neg_neg
9.410615459,-3493,-2801,-2801,neg_neg
9.412621975,-3492,-2799,-2799,neg_neg
9.414639192,-3492,-2797,-2797,neg_neg
9.416580681,-3490,-2795,-2795,neg_neg
9.4186124,-3490,-2792,-2792,neg_neg
9.420606705,-3489,-2790,-2790,neg_neg
9.422563222,-3489,-2787,-2787,neg_neg
9.424568478,-3488,-2784,-2784,neg_neg
9.426590333,-3488,-2781,-2781,neg_neg
9.428587381,-3488,-2778,-2778,neg_neg
9.430590443,-3488,-2775,-2775,neg_neg
9.432593578,-3488,-2771,-2771,neg_neg
9.434569047,-3488,-2768,-2768,neg_neg
9.436591412,-3488,-2765,-2765,neg_neg
9.438550106,-3489,-2761,-2761,neg_neg
9.440579287,-3489,-2758,-2758,neg_neg
9.442532884,-3490,-2755,-2755,neg_neg
9.444512616,-3490,-2752,-2752,neg_neg
9.446490436,-3490,-2749,-2749,neg_neg
9.448562259,-3491,-2747,-2747,neg_neg
9.450596832,-3492,-2745,-2745,neg_neg
9.452537416,-3493,-2743,-2743,neg_neg
9.45460084,-3493,-2741,-2741,neg_neg
9.45653663,-3494,-2740,-2740,neg_neg
9.458539245,-3495,-2739,-2739,neg_neg
9.460597583,-3496,-2739,-2739,neg_neg
9.462502846,-3497,-2739,-2739,neg_neg
9.464525639,-3498,-2739,-2739,neg_neg
9.46645257,-3499,-2739,-2739,neg_neg
9.46847438,-3499,-2740,-2740,neg_neg
9.470494813,-3501,-2742,-2742,neg_neg
9.472485433,-3501,-2743,-2743,neg_neg
9.474549886,-3502,-2745,-2745,neg_neg
9.476552654,-3503,-2747,-2747,neg_neg
9.478578234,-3504,-2750,-2750,neg_neg
9.480537008,-3505,-2752,-2752,neg_neg
9.482470813,-3505,-2755,-2755,neg_neg
9.484448739,-3506,-2757,-2757,neg_neg
9.486381119,-3506,-2760,-2760,neg_neg
9.488465069,-3507,-2763,-2763,neg_neg
9.490450323,-3508,-2767,-2767,neg_neg
9.492406896,-3508,-2770,-2770,neg_neg
9.494450189,-3508,-2773,-2773,neg_neg
9.496451361,-3509,-2776,-2776,neg_neg
9.498494861,-3509,-2780,-2780,neg_neg
9.500437645,-3509,-2783,-2783,neg_neg
9.502477813,-3509,-2787,-2787,neg_neg
9.504420406,-3509,-2790,-2790,neg_neg
9.506510243,-3509,-2794,-2794,neg_neg
9.508379342,-3509,-2797,-2797,neg_neg
9.510378795,-3509,-2800,-2800,neg_neg
9.512348623,-3509,-2803,-2803,neg_neg
9.514436933,-3508,-2806,-2806,neg_neg
9.5164175,-3508,-2809,-2809,neg_neg
9.518483132,-3507,-2811,-2811,neg_neg
9.520379817,-3507,-2813,-2813,neg_neg
9.522404229,-3506,-2814,-2814,neg_neg
9.524314276,-3505,-2816,-2816,neg_neg
9.526383058,-3505,-2817,-2817,neg_neg
9.528340395,-3504,-2817,-2817,neg_neg
9.530447662,-3503,-2817,-2817,neg_neg
14.370497589,-73,1,1,pos_pos
14.372471911,-73,3,3,pos_pos
14.374468854,-73,5,5,pos_pos
14.376539215,-72,7,7,pos_pos
14.378479276,-72,10,10,pos_pos
14.380477588,-71,12,12,pos_pos
14.382427803,-70,14,14,pos_pos
14.384445579,-69,16,16,pos_pos
14.386436125,-68,18,18,pos_pos
14.388435366,-67,20,20,pos_pos
14.390463819,-66,22,22,pos_pos
14.392452872,-64,24,24,pos_pos
14.394442391,-63,26,26,pos_pos
14.396416903,-62,28,28,pos_pos
14.398530502,-60,30,30,pos_pos
14.400440489,-58,32,32,pos_pos
14.402396129,-56,33,33,pos_pos
14.404398873,-54,35,35,pos_pos
14.406391319,-53,36,36,pos_pos
14.408477333,-51,37,37,pos_pos
14.410439036,-49,38,38,pos_pos
14.412398339,-47,39,39,pos_pos
14.414363746,-45,39,39,pos_pos
14.416375663,-43,39,39,pos_pos
14.418373404,-42,39,39,pos_pos
14.420403775,-40,39,39,pos_pos
14.422418808,-38,39,39,pos_pos
14.424465712,-36,39,39,pos_pos
14.426423903,-34,39,39,pos_pos
14.428550803,-31,38,38,pos_pos
14.430457098,-30,38,38,pos_pos
14.43243137,-28,38,38,pos_pos
14.434331781,-26,37,37,pos_pos
14.436337667,-25,37,37,pos_pos
14.438426141,-23,38,38,pos_pos
14.440414602,-21,38,38,pos_pos
14.442383474,-19,38,38,pos_pos
14.444309339,-17,38,38,pos_pos
14.446308653,-16,39,39,pos_pos
14.448282336,-14,39,39,pos_pos
14.450349246,-12,40,40,pos_pos
14.452287721,-10,41,41,pos_pos
14.45454569,-8,42,42,pos_pos
14.45631237,-6,43,43,pos_pos
14.45830492,-5,44,44,pos_pos
14.46025588,-3,45,45,pos_pos
14.462281351,-1,47,47,pos_pos
14.464278112,0,48,48,pos_pos
14.466332046,1,49,49,pos_pos
14.468254198,3,52,52,pos_pos
14.470291676,4,52,52,pos_pos
14.472238235,5,55,55,pos_pos
14.474295171,6,56,56,pos_pos
14.476254398,7,59,59,pos_pos
14.478273803,8,60,60,pos_pos
14.480292154,9,63,63,pos_pos
14.482223275,10,64,64,pos_pos
14.484249357,11,66,66,pos_pos
14.486241238,12,69,69,pos_pos
14.488296948,13,71,71,pos_pos
14.490233699,14,73,73,pos_pos
14.492220685,15,75,75,pos_pos
14.494220261,16,77,77,pos_pos
14.49620336,17,79,79,pos_pos
14.498282686,18,82,82,pos_pos
14.500240135,19,84,84,pos_pos
14.502277252,20,87,87,pos_pos
14.504246223,21,90,90,pos_pos
14.506252534,21,91,91,pos_pos
14.508232782,22,92,92,pos_pos
14.510292833,23,96,96,pos_pos
14.512232076,25,98,98,pos_pos
14.514335861,26,100,100,pos_pos
14.516241772,27,104,104,pos_pos
14.518198339,28,105,105,pos_pos
14.520169253,29,107,107,pos_pos
14.52217932,31,109,109,pos_pos
14.524258546,33,111,111,pos_pos
14.526202396,35,114,114,pos_pos
14.528233292,36,116,116,pos_pos
14.530149576,38,118,118,pos_pos
14.53213074,40,120,120,pos_pos
14.534152964,42,122,122,pos_pos
14.536204441,44,124,124,pos_pos
14.53824879,47,126,126,pos_pos
14.540185308,49,127,127,pos_pos
14.542148539,51,129,129,pos_pos
14.544164299,53,131,131,pos_pos
14.546161506,56,133,133,pos_pos
14.548147272,58,134,134,pos_pos
14.550171539,60,135,135,pos_pos
14.552155433,62,137,137,pos_pos
14.554129572,64,138,138,pos_pos
14.556225182,67,140,140,pos_pos
14.558165679,69,141,141,pos_pos
14.560198109,71,142,142,pos_pos
14.562159946,73,144,144,pos_pos
14.564140915,75,145,145,pos_pos
14.566166468,77,146,146,pos_pos
14.568084478,79,148,148,pos_pos
14.570142507,81,149,149,pos_pos
14.572142793,83,150,150,pos_pos
14.574059675,84,151,151,pos_pos
14.576066415,86,152,152,pos_pos
14.578049419,87,154,154,pos_pos
14.580114361,89,155,155,pos_pos
14.582086996,91,157,157,pos_pos
14.584088394,92,158,158,pos_pos
14.586026395,93,159,159,pos_pos
14.588111894,95,160,160,pos_pos
14.590192025,96,162,162,pos_pos
14.592222468,98,163,163,pos_pos
14.594099868,99,165,165,pos_pos
14.596243293,100,167,167,pos_pos
14.598096689,101,168,168,pos_pos
14.600244851,102,170,170,pos_pos
14.60217862,103,171,171,pos_pos
14.604153044,104,173,173,pos_pos
14.606111538,105,174,174,pos_pos
14.608065114,106,176,176,pos_pos
14.61006104,107,177,177,pos_pos
14.612041425,108,179,179,pos_pos
14.61400748,109,180,180,pos_pos
14.616055831,110,182,182,pos_pos
14.618032979,111,183,183,pos_pos
14.620022791,112,185,185,pos_pos
14.622079145,113,186,186,pos_pos
14.624084522,113,187,187,pos_pos
14.626020438,113,188,188,pos_pos
14.628098504,114,190,190,pos_pos
14.630056458,115,192,192,pos_pos
14.63198323,115,193,193,pos_pos
14.634076352,115,194,194,pos_pos
14.63606208,115,195,195,pos_pos
14.638091652,115,196,196,pos_pos
14.64002592,115,198,198,pos_pos
14.642105098,115,199,199,pos_pos
14.644108581,115,201,201,pos_pos
14.646056777,114,202,202,pos_pos
14.648008232,114,203,203,pos_pos
14.650074717,114,203,203,pos_pos
14.652002222,113,205,205,pos_pos
14.654163578,113,206,206,pos_pos
14.655980825,113,207,207,pos_pos
14.657966508,113,208,208,pos_pos
14.659984615,112,209,209,pos_pos
14.662038615,112,209,209,pos_pos
14.664093831,111,210,210,pos_pos
14.666128149,111,211,211,pos_pos
14.6679994,111,211,211,pos_pos
14.670038407,111,212,212,pos_pos
14.672008698,111,212,212,pos_pos
14.674175732,111,212,212,pos_pos
14.67609054,112,213,213,pos_pos
14.678170675,112,213,213,pos_pos
14.680078647,112,213,213,pos_pos
14.682101136,113,214,214,pos_pos
14.684049796,113,214,214,pos_pos
14.686153254,114,214,214,pos_pos
14.688064388,115,214,214,pos_pos
14.690065007,116,215,215,pos_pos
14.692076374,118,215,215,pos_pos
14.694028247,119,215,215,pos_pos
14.696021493,120,215,215,pos_pos
14.69805673,121,215,215,pos_pos
14.700043595,122,216,216,pos_pos
14.702058394,124,216,216,pos_pos
14.704049528,125,216,216,pos_pos
14.706032784,127,216,216,pos_pos
14.708029025,128,216,216,pos_pos
14.710010332,130,216,216,pos_pos
14.712009612,132,216,216,pos_pos
14.714046629,134,217,217,pos_pos
14.716010371,135,217,217,pos_pos
14.718049114,137,217,217,pos_pos
14.719969655,139,217,217,pos_pos
14.721978128,140,217,217,pos_pos
14.724009422,142,217,217,pos_pos
14.726008938,144,217,217,pos_pos
14.728004932,146,217,217,pos_pos
14.730000636,148,217,217,pos_pos
14.731988361,149,217,217,pos_pos
14.733996683,152,218,218,pos_pos
14.735978684,153,218,218,pos_pos
14.737878425,155,219,219,pos_pos
14.739821103,157,219,219,pos_pos
14.741853008,158,220,220,pos_pos
14.743815415,160,221,221,pos_pos
14.745829794,161,222,222,pos_pos
14.748025449,162,222,222,pos_pos
14.749827192,163,223,223,pos_pos
14.751799931,164,225,225,pos_pos
14.753846755,165,226,226,pos_pos
14.755880305,166,227,227,pos_pos
14.757852702,167,227,227,pos_pos
14.759821516,168,228,228,pos_pos
14.761854847,169,230,230,pos_pos
14.763785071,170,231,231,pos_pos
14.765846309,170,232,232,pos_pos
14.767796949,171,233,233,pos_pos
14.769782464,171,234,234,pos_pos
14.771770158,172,235,235,pos_pos
14.773745178,172,237,237,pos_pos
14.775777462,173,238,238,pos_pos
14.777776275,173,240,240,pos_pos
14.779787098,174,241,241,pos_pos
14.781770783,175,243,243,pos_pos
14.783726319,175,244,244,pos_pos
14.785728798,176,246,246,pos_pos
14.78772242,176,248,248,pos_pos
14.789732511,176,250,250,pos_pos
14.791718939,177,252,252,pos_pos
14.793692703,177,254,254,pos_pos
14.795669472,178,256,256,pos_pos
14.797652392,178,258,258,pos_pos
14.799691829,179,260,260,pos_pos
14.801718259,180,262,262,pos_pos
14.803663824,180,264,264,pos_pos
14.805683637,181,266,266,pos_pos
14.807654021,182,268,268,pos_pos
14.809671125,183,270,270,pos_pos
14.811674173,184,272,272,pos_pos
14.813722574,184,274,274,pos_pos
14.815631488,185,276,276,pos_pos
14.817622763,186,277,277,pos_pos
14.819630841,187,279,279,pos_pos
14.821633899,188,281,281,pos_pos
14.823604463,189,283,283,pos_pos
14.825645572,190,284,284,pos_pos
14.827620775,191,286,286,pos_pos
14.829654797,192,287,287,pos_pos
14.831634237,193,289,289,pos_pos
14.833663703,195,290,290,pos_pos
14.835642022,196,291,291,pos_pos
14.837612217,197,292,292,pos_pos
14.839598146,198,293,293,pos_pos
14.841611076,199,294,294,pos_pos
14.843607491,200,295,295,pos_pos
14.845604834,201,296,296,pos_pos
14.847585634,202,296,296,pos_pos
14.849599363,202,298,298,pos_pos
14.851591155,203,298,298,pos_pos
14.853565099,204,299,299,pos_pos
14.855600787,205,300,300,pos_pos
14.857636766,206,301,301,pos_pos
14.859578799,207,302,302,pos_pos
14.861571353,208,302,302,pos_pos
14.863616681,209,303,303,pos_pos
14.865589725,210,303,303,pos_pos
14.867561908,210,304,304,pos_pos
14.869623121,211,305,305,pos_pos
14.871621122,212,306,306,pos_pos
14.873578746,212,306,306,pos_pos
14.875604127,212,307,307,pos_pos
14.877601735,213,307,307,pos_pos
14.879590366,213,308,308,pos_pos
14.881504688,213,308,308,pos_pos
14.883540613,213,309,309,pos_pos
14.885533352,213,309,309,pos_pos
14.887510069,213,310,310,pos_pos
14.889535955,213,311,311,pos_pos
14.891528994,213,312,312,pos_pos
14.893526839,213,313,313,pos_pos
14.895516653,213,314,314,pos_pos
14.89744564,213,315,315,pos_pos
14.899508174,213,316,316,pos_pos
14.901439827,213,316,316,pos_pos
14.903527724,213,317,317,pos_pos
14.905501943,214,318,318,pos_pos
14.907503033,214,319,319,pos_pos
14.90949373,214,320,320,pos_pos
14.911493759,215,321,321,pos_pos
14.913488633,215,322,322,pos_pos
14.91543729,216,323,323,pos_pos
14.917385492,216,324,324,pos_pos
14.919427041,216,324,324,pos_pos
14.921456619,217,325,325,pos_pos
14.92350312,218,326,326,pos_pos
14.925445136,218,327,327,pos_pos
14.927467865,219,328,328,pos_pos
14.929383821,219,329,329,pos_pos
14.931433419,220,330,330,pos_pos
14.93348737,221,330,330,pos_pos
14.935472833,221,331,331,pos_pos
14.937474563,223,332,332,pos_pos
14.939513528,223,333,333,pos_pos
14.941449423,225,334,334,pos_pos
14.943465786,226,335,335,pos_pos
14.945410138,227,337,337,pos_pos
14.947490207,228,337,337,pos_pos
14.949404517,230,339,339,pos_pos
14.951397797,231,340,340,pos_pos
14.953388083,233,340,340,pos_pos
14.955408085,235,341,341,pos_pos
14.95735881,237,342,342,pos_pos
14.959396193,239,343,343,pos_pos
14.961412964,241,345,345,pos_pos
14.963452279,243,346,346,pos_pos
14.96543226,245,348,348,pos_pos
14.967360722,247,349,349,pos_pos
14.969376606,250,350,350,pos_pos
14.971373445,252,352,352,pos_pos
14.973361053,255,354,354,pos_pos
14.975377115,258,356,356,pos_pos
14.97736562,260,357,357,pos_pos
14.97938288,263,359,359,pos_pos
14.981367469,266,362,362,pos_pos
14.983365103,269,363,363,pos_pos
14.98539101,272,365,365,pos_pos
14.987351186,274,367,367,pos_pos
14.989355754,277,369,369,pos_pos
14.991330397,280,371,371,pos_pos
14.993343886,283,374,374,pos_pos
14.995311527,286,376,376,pos_pos
14.997374626,289,378,378,pos_pos
14.999353041,291,380,380,pos_pos
15.001280267,294,382,382,pos_pos
15.003326585,297,385,385,pos_pos
15.005303087,299,387,387,pos_pos
15.007247054,302,389,389,pos_pos
15.009258595,303,391,391,pos_pos
15.011313029,305,394,394,pos_pos
15.013223692,307,396,396,pos_pos
15.015238417,309,397,397,pos_pos
15.017223065,311,400,400,pos_pos
15.019232722,313,401,401,pos_pos
15.021228831,316,404,404,pos_pos
15.023227219,317,407,407,pos_pos
15.025228231,319,409,409,pos_pos
15.027229934,320,412,412,pos_pos
15.029236274,322,415,415,pos_pos
15.031232835,323,416,416,pos_pos
15.033281089,325,419,419,pos_pos
15.035215285,326,422,422,pos_pos
15.037287663,327,424,424,pos_pos
15.039330761,329,428,428,pos_pos
15.041220994,330,430,430,pos_pos
15.043243999,331,431,431,pos_pos
15.045239106,332,435,435,pos_pos
15.047307855,333,436,436,pos_pos
15.04922926,334,440,440,pos_pos
15.051202597,335,441,441,pos_pos
15.053205409,335,444,444,pos_pos
15.055232085,336,446,446,pos_pos
15.057218379,337,450,450,pos_pos
15.059294205,338,451,451,pos_pos
15.061211887,339,455,455,pos_pos
15.063222303,339,457,457,pos_pos
15.06518916,340,460,460,pos_pos
15.067209269,341,461,461,pos_pos
15.069218255,342,465,465,pos_pos
15.071255904,343,466,466,pos_pos
15.073228152,343,470,470,pos_pos
15.075198095,343,471,471,pos_pos
15.077322177,344,474,474,pos_pos
15.079250096,344,476,476,pos_pos
15.081261734,344,478,478,pos_pos
15.08322876,345,481,481,pos_pos
15.085176575,345,483,483,pos_pos
15.087147859,346,485,485,pos_pos
15.089157225,346,487,487,pos_pos
15.091136158,347,489,489,pos_pos
15.093197356,347,492,492,pos_pos
15.095165156,348,494,494,pos_pos
15.097153528,348,496,496,pos_pos
15.099139712,349,498,498,pos_pos
15.101131928,350,500,500,pos_pos
15.103180403,350,502,502,pos_pos
15.105183984,351,503,503,pos_pos
15.107220047,351,505,505,pos_pos
15.109227801,351,507,507,pos_pos
15.11115817,353,508,508,pos_pos
15.113111343,353,510,510,pos_pos
15.11515568,354,511,511,pos_pos
15.117102952,355,511,511,pos_pos
15.119121874,356,513,513,pos_pos
15.121071369,358,514,514,pos_pos
15.123116778,359,515,515,pos_pos
15.125127021,360,516,516,pos_pos
15.127181673,361,517,517,pos_pos
15.129138182,362,518,518,pos_pos
15.131086175,363,519,519,pos_pos
15.133041554,365,520,520,pos_pos
15.135081837,366,521,521,pos_pos
15.137063041,367,521,521,pos_pos
15.13903763,369,522,522,pos_pos
15.141195383,370,523,523,pos_pos
15.14316418,371,524,524,pos_pos
15.145120548,372,525,525,pos_pos
15.147052169,373,526,526,pos_pos
15.149080716,374,527,527,pos_pos
15.151026878,375,528,528,pos_pos
15.153070294,376,529,529,pos_pos
15.155045138,377,531,531,pos_pos
15.157160977,378,532,532,pos_pos
15.159067937,379,533,533,pos_pos
15.161035126,380,534,534,pos_pos
15.16296841,381,536,536,pos_pos
15.16500827,383,537,537,pos_pos
15.167015865,384,539,539,pos_pos
15.169002085,385,540,540,pos_pos
15.170970984,386,541,541,pos_pos
15.172968062,387,543,543,pos_pos
15.175003675,388,544,544,pos_pos
15.177034928,390,546,546,pos_pos
15.179038628,391,547,547,pos_pos
15.180987443,392,549,549,pos_pos
15.183098367,394,550,550,pos_pos
15.184985827,395,552,552,pos_pos
15.186983309,397,554,554,pos_pos
15.188967912,398,556,556,pos_pos
15.19092674,399,558,558,pos_pos
15.192956911,401,560,560,pos_pos
15.195017483,402,561,561,pos_pos
15.196957101,404,563,563,pos_pos
15.198914647,406,565,565,pos_pos
15.200924533,408,567,567,pos_pos
15.202929391,409,569,569,pos_pos
15.204908213,411,571,571,pos_pos
15.206926324,413,572,572,pos_pos
15.2088915,415,574,574,pos_pos
15.211028209,418,575,575,pos_pos
15.212961821,421,577,577,pos_pos
15.215002484,423,579,579,pos_pos
15.21693746,424,580,580,pos_pos
15.219051271,427,582,582,pos_pos
15.220895681,429,584,584,pos_pos
15.223231815,431,585,585,pos_pos
15.224938175,433,587,587,pos_pos
15.22702686,435,588,588,pos_pos
15.228919783,439,590,590,pos_pos
15.230953539,441,591,591,pos_pos
15.232889617,444,593,593,pos_pos
15.235001081,446,595,595,pos_pos
15.236895835,449,596,596,pos_pos
15.238911413,451,597,597,pos_pos
15.240883625,453,599,599,pos_pos
15.243002203,456,600,600,pos_pos
15.244846933,459,602,602,pos_pos
15.246847638,461,604,604,pos_pos
15.248905658,464,606,606,pos_pos
15.25090811,466,607,607,pos_pos
15.252807711,468,609,609,pos_pos
15.254795938,471,610,610,pos_pos
15.256780684,472,612,612,pos_pos
15.258766001,475,614,614,pos_pos
15.260803365,477,616,616,pos_pos
15.262846555,479,618,618,pos_pos
15.264848923,481,620,620,pos_pos
15.266835429,482,622,622,pos_pos
15.268840835,484,623,623,pos_pos
15.270844641,486,625,625,pos_pos
15.272818201,487,627,627,pos_pos
15.274836637,489,629,629,pos_pos
15.276810116,491,631,631,pos_pos
15.278856795,492,634,634,pos_pos
15.280772705,493,635,635,pos_pos
15.282833917,495,638,638,pos_pos
15.284795578,496,640,640,pos_pos
15.286895736,498,642,642,pos_pos
15.288820171,499,645,645,pos_pos
15.290757353,500,647,647,pos_pos
15.292832895,501,649,649,pos_pos
15.294851827,503,651,651,pos_pos
15.296786841,504,653,653,pos_pos
15.298788706,504,656,656,pos_pos
15.300767887,505,658,658,pos_pos
15.302838054,506,660,660,pos_pos
15.304899026,507,662,662,pos_pos
15.306727395,508,665,665,pos_pos
15.30875859,508,667,667,pos_pos
15.310758104,509,669,669,pos_pos
15.312755462,510,672,672,pos_pos
15.314810031,511,674,674,pos_pos
15.316760615,512,677,677,pos_pos
15.318792728,513,679,679,pos_pos
15.320709486,514,682,682,pos_pos
15.322713811,515,683,683,pos_pos
15.324716484,516,685,685,pos_pos
15.326776257,517,688,688,pos_pos
15.328786527,518,690,690,pos_pos
15.330797998,519,692,692,pos_pos
15.332806782,520,695,695,pos_pos
15.334714295,521,696,696,pos_pos
15.33673656,522,698,698,pos_pos
15.338690322,524,700,700,pos_pos
15.340786102,525,702,702,pos_pos
15.342741302,527,703,703,pos_pos
15.344694023,529,704,704,pos_pos
15.346736995,530,706,706,pos_pos
15.348684745,532,708,708,pos_pos
15.350696511,533,709,709,pos_pos
15.352678007,535,710,710,pos_pos
15.354790175,536,712,712,pos_pos
15.356774304,538,714,714,pos_pos
15.358763688,540,715,715,pos_pos
15.360808481,541,716,716,pos_pos
15.362784255,543,717,717,pos_pos
15.364707036,544,719,719,pos_pos
15.366742193,546,720,720,pos_pos
15.36868792,547,721,721,pos_pos
15.370729224,549,722,722,pos_pos
15.372690191,551,723,723,pos_pos
15.374646777,553,724,724,pos_pos
15.376699042,555,724,724,pos_pos
15.378724947,556,726,726,pos_pos
15.380673296,558,728,728,pos_pos
15.382664008,560,729,729,pos_pos
15.384584064,561,729,729,pos_pos
15.386638104,563,731,731,pos_pos
15.388610035,565,732,732,pos_pos
15.390612121,566,733,733,pos_pos
15.392658107,568,734,734,pos_pos
15.394615374,570,736,736,pos_pos
15.396668462,571,737,737,pos_pos
15.398604008,572,738,738,pos_pos
15.400632111,574,739,739,pos_pos
15.402612385,575,740,740,pos_pos
15.404589621,577,742,742,pos_pos
15.40660135,578,742,742,pos_pos
15.40858255,579,744,744,pos_pos
15.410567919,581,745,745,pos_pos
15.412587653,582,746,746,pos_pos
15.414561772,584,747,747,pos_pos
15.416590218,585,749,749,pos_pos
15.418579215,586,750,750,pos_pos
15.420580713,587,751,751,pos_pos
15.422579032,588,753,753,pos_pos
15.424563421,590,754,754,pos_pos
15.426650388,591,756,756,pos_pos
15.428595486,592,757,757,pos_pos
15.430624215,594,758,758,pos_pos
15.432709483,595,760,760,pos_pos
15.434609492,596,762,762,pos_pos
15.436476855,597,764,764,pos_pos
15.438446255,598,766,766,pos_pos
15.440436425,599,768,768,pos_pos
15.442437162,601,770,770,pos_pos
15.444469543,602,772,772,pos_pos
15.446491797,603,773,773,pos_pos
15.448480882,604,775,775,pos_pos
15.450490587,606,777,777,pos_pos
15.452475225,607,780,780,pos_pos
15.454449169,608,782,782,pos_pos
15.456455659,610,784,784,pos_pos
15.458405672,612,786,786,pos_pos
15.460419021,613,788,788,pos_pos
15.462388708,614,790,790,pos_pos
15.464439824,616,793,793,pos_pos
15.466360445,617,794,794,pos_pos
15.468422236,619,797,797,pos_pos
15.470435948,620,799,799,pos_pos
15.472406938,622,800,800,pos_pos
15.474458746,624,802,802,pos_pos
15.476371995,626,804,804,pos_pos
15.47842024,627,806,806,pos_pos
15.48032987,629,807,807,pos_pos
15.482425925,631,809,809,pos_pos
15.48436478,633,811,811,pos_pos
15.486454969,635,812,812,pos_pos
15.488377417,637,813,813,pos_pos
15.490367142,640,814,814,pos_pos
15.492411514,641,816,816,pos_pos
15.494420443,644,817,817,pos_pos
15.496393446,646,819,819,pos_pos
15.498452427,649,820,820,pos_pos
15.500453084,651,821,821,pos_pos
15.502405193,654,822,822,pos_pos
15.504387033,656,824,824,pos_pos
15.506353026,659,825,825,pos_pos
15.508344883,661,826,826,pos_pos
15.510363936,664,827,827,pos_pos
15.512313822,666,828,828,pos_pos
15.514352748,669,829,829,pos_pos
15.516359023,671,830,830,pos_pos
15.518357072,673,831,831,pos_pos
15.520395293,675,832,832,pos_pos
15.522389446,677,833,833,pos_pos
15.524352535,679,834,834,pos_pos
15.526384138,681,835,835,pos_pos
15.528368451,683,836,836,pos_pos
15.530368133,685,838,838,pos_pos
15.532345434,686,839,839,pos_pos
15.534379655,688,840,840,pos_pos
15.536312709,690,841,841,pos_pos
15.538346205,691,843,843,pos_pos
15.540300862,692,844,844,pos_pos
15.542357974,693,846,846,pos_pos
15.544252022,694,848,848,pos_pos
15.546291235,695,850,850,pos_pos
15.548258848,695,852,852,pos_pos
15.550229059,696,852,852,pos_pos
15.552254851,696,854,854,pos_pos
15.554239009,696,856,856,pos_pos
15.556263651,696,858,858,pos_pos
15.558207577,696,860,860,pos_pos
15.56026992,696,862,862,pos_pos
15.562217405,696,865,865,pos_pos
15.564244533,695,868,868,pos_pos
15.566210553,695,869,869,pos_pos
15.568334199,694,871,871,pos_pos
15.570333179,694,873,873,pos_pos
15.572370981,694,877,877,pos_pos
15.574253666,693,879,879,pos_pos
15.576267631,693,881,881,pos_pos
15.578333035,693,883,883,pos_pos
15.580297822,693,885,885,pos_pos
15.582208872,693,888,888,pos_pos
15.584182832,693,890,890,pos_pos
15.586183188,693,892,892,pos_pos
15.588197775,693,895,895,pos_pos
15.590200316,693,897,897,pos_pos
15.592462002,693,899,899,pos_pos
15.59426293,694,901,901,pos_pos
15.596260166,694,902,902,pos_pos
15.598278268,695,904,904,pos_pos
15.600298832,696,906,906,pos_pos
15.602281537,697,907,907,pos_pos
15.604264269,697,908,908,pos_pos
15.60621872,698,908,908,pos_pos
15.608249845,699,909,909,pos_pos
15.610242708,701,909,909,pos_pos
15.612281956,702,910,910,pos_pos
15.614255053,704,910,910,pos_pos
15.616284697,705,910,910,pos_pos
15.618259389,706,911,911,pos_pos
15.62023721,709,911,911,pos_pos
15.622175419,711,911,911,pos_pos
15.624233423,711,911,911,pos_pos
15.626232012,714,911,911,pos_pos
15.62823633,717,911,911,pos_pos
15.630177407,719,911,911,pos_pos
15.63220203,720,911,911,pos_pos
15.634166931,722,912,912,pos_pos
15.636149259,724,912,912,pos_pos
15.638195152,726,912,912,pos_pos
15.640139007,728,913,913,pos_pos
15.642251284,730,913,913,pos_pos
15.644174402,733,913,913,pos_pos
15.64622874,734,914,914,pos_pos
15.648137167,737,914,914,pos_pos
15.650193803,738,915,915,pos_pos
15.652192485,741,916,916,pos_pos
15.654155311,741,916,916,pos_pos
15.656124624,743,916,916,pos_pos
15.658181145,744,917,917,pos_pos
15.660179169,746,918,918,pos_pos
15.662180541,747,919,919,pos_pos
15.664124522,748,920,920,pos_pos
15.666114026,749,921,921,pos_pos
15.668058446,749,923,923,pos_pos
15.670090678,749,924,924,pos_pos
15.672046165,750,926,926,pos_pos
15.674049163,750,927,927,pos_pos
15.676063999,750,929,929,pos_pos
15.678133903,750,931,931,pos_pos
15.680197176,750,933,933,pos_pos
15.682518554,750,934,934,pos_pos
15.68416522,750,937,937,pos_pos
15.686238372,750,939,939,pos_pos
15.688106845,750,940,940,pos_pos
15.690095114,750,943,943,pos_pos
15.692047439,750,945,945,pos_pos
15.69402716,750,947,947,pos_pos
15.69596714,750,949,949,pos_pos
15.697990642,750,951,951,pos_pos
15.699994357,750,953,953,pos_pos
15.701965603,750,956,956,pos_pos
15.703939001,750,958,958,pos_pos
15.705927435,750,960,960,pos_pos
15.707929338,751,962,962,pos_pos
15.709992602,751,964,964,pos_pos
15.711955038,751,966,966,pos_pos
15.713937975,752,968,968,pos_pos
15.715966264,753,970,970,pos_pos
15.71794261,753,972,972,pos_pos
15.719916632,754,973,973,pos_pos
15.721937801,755,975,975,pos_pos
15.723930672,756,976,976,pos_pos
15.725959224,758,977,977,pos_pos
15.727984225,759,979,979,pos_pos
15.729977274,761,980,980,pos_pos
15.731966848,762,981,981,pos_pos
15.734019175,763,982,982,pos_pos
15.736065791,765,984,984,pos_pos
15.737966924,767,985,985,pos_pos
15.739957432,769,986,986,pos_pos
15.741978909,771,986,986,pos_pos
15.743071076,772,987,987,pos_pos
15.744930479,774,988,988,pos_pos
15.747129684,776,989,989,pos_pos
15.748948284,779,990,990,pos_pos
15.751100713,781,990,990,pos_pos
15.752943054,783,991,991,pos_pos
15.75506297,786,992,992,pos_pos
15.757039204,788,993,993,pos_pos
15.759106897,790,993,993,pos_pos
15.760974666,793,994,994,pos_pos
15.762970193,795,995,995,pos_pos
15.764988184,798,995,995,pos_pos
15.766980282,799,996,996,pos_pos
15.768935075,801,996,996,pos_pos
15.770954068,803,997,997,pos_pos
15.77294638,805,997,997,pos_pos
15.774872517,807,998,998,pos_pos
15.776862526,809,999,999,pos_pos
15.778927284,811,999,999,pos_pos
15.780934716,812,1000,1000,pos_pos
15.782942841,813,1001,1001,pos_pos
15.78491838,815,1001,1001,pos_pos
15.786850918,816,1002,1002,pos_pos
15.788877863,817,1003,1003,pos_pos
15.790851968,818,1004,1004,pos_pos
15.792825438,819,1005,1005,pos_pos
15.794844179,820,1006,1006,pos_pos
15.796855298,820,1008,1008,pos_pos
15.798909229,821,1009,1009,pos_pos
15.800924278,821,1010,1010,pos_pos
15.802870517,821,1011,1011,pos_pos
15.80505706,822,1013,1013,pos_pos
15.806877176,822,1015,1015,pos_pos
15.809037887,822,1017,1017,pos_pos
15.810888139,822,1018,1018,pos_pos
15.813019848,822,1020,1020,pos_pos
15.814824223,822,1022,1022,pos_pos
15.816843562,822,1024,1024,pos_pos
15.818874989,821,1026,1026,pos_pos
15.82082941,821,1028,1028,pos_pos
15.822815821,821,1030,1030,pos_pos
15.824808669,820,1032,1032,pos_pos
15.826776062,820,1034,1034,pos_pos
15.828788263,820,1037,1037,pos_pos
15.830852233,820,1039,1039,pos_pos
15.832790576,819,1041,1041,pos_pos
15.834835636,819,1043,1043,pos_pos
15.836806546,819,1044,1044,pos_pos
15.83877219,819,1048,1048,pos_pos
15.840857155,819,1050,1050,pos_pos
15.842841207,819,1052,1052,pos_pos
15.844857174,820,1054,1054,pos_pos
15.846795401,820,1056,1056,pos_pos
15.848847209,820,1057,1057,pos_pos
15.850795266,820,1059,1059,pos_pos
15.852809796,821,1060,1060,pos_pos
15.854830625,822,1061,1061,pos_pos
15.856781334,823,1063,1063,pos_pos
15.858847496,824,1063,1063,pos_pos
15.860788566,825,1064,1064,pos_pos
15.862802701,826,1065,1065,pos_pos
15.864765176,827,1065,1065,pos_pos
15.866749428,828,1065,1065,pos_pos
15.868764269,830,1065,1065,pos_pos
15.87090264,831,1065,1065,pos_pos
15.872891165,832,1065,1065,pos_pos
15.874839339,834,1065,1065,pos_pos
15.876751474,836,1065,1065,pos_pos
15.878715534,838,1065,1065,pos_pos
15.880690672,839,1065,1065,pos_pos
15.882740159,841,1065,1065,pos_pos
15.884697306,842,1065,1065,pos_pos
15.886705365,844,1064,1064,pos_pos
15.888698129,846,1064,1064,pos_pos
15.890671374,848,1064,1064,pos_pos
15.892658745,850,1063,1063,pos_pos
15.894696183,852,1063,1063,pos_pos
15.896674121,853,1062,1062,pos_pos
15.898727315,855,1062,1062,pos_pos
15.900692867,857,1061,1061,pos_pos
15.902733913,858,1061,1061,pos_pos
15.90472982,860,1060,1060,pos_pos
15.906749841,861,1060,1060,pos_pos
15.90871099,862,1060,1060,pos_pos
15.91062305,863,1060,1060,pos_pos
15.912622374,865,1060,1060,pos_pos
15.914604726,865,1060,1060,pos_pos
15.916693118,866,1060,1060,pos_pos
15.918636477,866,1060,1060,pos_pos
15.920662972,866,1061,1061,pos_pos
15.922678494,866,1061,1061,pos_pos
15.924722741,867,1062,1062,pos_pos
15.926676276,867,1063,1063,pos_pos
15.928676573,866,1064,1064,pos_pos
15.930686051,866,1065,1065,pos_pos
15.932708233,866,1066,1066,pos_pos
15.934664425,866,1067,1067,pos_pos
15.936607818,866,1069,1069,pos_pos
15.938627892,866,1070,1070,pos_pos
15.940626621,865,1072,1072,pos_pos
15.942629828,865,1073,1073,pos_pos
15.944670108,865,1075,1075,pos_pos
15.946630426,864,1077,1077,pos_pos
15.948645916,864,1079,1079,pos_pos
15.95062281,864,1080,1080,pos_pos
15.952646702,863,1082,1082,pos_pos
15.954565419,863,1084,1084,pos_pos
15.956568418,863,1086,1086,pos_pos
15.958597415,863,1088,1088,pos_pos
15.960589407,864,1090,1090,pos_pos
15.96260722,864,1093,1093,pos_pos
15.964606042,864,1094,1094,pos_pos
15.966590769,865,1096,1096,pos_pos
15.968581007,865,1099,1099,pos_pos
15.970616118,866,1101,1101,pos_pos
15.97257569,866,1103,1103,pos_pos
15.974512513,867,1105,1105,pos_pos
15.976529011,869,1107,1107,pos_pos
15.978523536,870,1108,1108,pos_pos
15.980509334,871,1110,1110,pos_pos
15.982559773,873,1111,1111,pos_pos
15.984616279,874,1112,1112,pos_pos
15.986634583,876,1114,1114,pos_pos
15.988631711,878,1115,1115,pos_pos
15.990675027,880,1115,1115,pos_pos
15.992597579,882,1117,1117,pos_pos
15.994575274,884,1117,1117,pos_pos
15.996552965,886,1118,1118,pos_pos
15.99854823,888,1119,1119,pos_pos
16.000554783,891,1119,1119,pos_pos
16.002574641,893,1119,1119,pos_pos
16.004562672,895,1120,1120,pos_pos
16.006578926,898,1120,1120,pos_pos
16.008571378,900,1120,1120,pos_pos
16.010614482,903,1120,1120,pos_pos
16.0126039,905,1120,1120,pos_pos
16.014541196,907,1120,1120,pos_pos
16.016478507,909,1119,1119,pos_pos
16.018424093,911,1119,1119,pos_pos
16.020418969,913,1119,1119,pos_pos
16.022555747,915,1118,1118,pos_pos
16.024508096,917,1118,1118,pos_pos
16.026454482,919,1118,1118,pos_pos
16.028524793,921,1117,1117,pos_pos
16.03052968,923,1117,1117,pos_pos
16.03255826,924,1117,1117,pos_pos
16.034545517,925,1117,1117,pos_pos
16.036472031,926,1117,1117,pos_pos
16.03837617,927,1117,1117,pos_pos
16.040530621,927,1117,1117,pos_pos
16.042473985,927,1117,1117,pos_pos
16.044506316,928,1117,1117,pos_pos
16.046534587,928,1118,1118,pos_pos
16.048492372,928,1119,1119,pos_pos
16.050439657,928,1119,1119,pos_pos
16.052430107,928,1120,1120,pos_pos
16.054486231,928,1120,1120,pos_pos
16.056494963,928,1121,1121,pos_pos
16.058453375,928,1122,1122,pos_pos
16.060486268,928,1123,1123,pos_pos
16.062521247,928,1124,1124,pos_pos
16.064393333,928,1125,1125,pos_pos
16.066418953,927,1127,1127,pos_pos
16.06842806,927,1128,1128,pos_pos
16.070452993,927,1129,1129,pos_pos
16.072434646,927,1131,1131,pos_pos
16.074394837,927,1132,1132,pos_pos
16.076439289,926,1134,1134,pos_pos
16.078433166,925,1135,1135,pos_pos
16.080368298,925,1137,1137,pos_pos
16.08229334,924,1139,1139,pos_pos
16.084306041,924,1140,1140,pos_pos
16.086283337,923,1142,1142,pos_pos
16.088283743,923,1144,1144,pos_pos
16.090249609,922,1146,1146,pos_pos
16.092282847,922,1147,1147,pos_pos
16.094265467,922,1150,1150,pos_pos
16.096307194,921,1152,1152,pos_pos
16.098284416,921,1154,1154,pos_pos
16.100295246,921,1155,1155,pos_pos
16.102273987,921,1157,1157,pos_pos
16.10425166,921,1159,1159,pos_pos
16.106267841,921,1160,1160,pos_pos
16.108200554,922,1162,1162,pos_pos
16.11026007,922,1163,1163,pos_pos
16.112309383,923,1165,1165,pos_pos
16.114280874,923,1166,1166,pos_pos
16.11618975,924,1167,1167,pos_pos
16.118249036,925,1168,1168,pos_pos
16.120224662,926,1169,1169,pos_pos
16.122234146,927,1170,1170,pos_pos
16.124296157,928,1171,1171,pos_pos
16.126236899,930,1173,1173,pos_pos
16.128256778,931,1173,1173,pos_pos
16.130242305,933,1174,1174,pos_pos
16.132245062,934,1174,1174,pos_pos
16.13420856,936,1175,1175,pos_pos
16.136183965,938,1175,1175,pos_pos
16.138207945,939,1176,1176,pos_pos
16.140308838,941,1176,1176,pos_pos
16.142306261,943,1177,1177,pos_pos
16.144273397,945,1177,1177,pos_pos
16.146216369,947,1178,1178,pos_pos
16.148238492,949,1178,1178,pos_pos
16.150292582,951,1178,1178,pos_pos
16.15222844,953,1179,1179,pos_pos
16.154302342,956,1179,1179,pos_pos
16.156189736,957,1179,1179,pos_pos
16.158185779,959,1179,1179,pos_pos
16.160166224,961,1179,1179,pos_pos
16.162184576,963,1179,1179,pos_pos
16.164221052,964,1179,1179,pos_pos
16.166203791,965,1180,1180,pos_pos
16.168210503,966,1180,1180,pos_pos
16.170219173,967,1180,1180,pos_pos
16.172221943,968,1180,1180,pos_pos
16.174235779,968,1180,1180,pos_pos
16.176180033,968,1181,1181,pos_pos
16.178243524,968,1181,1181,pos_pos
16.180162682,968,1182,1182,pos_pos
16.182192134,968,1182,1182,pos_pos
16.184149997,968,1182,1182,pos_pos
16.186157638,967,1183,1183,pos_pos
16.188136314,967,1184,1184,pos_pos
16.190128235,966,1184,1184,pos_pos
16.192121643,965,1185,1185,pos_pos
16.194125671,964,1185,1185,pos_pos
16.196141428,964,1186,1186,pos_pos
16.198294787,963,1186,1186,pos_pos
16.200203681,962,1187,1187,pos_pos
16.202205537,961,1188,1188,pos_pos
16.204214177,959,1189,1189,pos_pos
16.206179373,958,1190,1190,pos_pos
16.208098909,957,1191,1191,pos_pos
16.210123556,956,1192,1192,pos_pos
16.212075082,954,1193,1193,pos_pos
16.21407454,953,1194,1194,pos_pos
16.21611803,952,1195,1195,pos_pos
16.218143259,951,1197,1197,pos_pos
16.220095942,951,1197,1197,pos_pos
16.222074344,949,1199,1199,pos_pos
16.224050712,948,1200,1200,pos_pos
16.226092165,948,1202,1202,pos_pos
16.228089994,947,1203,1203,pos_pos
16.230132854,947,1204,1204,pos_pos
16.232077053,947,1205,1205,pos_pos
16.234086453,947,1206,1206,pos_pos
16.236054909,947,1207,1207,pos_pos
16.238072993,947,1208,1208,pos_pos
16.240051458,948,1209,1209,pos_pos
16.242090643,948,1210,1210,pos_pos
16.244057845,949,1211,1211,pos_pos
16.246130596,950,1211,1211,pos_pos
16.2480545,951,1212,1212,pos_pos
16.250063662,951,1213,1213,pos_pos
16.252064897,952,1213,1213,pos_pos
16.254088016,953,1214,1214,pos_pos
16.25603854,955,1214,1214,pos_pos
16.258036344,956,1214,1214,pos_pos
16.260084478,957,1214,1214,pos_pos
16.26206075,958,1214,1214,pos_pos
16.264004245,960,1214,1214,pos_pos
16.266045459,960,1214,1214,pos_pos
16.268094457,962,1214,1214,pos_pos
16.270015218,964,1213,1213,pos_pos
16.27198571,964,1213,1213,pos_pos
16.273987143,965,1212,1212,pos_pos
16.275984582,966,1212,1212,pos_pos
16.278025294,968,1211,1211,pos_pos
16.280038706,969,1211,1211,pos_pos
16.282059134,970,1210,1210,pos_pos
16.28400958,972,1210,1210,pos_pos
16.28598204,972,1209,1209,pos_pos
16.288063032,973,1209,1209,pos_pos
16.289962139,974,1209,1209,pos_pos
16.292065087,974,1208,1208,pos_pos
16.293984595,975,1208,1208,pos_pos
16.296174105,976,1208,1208,pos_pos
16.297976867,977,1208,1208,pos_pos
16.300105063,977,1209,1209,pos_pos
16.301980204,978,1209,1209,pos_pos
16.304062659,978,1209,1209,pos_pos
16.305921842,978,1210,1210,pos_pos
16.308104964,979,1210,1210,pos_pos
16.309915885,979,1211,1211,pos_pos
16.312103416,979,1212,1212,pos_pos
16.314032868,979,1212,1212,pos_pos
16.315960587,979,1213,1213,pos_pos
16.31790796,979,1214,1214,pos_pos
16.319895071,979,1215,1215,pos_pos
16.321895587,979,1216,1216,pos_pos
16.323924473,979,1217,1217,pos_pos
16.325952133,979,1218,1218,pos_pos
16.327973235,979,1220,1220,pos_pos
16.329925524,979,1221,1221,pos_pos
16.331897786,979,1222,1222,pos_pos
16.333941829,979,1224,1224,pos_pos
16.335930723,978,1226,1226,pos_pos
16.337944317,978,1228,1228,pos_pos
16.339956202,978,1229,1229,pos_pos
16.341908896,978,1230,1230,pos_pos
16.343956284,978,1233,1233,pos_pos
16.34598451,978,1234,1234,pos_pos
16.347910928,978,1236,1236,pos_pos
16.349929185,979,1236,1236,pos_pos
16.35188796,978,1240,1240,pos_pos
16.353904692,979,1242,1242,pos_pos
16.355972402,979,1243,1243,pos_pos
16.35791279,980,1245,1245,pos_pos
16.359883438,980,1246,1246,pos_pos
16.362034901,982,1248,1248,pos_pos
16.363890658,983,1249,1249,pos_pos
16.365899366,984,1250,1250,pos_pos
16.367777336,985,1251,1251,pos_pos
16.369928004,986,1252,1252,pos_pos
16.371902649,988,1253,1253,pos_pos
16.374152233,989,1254,1254,pos_pos
16.375796669,991,1254,1254,pos_pos
16.377934824,991,1255,1255,pos_pos
16.379838074,992,1256,1256,pos_pos
16.381837495,994,1257,1257,pos_pos
16.383810646,996,1257,1257,pos_pos
16.385894259,997,1258,1258,pos_pos
16.387785133,998,1258,1258,pos_pos
16.389727349,1000,1258,1258,pos_pos
16.391785948,1002,1258,1258,pos_pos
16.394016933,1003,1259,1259,pos_pos
16.395856526,1005,1259,1259,pos_pos
16.397801246,1006,1259,1259,pos_pos
16.399770434,1007,1260,1260,pos_pos
16.401788723,1008,1260,1260,pos_pos
16.40387975,1010,1260,1260,pos_pos
16.405882348,1011,1260,1260,pos_pos
16.407860815,1012,1260,1260,pos_pos
16.40986396,1013,1260,1260,pos_pos
16.41180455,1014,1261,1261,pos_pos
16.41383209,1014,1260,1260,pos_pos
16.415834653,1015,1260,1260,pos_pos
16.417801396,1015,1260,1260,pos_pos
16.41985088,1016,1261,1261,pos_pos
16.421842057,1016,1261,1261,pos_pos
16.423838813,1016,1260,1260,pos_pos
16.4258249,1016,1261,1261,pos_pos
16.427788435,1016,1261,1261,pos_pos
16.429733781,1016,1261,1261,pos_pos
16.431784714,1016,1261,1261,pos_pos
16.433824444,1016,1261,1261,pos_pos
16.435792644,1016,1262,1262,pos_pos
16.437785188,1015,1262,1262,pos_pos
16.43977427,1015,1262,1262,pos_pos
16.441679763,1015,1263,1263,pos_pos
16.44403306,1015,1263,1263,pos_pos
16.44585663,1015,1264,1264,pos_pos
16.448095054,1015,1265,1265,pos_pos
16.449766833,1015,1266,1266,pos_pos
16.451994656,1015,1267,1267,pos_pos
16.453729628,1015,1268,1268,pos_pos
16.455681146,1015,1270,1270,pos_pos
16.457753404,1015,1271,1271,pos_pos
16.45974963,1015,1272,1272,pos_pos
16.461759423,1015,1274,1274,pos_pos
16.463742758,1015,1276,1276,pos_pos
16.465786903,1015,1277,1277,pos_pos
16.467696742,1015,1279,1279,pos_pos
16.469776872,1015,1280,1280,pos_pos
16.471693508,1015,1282,1282,pos_pos
16.473787534,1016,1284,1284,pos_pos
16.475744624,1016,1286,1286,pos_pos
16.477680209,1017,1287,1287,pos_pos
16.479668964,1017,1289,1289,pos_pos
16.481646939,1018,1291,1291,pos_pos
16.483647305,1019,1293,1293,pos_pos
16.485689222,1019,1295,1295,pos_pos
16.487654488,1020,1296,1296,pos_pos
16.489677253,1021,1298,1298,pos_pos
16.491596298,1022,1300,1300,pos_pos
16.493626161,1023,1302,1302,pos_pos
16.495652037,1024,1303,1303,pos_pos
16.497806132,1026,1305,1305,pos_pos
16.499664785,1027,1307,1307,pos_pos
16.501753069,1028,1308,1308,pos_pos
16.503728761,1030,1309,1309,pos_pos
16.505654222,1032,1311,1311,pos_pos
16.50763236,1034,1312,1312,pos_pos
16.509687581,1036,1313,1313,pos_pos
16.511617382,1038,1314,1314,pos_pos
16.513640985,1040,1315,1315,pos_pos
16.51563448,1042,1315,1315,pos_pos
16.517595641,1044,1316,1316,pos_pos
16.519648274,1047,1317,1317,pos_pos
16.521552865,1049,1318,1318,pos_pos
16.523602679,1052,1318,1318,pos_pos
16.525616189,1054,1319,1319,pos_pos
16.527635709,1056,1319,1319,pos_pos
16.529584134,1059,1319,1319,pos_pos
16.531545995,1061,1319,1319,pos_pos
16.533566038,1063,1319,1319,pos_pos
16.5355405,1066,1320,1320,pos_pos
16.537556856,1068,1320,1320,pos_pos
16.539646864,1070,1320,1320,pos_pos
16.541581245,1072,1320,1320,pos_pos
16.543584797,1074,1320,1320,pos_pos
16.545579428,1076,1320,1320,pos_pos
16.547569952,1077,1320,1320,pos_pos
16.549574202,1078,1320,1320,pos_pos
16.551535109,1080,1320,1320,pos_pos
16.553575315,1081,1320,1320,pos_pos
16.555527896,1082,1320,1320,pos_pos
16.557497529,1083,1320,1320,pos_pos
16.559470548,1083,1320,1320,pos_pos
16.561488598,1084,1320,1320,pos_pos
16.563489911,1084,1320,1320,pos_pos
16.56544449,1084,1321,1321,pos_pos
16.56747846,1084,1322,1322,pos_pos
16.569474287,1084,1322,1322,pos_pos
16.571452745,1084,1323,1323,pos_pos
16.573453006,1084,1324,1324,pos_pos
16.575421369,1084,1325,1325,pos_pos
16.5774409,1084,1327,1327,pos_pos
16.579503879,1083,1327,1327,pos_pos
16.581467552,1083,1329,1329,pos_pos
16.583381403,1082,1331,1331,pos_pos
16.585374226,1082,1332,1332,pos_pos
16.587366097,1082,1334,1334,pos_pos
16.58936745,1081,1335,1335,pos_pos
16.591412289,1081,1337,1337,pos_pos
16.593449605,1080,1339,1339,pos_pos
16.595460351,1080,1340,1340,pos_pos
16.597443555,1079,1342,1342,pos_pos
16.599391434,1079,1344,1344,pos_pos
16.601356115,1079,1346,1346,pos_pos
16.603389935,1079,1348,1348,pos_pos
16.605396906,1079,1349,1349,pos_pos
16.607432347,1079,1351,1351,pos_pos
16.609354683,1079,1353,1353,pos_pos
16.611356632,1079,1355,1355,pos_pos
16.613421822,1079,1357,1357,pos_pos
16.615344057,1080,1359,1359,pos_pos
16.617414454,1080,1361,1361,pos_pos
16.619432387,1081,1363,1363,pos_pos
16.621394869,1082,1366,1366,pos_pos
16.623367607,1083,1369,1369,pos_pos
16.625367212,1084,1371,1371,pos_pos
16.627350177,1085,1373,1373,pos_pos
16.629333472,1086,1376,1376,pos_pos
16.631330162,1087,1378,1378,pos_pos
16.633326107,1089,1380,1380,pos_pos
16.63532318,1090,1382,1382,pos_pos
16.637322764,1092,1385,1385,pos_pos
16.63926045,1094,1387,1387,pos_pos
16.641308329,1096,1389,1389,pos_pos
16.643252745,1098,1391,1391,pos_pos
16.645304706,1100,1394,1394,pos_pos
16.647294209,1102,1396,1396,pos_pos
16.649345068,1104,1398,1398,pos_pos
16.651314021,1106,1400,1400,pos_pos
16.653327586,1109,1403,1403,pos_pos
16.655313513,1111,1405,1405,pos_pos
16.657315733,1113,1407,1407,pos_pos
16.659291188,1116,1409,1409,pos_pos
16.661314393,1119,1412,1412,pos_pos
16.663254037,1121,1414,1414,pos_pos
16.665246817,1124,1415,1415,pos_pos
16.667265724,1126,1417,1417,pos_pos
16.669308287,1129,1420,1420,pos_pos
16.671277767,1132,1422,1422,pos_pos
16.673305305,1134,1423,1423,pos_pos
16.675314927,1136,1425,1425,pos_pos
16.677320631,1139,1426,1426,pos_pos
16.67925966,1141,1428,1428,pos_pos
16.681254647,1143,1430,1430,pos_pos
16.683241348,1146,1431,1431,pos_pos
16.685281805,1148,1433,1433,pos_pos
16.687206447,1150,1435,1435,pos_pos
16.689202724,1151,1435,1435,pos_pos
16.691193367,1153,1438,1438,pos_pos
16.693251061,1154,1439,1439,pos_pos
16.695166821,1156,1440,1440,pos_pos
16.697266848,1158,1441,1441,pos_pos
16.699198581,1159,1442,1442,pos_pos
16.701242784,1160,1444,1444,pos_pos
16.703288434,1161,1445,1445,pos_pos
16.70522431,1162,1447,1447,pos_pos
16.707222644,1163,1449,1449,pos_pos
16.709183199,1163,1450,1450,pos_pos
16.711164771,1164,1452,1452,pos_pos
16.713148227,1164,1453,1453,pos_pos
16.715167758,1164,1455,1455,pos_pos
16.717192974,1164,1457,1457,pos_pos
16.719135654,1165,1458,1458,pos_pos
16.721171488,1165,1460,1460,pos_pos
16.723116245,1164,1463,1463,pos_pos
16.725104108,1164,1465,1465,pos_pos
16.727107399,1164,1467,1467,pos_pos
16.729126899,1164,1469,1469,pos_pos
16.731095929,1165,1470,1470,pos_pos
16.733130836,1165,1472,1472,pos_pos
16.735148311,1164,1474,1474,pos_pos
16.73709251,1165,1476,1476,pos_pos
16.739123077,1165,1478,1478,pos_pos
16.741122896,1165,1480,1480,pos_pos
16.743066313,1165,1482,1482,pos_pos
16.745060403,1165,1484,1484,pos_pos
16.747025241,1165,1486,1486,pos_pos
16.749055713,1165,1488,1488,pos_pos
16.751016945,1165,1491,1491,pos_pos
16.753055182,1165,1492,1492,pos_pos
16.755044067,1165,1495,1495,pos_pos
16.757039995,1165,1497,1497,pos_pos
16.759023632,1166,1499,1499,pos_pos
16.761093368,1166,1500,1500,pos_pos
16.763002932,1167,1503,1503,pos_pos
16.765025738,1167,1504,1504,pos_pos
16.767019839,1167,1506,1506,pos_pos
16.768997266,1168,1508,1508,pos_pos
16.77107115,1168,1509,1509,pos_pos
16.773054672,1169,1511,1511,pos_pos
16.775049458,1170,1512,1512,pos_pos
16.777005084,1171,1514,1514,pos_pos
16.779065018,1172,1515,1515,pos_pos
16.781055945,1173,1515,1515,pos_pos
16.783076951,1174,1516,1516,pos_pos
16.785097664,1175,1517,1517,pos_pos
16.7870381,1177,1517,1517,pos_pos
16.789049438,1178,1518,1518,pos_pos
16.791037411,1179,1518,1518,pos_pos
16.793008322,1180,1518,1518,pos_pos
16.795038818,1181,1519,1519,pos_pos
16.796991751,1183,1519,1519,pos_pos
16.79897747,1184,1519,1519,pos_pos
16.801057605,1185,1520,1520,pos_pos
16.802977525,1188,1520,1520,pos_pos
16.804997839,1189,1520,1520,pos_pos
16.807001724,1190,1521,1521,pos_pos
16.808972739,1193,1521,1521,pos_pos
16.81096555,1194,1522,1522,pos_pos
16.81298332,1196,1522,1522,pos_pos
16.814955953,1198,1522,1522,pos_pos
16.816954369,1200,1523,1523,pos_pos
16.819029203,1202,1523,1523,pos_pos
16.821026336,1204,1523,1523,pos_pos
16.823014021,1206,1524,1524,pos_pos
16.825068183,1208,1526,1526,pos_pos
16.826966984,1210,1527,1527,pos_pos
16.828926606,1212,1527,1527,pos_pos
16.830907091,1214,1528,1528,pos_pos
16.832961012,1216,1529,1529,pos_pos
16.835029271,1218,1530,1530,pos_pos
16.8371282,1219,1531,1531,pos_pos
16.839070857,1221,1533,1533,pos_pos
16.841094211,1223,1534,1534,pos_pos
16.842995743,1225,1536,1536,pos_pos
16.844891747,1227,1537,1537,pos_pos
16.846951196,1228,1538,1538,pos_pos
16.849231301,1230,1540,1540,pos_pos
16.85093138,1231,1542,1542,pos_pos
16.852976999,1233,1544,1544,pos_pos
16.854873093,1234,1545,1545,pos_pos
16.856920441,1236,1548,1548,pos_pos
16.858898008,1237,1550,1550,pos_pos
16.861067942,1239,1551,1551,pos_pos
16.862883258,1240,1553,1553,pos_pos
16.86505811,1242,1555,1555,pos_pos
16.86685522,1243,1557,1557,pos_pos
16.868833721,1244,1559,1559,pos_pos
16.870881132,1246,1561,1561,pos_pos
16.87283189,1247,1564,1564,pos_pos
16.874849003,1249,1565,1565,pos_pos
16.876950106,1250,1568,1568,pos_pos
16.878856035,1251,1570,1570,pos_pos
16.880829632,1253,1572,1572,pos_pos
16.882853134,1254,1574,1574,pos_pos
16.88487863,1256,1576,1576,pos_pos
16.886869305,1257,1578,1578,pos_pos
16.888863886,1258,1580,1580,pos_pos
16.890831252,1259,1583,1583,pos_pos
16.892843144,1260,1585,1585,pos_pos
16.894868517,1262,1587,1587,pos_pos
16.896845974,1263,1589,1589,pos_pos
16.898930108,1264,1592,1592,pos_pos
16.900896654,1265,1594,1594,pos_pos
16.902904377,1266,1596,1596,pos_pos
16.904858041,1268,1598,1598,pos_pos
16.906826042,1269,1600,1600,pos_pos
16.908824952,1271,1602,1602,pos_pos
16.910958763,1273,1604,1604,pos_pos
16.912793941,1274,1606,1606,pos_pos
16.914808279,1276,1608,1608,pos_pos
16.916805986,1278,1611,1611,pos_pos
16.918858099,1280,1613,1613,pos_pos
16.920814234,1282,1615,1615,pos_pos
16.922819924,1284,1617,1617,pos_pos
16.924796228,1286,1619,1619,pos_pos
16.926795128,1288,1621,1621,pos_pos
16.928826835,1290,1623,1623,pos_pos
16.930878296,1293,1626,1626,pos_pos
16.932839705,1295,1628,1628,pos_pos
16.934787068,1297,1630,1630,pos_pos
16.936698683,1299,1632,1632,pos_pos
16.938718254,1301,1635,1635,pos_pos
16.940771765,1303,1637,1637,pos_pos
16.942821076,1305,1639,1639,pos_pos
16.944794078,1307,1641,1641,pos_pos
16.94681081,1309,1642,1642,pos_pos
16.948773479,1310,1645,1645,pos_pos
16.950832123,1311,1647,1647,pos_pos
16.952733291,1312,1649,1649,pos_pos
16.954726514,1313,1651,1651,pos_pos
16.95673741,1314,1653,1653,pos_pos
16.958725949,1315,1655,1655,pos_pos
16.960721581,1315,1657,1657,pos_pos
16.962690314,1316,1660,1660,pos_pos
16.964751072,1317,1662,1662,pos_pos
16.966761365,1317,1663,1663,pos_pos
16.968725874,1317,1666,1666,pos_pos
16.970770918,1318,1667,1667,pos_pos
16.972779956,1318,1670,1670,pos_pos
16.974755461,1318,1672,1672,pos_pos
16.976785239,1318,1674,1674,pos_pos
16.978759273,1318,1677,1677,pos_pos
16.980773709,1318,1679,1679,pos_pos
16.982705873,1318,1681,1681,pos_pos
16.984736152,1318,1683,1683,pos_pos
16.986765136,1318,1684,1684,pos_pos
16.988778686,1318,1687,1687,pos_pos
16.990725762,1317,1689,1689,pos_pos
16.992710933,1317,1691,1691,pos_pos
16.994733063,1317,1693,1693,pos_pos
16.996732401,1318,1695,1695,pos_pos
16.998719821,1317,1696,1696,pos_pos
17.000737067,1318,1698,1698,pos_pos
17.00272396,1318,1700,1700,pos_pos
17.004742227,1317,1702,1702,pos_pos
17.006728936,1318,1703,1703,pos_pos
17.008662215,1318,1705,1705,pos_pos
17.01063036,1318,1706,1706,pos_pos
17.012690601,1318,1707,1707,pos_pos
17.01464121,1319,1709,1709,pos_pos
17.016637974,1319,1710,1710,pos_pos
17.018657764,1320,1711,1711,pos_pos
17.020619928,1320,1712,1712,pos_pos
17.022647327,1321,1714,1714,pos_pos
17.024627347,1322,1715,1715,pos_pos
17.026624923,1323,1716,1716,pos_pos
17.028628142,1324,1717,1717,pos_pos
17.03062827,1325,1718,1718,pos_pos
17.032569758,1326,1719,1719,pos_pos
17.034604295,1327,1720,1720,pos_pos
17.036640107,1329,1721,1721,pos_pos
17.038622348,1331,1722,1722,pos_pos
17.040641133,1332,1723,1723,pos_pos
17.042587662,1334,1723,1723,pos_pos
17.044541507,1336,1724,1724,pos_pos
17.046703566,1338,1725,1725,pos_pos
17.048574861,1340,1725,1725,pos_pos
17.05061782,1342,1726,1726,pos_pos
17.052577695,1344,1727,1727,pos_pos
17.054589711,1346,1727,1727,pos_pos
17.05653712,1348,1727,1727,pos_pos
17.058553393,1350,1728,1728,pos_pos
17.060568482,1352,1728,1728,pos_pos
17.062529635,1354,1729,1729,pos_pos
17.064600063,1356,1729,1729,pos_pos
17.066675105,1359,1730,1730,pos_pos
17.068521416,1361,1730,1730,pos_pos
17.07057737,1363,1731,1731,pos_pos
17.072507515,1366,1731,1731,pos_pos
17.0744962,1368,1731,1731,pos_pos
17.076514519,1370,1732,1732,pos_pos
17.078570377,1372,1732,1732,pos_pos
17.080511208,1374,1733,1733,pos_pos
17.082510381,1376,1733,1733,pos_pos
17.084464303,1378,1733,1733,pos_pos
17.08648689,1380,1733,1733,pos_pos
17.088517303,1382,1734,1734,pos_pos
17.0905251,1384,1734,1734,pos_pos
17.092463018,1386,1734,1734,pos_pos
17.094562967,1388,1735,1735,pos_pos
17.096454548,1390,1735,1735,pos_pos
17.09846081,1391,1735,1735,pos_pos
17.100476102,1393,1736,1736,pos_pos
17.102444196,1394,1736,1736,pos_pos
17.104455237,1396,1737,1737,pos_pos
17.106444543,1397,1738,1738,pos_pos
17.108403557,1399,1739,1739,pos_pos
17.110448119,1400,1740,1740,pos_pos
17.11242942,1402,1741,1741,pos_pos
17.114378619,1403,1742,1742,pos_pos
17.116386441,1404,1743,1743,pos_pos
17.118379369,1406,1745,1745,pos_pos
17.12040709,1407,1746,1746,pos_pos
17.122444095,1408,1748,1748,pos_pos
17.124435313,1410,1748,1748,pos_pos
17.12640892,1411,1750,1750,pos_pos
17.128437964,1413,1752,1752,pos_pos
17.130428965,1414,1754,1754,pos_pos
17.132455352,1415,1755,1755,pos_pos
17.134400383,1417,1757,1757,pos_pos
17.136390969,1418,1759,1759,pos_pos
17.138364281,1420,1762,1762,pos_pos
17.140418747,1421,1763,1763,pos_pos
17.142371464,1422,1766,1766,pos_pos
17.144397259,1424,1768,1768,pos_pos
17.146386967,1425,1770,1770,pos_pos
17.14835286,1427,1772,1772,pos_pos
17.150344397,1428,1774,1774,pos_pos
17.152317599,1429,1777,1777,pos_pos
17.154367876,1431,1779,1779,pos_pos
17.156351084,1432,1781,1781,pos_pos
17.15828832,1433,1783,1783,pos_pos
17.160326899,1434,1785,1785,pos_pos
17.162333934,1435,1788,1788,pos_pos
17.164303324,1436,1790,1790,pos_pos
17.166321312,1436,1792,1792,pos_pos
17.168296162,1437,1794,1794,pos_pos
17.170296279,1438,1797,1797,pos_pos
17.172315509,1439,1799,1799,pos_pos
17.174331358,1439,1800,1800,pos_pos
17.176323339,1439,1802,1802,pos_pos
17.178316227,1439,1804,1804,pos_pos
17.180265043,1439,1805,1805,pos_pos
17.182306854,1440,1807,1807,pos_pos
17.184247114,1440,1808,1808,pos_pos
17.186301165,1440,1810,1810,pos_pos
17.188250625,1440,1811,1811,pos_pos
17.190317463,1441,1812,1812,pos_pos
17.192226468,1441,1812,1812,pos_pos
17.194299618,1441,1814,1814,pos_pos
17.196280634,1441,1815,1815,pos_pos
17.198299583,1441,1816,1816,pos_pos
17.200256497,1441,1817,1817,pos_pos
17.202285943,1441,1817,1817,pos_pos
17.204264391,1441,1818,1818,pos_pos
17.20631749,1441,1819,1819,pos_pos
17.208284268,1441,1819,1819,pos_pos
17.210251105,1441,1820,1820,pos_pos
17.212230898,1441,1821,1821,pos_pos
17.214255036,1441,1822,1822,pos_pos
17.216267045,1441,1822,1822,pos_pos
17.218292831,1441,1823,1823,pos_pos
17.220249504,1441,1824,1824,pos_pos
17.222218516,1442,1824,1824,pos_pos
17.224217872,1442,1825,1825,pos_pos
17.226212285,1442,1825,1825,pos_pos
17.228265004,1442,1826,1826,pos_pos
17.230201994,1442,1827,1827,pos_pos
17.232182529,1442,1827,1827,pos_pos
17.234240987,1442,1828,1828,pos_pos
17.2362095,1443,1829,1829,pos_pos
17.238180683,1443,1830,1830,pos_pos
17.240203029,1443,1830,1830,pos_pos
17.242204207,1443,1831,1831,pos_pos
17.244202645,1443,1832,1832,pos_pos
17.24620456,1444,1833,1833,pos_pos
17.248180123,1444,1834,1834,pos_pos
17.250127324,1444,1835,1835,pos_pos
17.2522301,1445,1835,1835,pos_pos
17.254246248,1445,1836,1836,pos_pos
17.256183688,1446,1837,1837,pos_pos
17.258177867,1446,1837,1837,pos_pos
17.260154965,1447,1838,1838,pos_pos
17.262171899,1448,1839,1839,pos_pos
17.264188247,1449,1841,1841,pos_pos
17.266212684,1450,1842,1842,pos_pos
17.26813669,1451,1843,1843,pos_pos
17.270144088,1451,1844,1844,pos_pos
17.272134149,1452,1846,1846,pos_pos
17.274114415,1453,1848,1848,pos_pos
17.276163124,1455,1849,1849,pos_pos
17.278126082,1456,1850,1850,pos_pos
17.280140469,1458,1852,1852,pos_pos
17.2822262,1460,1853,1853,pos_pos
17.284157025,1461,1855,1855,pos_pos
17.286166561,1462,1856,1856,pos_pos
17.288165815,1464,1857,1857,pos_pos
17.290210249,1466,1859,1859,pos_pos
17.292215999,1468,1860,1860,pos_pos
17.294219445,1469,1861,1861,pos_pos
17.296221767,1471,1862,1862,pos_pos
17.298150101,1473,1863,1863,pos_pos
17.300163623,1475,1864,1864,pos_pos
17.302183521,1477,1866,1866,pos_pos
17.304203667,1479,1867,1867,pos_pos
17.306130026,1481,1868,1868,pos_pos
17.308133685,1483,1869,1869,pos_pos
17.310108699,1485,1870,1870,pos_pos
17.31212005,1487,1871,1871,pos_pos
17.314147064,1489,1872,1872,pos_pos
17.316162173,1492,1873,1873,pos_pos
17.318090441,1494,1873,1873,pos_pos
17.320099406,1497,1874,1874,pos_pos
17.322076159,1499,1875,1875,pos_pos
17.324078756,1501,1875,1875,pos_pos
17.326020447,1504,1875,1875,pos_pos
17.328028005,1506,1876,1876,pos_pos
17.330059298,1508,1876,1876,pos_pos
17.332186862,1510,1876,1876,pos_pos
17.334099083,1513,1876,1876,pos_pos
17.336019454,1515,1877,1877,pos_pos
17.337978041,1518,1877,1877,pos_pos
17.340010564,1520,1877,1877,pos_pos
17.342041751,1523,1878,1878,pos_pos
17.343990575,1525,1878,1878,pos_pos
17.346071884,1527,1879,1879,pos_pos
17.348022574,1529,1880,1880,pos_pos
17.350080867,1531,1881,1881,pos_pos
17.352083107,1533,1882,1882,pos_pos
17.354067502,1534,1883,1883,pos_pos
17.356068186,1536,1884,1884,pos_pos
17.35798834,1537,1886,1886,pos_pos
17.360020746,1539,1888,1888,pos_pos
17.361946523,1540,1889,1889,pos_pos
17.363966113,1541,1891,1891,pos_pos
17.366016021,1543,1893,1893,pos_pos
17.367990078,1544,1894,1894,pos_pos
17.370024005,1545,1896,1896,pos_pos
17.372021091,1546,1898,1898,pos_pos
17.373992438,1546,1900,1900,pos_pos
17.37602859,1547,1902,1902,pos_pos
17.377998124,1547,1904,1904,pos_pos
17.379958888,1548,1906,1906,pos_pos
17.381967582,1548,1908,1908,pos_pos
17.3838966,1549,1910,1910,pos_pos
17.386019445,1549,1912,1912,pos_pos
17.38789998,1549,1914,1914,pos_pos
17.390006265,1550,1916,1916,pos_pos
17.391931373,1550,1918,1918,pos_pos
17.393973894,1550,1920,1920,pos_pos
17.395947614,1550,1922,1922,pos_pos
17.398139393,1550,1924,1924,pos_pos
17.399959002,1551,1926,1926,pos_pos
17.402105768,1551,1929,1929,pos_pos
17.403937446,1551,1931,1931,pos_pos
17.406062034,1551,1933,1933,pos_pos
17.407988029,1552,1935,1935,pos_pos
17.41015384,1552,1938,1938,pos_pos
17.411948826,1553,1940,1940,pos_pos
17.412918928,1553,1942,1942,pos_pos
17.4149077,1553,1944,1944,pos_pos
17.416916631,1554,1946,1946,pos_pos
17.418918629,1555,1948,1948,pos_pos
17.420901408,1555,1950,1950,pos_pos
17.423109873,1556,1952,1952,pos_pos
17.424923292,1557,1954,1954,pos_pos
17.426993484,1558,1956,1956,pos_pos
17.428833495,1559,1958,1958,pos_pos
17.430935115,1559,1959,1959,pos_pos
17.432825968,1560,1961,1961,pos_pos
17.434992947,1561,1963,1963,pos_pos
17.436902565,1562,1964,1964,pos_pos
17.439014919,1563,1966,1966,pos_pos
17.440876382,1564,1968,1968,pos_pos
17.442883721,1565,1969,1969,pos_pos
17.444876747,1566,1970,1970,pos_pos
17.446858207,1567,1972,1972,pos_pos
17.448817217,1568,1973,1973,pos_pos
17.45086048,1569,1974,1974,pos_pos
17.452794464,1571,1975,1975,pos_pos
17.45488068,1572,1976,1976,pos_pos
17.456834856,1574,1977,1977,pos_pos
17.458852293,1575,1978,1978,pos_pos
17.460798718,1577,1979,1979,pos_pos
17.462791606,1578,1980,1980,pos_pos
17.464838355,1580,1981,1981,pos_pos
17.466769369,1581,1982,1982,pos_pos
17.468769443,1582,1983,1983,pos_pos
17.470732508,1584,1984,1984,pos_pos
17.472740934,1585,1985,1985,pos_pos
17.474704344,1586,1986,1986,pos_pos
17.476679856,1587,1987,1987,pos_pos
17.478673468,1589,1988,1988,pos_pos
17.480686321,1590,1989,1989,pos_pos
17.482776896,1591,1990,1990,pos_pos
17.484680858,1593,1991,1991,pos_pos
17.486632537,1594,1991,1991,pos_pos
17.48867621,1595,1992,1992,pos_pos
17.490637856,1596,1994,1994,pos_pos
17.492732276,1597,1995,1995,pos_pos
17.494701245,1598,1996,1996,pos_pos
17.496695155,1600,1997,1997,pos_pos
17.498618642,1601,1998,1998,pos_pos
17.50067845,1602,1999,1999,pos_pos
17.502623091,1603,2000,2000,pos_pos
17.504651984,1604,2002,2002,pos_pos
17.506728696,1605,2003,2003,pos_pos
17.508705477,1607,2005,2005,pos_pos
17.510794304,1607,2006,2006,pos_pos
17.512681558,1608,2008,2008,pos_pos
17.514800691,1609,2010,2010,pos_pos
17.516739775,1610,2012,2012,pos_pos
17.518736737,1611,2014,2014,pos_pos
17.520651109,1613,2016,2016,pos_pos
17.522685175,1614,2018,2018,pos_pos
17.524655523,1614,2020,2020,pos_pos
17.526725059,1616,2021,2021,pos_pos
17.528689793,1617,2023,2023,pos_pos
17.53068769,1618,2025,2025,pos_pos
17.532685107,1619,2028,2028,pos_pos
17.534718387,1621,2029,2029,pos_pos
17.536671709,1622,2031,2031,pos_pos
17.538686156,1623,2033,2033,pos_pos
17.540638556,1624,2035,2035,pos_pos
17.542691196,1625,2038,2038,pos_pos
17.544673938,1627,2040,2040,pos_pos
17.546688933,1628,2041,2041,pos_pos
17.54867311,1630,2043,2043,pos_pos
17.550661421,1631,2045,2045,pos_pos
17.552657222,1633,2047,2047,pos_pos
17.554681439,1634,2049,2049,pos_pos
17.556645602,1635,2051,2051,pos_pos
17.558696934,1637,2052,2052,pos_pos
17.56064215,1638,2054,2054,pos_pos
17.562688381,1640,2055,2055,pos_pos
17.56464779,1642,2056,2056,pos_pos
17.566623199,1643,2058,2058,pos_pos
17.568632556,1645,2059,2059,pos_pos
17.570656414,1647,2060,2060,pos_pos
17.572604278,1649,2061,2061,pos_pos
17.574635472,1650,2062,2062,pos_pos
17.576584476,1652,2063,2063,pos_pos
17.578634676,1655,2064,2064,pos_pos
17.58062101,1657,2064,2064,pos_pos
17.582612245,1659,2065,2065,pos_pos
17.584615824,1661,2066,2066,pos_pos
17.5866422,1663,2067,2067,pos_pos
17.588650703,1664,2068,2068,pos_pos
17.590684307,1667,2068,2068,pos_pos
17.592542815,1669,2068,2068,pos_pos
17.594564824,1671,2070,2070,pos_pos
17.596523361,1673,2071,2071,pos_pos
17.598546016,1675,2072,2072,pos_pos
17.600599242,1677,2073,2073,pos_pos
17.602610237,1679,2074,2074,pos_pos
17.604606899,1681,2075,2075,pos_pos
17.606567901,1684,2075,2075,pos_pos
17.608548611,1685,2077,2077,pos_pos
17.610546421,1687,2077,2077,pos_pos
17.612532121,1689,2079,2079,pos_pos
17.614560501,1691,2080,2080,pos_pos
17.616522047,1692,2081,2081,pos_pos
17.618610944,1694,2082,2082,pos_pos
17.620553075,1695,2083,2083,pos_pos
17.622530008,1696,2084,2084,pos_pos
17.624588744,1697,2086,2086,pos_pos
17.626493568,1699,2087,2087,pos_pos
17.62851445,1700,2088,2088,pos_pos
17.630471097,1701,2090,2090,pos_pos
17.632466696,1702,2092,2092,pos_pos
17.634468063,1702,2094,2094,pos_pos
17.636490117,1703,2096,2096,pos_pos
17.63848232,1703,2097,2097,pos_pos
17.6404884,1704,2099,2099,pos_pos
17.642501984,1704,2102,2102,pos_pos
17.644499127,1704,2104,2104,pos_pos
17.646490067,1704,2106,2106,pos_pos
17.648470735,1704,2108,2108,pos_pos
17.650519617,1704,2110,2110,pos_pos
17.652537415,1704,2112,2112,pos_pos
17.654564708,1704,2114,2114,pos_pos
17.656561863,1704,2117,2117,pos_pos
17.658560254,1704,2119,2119,pos_pos
17.660447727,1704,2121,2121,pos_pos
17.662496453,1704,2123,2123,pos_pos
17.664400111,1704,2126,2126,pos_pos
17.666426716,1704,2128,2128,pos_pos
17.668363592,1704,2130,2130,pos_pos
17.670406615,1704,2132,2132,pos_pos
17.672378663,1704,2134,2134,pos_pos
17.674408933,1705,2136,2136,pos_pos
17.676435916,1705,2139,2139,pos_pos
17.6783961,1706,2141,2141,pos_pos
17.680438739,1707,2142,2142,pos_pos
17.682412145,1707,2144,2144,pos_pos
17.684351281,1708,2146,2146,pos_pos
17.686350266,1709,2148,2148,pos_pos
17.68830162,1710,2150,2150,pos_pos
17.690355869,1712,2152,2152,pos_pos
17.692317929,1713,2153,2153,pos_pos
17.694338031,1714,2155,2155,pos_pos
17.696338147,1716,2156,2156,pos_pos
17.698428911,1717,2157,2157,pos_pos
17.700368165,1719,2158,2158,pos_pos
17.702379148,1721,2160,2160,pos_pos
17.70428601,1722,2161,2161,pos_pos
17.706294039,1725,2162,2162,pos_pos
17.708327047,1726,2162,2162,pos_pos
17.710393434,1729,2162,2162,pos_pos
17.712335886,1731,2163,2163,pos_pos
17.714309724,1733,2163,2163,pos_pos
17.716294597,1735,2163,2163,pos_pos
17.718266867,1737,2164,2164,pos_pos
17.720334874,1740,2164,2164,pos_pos
17.722313475,1742,2164,2164,pos_pos
17.724291117,1743,2164,2164,pos_pos
17.726239001,1746,2164,2164,pos_pos
17.728206258,1748,2164,2164,pos_pos
17.730211754,1749,2165,2165,pos_pos
17.732246383,1751,2165,2165,pos_pos
17.73418638,1753,2165,2165,pos_pos
17.736249076,1754,2165,2165,pos_pos
17.738232586,1756,2165,2165,pos_pos
17.740239167,1757,2165,2165,pos_pos
17.742249501,1758,2165,2165,pos_pos
17.744291682,1759,2165,2165,pos_pos
17.746229163,1760,2165,2165,pos_pos
17.748267129,1760,2165,2165,pos_pos
17.750272805,1761,2165,2165,pos_pos
17.752224107,1761,2165,2165,pos_pos
17.754269121,1761,2165,2165,pos_pos
17.7562217,1761,2165,2165,pos_pos
17.758200308,1761,2165,2165,pos_pos
17.760187684,1761,2165,2165,pos_pos
17.762179202,1761,2165,2165,pos_pos
17.76415946,1761,2166,2166,pos_pos
17.766185308,1761,2166,2166,pos_pos
17.768156413,1761,2167,2167,pos_pos
17.770149422,1761,2167,2167,pos_pos
17.772234463,1761,2168,2168,pos_pos
17.774164763,1761,2169,2169,pos_pos
17.776243351,1761,2170,2170,pos_pos
17.778215494,1761,2172,2172,pos_pos
17.780243147,1761,2173,2173,pos_pos
17.782236141,1761,2175,2175,pos_pos
17.784201935,1761,2176,2176,pos_pos
17.786239105,1761,2178,2178,pos_pos
17.788259045,1761,2180,2180,pos_pos
17.790241151,1761,2181,2181,pos_pos
17.792205711,1761,2183,2183,pos_pos
17.794184536,1761,2185,2185,pos_pos
17.796158264,1762,2187,2187,pos_pos
17.798153195,1762,2189,2189,pos_pos
17.800217277,1762,2191,2191,pos_pos
17.802112817,1763,2193,2193,pos_pos
17.804179952,1764,2194,2194,pos_pos
17.806156054,1765,2198,2198,pos_pos
17.80813478,1766,2200,2200,pos_pos
17.810128954,1767,2201,2201,pos_pos
17.812120132,1768,2203,2203,pos_pos
17.814094338,1769,2205,2205,pos_pos
17.816171718,1771,2206,2206,pos_pos
17.818202064,1773,2209,2209,pos_pos
17.820211233,1774,2210,2210,pos_pos
17.822114846,1776,2213,2213,pos_pos
17.824100685,1778,2214,2214,pos_pos
17.826094037,1780,2215,2215,pos_pos
17.828129513,1782,2217,2217,pos_pos
17.830108548,1786,2218,2218,pos_pos
17.83212424,1787,2219,2219,pos_pos
17.834143815,1789,2220,2220,pos_pos
17.836105497,1792,2221,2221,pos_pos
17.838125379,1794,2222,2222,pos_pos
17.840070168,1796,2222,2222,pos_pos
17.842083477,1799,2222,2222,pos_pos
17.844130477,1801,2223,2223,pos_pos
17.846054336,1803,2223,2223,pos_pos
17.848037962,1805,2223,2223,pos_pos
17.850038632,1807,2224,2224,pos_pos
17.852209453,1808,2224,2224,pos_pos
17.854029116,1810,2223,2223,pos_pos
17.856027526,1811,2223,2223,pos_pos
17.858066502,1812,2223,2223,pos_pos
17.860011233,1813,2222,2222,pos_pos
17.862068702,1815,2222,2222,pos_pos
17.864069711,1815,2222,2222,pos_pos
17.866095866,1816,2221,2221,pos_pos
17.868070847,1817,2221,2221,pos_pos
17.87001816,1817,2221,2221,pos_pos
17.871985957,1817,2220,2220,pos_pos
17.874006696,1817,2220,2220,pos_pos
17.876043222,1817,2219,2219,pos_pos
17.878076088,1817,2220,2220,pos_pos
17.880025486,1817,2219,2219,pos_pos
17.881990384,1817,2219,2219,pos_pos
17.883998995,1817,2219,2219,pos_pos
17.885981481,1816,2219,2219,pos_pos
17.887993945,1816,2220,2220,pos_pos
17.889936476,1816,2220,2220,pos_pos
17.892011063,1815,2221,2221,pos_pos
17.894061513,1815,2221,2221,pos_pos
17.896059993,1815,2222,2222,pos_pos
17.898139579,1814,2222,2222,pos_pos
17.900000094,1814,2223,2223,pos_pos
17.902136289,1814,2224,2224,pos_pos
17.904102871,1814,2225,2225,pos_pos
17.906034892,1813,2226,2226,pos_pos
17.908097488,1813,2227,2227,pos_pos
17.910108592,1813,2228,2228,pos_pos
17.912036549,1813,2229,2229,pos_pos
17.914106569,1813,2230,2230,pos_pos
17.916069021,1813,2232,2232,pos_pos
17.917094763,1813,2232,2232,pos_pos
17.919018952,1813,2234,2234,pos_pos
17.921064049,1813,2235,2235,pos_pos
17.92307174,1813,2237,2237,pos_pos
17.925026465,1813,2238,2238,pos_pos
17.926994259,1813,2240,2240,pos_pos
17.929042682,1813,2241,2241,pos_pos
17.93099555,1814,2243,2243,pos_pos
17.933048474,1814,2244,2244,pos_pos
17.934984919,1814,2246,2246,pos_pos
17.936931454,1815,2247,2247,pos_pos
17.938894316,1815,2249,2249,pos_pos
17.940849568,1816,2250,2250,pos_pos
17.943006526,1817,2251,2251,pos_pos
17.9449291,1817,2253,2253,pos_pos
17.947111915,1818,2254,2254,pos_pos
17.948974298,1819,2255,2255,pos_pos
17.951018397,1820,2256,2256,pos_pos
17.952953092,1822,2257,2257,pos_pos
17.955146394,1823,2258,2258,pos_pos
17.956926104,1824,2259,2259,pos_pos
17.959124892,1825,2260,2260,pos_pos
17.96091686,1826,2260,2260,pos_pos
17.963079941,1828,2260,2260,pos_pos
17.964874998,1829,2261,2261,pos_pos
17.967005389,1831,2261,2261,pos_pos
17.968856051,1832,2261,2261,pos_pos
17.971026638,1834,2261,2261,pos_pos
17.972854128,1836,2262,2262,pos_pos
17.974830589,1837,2261,2261,pos_pos
17.976875603,1839,2261,2261,pos_pos
17.978827396,1840,2261,2261,pos_pos
17.98086588,1842,2261,2261,pos_pos
17.982819977,1843,2260,2260,pos_pos
17.984881697,1845,2260,2260,pos_pos
17.9869232,1846,2260,2260,pos_pos
17.988824438,1847,2260,2260,pos_pos
17.990845546,1848,2259,2259,pos_pos
17.99285699,1850,2258,2258,pos_pos
17.994828249,1850,2258,2258,pos_pos
17.996805186,1851,2258,2258,pos_pos
17.998775042,1852,2257,2257,pos_pos
18.000836077,1853,2257,2257,pos_pos
18.002846864,1853,2257,2257,pos_pos
18.004825524,1854,2257,2257,pos_pos
18.006861092,1854,2257,2257,pos_pos
18.00878054,1854,2257,2257,pos_pos
18.010801514,1855,2257,2257,pos_pos
18.012821459,1855,2257,2257,pos_pos
18.014787389,1855,2257,2257,pos_pos
18.016779414,1855,2258,2258,pos_pos
18.018764706,1855,2258,2258,pos_pos
18.020796292,1855,2259,2259,pos_pos
18.02275286,1855,2260,2260,pos_pos
18.024781732,1855,2261,2261,pos_pos
18.026812159,1855,2262,2262,pos_pos
18.028835713,1855,2263,2263,pos_pos
18.030779093,1855,2264,2264,pos_pos
18.032922665,1855,2265,2265,pos_pos
18.034798023,1855,2267,2267,pos_pos
18.036764088,1855,2268,2268,pos_pos
18.038771847,1855,2269,2269,pos_pos
18.04077399,1855,2271,2271,pos_pos
18.042774741,1854,2272,2272,pos_pos
18.044761387,1854,2275,2275,pos_pos
18.046766449,1854,2276,2276,pos_pos
18.048755794,1854,2278,2278,pos_pos
18.050877071,1854,2280,2280,pos_pos
18.052770832,1854,2282,2282,pos_pos
18.054792307,1854,2283,2283,pos_pos
18.056781415,1854,2285,2285,pos_pos
18.058730623,1854,2287,2287,pos_pos
18.060763996,1854,2289,2289,pos_pos
18.062674075,1855,2290,2290,pos_pos
18.064682442,1855,2292,2292,pos_pos
18.06669165,1855,2294,2294,pos_pos
18.068638338,1855,2295,2295,pos_pos
18.070755153,1856,2297,2297,pos_pos
18.072705086,1857,2299,2299,pos_pos
18.074683569,1857,2300,2300,pos_pos
18.076665953,1858,2301,2301,pos_pos
18.078702222,1859,2302,2302,pos_pos
18.080733572,1860,2304,2304,pos_pos
18.082725441,1861,2305,2305,pos_pos
18.084726428,1862,2306,2306,pos_pos
18.086692251,1863,2306,2306,pos_pos
18.088644917,1864,2307,2307,pos_pos
18.090642437,1866,2308,2308,pos_pos
18.092636874,1867,2309,2309,pos_pos
18.094649109,1868,2310,2310,pos_pos
18.096665785,1870,2310,2310,pos_pos
18.098686607,1872,2311,2311,pos_pos
18.100645913,1873,2311,2311,pos_pos
18.102678379,1875,2311,2311,pos_pos
18.10466459,1876,2312,2312,pos_pos
18.106641283,1878,2311,2311,pos_pos
18.108673077,1879,2312,2312,pos_pos
18.110602337,1881,2312,2312,pos_pos
18.112611445,1883,2312,2312,pos_pos
18.114581086,1884,2312,2312,pos_pos
18.116630275,1885,2312,2312,pos_pos
18.118569085,1887,2312,2312,pos_pos
18.120613477,1887,2312,2312,pos_pos
18.122620735,1889,2312,2312,pos_pos
18.124573841,1890,2312,2312,pos_pos
18.126517885,1891,2312,2312,pos_pos
18.128569627,1893,2312,2312,pos_pos
18.130560481,1893,2312,2312,pos_pos
18.132540561,1895,2312,2312,pos_pos
18.134515188,1895,2313,2313,pos_pos
18.136581385,1896,2313,2313,pos_pos
18.138548654,1896,2314,2314,pos_pos
18.140534911,1896,2314,2314,pos_pos
18.142586029,1897,2315,2315,pos_pos
18.144621408,1897,2316,2316,pos_pos
18.146488716,1897,2317,2317,pos_pos
18.148502264,1897,2318,2318,pos_pos
18.150512192,1897,2319,2319,pos_pos
18.152575384,1897,2320,2320,pos_pos
18.154567778,1896,2321,2321,pos_pos
18.156511081,1896,2323,2323,pos_pos
18.158522691,1896,2324,2324,pos_pos
18.160552258,1896,2326,2326,pos_pos
18.162511916,1896,2327,2327,pos_pos
18.164464271,1896,2329,2329,pos_pos
18.166430099,1896,2331,2331,pos_pos
18.168466965,1896,2332,2332,pos_pos
18.170555692,1896,2334,2334,pos_pos
18.172495265,1896,2336,2336,pos_pos
18.174562264,1896,2338,2338,pos_pos
18.176585878,1897,2340,2340,pos_pos
18.178591656,1896,2342,2342,pos_pos
18.180521431,1896,2344,2344,pos_pos
18.182503152,1897,2346,2346,pos_pos
18.184587019,1897,2348,2348,pos_pos
18.18655217,1897,2350,2350,pos_pos
18.188461761,1898,2352,2352,pos_pos
18.190476944,1899,2354,2354,pos_pos
18.192438037,1900,2356,2356,pos_pos
18.194420753,1901,2358,2358,pos_pos
18.196474224,1902,2360,2360,pos_pos
18.19841818,1903,2361,2361,pos_pos
18.200388781,1904,2363,2363,pos_pos
18.202387361,1905,2365,2365,pos_pos
18.20444345,1907,2367,2367,pos_pos
18.206435093,1908,2369,2369,pos_pos
18.208431356,1910,2370,2370,pos_pos
18.210495798,1912,2372,2372,pos_pos
18.212452893,1914,2373,2373,pos_pos
18.214422393,1916,2375,2375,pos_pos
18.216420798,1918,2375,2375,pos_pos
18.218449539,1920,2376,2376,pos_pos
18.220348279,1923,2378,2378,pos_pos
18.222403833,1925,2379,2379,pos_pos
18.224359283,1928,2379,2379,pos_pos
18.226371326,1931,2380,2380,pos_pos
18.228374161,1933,2380,2380,pos_pos
18.230381906,1936,2381,2381,pos_pos
18.232372437,1938,2381,2381,pos_pos
18.234368039,1940,2382,2382,pos_pos
18.236358098,1943,2382,2382,pos_pos
18.238325623,1945,2382,2382,pos_pos
18.240305391,1947,2383,2383,pos_pos
18.242371861,1949,2383,2383,pos_pos
18.244367672,1951,2383,2383,pos_pos
18.24638477,1953,2383,2383,pos_pos
18.248394057,1955,2383,2383,pos_pos
18.250391013,1956,2384,2384,pos_pos
18.252379228,1958,2384,2384,pos_pos
18.254393727,1959,2384,2384,pos_pos
18.256387068,1959,2385,2385,pos_pos
18.258424559,1960,2385,2385,pos_pos
18.260388723,1960,2385,2385,pos_pos
18.262414284,1960,2386,2386,pos_pos
18.26440002,1960,2386,2386,pos_pos
18.266382563,1960,2386,2386,pos_pos
18.268390929,1960,2387,2387,pos_pos
18.270348824,1960,2387,2387,pos_pos
18.272277534,1959,2387,2387,pos_pos
18.274299005,1959,2387,2387,pos_pos
18.27628815,1959,2388,2388,pos_pos
18.278235769,1958,2388,2388,pos_pos
18.280223319,1957,2389,2389,pos_pos
18.282242501,1956,2389,2389,pos_pos
18.284224566,1956,2390,2390,pos_pos
18.286206982,1955,2391,2391,pos_pos
18.288244046,1954,2392,2392,pos_pos
18.290205538,1954,2392,2392,pos_pos
18.292193169,1953,2393,2393,pos_pos
18.294169941,1953,2395,2395,pos_pos
18.296205461,1953,2396,2396,pos_pos
18.298150542,1952,2397,2397,pos_pos
18.300239963,1952,2398,2398,pos_pos
18.302168514,1952,2400,2400,pos_pos
18.304215818,1952,2401,2401,pos_pos
18.306187394,1952,2403,2403,pos_pos
18.308166839,1952,2405,2405,pos_pos
18.31016525,1952,2406,2406,pos_pos
18.312180003,1952,2408,2408,pos_pos
18.314181202,1953,2410,2410,pos_pos
18.316252674,1953,2411,2411,pos_pos
18.318179832,1954,2413,2413,pos_pos
18.320167075,1955,2415,2415,pos_pos
18.322164465,1956,2417,2417,pos_pos
18.324158628,1957,2419,2419,pos_pos
18.326220302,1958,2421,2421,pos_pos
18.328151156,1959,2423,2423,pos_pos
18.330177753,1961,2424,2424,pos_pos
18.33216366,1962,2426,2426,pos_pos
18.334190324,1964,2428,2428,pos_pos
18.336146695,1966,2430,2430,pos_pos
18.338094644,1967,2432,2432,pos_pos
18.340167527,1969,2433,2433,pos_pos
18.342167918,1972,2435,2435,pos_pos
18.344114567,1973,2437,2437,pos_pos
18.346097529,1976,2438,2438,pos_pos
18.348115828,1978,2440,2440,pos_pos
18.350142625,1980,2442,2442,pos_pos
18.352167733,1983,2443,2443,pos_pos
18.354132645,1986,2445,2445,pos_pos
18.356125291,1988,2446,2446,pos_pos
18.358090845,1991,2447,2447,pos_pos
18.360148349,1993,2448,2448,pos_pos
18.36211511,1996,2449,2449,pos_pos
18.364105432,1998,2449,2449,pos_pos
18.36609882,2001,2450,2450,pos_pos
18.368112584,2003,2450,2450,pos_pos
18.370127503,2006,2450,2450,pos_pos
18.372151959,2008,2450,2450,pos_pos
18.374118132,2010,2450,2450,pos_pos
18.37611993,2012,2450,2450,pos_pos
18.378129794,2014,2450,2450,pos_pos
18.380137954,2016,2450,2450,pos_pos
18.382121189,2017,2450,2450,pos_pos
18.38409986,2018,2450,2450,pos_pos
18.386048832,2019,2450,2450,pos_pos
18.388055517,2020,2449,2449,pos_pos
18.39005602,2020,2449,2449,pos_pos
18.392051555,2020,2449,2449,pos_pos
18.394116136,2020,2449,2449,pos_pos
18.396054904,2020,2449,2449,pos_pos
18.398122649,2020,2449,2449,pos_pos
18.400106007,2020,2449,2449,pos_pos
18.402063992,2019,2449,2449,pos_pos
18.404089571,2019,2449,2449,pos_pos
18.406133376,2019,2449,2449,pos_pos
18.408126776,2018,2450,2450,pos_pos
18.410234043,2017,2450,2450,pos_pos
18.412051522,2016,2451,2451,pos_pos
18.414138308,2016,2451,2451,pos_pos
18.416066064,2015,2452,2452,pos_pos
18.418137313,2014,2453,2453,pos_pos
18.420066113,2014,2454,2454,pos_pos
18.422103406,2013,2454,2454,pos_pos
18.424094155,2012,2455,2455,pos_pos
18.426171617,2011,2456,2456,pos_pos
18.428096774,2010,2457,2457,pos_pos
18.430193746,2010,2459,2459,pos_pos
18.432121187,2009,2460,2460,pos_pos
18.434146607,2009,2462,2462,pos_pos
18.43601568,2008,2463,2463,pos_pos
18.438141692,2008,2464,2464,pos_pos
18.440030623,2008,2466,2466,pos_pos
18.442202979,2008,2467,2467,pos_pos
18.44407793,2008,2469,2469,pos_pos
18.446107311,2008,2470,2470,pos_pos
18.448031517,2009,2473,2473,pos_pos
18.450028855,2009,2474,2474,pos_pos
18.45205019,2010,2476,2476,pos_pos
18.454028783,2010,2478,2478,pos_pos
18.455954363,2011,2479,2479,pos_pos
18.458005491,2012,2481,2481,pos_pos
18.460001707,2013,2483,2483,pos_pos
18.461957425,2014,2485,2485,pos_pos
18.464010682,2015,2487,2487,pos_pos
18.466143534,2016,2488,2488,pos_pos
18.468005337,2017,2490,2490,pos_pos
18.469975543,2018,2492,2492,pos_pos
18.47197842,2020,2494,2494,pos_pos
18.474015155,2021,2495,2495,pos_pos
18.475982651,2023,2496,2496,pos_pos
18.478026213,2025,2498,2498,pos_pos
18.479967631,2027,2499,2499,pos_pos
18.481903985,2029,2500,2500,pos_pos
18.483898585,2031,2501,2501,pos_pos
18.485934594,2033,2502,2502,pos_pos
18.488185951,2035,2502,2502,pos_pos
18.489953339,2038,2503,2503,pos_pos
18.492083682,2040,2503,2503,pos_pos
18.493950965,2042,2503,2503,pos_pos
18.494946453,2043,2504,2504,pos_pos
18.496911167,2046,2504,2504,pos_pos
18.49893793,2048,2504,2504,pos_pos
18.500934657,2050,2504,2504,pos_pos
18.502922009,2052,2503,2503,pos_pos
18.504906648,2055,2503,2503,pos_pos
18.506918452,2057,2503,2503,pos_pos
18.508908702,2059,2502,2502,pos_pos
18.510888501,2062,2502,2502,pos_pos
18.512902565,2064,2501,2501,pos_pos
18.514925985,2066,2501,2501,pos_pos
18.516890671,2067,2501,2501,pos_pos
18.518897127,2069,2500,2500,pos_pos
18.520924179,2071,2499,2499,pos_pos
18.523001714,2072,2498,2498,pos_pos
18.52488922,2073,2497,2497,pos_pos
18.526861429,2074,2497,2497,pos_pos
18.529102483,2075,2496,2496,pos_pos
18.53088748,2075,2495,2495,pos_pos
18.5328723,2076,2495,2495,pos_pos
18.534886362,2076,2494,2494,pos_pos
18.536906966,2076,2494,2494,pos_pos
18.538897939,2076,2494,2494,pos_pos
18.540835286,2076,2494,2494,pos_pos
18.542859879,2075,2494,2494,pos_pos
18.544960016,2075,2494,2494,pos_pos
18.546817553,2074,2494,2494,pos_pos
18.548852232,2074,2495,2495,pos_pos
18.550868103,2073,2495,2495,pos_pos
18.553057924,2072,2496,2496,pos_pos
18.554869986,2071,2497,2497,pos_pos
18.557007274,2070,2498,2498,pos_pos
18.558837797,2069,2499,2499,pos_pos
18.56081445,2068,2500,2500,pos_pos
18.562853618,2067,2501,2501,pos_pos
18.564802291,2067,2503,2503,pos_pos
18.56687621,2066,2504,2504,pos_pos
18.568871634,2065,2506,2506,pos_pos
18.570858926,2064,2507,2507,pos_pos
18.572935366,2064,2509,2509,pos_pos
18.574775177,2063,2510,2510,pos_pos
18.576841447,2063,2512,2512,pos_pos
18.578785504,2062,2514,2514,pos_pos
18.580777849,2062,2516,2516,pos_pos
18.582845813,2062,2518,2518,pos_pos
18.584822573,2062,2520,2520,pos_pos
18.586793322,2062,2522,2522,pos_pos
18.588780107,2062,2523,2523,pos_pos
18.590777679,2062,2525,2525,pos_pos
18.592761358,2062,2526,2526,pos_pos
18.594787163,2062,2528,2528,pos_pos
18.596803599,2063,2530,2530,pos_pos
18.598796571,2063,2532,2532,pos_pos
18.600782617,2064,2533,2533,pos_pos
18.602786094,2065,2535,2535,pos_pos
18.604735106,2065,2536,2536,pos_pos
18.606699705,2067,2538,2538,pos_pos
18.608705973,2067,2539,2539,pos_pos
18.610705332,2068,2541,2541,pos_pos
18.61269433,2070,2542,2542,pos_pos
18.614754478,2071,2543,2543,pos_pos
18.616693789,2073,2544,2544,pos_pos
18.618687786,2074,2545,2545,pos_pos
18.620698535,2076,2546,2546,pos_pos
18.622682374,2078,2547,2547,pos_pos
18.624733046,2079,2548,2548,pos_pos
18.62670532,2080,2548,2548,pos_pos
18.628733093,2082,2548,2548,pos_pos
18.630685943,2084,2548,2548,pos_pos
18.632672313,2086,2549,2549,pos_pos
18.634672325,2088,2548,2548,pos_pos
18.63663725,2090,2548,2548,pos_pos
18.638697206,2092,2548,2548,pos_pos
18.640708694,2093,2548,2548,pos_pos
18.642705749,2095,2548,2548,pos_pos
18.644714016,2097,2548,2548,pos_pos
18.646670479,2098,2547,2547,pos_pos
18.648679168,2099,2547,2547,pos_pos
18.65063221,2100,2546,2546,pos_pos
18.652667608,2102,2546,2546,pos_pos
18.654742409,2103,2545,2545,pos_pos
18.656598049,2104,2545,2545,pos_pos
18.658543799,2104,2545,2545,pos_pos
18.660669046,2105,2545,2545,pos_pos
18.662640617,2106,2544,2544,pos_pos
18.664629247,2106,2544,2544,pos_pos
18.666627902,2106,2544,2544,pos_pos
18.668557973,2106,2544,2544,pos_pos
18.670517042,2106,2544,2544,pos_pos
18.672522075,2106,2545,2545,pos_pos
18.674505633,2106,2545,2545,pos_pos
18.676619916,2106,2545,2545,pos_pos
18.678601079,2106,2545,2545,pos_pos
18.680635578,2106,2545,2545,pos_pos
18.682577736,2106,2545,2545,pos_pos
18.684575591,2105,2546,2546,pos_pos
18.686633387,2104,2546,2546,pos_pos
18.688604022,2103,2547,2547,pos_pos
18.690571991,2103,2547,2547,pos_pos
18.692541878,2102,2548,2548,pos_pos
18.694541596,2101,2548,2548,pos_pos
18.696562518,2100,2549,2549,pos_pos
18.698579976,2099,2550,2550,pos_pos
18.700534049,2099,2551,2551,pos_pos
18.702500681,2098,2552,2552,pos_pos
18.704540479,2097,2553,2553,pos_pos
18.706499959,2096,2554,2554,pos_pos
18.708557855,2096,2555,2555,pos_pos
18.71055263,2095,2557,2557,pos_pos
18.712488399,2095,2558,2558,pos_pos
18.714560102,2094,2559,2559,pos_pos
18.716574781,2094,2561,2561,pos_pos
18.718480948,2094,2562,2562,pos_pos
18.720465887,2094,2564,2564,pos_pos
18.722470786,2094,2566,2566,pos_pos
18.72453344,2094,2567,2567,pos_pos
18.726503932,2094,2569,2569,pos_pos
18.728511668,2094,2570,2570,pos_pos
18.730562966,2094,2572,2572,pos_pos
18.732549922,2095,2573,2573,pos_pos
18.734496417,2096,2575,2575,pos_pos
18.736471886,2097,2576,2576,pos_pos
18.738459982,2098,2578,2578,pos_pos
18.74046361,2099,2579,2579,pos_pos
18.742484914,2100,2581,2581,pos_pos
18.744413591,2102,2582,2582,pos_pos
18.746427923,2103,2583,2583,pos_pos
18.748457286,2105,2585,2585,pos_pos
18.750405352,2107,2586,2586,pos_pos
18.75238992,2109,2586,2586,pos_pos
18.754418763,2110,2587,2587,pos_pos
18.756504048,2113,2588,2588,pos_pos
18.758395978,2115,2589,2589,pos_pos
18.760399305,2117,2589,2589,pos_pos
18.76241743,2119,2590,2590,pos_pos
18.764392476,2121,2590,2590,pos_pos
18.766395169,2123,2590,2590,pos_pos
18.768348752,2125,2590,2590,pos_pos
18.770448447,2128,2589,2589,pos_pos
18.77238117,2130,2589,2589,pos_pos
18.774430924,2131,2589,2589,pos_pos
18.77635369,2134,2588,2588,pos_pos
18.778384132,2135,2588,2588,pos_pos
18.780377142,2137,2587,2587,pos_pos
18.782364271,2139,2587,2587,pos_pos
18.784374516,2140,2586,2586,pos_pos
18.786384692,2142,2585,2585,pos_pos
18.788378697,2143,2584,2584,pos_pos
18.790319913,2145,2584,2584,pos_pos
18.792309926,2145,2583,2583,pos_pos
18.794279034,2145,2582,2582,pos_pos
18.796285269,2146,2581,2581,pos_pos
18.7982929,2146,2580,2580,pos_pos
18.800347851,2146,2580,2580,pos_pos
18.802309253,2145,2579,2579,pos_pos
18.804325331,2145,2578,2578,pos_pos
18.806275396,2145,2577,2577,pos_pos
18.808263419,2142,2576,2576,pos_pos
18.810276293,2142,2576,2576,pos_pos
18.812284109,2141,2576,2576,pos_pos
18.814292296,2139,2576,2576,pos_pos
18.816321282,2138,2576,2576,pos_pos
18.818311857,2136,2576,2576,pos_pos
18.820345563,2136,2577,2577,pos_pos
18.822308399,2134,2577,2577,pos_pos
18.824291521,2132,2578,2578,pos_pos
18.826249951,2130,2578,2578,pos_pos
18.828242945,2129,2579,2579,pos_pos
18.830261424,2128,2580,2580,pos_pos
18.832299355,2126,2581,2581,pos_pos
18.834318856,2124,2582,2582,pos_pos
18.83630556,2123,2583,2583,pos_pos
18.838276932,2121,2584,2584,pos_pos
18.840295717,2120,2586,2586,pos_pos
18.842274505,2119,2587,2587,pos_pos
18.844345122,2118,2588,2588,pos_pos
18.846243353,2117,2590,2590,pos_pos
18.848286069,2116,2591,2591,pos_pos
18.850213556,2116,2593,2593,pos_pos
18.85225771,2116,2595,2595,pos_pos
18.854230257,2116,2596,2596,pos_pos
18.856351473,2116,2597,2597,pos_pos
18.858389873,2116,2599,2599,pos_pos
18.860277784,2116,2601,2601,pos_pos
18.862244295,2116,2602,2602,pos_pos
18.864293818,2117,2604,2604,pos_pos
18.866267799,2119,2605,2605,pos_pos
18.868263881,2119,2607,2607,pos_pos
18.870286143,2120,2609,2609,pos_pos
18.872324424,2121,2610,2610,pos_pos
18.87425186,2123,2612,2612,pos_pos
18.876225053,2125,2614,2614,pos_pos
18.878290707,2127,2615,2615,pos_pos
18.880249401,2129,2616,2616,pos_pos
18.882208801,2131,2618,2618,pos_pos
18.884218441,2133,2620,2620,pos_pos
18.886203946,2135,2621,2621,pos_pos
18.888194721,2138,2622,2622,pos_pos
18.890179952,2141,2623,2623,pos_pos
18.892182489,2145,2624,2624,pos_pos
18.894272655,2147,2625,2625,pos_pos
18.896192702,2150,2626,2626,pos_pos
18.898187532,2153,2626,2626,pos_pos
18.900201,2156,2626,2626,pos_pos
18.902220696,2158,2627,2627,pos_pos
18.904180227,2161,2627,2627,pos_pos
18.906229323,2163,2626,2626,pos_pos
18.908216914,2166,2627,2627,pos_pos
18.910148172,2168,2626,2626,pos_pos
18.912143032,2171,2626,2626,pos_pos
18.914111961,2172,2625,2625,pos_pos
18.916084268,2174,2625,2625,pos_pos
18.918107104,2176,2624,2624,pos_pos
18.920132605,2177,2623,2623,pos_pos
18.922186794,2177,2622,2622,pos_pos
18.924145823,2178,2622,2622,pos_pos
18.926157805,2178,2620,2620,pos_pos
18.928103617,2178,2619,2619,pos_pos
18.930151018,2178,2619,2619,pos_pos
18.932105751,2178,2617,2617,pos_pos
18.934235238,2178,2616,2616,pos_pos
18.936117604,2178,2616,2616,pos_pos
18.938136703,2177,2615,2615,pos_pos
18.940135775,2176,2615,2615,pos_pos
18.942157479,2176,2614,2614,pos_pos
18.944195323,2174,2614,2614,pos_pos
18.94618806,2174,2614,2614,pos_pos
18.948134872,2172,2613,2613,pos_pos
18.950226345,2171,2614,2614,pos_pos
18.952095118,2170,2614,2614,pos_pos
18.954155896,2168,2614,2614,pos_pos
18.956161683,2167,2614,2614,pos_pos
18.958110514,2165,2614,2614,pos_pos
18.960151324,2164,2615,2615,pos_pos
18.962089577,2163,2616,2616,pos_pos
18.964105823,2162,2616,2616,pos_pos
18.966100208,2161,2617,2617,pos_pos
18.96811234,2160,2619,2619,pos_pos
18.970089722,2159,2620,2620,pos_pos
18.972097096,2158,2621,2621,pos_pos
18.974003498,2157,2622,2622,pos_pos
18.976020871,2157,2624,2624,pos_pos
18.978014049,2156,2625,2625,pos_pos
18.980024873,2156,2627,2627,pos_pos
18.982081058,2156,2628,2628,pos_pos
18.984045628,2156,2630,2630,pos_pos
18.986030184,2156,2631,2631,pos_pos
18.988071741,2156,2633,2633,pos_pos
18.990052955,2157,2635,2635,pos_pos
18.992014795,2157,2636,2636,pos_pos
18.994084428,2157,2638,2638,pos_pos
18.996061436,2158,2640,2640,pos_pos
18.998005739,2158,2641,2641,pos_pos
19.000185834,2159,2643,2643,pos_pos
19.002010719,2160,2644,2644,pos_pos
19.004168455,2161,2646,2646,pos_pos
19.005999937,2162,2648,2648,pos_pos
19.008173039,2164,2649,2649,pos_pos
19.010016828,2165,2650,2650,pos_pos
19.012231725,2167,2653,2653,pos_pos
19.014091145,2169,2654,2654,pos_pos
19.016105151,2171,2656,2656,pos_pos
19.017964302,2173,2657,2657,pos_pos
19.02004529,2175,2659,2659,pos_pos
19.021948081,2177,2659,2659,pos_pos
19.024122176,2179,2661,2661,pos_pos
19.025968788,2181,2663,2663,pos_pos
19.027963812,2183,2664,2664,pos_pos
19.029957254,2186,2664,2664,pos_pos
19.0319232,2188,2665,2665,pos_pos
19.033967492,2190,2665,2665,pos_pos
19.036170877,2193,2666,2666,pos_pos
19.038095741,2195,2666,2666,pos_pos
19.040015949,2198,2667,2667,pos_pos
19.04196371,2199,2667,2667,pos_pos
19.044006275,2202,2667,2667,pos_pos
19.045933243,2203,2667,2667,pos_pos
19.047911966,2206,2667,2667,pos_pos
19.048970545,2207,2667,2667,pos_pos
19.050893118,2208,2666,2666,pos_pos
19.052955759,2209,2666,2666,pos_pos
19.054875127,2211,2666,2666,pos_pos
19.056966656,2212,2665,2665,pos_pos
19.058942505,2212,2665,2665,pos_pos
19.061078036,2213,2664,2664,pos_pos
19.062876172,2213,2664,2664,pos_pos
19.065095095,2213,2663,2663,pos_pos
19.066913516,2213,2662,2662,pos_pos
19.069134213,2213,2662,2662,pos_pos
19.070883826,2213,2661,2661,pos_pos
19.073077401,2212,2661,2661,pos_pos
19.074894522,2212,2661,2661,pos_pos
19.077002561,2211,2660,2660,pos_pos
19.078933987,2210,2660,2660,pos_pos
19.080868584,2209,2660,2660,pos_pos
19.082875838,2208,2660,2660,pos_pos
19.084922711,2208,2660,2660,pos_pos
19.086939398,2207,2661,2661,pos_pos
19.08881616,2206,2661,2661,pos_pos
19.090793162,2205,2662,2662,pos_pos
19.092801955,2204,2662,2662,pos_pos
19.094804001,2203,2663,2663,pos_pos
19.096863739,2202,2664,2664,pos_pos
19.098862564,2201,2665,2665,pos_pos
19.100823193,2200,2666,2666,pos_pos
19.102858848,2199,2667,2667,pos_pos
19.104843632,2199,2669,2669,pos_pos
19.106852351,2198,2670,2670,pos_pos
19.10882389,2198,2671,2671,pos_pos
19.110801917,2197,2673,2673,pos_pos
19.112776198,2197,2674,2674,pos_pos
19.114830823,2197,2676,2676,pos_pos
19.116791693,2197,2677,2677,pos_pos
19.118766012,2197,2679,2679,pos_pos
19.120744579,2197,2680,2680,pos_pos
19.122787598,2197,2682,2682,pos_pos
19.124785012,2197,2683,2683,pos_pos
19.126764291,2197,2685,2685,pos_pos
19.128742192,2197,2687,2687,pos_pos
19.130771216,2198,2688,2688,pos_pos
19.1327055,2198,2690,2690,pos_pos
19.134776582,2199,2692,2692,pos_pos
19.136717641,2200,2694,2694,pos_pos
19.138937696,2201,2695,2695,pos_pos
19.140726506,2201,2697,2697,pos_pos
19.142705771,2202,2698,2698,pos_pos
19.144735878,2203,2700,2700,pos_pos
19.146715052,2205,2701,2701,pos_pos
19.148773541,2206,2703,2703,pos_pos
19.150753666,2207,2704,2704,pos_pos
19.152771054,2209,2706,2706,pos_pos
19.154711353,2210,2707,2707,pos_pos
19.156728638,2212,2708,2708,pos_pos
19.158766752,2214,2709,2709,pos_pos
19.160691959,2215,2710,2710,pos_pos
19.162725803,2217,2711,2711,pos_pos
19.164680384,2219,2712,2712,pos_pos
19.166669678,2221,2713,2713,pos_pos
19.168689317,2223,2713,2713,pos_pos
19.170699472,2225,2713,2713,pos_pos
19.17268454,2227,2713,2713,pos_pos
19.1746921,2229,2713,2713,pos_pos
19.176701492,2231,2713,2713,pos_pos
19.178688637,2233,2713,2713,pos_pos
19.180651122,2235,2712,2712,pos_pos
19.182672544,2236,2711,2711,pos_pos
19.184717733,2238,2711,2711,pos_pos
19.186679855,2240,2710,2710,pos_pos
19.188648715,2241,2709,2709,pos_pos
19.190702011,2242,2709,2709,pos_pos
19.192709744,2243,2708,2708,pos_pos
19.194688141,2244,2707,2707,pos_pos
19.196632293,2245,2707,2707,pos_pos
19.198738442,2245,2707,2707,pos_pos
19.200656094,2246,2707,2707,pos_pos
19.202689394,2246,2707,2707,pos_pos
19.204661493,2246,2706,2706,pos_pos
19.206668388,2246,2706,2706,pos_pos
19.20866607,2246,2706,2706,pos_pos
19.210662172,2246,2707,2707,pos_pos
19.212631824,2246,2707,2707,pos_pos
19.214663972,2246,2707,2707,pos_pos
19.216625292,2245,2707,2707,pos_pos
19.218652733,2245,2708,2708,pos_pos
19.220650895,2244,2708,2708,pos_pos
19.22269133,2244,2709,2709,pos_pos
19.224672038,2243,2710,2710,pos_pos
19.226669937,2243,2711,2711,pos_pos
19.228602574,2242,2712,2712,pos_pos
19.230645224,2242,2713,2713,pos_pos
19.232552999,2241,2715,2715,pos_pos
19.234637941,2240,2716,2716,pos_pos
19.236537213,2239,2717,2717,pos_pos
19.238638929,2239,2719,2719,pos_pos
19.240501726,2238,2720,2720,pos_pos
19.242602196,2238,2721,2721,pos_pos
19.24455638,2237,2722,2722,pos_pos
19.246584075,2237,2724,2724,pos_pos
19.248541538,2237,2725,2725,pos_pos
19.250575768,2237,2727,2727,pos_pos
19.2525424,2237,2729,2729,pos_pos
19.25451746,2237,2730,2730,pos_pos
19.256473165,2237,2731,2731,pos_pos
19.258468902,2237,2733,2733,pos_pos
19.260555174,2237,2735,2735,pos_pos
19.262606287,2237,2736,2736,pos_pos
19.2645791,2237,2738,2738,pos_pos
19.266534004,2238,2739,2739,pos_pos
19.268464956,2239,2741,2741,pos_pos
19.270547232,2239,2743,2743,pos_pos
19.272499292,2240,2744,2744,pos_pos
19.274540106,2241,2745,2745,pos_pos
19.276576977,2242,2747,2747,pos_pos
19.278514203,2243,2748,2748,pos_pos
19.280534807,2244,2750,2750,pos_pos
19.282491189,2246,2751,2751,pos_pos
19.284480869,2247,2753,2753,pos_pos
19.286507361,2249,2754,2754,pos_pos
19.288442218,2250,2755,2755,pos_pos
19.290393859,2253,2757,2757,pos_pos
19.292429579,2255,2758,2758,pos_pos
19.294414486,2257,2759,2759,pos_pos
19.296422701,2258,2760,2760,pos_pos
19.298413586,2260,2761,2761,pos_pos
19.300457037,2262,2762,2762,pos_pos
19.302438047,2263,2763,2763,pos_pos
19.304393647,2265,2764,2764,pos_pos
19.306478096,2267,2764,2764,pos_pos
19.308442596,2270,2764,2764,pos_pos
19.310467579,2271,2765,2765,pos_pos
19.312508164,2273,2765,2765,pos_pos
19.314385712,2275,2765,2765,pos_pos
19.316366565,2277,2765,2765,pos_pos
19.318341966,2278,2765,2765,pos_pos
19.320372428,2280,2765,2765,pos_pos
19.322366727,2282,2765,2765,pos_pos
19.324359565,2283,2764,2764,pos_pos
19.326360584,2284,2764,2764,pos_pos
19.328350118,2285,2764,2764,pos_pos
19.330356975,2285,2764,2764,pos_pos
19.332326589,2285,2763,2763,pos_pos
19.334345846,2286,2763,2763,pos_pos
19.336334544,2286,2763,2763,pos_pos
19.33841122,2286,2763,2763,pos_pos
19.340320297,2286,2763,2763,pos_pos
19.342291819,2286,2763,2763,pos_pos
19.34432594,2285,2763,2763,pos_pos
19.346395642,2285,2764,2764,pos_pos
19.348347674,2285,2764,2764,pos_pos
19.350334423,2284,2764,2764,pos_pos
19.352308342,2284,2764,2764,pos_pos
19.354317193,2283,2765,2765,pos_pos
19.356298476,2282,2765,2765,pos_pos
19.358297996,2282,2765,2765,pos_pos
19.360334739,2281,2766,2766,pos_pos
19.362274449,2280,2767,2767,pos_pos
19.36430206,2279,2768,2768,pos_pos
19.366306796,2279,2768,2768,pos_pos
19.368275762,2278,2769,2769,pos_pos
19.370324505,2277,2770,2770,pos_pos
19.37231372,2276,2771,2771,pos_pos
19.374351494,2275,2772,2772,pos_pos
19.376416234,2275,2773,2773,pos_pos
19.378359781,2274,2774,2774,pos_pos
19.380299534,2274,2776,2776,pos_pos
19.382259448,2273,2777,2777,pos_pos
19.384253694,2273,2778,2778,pos_pos
19.386261856,2273,2779,2779,pos_pos
19.388202466,2273,2781,2781,pos_pos
19.390270609,2273,2783,2783,pos_pos
19.392247595,2273,2784,2784,pos_pos
19.394286805,2273,2785,2785,pos_pos
19.396304676,2273,2787,2787,pos_pos
19.398285122,2273,2788,2788,pos_pos
19.400282326,2273,2790,2790,pos_pos
19.402267462,2274,2791,2791,pos_pos
19.404240363,2274,2793,2793,pos_pos
19.406180831,2275,2794,2794,pos_pos
19.408236763,2276,2796,2796,pos_pos
19.410171335,2277,2797,2797,pos_pos
19.412188834,2278,2799,2799,pos_pos
19.414199964,2280,2800,2800,pos_pos
19.416196934,2281,2801,2801,pos_pos
19.418213485,2283,2802,2802,pos_pos
19.420234935,2284,2803,2803,pos_pos
19.422219458,2286,2805,2805,pos_pos
19.424192228,2288,2805,2805,pos_pos
19.426217866,2290,2806,2806,pos_pos
19.428212229,2292,2807,2807,pos_pos
19.430235463,2294,2807,2807,pos_pos
19.432233973,2296,2808,2808,pos_pos
19.434174855,2298,2808,2808,pos_pos
19.436183612,2300,2808,2808,pos_pos
19.438245554,2303,2808,2808,pos_pos
19.440157431,2305,2809,2809,pos_pos
19.442182921,2307,2808,2808,pos_pos
19.444113666,2310,2808,2808,pos_pos
19.446169087,2311,2808,2808,pos_pos
19.448147161,2313,2808,2808,pos_pos
19.450143348,2315,2808,2808,pos_pos
19.452125091,2317,2808,2808,pos_pos
19.454141662,2319,2808,2808,pos_pos
19.456119992,2320,2807,2807,pos_pos
19.458185054,2321,2807,2807,pos_pos
19.460120296,2321,2807,2807,pos_pos
19.462113197,2323,2806,2806,pos_pos
19.464117153,2323,2806,2806,pos_pos
19.466149447,2324,2806,2806,pos_pos
19.468133759,2324,2805,2805,pos_pos
19.47009284,2324,2805,2805,pos_pos
19.472167472,2324,2805,2805,pos_pos
19.474111654,2324,2805,2805,pos_pos
19.476135826,2324,2805,2805,pos_pos
19.478121172,2324,2805,2805,pos_pos
19.480062029,2324,2805,2805,pos_pos
19.482057335,2324,2805,2805,pos_pos
19.484067776,2323,2806,2806,pos_pos
19.486046501,2323,2806,2806,pos_pos
19.48807733,2323,2806,2806,pos_pos
19.490076807,2322,2807,2807,pos_pos
19.4920545,2322,2808,2808,pos_pos
19.494085138,2321,2809,2809,pos_pos
19.496155848,2321,2810,2810,pos_pos
19.498049798,2320,2811,2811,pos_pos
19.500033705,2320,2812,2812,pos_pos
19.502060396,2320,2813,2813,pos_pos
19.504014139,2319,2814,2814,pos_pos
19.506017637,2319,2816,2816,pos_pos
19.507940844,2318,2817,2817,pos_pos
19.509918433,2318,2819,2819,pos_pos
19.511935169,2318,2820,2820,pos_pos
19.513929588,2318,2822,2822,pos_pos
19.515958493,2318,2823,2823,pos_pos
19.517925539,2318,2825,2825,pos_pos
19.519934083,2318,2826,2826,pos_pos
19.521918009,2318,2828,2828,pos_pos
19.523951961,2318,2829,2829,pos_pos
19.525987527,2318,2831,2831,pos_pos
19.527916007,2318,2832,2832,pos_pos
19.529924471,2318,2834,2834,pos_pos
19.531876364,2318,2836,2836,pos_pos
19.533864538,2319,2837,2837,pos_pos
19.535865445,2319,2838,2838,pos_pos
19.537854043,2320,2840,2840,pos_pos
19.539865877,2320,2842,2842,pos_pos
19.541897189,2321,2843,2843,pos_pos
19.543893096,2322,2844,2844,pos_pos
19.54589197,2323,2846,2846,pos_pos
19.547896634,2324,2847,2847,pos_pos
19.5499047,2326,2848,2848,pos_pos
19.551861565,2327,2849,2849,pos_pos
19.553938891,2328,2850,2850,pos_pos
19.555991919,2330,2851,2851,pos_pos
19.557956565,2332,2852,2852,pos_pos
19.559872009,2333,2853,2853,pos_pos
19.561882544,2335,2853,2853,pos_pos
19.563923134,2337,2854,2854,pos_pos
19.565940506,2339,2854,2854,pos_pos
19.567910688,2340,2855,2855,pos_pos
19.569914662,2342,2855,2855,pos_pos
19.571903523,2344,2855,2855,pos_pos
19.573893712,2346,2856,2856,pos_pos
19.575948514,2348,2856,2856,pos_pos
19.577868404,2351,2857,2857,pos_pos
19.579848097,2352,2857,2857,pos_pos
19.581834609,2355,2857,2857,pos_pos
19.583850841,2356,2857,2857,pos_pos
19.585877532,2358,2857,2857,pos_pos
19.587864099,2360,2857,2857,pos_pos
19.589856523,2361,2857,2857,pos_pos
19.591929956,2362,2858,2858,pos_pos
19.593948354,2363,2858,2858,pos_pos
19.595889046,2364,2858,2858,pos_pos
19.597898721,2364,2858,2858,pos_pos
19.599935869,2365,2858,2858,pos_pos
19.601980309,2365,2858,2858,pos_pos
19.603909711,2365,2859,2859,pos_pos
19.60588453,2365,2859,2859,pos_pos
19.607863529,2365,2859,2859,pos_pos
19.610047117,2365,2860,2860,pos_pos
19.611867013,2365,2860,2860,pos_pos
19.61400476,2365,2861,2861,pos_pos
19.615842562,2365,2861,2861,pos_pos
19.618016659,2364,2862,2862,pos_pos
19.618853208,2364,2862,2862,pos_pos
19.620816837,2364,2863,2863,pos_pos
19.622780974,2364,2864,2864,pos_pos
19.624805086,2363,2864,2864,pos_pos
19.626757506,2363,2865,2865,pos_pos
19.628790352,2363,2867,2867,pos_pos
19.630767051,2362,2868,2868,pos_pos
19.632790061,2362,2869,2869,pos_pos
19.634721123,2362,2870,2870,pos_pos
19.636732762,2362,2871,2871,pos_pos
19.638728113,2362,2873,2873,pos_pos
19.640731747,2361,2875,2875,pos_pos
19.642721409,2361,2876,2876,pos_pos
19.644777613,2361,2877,2877,pos_pos
19.646769088,2361,2879,2879,pos_pos
19.648703248,2361,2880,2880,pos_pos
19.650715895,2361,2882,2882,pos_pos
19.652722033,2361,2884,2884,pos_pos
19.654713183,2361,2885,2885,pos_pos
19.656730096,2361,2887,2887,pos_pos
19.65873751,2362,2888,2888,pos_pos
19.660712057,2362,2890,2890,pos_pos
19.662720168,2362,2892,2892,pos_pos
19.664766903,2363,2893,2893,pos_pos
19.666715858,2363,2895,2895,pos_pos
19.66876313,2364,2896,2896,pos_pos
19.670696827,2365,2898,2898,pos_pos
19.672740389,2365,2900,2900,pos_pos
19.674685248,2367,2902,2902,pos_pos
19.676713928,2368,2904,2904,pos_pos
19.678665913,2369,2905,2905,pos_pos
19.680704298,2370,2907,2907,pos_pos
19.682737026,2372,2908,2908,pos_pos
19.684785843,2374,2910,2910,pos_pos
19.686746702,2375,2911,2911,pos_pos
19.688753998,2377,2912,2912,pos_pos
19.690807977,2379,2913,2913,pos_pos
19.692771893,2381,2914,2914,pos_pos
19.694788407,2383,2915,2915,pos_pos
19.69677435,2385,2916,2916,pos_pos
19.698735918,2388,2917,2917,pos_pos
19.700664766,2390,2917,2917,pos_pos
19.702700795,2392,2918,2918,pos_pos
19.704703533,2395,2918,2918,pos_pos
19.706705452,2397,2918,2918,pos_pos
19.708724685,2399,2918,2918,pos_pos
19.710722514,2402,2918,2918,pos_pos
19.712741888,2404,2918,2918,pos_pos
19.714746425,2406,2918,2918,pos_pos
19.716693964,2408,2918,2918,pos_pos
19.718680035,2410,2918,2918,pos_pos
19.720712956,2412,2918,2918,pos_pos
19.722700647,2413,2919,2919,pos_pos
19.724684108,2414,2919,2919,pos_pos
19.726701643,2416,2919,2919,pos_pos
19.728709279,2416,2919,2919,pos_pos
19.730751661,2417,2920,2920,pos_pos
19.732659963,2418,2920,2920,pos_pos
19.734671273,2418,2921,2921,pos_pos
19.736635947,2418,2921,2921,pos_pos
19.738618494,2419,2921,2921,pos_pos
19.74064318,2419,2922,2922,pos_pos
19.742622728,2419,2923,2923,pos_pos
19.744562246,2418,2924,2924,pos_pos
19.746601646,2419,2925,2925,pos_pos
19.748569475,2419,2926,2926,pos_pos
19.750614783,2418,2927,2927,pos_pos
19.752510312,2418,2928,2928,pos_pos
19.754541245,2418,2929,2929,pos_pos
19.756597817,2418,2931,2931,pos_pos
19.758526334,2418,2933,2933,pos_pos
19.760522865,2418,2934,2934,pos_pos
19.762528689,2418,2936,2936,pos_pos
19.764543206,2418,2937,2937,pos_pos
19.766563484,2419,2939,2939,pos_pos
19.768563964,2418,2940,2940,pos_pos
19.770574847,2419,2942,2942,pos_pos
19.772568597,2418,2943,2943,pos_pos
19.774589438,2419,2945,2945,pos_pos
19.776523499,2419,2947,2947,pos_pos
19.77852421,2419,2949,2949,pos_pos
19.780544743,2419,2950,2950,pos_pos
19.78255977,2419,2952,2952,pos_pos
19.784543656,2419,2954,2954,pos_pos
19.78658129,2420,2956,2956,pos_pos
19.788561228,2420,2957,2957,pos_pos
19.790615021,2421,2959,2959,pos_pos
19.792529719,2421,2961,2961,pos_pos
19.794510438,2422,2962,2962,pos_pos
19.796564315,2422,2964,2964,pos_pos
19.798540442,2423,2965,2965,pos_pos
19.80056786,2424,2967,2967,pos_pos
19.802526065,2424,2968,2968,pos_pos
19.804571172,2425,2970,2970,pos_pos
19.806505567,2426,2971,2971,pos_pos
19.808537655,2428,2972,2972,pos_pos
19.810549805,2429,2974,2974,pos_pos
19.812546765,2430,2975,2975,pos_pos
19.814541676,2432,2976,2976,pos_pos
19.816515263,2433,2977,2977,pos_pos
19.81858954,2435,2979,2979,pos_pos
19.820524299,2437,2980,2980,pos_pos
19.822484912,2439,2981,2981,pos_pos
19.824488859,2441,2982,2982,pos_pos
19.826418158,2443,2983,2983,pos_pos
19.82854854,2445,2984,2984,pos_pos
19.83049405,2448,2985,2985,pos_pos
19.83245804,2449,2986,2986,pos_pos
19.834408248,2452,2986,2986,pos_pos
19.83638824,2454,2987,2987,pos_pos
19.838398107,2456,2988,2988,pos_pos
19.840399708,2459,2988,2988,pos_pos
19.842441768,2461,2989,2989,pos_pos
19.844480652,2463,2990,2990,pos_pos
19.846448438,2465,2990,2990,pos_pos
19.848529443,2467,2990,2990,pos_pos
19.85042214,2469,2991,2991,pos_pos
19.852437069,2471,2991,2991,pos_pos
19.854410935,2472,2992,2992,pos_pos
19.856426564,2473,2992,2992,pos_pos
19.858434016,2474,2993,2993,pos_pos
19.86043262,2475,2993,2993,pos_pos
19.862477282,2476,2994,2994,pos_pos
19.864422126,2477,2994,2994,pos_pos
19.866421443,2477,2995,2995,pos_pos
19.868459719,2478,2996,2996,pos_pos
19.870410499,2479,2997,2997,pos_pos
19.872397912,2479,2997,2997,pos_pos
19.874394908,2480,2999,2999,pos_pos
19.876446817,2480,3000,3000,pos_pos
19.878315019,2480,3000,3000,pos_pos
19.880346562,2481,3002,3002,pos_pos
19.882267806,2481,3003,3003,pos_pos
19.884315043,2481,3005,3005,pos_pos
19.886315657,2481,3006,3006,pos_pos
19.888305183,2481,3007,3007,pos_pos
19.890320307,2481,3009,3009,pos_pos
19.892313389,2481,3011,3011,pos_pos
19.894354602,2481,3012,3012,pos_pos
19.896325942,2481,3013,3013,pos_pos
19.898338018,2481,3015,3015,pos_pos
19.900301653,2481,3017,3017,pos_pos
19.902242924,2481,3018,3018,pos_pos
19.904248241,2481,3020,3020,pos_pos
19.906247735,2481,3022,3022,pos_pos
19.908309045,2481,3023,3023,pos_pos
19.910279576,2481,3025,3025,pos_pos
19.912303425,2481,3026,3026,pos_pos
19.914282068,2481,3029,3029,pos_pos
19.916279251,2482,3030,3030,pos_pos
19.918247204,2482,3032,3032,pos_pos
19.920240719,2483,3034,3034,pos_pos
19.92231739,2483,3036,3036,pos_pos
19.924216275,2484,3037,3037,pos_pos
19.92636296,2484,3039,3039,pos_pos
19.92822905,2486,3041,3041,pos_pos
19.930318698,2487,3042,3042,pos_pos
19.932394065,2488,3044,3044,pos_pos
19.934378656,2489,3046,3046,pos_pos
19.936278186,2490,3047,3047,pos_pos
19.938277256,2492,3048,3048,pos_pos
19.940233708,2493,3050,3050,pos_pos
19.942282605,2495,3051,3051,pos_pos
19.944317964,2497,3052,3052,pos_pos
19.946284871,2499,3053,3053,pos_pos
19.948275317,2500,3054,3054,pos_pos
19.950284498,2502,3055,3055,pos_pos
19.952241246,2504,3056,3056,pos_pos
19.954209414,2506,3056,3056,pos_pos
19.956210575,2507,3057,3057,pos_pos
19.95824145,2509,3058,3058,pos_pos
19.960252948,2512,3058,3058,pos_pos
19.962235734,2514,3059,3059,pos_pos
19.964206489,2515,3059,3059,pos_pos
19.966203006,2518,3060,3060,pos_pos
19.968179945,2520,3060,3060,pos_pos
19.970233142,2522,3060,3060,pos_pos
19.972272759,2524,3060,3060,pos_pos
19.974315575,2526,3060,3060,pos_pos
19.976334919,2529,3060,3060,pos_pos
19.97819151,2531,3060,3060,pos_pos
19.980210943,2533,3060,3060,pos_pos
19.982088518,2535,3060,3060,pos_pos
19.984105833,2536,3060,3060,pos_pos
19.986127838,2537,3060,3060,pos_pos
19.988271229,2539,3060,3060,pos_pos
19.99026217,2540,3061,3061,pos_pos
19.992145082,2541,3061,3061,pos_pos
19.994134738,2542,3061,3061,pos_pos
19.996094416,2543,3062,3062,pos_pos
19.998117744,2543,3062,3062,pos_pos
20.000054685,2544,3063,3063,pos_pos
20.002118577,2544,3064,3064,pos_pos
20.004088425,2545,3065,3065,pos_pos
20.006047291,2545,3066,3066,pos_pos
20.008083206,2545,3067,3067,pos_pos
20.010076375,2545,3068,3068,pos_pos
20.012075052,2545,3069,3069,pos_pos
20.014124155,2545,3070,3070,pos_pos
20.016056143,2545,3072,3072,pos_pos
20.018099108,2545,3074,3074,pos_pos
20.02004715,2545,3075,3075,pos_pos
20.022063593,2545,3076,3076,pos_pos
20.024138509,2545,3078,3078,pos_pos
20.026138618,2546,3080,3080,pos_pos
20.028039032,2546,3081,3081,pos_pos
20.030025367,2545,3083,3083,pos_pos
20.032039016,2546,3085,3085,pos_pos
20.034026925,2545,3086,3086,pos_pos
20.036030972,2545,3088,3088,pos_pos
20.037968739,2546,3090,3090,pos_pos
20.040012996,2546,3091,3091,pos_pos
20.041979542,2546,3094,3094,pos_pos
20.044021625,2546,3096,3096,pos_pos
20.045970594,2547,3098,3098,pos_pos
20.048069665,2547,3100,3100,pos_pos
20.050035908,2548,3102,3102,pos_pos
20.052060558,2548,3104,3104,pos_pos
20.054018535,2549,3105,3105,pos_pos
20.05601841,2550,3108,3108,pos_pos
20.058040415,2551,3109,3109,pos_pos
20.060025104,2553,3111,3111,pos_pos
20.062007277,2554,3113,3113,pos_pos
20.064002629,2555,3114,3114,pos_pos
20.066014664,2556,3116,3116,pos_pos
20.06802523,2558,3118,3118,pos_pos
20.069954114,2559,3120,3120,pos_pos
20.071978216,2561,3121,3121,pos_pos
20.074027775,2563,3123,3123,pos_pos
20.076074357,2565,3124,3124,pos_pos
20.07799325,2567,3126,3126,pos_pos
20.079965108,2569,3127,3127,pos_pos
20.08199123,2571,3128,3128,pos_pos
20.084029171,2573,3129,3129,pos_pos
20.085978955,2575,3130,3130,pos_pos
20.087994759,2577,3131,3131,pos_pos
20.090043016,2580,3132,3132,pos_pos
20.09198286,2582,3133,3133,pos_pos
20.093929649,2584,3133,3133,pos_pos
20.095961861,2586,3134,3134,pos_pos
20.097970192,2588,3135,3135,pos_pos
20.099931837,2589,3135,3135,pos_pos
20.102008236,2592,3136,3136,pos_pos
20.10396167,2594,3137,3137,pos_pos
20.106064883,2596,3138,3138,pos_pos
20.108057387,2597,3138,3138,pos_pos
20.110146159,2599,3139,3139,pos_pos
20.112022409,2601,3139,3139,pos_pos
20.114065855,2602,3139,3139,pos_pos
20.115883999,2604,3140,3140,pos_pos
20.118174157,2605,3140,3140,pos_pos
20.119899221,2605,3141,3141,pos_pos
20.122024151,2606,3141,3141,pos_pos
20.123926269,2607,3141,3141,pos_pos
20.126025931,2608,3142,3142,pos_pos
20.127861356,2608,3143,3143,pos_pos
20.129911546,2608,3144,3144,pos_pos
20.131844643,2608,3144,3144,pos_pos
20.133934964,2608,3145,3145,pos_pos
20.135892703,2608,3146,3146,pos_pos
20.138051898,2608,3147,3147,pos_pos
20.139886656,2608,3149,3149,pos_pos
20.142160901,2608,3150,3150,pos_pos
20.143892332,2608,3151,3151,pos_pos
20.145872362,2608,3153,3153,pos_pos
20.147860488,2608,3154,3154,pos_pos
20.149827433,2607,3155,3155,pos_pos
20.15192968,2608,3156,3156,pos_pos
20.153879836,2607,3159,3159,pos_pos
20.155930079,2607,3160,3160,pos_pos
20.157929055,2607,3162,3162,pos_pos
20.159908866,2607,3164,3164,pos_pos
20.161925112,2607,3165,3165,pos_pos
20.163912059,2607,3167,3167,pos_pos
20.165916338,2607,3168,3168,pos_pos
20.167925403,2607,3170,3170,pos_pos
20.169875092,2607,3171,3171,pos_pos
20.171899715,2607,3173,3173,pos_pos
20.173842541,2607,3174,3174,pos_pos
20.17584069,2607,3176,3176,pos_pos
20.177852273,2607,3177,3177,pos_pos
20.17993013,2608,3179,3179,pos_pos
20.181833179,2608,3181,3181,pos_pos
20.183915285,2608,3182,3182,pos_pos
20.185855467,2608,3184,3184,pos_pos
20.187875148,2609,3185,3185,pos_pos
20.189820759,2610,3186,3186,pos_pos
20.191834096,2610,3188,3188,pos_pos
20.193830763,2611,3189,3189,pos_pos
20.195815252,2612,3190,3190,pos_pos
20.197856139,2613,3191,3191,pos_pos
20.200031122,2614,3192,3192,pos_pos
20.201805519,2615,3193,3193,pos_pos
20.204086149,2616,3194,3194,pos_pos
20.205819812,2618,3194,3194,pos_pos
20.207981733,2619,3195,3195,pos_pos
20.209837289,2620,3196,3196,pos_pos
20.211951041,2622,3197,3197,pos_pos
20.213836966,2623,3197,3197,pos_pos
20.215766897,2625,3197,3197,pos_pos
20.217826613,2626,3197,3197,pos_pos
20.219788011,2629,3198,3198,pos_pos
20.22178733,2630,3198,3198,pos_pos
20.223784174,2632,3198,3198,pos_pos
20.225776306,2634,3198,3198,pos_pos
20.227778564,2636,3198,3198,pos_pos
20.229791881,2637,3198,3198,pos_pos
20.231784095,2639,3199,3199,pos_pos
20.23373678,2641,3198,3198,pos_pos
20.235694507,2643,3198,3198,pos_pos
20.237705833,2645,3198,3198,pos_pos
20.239660037,2647,3198,3198,pos_pos
20.24165692,2648,3198,3198,pos_pos
20.243659567,2650,3198,3198,pos_pos
20.245673889,2652,3199,3199,pos_pos
20.247626488,2653,3198,3198,pos_pos
20.249719472,2654,3199,3199,pos_pos
20.251697597,2656,3199,3199,pos_pos
20.253679859,2657,3199,3199,pos_pos
20.255694383,2658,3200,3200,pos_pos
20.257728053,2659,3200,3200,pos_pos
20.259674622,2659,3200,3200,pos_pos
20.261680606,2660,3201,3201,pos_pos
20.263723284,2660,3201,3201,pos_pos
20.265671093,2660,3202,3202,pos_pos
20.267668435,2660,3203,3203,pos_pos
20.269676357,2660,3203,3203,pos_pos
20.271691468,2660,3204,3204,pos_pos
20.273674863,2660,3204,3204,pos_pos
20.27556097,2660,3205,3205,pos_pos
20.277651014,2660,3206,3206,pos_pos
20.279650813,2660,3206,3206,pos_pos
20.281595671,2660,3207,3207,pos_pos
20.283709395,2660,3208,3208,pos_pos
20.285615365,2660,3209,3209,pos_pos
20.287668709,2660,3211,3211,pos_pos
20.289662868,2660,3212,3212,pos_pos
20.291595853,2660,3213,3213,pos_pos
20.293605894,2660,3214,3214,pos_pos
20.295556597,2660,3216,3216,pos_pos
20.297722296,2660,3217,3217,pos_pos
20.299659513,2660,3219,3219,pos_pos
20.301588746,2660,3220,3220,pos_pos
20.303584852,2660,3222,3222,pos_pos
20.305550496,2660,3224,3224,pos_pos
20.307569072,2660,3225,3225,pos_pos
20.3096474,2660,3227,3227,pos_pos
20.311621521,2660,3228,3228,pos_pos
20.313572096,2660,3230,3230,pos_pos
20.315556549,2661,3231,3231,pos_pos
20.317624314,2661,3233,3233,pos_pos
20.319564126,2662,3235,3235,pos_pos
20.321529224,2662,3237,3237,pos_pos
20.323592187,2663,3238,3238,pos_pos
20.325524957,2664,3240,3240,pos_pos
20.327545862,2666,3242,3242,pos_pos
20.329545873,2667,3243,3243,pos_pos
20.331565842,2668,3245,3245,pos_pos
20.333537246,2669,3246,3246,pos_pos
20.335550217,2671,3248,3248,pos_pos
20.337515797,2672,3249,3249,pos_pos
20.339541728,2674,3250,3250,pos_pos
20.341543989,2675,3252,3252,pos_pos
20.343536514,2677,3253,3253,pos_pos
20.345521062,2679,3254,3254,pos_pos
20.347530261,2681,3254,3254,pos_pos
20.349465469,2683,3255,3255,pos_pos
20.351483035,2684,3255,3255,pos_pos
20.353469267,2687,3256,3256,pos_pos
20.355466052,2689,3256,3256,pos_pos
20.357474611,2690,3257,3257,pos_pos
20.359494109,2692,3257,3257,pos_pos
20.361507304,2694,3257,3257,pos_pos
20.363463521,2696,3258,3258,pos_pos
20.365422108,2697,3258,3258,pos_pos
20.367430399,2699,3258,3258,pos_pos
20.369402415,2701,3258,3258,pos_pos
20.371430757,2703,3258,3258,pos_pos
20.373414353,2704,3259,3259,pos_pos
20.375457385,2706,3259,3259,pos_pos
20.37745758,2708,3259,3259,pos_pos
20.379383366,2710,3259,3259,pos_pos
20.381381329,2711,3260,3260,pos_pos
20.383427303,2712,3260,3260,pos_pos
20.385403088,2713,3260,3260,pos_pos
20.387368186,2715,3260,3260,pos_pos
20.389358737,2715,3261,3261,pos_pos
20.391355815,2716,3261,3261,pos_pos
20.393372502,2716,3262,3262,pos_pos
20.395351876,2716,3262,3262,pos_pos
20.397356181,2717,3263,3263,pos_pos
20.399411698,2717,3263,3263,pos_pos
20.401372767,2717,3264,3264,pos_pos
20.403384207,2717,3265,3265,pos_pos
20.405390309,2718,3266,3266,pos_pos
20.407394011,2718,3267,3267,pos_pos
20.409357116,2718,3268,3268,pos_pos
20.411358178,2718,3269,3269,pos_pos
20.413348855,2718,3270,3270,pos_pos
20.415399547,2717,3272,3272,pos_pos
20.417325651,2718,3273,3273,pos_pos
20.419312224,2718,3274,3274,pos_pos
20.421278965,2718,3276,3276,pos_pos
20.423318246,2718,3277,3277,pos_pos
20.42528668,2717,3279,3279,pos_pos
20.427312004,2718,3280,3280,pos_pos
20.429306172,2718,3282,3282,pos_pos
20.431340547,2718,3284,3284,pos_pos
20.433305144,2718,3286,3286,pos_pos
20.435351094,2718,3288,3288,pos_pos
20.43728234,2718,3289,3289,pos_pos
20.43930314,2719,3291,3291,pos_pos
20.441288835,2719,3292,3292,pos_pos
20.443300063,2720,3294,3294,pos_pos
20.445319501,2721,3296,3296,pos_pos
20.447359569,2721,3297,3297,pos_pos
20.449314128,2722,3298,3298,pos_pos
20.451331848,2723,3300,3300,pos_pos
20.453251483,2724,3301,3301,pos_pos
20.455298736,2724,3302,3302,pos_pos
20.457244315,2725,3304,3304,pos_pos
20.459312031,2726,3305,3305,pos_pos
20.461240834,2727,3307,3307,pos_pos
20.463326106,2728,3308,3308,pos_pos
20.465271535,2730,3309,3309,pos_pos
20.467293399,2731,3311,3311,pos_pos
20.469254532,2732,3312,3312,pos_pos
20.471322598,2733,3314,3314,pos_pos
20.473294106,2734,3315,3315,pos_pos
20.475311496,2736,3316,3316,pos_pos
20.477248728,2738,3317,3317,pos_pos
20.479278724,2739,3318,3318,pos_pos
20.481276525,2741,3319,3319,pos_pos
20.48325733,2743,3321,3321,pos_pos
20.485245436,2745,3322,3322,pos_pos
20.487294111,2746,3323,3323,pos_pos
20.489266692,2748,3324,3324,pos_pos
20.49122132,2749,3325,3325,pos_pos
20.493254493,2752,3325,3325,pos_pos
20.495267321,2753,3326,3326,pos_pos
20.497204818,2756,3327,3327,pos_pos
20.49927351,2757,3328,3328,pos_pos
20.501214929,2759,3329,3329,pos_pos
20.503232361,2761,3330,3330,pos_pos
20.50519494,2762,3331,3331,pos_pos
20.507162577,2765,3332,3332,pos_pos
20.509206227,2767,3332,3332,pos_pos
20.511216497,2768,3333,3333,pos_pos
20.513223673,2770,3334,3334,pos_pos
20.515203365,2772,3334,3334,pos_pos
20.51718695,2773,3335,3335,pos_pos
20.519161911,2775,3336,3336,pos_pos
20.52125616,2776,3337,3337,pos_pos
20.523227232,2778,3337,3337,pos_pos
20.525309033,2779,3338,3338,pos_pos
20.527203114,2781,3339,3339,pos_pos
20.529261088,2782,3340,3340,pos_pos
20.531266407,2782,3341,3341,pos_pos
20.533328597,2783,3341,3341,pos_pos
20.53528609,2784,3343,3343,pos_pos
20.53726858,2785,3344,3344,pos_pos
20.539277614,2786,3345,3345,pos_pos
20.541243172,2786,3346,3346,pos_pos
20.543301081,2787,3347,3347,pos_pos
20.545330476,2787,3348,3348,pos_pos
20.547236775,2787,3349,3349,pos_pos
20.549229422,2787,3351,3351,pos_pos
20.551227822,2787,3352,3352,pos_pos
20.553178238,2787,3354,3354,pos_pos
20.555292281,2787,3356,3356,pos_pos
20.557241192,2787,3357,3357,pos_pos
20.559225796,2787,3359,3359,pos_pos
20.561214569,2787,3361,3361,pos_pos
20.563264065,2787,3363,3363,pos_pos
20.565158782,2787,3365,3365,pos_pos
20.567180524,2787,3366,3366,pos_pos
20.569154566,2787,3368,3368,pos_pos
20.571137667,2788,3370,3370,pos_pos
20.573186834,2788,3372,3372,pos_pos
20.575161498,2788,3373,3373,pos_pos
20.577197016,2788,3375,3375,pos_pos
20.579110225,2789,3377,3377,pos_pos
20.581091069,2790,3379,3379,pos_pos
20.583084926,2790,3380,3380,pos_pos
20.585085926,2791,3382,3382,pos_pos
20.587056023,2792,3384,3384,pos_pos
20.589087174,2793,3386,3386,pos_pos
20.591147263,2794,3388,3388,pos_pos
20.593177267,2795,3390,3390,pos_pos
20.59522609,2796,3391,3391,pos_pos
20.597168907,2797,3393,3393,pos_pos
20.599154412,2798,3395,3395,pos_pos
20.601275281,2799,3396,3396,pos_pos
20.60309984,2800,3397,3397,pos_pos
20.605134105,2802,3399,3399,pos_pos
20.607075845,2803,3400,3400,pos_pos
20.609114414,2804,3401,3401,pos_pos
20.611022025,2805,3402,3402,pos_pos
20.61296714,2807,3403,3403,pos_pos
20.615009931,2808,3404,3404,pos_pos
20.616944581,2809,3405,3405,pos_pos
20.619001117,2811,3406,3406,pos_pos
20.62095748,2812,3407,3407,pos_pos
20.623024227,2814,3407,3407,pos_pos
20.624933054,2815,3408,3408,pos_pos
20.627038405,2817,3409,3409,pos_pos
20.628936713,2819,3409,3409,pos_pos
20.63098111,2820,3410,3410,pos_pos
20.632902391,2822,3411,3411,pos_pos
20.634928543,2823,3411,3411,pos_pos
20.636925814,2824,3412,3412,pos_pos
20.638955581,2826,3413,3413,pos_pos
20.640926517,2827,3413,3413,pos_pos
20.642946163,2828,3413,3413,pos_pos
20.645036333,2830,3413,3413,pos_pos
20.646984762,2831,3414,3414,pos_pos
20.648952286,2832,3414,3414,pos_pos
20.650985961,2834,3415,3415,pos_pos
20.652909422,2835,3415,3415,pos_pos
20.654953471,2836,3415,3415,pos_pos
20.656915605,2837,3415,3415,pos_pos
20.658954091,2838,3416,3416,pos_pos
20.660919581,2838,3416,3416,pos_pos
20.663064531,2839,3417,3417,pos_pos
20.664907068,2840,3417,3417,pos_pos
20.667029135,2841,3418,3418,pos_pos
20.66887165,2841,3418,3418,pos_pos
20.670978545,2841,3419,3419,pos_pos
20.672881324,2842,3419,3419,pos_pos
20.675047439,2842,3420,3420,pos_pos
20.676835988,2842,3421,3421,pos_pos
20.678964104,2842,3422,3422,pos_pos
20.680858086,2842,3422,3422,pos_pos
20.683002384,2842,3423,3423,pos_pos
20.684837599,2842,3423,3423,pos_pos
20.68698869,2842,3424,3424,pos_pos
20.688866844,2842,3425,3425,pos_pos
20.690889567,2842,3426,3426,pos_pos
20.692863617,2842,3426,3426,pos_pos
20.695027992,2842,3427,3427,pos_pos
20.696858433,2842,3428,3428,pos_pos
20.699095685,2842,3429,3429,pos_pos
20.700842751,2842,3429,3429,pos_pos
20.702857811,2842,3430,3430,pos_pos
20.704871435,2842,3431,3431,pos_pos
20.706853593,2842,3433,3433,pos_pos
20.708849117,2842,3434,3434,pos_pos
20.710843833,2842,3435,3435,pos_pos
20.712862817,2842,3436,3436,pos_pos
20.714872787,2843,3437,3437,pos_pos
20.716848311,2843,3438,3438,pos_pos
20.718855018,2844,3440,3440,pos_pos
20.720853694,2844,3442,3442,pos_pos
20.722898109,2844,3443,3443,pos_pos
20.72477914,2845,3444,3444,pos_pos
20.726757559,2847,3445,3445,pos_pos
20.728810945,2847,3447,3447,pos_pos
20.730826745,2850,3448,3448,pos_pos
20.732818832,2851,3450,3450,pos_pos
20.734814209,2852,3451,3451,pos_pos
20.736796947,2853,3452,3452,pos_pos
20.738809596,2854,3453,3453,pos_pos
20.740848034,2856,3455,3455,pos_pos
20.742836535,2858,3456,3456,pos_pos
20.744759596,2859,3457,3457,pos_pos
20.746752056,2861,3458,3458,pos_pos
20.748733869,2863,3459,3459,pos_pos
20.750728843,2865,3460,3460,pos_pos
20.752966788,2867,3461,3461,pos_pos
20.754785642,2869,3463,3463,pos_pos
20.756904109,2871,3464,3464,pos_pos
20.758771578,2873,3465,3465,pos_pos
20.760779896,2875,3466,3466,pos_pos
20.762738516,2878,3467,3467,pos_pos
20.764774044,2880,3468,3468,pos_pos
20.766744873,2882,3469,3469,pos_pos
20.768733274,2884,3469,3469,pos_pos
20.770773002,2886,3470,3470,pos_pos
20.772662428,2888,3471,3471,pos_pos
20.7746983,2891,3471,3471,pos_pos
20.776734986,2893,3472,3472,pos_pos
20.778711603,2895,3472,3472,pos_pos
20.780692993,2897,3473,3473,pos_pos
20.78273884,2899,3473,3473,pos_pos
20.784810091,2902,3474,3474,pos_pos
20.786731248,2904,3475,3475,pos_pos
20.788836712,2905,3475,3475,pos_pos
20.79071726,2907,3475,3475,pos_pos
20.792729549,2909,3476,3476,pos_pos
20.794814008,2910,3478,3478,pos_pos
20.796713994,2912,3478,3478,pos_pos
20.798695431,2913,3478,3478,pos_pos
20.800702659,2914,3479,3479,pos_pos
20.802712637,2915,3480,3480,pos_pos
20.804671765,2916,3481,3481,pos_pos
20.806653751,2917,3481,3481,pos_pos
20.808672683,2918,3482,3482,pos_pos
20.810608686,2918,3483,3483,pos_pos
20.812650759,2919,3484,3484,pos_pos
20.814634991,2920,3485,3485,pos_pos
20.816691757,2920,3486,3486,pos_pos
20.818641587,2921,3487,3487,pos_pos
20.820685636,2921,3488,3488,pos_pos
20.822659758,2921,3490,3490,pos_pos
20.824662777,2921,3491,3491,pos_pos
20.826660987,2921,3493,3493,pos_pos
20.828667459,2921,3494,3494,pos_pos
20.830646276,2922,3496,3496,pos_pos
20.832606896,2922,3498,3498,pos_pos
20.834623301,2921,3499,3499,pos_pos
20.836608407,2922,3501,3501,pos_pos
20.83858101,2922,3502,3502,pos_pos
20.840615823,2922,3504,3504,pos_pos
20.84258469,2921,3505,3505,pos_pos
20.844610049,2922,3507,3507,pos_pos
20.846592579,2922,3510,3510,pos_pos
20.848604847,2922,3511,3511,pos_pos
20.850536383,2922,3513,3513,pos_pos
20.852594265,2922,3515,3515,pos_pos
20.854605102,2922,3517,3517,pos_pos
20.856586123,2923,3519,3519,pos_pos
20.858603163,2924,3521,3521,pos_pos
20.860508214,2924,3522,3522,pos_pos
20.862484032,2925,3524,3524,pos_pos
20.864525458,2926,3525,3525,pos_pos
20.866592993,2926,3527,3527,pos_pos
20.868520587,2927,3529,3529,pos_pos
20.870609055,2928,3531,3531,pos_pos
20.872486912,2929,3532,3532,pos_pos
20.874496374,2930,3534,3534,pos_pos
20.876438262,2931,3535,3535,pos_pos
20.878499819,2932,3537,3537,pos_pos
20.880503807,2933,3538,3538,pos_pos
20.882435242,2934,3540,3540,pos_pos
20.884496888,2935,3542,3542,pos_pos
20.886496757,2936,3544,3544,pos_pos
20.888484721,2937,3545,3545,pos_pos
20.890468275,2938,3545,3545,pos_pos
20.892589023,2939,3546,3546,pos_pos
20.894506282,2940,3547,3547,pos_pos
20.896476706,2942,3548,3548,pos_pos
20.898494398,2943,3548,3548,pos_pos
20.90045534,2944,3549,3549,pos_pos
20.902405056,2945,3549,3549,pos_pos
20.904476855,2946,3549,3549,pos_pos
20.906540684,2948,3549,3549,pos_pos
20.908424295,2949,3549,3549,pos_pos
20.910580342,2950,3549,3549,pos_pos
20.912433982,2951,3549,3549,pos_pos
20.914416945,2952,3548,3548,pos_pos
20.916454393,2953,3548,3548,pos_pos
20.918452733,2955,3547,3547,pos_pos
20.920409412,2956,3547,3547,pos_pos
20.922451025,2957,3547,3547,pos_pos
20.924326419,2958,3546,3546,pos_pos
20.926403594,2958,3546,3546,pos_pos
20.928390576,2959,3546,3546,pos_pos
20.930365788,2959,3546,3546,pos_pos
20.932418801,2960,3546,3546,pos_pos
20.934355597,2960,3546,3546,pos_pos
20.93632974,2960,3546,3546,pos_pos
20.938393441,2960,3547,3547,pos_pos
20.94030743,2960,3547,3547,pos_pos
20.942443577,2960,3547,3547,pos_pos
20.944329699,2961,3548,3548,pos_pos
20.946336467,2961,3548,3548,pos_pos
20.948382073,2961,3549,3549,pos_pos
20.950428305,2961,3549,3549,pos_pos
20.952427118,2960,3550,3550,pos_pos
20.954412102,2960,3551,3551,pos_pos
20.95632797,2960,3552,3552,pos_pos
20.958312888,2960,3553,3553,pos_pos
20.960286054,2960,3554,3554,pos_pos
20.962314793,2960,3555,3555,pos_pos
20.964287856,2960,3556,3556,pos_pos
20.966296968,2960,3558,3558,pos_pos
20.968309809,2960,3559,3559,pos_pos
20.97028381,2960,3560,3560,pos_pos
20.972366097,2960,3562,3562,pos_pos
20.974327507,2960,3563,3563,pos_pos
20.976361033,2960,3565,3565,pos_pos
20.978305525,2961,3566,3566,pos_pos
20.980286439,2961,3568,3568,pos_pos
20.98227912,2962,3569,3569,pos_pos
20.984293889,2962,3571,3571,pos_pos
20.986252123,2963,3574,3574,pos_pos
20.988269317,2964,3575,3575,pos_pos
20.990250996,2964,3576,3576,pos_pos
20.992221566,2965,3577,3577,pos_pos
20.994235452,2966,3578,3578,pos_pos
20.996248608,2966,3579,3579,pos_pos
20.998305497,2967,3581,3581,pos_pos
21.000266598,2968,3582,3582,pos_pos
21.002294222,2969,3582,3582,pos_pos
21.00427527,2970,3583,3583,pos_pos
21.006267835,2972,3584,3584,pos_pos
21.008304142,2972,3585,3585,pos_pos
21.010239772,2974,3586,3586,pos_pos
21.012296614,2975,3587,3587,pos_pos
21.014239165,2978,3588,3588,pos_pos
21.016306461,2979,3588,3588,pos_pos
21.018228318,2980,3589,3589,pos_pos
21.020265387,2982,3589,3589,pos_pos
21.022212278,2984,3590,3590,pos_pos
21.024207443,2986,3590,3590,pos_pos
21.026215171,2988,3591,3591,pos_pos
21.028180148,2989,3591,3591,pos_pos
21.030165156,2991,3591,3591,pos_pos
21.032188707,2993,3591,3591,pos_pos
21.034151028,2995,3591,3591,pos_pos
21.036185098,2997,3591,3591,pos_pos
21.038195704,2999,3591,3591,pos_pos
21.040184979,3001,3591,3591,pos_pos
21.042175512,3002,3591,3591,pos_pos
21.044200827,3004,3591,3591,pos_pos
21.046146843,3007,3590,3590,pos_pos
21.048245675,3008,3589,3589,pos_pos
21.050232538,3009,3589,3589,pos_pos
21.052227186,3011,3589,3589,pos_pos
21.05424141,3013,3589,3589,pos_pos
21.05619311,3014,3588,3588,pos_pos
21.058257265,3015,3588,3588,pos_pos
21.060198873,3015,3588,3588,pos_pos
21.062167143,3016,3588,3588,pos_pos
21.06416379,3016,3587,3587,pos_pos
21.06614698,3016,3587,3587,pos_pos
21.068113627,3016,3587,3587,pos_pos
21.070127871,3016,3587,3587,pos_pos
21.072115447,3016,3587,3587,pos_pos
21.074123368,3016,3587,3587,pos_pos
21.076099565,3016,3587,3587,pos_pos
21.078104784,3016,3587,3587,pos_pos
21.080152598,3016,3588,3588,pos_pos
21.082088736,3016,3588,3588,pos_pos
21.08417309,3016,3588,3588,pos_pos
21.086137236,3016,3589,3589,pos_pos
21.088118084,3016,3590,3590,pos_pos
21.090106726,3016,3591,3591,pos_pos
21.092079572,3016,3592,3592,pos_pos
21.094104647,3016,3593,3593,pos_pos
21.096048351,3016,3595,3595,pos_pos
21.098118615,3016,3596,3596,pos_pos
21.100081184,3016,3597,3597,pos_pos
21.102103872,3016,3599,3599,pos_pos
21.104052798,3016,3601,3601,pos_pos
21.106069188,3016,3602,3602,pos_pos
21.10807498,3016,3604,3604,pos_pos
21.110065375,3016,3605,3605,pos_pos
21.112105114,3016,3607,3607,pos_pos
21.114064492,3016,3608,3608,pos_pos
21.116062499,3017,3610,3610,pos_pos
21.118038573,3017,3612,3612,pos_pos
21.120035135,3018,3614,3614,pos_pos
21.122052138,3018,3616,3616,pos_pos
21.12401997,3019,3617,3617,pos_pos
21.126035516,3019,3619,3619,pos_pos
21.128037858,3020,3620,3620,pos_pos
21.130078825,3021,3622,3622,pos_pos
21.132031959,3022,3624,3624,pos_pos
21.134018098,3022,3626,3626,pos_pos
21.136016414,3023,3627,3627,pos_pos
21.138073496,3024,3629,3629,pos_pos
21.140050745,3025,3630,3630,pos_pos
21.142110398,3026,3632,3632,pos_pos
21.144047753,3027,3633,3633,pos_pos
21.146096423,3028,3635,3635,pos_pos
21.148030965,3029,3636,3636,pos_pos
21.150134815,3031,3637,3637,pos_pos
21.151989432,3031,3638,3638,pos_pos
21.15405841,3033,3639,3639,pos_pos
21.155961429,3034,3640,3640,pos_pos
21.158037592,3035,3640,3640,pos_pos
21.159997901,3036,3641,3641,pos_pos
21.162014781,3038,3641,3641,pos_pos
21.163953401,3039,3641,3641,pos_pos
21.165988754,3040,3641,3641,pos_pos
21.167924797,3041,3641,3641,pos_pos
21.169963117,3042,3641,3641,pos_pos
21.171919019,3042,3640,3640,pos_pos
21.173963145,3043,3640,3640,pos_pos
21.175926245,3044,3640,3640,pos_pos
21.177907067,3044,3639,3639,pos_pos
21.17992622,3044,3638,3638,pos_pos
21.181891145,3045,3637,3637,pos_pos
21.18389836,3045,3637,3637,pos_pos
21.18594002,3045,3636,3636,pos_pos
21.187844224,3045,3636,3636,pos_pos
21.189894689,3045,3635,3635,pos_pos
21.191894709,3045,3634,3634,pos_pos
21.193844753,3045,3633,3633,pos_pos
21.195845637,3045,3632,3632,pos_pos
21.197903252,3045,3632,3632,pos_pos
21.198965281,3045,3632,3632,pos_pos
21.200900416,3045,3631,3631,pos_pos
21.203061536,3044,3630,3630,pos_pos
21.204942371,3044,3630,3630,pos_pos
21.207029306,3044,3630,3630,pos_pos
21.208945898,3044,3630,3630,pos_pos
21.211146275,3044,3630,3630,pos_pos
21.212888145,3044,3630,3630,pos_pos
21.214970525,3044,3630,3630,pos_pos
21.216949149,3044,3631,3631,pos_pos
21.218937264,3044,3631,3631,pos_pos
21.220944109,3044,3632,3632,pos_pos
21.222876284,3044,3632,3632,pos_pos
21.224911134,3044,3633,3633,pos_pos
21.22692991,3044,3634,3634,pos_pos
21.228930645,3044,3635,3635,pos_pos
21.230946869,3044,3636,3636,pos_pos
21.232922487,3044,3637,3637,pos_pos
21.234931453,3044,3637,3637,pos_pos
21.236899845,3044,3639,3639,pos_pos
21.23889483,3044,3640,3640,pos_pos
21.240889284,3044,3642,3642,pos_pos
21.242875915,3044,3643,3643,pos_pos
21.244895029,3044,3644,3644,pos_pos
21.246885091,3044,3646,3646,pos_pos
21.248906612,3044,3648,3648,pos_pos
21.250887263,3044,3649,3649,pos_pos
21.252908155,3044,3650,3650,pos_pos
21.25490744,3045,3652,3652,pos_pos
21.257135054,3045,3654,3654,pos_pos
21.258883649,3045,3656,3656,pos_pos
21.261061702,3046,3657,3657,pos_pos
21.262875325,3046,3658,3658,pos_pos
21.265056552,3047,3660,3660,pos_pos
21.266854166,3048,3661,3661,pos_pos
21.268841673,3049,3662,3662,pos_pos
21.270841419,3050,3664,3664,pos_pos
21.272775969,3050,3665,3665,pos_pos
21.274780054,3052,3666,3666,pos_pos
21.276792032,3052,3667,3667,pos_pos
21.27896609,3053,3668,3668,pos_pos
21.280809473,3054,3668,3668,pos_pos
21.282845831,3056,3669,3669,pos_pos
21.284769852,3057,3669,3669,pos_pos
21.286777298,3058,3670,3670,pos_pos
21.288811134,3060,3670,3670,pos_pos
21.290791378,3061,3670,3670,pos_pos
21.29274444,3062,3670,3670,pos_pos
21.294726328,3064,3670,3670,pos_pos
21.296713619,3066,3670,3670,pos_pos
21.298746928,3067,3670,3670,pos_pos
21.300739942,3069,3670,3670,pos_pos
21.30277561,3071,3669,3669,pos_pos
21.30474203,3072,3669,3669,pos_pos
21.306750537,3074,3669,3669,pos_pos
21.308719243,3075,3669,3669,pos_pos
21.310673287,3077,3669,3669,pos_pos
21.312700277,3079,3668,3668,pos_pos
21.3146599,3080,3668,3668,pos_pos
21.316705932,3081,3667,3667,pos_pos
21.318757707,3082,3667,3667,pos_pos
21.320742911,3083,3666,3666,pos_pos
21.322795234,3084,3666,3666,pos_pos
21.32482168,3085,3665,3665,pos_pos
21.326785829,3085,3664,3664,pos_pos
21.32870222,3085,3664,3664,pos_pos
21.330733849,3086,3663,3663,pos_pos
21.332713734,3086,3663,3663,pos_pos
21.334743179,3086,3662,3662,pos_pos
21.336743708,3085,3662,3662,pos_pos
21.338722771,3085,3662,3662,pos_pos
21.340787364,3085,3661,3661,pos_pos
21.342777574,3085,3661,3661,pos_pos
21.344727906,3085,3661,3661,pos_pos
21.34669705,3085,3661,3661,pos_pos
21.348724192,3085,3661,3661,pos_pos
21.350704322,3085,3662,3662,pos_pos
21.352732618,3085,3662,3662,pos_pos
21.354714981,3085,3663,3663,pos_pos
21.356729688,3085,3664,3664,pos_pos
21.358665754,3085,3665,3665,pos_pos
21.360654814,3084,3665,3665,pos_pos
21.362661179,3084,3666,3666,pos_pos
21.364709102,3084,3667,3667,pos_pos
21.366729101,3084,3669,3669,pos_pos
21.368653342,3084,3670,3670,pos_pos
21.370652221,3084,3671,3671,pos_pos
21.372693242,3084,3672,3672,pos_pos
21.374660966,3084,3674,3674,pos_pos
21.376683844,3084,3675,3675,pos_pos
21.378767862,3084,3677,3677,pos_pos
21.380642786,3084,3678,3678,pos_pos
21.382628258,3084,3680,3680,pos_pos
21.384585097,3084,3681,3681,pos_pos
21.386602685,3084,3683,3683,pos_pos
21.388577325,3084,3685,3685,pos_pos
21.390536477,3084,3687,3687,pos_pos
21.392575361,3085,3688,3688,pos_pos
21.394603697,3085,3689,3689,pos_pos
21.396718071,3085,3691,3691,pos_pos
21.398736943,3085,3693,3693,pos_pos
21.400668735,3086,3694,3694,pos_pos
21.402739195,3086,3695,3695,pos_pos
21.404706791,3086,3697,3697,pos_pos
21.406587534,3087,3698,3698,pos_pos
21.40859892,3088,3700,3700,pos_pos
21.410590926,3088,3701,3701,pos_pos
21.412584217,3089,3702,3702,pos_pos
21.414553873,3090,3703,3703,pos_pos
21.416563624,3090,3704,3704,pos_pos
21.418581789,3091,3705,3705,pos_pos
21.420646811,3092,3705,3705,pos_pos
21.422588739,3093,3706,3706,pos_pos
21.424545522,3094,3706,3706,pos_pos
21.426537059,3095,3706,3706,pos_pos
21.428500978,3096,3706,3706,pos_pos
21.430563483,3096,3706,3706,pos_pos
21.432554645,3097,3706,3706,pos_pos
21.434589292,3098,3705,3705,pos_pos
21.436527611,3099,3705,3705,pos_pos
21.438497591,3100,3704,3704,pos_pos
21.440488106,3101,3704,3704,pos_pos
21.442473959,3102,3703,3703,pos_pos
21.444529618,3102,3702,3702,pos_pos
21.446464929,3103,3701,3701,pos_pos
21.448418239,3105,3701,3701,pos_pos
21.450474571,3106,3700,3700,pos_pos
21.452413045,3106,3699,3699,pos_pos
21.454487727,3107,3698,3698,pos_pos
21.456400556,3107,3698,3698,pos_pos
21.458452868,3107,3697,3697,pos_pos
21.460483784,3107,3696,3696,pos_pos
21.462387989,3107,3696,3696,pos_pos
21.464363711,3107,3696,3696,pos_pos
21.466402473,3107,3695,3695,pos_pos
21.468405762,3107,3695,3695,pos_pos
21.470427805,3107,3695,3695,pos_pos
21.472460344,3107,3695,3695,pos_pos
21.474477469,3107,3695,3695,pos_pos
21.476450975,3107,3695,3695,pos_pos
21.478401522,3107,3695,3695,pos_pos
21.480353205,3107,3696,3696,pos_pos
21.482392329,3107,3696,3696,pos_pos
21.484419693,3107,3697,3697,pos_pos
21.486451897,3107,3697,3697,pos_pos
21.488388516,3107,3698,3698,pos_pos
21.490399326,3107,3699,3699,pos_pos
21.492378577,3107,3699,3699,pos_pos
21.49439113,3107,3700,3700,pos_pos
21.496342022,3107,3701,3701,pos_pos
21.498363337,3107,3702,3702,pos_pos
21.500289908,3107,3703,3703,pos_pos
21.502312772,3107,3704,3704,pos_pos
21.50430827,3107,3705,3705,pos_pos
21.506302265,3107,3707,3707,pos_pos
21.508349641,3107,3708,3708,pos_pos
21.510339242,3107,3709,3709,pos_pos
21.512357424,3107,3711,3711,pos_pos
21.514358203,3107,3712,3712,pos_pos
21.516342878,3107,3713,3713,pos_pos
21.518331252,3107,3715,3715,pos_pos
21.520316689,3107,3716,3716,pos_pos
21.52231004,3107,3717,3717,pos_pos
21.524312663,3107,3718,3718,pos_pos
21.526316404,3108,3719,3719,pos_pos
21.528298187,3108,3721,3721,pos_pos
21.530298304,3109,3722,3722,pos_pos
21.532285606,3109,3722,3722,pos_pos
21.534294383,3110,3723,3723,pos_pos
21.536248147,3110,3724,3724,pos_pos
21.538266642,3111,3725,3725,pos_pos
21.540250485,3111,3725,3725,pos_pos
21.542250306,3112,3726,3726,pos_pos
21.544249845,3113,3726,3726,pos_pos
21.54625633,3114,3726,3726,pos_pos
21.548274984,3115,3726,3726,pos_pos
21.55021051,3115,3726,3726,pos_pos
21.552239902,3116,3726,3726,pos_pos
21.55423716,3117,3726,3726,pos_pos
21.556208544,3118,3726,3726,pos_pos
21.558187457,3119,3726,3726,pos_pos
21.560184663,3120,3726,3726,pos_pos
21.562195434,3122,3726,3726,pos_pos
21.564188561,3122,3725,3725,pos_pos
21.566193484,3123,3725,3725,pos_pos
21.568179763,3124,3725,3725,pos_pos
21.570183073,3125,3725,3725,pos_pos
21.572163032,3126,3724,3724,pos_pos
21.574159013,3127,3724,3724,pos_pos
21.576175059,3128,3724,3724,pos_pos
21.578180338,3129,3724,3724,pos_pos
21.580238736,3130,3723,3723,pos_pos
21.58226438,3130,3723,3723,pos_pos
21.584156296,3131,3723,3723,pos_pos
21.586159651,3131,3722,3722,pos_pos
21.588144059,3132,3722,3722,pos_pos
21.590161618,3132,3722,3722,pos_pos
21.592119981,3132,3722,3722,pos_pos
21.594150109,3132,3721,3721,pos_pos
21.596168535,3132,3721,3721,pos_pos
21.598110371,3133,3721,3721,pos_pos
21.600157007,3132,3721,3721,pos_pos
21.602159541,3132,3722,3722,pos_pos
21.604149796,3132,3722,3722,pos_pos
21.60618933,3132,3722,3722,pos_pos
21.608124847,3132,3722,3722,pos_pos
21.610163422,3132,3722,3722,pos_pos
21.612194683,3132,3722,3722,pos_pos
21.614195066,3132,3722,3722,pos_pos
21.616157459,3132,3722,3722,pos_pos
21.618132565,3131,3723,3723,pos_pos
21.620184035,3132,3723,3723,pos_pos
21.622222108,3131,3724,3724,pos_pos
21.624179591,3131,3724,3724,pos_pos
21.62614952,3131,3725,3725,pos_pos
21.628149446,3131,3726,3726,pos_pos
21.630144828,3131,3727,3727,pos_pos
21.632090782,3131,3727,3727,pos_pos
21.634044798,3131,3728,3728,pos_pos
21.63610502,3131,3729,3729,pos_pos
21.638073885,3131,3730,3730,pos_pos
21.640026307,3131,3731,3731,pos_pos
21.642067627,3132,3733,3733,pos_pos
21.644085911,3132,3734,3734,pos_pos
21.646089876,3132,3735,3735,pos_pos
21.648052685,3133,3736,3736,pos_pos
21.650031503,3133,3737,3737,pos_pos
21.652033655,3134,3739,3739,pos_pos
21.654056893,3135,3740,3740,pos_pos
21.656007812,3135,3742,3742,pos_pos
21.658093488,3136,3743,3743,pos_pos
21.660070014,3137,3744,3744,pos_pos
21.66210955,3137,3745,3745,pos_pos
21.664089507,3138,3747,3747,pos_pos
21.666124331,3138,3748,3748,pos_pos
21.668100718,3139,3749,3749,pos_pos
21.670091292,3140,3750,3750,pos_pos
21.672084498,3141,3752,3752,pos_pos
21.674076483,3142,3754,3754,pos_pos
21.676047582,3143,3755,3755,pos_pos
21.678024872,3144,3756,3756,pos_pos
21.680067196,3145,3758,3758,pos_pos
21.682052052,3146,3759,3759,pos_pos
21.684133753,3147,3760,3760,pos_pos
21.686109117,3147,3761,3761,pos_pos
21.688030178,3149,3762,3762,pos_pos
21.690070062,3150,3763,3763,pos_pos
21.69208269,3151,3764,3764,pos_pos
21.694098541,3151,3764,3764,pos_pos
21.696056578,3152,3765,3765,pos_pos
21.697977114,3152,3765,3765,pos_pos
21.700037675,3153,3765,3765,pos_pos
21.702030198,3153,3765,3765,pos_pos
21.704013907,3154,3765,3765,pos_pos
21.706019404,3154,3765,3765,pos_pos
21.708018805,3154,3765,3765,pos_pos
21.710042511,3154,3765,3765,pos_pos
21.712093699,3155,3765,3765,pos_pos
21.713951381,3155,3765,3765,pos_pos
21.714948767,3155,3764,3764,pos_pos
21.716951454,3155,3764,3764,pos_pos
21.718959526,3155,3764,3764,pos_pos
21.721040751,3155,3764,3764,pos_pos
21.72295445,3155,3763,3763,pos_pos
21.724976151,3155,3763,3763,pos_pos
21.726936397,3155,3762,3762,pos_pos
21.728888644,3155,3762,3762,pos_pos
21.730951912,3155,3762,3762,pos_pos
21.73298419,3154,3762,3762,pos_pos
21.734945227,3155,3761,3761,pos_pos
21.736985814,3154,3761,3761,pos_pos
21.739069218,3154,3761,3761,pos_pos
21.741112361,3154,3761,3761,pos_pos
21.743029985,3154,3761,3761,pos_pos
21.745027092,3154,3761,3761,pos_pos
21.747027379,3154,3761,3761,pos_pos
21.748955461,3155,3761,3761,pos_pos
21.75091364,3155,3761,3761,pos_pos
21.752956161,3154,3762,3762,pos_pos
21.754940582,3155,3762,3762,pos_pos
21.756935826,3154,3762,3762,pos_pos
21.759015128,3155,3762,3762,pos_pos
21.760973206,3154,3763,3763,pos_pos
21.762923089,3155,3764,3764,pos_pos
21.764920878,3155,3764,3764,pos_pos
21.766869206,3154,3765,3765,pos_pos
21.768856363,3154,3766,3766,pos_pos
21.770872234,3154,3766,3766,pos_pos
21.772934495,3154,3768,3768,pos_pos
21.774859104,3155,3768,3768,pos_pos
21.776840586,3155,3769,3769,pos_pos
21.778787368,3155,3771,3771,pos_pos
21.780768388,3155,3771,3771,pos_pos
21.782854437,3155,3772,3772,pos_pos
21.784768178,3155,3774,3774,pos_pos
21.78675203,3155,3774,3774,pos_pos
21.78875903,3154,3775,3775,pos_pos
21.790806718,3154,3776,3776,pos_pos
21.792773176,3155,3777,3777,pos_pos
21.79478971,3154,3778,3778,pos_pos
21.796761416,3155,3779,3779,pos_pos
21.798763024,3155,3779,3779,pos_pos
21.800840516,3155,3779,3779,pos_pos
21.802768972,3155,3780,3780,pos_pos
21.804767065,3155,3781,3781,pos_pos
21.806790032,3156,3781,3781,pos_pos
21.808845078,3156,3782,3782,pos_pos
21.810827477,3156,3782,3782,pos_pos
21.81277119,3157,3783,3783,pos_pos
21.814815926,3157,3783,3783,pos_pos
21.816830642,3158,3783,3783,pos_pos
21.818813388,3158,3783,3783,pos_pos
21.820877522,3159,3783,3783,pos_pos
21.822841541,3159,3783,3783,pos_pos
21.824805419,3160,3783,3783,pos_pos
21.826794699,3161,3783,3783,pos_pos
21.828775762,3161,3783,3783,pos_pos
21.830755379,3162,3783,3783,pos_pos
21.832789076,3163,3782,3782,pos_pos
21.834826355,3164,3782,3782,pos_pos
21.836805305,3165,3782,3782,pos_pos
21.838839712,3166,3782,3782,pos_pos
21.840800711,3166,3782,3782,pos_pos
21.842740534,3167,3782,3782,pos_pos
21.844755619,3169,3782,3782,pos_pos
21.84676392,3170,3782,3782,pos_pos
21.848784098,3171,3782,3782,pos_pos
21.850759698,3172,3782,3782,pos_pos
21.852761584,3173,3782,3782,pos_pos
21.85501148,3173,3783,3783,pos_pos
21.856764411,3174,3782,3782,pos_pos
21.858729272,3175,3782,3782,pos_pos
21.860725849,3175,3782,3782,pos_pos
21.863019996,3176,3782,3782,pos_pos
21.864716741,3177,3782,3782,pos_pos
21.866694075,3177,3782,3782,pos_pos
21.868675307,3178,3782,3782,pos_pos
21.870761947,3178,3782,3782,pos_pos
21.872697751,3178,3783,3783,pos_pos
21.874709381,3179,3783,3783,pos_pos
21.876719116,3179,3783,3783,pos_pos
21.878726921,3179,3783,3783,pos_pos
21.880697011,3179,3783,3783,pos_pos
21.882626374,3179,3783,3783,pos_pos
21.884700805,3179,3783,3783,pos_pos
21.88667929,3179,3784,3784,pos_pos
21.88869451,3179,3784,3784,pos_pos
21.890751454,3179,3784,3784,pos_pos
21.892664404,3179,3784,3784,pos_pos
21.894687072,3179,3784,3784,pos_pos
21.896653401,3179,3784,3784,pos_pos
21.898715582,3179,3785,3785,pos_pos
21.90071673,3179,3785,3785,pos_pos
21.90274268,3179,3786,3786,pos_pos
21.904693674,3179,3786,3786,pos_pos
21.90663106,3179,3786,3786,pos_pos
21.908687468,3179,3787,3787,pos_pos
21.910674011,3179,3788,3788,pos_pos
21.912688894,3179,3788,3788,pos_pos
21.914634426,3179,3789,3789,pos_pos
21.91664412,3179,3790,3790,pos_pos
21.918663603,3179,3791,3791,pos_pos
21.920663267,3179,3792,3792,pos_pos
21.922689853,3179,3792,3792,pos_pos
21.924619609,3179,3793,3793,pos_pos
21.926614279,3179,3794,3794,pos_pos
21.928622878,3179,3795,3795,pos_pos
21.930621327,3179,3797,3797,pos_pos
21.932563191,3179,3798,3798,pos_pos
21.934628035,3179,3799,3799,pos_pos
21.936598612,3179,3800,3800,pos_pos
21.938579292,3179,3801,3801,pos_pos
21.940574975,3179,3802,3802,pos_pos
21.942596594,3179,3803,3803,pos_pos
21.944581395,3179,3804,3804,pos_pos
21.946588074,3179,3805,3805,pos_pos
21.948608326,3179,3806,3806,pos_pos
21.950579448,3179,3807,3807,pos_pos
21.952583105,3179,3808,3808,pos_pos
21.954572054,3179,3809,3809,pos_pos
21.956616904,3179,3809,3809,pos_pos
21.958533057,3180,3810,3810,pos_pos
21.960652919,3180,3810,3810,pos_pos
21.962564277,3180,3811,3811,pos_pos
21.964558546,3180,3811,3811,pos_pos
21.96663105,3181,3811,3811,pos_pos
21.968626352,3181,3811,3811,pos_pos
21.970558454,3182,3811,3811,pos_pos
21.972582256,3182,3811,3811,pos_pos
21.974510239,3182,3811,3811,pos_pos
21.976499022,3182,3811,3811,pos_pos
21.978464796,3182,3811,3811,pos_pos
21.980508599,3182,3811,3811,pos_pos
21.982544197,3183,3811,3811,pos_pos
21.98449442,3182,3811,3811,pos_pos
21.9864713,3183,3811,3811,pos_pos
21.988448128,3182,3811,3811,pos_pos
21.990459972,3182,3811,3811,pos_pos
21.99251086,3183,3811,3811,pos_pos
21.994546099,3183,3810,3810,pos_pos
21.996513065,3183,3810,3810,pos_pos
21.998533779,3182,3810,3810,pos_pos
22.000450704,3182,3810,3810,pos_pos
22.002442794,3182,3810,3810,pos_pos
22.004444717,3182,3810,3810,pos_pos
22.006460852,3182,3810,3810,pos_pos
22.008415718,3182,3810,3810,pos_pos
22.010496933,3182,3810,3810,pos_pos
22.012497683,3182,3810,3810,pos_pos
22.014418377,3182,3810,3810,pos_pos
22.016400962,3182,3811,3811,pos_pos
22.018329582,3182,3811,3811,pos_pos
22.020438385,3182,3811,3811,pos_pos
22.022399868,3182,3811,3811,pos_pos
22.024401274,3182,3812,3812,pos_pos
22.02646053,3182,3812,3812,pos_pos
22.028389902,3182,3812,3812,pos_pos
22.030428053,3182,3813,3813,pos_pos
22.032541538,3182,3813,3813,pos_pos
22.034468003,3182,3814,3814,pos_pos
22.03638525,3182,3814,3814,pos_pos
22.038402164,3182,3815,3815,pos_pos
22.040365605,3182,3816,3816,pos_pos
22.042389033,3182,3816,3816,pos_pos
22.044342053,3182,3817,3817,pos_pos
22.046363184,3182,3817,3817,pos_pos
22.048361862,3182,3817,3817,pos_pos
22.050310392,3182,3818,3818,pos_pos
22.052310009,3182,3818,3818,pos_pos
22.054296199,3182,3819,3819,pos_pos
22.056298012,3182,3819,3819,pos_pos
22.058297056,3182,3819,3819,pos_pos
22.060290589,3182,3820,3820,pos_pos
22.062286119,3182,3820,3820,pos_pos
22.064321252,3182,3820,3820,pos_pos
22.066333628,3182,3820,3820,pos_pos
22.068299275,3182,3820,3820,pos_pos
22.070268458,3182,3820,3820,pos_pos
22.072280931,3182,3820,3820,pos_pos
22.074275559,3182,3820,3820,pos_pos
22.076322883,3182,3820,3820,pos_pos
22.078275888,3182,3820,3820,pos_pos
22.080303749,3182,3820,3820,pos_pos
22.082277719,3182,3820,3820,pos_pos
22.08427729,3182,3820,3820,pos_pos
22.086373636,3182,3820,3820,pos_pos
22.088270022,3182,3820,3820,pos_pos
22.090240403,3182,3820,3820,pos_pos
22.092274759,3182,3820,3820,pos_pos
22.09429829,3182,3821,3821,pos_pos
22.096221376,3182,3821,3821,pos_pos
22.0982474,3182,3821,3821,pos_pos
22.100205197,3182,3821,3821,pos_pos
22.10222064,3183,3821,3821,pos_pos
22.104245566,3183,3821,3821,pos_pos
22.106272532,3184,3821,3821,pos_pos
22.108250121,3184,3821,3821,pos_pos
22.11023569,3184,3821,3821,pos_pos
22.112228959,3185,3821,3821,pos_pos
22.114243249,3185,3821,3821,pos_pos
22.116237419,3185,3821,3821,pos_pos
22.118222803,3186,3822,3822,pos_pos
22.120219192,3186,3822,3822,pos_pos
22.122203612,3186,3822,3822,pos_pos
22.124212941,3186,3823,3823,pos_pos
22.126208462,3186,3823,3823,pos_pos
22.128154725,3186,3824,3824,pos_pos
22.130167227,3186,3824,3824,pos_pos
22.132162361,3186,3825,3825,pos_pos
22.134186593,3186,3825,3825,pos_pos
22.136165447,3186,3826,3826,pos_pos
22.138135708,3186,3826,3826,pos_pos
22.140163339,3186,3827,3827,pos_pos
22.142137488,3186,3828,3828,pos_pos
22.144210569,3186,3828,3828,pos_pos
22.146197799,3186,3829,3829,pos_pos
22.148130672,3186,3829,3829,pos_pos
22.150154686,3186,3830,3830,pos_pos
22.152132061,3186,3830,3830,pos_pos
22.154178034,3186,3830,3830,pos_pos
22.156204997,3186,3831,3831,pos_pos
22.158189288,3186,3831,3831,pos_pos
22.160152442,3186,3831,3831,pos_pos
22.162160348,3186,3831,3831,pos_pos
22.164137289,3186,3832,3832,pos_pos
22.16618975,3186,3831,3831,pos_pos
22.168125529,3186,3831,3831,pos_pos
22.170134387,3186,3831,3831,pos_pos
22.172109823,3186,3831,3831,pos_pos
22.174043247,3186,3831,3831,pos_pos
22.176141489,3186,3831,3831,pos_pos
22.178063715,3186,3831,3831,pos_pos
22.180126086,3186,3831,3831,pos_pos
22.182125426,3186,3830,3830,pos_pos
22.184106448,3186,3830,3830,pos_pos
22.186036635,3186,3830,3830,pos_pos
22.188052983,3186,3830,3830,pos_pos
22.190032952,3186,3830,3830,pos_pos
22.192033364,3186,3830,3830,pos_pos
22.194083124,3186,3829,3829,pos_pos
22.196041438,3186,3829,3829,pos_pos
22.198037936,3186,3829,3829,pos_pos
22.200060636,3186,3829,3829,pos_pos
22.202053572,3186,3829,3829,pos_pos
22.204058177,3186,3829,3829,pos_pos
22.20609596,3186,3830,3830,pos_pos
22.208113446,3186,3830,3830,pos_pos
22.210093877,3186,3830,3830,pos_pos
22.212107823,3186,3830,3830,pos_pos
22.214061826,3186,3830,3830,pos_pos
22.216136087,3186,3830,3830,pos_pos
22.218025264,3186,3830,3830,pos_pos
22.220015917,3186,3830,3830,pos_pos
22.221989938,3186,3831,3831,pos_pos
22.223978568,3186,3831,3831,pos_pos
22.22599331,3186,3831,3831,pos_pos
22.227976696,3186,3831,3831,pos_pos
22.229996601,3186,3831,3831,pos_pos
22.232069896,3186,3831,3831,pos_pos
22.233996675,3186,3831,3831,pos_pos
22.235986296,3186,3831,3831,pos_pos
22.238027194,3186,3831,3831,pos_pos
22.239992298,3186,3831,3831,pos_pos
22.24196441,3186,3831,3831,pos_pos
22.24400928,3186,3831,3831,pos_pos
22.245979434,3186,3831,3831,pos_pos
22.247984171,3186,3831,3831,pos_pos
22.249987475,3186,3831,3831,pos_pos
22.251975542,3186,3831,3831,pos_pos
22.253986085,3186,3831,3831,pos_pos
22.255966886,3186,3831,3831,pos_pos
22.257995703,3186,3831,3831,pos_pos
22.259986099,3186,3831,3831,pos_pos
22.261930077,3186,3831,3831,pos_pos
22.263907123,3186,3831,3831,pos_pos
22.265905369,3186,3831,3831,pos_pos
22.267956135,3186,3831,3831,pos_pos
22.269984594,3186,3831,3831,pos_pos
22.271916145,3186,3831,3831,pos_pos
22.273971367,3186,3831,3831,pos_pos
22.275957914,3186,3831,3831,pos_pos
22.277991084,3186,3831,3831,pos_pos
22.279991059,3186,3831,3831,pos_pos
22.28200009,3186,3831,3831,pos_pos
22.283933894,3186,3831,3831,pos_pos
22.285957987,3186,3831,3831,pos_pos
22.287926492,3186,3831,3831,pos_pos
22.289928198,3186,3830,3830,pos_pos
22.291948484,3186,3830,3830,pos_pos
22.293945632,3186,3830,3830,pos_pos
22.296022228,3186,3829,3829,pos_pos
22.297958079,3187,3829,3829,pos_pos
22.299934798,3187,3829,3829,pos_pos
22.30195659,3187,3829,3829,pos_pos
22.30395121,3188,3829,3829,pos_pos
22.305943183,3188,3829,3829,pos_pos
22.307900945,3189,3828,3828,pos_pos
22.30996307,3189,3828,3828,pos_pos
22.312009421,3189,3828,3828,pos_pos
22.313957175,3190,3827,3827,pos_pos
22.315962397,3190,3827,3827,pos_pos
22.317985586,3191,3826,3826,pos_pos
22.320033614,3191,3826,3826,pos_pos
22.321902652,3191,3826,3826,pos_pos
22.323901914,3192,3825,3825,pos_pos
22.325982281,3192,3825,3825,pos_pos
22.327864189,3193,3825,3825,pos_pos
22.329973496,3193,3824,3824,pos_pos
22.331864882,3194,3824,3824,pos_pos
22.334030063,3195,3823,3823,pos_pos
22.335957517,3195,3823,3823,pos_pos
22.338095539,3195,3822,3822,pos_pos
22.339908978,3195,3822,3822,pos_pos
22.34209005,3196,3822,3822,pos_pos
22.343841294,3196,3822,3822,pos_pos
22.346060993,3196,3822,3822,pos_pos
22.347819776,3196,3822,3822,pos_pos
22.349934627,3196,3821,3821,pos_pos
22.351787697,3196,3821,3821,pos_pos
22.353783132,3197,3821,3821,pos_pos
22.355956112,3197,3821,3821,pos_pos
22.358024276,3197,3821,3821,pos_pos
22.359860283,3197,3821,3821,pos_pos
22.361956514,3197,3820,3820,pos_pos
22.363814749,3197,3820,3820,pos_pos
22.365803526,3197,3820,3820,pos_pos
22.367797708,3197,3820,3820,pos_pos
22.369854883,3197,3819,3819,pos_pos
22.371847224,3197,3818,3818,pos_pos
22.373887171,3197,3818,3818,pos_pos
22.375836943,3197,3817,3817,pos_pos
22.377880302,3197,3816,3816,pos_pos
22.379890656,3197,3816,3816,pos_pos
22.38182103,3197,3815,3815,pos_pos
22.383816389,3197,3814,3814,pos_pos
22.38579849,3197,3813,3813,pos_pos
22.38776612,3197,3813,3813,pos_pos
22.389768446,3197,3812,3812,pos_pos
22.391776859,3197,3811,3811,pos_pos
22.393789632,3197,3811,3811,pos_pos
22.39579313,3197,3809,3809,pos_pos
22.39777409,3197,3808,3808,pos_pos
22.399794029,3196,3807,3807,pos_pos
22.401778093,3196,3807,3807,pos_pos
22.40379524,3196,3806,3806,pos_pos
22.405735942,3196,3805,3805,pos_pos
22.407760499,3196,3804,3804,pos_pos
22.409729894,3196,3803,3803,pos_pos
22.411732719,3195,3802,3802,pos_pos
22.413757012,3195,3801,3801,pos_pos
22.415703517,3195,3800,3800,pos_pos
22.41774041,3195,3800,3800,pos_pos
22.419740075,3195,3799,3799,pos_pos
22.421707614,3195,3799,3799,pos_pos
22.423710375,3195,3798,3798,pos_pos
22.425715766,3195,3798,3798,pos_pos
22.427717214,3195,3797,3797,pos_pos
22.429765448,3195,3797,3797,pos_pos
22.431685931,3194,3796,3796,pos_pos
22.433701482,3195,3796,3796,pos_pos
22.435628515,3195,3795,3795,pos_pos
22.437662123,3194,3794,3794,pos_pos
22.439656303,3194,3793,3793,pos_pos
22.441782288,3194,3792,3792,pos_pos
22.443723012,3194,3791,3791,pos_pos
22.445707731,3194,3791,3791,pos_pos
22.447654426,3194,3789,3789,pos_pos
22.449683373,3194,3788,3788,pos_pos
22.451653134,3194,3787,3787,pos_pos
22.453662235,3194,3785,3785,pos_pos
22.455668712,3194,3784,3784,pos_pos
22.457660277,3194,3783,3783,pos_pos
22.459637845,3194,3781,3781,pos_pos
22.461674541,3194,3780,3780,pos_pos
22.463672507,3194,3779,3779,pos_pos
22.465668276,3194,3778,3778,pos_pos
22.467668631,3194,3777,3777,pos_pos
22.469638822,3194,3776,3776,pos_pos
22.471610106,3194,3775,3775,pos_pos
22.473694432,3194,3775,3775,pos_pos
22.475636308,3194,3774,3774,pos_pos
22.477655245,3194,3774,3774,pos_pos
22.479660521,3194,3773,3773,pos_pos
22.481639108,3194,3773,3773,pos_pos
22.483622981,3194,3773,3773,pos_pos
22.485672237,3194,3773,3773,pos_pos
22.487651349,3194,3773,3773,pos_pos
22.489649067,3194,3773,3773,pos_pos
22.491683925,3194,3773,3773,pos_pos
22.493702879,3194,3773,3773,pos_pos
22.495570696,3194,3773,3773,pos_pos
22.497662461,3194,3772,3772,pos_pos
22.499576397,3194,3772,3772,pos_pos
22.501621331,3194,3772,3772,pos_pos
22.503595385,3194,3772,3772,pos_pos
22.505622906,3194,3771,3771,pos_pos
22.507587391,3194,3771,3771,pos_pos
22.509559745,3194,3771,3771,pos_pos
22.511535433,3194,3771,3771,pos_pos
22.513523463,3194,3770,3770,pos_pos
22.515446634,3194,3770,3770,pos_pos
22.519930847,3194,3770,3770,pos_pos
22.519964678,3194,3769,3769,pos_pos
22.521529846,3194,3768,3768,pos_pos
22.523461993,3194,3768,3768,pos_pos
22.525455852,3194,3768,3768,pos_pos
22.527448228,3194,3767,3767,pos_pos
22.529414881,3194,3767,3767,pos_pos
22.531489225,3194,3766,3766,pos_pos
22.533440916,3194,3766,3766,pos_pos
22.535525549,3194,3765,3765,pos_pos
22.537455029,3194,3765,3765,pos_pos
22.539478324,3194,3764,3764,pos_pos
22.541476347,3194,3764,3764,pos_pos
22.543484334,3194,3763,3763,pos_pos
22.54545321,3194,3762,3762,pos_pos
22.547501145,3194,3762,3762,pos_pos
22.549440609,3194,3761,3761,pos_pos
22.551494655,3194,3760,3760,pos_pos
22.553449858,3194,3759,3759,pos_pos
22.55544636,3194,3759,3759,pos_pos
22.557446972,3194,3758,3758,pos_pos
22.559484376,3193,3758,3758,pos_pos
22.561485447,3193,3757,3757,pos_pos
22.563434758,3193,3756,3756,pos_pos
22.56538388,3193,3756,3756,pos_pos
22.56740157,3193,3755,3755,pos_pos
22.569372452,3193,3754,3754,pos_pos
22.571372538,3192,3754,3754,pos_pos
22.573374761,3191,3752,3752,pos_pos
22.575425757,3191,3752,3752,pos_pos
22.577392153,3191,3751,3751,pos_pos
22.579426474,3190,3750,3750,pos_pos
22.581426746,3190,3749,3749,pos_pos
22.583450461,3189,3748,3748,pos_pos
22.585393523,3189,3747,3747,pos_pos
22.587395511,3188,3746,3746,pos_pos
22.589396828,3188,3745,3745,pos_pos
22.591391063,3187,3744,3744,pos_pos
22.593371714,3186,3744,3744,pos_pos
22.595341282,3186,3743,3743,pos_pos
22.59736071,3185,3742,3742,pos_pos
22.599294706,3184,3742,3742,pos_pos
22.601354525,3183,3741,3741,pos_pos
22.603361448,3181,3740,3740,pos_pos
22.60537736,3180,3739,3739,pos_pos
22.607362838,3179,3739,3739,pos_pos
22.60935628,3178,3738,3738,pos_pos
22.611383341,3177,3737,3737,pos_pos
22.613359477,3175,3737,3737,pos_pos
22.615345873,3174,3737,3737,pos_pos
22.617373274,3173,3736,3736,pos_pos
22.619347268,3172,3735,3735,pos_pos
22.621351786,3171,3734,3734,pos_pos
22.623330897,3170,3734,3734,pos_pos
22.625305849,3169,3733,3733,pos_pos
22.627308629,3167,3732,3732,pos_pos
22.629356728,3167,3731,3731,pos_pos
22.631332087,3166,3731,3731,pos_pos
22.633267566,3165,3730,3730,pos_pos
22.635286116,3164,3729,3729,pos_pos
22.637267755,3164,3728,3728,pos_pos
22.639291614,3163,3728,3728,pos_pos
22.641330973,3162,3727,3727,pos_pos
22.643330526,3162,3726,3726,pos_pos
22.645299555,3162,3726,3726,pos_pos
22.647335721,3161,3725,3725,pos_pos
22.649295727,3161,3724,3724,pos_pos
22.651352831,3161,3723,3723,pos_pos
22.653349145,3161,3722,3722,pos_pos
22.655303929,3160,3722,3722,pos_pos
22.657230486,3160,3721,3721,pos_pos
22.659230207,3160,3720,3720,pos_pos
22.66123423,3160,3719,3719,pos_pos
22.66326963,3160,3718,3718,pos_pos
22.665235132,3160,3717,3717,pos_pos
22.667275623,3160,3716,3716,pos_pos
22.669184795,3160,3715,3715,pos_pos
22.67131304,3160,3714,3714,pos_pos
22.673241321,3160,3713,3713,pos_pos
22.675318,3160,3712,3712,pos_pos
22.677216954,3160,3711,3711,pos_pos
22.679291242,3160,3710,3710,pos_pos
22.681345945,3160,3709,3709,pos_pos
22.683264553,3160,3708,3708,pos_pos
22.685244422,3160,3707,3707,pos_pos
22.687211547,3160,3706,3706,pos_pos
22.689209063,3160,3705,3705,pos_pos
22.691192676,3159,3704,3704,pos_pos
22.693247128,3159,3703,3703,pos_pos
22.695206946,3159,3702,3702,pos_pos
22.697307238,3159,3701,3701,pos_pos
22.699199713,3159,3700,3700,pos_pos
22.701147426,3158,3699,3699,pos_pos
22.703137788,3158,3698,3698,pos_pos
22.705223951,3158,3697,3697,pos_pos
22.707128486,3158,3696,3696,pos_pos
22.709134214,3157,3695,3695,pos_pos
22.711163644,3157,3694,3694,pos_pos
22.713169675,3156,3693,3693,pos_pos
22.71522529,3155,3692,3692,pos_pos
22.717240401,3155,3692,3692,pos_pos
22.719213762,3154,3691,3691,pos_pos
22.721200291,3153,3689,3689,pos_pos
22.723132295,3153,3689,3689,pos_pos
22.725130896,3152,3688,3688,pos_pos
22.727157934,3151,3687,3687,pos_pos
22.729197368,3150,3687,3687,pos_pos
22.731102953,3149,3686,3686,pos_pos
22.733177584,3148,3685,3685,pos_pos
22.735199414,3146,3684,3684,pos_pos
22.737166683,3145,3684,3684,pos_pos
22.739139612,3144,3683,3683,pos_pos
22.741163256,3143,3682,3682,pos_pos
22.743113911,3141,3681,3681,pos_pos
22.745104405,3140,3681,3681,pos_pos
22.747118179,3138,3680,3680,pos_pos
22.74916848,3137,3679,3679,pos_pos
22.75112076,3136,3678,3678,pos_pos
22.753077989,3134,3677,3677,pos_pos
22.755135931,3132,3676,3676,pos_pos
22.757082074,3131,3675,3675,pos_pos
22.759066552,3130,3674,3674,pos_pos
22.761084295,3129,3674,3674,pos_pos
22.763037964,3127,3672,3672,pos_pos
22.765108746,3126,3672,3672,pos_pos
22.767046378,3124,3671,3671,pos_pos
22.769084071,3123,3670,3670,pos_pos
22.771061815,3122,3669,3669,pos_pos
22.773035661,3121,3668,3668,pos_pos
22.775011409,3119,3667,3667,pos_pos
22.777120302,3118,3666,3666,pos_pos
22.779050857,3117,3666,3666,pos_pos
22.780950529,3116,3665,3665,pos_pos
22.783014438,3115,3664,3664,pos_pos
22.784942648,3114,3663,3663,pos_pos
22.786928625,3114,3662,3662,pos_pos
22.788998236,3113,3661,3661,pos_pos
22.790987236,3112,3660,3660,pos_pos
22.79292835,3111,3660,3660,pos_pos
22.794952565,3111,3659,3659,pos_pos
22.796946238,3110,3658,3658,pos_pos
22.799016239,3110,3657,3657,pos_pos
22.800966398,3110,3656,3656,pos_pos
22.802968029,3109,3655,3655,pos_pos
22.805123938,3109,3654,3654,pos_pos
22.806955564,3109,3653,3653,pos_pos
22.808957815,3109,3652,3652,pos_pos
22.810998091,3108,3651,3651,pos_pos
22.813006745,3108,3650,3650,pos_pos
22.815018696,3108,3649,3649,pos_pos
22.816995421,3107,3647,3647,pos_pos
22.819010859,3107,3646,3646,pos_pos
22.820960386,3107,3645,3645,pos_pos
22.822947642,3107,3644,3644,pos_pos
22.824923155,3107,3643,3643,pos_pos
22.826977322,3107,3642,3642,pos_pos
22.828948846,3107,3641,3641,pos_pos
22.830949219,3106,3640,3640,pos_pos
22.83297231,3106,3638,3638,pos_pos
22.834964708,3106,3637,3637,pos_pos
22.8369627,3106,3636,3636,pos_pos
22.83900504,3106,3636,3636,pos_pos
22.840960351,3106,3635,3635,pos_pos
22.842992283,3106,3634,3634,pos_pos
22.844960106,3105,3634,3634,pos_pos
22.846909473,3105,3633,3633,pos_pos
22.848907597,3105,3632,3632,pos_pos
22.850918796,3103,3632,3632,pos_pos
22.852859985,3103,3632,3632,pos_pos
22.854907781,3102,3632,3632,pos_pos
22.856889239,3102,3632,3632,pos_pos
22.858927989,3101,3632,3632,pos_pos
22.8608901,3101,3632,3632,pos_pos
22.862910094,3100,3632,3632,pos_pos
22.864869119,3100,3632,3632,pos_pos
22.866922151,3100,3632,3632,pos_pos
22.868873188,3099,3632,3632,pos_pos
22.870921836,3099,3632,3632,pos_pos
22.872890689,3098,3632,3632,pos_pos
22.874992326,3098,3632,3632,pos_pos
22.876915072,3098,3632,3632,pos_pos
22.87903042,3097,3632,3632,pos_pos
22.880904691,3097,3632,3632,pos_pos
22.88282047,3097,3633,3633,pos_pos
22.884799323,3097,3633,3633,pos_pos
22.886783086,3097,3633,3633,pos_pos
22.888816338,3097,3633,3633,pos_pos
22.890817344,3096,3633,3633,pos_pos
22.892809655,3096,3633,3633,pos_pos
22.894795638,3096,3633,3633,pos_pos
22.89682644,3096,3632,3632,pos_pos
22.898897776,3095,3632,3632,pos_pos
22.900775054,3095,3632,3632,pos_pos
22.902899732,3095,3632,3632,pos_pos
22.904830747,3094,3631,3631,pos_pos
22.906980532,3094,3631,3631,pos_pos
22.908821223,3093,3631,3631,pos_pos
22.910849156,3092,3630,3630,pos_pos
22.912735874,3092,3630,3630,pos_pos
22.914911868,3091,3630,3630,pos_pos
22.916793313,3091,3630,3630,pos_pos
22.918819476,3090,3629,3629,pos_pos
22.920766602,3089,3629,3629,pos_pos
22.92279272,3089,3628,3628,pos_pos
22.924766789,3088,3628,3628,pos_pos
22.926766776,3087,3628,3628,pos_pos
22.928817456,3087,3627,3627,pos_pos
22.930764139,3086,3627,3627,pos_pos
22.932814337,3086,3627,3627,pos_pos
22.934802411,3085,3627,3627,pos_pos
22.936765665,3084,3627,3627,pos_pos
22.938773393,3084,3627,3627,pos_pos
22.940766012,3083,3627,3627,pos_pos
22.942797405,3082,3627,3627,pos_pos
22.944805691,3081,3627,3627,pos_pos
22.946743864,3081,3628,3628,pos_pos
22.948759025,3080,3628,3628,pos_pos
22.950736751,3080,3628,3628,pos_pos
22.952768874,3080,3629,3629,pos_pos
22.954846293,3079,3629,3629,pos_pos
22.956716299,3079,3630,3630,pos_pos
22.958680765,3078,3630,3630,pos_pos
22.960675905,3078,3630,3630,pos_pos
22.962694317,3078,3630,3630,pos_pos
22.96467681,3078,3631,3631,pos_pos
22.966725321,3078,3631,3631,pos_pos
22.968691006,3078,3631,3631,pos_pos
22.970668077,3078,3632,3632,pos_pos
22.972685149,3078,3632,3632,pos_pos
22.974659125,3078,3632,3632,pos_pos
22.976683814,3078,3633,3633,pos_pos
22.978684536,3078,3634,3634,pos_pos
22.980669643,3078,3634,3634,pos_pos
22.982627804,3078,3635,3635,pos_pos
22.984656574,3078,3635,3635,pos_pos
22.986627616,3078,3636,3636,pos_pos
22.988680737,3078,3636,3636,pos_pos
22.990649883,3078,3637,3637,pos_pos
22.992634693,3078,3637,3637,pos_pos
22.994680766,3078,3638,3638,pos_pos
22.996677795,3078,3638,3638,pos_pos
22.99863748,3079,3639,3639,pos_pos
23.000680529,3079,3640,3640,pos_pos
23.002607432,3079,3641,3641,pos_pos
23.004619481,3080,3641,3641,pos_pos
23.006617244,3080,3642,3642,pos_pos
23.008603544,3080,3643,3643,pos_pos
23.010594334,3081,3643,3643,pos_pos
23.012605289,3082,3644,3644,pos_pos
23.014630725,3082,3645,3645,pos_pos
23.016561874,3083,3645,3645,pos_pos
23.0185601,3084,3646,3646,pos_pos
23.020555572,3085,3647,3647,pos_pos
23.022568237,3086,3647,3647,pos_pos
23.02456895,3087,3648,3648,pos_pos
23.026534646,3088,3649,3649,pos_pos
23.028624062,3089,3650,3650,pos_pos
23.0305844,3090,3650,3650,pos_pos
23.032571806,3092,3652,3652,pos_pos
23.034514024,3093,3653,3653,pos_pos
23.036548662,3095,3653,3653,pos_pos
23.038536023,3096,3654,3654,pos_pos
23.040537361,3097,3655,3655,pos_pos
23.042529588,3099,3656,3656,pos_pos
23.044545395,3100,3657,3657,pos_pos
23.046530513,3101,3658,3658,pos_pos
23.048570131,3102,3658,3658,pos_pos
23.050575169,3105,3659,3659,pos_pos
23.052511962,3106,3660,3660,pos_pos
23.054494712,3107,3661,3661,pos_pos
23.056495598,3108,3662,3662,pos_pos
23.058499949,3109,3662,3662,pos_pos
23.060473208,3110,3663,3663,pos_pos
23.062452742,3110,3664,3664,pos_pos
23.064440234,3111,3665,3665,pos_pos
23.066431491,3112,3666,3666,pos_pos
23.068497626,3112,3666,3666,pos_pos
23.070479715,3113,3667,3667,pos_pos
23.072492325,3114,3668,3668,pos_pos
23.07441928,3114,3669,3669,pos_pos
23.076461245,3114,3670,3670,pos_pos
23.078415666,3115,3671,3671,pos_pos
23.080426513,3115,3672,3672,pos_pos
23.082420638,3115,3672,3672,pos_pos
23.084401315,3115,3673,3673,pos_pos
23.086393032,3116,3674,3674,pos_pos
23.088411469,3116,3675,3675,pos_pos
23.090387511,3116,3676,3676,pos_pos
23.09240863,3116,3677,3677,pos_pos
23.094384956,3116,3678,3678,pos_pos
23.096400526,3116,3679,3679,pos_pos
23.098395197,3116,3680,3680,pos_pos
23.100375102,3116,3680,3680,pos_pos
23.102425082,3116,3681,3681,pos_pos
23.104365161,3116,3682,3682,pos_pos
23.106326171,3116,3683,3683,pos_pos
23.108370914,3116,3685,3685,pos_pos
23.110322525,3116,3685,3685,pos_pos
23.112373753,3116,3686,3686,pos_pos
23.114328548,3116,3687,3687,pos_pos
23.1163634,3116,3688,3688,pos_pos
23.118335498,3116,3689,3689,pos_pos
23.120326933,3116,3690,3690,pos_pos
23.122313328,3116,3691,3691,pos_pos
23.124315758,3116,3692,3692,pos_pos
23.126315764,3117,3693,3693,pos_pos
23.128329714,3117,3694,3694,pos_pos
23.130324445,3118,3694,3694,pos_pos
23.132327831,3118,3695,3695,pos_pos
23.134324206,3119,3696,3696,pos_pos
23.136319025,3120,3697,3697,pos_pos
23.138315995,3121,3698,3698,pos_pos
23.140298273,3123,3699,3699,pos_pos
23.142315468,3123,3700,3700,pos_pos
23.144345032,3124,3701,3701,pos_pos
23.146327844,3126,3702,3702,pos_pos
23.148308849,3127,3703,3703,pos_pos
23.150341309,3129,3704,3704,pos_pos
23.152375519,3130,3704,3704,pos_pos
23.154348501,3131,3706,3706,pos_pos
23.156347302,3133,3707,3707,pos_pos
23.158331305,3134,3707,3707,pos_pos
23.160301935,3136,3708,3708,pos_pos
23.16232204,3137,3709,3709,pos_pos
23.164324647,3138,3710,3710,pos_pos
23.166307464,3140,3711,3711,pos_pos
23.168296987,3141,3713,3713,pos_pos
23.170299398,3141,3714,3714,pos_pos
23.172277519,3142,3715,3715,pos_pos
23.174301208,3143,3715,3715,pos_pos
23.176284248,3143,3716,3716,pos_pos
23.17834757,3143,3717,3717,pos_pos
23.180277276,3144,3718,3718,pos_pos
23.182284194,3144,3719,3719,pos_pos
23.184248216,3144,3720,3720,pos_pos
23.186275685,3144,3721,3721,pos_pos
23.188270163,3144,3722,3722,pos_pos
23.19030376,3144,3723,3723,pos_pos
23.192253471,3144,3724,3724,pos_pos
23.194255563,3144,3725,3725,pos_pos
23.196251559,3144,3726,3726,pos_pos
23.19823655,3145,3727,3727,pos_pos
23.200233824,3145,3728,3728,pos_pos
23.202202902,3145,3728,3728,pos_pos
23.204208169,3145,3729,3729,pos_pos
23.206232897,3145,3730,3730,pos_pos
23.208257538,3145,3731,3731,pos_pos
23.210217143,3145,3732,3732,pos_pos
23.212167847,3146,3734,3734,pos_pos
23.214243296,3146,3734,3734,pos_pos
23.216212638,3146,3735,3735,pos_pos
23.218231173,3146,3736,3736,pos_pos
23.220208745,3147,3737,3737,pos_pos
23.222210235,3147,3738,3738,pos_pos
23.224209565,3147,3739,3739,pos_pos
23.22618203,3147,3740,3740,pos_pos
23.228156677,3147,3741,3741,pos_pos
23.230167975,3147,3742,3742,pos_pos
23.232172372,3147,3743,3743,pos_pos
23.234145278,3147,3744,3744,pos_pos
23.236230049,3147,3745,3745,pos_pos
23.238124566,3147,3746,3746,pos_pos
23.240277902,3147,3747,3747,pos_pos
23.242170153,3147,3748,3748,pos_pos
23.244168888,3147,3749,3749,pos_pos
23.246127803,3148,3750,3750,pos_pos
23.248131707,3147,3750,3750,pos_pos
23.250147408,3148,3752,3752,pos_pos
23.252072169,3148,3753,3753,pos_pos
23.254099,3148,3754,3754,pos_pos
23.256105218,3148,3755,3755,pos_pos
23.258174788,3148,3756,3756,pos_pos
23.260158188,3148,3757,3757,pos_pos
23.26213121,3148,3758,3758,pos_pos
23.264089851,3149,3759,3759,pos_pos
23.266143497,3149,3760,3760,pos_pos
23.26809848,3149,3761,3761,pos_pos
23.270091806,3149,3762,3762,pos_pos
23.272150811,3149,3763,3763,pos_pos
23.274097101,3149,3764,3764,pos_pos
23.276161855,3149,3765,3765,pos_pos
23.278217886,3150,3766,3766,pos_pos
23.28027238,3149,3767,3767,pos_pos
23.282253257,3149,3768,3768,pos_pos
23.284186458,3150,3769,3769,pos_pos
23.286196276,3149,3770,3770,pos_pos
23.288181004,3149,3771,3771,pos_pos
23.290116616,3149,3772,3772,pos_pos
23.292085742,3150,3773,3773,pos_pos
23.294055523,3149,3774,3774,pos_pos
23.296005237,3150,3774,3774,pos_pos
23.297998106,3149,3775,3775,pos_pos
23.300076444,3149,3776,3776,pos_pos
23.302061122,3149,3777,3777,pos_pos
23.304065223,3149,3778,3778,pos_pos
23.306017704,3149,3779,3779,pos_pos
23.307986746,3149,3779,3779,pos_pos
23.310028241,3149,3780,3780,pos_pos
23.312024132,3149,3781,3781,pos_pos
23.314027476,3149,3782,3782,pos_pos
23.315981771,3149,3783,3783,pos_pos
23.317991973,3149,3784,3784,pos_pos
23.319997322,3149,3785,3785,pos_pos
23.32197369,3149,3786,3786,pos_pos
23.324002293,3149,3787,3787,pos_pos
23.325996082,3149,3788,3788,pos_pos
23.328063089,3149,3789,3789,pos_pos
23.33002137,3149,3790,3790,pos_pos
23.331963837,3149,3791,3791,pos_pos
23.334032148,3149,3791,3791,pos_pos
23.336019085,3149,3792,3792,pos_pos
23.337988003,3149,3793,3793,pos_pos
23.340001169,3149,3794,3794,pos_pos
23.342017888,3149,3795,3795,pos_pos
23.343982163,3149,3795,3795,pos_pos
23.346058241,3149,3796,3796,pos_pos
23.34794357,3149,3797,3797,pos_pos
23.350015725,3149,3797,3797,pos_pos
23.352031258,3149,3798,3798,pos_pos
23.354043762,3149,3799,3799,pos_pos
23.355996492,3149,3799,3799,pos_pos
23.357953075,3149,3799,3799,pos_pos
23.359983338,3149,3800,3800,pos_pos
23.362030554,3149,3801,3801,pos_pos
23.363919517,3149,3801,3801,pos_pos
23.366014374,3149,3802,3802,pos_pos
23.367936651,3149,3802,3802,pos_pos
23.369937554,3149,3803,3803,pos_pos
23.371890511,3149,3803,3803,pos_pos
23.373953378,3149,3804,3804,pos_pos
23.375926105,3149,3804,3804,pos_pos
23.377984274,3149,3805,3805,pos_pos
23.379987633,3149,3805,3805,pos_pos
23.381984516,3149,3805,3805,pos_pos
23.383908643,3149,3805,3805,pos_pos
23.385880229,3149,3805,3805,pos_pos
23.387819878,3149,3805,3805,pos_pos
23.389885637,3149,3805,3805,pos_pos
23.39191963,3149,3805,3805,pos_pos
23.393866888,3149,3805,3805,pos_pos
23.395872045,3149,3805,3805,pos_pos
23.397863697,3149,3805,3805,pos_pos
23.399839879,3149,3805,3805,pos_pos
23.401861569,3149,3805,3805,pos_pos
23.403873678,3149,3805,3805,pos_pos
23.405874183,3149,3805,3805,pos_pos
23.40783862,3149,3805,3805,pos_pos
23.409835908,3149,3805,3805,pos_pos
23.411878041,3149,3805,3805,pos_pos
23.413828444,3149,3805,3805,pos_pos
23.416028717,3149,3805,3805,pos_pos
23.417987026,3149,3805,3805,pos_pos
23.420026511,3149,3805,3805,pos_pos
23.422002572,3149,3805,3805,pos_pos
23.423930081,3149,3805,3805,pos_pos
23.426019683,3149,3806,3806,pos_pos
23.427853827,3149,3806,3806,pos_pos
23.429895466,3149,3806,3806,pos_pos
23.431800287,3149,3806,3806,pos_pos
23.433837699,3149,3806,3806,pos_pos
23.435807912,3149,3807,3807,pos_pos
23.437814724,3149,3807,3807,pos_pos
23.439810062,3149,3808,3808,pos_pos
23.441804659,3149,3809,3809,pos_pos
23.44382078,3149,3809,3809,pos_pos
23.445812493,3149,3810,3810,pos_pos
23.447885985,3149,3811,3811,pos_pos
23.449821437,3149,3812,3812,pos_pos
23.451813645,3149,3813,3813,pos_pos
23.453784455,3149,3813,3813,pos_pos
23.455778647,3149,3814,3814,pos_pos
23.457836239,3149,3815,3815,pos_pos
23.459847794,3149,3816,3816,pos_pos
23.461745566,3149,3817,3817,pos_pos
23.463757822,3149,3818,3818,pos_pos
23.465756104,3149,3819,3819,pos_pos
23.467715812,3149,3820,3820,pos_pos
23.469766296,3149,3821,3821,pos_pos
23.471839286,3149,3822,3822,pos_pos
23.473753805,3149,3823,3823,pos_pos
23.475778276,3149,3824,3824,pos_pos
23.477723244,3149,3825,3825,pos_pos
23.479838228,3149,3826,3826,pos_pos
23.481728925,3149,3827,3827,pos_pos
23.483719138,3149,3827,3827,pos_pos
23.485744926,3149,3828,3828,pos_pos
23.487724537,3149,3829,3829,pos_pos
23.489740829,3149,3829,3829,pos_pos
23.491733856,3149,3830,3830,pos_pos
23.493709224,3149,3830,3830,pos_pos
23.495712209,3149,3831,3831,pos_pos
23.49772623,3149,3831,3831,pos_pos
23.499711384,3149,3832,3832,pos_pos
23.501748726,3149,3832,3832,pos_pos
23.503708813,3149,3833,3833,pos_pos
23.505699133,3149,3833,3833,pos_pos
23.507756345,3149,3833,3833,pos_pos
23.50970222,3149,3834,3834,pos_pos
23.511674582,3149,3834,3834,pos_pos
23.513668458,3149,3835,3835,pos_pos
23.515673727,3149,3835,3835,pos_pos
23.5177884,3149,3835,3835,pos_pos
23.519779068,3149,3835,3835,pos_pos
23.521790424,3149,3836,3836,pos_pos
23.523760291,3149,3836,3836,pos_pos
23.525984498,3149,3837,3837,pos_pos
23.52781292,3149,3837,3837,pos_pos
23.530091488,3149,3837,3837,pos_pos
23.531829161,3149,3837,3837,pos_pos
23.533772334,3149,3837,3837,pos_pos
23.535732864,3149,3838,3838,pos_pos
23.537642378,3149,3838,3838,pos_pos
23.539641967,3149,3837,3837,pos_pos
23.541631183,3149,3837,3837,pos_pos
23.543641171,3149,3837,3837,pos_pos
23.545628028,3149,3837,3837,pos_pos
23.547616733,3149,3837,3837,pos_pos
23.549674757,3149,3837,3837,pos_pos
23.551655822,3149,3837,3837,pos_pos
23.55365986,3149,3837,3837,pos_pos
23.555646318,3149,3837,3837,pos_pos
23.557645702,3149,3838,3838,pos_pos
23.559636774,3149,3838,3838,pos_pos
23.561618447,3149,3838,3838,pos_pos
23.563546548,3149,3839,3839,pos_pos
23.565541132,3149,3839,3839,pos_pos
23.567607496,3149,3840,3840,pos_pos
23.569554824,3149,3840,3840,pos_pos
23.57159601,3149,3841,3841,pos_pos
23.573563505,3149,3841,3841,pos_pos
23.575546729,3149,3842,3842,pos_pos
23.577483912,3149,3842,3842,pos_pos
23.579560378,3149,3843,3843,pos_pos
23.58229042,3149,3844,3844,pos_pos
23.584546035,3149,3845,3845,pos_pos
23.586463635,3149,3846,3846,pos_pos
23.588489114,3149,3846,3846,pos_pos
23.590426026,3149,3847,3847,pos_pos
23.592484801,3149,3848,3848,pos_pos
23.59450511,3149,3849,3849,pos_pos
23.596462074,3149,3849,3849,pos_pos
23.598482589,3149,3850,3850,pos_pos
23.600498135,3149,3851,3851,pos_pos
23.602496427,3149,3852,3852,pos_pos
23.604552595,3149,3853,3853,pos_pos
23.606489138,3149,3854,3854,pos_pos
23.608496978,3149,3855,3855,pos_pos
23.610527808,3149,3855,3855,pos_pos
23.61247809,3149,3856,3856,pos_pos
23.614541708,3149,3857,3857,pos_pos
23.616553353,3149,3857,3857,pos_pos
23.618477583,3149,3858,3858,pos_pos
23.620475328,3149,3858,3858,pos_pos
23.622442642,3149,3859,3859,pos_pos
23.624451955,3149,3860,3860,pos_pos
23.626463084,3149,3860,3860,pos_pos
23.628471343,3149,3860,3860,pos_pos
23.630449549,3149,3860,3860,pos_pos
23.632502441,3149,3860,3860,pos_pos
23.634506894,3149,3860,3860,pos_pos
23.636517449,3149,3860,3860,pos_pos
23.638533231,3149,3860,3860,pos_pos
23.640454805,3149,3860,3860,pos_pos
23.642443669,3149,3860,3860,pos_pos
23.644427047,3149,3860,3860,pos_pos
23.646395258,3149,3860,3860,pos_pos
23.648425866,3149,3860,3860,pos_pos
23.650488656,3149,3859,3859,pos_pos
23.652388922,3149,3859,3859,pos_pos
23.654418838,3149,3859,3859,pos_pos
23.656405703,3149,3859,3859,pos_pos
23.658538711,3149,3858,3858,pos_pos
23.660505911,3149,3858,3858,pos_pos
23.66249911,3149,3858,3858,pos_pos
23.664404322,3149,3858,3858,pos_pos
23.666461434,3149,3858,3858,pos_pos
23.668361879,3149,3857,3857,pos_pos
23.670390168,3149,3857,3857,pos_pos
23.672356108,3149,3857,3857,pos_pos
23.674370432,3149,3857,3857,pos_pos
23.676356038,3149,3857,3857,pos_pos
23.678353749,3149,3857,3857,pos_pos
23.680351699,3149,3857,3857,pos_pos
23.68236091,3149,3857,3857,pos_pos
23.684367362,3149,3857,3857,pos_pos
23.686324829,3149,3857,3857,pos_pos
23.68830597,3149,3857,3857,pos_pos
23.690294226,3149,3857,3857,pos_pos
23.692275592,3149,3858,3858,pos_pos
23.694281781,3149,3858,3858,pos_pos
23.696346121,3149,3859,3859,pos_pos
23.698395945,3149,3859,3859,pos_pos
23.700338464,3149,3860,3860,pos_pos
23.702360983,3149,3860,3860,pos_pos
23.704338944,3149,3860,3860,pos_pos
23.706361882,3149,3860,3860,pos_pos
23.708350031,3149,3861,3861,pos_pos
23.710298481,3149,3862,3862,pos_pos
23.712262698,3149,3862,3862,pos_pos
23.714297689,3149,3863,3863,pos_pos
23.716320787,3149,3864,3864,pos_pos
23.718334168,3149,3865,3865,pos_pos
23.720300392,3149,3865,3865,pos_pos
23.722288063,3149,3866,3866,pos_pos
23.724277163,3149,3867,3867,pos_pos
23.726256538,3149,3868,3868,pos_pos
23.728254159,3149,3869,3869,pos_pos
23.730246711,3149,3869,3869,pos_pos
23.73234454,3149,3870,3870,pos_pos
23.734373928,3149,3870,3870,pos_pos
23.736257506,3149,3871,3871,pos_pos
23.73823343,3149,3872,3872,pos_pos
23.740293542,3149,3872,3872,pos_pos
23.742302877,3149,3873,3873,pos_pos
23.744234687,3149,3873,3873,pos_pos
23.746192921,3149,3874,3874,pos_pos
23.748275856,3149,3874,3874,pos_pos
23.7502433,3149,3875,3875,pos_pos
23.75226613,3149,3875,3875,pos_pos
23.754239102,3149,3875,3875,pos_pos
23.756180205,3149,3875,3875,pos_pos
28.269021203,-74,-1,-1,neg_neg
28.271006769,-75,-2,-2,neg_neg
28.273150928,-76,-3,-3,neg_neg
28.274989933,-77,-5,-5,neg_neg
28.277101729,-78,-6,-6,neg_neg
28.278954616,-79,-7,-7,neg_neg
28.280962937,-80,-8,-8,neg_neg
28.282936224,-81,-9,-9,neg_neg
28.284957065,-82,-10,-10,neg_neg
28.286964664,-83,-11,-11,neg_neg
28.288929582,-84,-13,-13,neg_neg
28.290947628,-85,-14,-14,neg_neg
28.292957648,-85,-15,-15,neg_neg
28.29500905,-86,-16,-16,neg_neg
28.296902325,-87,-17,-17,neg_neg
28.298901084,-88,-18,-18,neg_neg
28.30091141,-89,-19,-19,neg_neg
28.302930826,-90,-21,-21,neg_neg
28.304921051,-91,-22,-22,neg_neg
28.306918362,-93,-23,-23,neg_neg
28.308920062,-94,-25,-25,neg_neg
28.310891135,-94,-26,-26,neg_neg
28.312870875,-95,-27,-27,neg_neg
28.314866897,-96,-29,-29,neg_neg
28.316860081,-98,-30,-30,neg_neg
28.31883273,-99,-31,-31,neg_neg
28.320824143,-99,-33,-33,neg_neg
28.322854917,-101,-34,-34,neg_neg
28.324826771,-101,-35,-35,neg_neg
28.326875088,-102,-36,-36,neg_neg
28.328837679,-103,-37,-37,neg_neg
28.330887808,-105,-38,-38,neg_neg
28.332894956,-106,-39,-39,neg_neg
28.334962772,-107,-40,-40,neg_neg
28.336896956,-108,-42,-42,neg_neg
28.338996682,-109,-43,-43,neg_neg
28.340860429,-110,-44,-44,neg_neg
28.342988913,-111,-44,-44,neg_neg
28.344875452,-112,-45,-45,neg_neg
28.346952947,-113,-46,-46,neg_neg
28.348876376,-115,-47,-47,neg_neg
28.351001085,-116,-48,-48,neg_neg
28.35284801,-117,-49,-49,neg_neg
28.354997391,-118,-51,-51,neg_neg
28.356804581,-120,-52,-52,neg_neg
28.359044966,-121,-53,-53,neg_neg
28.360803538,-122,-54,-54,neg_neg
28.362986182,-124,-55,-55,neg_neg
28.364820189,-125,-56,-56,neg_neg
28.367068757,-127,-57,-57,neg_neg
28.368830582,-129,-58,-58,neg_neg
28.370813072,-130,-59,-59,neg_neg
28.372724314,-132,-60,-60,neg_neg
28.37479228,-134,-61,-61,neg_neg
28.376806291,-135,-62,-62,neg_neg
28.378839902,-137,-63,-63,neg_neg
28.3808959,-139,-64,-64,neg_neg
28.382825491,-141,-65,-65,neg_neg
28.384758961,-143,-65,-65,neg_neg
28.386710811,-145,-66,-66,neg_neg
28.38874829,-147,-67,-67,neg_neg
28.390710795,-149,-68,-68,neg_neg
28.392718954,-150,-70,-70,neg_neg
28.394760673,-153,-71,-71,neg_neg
28.396745626,-155,-71,-71,neg_neg
28.398729421,-157,-72,-72,neg_neg
28.400787141,-159,-73,-73,neg_neg
28.402734295,-161,-74,-74,neg_neg
28.404805572,-163,-75,-75,neg_neg
28.406771286,-165,-77,-77,neg_neg
28.408768829,-167,-78,-78,neg_neg
28.410703837,-169,-79,-79,neg_neg
28.412732405,-172,-80,-80,neg_neg
28.414698101,-174,-81,-81,neg_neg
28.416684018,-177,-82,-82,neg_neg
28.418752324,-179,-83,-83,neg_neg
28.420746604,-181,-84,-84,neg_neg
28.422728916,-184,-85,-85,neg_neg
28.424725867,-186,-86,-86,neg_neg
28.426733201,-189,-87,-87,neg_neg
28.428733969,-192,-88,-88,neg_neg
28.430677003,-194,-89,-89,neg_neg
28.432738282,-197,-91,-91,neg_neg
28.434722191,-199,-93,-93,neg_neg
28.436715381,-202,-94,-94,neg_neg
28.438675971,-204,-96,-96,neg_neg
28.440616877,-207,-97,-97,neg_neg
28.442637848,-209,-99,-99,neg_neg
28.444603172,-211,-101,-101,neg_neg
28.446667257,-213,-103,-103,neg_neg
28.448586316,-215,-105,-105,neg_neg
28.450607776,-217,-107,-107,neg_neg
28.452632618,-219,-108,-108,neg_neg
28.454593065,-220,-109,-109,neg_neg
28.456590262,-222,-111,-111,neg_neg
28.458612682,-223,-113,-113,neg_neg
28.460546175,-225,-115,-115,neg_neg
28.462652921,-227,-118,-118,neg_neg
28.464560237,-229,-120,-120,neg_neg
28.466592593,-230,-122,-122,neg_neg
28.468583597,-232,-124,-124,neg_neg
28.470610868,-234,-126,-126,neg_neg
28.472612528,-235,-129,-129,neg_neg
28.474592415,-236,-131,-131,neg_neg
28.476582494,-238,-133,-133,neg_neg
28.478569862,-240,-135,-135,neg_neg
28.480558593,-241,-137,-137,neg_neg
28.482590243,-242,-140,-140,neg_neg
28.484572542,-244,-141,-141,neg_neg
28.486594263,-245,-143,-143,neg_neg
28.488566624,-246,-145,-145,neg_neg
28.490598887,-247,-147,-147,neg_neg
28.492565204,-248,-149,-149,neg_neg
28.494594772,-249,-151,-151,neg_neg
28.496555633,-250,-153,-153,neg_neg
28.498618747,-251,-156,-156,neg_neg
28.500569096,-252,-157,-157,neg_neg
28.502579525,-254,-159,-159,neg_neg
28.504528537,-255,-161,-161,neg_neg
28.50655364,-256,-163,-163,neg_neg
28.508573224,-257,-165,-165,neg_neg
28.51049585,-258,-167,-167,neg_neg
28.512498083,-260,-168,-168,neg_neg
28.514507927,-261,-170,-170,neg_neg
28.516494974,-263,-172,-172,neg_neg
28.518476553,-264,-174,-174,neg_neg
28.520542685,-265,-175,-175,neg_neg
28.522476721,-267,-177,-177,neg_neg
28.524491042,-268,-178,-178,neg_neg
28.526472629,-270,-180,-180,neg_neg
28.528454234,-271,-182,-182,neg_neg
28.530425566,-273,-183,-183,neg_neg
28.532458125,-275,-184,-184,neg_neg
28.534463471,-276,-186,-186,neg_neg
28.536440232,-278,-187,-187,neg_neg
28.538490112,-280,-188,-188,neg_neg
28.540519809,-282,-190,-190,neg_neg
28.542422097,-284,-191,-191,neg_neg
28.544467595,-285,-192,-192,neg_neg
28.546382908,-287,-193,-193,neg_neg
28.54840142,-289,-194,-194,neg_neg
28.550369261,-291,-195,-195,neg_neg
28.552488219,-293,-197,-197,neg_neg
28.554401575,-294,-197,-197,neg_neg
28.556388806,-296,-198,-198,neg_neg
28.558445132,-298,-199,-199,neg_neg
28.560408546,-300,-201,-201,neg_neg
28.562397152,-302,-202,-202,neg_neg
28.564466681,-303,-203,-203,neg_neg
28.56643812,-305,-204,-204,neg_neg
28.568400208,-307,-205,-205,neg_neg
28.570349124,-309,-206,-206,neg_neg
28.572385291,-311,-207,-207,neg_neg
28.574380691,-313,-208,-208,neg_neg
28.576365588,-314,-210,-210,neg_neg
28.578360182,-316,-211,-211,neg_neg
28.580404087,-318,-212,-212,neg_neg
28.582406981,-319,-213,-213,neg_neg
28.584360365,-321,-214,-214,neg_neg
28.586336901,-322,-214,-214,neg_neg
28.588329537,-323,-216,-216,neg_neg
28.590352672,-325,-217,-217,neg_neg
28.592361073,-326,-219,-219,neg_neg
28.594371296,-326,-220,-220,neg_neg
28.596363582,-328,-221,-221,neg_neg
28.598321611,-329,-222,-222,neg_neg
28.600291285,-330,-224,-224,neg_neg
28.602343601,-331,-225,-225,neg_neg
28.604255735,-332,-227,-227,neg_neg
28.606314832,-332,-228,-228,neg_neg
28.60826662,-333,-229,-229,neg_neg
28.610334243,-334,-231,-231,neg_neg
28.612331727,-335,-233,-233,neg_neg
28.614321562,-335,-234,-234,neg_neg
28.616305423,-336,-236,-236,neg_neg
28.618251101,-337,-237,-237,neg_neg
28.620223194,-338,-239,-239,neg_neg
28.622271244,-339,-241,-241,neg_neg
28.62429191,-339,-243,-243,neg_neg
28.626266508,-340,-245,-245,neg_neg
28.628299627,-341,-247,-247,neg_neg
28.630293148,-342,-248,-248,neg_neg
28.632301176,-343,-250,-250,neg_neg
28.634366822,-344,-253,-253,neg_neg
28.636263922,-345,-255,-255,neg_neg
28.638245229,-346,-256,-256,neg_neg
28.640264635,-348,-258,-258,neg_neg
28.642265591,-348,-260,-260,neg_neg
28.64423261,-350,-261,-261,neg_neg
28.646286926,-351,-263,-263,neg_neg
28.648266403,-352,-264,-264,neg_neg
28.650265472,-354,-266,-266,neg_neg
28.652214935,-355,-267,-267,neg_neg
28.654286684,-356,-268,-268,neg_neg
28.656240212,-358,-269,-269,neg_neg
28.658269976,-360,-270,-270,neg_neg
28.66023224,-362,-271,-271,neg_neg
28.662197333,-363,-272,-272,neg_neg
28.664234193,-365,-273,-273,neg_neg
28.666176411,-367,-274,-274,neg_neg
28.668198762,-369,-275,-275,neg_neg
28.670208941,-371,-276,-276,neg_neg
28.67222145,-373,-277,-277,neg_neg
28.67426931,-376,-278,-278,neg_neg
28.676246672,-378,-279,-279,neg_neg
28.678185491,-380,-280,-280,neg_neg
28.680152358,-381,-281,-281,neg_neg
28.682136857,-382,-282,-282,neg_neg
28.684173369,-384,-283,-283,neg_neg
28.686163642,-386,-284,-284,neg_neg
28.688083496,-388,-284,-284,neg_neg
28.690187867,-390,-285,-285,neg_neg
28.692141501,-391,-286,-286,neg_neg
28.694162712,-393,-287,-287,neg_neg
28.696179538,-394,-289,-289,neg_neg
28.698168026,-396,-290,-290,neg_neg
28.700203388,-397,-290,-290,neg_neg
28.702113329,-399,-291,-291,neg_neg
28.704087237,-400,-292,-292,neg_neg
28.706143986,-401,-293,-293,neg_neg
28.708142481,-402,-294,-294,neg_neg
28.710143428,-404,-295,-295,neg_neg
28.712134576,-405,-296,-296,neg_neg
28.714049431,-405,-296,-296,neg_neg
28.716082065,-406,-297,-297,neg_neg
28.718165249,-408,-298,-298,neg_neg
28.720086681,-408,-299,-299,neg_neg
28.722043571,-409,-300,-300,neg_neg
28.724196477,-410,-301,-301,neg_neg
28.726136942,-411,-302,-302,neg_neg
28.728127316,-411,-303,-303,neg_neg
28.730122285,-412,-304,-304,neg_neg
28.732082479,-413,-305,-305,neg_neg
28.734067897,-414,-306,-306,neg_neg
28.736105974,-414,-308,-308,neg_neg
28.738144141,-415,-309,-309,neg_neg
28.740076178,-416,-310,-310,neg_neg
28.742070902,-416,-311,-311,neg_neg
28.744016464,-417,-313,-313,neg_neg
28.746024998,-418,-314,-314,neg_neg
28.74801765,-418,-316,-316,neg_neg
28.750025606,-419,-317,-317,neg_neg
28.752059332,-419,-318,-318,neg_neg
28.754099473,-420,-320,-320,neg_neg
28.756040801,-421,-321,-321,neg_neg
28.758037801,-422,-322,-322,neg_neg
28.760089981,-423,-324,-324,neg_neg
28.762190512,-424,-325,-325,neg_neg
28.764123673,-425,-326,-326,neg_neg
28.766058795,-426,-327,-327,neg_neg
28.768193153,-427,-328,-328,neg_neg
28.770184968,-429,-330,-330,neg_neg
28.772128977,-430,-331,-331,neg_neg
28.774076919,-431,-332,-332,neg_neg
28.776053543,-433,-333,-333,neg_neg
28.778073459,-434,-335,-335,neg_neg
28.780049806,-436,-336,-336,neg_neg
28.782037164,-438,-337,-337,neg_neg
28.784005147,-440,-338,-338,neg_neg
28.786029185,-442,-339,-339,neg_neg
28.788084458,-444,-340,-340,neg_neg
28.790043548,-446,-341,-341,neg_neg
28.791967815,-447,-342,-342,neg_neg
28.794100656,-450,-343,-343,neg_neg
28.796015293,-452,-344,-344,neg_neg
28.798038173,-454,-346,-346,neg_neg
28.800029153,-454,-346,-346,neg_neg
28.801997847,-458,-347,-347,neg_neg
28.804008474,-460,-348,-348,neg_neg
28.806101282,-461,-349,-349,neg_neg
28.808006794,-464,-350,-350,neg_neg
28.809998624,-466,-351,-351,neg_neg
28.811992995,-467,-352,-352,neg_neg
28.814019303,-470,-353,-353,neg_neg
28.815987766,-471,-353,-353,neg_neg
28.818050395,-475,-354,-354,neg_neg
28.819999708,-476,-355,-355,neg_neg
28.821993975,-479,-356,-356,neg_neg
28.82394891,-481,-357,-357,neg_neg
28.82596326,-483,-358,-358,neg_neg
28.827964539,-484,-359,-359,neg_neg
28.830021731,-485,-359,-359,neg_neg
28.831997304,-488,-361,-361,neg_neg
28.834080628,-489,-362,-362,neg_neg
28.835977503,-490,-362,-362,neg_neg
28.838087268,-492,-364,-364,neg_neg
28.839905835,-493,-365,-365,neg_neg
28.841855783,-494,-366,-366,neg_neg
28.843875763,-496,-367,-367,neg_neg
28.845929255,-497,-369,-369,neg_neg
28.847887162,-498,-370,-370,neg_neg
28.849951922,-499,-371,-371,neg_neg
28.851890082,-500,-373,-373,neg_neg
28.85383564,-501,-374,-374,neg_neg
28.855891349,-502,-375,-375,neg_neg
28.857873837,-503,-377,-377,neg_neg
28.859944145,-504,-379,-379,neg_neg
28.861921053,-505,-380,-380,neg_neg
28.863846246,-506,-382,-382,neg_neg
28.864839904,-506,-382,-382,neg_neg
28.86702304,-506,-384,-384,neg_neg
28.868827767,-507,-386,-386,neg_neg
28.870991604,-508,-388,-388,neg_neg
28.872784938,-508,-389,-389,neg_neg
28.874885658,-509,-391,-391,neg_neg
28.876828418,-510,-393,-393,neg_neg
28.878825208,-510,-394,-394,neg_neg
28.880855207,-511,-396,-396,neg_neg
28.882835512,-512,-398,-398,neg_neg
28.8848645,-513,-400,-400,neg_neg
28.886817859,-514,-401,-401,neg_neg
28.888804874,-515,-403,-403,neg_neg
28.890810402,-515,-404,-404,neg_neg
28.892838531,-517,-406,-406,neg_neg
28.894798557,-517,-408,-408,neg_neg
28.896804239,-518,-409,-409,neg_neg
28.898820743,-520,-410,-410,neg_neg
28.900840317,-521,-411,-411,neg_neg
28.902831762,-523,-413,-413,neg_neg
28.904809294,-524,-414,-414,neg_neg
28.906809297,-526,-415,-415,neg_neg
28.908818904,-527,-416,-416,neg_neg
28.910828715,-529,-416,-416,neg_neg
28.912811516,-531,-417,-417,neg_neg
28.914827613,-532,-418,-418,neg_neg
28.916804872,-534,-418,-418,neg_neg
28.918799852,-537,-419,-419,neg_neg
28.920790955,-538,-420,-420,neg_neg
28.922767377,-540,-420,-420,neg_neg
28.924783754,-542,-421,-421,neg_neg
28.926774673,-546,-422,-422,neg_neg
28.928729137,-548,-422,-422,neg_neg
28.930762132,-550,-423,-423,neg_neg
28.932757988,-552,-424,-424,neg_neg
28.934840096,-554,-424,-424,neg_neg
28.937222635,-557,-425,-425,neg_neg
28.938793235,-559,-426,-426,neg_neg
28.940976662,-561,-426,-426,neg_neg
28.942782532,-563,-427,-427,neg_neg
28.944788049,-565,-428,-428,neg_neg
28.946762016,-567,-428,-428,neg_neg
28.94885609,-569,-429,-429,neg_neg
28.950793115,-571,-430,-430,neg_neg
28.952778875,-573,-430,-430,neg_neg
28.954792703,-575,-431,-431,neg_neg
28.956743229,-577,-432,-432,neg_neg
28.958853802,-579,-433,-433,neg_neg
28.960689232,-581,-433,-433,neg_neg
28.962709228,-582,-434,-434,neg_neg
28.964675008,-584,-435,-435,neg_neg
28.966707843,-586,-435,-435,neg_neg
28.968670366,-587,-436,-436,neg_neg
28.970715952,-589,-436,-436,neg_neg
28.972693067,-590,-437,-437,neg_neg
28.97473526,-592,-437,-437,neg_neg
28.976688813,-593,-438,-438,neg_neg
28.978750005,-594,-438,-438,neg_neg
28.98067323,-596,-439,-439,neg_neg
28.982712007,-597,-439,-439,neg_neg
28.984699419,-598,-439,-439,neg_neg
28.986682343,-599,-439,-439,neg_neg
28.988615445,-600,-439,-439,neg_neg
28.990678696,-601,-439,-439,neg_neg
28.992634777,-602,-439,-439,neg_neg
28.994607051,-604,-438,-438,neg_neg
28.996581423,-604,-438,-438,neg_neg
28.998596406,-606,-437,-437,neg_neg
29.000583615,-607,-437,-437,neg_neg
29.002598392,-608,-436,-436,neg_neg
29.004585393,-609,-435,-435,neg_neg
29.0065896,-610,-435,-435,neg_neg
29.008580965,-611,-434,-434,neg_neg
29.010610462,-612,-433,-433,neg_neg
29.012638937,-613,-432,-432,neg_neg
29.01456765,-615,-430,-430,neg_neg
29.016612193,-616,-430,-430,neg_neg
29.018591182,-617,-429,-429,neg_neg
29.020589637,-618,-427,-427,neg_neg
29.02254742,-620,-426,-426,neg_neg
29.024553968,-621,-425,-425,neg_neg
29.026569401,-623,-424,-424,neg_neg
29.028561656,-624,-423,-423,neg_neg
29.030540784,-625,-422,-422,neg_neg
29.032549858,-626,-422,-422,neg_neg
29.034503873,-628,-421,-421,neg_neg
29.036543763,-629,-420,-420,neg_neg
29.038589939,-630,-420,-420,neg_neg
29.040513391,-631,-419,-419,neg_neg
29.042509235,-632,-419,-419,neg_neg
29.044499087,-633,-418,-418,neg_neg
29.046533889,-634,-418,-418,neg_neg
29.048544753,-635,-418,-418,neg_neg
29.050503637,-636,-418,-418,neg_neg
29.052549518,-636,-418,-418,neg_neg
29.054440998,-637,-418,-418,neg_neg
29.056468458,-638,-418,-418,neg_neg
29.058474545,-638,-419,-419,neg_neg
29.060475286,-638,-419,-419,neg_neg
29.062490687,-638,-420,-420,neg_neg
29.064477165,-639,-420,-420,neg_neg
29.066455097,-639,-421,-421,neg_neg
29.068434764,-639,-422,-422,neg_neg
29.070495289,-639,-423,-423,neg_neg
29.072479104,-639,-424,-424,neg_neg
29.074459709,-639,-425,-425,neg_neg
29.076463336,-639,-426,-426,neg_neg
29.078490458,-639,-427,-427,neg_neg
29.080484765,-639,-428,-428,neg_neg
29.082482488,-639,-429,-429,neg_neg
29.084410508,-639,-430,-430,neg_neg
29.086377175,-639,-431,-431,neg_neg
29.088409355,-640,-433,-433,neg_neg
29.090416302,-640,-434,-434,neg_neg
29.092446983,-640,-436,-436,neg_neg
29.0944077,-640,-437,-437,neg_neg
29.096429533,-640,-439,-439,neg_neg
29.09838955,-641,-441,-441,neg_neg
29.100400843,-641,-442,-442,neg_neg
29.102396524,-641,-444,-444,neg_neg
29.104402919,-642,-446,-446,neg_neg
29.106516637,-642,-448,-448,neg_neg
29.108422007,-643,-451,-451,neg_neg
29.110374377,-643,-453,-453,neg_neg
29.112381327,-644,-455,-455,neg_neg
29.114390055,-644,-457,-457,neg_neg
29.116401597,-645,-459,-459,neg_neg
29.118375814,-645,-461,-461,neg_neg
29.120331585,-646,-463,-463,neg_neg
29.122410344,-647,-464,-464,neg_neg
29.124386959,-648,-467,-467,neg_neg
29.126396003,-649,-468,-468,neg_neg
29.128354082,-650,-470,-470,neg_neg
29.130345698,-651,-471,-471,neg_neg
29.132383189,-652,-473,-473,neg_neg
29.134448639,-653,-475,-475,neg_neg
29.136329911,-654,-476,-476,neg_neg
29.138298153,-656,-477,-477,neg_neg
29.140294388,-657,-478,-478,neg_neg
29.142340675,-659,-480,-480,neg_neg
29.144310659,-661,-480,-480,neg_neg
29.146342433,-662,-481,-481,neg_neg
29.148365901,-664,-482,-482,neg_neg
29.150317474,-666,-483,-483,neg_neg
29.15230133,-668,-483,-483,neg_neg
29.15434106,-668,-484,-484,neg_neg
29.156331326,-671,-485,-485,neg_neg
29.158313523,-674,-486,-486,neg_neg
29.160240893,-674,-486,-486,neg_neg
29.162251343,-676,-487,-487,neg_neg
29.164292507,-678,-488,-488,neg_neg
29.16629243,-680,-489,-489,neg_neg
29.168270113,-682,-489,-489,neg_neg
29.170364604,-683,-490,-490,neg_neg
29.172291817,-685,-490,-490,neg_neg
29.174223468,-687,-491,-491,neg_neg
29.176222464,-689,-491,-491,neg_neg
29.178260473,-691,-492,-492,neg_neg
29.180261826,-693,-492,-492,neg_neg
29.182207266,-695,-493,-493,neg_neg
29.184259092,-697,-493,-493,neg_neg
29.18627208,-699,-494,-494,neg_neg
29.188227954,-700,-494,-494,neg_neg
29.190224033,-703,-494,-494,neg_neg
29.192225747,-704,-495,-495,neg_neg
29.194205182,-706,-495,-495,neg_neg
29.196196119,-707,-496,-496,neg_neg
29.198232632,-709,-496,-496,neg_neg
29.20020013,-710,-497,-497,neg_neg
29.202195292,-712,-497,-497,neg_neg
29.204159273,-713,-498,-498,neg_neg
29.20618277,-714,-499,-499,neg_neg
29.208242174,-716,-499,-499,neg_neg
29.21017065,-717,-499,-499,neg_neg
29.212173522,-717,-500,-500,neg_neg
29.214157569,-719,-500,-500,neg_neg
29.216268976,-719,-500,-500,neg_neg
29.218199992,-720,-500,-500,neg_neg
29.220170577,-721,-500,-500,neg_neg
29.222211353,-721,-500,-500,neg_neg
29.22419155,-722,-500,-500,neg_neg
29.226190732,-723,-500,-500,neg_neg
29.228095297,-723,-500,-500,neg_neg
29.230127325,-724,-500,-500,neg_neg
29.23212481,-724,-500,-500,neg_neg
29.234093162,-725,-500,-500,neg_neg
29.236123205,-725,-501,-501,neg_neg
29.238089594,-726,-501,-501,neg_neg
29.24008892,-726,-501,-501,neg_neg
29.242100167,-726,-501,-501,neg_neg
29.244103028,-727,-501,-501,neg_neg
29.246114775,-727,-501,-501,neg_neg
29.24807358,-728,-501,-501,neg_neg
29.250081491,-728,-501,-501,neg_neg
29.252040526,-729,-501,-501,neg_neg
29.254199239,-729,-501,-501,neg_neg
29.256179373,-730,-501,-501,neg_neg
29.258183201,-730,-502,-502,neg_neg
29.260155797,-731,-502,-502,neg_neg
29.262136404,-731,-502,-502,neg_neg
29.264115357,-732,-503,-503,neg_neg
29.266084304,-732,-503,-503,neg_neg
29.268082516,-733,-503,-503,neg_neg
29.270193621,-733,-503,-503,neg_neg
29.272178467,-734,-503,-503,neg_neg
29.274056009,-735,-504,-504,neg_neg
29.276026707,-735,-504,-504,neg_neg
29.278032291,-736,-504,-504,neg_neg
29.280044358,-736,-504,-504,neg_neg
29.282052582,-737,-503,-503,neg_neg
29.28406884,-737,-504,-504,neg_neg
29.286061929,-738,-504,-504,neg_neg
29.288021802,-739,-504,-504,neg_neg
29.290044399,-739,-504,-504,neg_neg
29.292106624,-740,-504,-504,neg_neg
29.29406839,-741,-504,-504,neg_neg
29.296036703,-742,-505,-505,neg_neg
29.298028193,-742,-505,-505,neg_neg
29.300041755,-743,-505,-505,neg_neg
29.302012172,-744,-506,-506,neg_neg
29.304050616,-744,-506,-506,neg_neg
29.30604283,-745,-507,-507,neg_neg
29.308046266,-746,-507,-507,neg_neg
29.310033524,-746,-508,-508,neg_neg
29.311983363,-747,-508,-508,neg_neg
29.314064647,-748,-509,-509,neg_neg
29.315990543,-748,-509,-509,neg_neg
29.318065049,-749,-510,-510,neg_neg
29.320013656,-750,-511,-511,neg_neg
29.322149431,-750,-512,-512,neg_neg
29.323992188,-751,-513,-513,neg_neg
29.326274323,-751,-514,-514,neg_neg
29.32796231,-752,-515,-515,neg_neg
29.329969449,-753,-516,-516,neg_neg
29.332009598,-753,-518,-518,neg_neg
29.334039745,-753,-520,-520,neg_neg
29.336098187,-754,-521,-521,neg_neg
29.338158092,-754,-524,-524,neg_neg
29.34002742,-755,-526,-526,neg_neg
29.342106747,-756,-527,-527,neg_neg
29.344011291,-756,-530,-530,neg_neg
29.346098823,-757,-532,-532,neg_neg
29.348024797,-757,-534,-534,neg_neg
29.35014777,-758,-535,-535,neg_neg
29.352027083,-758,-538,-538,neg_neg
29.354036416,-759,-541,-541,neg_neg
29.355978719,-759,-543,-543,neg_neg
29.357947227,-760,-545,-545,neg_neg
29.359961061,-760,-548,-548,neg_neg
29.362177447,-761,-551,-551,neg_neg
29.363950231,-762,-553,-553,neg_neg
29.365943411,-762,-557,-557,neg_neg
29.367863591,-763,-559,-559,neg_neg
29.369921102,-764,-562,-562,neg_neg
29.371897317,-764,-563,-563,neg_neg
29.373844674,-765,-566,-566,neg_neg
29.375834943,-766,-569,-569,neg_neg
29.377859919,-767,-571,-571,neg_neg
29.379839498,-767,-572,-572,neg_neg
29.380950401,-767,-573,-573,neg_neg
29.383062168,-768,-574,-574,neg_neg
29.384896914,-769,-575,-575,neg_neg
29.386936105,-770,-576,-576,neg_neg
29.388890464,-771,-577,-577,neg_neg
29.390908845,-772,-578,-578,neg_neg
29.392824102,-773,-578,-578,neg_neg
29.394819977,-774,-578,-578,neg_neg
29.39681062,-774,-578,-578,neg_neg
29.398830644,-776,-578,-578,neg_neg
29.400816528,-777,-578,-578,neg_neg
29.402906045,-778,-578,-578,neg_neg
29.40484312,-779,-577,-577,neg_neg
29.406853492,-780,-576,-576,neg_neg
29.408873232,-782,-575,-575,neg_neg
29.410863119,-783,-575,-575,neg_neg
29.412841794,-785,-574,-574,neg_neg
29.414870731,-787,-574,-574,neg_neg
29.416861735,-788,-573,-573,neg_neg
29.418815828,-790,-572,-572,neg_neg
29.420780431,-791,-571,-571,neg_neg
29.422832497,-793,-570,-570,neg_neg
29.424848757,-795,-569,-569,neg_neg
29.426805124,-797,-568,-568,neg_neg
29.428813569,-799,-567,-567,neg_neg
29.430771683,-802,-566,-566,neg_neg
29.432781243,-803,-566,-566,neg_neg
29.434813678,-805,-566,-566,neg_neg
29.436823464,-807,-565,-565,neg_neg
29.438808759,-809,-565,-565,neg_neg
29.440923634,-811,-565,-565,neg_neg
29.442805719,-812,-565,-565,neg_neg
29.444900067,-814,-565,-565,neg_neg
29.44675672,-816,-566,-566,neg_neg
29.448748026,-817,-566,-566,neg_neg
29.450789156,-818,-566,-566,neg_neg
29.452910593,-820,-566,-566,neg_neg
29.454802111,-821,-567,-567,neg_neg
29.456805428,-822,-567,-567,neg_neg
29.458791549,-823,-567,-567,neg_neg
29.460806013,-824,-568,-568,neg_neg
29.462795114,-824,-568,-568,neg_neg
29.464831707,-825,-569,-569,neg_neg
29.466806237,-825,-569,-569,neg_neg
29.468767299,-825,-570,-570,neg_neg
29.470747267,-825,-570,-570,neg_neg
29.47274142,-825,-571,-571,neg_neg
29.474776266,-825,-572,-572,neg_neg
29.476764298,-825,-573,-573,neg_neg
29.478758298,-825,-574,-574,neg_neg
29.480765639,-825,-574,-574,neg_neg
29.48271564,-825,-574,-574,neg_neg
29.484632467,-825,-575,-575,neg_neg
29.486683779,-825,-576,-576,neg_neg
29.488669332,-825,-576,-576,neg_neg
29.490657309,-825,-577,-577,neg_neg
29.492697397,-825,-578,-578,neg_neg
29.494728002,-825,-578,-578,neg_neg
29.496711688,-825,-579,-579,neg_neg
29.498704502,-825,-580,-580,neg_neg
29.500695676,-825,-580,-580,neg_neg
29.502649912,-825,-580,-580,neg_neg
29.504612809,-825,-581,-581,neg_neg
29.506620509,-824,-581,-581,neg_neg
29.508633691,-823,-582,-582,neg_neg
29.51063185,-823,-583,-583,neg_neg
29.512665614,-822,-583,-583,neg_neg
29.514632764,-822,-584,-584,neg_neg
29.516633431,-821,-584,-584,neg_neg
29.518711324,-821,-584,-584,neg_neg
29.520651222,-821,-584,-584,neg_neg
29.522572563,-820,-584,-584,neg_neg
29.524623288,-820,-584,-584,neg_neg
29.526600904,-820,-584,-584,neg_neg
29.528575966,-820,-584,-584,neg_neg
29.530605604,-820,-584,-584,neg_neg
29.532633224,-820,-584,-584,neg_neg
29.534599178,-820,-584,-584,neg_neg
29.53660824,-820,-583,-583,neg_neg
29.538632131,-821,-583,-583,neg_neg
29.54057642,-821,-583,-583,neg_neg
29.542580369,-822,-583,-583,neg_neg
29.544624478,-823,-582,-582,neg_neg
29.546581253,-823,-582,-582,neg_neg
29.548593333,-824,-582,-582,neg_neg
29.550561821,-825,-582,-582,neg_neg
29.552578831,-825,-582,-582,neg_neg
29.554541273,-826,-582,-582,neg_neg
29.556588211,-828,-582,-582,neg_neg
29.558595597,-828,-582,-582,neg_neg
29.560559417,-829,-582,-582,neg_neg
29.562530702,-830,-582,-582,neg_neg
29.564534633,-831,-582,-582,neg_neg
29.566547869,-832,-582,-582,neg_neg
29.568584273,-834,-583,-583,neg_neg
29.570535562,-835,-583,-583,neg_neg
29.572536162,-836,-584,-584,neg_neg
29.574567321,-837,-585,-585,neg_neg
29.576547684,-838,-586,-586,neg_neg
29.578615029,-839,-588,-588,neg_neg
29.580481959,-840,-589,-589,neg_neg
29.58252063,-842,-590,-590,neg_neg
29.584480611,-843,-591,-591,neg_neg
29.586494531,-844,-593,-593,neg_neg
29.588554375,-845,-594,-594,neg_neg
29.590447592,-846,-596,-596,neg_neg
29.592412023,-847,-597,-597,neg_neg
29.594440157,-847,-599,-599,neg_neg
29.596422072,-849,-601,-601,neg_neg
29.59848221,-849,-603,-603,neg_neg
29.600422868,-850,-605,-605,neg_neg
29.602477981,-851,-607,-607,neg_neg
29.604434709,-852,-610,-610,neg_neg
29.606558193,-852,-612,-612,neg_neg
29.608488491,-853,-615,-615,neg_neg
29.610445027,-854,-617,-617,neg_neg
29.612530169,-854,-621,-621,neg_neg
29.614467982,-855,-623,-623,neg_neg
29.616547161,-855,-626,-626,neg_neg
29.618563158,-856,-628,-628,neg_neg
29.62047238,-856,-631,-631,neg_neg
29.622481512,-857,-633,-633,neg_neg
29.624464887,-857,-636,-636,neg_neg
29.626477042,-858,-638,-638,neg_neg
29.628482137,-858,-640,-640,neg_neg
29.630507674,-859,-642,-642,neg_neg
29.632530475,-859,-643,-643,neg_neg
29.63448494,-859,-645,-645,neg_neg
29.636470867,-860,-646,-646,neg_neg
29.638454665,-860,-647,-647,neg_neg
29.640463472,-861,-648,-648,neg_neg
29.642461104,-861,-648,-648,neg_neg
29.644443739,-862,-648,-648,neg_neg
29.646501251,-863,-648,-648,neg_neg
29.64840162,-864,-648,-648,neg_neg
29.650444053,-864,-648,-648,neg_neg
29.652387378,-866,-647,-647,neg_neg
29.654439708,-867,-646,-646,neg_neg
29.65636554,-868,-646,-646,neg_neg
29.658360932,-869,-645,-645,neg_neg
29.660378798,-870,-644,-644,neg_neg
29.662558962,-871,-643,-643,neg_neg
29.664461896,-872,-641,-641,neg_neg
29.666395703,-873,-640,-640,neg_neg
29.668382719,-874,-639,-639,neg_neg
29.670324454,-876,-637,-637,neg_neg
29.672316282,-877,-635,-635,neg_neg
29.674403872,-878,-633,-633,neg_neg
29.676360501,-880,-631,-631,neg_neg
29.678288684,-881,-630,-630,neg_neg
29.680329867,-882,-628,-628,neg_neg
29.682309871,-884,-626,-626,neg_neg
29.684373528,-885,-624,-624,neg_neg
29.686302994,-887,-621,-621,neg_neg
29.688273398,-888,-618,-618,neg_neg
29.690248779,-889,-617,-617,neg_neg
29.692229446,-890,-615,-615,neg_neg
29.694252297,-892,-612,-612,neg_neg
29.696224959,-893,-611,-611,neg_neg
29.698254063,-894,-609,-609,neg_neg
29.700224201,-895,-608,-608,neg_neg
29.702229926,-896,-608,-608,neg_neg
29.704224737,-897,-607,-607,neg_neg
29.70617426,-898,-607,-607,neg_neg
29.708253821,-899,-606,-606,neg_neg
29.710206092,-900,-606,-606,neg_neg
29.712197922,-901,-606,-606,neg_neg
29.714229552,-901,-607,-607,neg_neg
29.716188188,-902,-607,-607,neg_neg
29.718204014,-902,-608,-608,neg_neg
29.720183368,-903,-608,-608,neg_neg
29.722209097,-903,-609,-609,neg_neg
29.724200234,-903,-611,-611,neg_neg
29.726258188,-903,-612,-612,neg_neg
29.728211437,-903,-614,-614,neg_neg
29.730212051,-903,-614,-614,neg_neg
29.732282775,-903,-616,-616,neg_neg
29.734242375,-903,-618,-618,neg_neg
29.736255993,-903,-618,-618,neg_neg
29.738250214,-903,-621,-621,neg_neg
29.740269691,-903,-622,-622,neg_neg
29.742179522,-902,-625,-625,neg_neg
29.744220883,-902,-625,-625,neg_neg
29.74618869,-902,-627,-627,neg_neg
29.748210357,-902,-628,-628,neg_neg
29.750233604,-901,-630,-630,neg_neg
29.752225593,-901,-632,-632,neg_neg
29.754254975,-901,-633,-633,neg_neg
29.756210959,-901,-635,-635,neg_neg
29.758220048,-901,-636,-636,neg_neg
29.760237347,-901,-637,-637,neg_neg
29.762198578,-901,-639,-639,neg_neg
29.764143499,-901,-640,-640,neg_neg
29.766175739,-901,-642,-642,neg_neg
29.768191826,-901,-643,-643,neg_neg
29.770176668,-901,-644,-644,neg_neg
29.772208421,-902,-645,-645,neg_neg
29.77420831,-902,-646,-646,neg_neg
29.776229285,-902,-646,-646,neg_neg
29.778193332,-902,-647,-647,neg_neg
29.780168431,-903,-648,-648,neg_neg
29.782138179,-903,-649,-649,neg_neg
29.7841118,-903,-649,-649,neg_neg
29.78614305,-904,-649,-649,neg_neg
29.788157895,-904,-650,-650,neg_neg
29.790122729,-905,-650,-650,neg_neg
29.79204163,-906,-650,-650,neg_neg
29.794115353,-906,-649,-649,neg_neg
29.796101363,-907,-649,-649,neg_neg
29.798099689,-908,-649,-649,neg_neg
29.800111495,-908,-649,-649,neg_neg
29.802114828,-909,-648,-648,neg_neg
29.804110317,-910,-648,-648,neg_neg
29.806136968,-910,-647,-647,neg_neg
29.808088322,-911,-647,-647,neg_neg
29.810104129,-912,-646,-646,neg_neg
29.81205609,-913,-646,-646,neg_neg
29.814059369,-914,-646,-646,neg_neg
29.816114911,-915,-646,-646,neg_neg
29.81807616,-916,-646,-646,neg_neg
29.820134393,-917,-646,-646,neg_neg
29.822161033,-918,-646,-646,neg_neg
29.824151689,-919,-646,-646,neg_neg
29.826102355,-920,-646,-646,neg_neg
29.828116703,-921,-647,-647,neg_neg
29.830121179,-922,-648,-648,neg_neg
29.832044791,-923,-649,-649,neg_neg
29.83410009,-924,-651,-651,neg_neg
29.836035912,-925,-652,-652,neg_neg
29.838098971,-925,-654,-654,neg_neg
29.840041725,-926,-655,-655,neg_neg
29.842113947,-927,-657,-657,neg_neg
29.844029865,-929,-659,-659,neg_neg
29.846068047,-930,-661,-661,neg_neg
29.848025703,-931,-664,-664,neg_neg
29.850196204,-931,-667,-667,neg_neg
29.852058168,-932,-670,-670,neg_neg
29.854051327,-933,-673,-673,neg_neg
29.856040364,-934,-676,-676,neg_neg
29.858009002,-934,-679,-679,neg_neg
29.860044979,-935,-683,-683,neg_neg
29.862088772,-936,-686,-686,neg_neg
29.864101809,-937,-690,-690,neg_neg
29.866048187,-937,-691,-691,neg_neg
29.868036534,-938,-697,-697,neg_neg
29.869988569,-938,-700,-700,neg_neg
29.871950796,-939,-704,-704,neg_neg
29.87386948,-939,-707,-707,neg_neg
29.87589317,-940,-710,-710,neg_neg
29.877905619,-940,-712,-712,neg_neg
29.879903619,-941,-715,-715,neg_neg
29.881939113,-942,-717,-717,neg_neg
29.883900157,-942,-719,-719,neg_neg
29.885870737,-943,-721,-721,neg_neg
29.887882183,-944,-722,-722,neg_neg
29.889873981,-944,-723,-723,neg_neg
29.891869715,-945,-724,-724,neg_neg
29.893859653,-946,-724,-724,neg_neg
29.895911336,-947,-724,-724,neg_neg
29.897929297,-948,-723,-723,neg_neg
29.899919122,-949,-723,-723,neg_neg
29.901976735,-950,-722,-722,neg_neg
29.903947191,-952,-721,-721,neg_neg
29.905917071,-953,-719,-719,neg_neg
29.90794531,-954,-718,-718,neg_neg
29.90988263,-956,-717,-717,neg_neg
29.912108665,-957,-715,-715,neg_neg
29.913930586,-959,-713,-713,neg_neg
29.916136417,-961,-711,-711,neg_neg
29.917920669,-962,-710,-710,neg_neg
29.920206639,-964,-707,-707,neg_neg
29.92197224,-966,-705,-705,neg_neg
29.92400038,-968,-703,-703,neg_neg
29.926023233,-970,-701,-701,neg_neg
29.928127577,-971,-701,-701,neg_neg
29.92998571,-973,-697,-697,neg_neg
29.932160171,-974,-697,-697,neg_neg
29.93397568,-977,-694,-694,neg_neg
29.936078218,-979,-692,-692,neg_neg
29.937993062,-980,-691,-691,neg_neg
29.940130274,-982,-690,-690,neg_neg
29.94197718,-983,-689,-689,neg_neg
29.943980559,-985,-688,-688,neg_neg
29.945982711,-987,-687,-687,neg_neg
29.948038419,-989,-686,-686,neg_neg
29.94997228,-990,-686,-686,neg_neg
29.951939117,-993,-686,-686,neg_neg
29.953885958,-994,-686,-686,neg_neg
29.955929458,-996,-686,-686,neg_neg
29.957975244,-997,-686,-686,neg_neg
29.959879885,-998,-686,-686,neg_neg
29.961913848,-1000,-687,-687,neg_neg
29.963906108,-1001,-688,-688,neg_neg
29.965863655,-1002,-688,-688,neg_neg
29.967883457,-1003,-689,-689,neg_neg
29.969873375,-1003,-690,-690,neg_neg
29.971883094,-1004,-691,-691,neg_neg
29.973888651,-1005,-693,-693,neg_neg
29.975850052,-1006,-694,-694,neg_neg
29.977855497,-1006,-695,-695,neg_neg
29.979816588,-1007,-696,-696,neg_neg
29.981862678,-1007,-697,-697,neg_neg
29.983851749,-1007,-699,-699,neg_neg
29.985887796,-1008,-700,-700,neg_neg
29.987880273,-1008,-702,-702,neg_neg
29.989858876,-1008,-703,-703,neg_neg
29.991831674,-1008,-704,-704,neg_neg
29.993985658,-1009,-705,-705,neg_neg
29.9957776,-1009,-707,-707,neg_neg
29.997927745,-1009,-708,-708,neg_neg
29.999819741,-1009,-709,-709,neg_neg
30.001858691,-1009,-710,-710,neg_neg
30.003757246,-1009,-711,-711,neg_neg
30.005778138,-1009,-713,-713,neg_neg
30.007752062,-1009,-714,-714,neg_neg
30.009764132,-1009,-715,-715,neg_neg
30.01177003,-1009,-715,-715,neg_neg
30.013732617,-1009,-716,-716,neg_neg
30.015763386,-1009,-716,-716,neg_neg
30.017927951,-1009,-717,-717,neg_neg
30.019749221,-1009,-716,-716,neg_neg
30.021869269,-1010,-716,-716,neg_neg
30.023754426,-1009,-716,-716,neg_neg
30.025977222,-1010,-716,-716,neg_neg
30.027707837,-1010,-715,-715,neg_neg
30.029701046,-1010,-715,-715,neg_neg
30.031706258,-1010,-714,-714,neg_neg
30.033766384,-1010,-713,-713,neg_neg
30.035712816,-1011,-713,-713,neg_neg
30.037848234,-1011,-712,-712,neg_neg
30.03976707,-1012,-711,-711,neg_neg
30.041853955,-1013,-710,-710,neg_neg
30.043822492,-1013,-710,-710,neg_neg
30.045841681,-1014,-709,-709,neg_neg
30.047820306,-1015,-709,-709,neg_neg
30.049825638,-1016,-709,-709,neg_neg
30.051817994,-1016,-709,-709,neg_neg
30.053819733,-1017,-709,-709,neg_neg
30.055836341,-1018,-709,-709,neg_neg
30.057808576,-1019,-709,-709,neg_neg
30.059790643,-1020,-709,-709,neg_neg
30.061755011,-1021,-709,-709,neg_neg
30.06375075,-1022,-710,-710,neg_neg
30.065689388,-1023,-710,-710,neg_neg
30.067649276,-1024,-711,-711,neg_neg
30.069632926,-1025,-712,-712,neg_neg
30.071658954,-1026,-713,-713,neg_neg
30.073667802,-1027,-714,-714,neg_neg
30.075696454,-1028,-715,-715,neg_neg
30.077637876,-1029,-716,-716,neg_neg
30.079666069,-1030,-717,-717,neg_neg
30.081660081,-1031,-718,-718,neg_neg
30.083642836,-1032,-719,-719,neg_neg
30.085671787,-1033,-721,-721,neg_neg
30.087614265,-1034,-722,-722,neg_neg
30.089636403,-1035,-724,-724,neg_neg
30.091620551,-1036,-725,-725,neg_neg
30.093610842,-1037,-727,-727,neg_neg
30.095619543,-1038,-729,-729,neg_neg
30.097613695,-1038,-731,-731,neg_neg
30.099633387,-1039,-733,-733,neg_neg
30.101597928,-1040,-735,-735,neg_neg
30.103574808,-1041,-737,-737,neg_neg
30.105627893,-1042,-739,-739,neg_neg
30.10760107,-1043,-741,-741,neg_neg
30.109554391,-1043,-744,-744,neg_neg
30.111482862,-1044,-746,-746,neg_neg
30.113540434,-1045,-748,-748,neg_neg
30.115556177,-1045,-750,-750,neg_neg
30.117509007,-1046,-752,-752,neg_neg
30.119497925,-1047,-755,-755,neg_neg
30.121491734,-1047,-757,-757,neg_neg
30.123548031,-1048,-760,-760,neg_neg
30.125534562,-1049,-762,-762,neg_neg
30.127501884,-1049,-764,-764,neg_neg
30.129524437,-1050,-766,-766,neg_neg
30.131468004,-1051,-768,-768,neg_neg
30.133493306,-1052,-770,-770,neg_neg
30.135464622,-1052,-771,-771,neg_neg
30.137500532,-1053,-773,-773,neg_neg
30.139464459,-1053,-774,-774,neg_neg
30.14151626,-1054,-775,-775,neg_neg
30.143490461,-1055,-776,-776,neg_neg
30.145562852,-1056,-777,-777,neg_neg
30.147570991,-1057,-777,-777,neg_neg
30.149533739,-1058,-778,-778,neg_neg
30.151512374,-1059,-778,-778,neg_neg
30.153543245,-1060,-778,-778,neg_neg
30.155534179,-1061,-778,-778,neg_neg
30.157504197,-1062,-778,-778,neg_neg
30.159431813,-1063,-778,-778,neg_neg
30.161437196,-1065,-778,-778,neg_neg
30.163427037,-1066,-777,-777,neg_neg
30.165432422,-1067,-776,-776,neg_neg
30.167454998,-1069,-775,-775,neg_neg
30.169435284,-1070,-775,-775,neg_neg
30.171382011,-1072,-774,-774,neg_neg
30.173433588,-1073,-772,-772,neg_neg
30.175461831,-1074,-771,-771,neg_neg
30.177451613,-1077,-770,-770,neg_neg
30.179439476,-1078,-769,-769,neg_neg
30.181389232,-1079,-768,-768,neg_neg
30.183380206,-1081,-767,-767,neg_neg
30.185389046,-1082,-765,-765,neg_neg
30.187374036,-1084,-764,-764,neg_neg
30.189366091,-1086,-763,-763,neg_neg
30.191361923,-1088,-762,-762,neg_neg
30.19342115,-1089,-761,-761,neg_neg
30.19533568,-1091,-759,-759,neg_neg
30.197346478,-1093,-759,-759,neg_neg
30.199391507,-1094,-758,-758,neg_neg
30.201363737,-1096,-758,-758,neg_neg
30.203320453,-1098,-757,-757,neg_neg
30.205303548,-1099,-757,-757,neg_neg
30.207324705,-1101,-757,-757,neg_neg
30.209336155,-1102,-757,-757,neg_neg
30.21135878,-1104,-757,-757,neg_neg
30.21328226,-1106,-757,-757,neg_neg
30.215301224,-1106,-757,-757,neg_neg
30.21730177,-1108,-758,-758,neg_neg
30.219304226,-1109,-758,-758,neg_neg
30.221307347,-1110,-759,-759,neg_neg
30.223254867,-1111,-760,-760,neg_neg
30.22531783,-1112,-761,-761,neg_neg
30.227253844,-1114,-762,-762,neg_neg
30.229311921,-1115,-763,-763,neg_neg
30.231335152,-1116,-764,-764,neg_neg
30.233244069,-1116,-765,-765,neg_neg
30.23521383,-1117,-767,-767,neg_neg
30.237228722,-1118,-768,-768,neg_neg
30.239231905,-1118,-770,-770,neg_neg
30.241294142,-1119,-772,-772,neg_neg
30.243239722,-1121,-773,-773,neg_neg
30.24524549,-1121,-775,-775,neg_neg
30.247236667,-1121,-777,-777,neg_neg
30.249182331,-1121,-778,-778,neg_neg
30.251204244,-1121,-780,-780,neg_neg
30.253243781,-1121,-782,-782,neg_neg
30.255220528,-1121,-784,-784,neg_neg
30.257172076,-1121,-786,-786,neg_neg
30.259253304,-1121,-787,-787,neg_neg
30.261173615,-1121,-789,-789,neg_neg
30.263219361,-1121,-790,-790,neg_neg
30.265175771,-1119,-791,-791,neg_neg
30.267171981,-1119,-793,-793,neg_neg
30.269206115,-1119,-794,-794,neg_neg
30.271265952,-1119,-795,-795,neg_neg
30.273189711,-1119,-796,-796,neg_neg
30.275265308,-1119,-797,-797,neg_neg
30.277145156,-1119,-798,-798,neg_neg
30.279328625,-1119,-799,-799,neg_neg
30.281166862,-1119,-799,-799,neg_neg
30.283213026,-1119,-799,-799,neg_neg
30.285209351,-1119,-800,-800,neg_neg
30.287262642,-1119,-800,-800,neg_neg
30.289241655,-1119,-800,-800,neg_neg
30.291265149,-1119,-800,-800,neg_neg
30.293295754,-1121,-799,-799,neg_neg
30.295267461,-1121,-799,-799,neg_neg
30.297168535,-1122,-799,-799,neg_neg
30.299195778,-1122,-798,-798,neg_neg
30.301163578,-1123,-797,-797,neg_neg
30.303171511,-1123,-797,-797,neg_neg
30.305317096,-1124,-796,-796,neg_neg
30.307174974,-1125,-795,-795,neg_neg
30.309235352,-1126,-794,-794,neg_neg
30.311165479,-1127,-794,-794,neg_neg
30.313154851,-1128,-794,-794,neg_neg
30.31514969,-1129,-793,-793,neg_neg
30.317197344,-1130,-793,-793,neg_neg
30.319187994,-1131,-792,-792,neg_neg
30.321289571,-1132,-792,-792,neg_neg
30.323212687,-1133,-792,-792,neg_neg
30.325137958,-1135,-792,-792,neg_neg
30.327178293,-1136,-793,-793,neg_neg
30.329091491,-1137,-793,-793,neg_neg
30.331173476,-1139,-793,-793,neg_neg
30.333242457,-1140,-794,-794,neg_neg
30.33520268,-1142,-794,-794,neg_neg
30.337168852,-1143,-796,-796,neg_neg
30.339169795,-1144,-797,-797,neg_neg
30.341109279,-1146,-798,-798,neg_neg
30.343150745,-1147,-800,-800,neg_neg
30.345101538,-1149,-801,-801,neg_neg
30.347076714,-1150,-803,-803,neg_neg
30.349154493,-1151,-805,-805,neg_neg
30.351108252,-1153,-807,-807,neg_neg
30.353111933,-1154,-809,-809,neg_neg
30.355093039,-1156,-811,-811,neg_neg
30.357093706,-1157,-814,-814,neg_neg
30.359097901,-1158,-816,-816,neg_neg
30.361115828,-1159,-818,-818,neg_neg
30.363091549,-1160,-821,-821,neg_neg
30.365144258,-1161,-823,-823,neg_neg
30.367148589,-1162,-825,-825,neg_neg
30.369133474,-1163,-828,-828,neg_neg
30.37108865,-1164,-830,-830,neg_neg
30.373220204,-1165,-833,-833,neg_neg
30.375071668,-1166,-835,-835,neg_neg
30.377060055,-1167,-837,-837,neg_neg
30.379038897,-1167,-839,-839,neg_neg
30.381127575,-1168,-841,-841,neg_neg
30.383167139,-1169,-843,-843,neg_neg
30.385076244,-1169,-845,-845,neg_neg
30.387062216,-1170,-846,-846,neg_neg
30.389073678,-1171,-847,-847,neg_neg
30.391045296,-1172,-849,-849,neg_neg
30.393056775,-1172,-850,-850,neg_neg
30.39508558,-1172,-850,-850,neg_neg
30.397067551,-1173,-851,-851,neg_neg
30.399165588,-1174,-852,-852,neg_neg
30.401069456,-1175,-852,-852,neg_neg
30.403093184,-1176,-852,-852,neg_neg
30.405007636,-1177,-852,-852,neg_neg
30.407062862,-1177,-852,-852,neg_neg
30.408980494,-1178,-852,-852,neg_neg
30.41103931,-1179,-852,-852,neg_neg
30.413026671,-1180,-852,-852,neg_neg
30.415110425,-1181,-851,-851,neg_neg
30.417075874,-1183,-851,-851,neg_neg
30.418993335,-1184,-851,-851,neg_neg
30.420985133,-1185,-850,-850,neg_neg
30.422980193,-1186,-850,-850,neg_neg
30.424947309,-1187,-849,-849,neg_neg
30.42697657,-1189,-849,-849,neg_neg
30.428962394,-1190,-848,-848,neg_neg
30.430943271,-1191,-847,-847,neg_neg
30.432996718,-1193,-847,-847,neg_neg
30.434961204,-1194,-846,-846,neg_neg
30.437024143,-1196,-845,-845,neg_neg
30.43899386,-1197,-844,-844,neg_neg
30.440966031,-1199,-844,-844,neg_neg
30.442926614,-1200,-843,-843,neg_neg
30.444931747,-1201,-843,-843,neg_neg
30.446887709,-1203,-842,-842,neg_neg
30.448958682,-1205,-842,-842,neg_neg
30.450931509,-1206,-842,-842,neg_neg
30.45294628,-1208,-842,-842,neg_neg
30.454968394,-1209,-841,-841,neg_neg
30.456915142,-1211,-841,-841,neg_neg
30.458902731,-1213,-842,-842,neg_neg
30.460982093,-1214,-842,-842,neg_neg
30.462921689,-1216,-842,-842,neg_neg
30.464941573,-1217,-842,-842,neg_neg
30.466885047,-1218,-842,-842,neg_neg
30.469092096,-1220,-843,-843,neg_neg
30.470932378,-1221,-843,-843,neg_neg
30.473100489,-1222,-844,-844,neg_neg
30.474899224,-1223,-845,-845,neg_neg
30.477102636,-1225,-846,-846,neg_neg
30.478932273,-1226,-847,-847,neg_neg
30.481021213,-1227,-848,-848,neg_neg
30.482889581,-1228,-849,-849,neg_neg
30.485119261,-1228,-851,-851,neg_neg
30.486897791,-1229,-852,-852,neg_neg
30.488908701,-1230,-854,-854,neg_neg
30.490862919,-1231,-856,-856,neg_neg
30.493006751,-1232,-857,-857,neg_neg
30.494861748,-1232,-859,-859,neg_neg
30.497063978,-1233,-861,-861,neg_neg
30.498862891,-1234,-863,-863,neg_neg
30.501027531,-1234,-864,-864,neg_neg
30.502875653,-1235,-866,-866,neg_neg
30.505098271,-1235,-868,-868,neg_neg
30.50682304,-1236,-870,-870,neg_neg
30.50875761,-1236,-872,-872,neg_neg
30.510770383,-1236,-874,-874,neg_neg
30.512800949,-1236,-876,-876,neg_neg
30.514837578,-1236,-877,-877,neg_neg
30.51685613,-1237,-879,-879,neg_neg
30.518861074,-1237,-881,-881,neg_neg
30.520824634,-1237,-882,-882,neg_neg
30.522872857,-1237,-884,-884,neg_neg
30.524848029,-1237,-885,-885,neg_neg
30.526865745,-1237,-886,-886,neg_neg
30.528757394,-1237,-888,-888,neg_neg
30.530824995,-1238,-889,-889,neg_neg
30.532771485,-1238,-890,-890,neg_neg
30.534803305,-1238,-891,-891,neg_neg
30.536733463,-1238,-892,-892,neg_neg
30.53879709,-1239,-893,-893,neg_neg
30.540762822,-1239,-894,-894,neg_neg
30.542790192,-1240,-894,-894,neg_neg
30.544757665,-1241,-894,-894,neg_neg
30.546729914,-1241,-895,-895,neg_neg
30.54876788,-1242,-895,-895,neg_neg
30.550749193,-1243,-895,-895,neg_neg
30.552745522,-1244,-894,-894,neg_neg
30.554758769,-1244,-895,-895,neg_neg
30.556767773,-1245,-895,-895,neg_neg
30.558779581,-1246,-895,-895,neg_neg
30.560702983,-1249,-894,-894,neg_neg
30.562689183,-1250,-895,-895,neg_neg
30.564808297,-1251,-895,-895,neg_neg
30.56673219,-1252,-895,-895,neg_neg
30.568697596,-1254,-895,-895,neg_neg
30.570714398,-1255,-895,-895,neg_neg
30.572701632,-1256,-895,-895,neg_neg
30.574659214,-1257,-896,-896,neg_neg
30.576644326,-1259,-896,-896,neg_neg
30.578670947,-1260,-896,-896,neg_neg
30.580716424,-1262,-897,-897,neg_neg
30.582681141,-1264,-898,-898,neg_neg
30.584675622,-1265,-899,-899,neg_neg
30.58664697,-1267,-899,-899,neg_neg
30.588649508,-1268,-900,-900,neg_neg
30.590642363,-1270,-901,-901,neg_neg
30.592626383,-1272,-903,-903,neg_neg
30.594635573,-1273,-904,-904,neg_neg
30.596642372,-1275,-906,-906,neg_neg
30.598579647,-1276,-907,-907,neg_neg
30.600601831,-1278,-909,-909,neg_neg
30.602627594,-1280,-911,-911,neg_neg
30.604639939,-1281,-912,-912,neg_neg
30.60665172,-1282,-914,-914,neg_neg
30.608601252,-1284,-916,-916,neg_neg
30.610603395,-1285,-918,-918,neg_neg
30.612622406,-1286,-920,-920,neg_neg
30.614629932,-1287,-922,-922,neg_neg
30.61661731,-1288,-924,-924,neg_neg
30.618637086,-1289,-926,-926,neg_neg
30.620682887,-1290,-928,-928,neg_neg
30.622621543,-1292,-930,-930,neg_neg
30.624635396,-1293,-932,-932,neg_neg
30.626577172,-1294,-933,-933,neg_neg
30.628579014,-1294,-936,-936,neg_neg
30.630606067,-1296,-938,-938,neg_neg
30.632576304,-1297,-940,-940,neg_neg
30.634575347,-1298,-942,-942,neg_neg
30.636595632,-1299,-943,-943,neg_neg
30.638579802,-1300,-945,-945,neg_neg
30.640533169,-1301,-947,-947,neg_neg
30.64256739,-1302,-948,-948,neg_neg
30.644571131,-1303,-950,-950,neg_neg
30.646563919,-1305,-951,-951,neg_neg
30.648530774,-1305,-953,-953,neg_neg
30.650562899,-1307,-954,-954,neg_neg
30.652618672,-1308,-955,-955,neg_neg
30.654569229,-1309,-957,-957,neg_neg
30.656564171,-1311,-958,-958,neg_neg
30.658567885,-1312,-959,-959,neg_neg
30.660556759,-1314,-961,-961,neg_neg
30.662606501,-1315,-962,-962,neg_neg
30.664520038,-1317,-963,-963,neg_neg
30.666544878,-1318,-964,-964,neg_neg
30.668495104,-1320,-965,-965,neg_neg
30.67056562,-1321,-966,-966,neg_neg
30.672536912,-1323,-967,-967,neg_neg
30.674575285,-1324,-967,-967,neg_neg
30.676506782,-1326,-968,-968,neg_neg
30.678722335,-1327,-969,-969,neg_neg
30.680566162,-1330,-969,-969,neg_neg
30.682669173,-1331,-970,-970,neg_neg
30.68461022,-1333,-970,-970,neg_neg
30.68650389,-1335,-970,-970,neg_neg
30.688582293,-1335,-970,-970,neg_neg
30.690652839,-1337,-970,-970,neg_neg
30.692601992,-1339,-970,-970,neg_neg
30.694632354,-1341,-970,-970,neg_neg
30.696548902,-1342,-970,-970,neg_neg
30.69852026,-1344,-970,-970,neg_neg
30.700527258,-1345,-970,-970,neg_neg
30.702525975,-1347,-970,-970,neg_neg
30.704503098,-1348,-970,-970,neg_neg
30.70647807,-1350,-970,-970,neg_neg
30.70845104,-1351,-970,-970,neg_neg
30.710418539,-1352,-970,-970,neg_neg
30.71243536,-1354,-970,-970,neg_neg
30.71441336,-1355,-970,-970,neg_neg
30.716422566,-1357,-970,-970,neg_neg
30.718428886,-1358,-970,-970,neg_neg
30.720434,-1359,-970,-970,neg_neg
30.722498354,-1361,-970,-970,neg_neg
30.724470248,-1362,-971,-971,neg_neg
30.726392823,-1364,-971,-971,neg_neg
30.728379208,-1365,-972,-972,neg_neg
30.730390339,-1366,-973,-973,neg_neg
30.73239629,-1367,-974,-974,neg_neg
30.734366487,-1369,-975,-975,neg_neg
30.736359167,-1370,-976,-976,neg_neg
30.738376653,-1371,-977,-977,neg_neg
30.740401216,-1372,-978,-978,neg_neg
30.742376643,-1373,-979,-979,neg_neg
30.744363686,-1374,-980,-980,neg_neg
30.74643448,-1375,-981,-981,neg_neg
30.748366052,-1376,-983,-983,neg_neg
30.750406601,-1377,-984,-984,neg_neg
30.752368939,-1378,-985,-985,neg_neg
30.754323176,-1379,-987,-987,neg_neg
30.756319344,-1379,-989,-989,neg_neg
30.758338234,-1380,-990,-990,neg_neg
30.760307454,-1381,-992,-992,neg_neg
30.762388263,-1381,-994,-994,neg_neg
30.764353005,-1382,-996,-996,neg_neg
30.766338965,-1383,-997,-997,neg_neg
30.768306599,-1383,-999,-999,neg_neg
30.770269046,-1384,-1001,-1001,neg_neg
30.772333511,-1385,-1004,-1004,neg_neg
30.774308911,-1386,-1006,-1006,neg_neg
30.776288057,-1386,-1008,-1008,neg_neg
30.778265667,-1387,-1010,-1010,neg_neg
30.780299891,-1388,-1011,-1011,neg_neg
30.782264945,-1389,-1013,-1013,neg_neg
30.784320193,-1389,-1014,-1014,neg_neg
30.786236934,-1390,-1016,-1016,neg_neg
30.788256952,-1391,-1018,-1018,neg_neg
30.790310472,-1392,-1019,-1019,neg_neg
30.792357179,-1393,-1020,-1020,neg_neg
30.794288493,-1394,-1021,-1021,neg_neg
30.796262127,-1395,-1022,-1022,neg_neg
30.79824319,-1397,-1022,-1022,neg_neg
30.800237956,-1398,-1023,-1023,neg_neg
30.802255928,-1399,-1024,-1024,neg_neg
30.804247577,-1400,-1025,-1025,neg_neg
30.80624391,-1401,-1025,-1025,neg_neg
30.808273702,-1402,-1026,-1026,neg_neg
30.81024113,-1404,-1027,-1027,neg_neg
30.812280871,-1405,-1027,-1027,neg_neg
30.814321259,-1406,-1028,-1028,neg_neg
30.816335262,-1407,-1028,-1028,neg_neg
30.818279199,-1409,-1029,-1029,neg_neg
30.820355131,-1410,-1030,-1030,neg_neg
30.822295083,-1411,-1030,-1030,neg_neg
30.824312261,-1412,-1031,-1031,neg_neg
30.826350168,-1413,-1032,-1032,neg_neg
30.828271887,-1415,-1032,-1032,neg_neg
30.830208761,-1417,-1033,-1033,neg_neg
30.832213294,-1418,-1034,-1034,neg_neg
30.834242542,-1420,-1035,-1035,neg_neg
30.836247084,-1421,-1036,-1036,neg_neg
30.838316958,-1423,-1037,-1037,neg_neg
30.840280923,-1425,-1038,-1038,neg_neg
30.842303772,-1426,-1039,-1039,neg_neg
30.844261479,-1428,-1041,-1041,neg_neg
30.846274333,-1430,-1042,-1042,neg_neg
30.848307736,-1432,-1044,-1044,neg_neg
30.850260011,-1433,-1045,-1045,neg_neg
30.8522727,-1435,-1047,-1047,neg_neg
30.854365347,-1437,-1049,-1049,neg_neg
30.85626828,-1439,-1051,-1051,neg_neg
30.858231831,-1441,-1053,-1053,neg_neg
30.860206764,-1442,-1055,-1055,neg_neg
30.862216239,-1444,-1056,-1056,neg_neg
30.864149455,-1446,-1059,-1059,neg_neg
30.866240043,-1448,-1060,-1060,neg_neg
30.868273876,-1450,-1063,-1063,neg_neg
30.870214503,-1451,-1066,-1066,neg_neg
30.872204471,-1453,-1068,-1068,neg_neg
30.874211473,-1455,-1069,-1069,neg_neg
30.876191436,-1457,-1072,-1072,neg_neg
30.878168468,-1459,-1074,-1074,neg_neg
30.880164528,-1461,-1077,-1077,neg_neg
30.882272479,-1462,-1080,-1080,neg_neg
30.884181556,-1464,-1082,-1082,neg_neg
30.886158002,-1465,-1084,-1084,neg_neg
30.88807435,-1467,-1087,-1087,neg_neg
30.890118066,-1468,-1088,-1088,neg_neg
30.892076293,-1470,-1091,-1091,neg_neg
30.894104874,-1471,-1092,-1092,neg_neg
30.896095009,-1472,-1094,-1094,neg_neg
30.898082086,-1473,-1096,-1096,neg_neg
30.900144797,-1475,-1098,-1098,neg_neg
30.902202769,-1476,-1101,-1101,neg_neg
30.904142157,-1477,-1103,-1103,neg_neg
30.906143352,-1479,-1105,-1105,neg_neg
30.908100839,-1480,-1105,-1105,neg_neg
30.910123535,-1482,-1107,-1107,neg_neg
30.912111022,-1483,-1108,-1108,neg_neg
30.914092322,-1485,-1109,-1109,neg_neg
30.916141054,-1486,-1110,-1110,neg_neg
30.918110142,-1487,-1111,-1111,neg_neg
30.92008668,-1489,-1112,-1112,neg_neg
30.922030837,-1490,-1112,-1112,neg_neg
30.924085517,-1491,-1112,-1112,neg_neg
30.926085397,-1493,-1112,-1112,neg_neg
30.92808526,-1494,-1112,-1112,neg_neg
30.930088633,-1495,-1112,-1112,neg_neg
30.932133151,-1496,-1112,-1112,neg_neg
30.934052459,-1498,-1111,-1111,neg_neg
30.936035267,-1499,-1111,-1111,neg_neg
30.938014603,-1501,-1111,-1111,neg_neg
30.940134115,-1502,-1110,-1110,neg_neg
30.942043875,-1504,-1110,-1110,neg_neg
30.944183335,-1506,-1109,-1109,neg_neg
30.946092911,-1507,-1109,-1109,neg_neg
30.948071836,-1509,-1108,-1108,neg_neg
30.950072479,-1510,-1109,-1109,neg_neg
30.952167266,-1512,-1108,-1108,neg_neg
30.954057794,-1514,-1108,-1108,neg_neg
30.956043905,-1516,-1108,-1108,neg_neg
30.958084098,-1517,-1108,-1108,neg_neg
30.960120662,-1519,-1108,-1108,neg_neg
30.962057463,-1521,-1108,-1108,neg_neg
30.964087396,-1522,-1108,-1108,neg_neg
30.966039111,-1524,-1108,-1108,neg_neg
30.968059397,-1526,-1108,-1108,neg_neg
30.970018122,-1528,-1108,-1108,neg_neg
30.972147549,-1530,-1109,-1109,neg_neg
30.974037292,-1532,-1109,-1109,neg_neg
30.975998632,-1534,-1109,-1109,neg_neg
30.977963161,-1536,-1110,-1110,neg_neg
30.979927138,-1538,-1110,-1110,neg_neg
30.981988862,-1540,-1112,-1112,neg_neg
30.983919512,-1541,-1112,-1112,neg_neg
30.985977875,-1543,-1113,-1113,neg_neg
30.987955474,-1544,-1115,-1115,neg_neg
30.989951472,-1546,-1116,-1116,neg_neg
30.991921472,-1548,-1117,-1117,neg_neg
30.993948868,-1549,-1119,-1119,neg_neg
30.996030585,-1550,-1120,-1120,neg_neg
30.997978529,-1552,-1122,-1122,neg_neg
30.999927713,-1553,-1124,-1124,neg_neg
31.001921965,-1554,-1126,-1126,neg_neg
31.002945889,-1555,-1127,-1127,neg_neg
31.005040221,-1556,-1129,-1129,neg_neg
31.006938141,-1558,-1132,-1132,neg_neg
31.009074314,-1559,-1134,-1134,neg_neg
31.010930971,-1560,-1136,-1136,neg_neg
31.013071371,-1561,-1139,-1139,neg_neg
31.014947899,-1562,-1142,-1142,neg_neg
31.016868407,-1564,-1145,-1145,neg_neg
31.018824543,-1565,-1148,-1148,neg_neg
31.020838252,-1566,-1151,-1151,neg_neg
31.022846345,-1567,-1154,-1154,neg_neg
31.024862119,-1570,-1157,-1157,neg_neg
31.026920846,-1570,-1159,-1159,neg_neg
31.028877244,-1572,-1163,-1163,neg_neg
31.030890667,-1573,-1165,-1165,neg_neg
31.032864961,-1574,-1168,-1168,neg_neg
31.034930596,-1574,-1170,-1170,neg_neg
31.036913232,-1575,-1173,-1173,neg_neg
31.038941895,-1576,-1175,-1175,neg_neg
31.040849662,-1577,-1177,-1177,neg_neg
31.042858408,-1578,-1179,-1179,neg_neg
31.044841277,-1579,-1180,-1180,neg_neg
31.046811517,-1580,-1182,-1182,neg_neg
31.048776845,-1581,-1183,-1183,neg_neg
31.050840765,-1582,-1184,-1184,neg_neg
31.052824705,-1583,-1184,-1184,neg_neg
31.054843947,-1584,-1184,-1184,neg_neg
31.056853897,-1586,-1184,-1184,neg_neg
31.058870404,-1586,-1184,-1184,neg_neg
31.060803929,-1588,-1184,-1184,neg_neg
31.062908922,-1589,-1184,-1184,neg_neg
31.064838894,-1590,-1184,-1184,neg_neg
31.066839007,-1591,-1184,-1184,neg_neg
31.068855353,-1592,-1184,-1184,neg_neg
31.070844997,-1593,-1184,-1184,neg_neg
31.072847231,-1595,-1184,-1184,neg_neg
31.074839112,-1596,-1184,-1184,neg_neg
31.076839299,-1598,-1184,-1184,neg_neg
31.078895638,-1599,-1183,-1183,neg_neg
31.080824991,-1600,-1183,-1183,neg_neg
31.083067346,-1602,-1183,-1183,neg_neg
31.084854954,-1604,-1183,-1183,neg_neg
31.086819019,-1605,-1183,-1183,neg_neg
31.088873916,-1606,-1183,-1183,neg_neg
31.090836325,-1608,-1182,-1182,neg_neg
31.092802853,-1610,-1182,-1182,neg_neg
31.094748439,-1612,-1182,-1182,neg_neg
31.096741399,-1613,-1182,-1182,neg_neg
31.098740202,-1615,-1182,-1182,neg_neg
31.100798498,-1617,-1182,-1182,neg_neg
31.102756862,-1619,-1182,-1182,neg_neg
31.104733755,-1621,-1182,-1182,neg_neg
31.106755613,-1623,-1182,-1182,neg_neg
31.108787042,-1625,-1182,-1182,neg_neg
31.110774502,-1627,-1183,-1183,neg_neg
31.112765648,-1628,-1183,-1183,neg_neg
31.114697609,-1630,-1184,-1184,neg_neg
31.116709963,-1632,-1185,-1185,neg_neg
31.118722763,-1634,-1185,-1185,neg_neg
31.120732166,-1636,-1187,-1187,neg_neg
31.122737009,-1638,-1188,-1188,neg_neg
31.124697206,-1640,-1189,-1189,neg_neg
31.126657458,-1642,-1190,-1190,neg_neg
31.128684331,-1643,-1191,-1191,neg_neg
31.130665163,-1645,-1193,-1193,neg_neg
31.132733663,-1647,-1196,-1196,neg_neg
31.134720702,-1648,-1197,-1197,neg_neg
31.136677635,-1650,-1199,-1199,neg_neg
31.138623296,-1651,-1200,-1200,neg_neg
31.140707819,-1652,-1202,-1202,neg_neg
31.142719773,-1654,-1204,-1204,neg_neg
31.14463984,-1655,-1206,-1206,neg_neg
31.146661559,-1657,-1208,-1208,neg_neg
31.148685258,-1658,-1211,-1211,neg_neg
31.150696769,-1659,-1213,-1213,neg_neg
31.152708173,-1660,-1215,-1215,neg_neg
31.15467904,-1661,-1217,-1217,neg_neg
31.156698568,-1662,-1220,-1220,neg_neg
31.158706528,-1663,-1222,-1222,neg_neg
31.160616165,-1664,-1224,-1224,neg_neg
31.16261198,-1665,-1226,-1226,neg_neg
31.164629241,-1666,-1228,-1228,neg_neg
31.166624903,-1667,-1230,-1230,neg_neg
31.16864488,-1667,-1232,-1232,neg_neg
31.17063298,-1668,-1233,-1233,neg_neg
31.172645508,-1668,-1235,-1235,neg_neg
31.174684821,-1669,-1236,-1236,neg_neg
31.176647595,-1670,-1238,-1238,neg_neg
31.178622059,-1670,-1239,-1239,neg_neg
31.180604836,-1671,-1240,-1240,neg_neg
31.18259856,-1671,-1240,-1240,neg_neg
31.184578634,-1672,-1241,-1241,neg_neg
31.186577803,-1672,-1242,-1242,neg_neg
31.188555803,-1673,-1242,-1242,neg_neg
31.190566092,-1673,-1243,-1243,neg_neg
31.192607112,-1674,-1243,-1243,neg_neg
31.194609225,-1674,-1244,-1244,neg_neg
31.196556097,-1675,-1244,-1244,neg_neg
31.198564597,-1676,-1244,-1244,neg_neg
31.200576754,-1677,-1244,-1244,neg_neg
31.202561372,-1677,-1244,-1244,neg_neg
31.204570334,-1678,-1244,-1244,neg_neg
31.206626095,-1679,-1244,-1244,neg_neg
31.208570308,-1680,-1244,-1244,neg_neg
31.210551706,-1681,-1244,-1244,neg_neg
31.212605587,-1682,-1243,-1243,neg_neg
31.214588884,-1683,-1243,-1243,neg_neg
31.216596806,-1684,-1243,-1243,neg_neg
31.21860004,-1685,-1243,-1243,neg_neg
31.220544753,-1686,-1242,-1242,neg_neg
31.222553493,-1688,-1241,-1241,neg_neg
31.224576498,-1689,-1241,-1241,neg_neg
31.226564819,-1690,-1241,-1241,neg_neg
31.228498297,-1691,-1240,-1240,neg_neg
31.230530783,-1693,-1240,-1240,neg_neg
31.232563749,-1695,-1239,-1239,neg_neg
31.234523201,-1697,-1239,-1239,neg_neg
31.236475323,-1699,-1239,-1239,neg_neg
31.238535489,-1700,-1239,-1239,neg_neg
31.240514051,-1702,-1239,-1239,neg_neg
31.242436306,-1704,-1239,-1239,neg_neg
31.244482254,-1705,-1239,-1239,neg_neg
31.246495411,-1707,-1239,-1239,neg_neg
31.248473278,-1709,-1240,-1240,neg_neg
31.250485269,-1711,-1241,-1241,neg_neg
31.252524841,-1712,-1241,-1241,neg_neg
31.254462739,-1714,-1243,-1243,neg_neg
31.256476033,-1715,-1244,-1244,neg_neg
31.258431119,-1717,-1246,-1246,neg_neg
31.260432667,-1719,-1247,-1247,neg_neg
31.262462432,-1721,-1249,-1249,neg_neg
31.264446638,-1723,-1251,-1251,neg_neg
31.266486852,-1724,-1253,-1253,neg_neg
31.26844224,-1726,-1255,-1255,neg_neg
31.27044618,-1728,-1258,-1258,neg_neg
31.27237852,-1729,-1260,-1260,neg_neg
31.27440485,-1731,-1263,-1263,neg_neg
31.2764186,-1732,-1266,-1266,neg_neg
31.278380792,-1734,-1268,-1268,neg_neg
31.28037807,-1735,-1271,-1271,neg_neg
31.28241578,-1737,-1274,-1274,neg_neg
31.284412709,-1738,-1277,-1277,neg_neg
31.286339908,-1739,-1280,-1280,neg_neg
31.288425047,-1740,-1283,-1283,neg_neg
31.290371396,-1741,-1286,-1286,neg_neg
31.292368717,-1742,-1289,-1289,neg_neg
31.294356194,-1744,-1292,-1292,neg_neg
31.296382553,-1745,-1295,-1295,neg_neg
31.298386148,-1746,-1298,-1298,neg_neg
31.300377855,-1747,-1301,-1301,neg_neg
31.302294144,-1748,-1304,-1304,neg_neg
31.304314343,-1749,-1306,-1306,neg_neg
31.306362229,-1750,-1308,-1308,neg_neg
31.308341801,-1751,-1311,-1311,neg_neg
31.310363449,-1752,-1313,-1313,neg_neg
31.312334044,-1753,-1314,-1314,neg_neg
31.314371932,-1754,-1316,-1316,neg_neg
31.316398315,-1755,-1318,-1318,neg_neg
31.318441483,-1755,-1318,-1318,neg_neg
31.320371937,-1756,-1320,-1320,neg_neg
31.322380663,-1757,-1320,-1320,neg_neg
31.32429647,-1758,-1321,-1321,neg_neg
31.326323949,-1758,-1321,-1321,neg_neg
31.328258721,-1759,-1322,-1322,neg_neg
31.330292602,-1760,-1322,-1322,neg_neg
31.332307821,-1761,-1322,-1322,neg_neg
31.334277372,-1762,-1322,-1322,neg_neg
31.336255357,-1762,-1322,-1322,neg_neg
31.338328254,-1763,-1322,-1322,neg_neg
31.340264861,-1764,-1321,-1321,neg_neg
31.342297942,-1765,-1321,-1321,neg_neg
31.344259913,-1767,-1321,-1321,neg_neg
31.346254177,-1767,-1321,-1321,neg_neg
31.348236151,-1769,-1320,-1320,neg_neg
31.350281695,-1770,-1319,-1319,neg_neg
31.352311296,-1771,-1319,-1319,neg_neg
31.35430976,-1772,-1319,-1319,neg_neg
31.356237176,-1774,-1318,-1318,neg_neg
31.358226192,-1775,-1318,-1318,neg_neg
31.360266913,-1776,-1317,-1317,neg_neg
31.362261589,-1778,-1316,-1316,neg_neg
31.364235844,-1779,-1316,-1316,neg_neg
31.366286746,-1781,-1316,-1316,neg_neg
31.368281918,-1782,-1315,-1315,neg_neg
31.370253689,-1783,-1315,-1315,neg_neg
31.372281018,-1785,-1315,-1315,neg_neg
31.374227187,-1786,-1315,-1315,neg_neg
31.376154608,-1788,-1315,-1315,neg_neg
31.378203611,-1790,-1315,-1315,neg_neg
31.380227034,-1791,-1315,-1315,neg_neg
31.382240544,-1792,-1315,-1315,neg_neg
31.384230679,-1794,-1315,-1315,neg_neg
31.38621695,-1796,-1315,-1315,neg_neg
31.388209051,-1797,-1316,-1316,neg_neg
31.390213607,-1799,-1317,-1317,neg_neg
31.39222043,-1800,-1318,-1318,neg_neg
31.394222636,-1802,-1318,-1318,neg_neg
31.396204884,-1804,-1319,-1319,neg_neg
31.398213851,-1805,-1321,-1321,neg_neg
31.400173305,-1806,-1322,-1322,neg_neg
31.402165749,-1808,-1323,-1323,neg_neg
31.404227749,-1810,-1324,-1324,neg_neg
31.406224372,-1811,-1326,-1326,neg_neg
31.408207608,-1812,-1328,-1328,neg_neg
31.410171509,-1814,-1330,-1330,neg_neg
31.412141695,-1815,-1332,-1332,neg_neg
31.414134142,-1817,-1334,-1334,neg_neg
31.416116075,-1818,-1337,-1337,neg_neg
31.41815613,-1819,-1339,-1339,neg_neg
31.420131199,-1821,-1342,-1342,neg_neg
31.422147543,-1822,-1344,-1344,neg_neg
31.424150706,-1823,-1347,-1347,neg_neg
31.42615288,-1825,-1350,-1350,neg_neg
31.428153948,-1825,-1353,-1353,neg_neg
31.43013837,-1826,-1356,-1356,neg_neg
31.432124606,-1828,-1359,-1359,neg_neg
31.434121812,-1828,-1361,-1361,neg_neg
31.436156618,-1829,-1364,-1364,neg_neg
31.438172783,-1830,-1367,-1367,neg_neg
31.440179469,-1831,-1370,-1370,neg_neg
31.442140854,-1832,-1372,-1372,neg_neg
31.444131285,-1833,-1375,-1375,neg_neg
31.446106267,-1833,-1377,-1377,neg_neg
31.448066686,-1833,-1379,-1379,neg_neg
31.45010039,-1834,-1380,-1380,neg_neg
31.452083072,-1835,-1381,-1381,neg_neg
31.45410207,-1835,-1383,-1383,neg_neg
31.456108402,-1836,-1384,-1384,neg_neg
31.458116023,-1836,-1385,-1385,neg_neg
31.460131746,-1837,-1385,-1385,neg_neg
31.462118803,-1837,-1386,-1386,neg_neg
31.464110945,-1838,-1386,-1386,neg_neg
31.466122437,-1839,-1386,-1386,neg_neg
31.468140019,-1839,-1386,-1386,neg_neg
31.470133826,-1839,-1386,-1386,neg_neg
31.472188574,-1840,-1385,-1385,neg_neg
31.474072622,-1841,-1385,-1385,neg_neg
31.476136674,-1841,-1385,-1385,neg_neg
31.478102122,-1842,-1385,-1385,neg_neg
31.480140407,-1843,-1385,-1385,neg_neg
31.48209717,-1844,-1385,-1385,neg_neg
31.484075743,-1845,-1384,-1384,neg_neg
31.486099762,-1846,-1384,-1384,neg_neg
31.488098578,-1846,-1384,-1384,neg_neg
31.490028991,-1848,-1384,-1384,neg_neg
31.492000332,-1848,-1384,-1384,neg_neg
31.494044239,-1850,-1384,-1384,neg_neg
31.496004558,-1851,-1384,-1384,neg_neg
31.497990344,-1853,-1384,-1384,neg_neg
31.500014575,-1854,-1384,-1384,neg_neg
31.50205614,-1856,-1384,-1384,neg_neg
31.504015451,-1857,-1384,-1384,neg_neg
31.506052034,-1859,-1384,-1384,neg_neg
31.508045452,-1861,-1384,-1384,neg_neg
31.510050527,-1862,-1384,-1384,neg_neg
31.512037229,-1864,-1385,-1385,neg_neg
31.514037308,-1866,-1385,-1385,neg_neg
31.516028036,-1868,-1386,-1386,neg_neg
31.518054895,-1869,-1387,-1387,neg_neg
31.519944948,-1871,-1388,-1388,neg_neg
31.522015267,-1873,-1389,-1389,neg_neg
31.523998962,-1875,-1390,-1390,neg_neg
31.526002548,-1876,-1391,-1391,neg_neg
31.527962134,-1878,-1393,-1393,neg_neg
31.530014226,-1880,-1394,-1394,neg_neg
31.531926303,-1882,-1395,-1395,neg_neg
31.534025945,-1884,-1397,-1397,neg_neg
31.53592009,-1886,-1399,-1399,neg_neg
31.538079938,-1886,-1399,-1399,neg_neg
31.539937966,-1889,-1402,-1402,neg_neg
31.542029287,-1890,-1404,-1404,neg_neg
31.543958901,-1892,-1406,-1406,neg_neg
31.546167903,-1893,-1408,-1408,neg_neg
31.547934099,-1894,-1409,-1409,neg_neg
31.549942188,-1896,-1411,-1411,neg_neg
31.551885847,-1897,-1414,-1414,neg_neg
31.5540614,-1899,-1415,-1415,neg_neg
31.555937127,-1900,-1418,-1418,neg_neg
31.558115011,-1901,-1420,-1420,neg_neg
31.560014611,-1902,-1421,-1421,neg_neg
31.562103199,-1903,-1423,-1423,neg_neg
31.563924839,-1904,-1426,-1426,neg_neg
31.56588468,-1905,-1428,-1428,neg_neg
31.567867214,-1906,-1429,-1429,neg_neg
31.570022646,-1906,-1432,-1432,neg_neg
31.571860018,-1907,-1432,-1432,neg_neg
31.573905625,-1908,-1434,-1434,neg_neg
31.575858466,-1909,-1435,-1435,neg_neg
31.578117691,-1909,-1436,-1436,neg_neg
31.580048352,-1909,-1438,-1438,neg_neg
31.58202302,-1910,-1438,-1438,neg_neg
31.584009922,-1910,-1439,-1439,neg_neg
31.586023226,-1910,-1439,-1439,neg_neg
31.588020812,-1911,-1440,-1440,neg_neg
31.59002419,-1911,-1441,-1441,neg_neg
31.592000786,-1912,-1441,-1441,neg_neg
31.593920456,-1912,-1441,-1441,neg_neg
31.595921222,-1912,-1441,-1441,neg_neg
31.597934685,-1912,-1442,-1442,neg_neg
31.599909638,-1913,-1442,-1442,neg_neg
31.601911488,-1914,-1442,-1442,neg_neg
31.60391841,-1914,-1442,-1442,neg_neg
31.605907742,-1915,-1442,-1442,neg_neg
31.607945862,-1915,-1441,-1441,neg_neg
31.609962787,-1916,-1441,-1441,neg_neg
31.611897718,-1917,-1441,-1441,neg_neg
31.613912005,-1918,-1441,-1441,neg_neg
31.616110086,-1918,-1441,-1441,neg_neg
31.617884702,-1919,-1441,-1441,neg_neg
31.619868422,-1920,-1441,-1441,neg_neg
31.621837425,-1921,-1440,-1440,neg_neg
31.623751685,-1922,-1440,-1440,neg_neg
31.625779747,-1923,-1440,-1440,neg_neg
31.627803681,-1924,-1440,-1440,neg_neg
31.629762389,-1925,-1441,-1441,neg_neg
31.631804899,-1926,-1441,-1441,neg_neg
31.633822379,-1927,-1441,-1441,neg_neg
31.635756167,-1929,-1441,-1441,neg_neg
31.637779965,-1930,-1441,-1441,neg_neg
31.639749352,-1931,-1441,-1441,neg_neg
31.641769347,-1932,-1441,-1441,neg_neg
31.643729507,-1934,-1442,-1442,neg_neg
31.645802243,-1935,-1443,-1443,neg_neg
31.647763131,-1937,-1443,-1443,neg_neg
31.649728351,-1938,-1444,-1444,neg_neg
31.65174478,-1940,-1445,-1445,neg_neg
31.653763319,-1941,-1446,-1446,neg_neg
31.655727154,-1943,-1447,-1447,neg_neg
31.657755695,-1944,-1448,-1448,neg_neg
31.659728547,-1945,-1450,-1450,neg_neg
31.66175259,-1947,-1452,-1452,neg_neg
31.663695225,-1948,-1453,-1453,neg_neg
31.665729106,-1950,-1454,-1454,neg_neg
31.667730205,-1951,-1456,-1456,neg_neg
31.6696876,-1954,-1458,-1458,neg_neg
31.671743964,-1956,-1460,-1460,neg_neg
31.673674148,-1957,-1462,-1462,neg_neg
31.675650182,-1959,-1464,-1464,neg_neg
31.677659296,-1960,-1466,-1466,neg_neg
31.679616538,-1962,-1469,-1469,neg_neg
31.68168903,-1964,-1471,-1471,neg_neg
31.683661144,-1965,-1474,-1474,neg_neg
31.685720003,-1967,-1476,-1476,neg_neg
31.687709084,-1968,-1479,-1479,neg_neg
31.689661327,-1970,-1481,-1481,neg_neg
31.691690049,-1971,-1483,-1483,neg_neg
31.693687951,-1973,-1486,-1486,neg_neg
31.695642703,-1974,-1489,-1489,neg_neg
31.697607604,-1975,-1491,-1491,neg_neg
31.699630697,-1977,-1494,-1494,neg_neg
31.701611542,-1978,-1496,-1496,neg_neg
31.703625053,-1980,-1499,-1499,neg_neg
31.705589772,-1980,-1501,-1501,neg_neg
31.707614797,-1981,-1504,-1504,neg_neg
31.709608257,-1982,-1506,-1506,neg_neg
31.711543805,-1984,-1508,-1508,neg_neg
31.713531054,-1985,-1510,-1510,neg_neg
31.715565353,-1986,-1512,-1512,neg_neg
31.71755876,-1987,-1513,-1513,neg_neg
31.71954464,-1988,-1515,-1515,neg_neg
31.721501079,-1989,-1516,-1516,neg_neg
31.723526308,-1990,-1517,-1517,neg_neg
31.725509959,-1992,-1518,-1518,neg_neg
31.727522444,-1993,-1519,-1519,neg_neg
31.729499784,-1994,-1519,-1519,neg_neg
31.731512416,-1995,-1520,-1520,neg_neg
31.733582379,-1996,-1521,-1521,neg_neg
31.735564696,-1997,-1521,-1521,neg_neg
31.737553775,-1998,-1521,-1521,neg_neg
31.739509938,-1999,-1521,-1521,neg_neg
31.741505911,-2000,-1521,-1521,neg_neg
31.743517285,-2002,-1522,-1522,neg_neg
31.74546171,-2002,-1522,-1522,neg_neg
31.747545188,-2003,-1521,-1521,neg_neg
31.749454208,-2004,-1521,-1521,neg_neg
31.751543146,-2006,-1521,-1521,neg_neg
31.753540214,-2007,-1521,-1521,neg_neg
31.755571987,-2008,-1521,-1521,neg_neg
31.757556468,-2009,-1521,-1521,neg_neg
31.7595844,-2010,-1520,-1520,neg_neg
31.761598692,-2011,-1520,-1520,neg_neg
31.76356564,-2012,-1520,-1520,neg_neg
31.765632708,-2014,-1520,-1520,neg_neg
31.767617474,-2015,-1520,-1520,neg_neg
31.769560037,-2016,-1520,-1520,neg_neg
31.771534609,-2017,-1520,-1520,neg_neg
31.773520745,-2018,-1520,-1520,neg_neg
31.775528855,-2019,-1520,-1520,neg_neg
31.777491151,-2021,-1520,-1520,neg_neg
31.779497619,-2022,-1520,-1520,neg_neg
31.781486405,-2024,-1520,-1520,neg_neg
31.783488092,-2026,-1521,-1521,neg_neg
31.785469881,-2027,-1521,-1521,neg_neg
31.78750502,-2029,-1522,-1522,neg_neg
31.789520681,-2031,-1523,-1523,neg_neg
31.791505645,-2032,-1524,-1524,neg_neg
31.793451478,-2034,-1525,-1525,neg_neg
31.795510232,-2036,-1526,-1526,neg_neg
31.797467047,-2037,-1527,-1527,neg_neg
31.799477868,-2039,-1528,-1528,neg_neg
31.801465726,-2040,-1529,-1529,neg_neg
31.803409766,-2042,-1531,-1531,neg_neg
31.805448217,-2044,-1532,-1532,neg_neg
31.807411406,-2046,-1534,-1534,neg_neg
31.809416668,-2047,-1535,-1535,neg_neg
31.811389246,-2049,-1537,-1537,neg_neg
31.813429567,-2050,-1539,-1539,neg_neg
31.815429158,-2051,-1540,-1540,neg_neg
31.817423492,-2053,-1542,-1542,neg_neg
31.819422836,-2054,-1544,-1544,neg_neg
31.821402518,-2056,-1546,-1546,neg_neg
31.823452585,-2057,-1548,-1548,neg_neg
31.82544036,-2058,-1550,-1550,neg_neg
31.827453974,-2060,-1552,-1552,neg_neg
31.829475582,-2061,-1553,-1553,neg_neg
31.8314265,-2062,-1555,-1555,neg_neg
31.833383359,-2063,-1557,-1557,neg_neg
31.835323478,-2064,-1559,-1559,neg_neg
31.837385559,-2065,-1561,-1561,neg_neg
31.839298723,-2066,-1562,-1562,neg_neg
31.841359532,-2066,-1563,-1563,neg_neg
31.843351537,-2066,-1565,-1565,neg_neg
31.845351581,-2067,-1565,-1565,neg_neg
31.84730285,-2067,-1567,-1567,neg_neg
31.849303514,-2067,-1567,-1567,neg_neg
31.851315516,-2068,-1568,-1568,neg_neg
31.853363034,-2068,-1568,-1568,neg_neg
31.855296217,-2068,-1569,-1569,neg_neg
31.857294115,-2068,-1569,-1569,neg_neg
31.859308217,-2068,-1569,-1569,neg_neg
31.861327938,-2068,-1569,-1569,neg_neg
31.863326174,-2069,-1569,-1569,neg_neg
31.865303737,-2069,-1569,-1569,neg_neg
31.867275539,-2069,-1569,-1569,neg_neg
31.869321501,-2070,-1569,-1569,neg_neg
31.871324637,-2070,-1569,-1569,neg_neg
31.87334603,-2071,-1569,-1569,neg_neg
31.875302106,-2071,-1569,-1569,neg_neg
31.877295145,-2072,-1569,-1569,neg_neg
31.879311916,-2073,-1570,-1570,neg_neg
31.881314507,-2074,-1570,-1570,neg_neg
31.883407559,-2075,-1570,-1570,neg_neg
31.885340753,-2076,-1571,-1571,neg_neg
31.887261366,-2077,-1571,-1571,neg_neg
31.889238523,-2078,-1572,-1572,neg_neg
31.891222161,-2080,-1572,-1572,neg_neg
31.893208817,-2081,-1573,-1573,neg_neg
31.895158768,-2082,-1574,-1574,neg_neg
31.897190892,-2084,-1575,-1575,neg_neg
31.899212539,-2086,-1576,-1576,neg_neg
31.901209894,-2087,-1577,-1577,neg_neg
31.903229345,-2089,-1578,-1578,neg_neg
31.90518774,-2090,-1581,-1581,neg_neg
31.907190889,-2092,-1582,-1582,neg_neg
31.909187913,-2094,-1584,-1584,neg_neg
31.911194636,-2096,-1585,-1585,neg_neg
31.913172524,-2098,-1587,-1587,neg_neg
31.915125489,-2100,-1588,-1588,neg_neg
31.917175696,-2101,-1590,-1590,neg_neg
31.91912545,-2104,-1592,-1592,neg_neg
31.921199164,-2105,-1594,-1594,neg_neg
31.923153215,-2108,-1595,-1595,neg_neg
31.925220361,-2109,-1598,-1598,neg_neg
31.927200655,-2111,-1600,-1600,neg_neg
31.929209463,-2113,-1602,-1602,neg_neg
31.931190599,-2115,-1604,-1604,neg_neg
31.933293044,-2117,-1606,-1606,neg_neg
31.935295403,-2118,-1608,-1608,neg_neg
31.93729615,-2120,-1610,-1610,neg_neg
31.939188011,-2122,-1613,-1613,neg_neg
31.941285543,-2123,-1615,-1615,neg_neg
31.943230959,-2125,-1617,-1617,neg_neg
31.945333508,-2127,-1619,-1619,neg_neg
31.94728479,-2128,-1621,-1621,neg_neg
31.949218289,-2130,-1623,-1623,neg_neg
31.951207799,-2131,-1624,-1624,neg_neg
31.953210314,-2133,-1626,-1626,neg_neg
31.95525575,-2134,-1627,-1627,neg_neg
31.95727796,-2136,-1629,-1629,neg_neg
31.95928283,-2137,-1630,-1630,neg_neg
31.961281609,-2138,-1631,-1631,neg_neg
31.963282874,-2139,-1632,-1632,neg_neg
31.965249379,-2140,-1633,-1633,neg_neg
31.96727483,-2141,-1634,-1634,neg_neg
31.969248929,-2142,-1634,-1634,neg_neg
31.971231182,-2143,-1635,-1635,neg_neg
31.973271546,-2144,-1636,-1636,neg_neg
31.975228751,-2145,-1636,-1636,neg_neg
31.977240351,-2145,-1637,-1637,neg_neg
31.979245575,-2146,-1637,-1637,neg_neg
31.981256213,-2147,-1637,-1637,neg_neg
31.983207896,-2148,-1637,-1637,neg_neg
31.985232072,-2149,-1638,-1638,neg_neg
31.987257065,-2150,-1638,-1638,neg_neg
31.989200451,-2150,-1638,-1638,neg_neg
31.991235286,-2151,-1638,-1638,neg_neg
31.993232584,-2152,-1638,-1638,neg_neg
31.995190922,-2153,-1638,-1638,neg_neg
31.997110549,-2154,-1638,-1638,neg_neg
31.999134532,-2155,-1638,-1638,neg_neg
32.001088884,-2156,-1638,-1638,neg_neg
32.003105571,-2157,-1638,-1638,neg_neg
32.00519541,-2158,-1638,-1638,neg_neg
32.00708366,-2159,-1638,-1638,neg_neg
32.009086544,-2160,-1638,-1638,neg_neg
32.011107827,-2161,-1638,-1638,neg_neg
32.01311676,-2162,-1638,-1638,neg_neg
32.015077396,-2163,-1638,-1638,neg_neg
32.017081311,-2164,-1638,-1638,neg_neg
32.019026165,-2165,-1638,-1638,neg_neg
32.021119401,-2166,-1638,-1638,neg_neg
32.023075199,-2167,-1639,-1639,neg_neg
32.025089393,-2168,-1639,-1639,neg_neg
32.027125878,-2170,-1639,-1639,neg_neg
32.02903481,-2171,-1640,-1640,neg_neg
32.031071566,-2172,-1640,-1640,neg_neg
32.033051462,-2173,-1641,-1641,neg_neg
32.035049746,-2174,-1642,-1642,neg_neg
32.037102759,-2176,-1642,-1642,neg_neg
32.039076299,-2177,-1643,-1643,neg_neg
32.041066487,-2179,-1644,-1644,neg_neg
32.043026836,-2180,-1645,-1645,neg_neg
32.044970427,-2181,-1646,-1646,neg_neg
32.047022417,-2183,-1648,-1648,neg_neg
32.048983023,-2184,-1649,-1649,neg_neg
32.051083346,-2185,-1651,-1651,neg_neg
32.053083486,-2187,-1652,-1652,neg_neg
32.055035561,-2188,-1654,-1654,neg_neg
32.056959739,-2189,-1656,-1656,neg_neg
32.058927611,-2190,-1658,-1658,neg_neg
32.060968977,-2191,-1660,-1660,neg_neg
32.062961391,-2192,-1663,-1663,neg_neg
32.065025345,-2193,-1665,-1665,neg_neg
32.066968606,-2194,-1667,-1667,neg_neg
32.06905315,-2195,-1669,-1669,neg_neg
32.07100876,-2197,-1672,-1672,neg_neg
32.073034807,-2198,-1674,-1674,neg_neg
32.075037811,-2199,-1676,-1676,neg_neg
32.076942875,-2200,-1679,-1679,neg_neg
32.078914942,-2201,-1681,-1681,neg_neg
32.080880404,-2203,-1683,-1683,neg_neg
32.082992541,-2204,-1685,-1685,neg_neg
32.084946205,-2205,-1687,-1687,neg_neg
32.087125768,-2206,-1689,-1689,neg_neg
32.08908516,-2207,-1692,-1692,neg_neg
32.091054938,-2209,-1694,-1694,neg_neg
32.092999212,-2210,-1696,-1696,neg_neg
32.094979352,-2212,-1698,-1698,neg_neg
32.096932964,-2213,-1700,-1700,neg_neg
32.099038352,-2214,-1702,-1702,neg_neg
32.10099332,-2216,-1703,-1703,neg_neg
32.103027501,-2217,-1705,-1705,neg_neg
32.104849419,-2218,-1707,-1707,neg_neg
32.106825599,-2220,-1708,-1708,neg_neg
32.108904357,-2221,-1709,-1709,neg_neg
32.111111802,-2222,-1710,-1710,neg_neg
32.112879282,-2223,-1710,-1710,neg_neg
32.114894769,-2225,-1711,-1711,neg_neg
32.116906533,-2226,-1712,-1712,neg_neg
32.118896536,-2227,-1712,-1712,neg_neg
32.120873311,-2228,-1713,-1713,neg_neg
32.123039091,-2229,-1713,-1713,neg_neg
32.124837936,-2230,-1713,-1713,neg_neg
32.126922681,-2231,-1713,-1713,neg_neg
32.128912486,-2232,-1713,-1713,neg_neg
32.130953308,-2234,-1713,-1713,neg_neg
32.132945415,-2235,-1713,-1713,neg_neg
32.134967552,-2236,-1713,-1713,neg_neg
32.13693472,-2237,-1714,-1714,neg_neg
32.138890794,-2238,-1714,-1714,neg_neg
32.140827329,-2239,-1714,-1714,neg_neg
32.142879228,-2240,-1714,-1714,neg_neg
32.144854181,-2241,-1714,-1714,neg_neg
32.146846655,-2242,-1714,-1714,neg_neg
32.14880997,-2243,-1714,-1714,neg_neg
32.150853453,-2244,-1713,-1713,neg_neg
32.152811381,-2246,-1713,-1713,neg_neg
32.154897352,-2247,-1713,-1713,neg_neg
32.156845864,-2248,-1713,-1713,neg_neg
32.158964552,-2249,-1713,-1713,neg_neg
32.160867817,-2250,-1713,-1713,neg_neg
32.162814754,-2251,-1713,-1713,neg_neg
32.164964714,-2253,-1713,-1713,neg_neg
32.166897309,-2254,-1714,-1714,neg_neg
32.169030136,-2255,-1714,-1714,neg_neg
32.170827825,-2256,-1714,-1714,neg_neg
32.172981591,-2258,-1715,-1715,neg_neg
32.174905172,-2259,-1715,-1715,neg_neg
32.176875235,-2261,-1716,-1716,neg_neg
32.17887397,-2263,-1717,-1717,neg_neg
32.180797369,-2264,-1718,-1718,neg_neg
32.182813601,-2266,-1718,-1718,neg_neg
32.184739001,-2267,-1720,-1720,neg_neg
32.186821654,-2269,-1720,-1720,neg_neg
32.18888357,-2271,-1722,-1722,neg_neg
32.190860328,-2272,-1723,-1723,neg_neg
32.193054891,-2274,-1724,-1724,neg_neg
32.194778669,-2276,-1725,-1725,neg_neg
32.196697881,-2277,-1727,-1727,neg_neg
32.198682767,-2279,-1728,-1728,neg_neg
32.200644042,-2281,-1729,-1729,neg_neg
32.202706457,-2283,-1731,-1731,neg_neg
32.204813595,-2284,-1732,-1732,neg_neg
32.206744856,-2286,-1735,-1735,neg_neg
32.208727855,-2287,-1736,-1736,neg_neg
32.210729529,-2289,-1738,-1738,neg_neg
32.212701078,-2290,-1740,-1740,neg_neg
32.214736857,-2292,-1742,-1742,neg_neg
32.216688935,-2293,-1743,-1743,neg_neg
32.218750808,-2294,-1746,-1746,neg_neg
32.220698527,-2295,-1748,-1748,neg_neg
32.222694968,-2297,-1750,-1750,neg_neg
32.224697434,-2297,-1751,-1751,neg_neg
32.226710979,-2299,-1753,-1753,neg_neg
32.228695126,-2299,-1756,-1756,neg_neg
32.230699613,-2300,-1757,-1757,neg_neg
32.232705259,-2301,-1759,-1759,neg_neg
32.234681485,-2302,-1760,-1760,neg_neg
32.236682976,-2302,-1762,-1762,neg_neg
32.238696854,-2303,-1763,-1763,neg_neg
32.240635308,-2304,-1764,-1764,neg_neg
32.242636149,-2304,-1765,-1765,neg_neg
32.244651613,-2305,-1765,-1765,neg_neg
32.246688814,-2305,-1766,-1766,neg_neg
32.248628884,-2305,-1767,-1767,neg_neg
32.250680561,-2306,-1767,-1767,neg_neg
32.252639616,-2306,-1768,-1768,neg_neg
32.254762461,-2307,-1768,-1768,neg_neg
32.256685889,-2307,-1768,-1768,neg_neg
32.25865694,-2308,-1768,-1768,neg_neg
32.260661576,-2308,-1768,-1768,neg_neg
32.262680683,-2308,-1768,-1768,neg_neg
32.264717206,-2309,-1768,-1768,neg_neg
32.266621716,-2309,-1767,-1767,neg_neg
32.268660372,-2310,-1767,-1767,neg_neg
32.270641536,-2310,-1766,-1766,neg_neg
32.272642133,-2311,-1766,-1766,neg_neg
32.274565558,-2311,-1765,-1765,neg_neg
32.276656576,-2312,-1765,-1765,neg_neg
32.278694027,-2312,-1765,-1765,neg_neg
32.280553517,-2313,-1764,-1764,neg_neg
32.282528574,-2314,-1764,-1764,neg_neg
32.284590735,-2315,-1764,-1764,neg_neg
32.286551019,-2316,-1764,-1764,neg_neg
32.288536121,-2317,-1763,-1763,neg_neg
32.290589613,-2318,-1764,-1764,neg_neg
32.292592136,-2319,-1763,-1763,neg_neg
32.294551658,-2320,-1764,-1764,neg_neg
32.296592062,-2322,-1764,-1764,neg_neg
32.29860596,-2323,-1764,-1764,neg_neg
32.300534042,-2324,-1765,-1765,neg_neg
32.302573913,-2326,-1765,-1765,neg_neg
32.304571006,-2327,-1766,-1766,neg_neg
32.306541477,-2328,-1767,-1767,neg_neg
32.30847681,-2330,-1769,-1769,neg_neg
32.310476516,-2331,-1770,-1770,neg_neg
32.312467548,-2333,-1772,-1772,neg_neg
32.314463539,-2335,-1773,-1773,neg_neg
32.316479668,-2336,-1775,-1775,neg_neg
32.31857748,-2338,-1777,-1777,neg_neg
32.320503288,-2339,-1779,-1779,neg_neg
32.3224739,-2341,-1781,-1781,neg_neg
32.324565986,-2343,-1783,-1783,neg_neg
32.326495107,-2345,-1786,-1786,neg_neg
32.328511437,-2346,-1788,-1788,neg_neg
32.33043223,-2348,-1790,-1790,neg_neg
32.332484654,-2350,-1792,-1792,neg_neg
32.334402265,-2352,-1795,-1795,neg_neg
32.336472551,-2353,-1798,-1798,neg_neg
32.338428993,-2355,-1800,-1800,neg_neg
32.340456707,-2356,-1803,-1803,neg_neg
32.342478086,-2358,-1806,-1806,neg_neg
32.344419864,-2359,-1809,-1809,neg_neg
32.346450698,-2361,-1811,-1811,neg_neg
32.348393137,-2362,-1814,-1814,neg_neg
32.350393409,-2363,-1817,-1817,neg_neg
32.352476249,-2365,-1819,-1819,neg_neg
32.354435382,-2366,-1822,-1822,neg_neg
32.356384419,-2367,-1825,-1825,neg_neg
32.358392698,-2369,-1827,-1827,neg_neg
32.360442542,-2370,-1829,-1829,neg_neg
32.362381587,-2371,-1831,-1831,neg_neg
32.364374428,-2371,-1833,-1833,neg_neg
32.366358699,-2373,-1834,-1834,neg_neg
32.36841619,-2373,-1836,-1836,neg_neg
32.370411148,-2374,-1837,-1837,neg_neg
32.372372069,-2375,-1837,-1837,neg_neg
32.374390362,-2376,-1838,-1838,neg_neg
32.376420543,-2376,-1838,-1838,neg_neg
32.378388572,-2377,-1839,-1839,neg_neg
32.380407166,-2377,-1839,-1839,neg_neg
32.38235337,-2378,-1839,-1839,neg_neg
32.384331398,-2379,-1839,-1839,neg_neg
32.386355524,-2380,-1839,-1839,neg_neg
32.388327069,-2380,-1839,-1839,neg_neg
32.390347025,-2381,-1839,-1839,neg_neg
32.392302408,-2382,-1839,-1839,neg_neg
32.394381497,-2383,-1839,-1839,neg_neg
32.396362817,-2383,-1838,-1838,neg_neg
32.39831837,-2384,-1838,-1838,neg_neg
32.400351157,-2385,-1838,-1838,neg_neg
32.402297139,-2386,-1837,-1837,neg_neg
32.404344433,-2387,-1837,-1837,neg_neg
32.406295601,-2388,-1836,-1836,neg_neg
32.408321776,-2389,-1836,-1836,neg_neg
32.410368277,-2389,-1835,-1835,neg_neg
32.412280628,-2390,-1835,-1835,neg_neg
32.414344574,-2392,-1834,-1834,neg_neg
32.41625809,-2393,-1834,-1834,neg_neg
32.418302336,-2394,-1833,-1833,neg_neg
32.420270003,-2396,-1833,-1833,neg_neg
32.422299968,-2397,-1832,-1832,neg_neg
32.42429337,-2398,-1832,-1832,neg_neg
32.426325449,-2400,-1832,-1832,neg_neg
32.428283162,-2401,-1832,-1832,neg_neg
32.430276105,-2402,-1832,-1832,neg_neg
32.432227771,-2404,-1832,-1832,neg_neg
32.434255519,-2405,-1832,-1832,neg_neg
32.436334602,-2407,-1832,-1832,neg_neg
32.438219825,-2409,-1832,-1832,neg_neg
32.440278919,-2411,-1833,-1833,neg_neg
32.442214371,-2412,-1833,-1833,neg_neg
32.444262397,-2414,-1833,-1833,neg_neg
32.44621831,-2416,-1834,-1834,neg_neg
32.448275273,-2417,-1835,-1835,neg_neg
32.450288443,-2419,-1836,-1836,neg_neg
32.452251297,-2420,-1837,-1837,neg_neg
32.454228181,-2423,-1838,-1838,neg_neg
32.456245516,-2424,-1840,-1840,neg_neg
32.458200984,-2426,-1841,-1841,neg_neg
32.460225041,-2428,-1842,-1842,neg_neg
32.462190007,-2430,-1844,-1844,neg_neg
32.464191161,-2431,-1845,-1845,neg_neg
32.466194678,-2433,-1847,-1847,neg_neg
32.468210785,-2435,-1849,-1849,neg_neg
32.470208963,-2436,-1850,-1850,neg_neg
32.472141752,-2438,-1852,-1852,neg_neg
32.474153722,-2439,-1854,-1854,neg_neg
32.476198396,-2440,-1856,-1856,neg_neg
32.478208374,-2442,-1857,-1857,neg_neg
32.480163969,-2443,-1859,-1859,neg_neg
32.482231818,-2445,-1861,-1861,neg_neg
32.484190487,-2446,-1863,-1863,neg_neg
32.486150487,-2447,-1864,-1864,neg_neg
32.488137542,-2448,-1866,-1866,neg_neg
32.490173551,-2449,-1868,-1868,neg_neg
32.49212783,-2451,-1870,-1870,neg_neg
32.494130998,-2452,-1871,-1871,neg_neg
32.496120921,-2453,-1873,-1873,neg_neg
32.498065142,-2454,-1875,-1875,neg_neg
32.500081968,-2455,-1877,-1877,neg_neg
32.502109173,-2456,-1879,-1879,neg_neg
32.504084233,-2456,-1880,-1880,neg_neg
32.506134615,-2457,-1882,-1882,neg_neg
32.508086965,-2458,-1883,-1883,neg_neg
32.510138582,-2458,-1884,-1884,neg_neg
32.512067058,-2459,-1885,-1885,neg_neg
32.514169097,-2459,-1886,-1886,neg_neg
32.516127364,-2459,-1887,-1887,neg_neg
32.518186674,-2460,-1887,-1887,neg_neg
32.520071486,-2460,-1888,-1888,neg_neg
32.522060521,-2461,-1888,-1888,neg_neg
32.524060182,-2461,-1888,-1888,neg_neg
32.526070385,-2461,-1888,-1888,neg_neg
32.528107035,-2461,-1888,-1888,neg_neg
32.530110731,-2461,-1888,-1888,neg_neg
32.53206882,-2461,-1887,-1887,neg_neg
32.534128593,-2462,-1887,-1887,neg_neg
32.536094356,-2462,-1886,-1886,neg_neg
32.538079821,-2462,-1885,-1885,neg_neg
32.540124472,-2462,-1885,-1885,neg_neg
32.542065111,-2463,-1884,-1884,neg_neg
32.544041233,-2463,-1883,-1883,neg_neg
32.546080802,-2463,-1882,-1882,neg_neg
32.548020375,-2464,-1881,-1881,neg_neg
32.550072317,-2464,-1881,-1881,neg_neg
32.552029916,-2465,-1880,-1880,neg_neg
32.554046636,-2466,-1879,-1879,neg_neg
32.556058814,-2467,-1879,-1879,neg_neg
32.558057663,-2468,-1879,-1879,neg_neg
32.56005421,-2469,-1878,-1878,neg_neg
32.562145546,-2470,-1878,-1878,neg_neg
32.564025754,-2471,-1879,-1879,neg_neg
32.566004495,-2473,-1879,-1879,neg_neg
32.568015125,-2474,-1879,-1879,neg_neg
32.570042043,-2475,-1880,-1880,neg_neg
32.572015826,-2477,-1880,-1880,neg_neg
32.574178175,-2479,-1882,-1882,neg_neg
32.575997619,-2481,-1883,-1883,neg_neg
32.577027206,-2482,-1883,-1883,neg_neg
32.578969664,-2483,-1885,-1885,neg_neg
32.580982362,-2485,-1886,-1886,neg_neg
32.583072627,-2487,-1888,-1888,neg_neg
32.585104485,-2489,-1890,-1890,neg_neg
32.587000276,-2491,-1891,-1891,neg_neg
32.588966668,-2493,-1894,-1894,neg_neg
32.590941554,-2495,-1896,-1896,neg_neg
32.592955586,-2496,-1898,-1898,neg_neg
32.594905664,-2498,-1902,-1902,neg_neg
32.59694104,-2501,-1905,-1905,neg_neg
32.598976929,-2502,-1908,-1908,neg_neg
32.600938615,-2504,-1911,-1911,neg_neg
32.60299638,-2506,-1914,-1914,neg_neg
32.604952656,-2509,-1917,-1917,neg_neg
32.606961296,-2510,-1921,-1921,neg_neg
32.608933465,-2512,-1924,-1924,neg_neg
32.611025726,-2515,-1927,-1927,neg_neg
32.612875657,-2516,-1931,-1931,neg_neg
32.614964725,-2518,-1934,-1934,neg_neg
32.616905417,-2520,-1938,-1938,neg_neg
32.618982913,-2521,-1941,-1941,neg_neg
32.620911132,-2523,-1944,-1944,neg_neg
32.622988129,-2524,-1948,-1948,neg_neg
32.624909118,-2526,-1950,-1950,neg_neg
32.627004127,-2527,-1953,-1953,neg_neg
32.628926965,-2529,-1956,-1956,neg_neg
32.631166709,-2529,-1958,-1958,neg_neg
32.632882468,-2531,-1961,-1961,neg_neg
32.635054738,-2532,-1963,-1963,neg_neg
32.636935742,-2533,-1965,-1965,neg_neg
32.638907477,-2534,-1966,-1966,neg_neg
32.640875082,-2535,-1968,-1968,neg_neg
32.642895014,-2536,-1969,-1969,neg_neg
32.6449125,-2537,-1970,-1970,neg_neg
32.646903724,-2538,-1971,-1971,neg_neg
32.648894695,-2538,-1971,-1971,neg_neg
32.650932509,-2539,-1972,-1972,neg_neg
32.652872868,-2540,-1972,-1972,neg_neg
32.654882721,-2541,-1973,-1973,neg_neg
32.656857769,-2542,-1973,-1973,neg_neg
32.658865328,-2542,-1973,-1973,neg_neg
32.660870486,-2543,-1973,-1973,neg_neg
32.662897006,-2544,-1972,-1972,neg_neg
32.664842654,-2544,-1972,-1972,neg_neg
32.666844071,-2545,-1972,-1972,neg_neg
32.668807045,-2546,-1971,-1971,neg_neg
32.67087265,-2547,-1970,-1970,neg_neg
32.672899545,-2547,-1970,-1970,neg_neg
32.674868328,-2548,-1969,-1969,neg_neg
32.676856326,-2549,-1968,-1968,neg_neg
32.678852469,-2550,-1967,-1967,neg_neg
32.680816892,-2551,-1965,-1965,neg_neg
32.682858237,-2552,-1964,-1964,neg_neg
32.684836701,-2553,-1963,-1963,neg_neg
32.686777274,-2554,-1962,-1962,neg_neg
32.688847835,-2555,-1960,-1960,neg_neg
32.69079898,-2557,-1959,-1959,neg_neg
32.692800242,-2558,-1958,-1958,neg_neg
32.694772932,-2559,-1956,-1956,neg_neg
32.696763094,-2561,-1955,-1955,neg_neg
32.698867462,-2562,-1955,-1955,neg_neg
32.700802373,-2564,-1954,-1954,neg_neg
32.702778079,-2565,-1954,-1954,neg_neg
32.704798259,-2567,-1953,-1953,neg_neg
32.70680263,-2568,-1953,-1953,neg_neg
32.708745857,-2570,-1953,-1953,neg_neg
32.710787327,-2572,-1953,-1953,neg_neg
32.712738161,-2573,-1954,-1954,neg_neg
32.714796927,-2575,-1954,-1954,neg_neg
32.716711478,-2577,-1955,-1955,neg_neg
32.718796838,-2578,-1955,-1955,neg_neg
32.720842267,-2580,-1956,-1956,neg_neg
32.72282821,-2582,-1957,-1957,neg_neg
32.724744535,-2584,-1959,-1959,neg_neg
32.726810776,-2586,-1960,-1960,neg_neg
32.728855403,-2588,-1963,-1963,neg_neg
32.730801435,-2590,-1964,-1964,neg_neg
32.732757286,-2592,-1966,-1966,neg_neg
32.734759586,-2594,-1968,-1968,neg_neg
32.736811071,-2596,-1971,-1971,neg_neg
32.738705171,-2598,-1973,-1973,neg_neg
32.740700527,-2600,-1975,-1975,neg_neg
32.742736023,-2602,-1978,-1978,neg_neg
32.744680234,-2603,-1980,-1980,neg_neg
32.746717229,-2606,-1983,-1983,neg_neg
32.748713432,-2608,-1986,-1986,neg_neg
32.750704537,-2609,-1989,-1989,neg_neg
32.752718497,-2612,-1992,-1992,neg_neg
32.754702822,-2613,-1994,-1994,neg_neg
32.756709534,-2615,-1998,-1998,neg_neg
32.758711071,-2616,-2001,-2001,neg_neg
32.760694764,-2618,-2004,-2004,neg_neg
32.762696933,-2619,-2006,-2006,neg_neg
32.764703269,-2621,-2009,-2009,neg_neg
32.766682417,-2622,-2011,-2011,neg_neg
32.768709849,-2623,-2013,-2013,neg_neg
32.770679742,-2624,-2015,-2015,neg_neg
32.772679916,-2624,-2016,-2016,neg_neg
32.774688547,-2626,-2018,-2018,neg_neg
32.776642623,-2626,-2019,-2019,neg_neg
32.778714009,-2627,-2020,-2020,neg_neg
32.780652157,-2627,-2022,-2022,neg_neg
32.782768771,-2628,-2022,-2022,neg_neg
32.784720781,-2628,-2023,-2023,neg_neg
32.786672485,-2628,-2024,-2024,neg_neg
32.788670994,-2628,-2024,-2024,neg_neg
32.790625648,-2628,-2024,-2024,neg_neg
32.792680847,-2628,-2025,-2025,neg_neg
32.794606757,-2628,-2024,-2024,neg_neg
32.796717954,-2628,-2024,-2024,neg_neg
32.798705629,-2628,-2024,-2024,neg_neg
32.800641948,-2628,-2024,-2024,neg_neg
32.802661706,-2628,-2024,-2024,neg_neg
32.804634482,-2628,-2024,-2024,neg_neg
32.806624172,-2629,-2023,-2023,neg_neg
32.808595065,-2628,-2022,-2022,neg_neg
32.810626507,-2629,-2022,-2022,neg_neg
32.812661404,-2629,-2022,-2022,neg_neg
32.814559367,-2629,-2021,-2021,neg_neg
32.816632884,-2630,-2021,-2021,neg_neg
32.818532707,-2630,-2021,-2021,neg_neg
32.820556654,-2631,-2021,-2021,neg_neg
32.822589773,-2631,-2019,-2019,neg_neg
32.824578378,-2632,-2019,-2019,neg_neg
32.82653829,-2633,-2019,-2019,neg_neg
32.828558423,-2633,-2018,-2018,neg_neg
32.830556742,-2634,-2018,-2018,neg_neg
32.832543366,-2635,-2018,-2018,neg_neg
32.834589991,-2636,-2017,-2017,neg_neg
32.836545057,-2638,-2017,-2017,neg_neg
32.838571771,-2639,-2017,-2017,neg_neg
32.84053028,-2641,-2017,-2017,neg_neg
32.842533626,-2642,-2017,-2017,neg_neg
32.844528137,-2644,-2017,-2017,neg_neg
32.846476166,-2645,-2017,-2017,neg_neg
32.848495049,-2647,-2018,-2018,neg_neg
32.850445253,-2648,-2018,-2018,neg_neg
32.852467294,-2650,-2019,-2019,neg_neg
32.854472778,-2652,-2019,-2019,neg_neg
32.856469738,-2654,-2020,-2020,neg_neg
32.858524571,-2655,-2021,-2021,neg_neg
32.860478797,-2657,-2022,-2022,neg_neg
32.862539131,-2658,-2024,-2024,neg_neg
32.864455335,-2660,-2026,-2026,neg_neg
32.866500695,-2662,-2028,-2028,neg_neg
32.868480669,-2664,-2029,-2029,neg_neg
32.870480563,-2666,-2031,-2031,neg_neg
32.872506202,-2668,-2033,-2033,neg_neg
32.874488282,-2670,-2036,-2036,neg_neg
32.876533105,-2671,-2038,-2038,neg_neg
32.878426869,-2673,-2040,-2040,neg_neg
32.880413597,-2675,-2043,-2043,neg_neg
32.882442877,-2677,-2046,-2046,neg_neg
32.884425721,-2678,-2049,-2049,neg_neg
32.886450293,-2680,-2052,-2052,neg_neg
32.888374869,-2682,-2055,-2055,neg_neg
32.890404142,-2684,-2058,-2058,neg_neg
32.892383202,-2685,-2062,-2062,neg_neg
32.894466445,-2686,-2065,-2065,neg_neg
32.896381274,-2688,-2068,-2068,neg_neg
32.89841877,-2689,-2071,-2071,neg_neg
32.900378931,-2691,-2075,-2075,neg_neg
32.90240113,-2692,-2078,-2078,neg_neg
32.904375775,-2693,-2080,-2080,neg_neg
32.906420188,-2694,-2084,-2084,neg_neg
32.908350222,-2695,-2086,-2086,neg_neg
32.910375559,-2696,-2089,-2089,neg_neg
32.912396019,-2696,-2091,-2091,neg_neg
32.914363179,-2697,-2093,-2093,neg_neg
32.916398189,-2697,-2095,-2095,neg_neg
32.918364829,-2698,-2096,-2096,neg_neg
32.920385273,-2698,-2097,-2097,neg_neg
32.922378877,-2699,-2098,-2098,neg_neg
32.924405258,-2699,-2099,-2099,neg_neg
32.926417142,-2699,-2100,-2100,neg_neg
32.92836329,-2700,-2100,-2100,neg_neg
32.930439348,-2700,-2100,-2100,neg_neg
32.932404357,-2700,-2100,-2100,neg_neg
32.934370297,-2701,-2100,-2100,neg_neg
32.936317435,-2701,-2100,-2100,neg_neg
32.938441418,-2701,-2100,-2100,neg_neg
32.940350723,-2702,-2099,-2099,neg_neg
32.942319973,-2702,-2099,-2099,neg_neg
32.944340931,-2702,-2098,-2098,neg_neg
32.946459996,-2703,-2098,-2098,neg_neg
32.948422432,-2704,-2097,-2097,neg_neg
32.950404091,-2704,-2096,-2096,neg_neg
32.952295261,-2705,-2095,-2095,neg_neg
32.954257,-2705,-2093,-2093,neg_neg
32.956345826,-2706,-2093,-2093,neg_neg
32.958301315,-2706,-2092,-2092,neg_neg
32.960364532,-2707,-2091,-2091,neg_neg
32.962323038,-2708,-2090,-2090,neg_neg
32.964338572,-2709,-2089,-2089,neg_neg
32.966241756,-2710,-2088,-2088,neg_neg
32.968248086,-2711,-2088,-2088,neg_neg
32.970242032,-2712,-2087,-2087,neg_neg
32.972357488,-2713,-2087,-2087,neg_neg
32.974269271,-2714,-2086,-2086,neg_neg
32.976270355,-2716,-2086,-2086,neg_neg
32.978362847,-2717,-2086,-2086,neg_neg
32.98023978,-2719,-2085,-2085,neg_neg
32.982281137,-2720,-2085,-2085,neg_neg
32.98431183,-2722,-2086,-2086,neg_neg
32.986270199,-2724,-2086,-2086,neg_neg
32.988314358,-2725,-2086,-2086,neg_neg
32.990250635,-2727,-2087,-2087,neg_neg
32.992230111,-2729,-2087,-2087,neg_neg
32.994217325,-2730,-2088,-2088,neg_neg
32.996248065,-2732,-2090,-2090,neg_neg
32.998303266,-2734,-2091,-2091,neg_neg
33.000211196,-2736,-2092,-2092,neg_neg
33.002297438,-2738,-2094,-2094,neg_neg
33.00426199,-2739,-2096,-2096,neg_neg
33.006243427,-2741,-2098,-2098,neg_neg
33.008288131,-2743,-2100,-2100,neg_neg
33.010273206,-2745,-2102,-2102,neg_neg
33.012345452,-2747,-2104,-2104,neg_neg
33.014219412,-2749,-2107,-2107,neg_neg
33.016199415,-2750,-2109,-2109,neg_neg
33.018196679,-2752,-2112,-2112,neg_neg
33.020165626,-2754,-2115,-2115,neg_neg
33.022200201,-2755,-2118,-2118,neg_neg
33.024252027,-2757,-2121,-2121,neg_neg
33.026265219,-2759,-2124,-2124,neg_neg
33.028183737,-2761,-2127,-2127,neg_neg
33.030194299,-2762,-2131,-2131,neg_neg
33.032176954,-2764,-2134,-2134,neg_neg
33.034084327,-2765,-2137,-2137,neg_neg
33.036217165,-2766,-2140,-2140,neg_neg
33.038180527,-2768,-2143,-2143,neg_neg
33.040133144,-2769,-2146,-2146,neg_neg
33.042159374,-2771,-2149,-2149,neg_neg
33.044120513,-2772,-2152,-2152,neg_neg
33.046173034,-2773,-2154,-2154,neg_neg
33.048207971,-2774,-2157,-2157,neg_neg
33.050150771,-2775,-2159,-2159,neg_neg
33.052160411,-2776,-2161,-2161,neg_neg
33.054247389,-2776,-2162,-2162,neg_neg
33.056150319,-2777,-2163,-2163,neg_neg
33.058176118,-2777,-2164,-2164,neg_neg
33.060238942,-2778,-2164,-2164,neg_neg
33.062138484,-2779,-2164,-2164,neg_neg
33.06413213,-2779,-2164,-2164,neg_neg
33.066095573,-2780,-2163,-2163,neg_neg
33.0680806,-2781,-2163,-2163,neg_neg
33.070181843,-2781,-2162,-2162,neg_neg
33.07210419,-2782,-2161,-2161,neg_neg
33.074169177,-2782,-2161,-2161,neg_neg
33.076088269,-2783,-2159,-2159,neg_neg
33.078230903,-2783,-2158,-2158,neg_neg
33.080152177,-2784,-2156,-2156,neg_neg
33.082163721,-2784,-2154,-2154,neg_neg
33.08402801,-2785,-2152,-2152,neg_neg
33.086113959,-2785,-2150,-2150,neg_neg
33.088124738,-2785,-2149,-2149,neg_neg
33.090145009,-2786,-2147,-2147,neg_neg
33.092112127,-2787,-2145,-2145,neg_neg
33.09418243,-2787,-2144,-2144,neg_neg
33.096081959,-2788,-2142,-2142,neg_neg
33.098127486,-2789,-2140,-2140,neg_neg
33.100111627,-2790,-2139,-2139,neg_neg
33.102126596,-2791,-2137,-2137,neg_neg
33.104053662,-2792,-2136,-2136,neg_neg
33.106025976,-2793,-2135,-2135,neg_neg
33.108065273,-2794,-2134,-2134,neg_neg
33.110112595,-2795,-2134,-2134,neg_neg
33.112027205,-2796,-2133,-2133,neg_neg
33.114094125,-2798,-2133,-2133,neg_neg
33.116047297,-2799,-2133,-2133,neg_neg
33.118035915,-2801,-2133,-2133,neg_neg
33.120026738,-2802,-2133,-2133,neg_neg
33.122022567,-2804,-2134,-2134,neg_neg
33.124088276,-2805,-2135,-2135,neg_neg
33.126030897,-2807,-2137,-2137,neg_neg
33.12803249,-2809,-2138,-2138,neg_neg
33.130051446,-2810,-2140,-2140,neg_neg
33.131988918,-2812,-2142,-2142,neg_neg
33.133967698,-2813,-2144,-2144,neg_neg
33.135952133,-2815,-2147,-2147,neg_neg
33.137965669,-2817,-2149,-2149,neg_neg
33.140017803,-2818,-2152,-2152,neg_neg
33.141998357,-2820,-2156,-2156,neg_neg
33.144030091,-2822,-2160,-2160,neg_neg
33.146029527,-2823,-2163,-2163,neg_neg
33.148110778,-2825,-2167,-2167,neg_neg
33.14994531,-2827,-2170,-2170,neg_neg
33.1519626,-2828,-2174,-2174,neg_neg
33.153948978,-2830,-2178,-2178,neg_neg
33.156007153,-2831,-2182,-2182,neg_neg
33.157980262,-2832,-2186,-2186,neg_neg
33.159964795,-2833,-2190,-2190,neg_neg
33.162033059,-2835,-2193,-2193,neg_neg
33.164059061,-2836,-2197,-2197,neg_neg
33.165984866,-2837,-2201,-2201,neg_neg
33.167999325,-2837,-2204,-2204,neg_neg
33.169913798,-2838,-2208,-2208,neg_neg
33.172009644,-2839,-2211,-2211,neg_neg
33.173963237,-2839,-2214,-2214,neg_neg
33.17609825,-2840,-2217,-2217,neg_neg
33.176945468,-2840,-2218,-2218,neg_neg
33.178964307,-2840,-2221,-2221,neg_neg
33.180951093,-2840,-2223,-2223,neg_neg
33.182944813,-2840,-2224,-2224,neg_neg
33.184920429,-2840,-2225,-2225,neg_neg
33.18693362,-2840,-2227,-2227,neg_neg
33.188921488,-2840,-2227,-2227,neg_neg
33.190971446,-2840,-2227,-2227,neg_neg
33.19317284,-2840,-2228,-2228,neg_neg
33.194901257,-2839,-2228,-2228,neg_neg
33.197089634,-2839,-2227,-2227,neg_neg
33.19896311,-2839,-2227,-2227,neg_neg
33.201090038,-2839,-2227,-2227,neg_neg
33.202975795,-2839,-2225,-2225,neg_neg
33.205156281,-2839,-2224,-2224,neg_neg
33.206888159,-2839,-2223,-2223,neg_neg
33.208862051,-2839,-2221,-2221,neg_neg
33.210856663,-2839,-2219,-2219,neg_neg
33.212925603,-2839,-2218,-2218,neg_neg
33.21488171,-2839,-2216,-2216,neg_neg
33.216977356,-2840,-2214,-2214,neg_neg
33.218833141,-2840,-2212,-2212,neg_neg
33.22094719,-2840,-2210,-2210,neg_neg
33.222817887,-2841,-2208,-2208,neg_neg
33.225028662,-2841,-2206,-2206,neg_neg
33.22683987,-2842,-2204,-2204,neg_neg
33.22905666,-2842,-2202,-2202,neg_neg
33.230810176,-2843,-2200,-2200,neg_neg
33.232844747,-2844,-2198,-2198,neg_neg
33.234822897,-2845,-2197,-2197,neg_neg
33.236827421,-2846,-2195,-2195,neg_neg
33.238823777,-2846,-2194,-2194,neg_neg
33.240799876,-2848,-2192,-2192,neg_neg
33.242878527,-2849,-2191,-2191,neg_neg
33.244804778,-2850,-2190,-2190,neg_neg
33.246819276,-2852,-2190,-2190,neg_neg
33.248806558,-2853,-2189,-2189,neg_neg
33.250826649,-2854,-2189,-2189,neg_neg
33.252884273,-2856,-2189,-2189,neg_neg
33.254906548,-2858,-2190,-2190,neg_neg
33.25690674,-2859,-2190,-2190,neg_neg
33.258849574,-2861,-2190,-2190,neg_neg
33.260820728,-2862,-2191,-2191,neg_neg
33.262908839,-2864,-2193,-2193,neg_neg
33.264784736,-2866,-2194,-2194,neg_neg
33.266773789,-2867,-2196,-2196,neg_neg
33.268772263,-2869,-2198,-2198,neg_neg
33.27081559,-2870,-2200,-2200,neg_neg
33.272812106,-2872,-2203,-2203,neg_neg
33.274941724,-2874,-2206,-2206,neg_neg
33.276767487,-2875,-2209,-2209,neg_neg
33.278755277,-2877,-2212,-2212,neg_neg
33.280779949,-2878,-2215,-2215,neg_neg
33.282779282,-2880,-2219,-2219,neg_neg
33.284737645,-2881,-2223,-2223,neg_neg
33.287045249,-2882,-2227,-2227,neg_neg
33.288805868,-2884,-2231,-2231,neg_neg
33.291150781,-2885,-2235,-2235,neg_neg
33.292793518,-2887,-2239,-2239,neg_neg
33.294933463,-2888,-2244,-2244,neg_neg
33.296793179,-2889,-2247,-2247,neg_neg
33.298963265,-2889,-2253,-2253,neg_neg
33.300749656,-2890,-2257,-2257,neg_neg
33.302763281,-2891,-2261,-2261,neg_neg
33.304793567,-2892,-2263,-2263,neg_neg
33.306799762,-2893,-2269,-2269,neg_neg
33.308739804,-2893,-2271,-2271,neg_neg
33.310725703,-2893,-2276,-2276,neg_neg
33.312725348,-2894,-2277,-2277,neg_neg
33.31475562,-2894,-2282,-2282,neg_neg
33.316754505,-2894,-2284,-2284,neg_neg
33.318786963,-2894,-2286,-2286,neg_neg
33.320773039,-2893,-2287,-2287,neg_neg
33.322673699,-2893,-2288,-2288,neg_neg
33.324708811,-2893,-2289,-2289,neg_neg
33.326718036,-2893,-2289,-2289,neg_neg
33.32877317,-2893,-2289,-2289,neg_neg
33.330715896,-2892,-2289,-2289,neg_neg
33.332728103,-2892,-2289,-2289,neg_neg
33.334664214,-2892,-2288,-2288,neg_neg
33.336688638,-2892,-2288,-2288,neg_neg
33.33863128,-2891,-2287,-2287,neg_neg
33.340636714,-2891,-2285,-2285,neg_neg
33.342615159,-2891,-2284,-2284,neg_neg
33.344647511,-2891,-2282,-2282,neg_neg
33.346668637,-2891,-2279,-2279,neg_neg
33.348669766,-2891,-2276,-2276,neg_neg
33.350646576,-2891,-2274,-2274,neg_neg
33.352601444,-2891,-2272,-2272,neg_neg
33.354645913,-2891,-2271,-2271,neg_neg
33.356597254,-2892,-2268,-2268,neg_neg
33.358612178,-2892,-2265,-2265,neg_neg
33.360638262,-2893,-2262,-2262,neg_neg
33.362625049,-2894,-2259,-2259,neg_neg
33.36463654,-2895,-2256,-2256,neg_neg
33.366608578,-2896,-2253,-2253,neg_neg
33.368647349,-2897,-2249,-2249,neg_neg
33.370596053,-2898,-2247,-2247,neg_neg
33.372688473,-2900,-2244,-2244,neg_neg
33.374658305,-2901,-2241,-2241,neg_neg
33.376645961,-2903,-2239,-2239,neg_neg
33.37872335,-2904,-2236,-2236,neg_neg
33.380644679,-2906,-2234,-2234,neg_neg
33.38266379,-2908,-2233,-2233,neg_neg
33.38458038,-2910,-2231,-2231,neg_neg
33.386565522,-2911,-2230,-2230,neg_neg
33.388510074,-2913,-2229,-2229,neg_neg
33.390520084,-2914,-2228,-2228,neg_neg
33.392519229,-2915,-2228,-2228,neg_neg
33.394495888,-2917,-2228,-2228,neg_neg
33.396504071,-2919,-2228,-2228,neg_neg
33.398503572,-2921,-2229,-2229,neg_neg
33.400517575,-2922,-2230,-2230,neg_neg
33.402567243,-2924,-2232,-2232,neg_neg
33.404529254,-2926,-2233,-2233,neg_neg
33.406608739,-2927,-2235,-2235,neg_neg
33.408544231,-2929,-2238,-2238,neg_neg
33.410490263,-2930,-2240,-2240,neg_neg
33.412454063,-2932,-2243,-2243,neg_neg
33.414483097,-2933,-2246,-2246,neg_neg
33.416478136,-2935,-2249,-2249,neg_neg
33.418492229,-2936,-2254,-2254,neg_neg
33.420439437,-2937,-2258,-2258,neg_neg
33.422417013,-2938,-2261,-2261,neg_neg
33.424436052,-2939,-2265,-2265,neg_neg
33.42645529,-2940,-2269,-2269,neg_neg
33.428492452,-2942,-2274,-2274,neg_neg
33.430487568,-2942,-2278,-2278,neg_neg
33.432449415,-2943,-2282,-2282,neg_neg
33.43441952,-2944,-2287,-2287,neg_neg
33.436406981,-2945,-2291,-2291,neg_neg
33.438454618,-2946,-2295,-2295,neg_neg
33.440398032,-2947,-2299,-2299,neg_neg
33.442452308,-2947,-2303,-2303,neg_neg
33.44437918,-2948,-2307,-2307,neg_neg
33.446425661,-2949,-2310,-2310,neg_neg
33.448453327,-2949,-2314,-2314,neg_neg
33.450375835,-2949,-2317,-2317,neg_neg
33.452374962,-2949,-2319,-2319,neg_neg
33.454360299,-2949,-2321,-2321,neg_neg
33.456379726,-2949,-2323,-2323,neg_neg
33.45841239,-2949,-2324,-2324,neg_neg
33.460356662,-2949,-2325,-2325,neg_neg
33.462356254,-2949,-2326,-2326,neg_neg
33.464368109,-2948,-2326,-2326,neg_neg
33.466312048,-2948,-2326,-2326,neg_neg
33.468377109,-2948,-2326,-2326,neg_neg
33.470354876,-2948,-2326,-2326,neg_neg
33.472351224,-2948,-2325,-2325,neg_neg
33.474358338,-2948,-2324,-2324,neg_neg
33.476331786,-2948,-2323,-2323,neg_neg
33.478295849,-2948,-2322,-2322,neg_neg
33.480327983,-2948,-2320,-2320,neg_neg
33.482297075,-2948,-2318,-2318,neg_neg
33.48430649,-2948,-2316,-2316,neg_neg
33.486311929,-2949,-2314,-2314,neg_neg
33.48830973,-2949,-2311,-2311,neg_neg
33.490301831,-2949,-2309,-2309,neg_neg
33.492299775,-2950,-2306,-2306,neg_neg
33.494303504,-2950,-2303,-2303,neg_neg
33.496326133,-2951,-2301,-2301,neg_neg
33.498294838,-2952,-2298,-2298,neg_neg
33.500310711,-2952,-2296,-2296,neg_neg
33.502308979,-2953,-2293,-2293,neg_neg
33.504316191,-2954,-2290,-2290,neg_neg
33.506240579,-2955,-2288,-2288,neg_neg
33.508269874,-2956,-2286,-2286,neg_neg
33.510247308,-2957,-2284,-2284,neg_neg
33.51226118,-2958,-2282,-2282,neg_neg
33.514264582,-2959,-2280,-2280,neg_neg
33.516221812,-2961,-2279,-2279,neg_neg
33.518236771,-2962,-2278,-2278,neg_neg
33.520246072,-2963,-2277,-2277,neg_neg
33.5222316,-2965,-2277,-2277,neg_neg
33.524197796,-2966,-2277,-2277,neg_neg
33.526179576,-2968,-2277,-2277,neg_neg
33.528182758,-2969,-2277,-2277,neg_neg
33.530177173,-2971,-2277,-2277,neg_neg
33.53223399,-2972,-2278,-2278,neg_neg
33.534181737,-2973,-2279,-2279,neg_neg
33.536191829,-2975,-2280,-2280,neg_neg
33.538226901,-2977,-2282,-2282,neg_neg
33.54022006,-2977,-2284,-2284,neg_neg
33.542246413,-2979,-2286,-2286,neg_neg
33.544183131,-2980,-2289,-2289,neg_neg
33.546203496,-2981,-2292,-2292,neg_neg
33.548171076,-2983,-2295,-2295,neg_neg
33.550164498,-2984,-2298,-2298,neg_neg
33.552147277,-2986,-2301,-2301,neg_neg
33.554135996,-2988,-2305,-2305,neg_neg
33.556183564,-2989,-2309,-2309,neg_neg
33.558132492,-2990,-2313,-2313,neg_neg
33.560163924,-2992,-2317,-2317,neg_neg
33.562184112,-2993,-2321,-2321,neg_neg
33.564164624,-2994,-2325,-2325,neg_neg
33.566177125,-2995,-2330,-2330,neg_neg
33.568166458,-2996,-2334,-2334,neg_neg
33.570172757,-2997,-2338,-2338,neg_neg
33.572082965,-2998,-2343,-2343,neg_neg
33.574105889,-2999,-2347,-2347,neg_neg
33.57609413,-3000,-2350,-2350,neg_neg
33.578143462,-3002,-2353,-2353,neg_neg
33.580126525,-3003,-2357,-2357,neg_neg
33.582146195,-3004,-2360,-2360,neg_neg
33.584125625,-3004,-2363,-2363,neg_neg
33.586144217,-3005,-2366,-2366,neg_neg
33.588123853,-3006,-2368,-2368,neg_neg
33.590175697,-3006,-2369,-2369,neg_neg
33.592113865,-3006,-2370,-2370,neg_neg
33.594096644,-3007,-2371,-2371,neg_neg
33.596102635,-3007,-2372,-2372,neg_neg
33.598115184,-3007,-2372,-2372,neg_neg
33.600101141,-3007,-2372,-2372,neg_neg
33.602094893,-3007,-2372,-2372,neg_neg
33.60411596,-3006,-2372,-2372,neg_neg
33.606097562,-3006,-2371,-2371,neg_neg
33.608053027,-3006,-2370,-2370,neg_neg
33.610096588,-3006,-2369,-2369,neg_neg
33.612116428,-3006,-2369,-2369,neg_neg
33.614127987,-3006,-2367,-2367,neg_neg
33.616074296,-3006,-2365,-2365,neg_neg
33.618066789,-3006,-2363,-2363,neg_neg
33.620065636,-3006,-2361,-2361,neg_neg
33.622067547,-3006,-2358,-2358,neg_neg
33.624123416,-3007,-2356,-2356,neg_neg
33.626091622,-3007,-2353,-2353,neg_neg
33.628053863,-3008,-2351,-2351,neg_neg
33.63003935,-3009,-2348,-2348,neg_neg
33.632044197,-3009,-2346,-2346,neg_neg
33.634078342,-3010,-2344,-2344,neg_neg
33.636072767,-3011,-2341,-2341,neg_neg
33.638081004,-3012,-2339,-2339,neg_neg
33.640129421,-3012,-2337,-2337,neg_neg
33.642103502,-3013,-2334,-2334,neg_neg
33.644070113,-3014,-2332,-2332,neg_neg
33.645994425,-3016,-2331,-2331,neg_neg
33.64801636,-3017,-2329,-2329,neg_neg
33.650054728,-3019,-2328,-2328,neg_neg
33.65209444,-3020,-2327,-2327,neg_neg
33.654096865,-3022,-2326,-2326,neg_neg
33.656083692,-3024,-2325,-2325,neg_neg
33.65805335,-3025,-2325,-2325,neg_neg
33.660018775,-3027,-2326,-2326,neg_neg
33.662024215,-3028,-2326,-2326,neg_neg
33.664098643,-3030,-2326,-2326,neg_neg
33.666116905,-3032,-2327,-2327,neg_neg
33.668087663,-3033,-2328,-2328,neg_neg
33.670062785,-3035,-2330,-2330,neg_neg
33.671991789,-3037,-2331,-2331,neg_neg
33.673932895,-3039,-2333,-2333,neg_neg
33.675987686,-3041,-2335,-2335,neg_neg
33.677958142,-3043,-2338,-2338,neg_neg
33.680032244,-3045,-2340,-2340,neg_neg
33.681945514,-3047,-2343,-2343,neg_neg
33.684130645,-3049,-2347,-2347,neg_neg
33.685978978,-3050,-2349,-2349,neg_neg
33.688001123,-3052,-2353,-2353,neg_neg
33.689920016,-3054,-2356,-2356,neg_neg
33.692034642,-3056,-2360,-2360,neg_neg
33.694045337,-3057,-2364,-2364,neg_neg
33.696070326,-3059,-2368,-2368,neg_neg
33.697966266,-3060,-2372,-2372,neg_neg
33.699997186,-3062,-2375,-2375,neg_neg
33.70193637,-3063,-2380,-2380,neg_neg
33.703906315,-3064,-2384,-2384,neg_neg
33.705914841,-3065,-2388,-2388,neg_neg
33.707907923,-3067,-2391,-2391,neg_neg
33.70992915,-3068,-2395,-2395,neg_neg
33.71195435,-3069,-2399,-2399,neg_neg
33.712968835,-3069,-2400,-2400,neg_neg
33.714902527,-3070,-2404,-2404,neg_neg
33.716980671,-3070,-2407,-2407,neg_neg
33.718905976,-3071,-2409,-2409,neg_neg
33.721072088,-3071,-2411,-2411,neg_neg
33.722903591,-3071,-2412,-2412,neg_neg
33.725046843,-3072,-2414,-2414,neg_neg
33.726905718,-3072,-2415,-2415,neg_neg
33.729077856,-3072,-2415,-2415,neg_neg
33.730858721,-3071,-2416,-2416,neg_neg
33.733002478,-3071,-2416,-2416,neg_neg
33.734834093,-3071,-2416,-2416,neg_neg
33.736797239,-3071,-2415,-2415,neg_neg
33.738807017,-3071,-2415,-2415,neg_neg
33.74078687,-3071,-2413,-2413,neg_neg
33.742779745,-3071,-2412,-2412,neg_neg
33.744775303,-3071,-2412,-2412,neg_neg
33.74677378,-3071,-2410,-2410,neg_neg
33.748775592,-3071,-2408,-2408,neg_neg
33.750837156,-3071,-2405,-2405,neg_neg
33.752783676,-3071,-2403,-2403,neg_neg
33.754763777,-3071,-2401,-2401,neg_neg
33.756779215,-3071,-2398,-2398,neg_neg
33.75878108,-3072,-2395,-2395,neg_neg
33.760716965,-3072,-2393,-2393,neg_neg
33.762782343,-3072,-2390,-2390,neg_neg
33.764810418,-3073,-2388,-2388,neg_neg
33.766775518,-3074,-2386,-2386,neg_neg
33.76871113,-3074,-2383,-2383,neg_neg
33.770757859,-3075,-2381,-2381,neg_neg
33.772757212,-3076,-2378,-2378,neg_neg
33.77471462,-3077,-2376,-2376,neg_neg
33.776693064,-3078,-2374,-2374,neg_neg
33.778754648,-3079,-2372,-2372,neg_neg
33.780777642,-3080,-2370,-2370,neg_neg
33.782806739,-3081,-2369,-2369,neg_neg
33.784727144,-3083,-2368,-2368,neg_neg
33.786739156,-3084,-2367,-2367,neg_neg
33.788743991,-3085,-2367,-2367,neg_neg
33.790729987,-3087,-2366,-2366,neg_neg
33.792808512,-3088,-2366,-2366,neg_neg
33.794746256,-3090,-2366,-2366,neg_neg
33.796746435,-3091,-2366,-2366,neg_neg
33.79872552,-3093,-2367,-2367,neg_neg
33.800784895,-3095,-2367,-2367,neg_neg
33.802741757,-3097,-2369,-2369,neg_neg
33.804711153,-3099,-2370,-2370,neg_neg
33.806724736,-3100,-2371,-2371,neg_neg
33.808721313,-3102,-2373,-2373,neg_neg
33.810703748,-3104,-2376,-2376,neg_neg
33.812693825,-3105,-2378,-2378,neg_neg
33.814657942,-3106,-2381,-2381,neg_neg
33.816686951,-3108,-2384,-2384,neg_neg
33.818682184,-3110,-2387,-2387,neg_neg
33.820700175,-3111,-2390,-2390,neg_neg
33.822646341,-3113,-2393,-2393,neg_neg
33.824737117,-3114,-2397,-2397,neg_neg
33.826792906,-3116,-2401,-2401,neg_neg
33.828683255,-3117,-2405,-2405,neg_neg
33.830731795,-3118,-2410,-2410,neg_neg
33.832762123,-3120,-2413,-2413,neg_neg
33.834783141,-3121,-2417,-2417,neg_neg
33.83676938,-3122,-2422,-2422,neg_neg
33.838775404,-3123,-2427,-2427,neg_neg
33.840698292,-3123,-2432,-2432,neg_neg
33.842687263,-3124,-2435,-2435,neg_neg
33.844732196,-3125,-2440,-2440,neg_neg
33.846704564,-3125,-2445,-2445,neg_neg
33.848714281,-3126,-2449,-2449,neg_neg
33.85065938,-3126,-2453,-2453,neg_neg
33.852677166,-3126,-2456,-2456,neg_neg
33.854673336,-3126,-2460,-2460,neg_neg
33.856674525,-3126,-2464,-2464,neg_neg
33.85871171,-3126,-2468,-2468,neg_neg
33.860662304,-3126,-2470,-2470,neg_neg
33.862683717,-3125,-2472,-2472,neg_neg
33.864669683,-3125,-2474,-2474,neg_neg
33.866649467,-3125,-2475,-2475,neg_neg
33.868673487,-3124,-2476,-2476,neg_neg
33.870674969,-3124,-2477,-2477,neg_neg
33.872665477,-3124,-2477,-2477,neg_neg
33.874653931,-3123,-2477,-2477,neg_neg
33.876643003,-3123,-2477,-2477,neg_neg
33.878674164,-3123,-2476,-2476,neg_neg
33.880659459,-3123,-2475,-2475,neg_neg
33.882646445,-3123,-2473,-2473,neg_neg
33.884651434,-3123,-2471,-2471,neg_neg
33.886632784,-3123,-2469,-2469,neg_neg
33.888636271,-3123,-2466,-2466,neg_neg
33.890623476,-3123,-2463,-2463,neg_neg
33.892598358,-3123,-2460,-2460,neg_neg
33.894614369,-3124,-2457,-2457,neg_neg
33.896619772,-3124,-2454,-2454,neg_neg
33.898638333,-3125,-2451,-2451,neg_neg
33.900652662,-3126,-2447,-2447,neg_neg
33.902661546,-3126,-2443,-2443,neg_neg
33.904604418,-3127,-2440,-2440,neg_neg
33.906669543,-3128,-2435,-2435,neg_neg
33.908628875,-3129,-2432,-2432,neg_neg
33.910633217,-3129,-2428,-2428,neg_neg
33.912614727,-3130,-2425,-2425,neg_neg
33.91463073,-3131,-2421,-2421,neg_neg
33.916601017,-3133,-2417,-2417,neg_neg
33.918597582,-3134,-2414,-2414,neg_neg
33.92058109,-3135,-2412,-2412,neg_neg
33.922558592,-3136,-2409,-2409,neg_neg
33.924460768,-3137,-2406,-2406,neg_neg
33.926536596,-3139,-2405,-2405,neg_neg
33.928509663,-3140,-2402,-2402,neg_neg
33.930501773,-3142,-2401,-2401,neg_neg
33.932460444,-3143,-2400,-2400,neg_neg
33.934504223,-3145,-2400,-2400,neg_neg
33.936470703,-3146,-2399,-2399,neg_neg
33.938564252,-3147,-2399,-2399,neg_neg
33.940547166,-3149,-2400,-2400,neg_neg
33.942513394,-3151,-2400,-2400,neg_neg
33.944526192,-3153,-2402,-2402,neg_neg
33.946526591,-3154,-2404,-2404,neg_neg
33.948559968,-3156,-2406,-2406,neg_neg
33.95044188,-3158,-2408,-2408,neg_neg
33.952533818,-3159,-2411,-2411,neg_neg
33.954446397,-3160,-2414,-2414,neg_neg
33.956453529,-3162,-2417,-2417,neg_neg
33.958453862,-3164,-2421,-2421,neg_neg
33.960429645,-3165,-2425,-2425,neg_neg
33.962459306,-3166,-2430,-2430,neg_neg
33.964489923,-3168,-2433,-2433,neg_neg
33.96647597,-3169,-2438,-2438,neg_neg
33.968476059,-3169,-2443,-2443,neg_neg
33.970503322,-3171,-2448,-2448,neg_neg
33.972483103,-3172,-2454,-2454,neg_neg
33.974454532,-3173,-2458,-2458,neg_neg
33.976465839,-3174,-2464,-2464,neg_neg
33.978390497,-3175,-2469,-2469,neg_neg
33.980425146,-3176,-2474,-2474,neg_neg
33.982401946,-3178,-2480,-2480,neg_neg
33.984401482,-3178,-2485,-2485,neg_neg
33.986422147,-3179,-2490,-2490,neg_neg
33.988439731,-3180,-2494,-2494,neg_neg
33.990396308,-3180,-2499,-2499,neg_neg
33.992418354,-3180,-2503,-2503,neg_neg
33.994375604,-3180,-2507,-2507,neg_neg
33.996390523,-3180,-2510,-2510,neg_neg
33.998392532,-3180,-2513,-2513,neg_neg
34.000385754,-3180,-2516,-2516,neg_neg
34.002389774,-3180,-2518,-2518,neg_neg
34.004371456,-3180,-2519,-2519,neg_neg
34.00644355,-3180,-2520,-2520,neg_neg
34.008395677,-3180,-2521,-2521,neg_neg
34.010379548,-3180,-2521,-2521,neg_neg
34.012321536,-3180,-2521,-2521,neg_neg
34.014305576,-3180,-2521,-2521,neg_neg
34.016345535,-3180,-2520,-2520,neg_neg
34.01831635,-3180,-2519,-2519,neg_neg
34.020293112,-3180,-2517,-2517,neg_neg
34.022338013,-3180,-2515,-2515,neg_neg
34.024328637,-3180,-2513,-2513,neg_neg
34.026312148,-3180,-2511,-2511,neg_neg
34.028344319,-3181,-2508,-2508,neg_neg
34.030329597,-3181,-2505,-2505,neg_neg
34.032377329,-3181,-2502,-2502,neg_neg
34.034426924,-3181,-2499,-2499,neg_neg
34.036325967,-3182,-2495,-2495,neg_neg
34.038313027,-3182,-2492,-2492,neg_neg
34.040323224,-3183,-2489,-2489,neg_neg
34.042354674,-3183,-2484,-2484,neg_neg
34.044345926,-3184,-2481,-2481,neg_neg
34.046335971,-3185,-2477,-2477,neg_neg
34.048335397,-3186,-2473,-2473,neg_neg
34.050347861,-3186,-2469,-2469,neg_neg
34.052340989,-3187,-2465,-2465,neg_neg
34.054367036,-3188,-2461,-2461,neg_neg
34.056348664,-3190,-2458,-2458,neg_neg
34.058369149,-3191,-2455,-2455,neg_neg
34.060268357,-3192,-2453,-2453,neg_neg
34.062292191,-3193,-2450,-2450,neg_neg
34.06434046,-3195,-2447,-2447,neg_neg
34.066262881,-3196,-2445,-2445,neg_neg
34.06822136,-3197,-2444,-2444,neg_neg
34.070244555,-3199,-2442,-2442,neg_neg
34.072284095,-3200,-2441,-2441,neg_neg
34.074282487,-3201,-2441,-2441,neg_neg
34.07624058,-3203,-2441,-2441,neg_neg
34.078311866,-3204,-2441,-2441,neg_neg
34.080283686,-3206,-2442,-2442,neg_neg
34.082333539,-3207,-2443,-2443,neg_neg
34.08435479,-3209,-2445,-2445,neg_neg
34.086252978,-3210,-2447,-2447,neg_neg
34.08821519,-3211,-2449,-2449,neg_neg
34.090229484,-3212,-2452,-2452,neg_neg
34.092229835,-3214,-2455,-2455,neg_neg
34.094325084,-3216,-2458,-2458,neg_neg
34.096190479,-3216,-2462,-2462,neg_neg
34.098161742,-3218,-2466,-2466,neg_neg
34.100185406,-3219,-2470,-2470,neg_neg
34.102229229,-3220,-2474,-2474,neg_neg
34.104251721,-3221,-2479,-2479,neg_neg
34.106289786,-3222,-2484,-2484,neg_neg
34.108184416,-3223,-2489,-2489,neg_neg
34.110177924,-3224,-2493,-2493,neg_neg
34.112162772,-3225,-2498,-2498,neg_neg
34.114182728,-3226,-2504,-2504,neg_neg
34.116207664,-3227,-2509,-2509,neg_neg
34.118219313,-3228,-2514,-2514,neg_neg
34.120201924,-3229,-2519,-2519,neg_neg
34.122232406,-3229,-2524,-2524,neg_neg
34.124218084,-3230,-2529,-2529,neg_neg
34.126241343,-3231,-2533,-2533,neg_neg
34.128198475,-3231,-2538,-2538,neg_neg
34.130183049,-3232,-2542,-2542,neg_neg
34.132146947,-3232,-2546,-2546,neg_neg
34.134169813,-3233,-2549,-2549,neg_neg
34.136154781,-3233,-2552,-2552,neg_neg
34.138179637,-3233,-2554,-2554,neg_neg
34.140224745,-3233,-2556,-2556,neg_neg
34.142185609,-3233,-2558,-2558,neg_neg
34.144115919,-3233,-2559,-2559,neg_neg
34.14611753,-3233,-2560,-2560,neg_neg
34.148094808,-3233,-2560,-2560,neg_neg
34.150158372,-3233,-2560,-2560,neg_neg
34.152122334,-3233,-2560,-2560,neg_neg
34.154098566,-3233,-2559,-2559,neg_neg
34.156205508,-3232,-2559,-2559,neg_neg
34.158151671,-3233,-2557,-2557,neg_neg
34.160142417,-3233,-2555,-2555,neg_neg
34.162106506,-3233,-2554,-2554,neg_neg
34.164046156,-3233,-2551,-2551,neg_neg
34.166096057,-3233,-2549,-2549,neg_neg
34.168093262,-3233,-2547,-2547,neg_neg
34.170089972,-3233,-2544,-2544,neg_neg
34.172130784,-3234,-2541,-2541,neg_neg
34.17409431,-3234,-2538,-2538,neg_neg
34.176194562,-3235,-2535,-2535,neg_neg
34.178108871,-3235,-2532,-2532,neg_neg
34.180044136,-3236,-2529,-2529,neg_neg
34.182043796,-3236,-2525,-2525,neg_neg
34.184088251,-3237,-2522,-2522,neg_neg
34.186048381,-3238,-2519,-2519,neg_neg
34.188071621,-3239,-2516,-2516,neg_neg
34.190035778,-3239,-2512,-2512,neg_neg
34.192038918,-3240,-2509,-2509,neg_neg
34.194068537,-3241,-2506,-2506,neg_neg
34.196129349,-3243,-2504,-2504,neg_neg
34.198097718,-3243,-2501,-2501,neg_neg
34.200087179,-3245,-2499,-2499,neg_neg
34.202055498,-3246,-2497,-2497,neg_neg
34.204051713,-3247,-2496,-2496,neg_neg
34.205989753,-3248,-2495,-2495,neg_neg
34.208068768,-3250,-2494,-2494,neg_neg
34.2099798,-3251,-2494,-2494,neg_neg
34.211994021,-3252,-2494,-2494,neg_neg
34.213974689,-3253,-2494,-2494,neg_neg
34.215969138,-3255,-2495,-2495,neg_neg
34.218004272,-3256,-2495,-2495,neg_neg
34.219984137,-3257,-2497,-2497,neg_neg
34.221987749,-3258,-2499,-2499,neg_neg
34.223964402,-3259,-2501,-2501,neg_neg
34.225937865,-3260,-2503,-2503,neg_neg
34.227947665,-3261,-2506,-2506,neg_neg
34.229952404,-3262,-2508,-2508,neg_neg
34.23192893,-3263,-2512,-2512,neg_neg
34.233965435,-3264,-2515,-2515,neg_neg
34.235946709,-3264,-2518,-2518,neg_neg
34.237968886,-3265,-2522,-2522,neg_neg
34.23993493,-3265,-2526,-2526,neg_neg
34.241991751,-3266,-2530,-2530,neg_neg
34.243923932,-3266,-2535,-2535,neg_neg
34.245930565,-3266,-2539,-2539,neg_neg
34.247927326,-3267,-2543,-2543,neg_neg
34.249915999,-3267,-2548,-2548,neg_neg
34.251920637,-3267,-2553,-2553,neg_neg
34.253883949,-3267,-2557,-2557,neg_neg
34.255905025,-3267,-2562,-2562,neg_neg
34.258009816,-3267,-2566,-2566,neg_neg
34.2599029,-3267,-2572,-2572,neg_neg
34.261885194,-3267,-2576,-2576,neg_neg
34.263911022,-3267,-2580,-2580,neg_neg
34.265977774,-3267,-2584,-2584,neg_neg
34.2678757,-3267,-2588,-2588,neg_neg
34.269931539,-3267,-2592,-2592,neg_neg
34.271929903,-3267,-2595,-2595,neg_neg
34.274182313,-3267,-2596,-2596,neg_neg
34.275926323,-3267,-2599,-2599,neg_neg
34.278215242,-3266,-2602,-2602,neg_neg
34.279889964,-3266,-2604,-2604,neg_neg
34.281920352,-3266,-2605,-2605,neg_neg
34.283964572,-3266,-2606,-2606,neg_neg
34.285997919,-3267,-2606,-2606,neg_neg
34.287961181,-3267,-2606,-2606,neg_neg
34.290104239,-3266,-2605,-2605,neg_neg
34.291930828,-3267,-2605,-2605,neg_neg
34.294092452,-3266,-2604,-2604,neg_neg
34.295958577,-3267,-2601,-2601,neg_neg
34.297929101,-3267,-2599,-2599,neg_neg
34.299948053,-3267,-2597,-2597,neg_neg
34.301955432,-3267,-2595,-2595,neg_neg
34.303942005,-3267,-2592,-2592,neg_neg
34.305961211,-3267,-2589,-2589,neg_neg
34.307896322,-3267,-2588,-2588,neg_neg
34.30992822,-3267,-2583,-2583,neg_neg
34.311809599,-3267,-2580,-2580,neg_neg
34.313821605,-3267,-2576,-2576,neg_neg
34.315907264,-3268,-2572,-2572,neg_neg
34.317869059,-3268,-2567,-2567,neg_neg
34.319982145,-3268,-2564,-2564,neg_neg
34.321992444,-3269,-2560,-2560,neg_neg
34.323920783,-3269,-2556,-2556,neg_neg
34.325972708,-3270,-2552,-2552,neg_neg
34.327974216,-3270,-2548,-2548,neg_neg
34.329874144,-3271,-2544,-2544,neg_neg
34.331817496,-3271,-2541,-2541,neg_neg
34.333773321,-3272,-2537,-2537,neg_neg
34.335800162,-3272,-2534,-2534,neg_neg
34.337848262,-3273,-2531,-2531,neg_neg
34.339855225,-3274,-2529,-2529,neg_neg
34.341808595,-3274,-2526,-2526,neg_neg
34.343798704,-3275,-2524,-2524,neg_neg
34.345783492,-3276,-2523,-2523,neg_neg
34.347828758,-3276,-2522,-2522,neg_neg
34.349823396,-3277,-2521,-2521,neg_neg
34.352082658,-3278,-2521,-2521,neg_neg
34.353790294,-3278,-2521,-2521,neg_neg
34.355824543,-3279,-2521,-2521,neg_neg
34.357819818,-3279,-2522,-2522,neg_neg
34.359736466,-3280,-2523,-2523,neg_neg
34.361809757,-3281,-2525,-2525,neg_neg
34.363766398,-3281,-2527,-2527,neg_neg
34.365866957,-3282,-2529,-2529,neg_neg
34.367784074,-3283,-2532,-2532,neg_neg
34.369752746,-3283,-2535,-2535,neg_neg
34.371769352,-3284,-2538,-2538,neg_neg
34.373808526,-3285,-2542,-2542,neg_neg
34.375727088,-3285,-2546,-2546,neg_neg
34.377766296,-3285,-2550,-2550,neg_neg
34.379759393,-3286,-2555,-2555,neg_neg
34.381766011,-3286,-2559,-2559,neg_neg
34.383835815,-3287,-2564,-2564,neg_neg
34.385792769,-3287,-2569,-2569,neg_neg
34.387690459,-3288,-2575,-2575,neg_neg
34.389710022,-3288,-2581,-2581,neg_neg
34.391654064,-3289,-2586,-2586,neg_neg
34.393703684,-3289,-2592,-2592,neg_neg
34.39565815,-3289,-2597,-2597,neg_neg
34.397689857,-3290,-2604,-2604,neg_neg
34.399688027,-3290,-2610,-2610,neg_neg
34.401726411,-3290,-2615,-2615,neg_neg
34.403685857,-3290,-2621,-2621,neg_neg
34.405807064,-3290,-2626,-2626,neg_neg
34.407750327,-3290,-2632,-2632,neg_neg
34.409769502,-3290,-2638,-2638,neg_neg
34.411764452,-3290,-2642,-2642,neg_neg
34.41384227,-3290,-2647,-2647,neg_neg
34.415750151,-3291,-2651,-2651,neg_neg
34.417779454,-3290,-2654,-2654,neg_neg
34.419752413,-3291,-2658,-2658,neg_neg
34.421724626,-3291,-2660,-2660,neg_neg
34.423802888,-3290,-2662,-2662,neg_neg
34.425800552,-3290,-2664,-2664,neg_neg
34.427718351,-3290,-2665,-2665,neg_neg
34.429644083,-3290,-2665,-2665,neg_neg
34.431650825,-3290,-2665,-2665,neg_neg
34.433696522,-3291,-2665,-2665,neg_neg
34.435648353,-3291,-2663,-2663,neg_neg
34.437664282,-3291,-2662,-2662,neg_neg
34.439635567,-3291,-2660,-2660,neg_neg
34.441652322,-3291,-2657,-2657,neg_neg
34.443608458,-3291,-2655,-2655,neg_neg
34.445642302,-3291,-2652,-2652,neg_neg
34.447640052,-3292,-2648,-2648,neg_neg
34.449629038,-3292,-2644,-2644,neg_neg
34.451626401,-3292,-2640,-2640,neg_neg
34.453579368,-3293,-2636,-2636,neg_neg
34.455609062,-3293,-2633,-2633,neg_neg
34.457575535,-3294,-2625,-2625,neg_neg
34.459575141,-3294,-2623,-2623,neg_neg
34.461607146,-3295,-2618,-2618,neg_neg
34.463581166,-3296,-2610,-2610,neg_neg
34.46556959,-3297,-2608,-2608,neg_neg
34.467550417,-3297,-2601,-2601,neg_neg
34.469656057,-3299,-2593,-2593,neg_neg
34.471640317,-3299,-2591,-2591,neg_neg
34.473607683,-3301,-2583,-2583,neg_neg
34.475587684,-3301,-2581,-2581,neg_neg
34.477561398,-3303,-2576,-2576,neg_neg
34.479502625,-3304,-2570,-2570,neg_neg
34.481486551,-3305,-2566,-2566,neg_neg
34.483537522,-3306,-2562,-2562,neg_neg
34.485502389,-3308,-2558,-2558,neg_neg
34.487553139,-3310,-2554,-2554,neg_neg
34.489485197,-3311,-2551,-2551,neg_neg
34.491510324,-3313,-2548,-2548,neg_neg
34.493538923,-3314,-2546,-2546,neg_neg
34.495523381,-3316,-2543,-2543,neg_neg
34.49743422,-3318,-2543,-2543,neg_neg
34.499487147,-3319,-2542,-2542,neg_neg
34.501439105,-3321,-2541,-2541,neg_neg
34.503452747,-3322,-2541,-2541,neg_neg
34.505440882,-3324,-2542,-2542,neg_neg
34.507497731,-3325,-2543,-2543,neg_neg
34.509438182,-3327,-2544,-2544,neg_neg
34.511491422,-3328,-2546,-2546,neg_neg
34.513483696,-3330,-2549,-2549,neg_neg
34.515444501,-3332,-2551,-2551,neg_neg
34.517497748,-3333,-2554,-2554,neg_neg
34.519449588,-3334,-2557,-2557,neg_neg
34.521448233,-3336,-2560,-2560,neg_neg
34.523479303,-3337,-2564,-2564,neg_neg
34.52545823,-3339,-2568,-2568,neg_neg
34.527483782,-3340,-2573,-2573,neg_neg
34.529466603,-3341,-2577,-2577,neg_neg
34.531450733,-3342,-2581,-2581,neg_neg
34.533442816,-3343,-2586,-2586,neg_neg
34.535464408,-3344,-2590,-2590,neg_neg
34.537438653,-3345,-2594,-2594,neg_neg
34.539410624,-3346,-2599,-2599,neg_neg
34.541389494,-3347,-2604,-2604,neg_neg
34.543439132,-3347,-2609,-2609,neg_neg
34.545329971,-3348,-2613,-2613,neg_neg
34.547334003,-3349,-2617,-2617,neg_neg
34.549367623,-3349,-2622,-2622,neg_neg
34.551353422,-3349,-2627,-2627,neg_neg
34.553420582,-3349,-2631,-2631,neg_neg
34.555346868,-3350,-2636,-2636,neg_neg
34.557324514,-3350,-2641,-2641,neg_neg
34.559328235,-3350,-2645,-2645,neg_neg
34.561360339,-3350,-2648,-2648,neg_neg
34.563354457,-3350,-2652,-2652,neg_neg
34.565358306,-3350,-2655,-2655,neg_neg
34.567337672,-3349,-2659,-2659,neg_neg
34.569342707,-3349,-2661,-2661,neg_neg
34.571325851,-3349,-2663,-2663,neg_neg
34.573412561,-3349,-2665,-2665,neg_neg
34.575319885,-3349,-2666,-2666,neg_neg
34.577413049,-3349,-2668,-2668,neg_neg
34.5792837,-3349,-2669,-2669,neg_neg
34.58132162,-3349,-2669,-2669,neg_neg
34.583278538,-3349,-2669,-2669,neg_neg
34.585298958,-3349,-2668,-2668,neg_neg
34.587285672,-3349,-2666,-2666,neg_neg
34.58931478,-3349,-2664,-2664,neg_neg
34.591357849,-3349,-2662,-2662,neg_neg
34.593345886,-3349,-2660,-2660,neg_neg
34.595302994,-3350,-2657,-2657,neg_neg
34.597312945,-3350,-2654,-2654,neg_neg
34.599262432,-3350,-2651,-2651,neg_neg
34.601255879,-3351,-2648,-2648,neg_neg
34.603291965,-3351,-2645,-2645,neg_neg
34.605303342,-3352,-2641,-2641,neg_neg
34.607358181,-3352,-2637,-2637,neg_neg
34.609303817,-3353,-2632,-2632,neg_neg
34.611311688,-3354,-2628,-2628,neg_neg
34.61332063,-3355,-2624,-2624,neg_neg
34.615317103,-3355,-2620,-2620,neg_neg
34.617302118,-3357,-2616,-2616,neg_neg
34.619298731,-3358,-2612,-2612,neg_neg
34.621214776,-3359,-2608,-2608,neg_neg
34.623231587,-3360,-2604,-2604,neg_neg
34.62525663,-3361,-2599,-2599,neg_neg
34.627292092,-3362,-2596,-2596,neg_neg
34.629256884,-3364,-2593,-2593,neg_neg
34.631274213,-3365,-2590,-2590,neg_neg
34.633265449,-3367,-2587,-2587,neg_neg
34.635254046,-3368,-2585,-2585,neg_neg
34.637250695,-3370,-2582,-2582,neg_neg
34.639264001,-3371,-2581,-2581,neg_neg
34.641211437,-3373,-2580,-2580,neg_neg
34.643234175,-3374,-2579,-2579,neg_neg
34.645220099,-3376,-2579,-2579,neg_neg
34.647240148,-3377,-2579,-2579,neg_neg
34.649203845,-3379,-2580,-2580,neg_neg
34.651167901,-3380,-2580,-2580,neg_neg
34.653201539,-3382,-2581,-2581,neg_neg
34.655212265,-3383,-2583,-2583,neg_neg
34.657208872,-3384,-2585,-2585,neg_neg
34.659250591,-3386,-2588,-2588,neg_neg
34.661198917,-3387,-2591,-2591,neg_neg
34.663173584,-3388,-2593,-2593,neg_neg
34.66518257,-3389,-2596,-2596,neg_neg
34.667190617,-3390,-2600,-2600,neg_neg
34.669195593,-3391,-2605,-2605,neg_neg
34.671141601,-3392,-2608,-2608,neg_neg
34.673179096,-3393,-2612,-2612,neg_neg
34.675151715,-3394,-2617,-2617,neg_neg
34.677191489,-3395,-2621,-2621,neg_neg
34.679098029,-3396,-2625,-2625,neg_neg
34.681132364,-3396,-2630,-2630,neg_neg
34.683099785,-3397,-2634,-2634,neg_neg
34.685146543,-3398,-2640,-2640,neg_neg
34.687098134,-3398,-2644,-2644,neg_neg
34.689101269,-3399,-2648,-2648,neg_neg
34.691059393,-3399,-2653,-2653,neg_neg
34.693075394,-3399,-2657,-2657,neg_neg
34.695098693,-3399,-2661,-2661,neg_neg
34.697194832,-3399,-2665,-2665,neg_neg
34.699223351,-3399,-2669,-2669,neg_neg
34.701233604,-3399,-2672,-2672,neg_neg
34.703248424,-3399,-2674,-2674,neg_neg
34.705191822,-3399,-2678,-2678,neg_neg
34.707229758,-3399,-2679,-2679,neg_neg
34.709195942,-3399,-2681,-2681,neg_neg
34.711211362,-3399,-2682,-2682,neg_neg
34.713193192,-3398,-2682,-2682,neg_neg
34.715244675,-3398,-2682,-2682,neg_neg
34.717168512,-3398,-2683,-2683,neg_neg
34.719096088,-3398,-2682,-2682,neg_neg
34.721060832,-3398,-2682,-2682,neg_neg
34.723075397,-3398,-2681,-2681,neg_neg
34.725056827,-3398,-2679,-2679,neg_neg
34.727064839,-3398,-2678,-2678,neg_neg
34.729049221,-3399,-2675,-2675,neg_neg
34.731050998,-3399,-2673,-2673,neg_neg
34.732983532,-3399,-2670,-2670,neg_neg
34.734974613,-3399,-2668,-2668,neg_neg
34.737052077,-3400,-2664,-2664,neg_neg
34.739017585,-3400,-2662,-2662,neg_neg
34.740962703,-3400,-2659,-2659,neg_neg
34.743064486,-3401,-2656,-2656,neg_neg
34.74505901,-3401,-2653,-2653,neg_neg
34.747009979,-3402,-2650,-2650,neg_neg
34.749036104,-3402,-2646,-2646,neg_neg
34.750978595,-3403,-2643,-2643,neg_neg
34.753053474,-3404,-2640,-2640,neg_neg
34.754995098,-3404,-2637,-2637,neg_neg
34.756963947,-3405,-2633,-2633,neg_neg
34.758987212,-3406,-2630,-2630,neg_neg
34.760985165,-3406,-2627,-2627,neg_neg
34.762964909,-3407,-2625,-2625,neg_neg
34.764971104,-3408,-2622,-2622,neg_neg
34.766996159,-3408,-2620,-2620,neg_neg
34.76902289,-3410,-2618,-2618,neg_neg
34.771041981,-3410,-2617,-2617,neg_neg
34.772970321,-3411,-2616,-2616,neg_neg
34.774955329,-3413,-2614,-2614,neg_neg
34.776932846,-3413,-2614,-2614,neg_neg
34.779002829,-3414,-2613,-2613,neg_neg
34.780956758,-3415,-2614,-2614,neg_neg
34.783008377,-3417,-2614,-2614,neg_neg
34.78495866,-3418,-2614,-2614,neg_neg
34.786911383,-3419,-2615,-2615,neg_neg
34.788930489,-3420,-2616,-2616,neg_neg
34.790891749,-3421,-2617,-2617,neg_neg
34.792915096,-3422,-2619,-2619,neg_neg
34.794908994,-3423,-2620,-2620,neg_neg
34.79693224,-3424,-2622,-2622,neg_neg
34.798921361,-3425,-2625,-2625,neg_neg
34.80095386,-3426,-2627,-2627,neg_neg
34.802915029,-3427,-2630,-2630,neg_neg
34.804881042,-3428,-2632,-2632,neg_neg
34.806915157,-3428,-2636,-2636,neg_neg
34.808944317,-3429,-2640,-2640,neg_neg
34.811139084,-3430,-2643,-2643,neg_neg
34.812960688,-3431,-2646,-2646,neg_neg
34.815025722,-3431,-2649,-2649,neg_neg
34.816860096,-3432,-2653,-2653,neg_neg
34.819075785,-3433,-2656,-2656,neg_neg
34.820918841,-3433,-2660,-2660,neg_neg
34.823075178,-3433,-2664,-2664,neg_neg
34.824950632,-3434,-2669,-2669,neg_neg
34.82688831,-3434,-2672,-2672,neg_neg
34.828856726,-3434,-2676,-2676,neg_neg
34.830830147,-3434,-2681,-2681,neg_neg
34.832845767,-3435,-2684,-2684,neg_neg
34.834836191,-3435,-2688,-2688,neg_neg
34.836852894,-3435,-2692,-2692,neg_neg
34.83902501,-3435,-2694,-2694,neg_neg
34.840881794,-3435,-2698,-2698,neg_neg
34.842926995,-3435,-2700,-2700,neg_neg
34.844920139,-3435,-2702,-2702,neg_neg
34.846909693,-3435,-2703,-2703,neg_neg
34.848845056,-3435,-2705,-2705,neg_neg
34.850883052,-3435,-2706,-2706,neg_neg
34.852837542,-3436,-2706,-2706,neg_neg
34.854813506,-3436,-2706,-2706,neg_neg
34.856848314,-3436,-2706,-2706,neg_neg
34.858799619,-3436,-2706,-2706,neg_neg
34.86084805,-3436,-2705,-2705,neg_neg
34.862811493,-3436,-2703,-2703,neg_neg
34.86481969,-3436,-2702,-2702,neg_neg
34.866819631,-3436,-2700,-2700,neg_neg
34.868884884,-3437,-2699,-2699,neg_neg
34.870849912,-3437,-2697,-2697,neg_neg
34.872851983,-3437,-2694,-2694,neg_neg
34.874749761,-3438,-2692,-2692,neg_neg
34.876791077,-3438,-2689,-2689,neg_neg
34.878759625,-3439,-2685,-2685,neg_neg
34.880816734,-3439,-2683,-2683,neg_neg
34.882777661,-3440,-2680,-2680,neg_neg
34.884759386,-3440,-2678,-2678,neg_neg
34.886770169,-3441,-2674,-2674,neg_neg
34.888743453,-3441,-2671,-2671,neg_neg
34.890729866,-3442,-2668,-2668,neg_neg
34.892729939,-3442,-2664,-2664,neg_neg
34.894689125,-3443,-2662,-2662,neg_neg
34.896627278,-3444,-2659,-2659,neg_neg
34.898618335,-3445,-2656,-2656,neg_neg
34.900629321,-3446,-2654,-2654,neg_neg
34.902631143,-3447,-2651,-2651,neg_neg
34.904669736,-3448,-2649,-2649,neg_neg
34.906634575,-3449,-2647,-2647,neg_neg
34.908664897,-3451,-2645,-2645,neg_neg
34.910636581,-3452,-2643,-2643,neg_neg
34.912672852,-3453,-2642,-2642,neg_neg
34.914640773,-3454,-2641,-2641,neg_neg
34.91662981,-3456,-2640,-2640,neg_neg
34.918682913,-3457,-2640,-2640,neg_neg
34.920619483,-3458,-2640,-2640,neg_neg
34.922665461,-3459,-2640,-2640,neg_neg
34.92468931,-3461,-2640,-2640,neg_neg
34.9266707,-3462,-2641,-2641,neg_neg
34.928746074,-3463,-2642,-2642,neg_neg
34.930711376,-3464,-2643,-2643,neg_neg
34.932679019,-3465,-2645,-2645,neg_neg
34.934688936,-3467,-2647,-2647,neg_neg
34.936714401,-3468,-2649,-2649,neg_neg
34.938768472,-3469,-2652,-2652,neg_neg
34.940705909,-3470,-2654,-2654,neg_neg
34.942730611,-3471,-2657,-2657,neg_neg
34.944698014,-3472,-2660,-2660,neg_neg
34.946682883,-3473,-2663,-2663,neg_neg
34.948659549,-3474,-2666,-2666,neg_neg
34.950723224,-3475,-2670,-2670,neg_neg
34.952629565,-3476,-2674,-2674,neg_neg
34.954690336,-3477,-2678,-2678,neg_neg
34.956764241,-3478,-2682,-2682,neg_neg
34.958708017,-3479,-2685,-2685,neg_neg
34.960733949,-3479,-2690,-2690,neg_neg
34.962626165,-3481,-2694,-2694,neg_neg
34.96470728,-3481,-2698,-2698,neg_neg
34.966704359,-3482,-2702,-2702,neg_neg
34.968704179,-3483,-2706,-2706,neg_neg
34.970696992,-3484,-2710,-2710,neg_neg
34.972621373,-3484,-2714,-2714,neg_neg
34.974673334,-3485,-2717,-2717,neg_neg
34.976617648,-3486,-2720,-2720,neg_neg
34.978733949,-3486,-2724,-2724,neg_neg
34.980604517,-3487,-2727,-2727,neg_neg
34.982642488,-3488,-2729,-2729,neg_neg
34.984752809,-3488,-2732,-2732,neg_neg
34.986704597,-3489,-2733,-2733,neg_neg
34.988662685,-3489,-2735,-2735,neg_neg
34.990721441,-3490,-2735,-2735,neg_neg
34.992641003,-3490,-2736,-2736,neg_neg
34.99469976,-3490,-2736,-2736,neg_neg
34.996689213,-3491,-2736,-2736,neg_neg
34.998595357,-3491,-2736,-2736,neg_neg
35.000577018,-3492,-2736,-2736,neg_neg
35.002644382,-3492,-2735,-2735,neg_neg
35.004711952,-3492,-2734,-2734,neg_neg
35.006623602,-3493,-2733,-2733,neg_neg
35.008638157,-3493,-2732,-2732,neg_neg
35.010708263,-3494,-2729,-2729,neg_neg
35.012762731,-3495,-2727,-2727,neg_neg
35.014652848,-3496,-2725,-2725,neg_neg
35.016630803,-3496,-2724,-2724,neg_neg
35.01855797,-3497,-2721,-2721,neg_neg
35.020576526,-3497,-2718,-2718,neg_neg
35.022559748,-3498,-2716,-2716,neg_neg
35.024515755,-3499,-2714,-2714,neg_neg
35.026562634,-3500,-2710,-2710,neg_neg
35.028596777,-3500,-2708,-2708,neg_neg
35.030628971,-3501,-2706,-2706,neg_neg
35.032563525,-3502,-2703,-2703,neg_neg
35.034525363,-3503,-2701,-2701,neg_neg
35.03653738,-3504,-2699,-2699,neg_neg
35.038582863,-3505,-2697,-2697,neg_neg
35.040627207,-3506,-2696,-2696,neg_neg
35.042553817,-3507,-2693,-2693,neg_neg
35.044548203,-3508,-2693,-2693,neg_neg
35.046508645,-3510,-2691,-2691,neg_neg
35.04856797,-3511,-2691,-2691,neg_neg
35.050482342,-3512,-2690,-2690,neg_neg
35.052456838,-3513,-2690,-2690,neg_neg
35.05451719,-3515,-2690,-2690,neg_neg
35.056466161,-3516,-2690,-2690,neg_neg
35.058464856,-3517,-2690,-2690,neg_neg
35.06048634,-3518,-2690,-2690,neg_neg
35.06246315,-3520,-2690,-2690,neg_neg
35.064487372,-3521,-2691,-2691,neg_neg
35.066554733,-3523,-2692,-2692,neg_neg
35.068493983,-3524,-2693,-2693,neg_neg
35.070454413,-3525,-2693,-2693,neg_neg
35.072429705,-3526,-2696,-2696,neg_neg
35.074435228,-3527,-2698,-2698,neg_neg
35.076459278,-3529,-2699,-2699,neg_neg
35.078459304,-3530,-2701,-2701,neg_neg
35.080426437,-3531,-2703,-2703,neg_neg
35.082458672,-3533,-2706,-2706,neg_neg
35.084401252,-3534,-2708,-2708,neg_neg
35.086412957,-3535,-2711,-2711,neg_neg
35.088349491,-3536,-2714,-2714,neg_neg
35.090443022,-3537,-2717,-2717,neg_neg
35.092385427,-3538,-2719,-2719,neg_neg
35.094414636,-3539,-2723,-2723,neg_neg
35.096411711,-3540,-2726,-2726,neg_neg
35.098428175,-3541,-2728,-2728,neg_neg
35.100384864,-3542,-2732,-2732,neg_neg
35.102372348,-3543,-2734,-2734,neg_neg
35.104318848,-3544,-2737,-2737,neg_neg
35.10638485,-3544,-2739,-2739,neg_neg
35.1083813,-3545,-2741,-2741,neg_neg
35.110398511,-3546,-2743,-2743,neg_neg
35.112341927,-3547,-2744,-2744,neg_neg
35.11433466,-3547,-2746,-2746,neg_neg
35.116338011,-3548,-2747,-2747,neg_neg
35.118307958,-3548,-2748,-2748,neg_neg
35.120281948,-3548,-2748,-2748,neg_neg
35.122332298,-3549,-2749,-2749,neg_neg
35.124318065,-3549,-2749,-2749,neg_neg
35.126338924,-3550,-2750,-2750,neg_neg
35.128348697,-3550,-2750,-2750,neg_neg
35.130299373,-3551,-2750,-2750,neg_neg
35.132303776,-3551,-2750,-2750,neg_neg
35.134282814,-3552,-2749,-2749,neg_neg
35.136328011,-3552,-2749,-2749,neg_neg
35.138263814,-3552,-2749,-2749,neg_neg
35.140281379,-3552,-2749,-2749,neg_neg
35.142236931,-3552,-2749,-2749,neg_neg
35.144304014,-3552,-2749,-2749,neg_neg
35.146271239,-3552,-2749,-2749,neg_neg
35.148308764,-3552,-2748,-2748,neg_neg
35.150310357,-3552,-2748,-2748,neg_neg
35.152306808,-3553,-2747,-2747,neg_neg
35.154310338,-3553,-2747,-2747,neg_neg
35.156321301,-3553,-2746,-2746,neg_neg
35.158287314,-3553,-2746,-2746,neg_neg
35.160215555,-3553,-2746,-2746,neg_neg
35.162199438,-3554,-2745,-2745,neg_neg
35.164241722,-3554,-2745,-2745,neg_neg
35.166224126,-3554,-2744,-2744,neg_neg
35.168235194,-3555,-2744,-2744,neg_neg
35.170226314,-3556,-2743,-2743,neg_neg
35.172223628,-3557,-2743,-2743,neg_neg
35.174258558,-3557,-2743,-2743,neg_neg
35.176203451,-3558,-2743,-2743,neg_neg
35.178221092,-3559,-2743,-2743,neg_neg
35.180202003,-3560,-2743,-2743,neg_neg
35.182229505,-3561,-2743,-2743,neg_neg
35.184295717,-3562,-2743,-2743,neg_neg
35.186187081,-3563,-2743,-2743,neg_neg
35.188215358,-3564,-2743,-2743,neg_neg
35.190209277,-3565,-2743,-2743,neg_neg
35.192256595,-3567,-2744,-2744,neg_neg
35.194229068,-3567,-2744,-2744,neg_neg
35.196227947,-3568,-2745,-2745,neg_neg
35.198231183,-3570,-2746,-2746,neg_neg
35.200181724,-3571,-2747,-2747,neg_neg
35.202212495,-3572,-2747,-2747,neg_neg
35.204317903,-3573,-2748,-2748,neg_neg
35.206202451,-3574,-2749,-2749,neg_neg
35.208155456,-3575,-2750,-2750,neg_neg
35.21017129,-3576,-2751,-2751,neg_neg
35.212132282,-3577,-2752,-2752,neg_neg
35.214260273,-3578,-2753,-2753,neg_neg
35.216142511,-3580,-2754,-2754,neg_neg
35.218184543,-3581,-2756,-2756,neg_neg
35.220138955,-3581,-2757,-2757,neg_neg
35.222147324,-3582,-2758,-2758,neg_neg
35.22415482,-3584,-2760,-2760,neg_neg
35.226135217,-3585,-2761,-2761,neg_neg
35.228077161,-3586,-2763,-2763,neg_neg
35.230102301,-3587,-2764,-2764,neg_neg
35.232092913,-3588,-2766,-2766,neg_neg
35.234076767,-3588,-2768,-2768,neg_neg
35.236082274,-3589,-2769,-2769,neg_neg
35.238157134,-3590,-2771,-2771,neg_neg
35.240180358,-3591,-2772,-2772,neg_neg
35.242150021,-3592,-2774,-2774,neg_neg
35.244167164,-3592,-2776,-2776,neg_neg
35.246136145,-3593,-2777,-2777,neg_neg
35.248141953,-3594,-2779,-2779,neg_neg
35.250105797,-3594,-2780,-2780,neg_neg
35.252096222,-3595,-2781,-2781,neg_neg
35.254042749,-3596,-2782,-2782,neg_neg
35.256086843,-3596,-2783,-2783,neg_neg
35.258108685,-3596,-2784,-2784,neg_neg
35.260091756,-3597,-2784,-2784,neg_neg
35.262103098,-3598,-2785,-2785,neg_neg
35.26410121,-3598,-2785,-2785,neg_neg
35.266112943,-3599,-2785,-2785,neg_neg
35.268066066,-3599,-2785,-2785,neg_neg
35.270110058,-3600,-2785,-2785,neg_neg
35.272098813,-3600,-2785,-2785,neg_neg
35.274116519,-3601,-2785,-2785,neg_neg
35.276115239,-3601,-2784,-2784,neg_neg
35.278058108,-3602,-2784,-2784,neg_neg
35.28009519,-3602,-2784,-2784,neg_neg
35.2820485,-3602,-2784,-2784,neg_neg
35.284050451,-3603,-2784,-2784,neg_neg
35.28607348,-3603,-2784,-2784,neg_neg
35.288055667,-3603,-2784,-2784,neg_neg
35.29006651,-3604,-2783,-2783,neg_neg
35.2920962,-3604,-2783,-2783,neg_neg
35.294089553,-3604,-2783,-2783,neg_neg
35.296082174,-3605,-2783,-2783,neg_neg
35.298117044,-3605,-2782,-2782,neg_neg
35.300069248,-3606,-2782,-2782,neg_neg
35.301994145,-3606,-2782,-2782,neg_neg
35.303984209,-3607,-2782,-2782,neg_neg
35.30595776,-3607,-2781,-2781,neg_neg
35.308013858,-3608,-2781,-2781,neg_neg
35.31007595,-3608,-2781,-2781,neg_neg
35.312021176,-3609,-2780,-2780,neg_neg
35.314207402,-3609,-2780,-2780,neg_neg
35.316024481,-3610,-2780,-2780,neg_neg
35.318025032,-3610,-2779,-2779,neg_neg
35.319962719,-3611,-2779,-2779,neg_neg
35.322012081,-3611,-2779,-2779,neg_neg
35.323963955,-3612,-2779,-2779,neg_neg
35.325965632,-3613,-2779,-2779,neg_neg
35.328073958,-3614,-2779,-2779,neg_neg
35.330049726,-3615,-2779,-2779,neg_neg
35.33203931,-3615,-2779,-2779,neg_neg
35.333982071,-3616,-2779,-2779,neg_neg
35.336032141,-3617,-2779,-2779,neg_neg
35.337996292,-3618,-2779,-2779,neg_neg
35.33998674,-3618,-2779,-2779,neg_neg
35.341924153,-3619,-2780,-2780,neg_neg
35.343933449,-3620,-2780,-2780,neg_neg
35.345953302,-3621,-2780,-2780,neg_neg
35.347889658,-3622,-2781,-2781,neg_neg
35.349979247,-3623,-2782,-2782,neg_neg
35.351948732,-3624,-2782,-2782,neg_neg
35.353944928,-3624,-2783,-2783,neg_neg
35.355907274,-3625,-2784,-2784,neg_neg
35.356892198,-3625,-2785,-2785,neg_neg
35.359075782,-3626,-2786,-2786,neg_neg
35.360934971,-3627,-2787,-2787,neg_neg
35.362917428,-3628,-2788,-2788,neg_neg
35.364874992,-3629,-2789,-2789,neg_neg
35.366856948,-3630,-2790,-2790,neg_neg
35.368944881,-3631,-2792,-2792,neg_neg
35.37093357,-3632,-2793,-2793,neg_neg
35.372930231,-3633,-2795,-2795,neg_neg
35.374951786,-3633,-2796,-2796,neg_neg
35.37692784,-3634,-2797,-2797,neg_neg
35.378859557,-3635,-2799,-2799,neg_neg
35.380838191,-3636,-2801,-2801,neg_neg
35.382874991,-3637,-2802,-2802,neg_neg
35.384928512,-3639,-2804,-2804,neg_neg
35.386867127,-3639,-2805,-2805,neg_neg
35.388879737,-3640,-2807,-2807,neg_neg
35.390844982,-3640,-2808,-2808,neg_neg
35.392813428,-3641,-2809,-2809,neg_neg
35.394851605,-3642,-2810,-2810,neg_neg
35.396833577,-3642,-2811,-2811,neg_neg
35.398848225,-3643,-2812,-2812,neg_neg
35.400893419,-3643,-2812,-2812,neg_neg
35.402871992,-3644,-2813,-2813,neg_neg
35.404873713,-3644,-2813,-2813,neg_neg
35.406907614,-3645,-2813,-2813,neg_neg
35.408871662,-3645,-2813,-2813,neg_neg
35.410878954,-3646,-2813,-2813,neg_neg
35.412914089,-3646,-2813,-2813,neg_neg
35.414811357,-3647,-2813,-2813,neg_neg
35.416752005,-3647,-2813,-2813,neg_neg
35.418774925,-3647,-2812,-2812,neg_neg
35.420766038,-3648,-2812,-2812,neg_neg
35.422767334,-3648,-2812,-2812,neg_neg
35.424766616,-3649,-2811,-2811,neg_neg
35.42682684,-3649,-2811,-2811,neg_neg
35.428791867,-3650,-2811,-2811,neg_neg
35.430795414,-3650,-2811,-2811,neg_neg
35.432771762,-3651,-2810,-2810,neg_neg
35.434740086,-3651,-2810,-2810,neg_neg
35.436755155,-3652,-2810,-2810,neg_neg
35.438795606,-3652,-2809,-2809,neg_neg
35.440741395,-3653,-2809,-2809,neg_neg
35.44279,-3653,-2809,-2809,neg_neg
35.444707507,-3654,-2809,-2809,neg_neg
35.446754777,-3654,-2809,-2809,neg_neg
35.448776088,-3655,-2808,-2808,neg_neg
35.450857166,-3655,-2808,-2808,neg_neg
35.452845496,-3656,-2808,-2808,neg_neg
35.45483486,-3656,-2808,-2808,neg_neg
35.456835617,-3657,-2808,-2808,neg_neg
35.458741618,-3657,-2808,-2808,neg_neg
35.46074744,-3658,-2808,-2808,neg_neg
35.462716933,-3660,-2808,-2808,neg_neg
35.4647228,-3661,-2808,-2808,neg_neg
35.466697707,-3661,-2808,-2808,neg_neg
35.468773822,-3662,-2808,-2808,neg_neg
35.470791754,-3663,-2808,-2808,neg_neg
35.47271401,-3663,-2808,-2808,neg_neg
35.474683778,-3664,-2808,-2808,neg_neg
35.476707212,-3664,-2808,-2808,neg_neg
35.478769829,-3666,-2808,-2808,neg_neg
35.480709379,-3667,-2808,-2808,neg_neg
35.482692612,-3668,-2808,-2808,neg_neg
35.484699441,-3668,-2808,-2808,neg_neg
35.486724768,-3669,-2808,-2808,neg_neg
35.488688063,-3669,-2808,-2808,neg_neg
35.4906913,-3670,-2808,-2808,neg_neg
35.492701786,-3671,-2808,-2808,neg_neg
35.494642945,-3672,-2808,-2808,neg_neg
35.496709802,-3673,-2808,-2808,neg_neg
35.498669925,-3673,-2808,-2808,neg_neg
35.500736588,-3674,-2808,-2808,neg_neg
35.502659677,-3675,-2808,-2808,neg_neg
35.504687524,-3676,-2808,-2808,neg_neg
35.506665667,-3676,-2808,-2808,neg_neg
35.50866686,-3677,-2808,-2808,neg_neg
35.510669709,-3678,-2809,-2809,neg_neg
35.512648806,-3678,-2809,-2809,neg_neg
35.514634342,-3679,-2809,-2809,neg_neg
35.516767479,-3679,-2809,-2809,neg_neg
35.518632784,-3681,-2809,-2809,neg_neg
35.52065833,-3681,-2809,-2809,neg_neg
35.522586719,-3682,-2809,-2809,neg_neg
35.524699688,-3682,-2810,-2810,neg_neg
35.52665576,-3683,-2810,-2810,neg_neg
35.52866453,-3683,-2811,-2811,neg_neg
35.530703067,-3684,-2811,-2811,neg_neg
35.532594868,-3684,-2812,-2812,neg_neg
35.534596377,-3685,-2813,-2813,neg_neg
35.536609752,-3686,-2814,-2814,neg_neg
35.538614473,-3686,-2815,-2815,neg_neg
35.540598135,-3687,-2816,-2816,neg_neg
35.542566762,-3688,-2817,-2817,neg_neg
35.54461271,-3688,-2818,-2818,neg_neg
35.546543797,-3689,-2819,-2819,neg_neg
35.548564925,-3689,-2820,-2820,neg_neg
35.550565574,-3690,-2821,-2821,neg_neg
35.552513701,-3690,-2823,-2823,neg_neg
35.554540048,-3690,-2824,-2824,neg_neg
35.556544126,-3691,-2825,-2825,neg_neg
35.558556519,-3692,-2827,-2827,neg_neg
35.560474036,-3692,-2828,-2828,neg_neg
35.562533245,-3693,-2829,-2829,neg_neg
35.564507316,-3694,-2831,-2831,neg_neg
35.566511506,-3694,-2832,-2832,neg_neg
35.568508655,-3695,-2834,-2834,neg_neg
35.570503669,-3695,-2835,-2835,neg_neg
35.572484513,-3696,-2837,-2837,neg_neg
35.574543101,-3696,-2838,-2838,neg_neg
35.576500917,-3697,-2838,-2838,neg_neg
35.578462189,-3698,-2839,-2839,neg_neg
35.580476977,-3698,-2840,-2840,neg_neg
35.582546314,-3698,-2841,-2841,neg_neg
35.584567703,-3699,-2842,-2842,neg_neg
35.586480407,-3699,-2842,-2842,neg_neg
35.588491238,-3700,-2842,-2842,neg_neg
35.590475858,-3700,-2842,-2842,neg_neg
35.592487176,-3701,-2842,-2842,neg_neg
35.594530592,-3701,-2842,-2842,neg_neg
35.596520314,-3702,-2842,-2842,neg_neg
35.598426717,-3702,-2842,-2842,neg_neg
35.600428357,-3703,-2842,-2842,neg_neg
35.602389444,-3703,-2842,-2842,neg_neg
35.604432813,-3704,-2842,-2842,neg_neg
35.60644517,-3705,-2842,-2842,neg_neg
35.60845965,-3705,-2841,-2841,neg_neg
35.610444495,-3706,-2841,-2841,neg_neg
35.612479064,-3707,-2841,-2841,neg_neg
35.614444454,-3707,-2841,-2841,neg_neg
35.616446794,-3708,-2841,-2841,neg_neg
35.618437271,-3709,-2841,-2841,neg_neg
35.62044865,-3710,-2841,-2841,neg_neg
35.622428986,-3711,-2841,-2841,neg_neg
35.62441229,-3711,-2841,-2841,neg_neg
35.626532224,-3712,-2841,-2841,neg_neg
35.628459305,-3713,-2841,-2841,neg_neg
35.630476299,-3714,-2841,-2841,neg_neg
35.632423462,-3715,-2841,-2841,neg_neg
35.63438835,-3716,-2841,-2841,neg_neg
35.63638216,-3717,-2842,-2842,neg_neg
35.63837924,-3718,-2841,-2841,neg_neg
35.640479945,-3718,-2842,-2842,neg_neg
35.642439015,-3719,-2842,-2842,neg_neg
35.644424456,-3720,-2841,-2841,neg_neg
35.646419098,-3721,-2842,-2842,neg_neg
35.648387287,-3722,-2842,-2842,neg_neg
35.650442512,-3723,-2842,-2842,neg_neg
35.652359854,-3724,-2842,-2842,neg_neg
35.654423688,-3725,-2842,-2842,neg_neg
35.656399605,-3725,-2842,-2842,neg_neg
35.658396396,-3726,-2842,-2842,neg_neg
35.660363866,-3727,-2842,-2842,neg_neg
35.662470791,-3728,-2841,-2841,neg_neg
35.664461338,-3728,-2842,-2842,neg_neg
35.666421125,-3729,-2842,-2842,neg_neg
35.668390096,-3730,-2842,-2842,neg_neg
35.670382777,-3731,-2842,-2842,neg_neg
35.672438651,-3731,-2842,-2842,neg_neg
35.674324982,-3732,-2842,-2842,neg_neg
35.676382687,-3733,-2843,-2843,neg_neg
35.678447087,-3733,-2843,-2843,neg_neg
35.680361836,-3734,-2843,-2843,neg_neg
35.682306708,-3734,-2843,-2843,neg_neg
35.684434713,-3735,-2844,-2844,neg_neg
35.686315854,-3735,-2844,-2844,neg_neg
35.688357926,-3736,-2845,-2845,neg_neg
35.690312234,-3737,-2846,-2846,neg_neg
35.692400177,-3737,-2846,-2846,neg_neg
35.694371091,-3738,-2847,-2847,neg_neg
35.696360668,-3738,-2847,-2847,neg_neg
35.698279614,-3739,-2848,-2848,neg_neg
35.700324375,-3740,-2849,-2849,neg_neg
35.702346515,-3740,-2850,-2850,neg_neg
35.704363425,-3741,-2851,-2851,neg_neg
35.706353228,-3741,-2852,-2852,neg_neg
35.708255923,-3742,-2852,-2852,neg_neg
35.71024382,-3742,-2853,-2853,neg_neg
35.712305318,-3743,-2854,-2854,neg_neg
35.714278449,-3743,-2855,-2855,neg_neg
35.716316939,-3744,-2855,-2855,neg_neg
35.718312174,-3745,-2856,-2856,neg_neg
35.720301764,-3745,-2856,-2856,neg_neg
35.722310594,-3745,-2857,-2857,neg_neg
35.7243204,-3745,-2857,-2857,neg_neg
35.726306118,-3746,-2857,-2857,neg_neg
35.728293846,-3746,-2857,-2857,neg_neg
35.730238255,-3747,-2857,-2857,neg_neg
35.732297567,-3747,-2857,-2857,neg_neg
35.734267604,-3748,-2857,-2857,neg_neg
35.736261365,-3749,-2857,-2857,neg_neg
35.73820069,-3749,-2857,-2857,neg_neg
35.740263038,-3750,-2857,-2857,neg_neg
35.742206982,-3751,-2857,-2857,neg_neg
35.744141031,-3752,-2857,-2857,neg_neg
35.74614159,-3752,-2857,-2857,neg_neg
35.748125306,-3753,-2857,-2857,neg_neg
35.750175504,-3753,-2857,-2857,neg_neg
35.752121407,-3754,-2857,-2857,neg_neg
35.75418371,-3755,-2857,-2857,neg_neg
35.756098039,-3755,-2858,-2858,neg_neg
35.758222305,-3756,-2858,-2858,neg_neg
35.760183196,-3757,-2860,-2860,neg_neg
35.762149412,-3757,-2861,-2861,neg_neg
35.76417554,-3758,-2861,-2861,neg_neg
35.766114853,-3758,-2862,-2862,neg_neg
35.768094544,-3759,-2863,-2863,neg_neg
35.770057193,-3760,-2864,-2864,neg_neg
35.772033041,-3760,-2865,-2865,neg_neg
35.77404741,-3760,-2866,-2866,neg_neg
35.775995743,-3761,-2868,-2868,neg_neg
35.77808401,-3761,-2869,-2869,neg_neg
35.780064656,-3761,-2870,-2870,neg_neg
35.782054634,-3762,-2872,-2872,neg_neg
35.784043251,-3763,-2874,-2874,neg_neg
35.786032029,-3763,-2875,-2875,neg_neg
35.788091035,-3764,-2877,-2877,neg_neg
35.789990071,-3765,-2878,-2878,neg_neg
35.792043267,-3765,-2880,-2880,neg_neg
35.794030536,-3766,-2881,-2881,neg_neg
35.796020344,-3766,-2883,-2883,neg_neg
35.797985904,-3767,-2884,-2884,neg_neg
35.800030574,-3767,-2885,-2885,neg_neg
35.802024185,-3768,-2886,-2886,neg_neg
35.80401718,-3768,-2887,-2887,neg_neg
35.80603628,-3769,-2888,-2888,neg_neg
35.808009429,-3769,-2889,-2889,neg_neg
35.809996435,-3769,-2890,-2890,neg_neg
35.812063815,-3770,-2890,-2890,neg_neg
35.813980963,-3770,-2891,-2891,neg_neg
35.816036782,-3771,-2891,-2891,neg_neg
35.818032135,-3771,-2892,-2892,neg_neg
35.819985177,-3772,-2892,-2892,neg_neg
35.821995012,-3772,-2893,-2893,neg_neg
35.823989543,-3773,-2892,-2892,neg_neg
35.826083739,-3773,-2893,-2893,neg_neg
35.827976315,-3774,-2893,-2893,neg_neg
35.829983299,-3774,-2893,-2893,neg_neg
35.83201758,-3775,-2893,-2893,neg_neg
35.833996961,-3776,-2893,-2893,neg_neg
35.835988071,-3777,-2893,-2893,neg_neg
35.837973833,-3777,-2893,-2893,neg_neg
35.839997771,-3777,-2893,-2893,neg_neg
35.842019915,-3778,-2893,-2893,neg_neg
35.843978497,-3779,-2893,-2893,neg_neg
35.845995804,-3780,-2893,-2893,neg_neg
35.847972763,-3780,-2893,-2893,neg_neg
35.849958847,-3781,-2893,-2893,neg_neg
35.851967459,-3781,-2893,-2893,neg_neg
35.853974415,-3782,-2893,-2893,neg_neg
35.8560139,-3783,-2893,-2893,neg_neg
35.857938308,-3783,-2893,-2893,neg_neg
35.859929223,-3784,-2894,-2894,neg_neg
35.861935885,-3785,-2894,-2894,neg_neg
35.863923439,-3786,-2894,-2894,neg_neg
35.865932116,-3787,-2895,-2895,neg_neg
35.86791317,-3787,-2895,-2895,neg_neg
35.869976862,-3789,-2896,-2896,neg_neg
35.871984654,-3789,-2896,-2896,neg_neg
35.87394187,-3791,-2897,-2897,neg_neg
35.875913551,-3791,-2898,-2898,neg_neg
35.87793979,-3793,-2899,-2899,neg_neg
35.878977835,-3793,-2899,-2899,neg_neg
35.880894182,-3793,-2900,-2900,neg_neg
35.883006125,-3794,-2901,-2901,neg_neg
35.884947578,-3795,-2902,-2902,neg_neg
35.886890372,-3796,-2902,-2902,neg_neg
35.888946573,-3797,-2904,-2904,neg_neg
35.890889789,-3798,-2905,-2905,neg_neg
35.892851223,-3798,-2906,-2906,neg_neg
35.894994075,-3799,-2908,-2908,neg_neg
35.896896292,-3800,-2909,-2909,neg_neg
35.898869641,-3800,-2910,-2910,neg_neg
35.900967141,-3801,-2911,-2911,neg_neg
35.902930192,-3802,-2913,-2913,neg_neg
35.904934564,-3803,-2914,-2914,neg_neg
35.906922312,-3803,-2916,-2916,neg_neg
35.908947163,-3804,-2917,-2917,neg_neg
35.91097945,-3805,-2918,-2918,neg_neg
35.912957608,-3805,-2919,-2919,neg_neg
35.914890401,-3806,-2920,-2920,neg_neg
35.916900627,-3806,-2920,-2920,neg_neg
35.918932385,-3806,-2921,-2921,neg_neg
35.921002405,-3807,-2921,-2921,neg_neg
35.922941474,-3807,-2922,-2922,neg_neg
35.924935647,-3807,-2922,-2922,neg_neg
35.926944897,-3808,-2922,-2922,neg_neg
35.929019397,-3808,-2922,-2922,neg_neg
35.930850501,-3809,-2922,-2922,neg_neg
35.933074852,-3809,-2922,-2922,neg_neg
35.93487865,-3809,-2922,-2922,neg_neg
35.93699182,-3810,-2922,-2922,neg_neg
35.938824617,-3810,-2922,-2922,neg_neg
35.940819226,-3811,-2921,-2921,neg_neg
35.942798121,-3811,-2921,-2921,neg_neg
35.94488897,-3812,-2921,-2921,neg_neg
35.946795148,-3812,-2921,-2921,neg_neg
35.9488617,-3813,-2920,-2920,neg_neg
35.950798285,-3813,-2920,-2920,neg_neg
35.952906272,-3813,-2920,-2920,neg_neg
35.954725284,-3814,-2920,-2920,neg_neg
35.956873344,-3814,-2920,-2920,neg_neg
35.958778142,-3815,-2920,-2920,neg_neg
35.960678475,-3815,-2920,-2920,neg_neg
35.962760637,-3816,-2920,-2920,neg_neg
35.964738434,-3816,-2920,-2920,neg_neg
35.966711538,-3817,-2920,-2920,neg_neg
35.968728738,-3817,-2920,-2920,neg_neg
35.970727613,-3818,-2920,-2920,neg_neg
35.972719742,-3818,-2920,-2920,neg_neg
35.974730374,-3819,-2920,-2920,neg_neg
35.976727731,-3819,-2920,-2920,neg_neg
35.978723642,-3820,-2921,-2921,neg_neg
35.980748556,-3820,-2922,-2922,neg_neg
35.98273136,-3821,-2922,-2922,neg_neg
35.984742767,-3821,-2923,-2923,neg_neg
35.986764859,-3822,-2924,-2924,neg_neg
35.988743384,-3823,-2925,-2925,neg_neg
35.990799272,-3823,-2925,-2925,neg_neg
35.992761548,-3824,-2927,-2927,neg_neg
35.994742835,-3825,-2928,-2928,neg_neg
35.996754564,-3825,-2929,-2929,neg_neg
35.998764032,-3826,-2930,-2930,neg_neg
36.000735061,-3827,-2931,-2931,neg_neg
36.002734948,-3827,-2932,-2932,neg_neg
36.004693078,-3828,-2933,-2933,neg_neg
36.006742895,-3828,-2935,-2935,neg_neg
36.008722167,-3829,-2936,-2936,neg_neg
36.010724156,-3830,-2938,-2938,neg_neg
36.012702455,-3830,-2939,-2939,neg_neg
36.014720938,-3831,-2940,-2940,neg_neg
36.016724116,-3832,-2942,-2942,neg_neg
36.018704255,-3832,-2944,-2944,neg_neg
36.020659287,-3833,-2945,-2945,neg_neg
36.022674896,-3834,-2946,-2946,neg_neg
36.02466278,-3834,-2948,-2948,neg_neg
36.026647186,-3834,-2949,-2949,neg_neg
36.028659552,-3835,-2950,-2950,neg_neg
36.030670947,-3835,-2951,-2951,neg_neg
36.032665941,-3836,-2952,-2952,neg_neg
36.034675686,-3836,-2953,-2953,neg_neg
36.036675523,-3837,-2953,-2953,neg_neg
36.038738263,-3837,-2954,-2954,neg_neg
36.040623851,-3837,-2955,-2955,neg_neg
36.042725574,-3838,-2955,-2955,neg_neg
36.044699309,-3838,-2956,-2956,neg_neg
36.04669064,-3838,-2956,-2956,neg_neg
36.048724051,-3839,-2957,-2957,neg_neg
36.050688211,-3839,-2957,-2957,neg_neg
36.052719716,-3839,-2958,-2958,neg_neg
36.054680437,-3839,-2958,-2958,neg_neg
36.0566198,-3840,-2959,-2959,neg_neg
36.058685572,-3840,-2959,-2959,neg_neg
36.06064216,-3840,-2959,-2959,neg_neg
36.06264046,-3840,-2959,-2959,neg_neg
36.064642055,-3841,-2959,-2959,neg_neg
36.066705367,-3841,-2959,-2959,neg_neg
36.068641457,-3841,-2959,-2959,neg_neg
36.070633232,-3841,-2959,-2959,neg_neg
36.072637502,-3841,-2959,-2959,neg_neg
36.074629345,-3842,-2959,-2959,neg_neg
36.076651524,-3842,-2959,-2959,neg_neg
36.078725972,-3843,-2959,-2959,neg_neg
36.080650671,-3843,-2959,-2959,neg_neg
36.082622566,-3844,-2959,-2959,neg_neg
36.084576269,-3845,-2959,-2959,neg_neg
36.086623694,-3845,-2959,-2959,neg_neg
36.0886296,-3846,-2959,-2959,neg_neg
36.090623285,-3847,-2959,-2959,neg_neg
36.092567714,-3848,-2959,-2959,neg_neg
36.0945777,-3849,-2959,-2959,neg_neg
36.096534834,-3850,-2959,-2959,neg_neg
36.098523124,-3851,-2959,-2959,neg_neg
36.100485807,-3852,-2959,-2959,neg_neg
36.10257659,-3853,-2959,-2959,neg_neg
36.104497956,-3854,-2960,-2960,neg_neg
36.106545606,-3855,-2960,-2960,neg_neg
36.108563417,-3856,-2960,-2960,neg_neg
36.110568301,-3857,-2961,-2961,neg_neg
36.112543944,-3858,-2962,-2962,neg_neg
36.114575593,-3859,-2963,-2963,neg_neg
36.116474466,-3860,-2964,-2964,neg_neg
36.118511583,-3861,-2965,-2965,neg_neg
36.120514277,-3862,-2966,-2966,neg_neg
36.122523488,-3863,-2967,-2967,neg_neg
36.124498674,-3864,-2968,-2968,neg_neg
36.126558388,-3865,-2970,-2970,neg_neg
36.12849451,-3866,-2971,-2971,neg_neg
36.130497268,-3867,-2973,-2973,neg_neg
36.132567837,-3868,-2974,-2974,neg_neg
36.134541552,-3869,-2976,-2976,neg_neg
36.136452117,-3870,-2977,-2977,neg_neg
36.138492139,-3871,-2979,-2979,neg_neg
36.140487527,-3871,-2981,-2981,neg_neg
36.142458771,-3873,-2982,-2982,neg_neg
36.144432536,-3873,-2984,-2984,neg_neg
36.146478773,-3874,-2986,-2986,neg_neg
36.148427818,-3875,-2988,-2988,neg_neg
36.150424229,-3876,-2990,-2990,neg_neg
36.152441388,-3876,-2991,-2991,neg_neg
36.154441908,-3877,-2993,-2993,neg_neg
36.156484799,-3878,-2995,-2995,neg_neg
36.158453211,-3878,-2996,-2996,neg_neg
36.160475427,-3879,-2998,-2998,neg_neg
36.162406755,-3879,-3000,-3000,neg_neg
36.16448834,-3880,-3001,-3001,neg_neg
36.166408283,-3880,-3002,-3002,neg_neg
36.168352231,-3881,-3003,-3003,neg_neg
36.170398115,-3881,-3004,-3004,neg_neg
36.172413021,-3882,-3004,-3004,neg_neg
36.174384188,-3882,-3005,-3005,neg_neg
36.17638033,-3883,-3005,-3005,neg_neg
36.178384968,-3883,-3006,-3006,neg_neg
36.18037571,-3884,-3006,-3006,neg_neg
36.182369011,-3884,-3006,-3006,neg_neg
36.18443094,-3884,-3006,-3006,neg_neg
36.186353709,-3885,-3006,-3006,neg_neg
36.188377126,-3885,-3006,-3006,neg_neg
36.190363307,-3885,-3005,-3005,neg_neg
36.192377166,-3886,-3005,-3005,neg_neg
36.194394855,-3886,-3005,-3005,neg_neg
36.196303027,-3887,-3004,-3004,neg_neg
36.198377971,-3888,-3003,-3003,neg_neg
36.200378934,-3888,-3002,-3002,neg_neg
36.202331687,-3889,-3002,-3002,neg_neg
36.204302167,-3889,-3002,-3002,neg_neg
36.206319418,-3890,-3001,-3001,neg_neg
36.20833703,-3890,-3000,-3000,neg_neg
36.210281957,-3891,-3000,-3000,neg_neg
36.212273316,-3891,-2999,-2999,neg_neg
36.214281577,-3892,-2999,-2999,neg_neg
36.216273702,-3892,-2999,-2999,neg_neg
36.218238007,-3893,-2998,-2998,neg_neg
36.220265136,-3893,-2998,-2998,neg_neg
36.22229267,-3894,-2998,-2998,neg_neg
36.224311322,-3894,-2998,-2998,neg_neg
36.226292339,-3895,-2998,-2998,neg_neg
36.228255817,-3895,-2998,-2998,neg_neg
36.230297851,-3896,-2998,-2998,neg_neg
36.232261254,-3897,-2998,-2998,neg_neg
36.234312826,-3897,-2998,-2998,neg_neg
36.236238448,-3898,-2998,-2998,neg_neg
36.238250595,-3898,-2999,-2999,neg_neg
36.240190028,-3899,-2999,-2999,neg_neg
36.242241144,-3899,-2998,-2998,neg_neg
36.244246868,-3900,-2999,-2999,neg_neg
36.246228185,-3900,-2999,-2999,neg_neg
36.248203689,-3901,-2999,-2999,neg_neg
36.250274698,-3901,-2999,-2999,neg_neg
36.252218288,-3902,-2999,-2999,neg_neg
36.254286587,-3902,-2999,-2999,neg_neg
36.256275042,-3902,-2999,-2999,neg_neg
36.258187378,-3903,-3000,-3000,neg_neg
36.260230954,-3903,-3000,-3000,neg_neg
36.262198612,-3903,-3001,-3001,neg_neg
36.264208163,-3904,-3002,-3002,neg_neg
36.266196929,-3904,-3002,-3002,neg_neg
36.268159495,-3905,-3003,-3003,neg_neg
36.270214407,-3905,-3004,-3004,neg_neg
36.272143658,-3905,-3005,-3005,neg_neg
36.274220607,-3905,-3006,-3006,neg_neg
36.276183092,-3905,-3007,-3007,neg_neg
36.278213139,-3905,-3009,-3009,neg_neg
36.280156028,-3905,-3010,-3010,neg_neg
36.282179688,-3905,-3011,-3011,neg_neg
36.284156636,-3905,-3013,-3013,neg_neg
36.286193333,-3905,-3014,-3014,neg_neg
36.288168202,-3905,-3016,-3016,neg_neg
36.290186183,-3905,-3017,-3017,neg_neg
36.292290136,-3905,-3019,-3019,neg_neg
36.294200108,-3905,-3021,-3021,neg_neg
36.296146307,-3905,-3022,-3022,neg_neg
36.298197022,-3906,-3024,-3024,neg_neg
36.300180191,-3906,-3025,-3025,neg_neg
36.302175104,-3905,-3027,-3027,neg_neg
36.304201077,-3906,-3029,-3029,neg_neg
36.306132238,-3906,-3030,-3030,neg_neg
36.308108454,-3905,-3032,-3032,neg_neg
36.310158959,-3905,-3033,-3033,neg_neg
36.312110429,-3905,-3035,-3035,neg_neg
36.31416194,-3905,-3036,-3036,neg_neg
36.31610227,-3906,-3037,-3037,neg_neg
36.318137404,-3906,-3038,-3038,neg_neg
36.320116622,-3906,-3039,-3039,neg_neg
36.322230275,-3906,-3039,-3039,neg_neg
36.324116254,-3906,-3040,-3040,neg_neg
36.326141796,-3906,-3041,-3041,neg_neg
36.328136932,-3906,-3041,-3041,neg_neg
36.330077951,-3907,-3042,-3042,neg_neg
36.332110373,-3907,-3042,-3042,neg_neg
36.334063888,-3907,-3042,-3042,neg_neg
36.33606842,-3908,-3042,-3042,neg_neg
36.33806261,-3908,-3042,-3042,neg_neg
36.340067098,-3908,-3042,-3042,neg_neg
36.342160427,-3909,-3042,-3042,neg_neg
36.344142657,-3909,-3042,-3042,neg_neg
36.346128702,-3909,-3042,-3042,neg_neg
36.348112776,-3910,-3042,-3042,neg_neg
36.35014115,-3910,-3042,-3042,neg_neg
36.352086342,-3910,-3041,-3041,neg_neg
36.354057945,-3911,-3041,-3041,neg_neg
36.356065471,-3912,-3041,-3041,neg_neg
36.358054916,-3912,-3041,-3041,neg_neg
36.360005399,-3912,-3041,-3041,neg_neg
36.362073693,-3913,-3041,-3041,neg_neg
36.364067733,-3914,-3041,-3041,neg_neg
36.366090516,-3914,-3041,-3041,neg_neg
36.368143386,-3915,-3041,-3041,neg_neg
36.370106228,-3916,-3041,-3041,neg_neg
36.372088163,-3916,-3041,-3041,neg_neg
36.374037778,-3917,-3041,-3041,neg_neg
36.375945328,-3918,-3041,-3041,neg_neg
36.377978709,-3918,-3042,-3042,neg_neg
36.379950932,-3919,-3041,-3041,neg_neg
36.382014783,-3920,-3042,-3042,neg_neg
36.384031852,-3921,-3042,-3042,neg_neg
36.386023184,-3922,-3042,-3042,neg_neg
36.387964315,-3923,-3042,-3042,neg_neg
36.390009209,-3924,-3043,-3043,neg_neg
36.392028513,-3925,-3043,-3043,neg_neg
36.393972064,-3926,-3043,-3043,neg_neg
36.396019919,-3927,-3044,-3044,neg_neg
36.398000124,-3928,-3045,-3045,neg_neg
36.400041433,-3929,-3045,-3045,neg_neg
36.401992365,-3929,-3046,-3046,neg_neg
36.404122782,-3930,-3047,-3047,neg_neg
36.406009537,-3931,-3048,-3048,neg_neg
36.408079687,-3932,-3049,-3049,neg_neg
36.40999034,-3933,-3050,-3050,neg_neg
36.412011359,-3933,-3052,-3052,neg_neg
36.413935279,-3934,-3052,-3052,neg_neg
36.41601236,-3935,-3052,-3052,neg_neg
36.417890579,-3936,-3053,-3053,neg_neg
36.420005145,-3936,-3055,-3055,neg_neg
36.421919168,-3937,-3056,-3056,neg_neg
36.423951757,-3938,-3057,-3057,neg_neg
36.425905755,-3938,-3058,-3058,neg_neg
36.427894133,-3939,-3059,-3059,neg_neg
36.429883697,-3939,-3059,-3059,neg_neg
36.431880938,-3940,-3060,-3060,neg_neg
36.433932146,-3940,-3061,-3061,neg_neg
36.434883746,-3940,-3061,-3061,neg_neg
36.436855908,-3940,-3062,-3062,neg_neg
36.438861202,-3941,-3062,-3062,neg_neg
36.440848917,-3941,-3063,-3063,neg_neg
36.442924543,-3941,-3063,-3063,neg_neg
36.444945556,-3941,-3063,-3063,neg_neg
36.447027981,-3941,-3063,-3063,neg_neg
36.44889961,-3941,-3063,-3063,neg_neg
36.450916578,-3941,-3063,-3063,neg_neg
36.45286765,-3941,-3063,-3063,neg_neg
36.454878234,-3941,-3062,-3062,neg_neg
36.456898555,-3941,-3062,-3062,neg_neg
36.459027802,-3941,-3061,-3061,neg_neg
36.460851134,-3941,-3061,-3061,neg_neg
36.462853555,-3941,-3060,-3060,neg_neg
36.46491394,-3941,-3059,-3059,neg_neg
36.466828055,-3941,-3059,-3059,neg_neg
36.468810711,-3941,-3058,-3058,neg_neg
36.470816514,-3941,-3057,-3057,neg_neg
36.472899623,-3941,-3056,-3056,neg_neg
36.474867789,-3941,-3055,-3055,neg_neg
36.476854429,-3941,-3055,-3055,neg_neg
36.478851892,-3941,-3054,-3054,neg_neg
36.480933501,-3941,-3053,-3053,neg_neg
36.482855767,-3941,-3052,-3052,neg_neg
36.484823713,-3942,-3052,-3052,neg_neg
36.486870386,-3942,-3052,-3052,neg_neg
36.488844459,-3942,-3052,-3052,neg_neg
36.490792973,-3943,-3050,-3050,neg_neg
36.492824433,-3943,-3050,-3050,neg_neg
36.494793951,-3944,-3050,-3050,neg_neg
36.496814174,-3944,-3050,-3050,neg_neg
36.498779165,-3944,-3050,-3050,neg_neg
36.500773519,-3945,-3050,-3050,neg_neg
36.502777279,-3945,-3050,-3050,neg_neg
36.504827847,-3946,-3050,-3050,neg_neg
36.506774266,-3946,-3050,-3050,neg_neg
36.508754782,-3947,-3050,-3050,neg_neg
36.510774235,-3947,-3050,-3050,neg_neg
36.512819796,-3948,-3050,-3050,neg_neg
36.514762545,-3948,-3050,-3050,neg_neg
36.516723586,-3949,-3050,-3050,neg_neg
36.51877644,-3949,-3050,-3050,neg_neg
36.520711552,-3950,-3052,-3052,neg_neg
36.522658279,-3950,-3052,-3052,neg_neg
36.524710948,-3951,-3052,-3052,neg_neg
36.526784778,-3951,-3052,-3052,neg_neg
36.528812134,-3952,-3052,-3052,neg_neg
36.530832502,-3952,-3053,-3053,neg_neg
36.532838465,-3953,-3053,-3053,neg_neg
36.534703186,-3953,-3054,-3054,neg_neg
36.536686404,-3953,-3055,-3055,neg_neg
36.538803173,-3954,-3056,-3056,neg_neg
36.540729254,-3954,-3057,-3057,neg_neg
36.542744687,-3954,-3058,-3058,neg_neg
36.544735867,-3954,-3059,-3059,neg_neg
36.546757592,-3954,-3060,-3060,neg_neg
36.548756172,-3954,-3062,-3062,neg_neg
36.550722576,-3954,-3063,-3063,neg_neg
36.552733895,-3954,-3065,-3065,neg_neg
36.554772472,-3954,-3066,-3066,neg_neg
36.556778989,-3954,-3068,-3068,neg_neg
36.558772124,-3954,-3070,-3070,neg_neg
36.560720366,-3954,-3071,-3071,neg_neg
36.562753426,-3954,-3073,-3073,neg_neg
36.564786128,-3954,-3075,-3075,neg_neg
36.566752708,-3954,-3076,-3076,neg_neg
36.568707315,-3954,-3078,-3078,neg_neg
36.570693869,-3954,-3080,-3080,neg_neg
36.572731005,-3954,-3081,-3081,neg_neg
36.574718395,-3954,-3082,-3082,neg_neg
36.576698551,-3954,-3083,-3083,neg_neg
36.578669699,-3954,-3084,-3084,neg_neg
36.580681999,-3954,-3085,-3085,neg_neg
36.582664575,-3954,-3085,-3085,neg_neg
36.584680075,-3954,-3086,-3086,neg_neg
36.586660455,-3954,-3086,-3086,neg_neg
36.588745306,-3955,-3086,-3086,neg_neg
36.590717998,-3955,-3086,-3086,neg_neg
36.592791735,-3955,-3086,-3086,neg_neg
36.594761766,-3955,-3086,-3086,neg_neg
36.596723663,-3955,-3086,-3086,neg_neg
36.598728505,-3956,-3085,-3085,neg_neg
36.600769648,-3956,-3085,-3085,neg_neg
36.602703992,-3956,-3084,-3084,neg_neg
36.604748286,-3957,-3084,-3084,neg_neg
36.606659432,-3957,-3083,-3083,neg_neg
36.608636262,-3957,-3082,-3082,neg_neg
36.610617541,-3958,-3082,-3082,neg_neg
36.612618811,-3958,-3081,-3081,neg_neg
36.614678823,-3958,-3080,-3080,neg_neg
36.61664491,-3959,-3080,-3080,neg_neg
36.618669529,-3959,-3079,-3079,neg_neg
36.620594336,-3960,-3078,-3078,neg_neg
36.622753072,-3960,-3077,-3077,neg_neg
36.624714204,-3961,-3077,-3077,neg_neg
36.626668762,-3961,-3076,-3076,neg_neg
36.628593287,-3962,-3076,-3076,neg_neg
36.630606422,-3962,-3075,-3075,neg_neg
36.63260497,-3962,-3075,-3075,neg_neg
36.634612666,-3963,-3075,-3075,neg_neg
36.63664515,-3964,-3075,-3075,neg_neg
36.638620266,-3964,-3075,-3075,neg_neg
36.640562105,-3965,-3075,-3075,neg_neg
36.642580245,-3966,-3075,-3075,neg_neg
36.64451374,-3966,-3076,-3076,neg_neg
36.646528703,-3966,-3076,-3076,neg_neg
36.648562765,-3967,-3076,-3076,neg_neg
36.650585042,-3968,-3077,-3077,neg_neg
36.652533802,-3968,-3077,-3077,neg_neg
36.65456876,-3969,-3078,-3078,neg_neg
36.656566601,-3969,-3078,-3078,neg_neg
36.658621839,-3969,-3079,-3079,neg_neg
36.660533081,-3970,-3080,-3080,neg_neg
36.662616683,-3970,-3081,-3081,neg_neg
36.664528609,-3970,-3082,-3082,neg_neg
36.666574806,-3971,-3083,-3083,neg_neg
36.668496389,-3971,-3084,-3084,neg_neg
36.670554106,-3972,-3085,-3085,neg_neg
36.672581554,-3972,-3086,-3086,neg_neg
36.674513908,-3972,-3087,-3087,neg_neg
36.676539616,-3972,-3089,-3089,neg_neg
36.678531033,-3972,-3090,-3090,neg_neg
36.680394441,-3972,-3091,-3091,neg_neg
36.682449746,-3972,-3093,-3093,neg_neg
36.68443661,-3971,-3094,-3094,neg_neg
36.686424238,-3971,-3095,-3095,neg_neg
36.688477172,-3971,-3097,-3097,neg_neg
36.690447393,-3971,-3098,-3098,neg_neg
36.692453836,-3971,-3099,-3099,neg_neg
36.694413281,-3971,-3100,-3100,neg_neg
36.696422903,-3971,-3101,-3101,neg_neg
36.698439584,-3971,-3102,-3102,neg_neg
36.700368727,-3971,-3102,-3102,neg_neg
36.702442774,-3971,-3103,-3103,neg_neg
36.704383575,-3971,-3103,-3103,neg_neg
36.706465842,-3971,-3103,-3103,neg_neg
36.70842178,-3971,-3103,-3103,neg_neg
41.359928821,-86,1,1,pos_pos
41.361894682,-86,3,3,pos_pos
41.363910489,-86,5,5,pos_pos
41.365917251,-86,6,6,pos_pos
41.36802926,-86,9,9,pos_pos
41.369894378,-87,10,10,pos_pos
41.371843758,-87,14,14,pos_pos
41.373818122,-87,15,15,pos_pos
41.375848404,-88,17,17,pos_pos
41.377814018,-88,20,20,pos_pos
41.379847035,-88,22,22,pos_pos
41.381853586,-88,24,24,pos_pos
41.383798862,-88,27,27,pos_pos
41.385873046,-88,28,28,pos_pos
41.387786394,-88,31,31,pos_pos
41.389885514,-88,33,33,pos_pos
41.391783554,-88,36,36,pos_pos
41.393852282,-87,38,38,pos_pos
41.39581014,-87,42,42,pos_pos
41.397793528,-86,44,44,pos_pos
41.399799173,-85,46,46,pos_pos
41.401799637,-85,48,48,pos_pos
41.403763804,-84,50,50,pos_pos
41.405852152,-83,52,52,pos_pos
41.407888978,-82,55,55,pos_pos
41.409877705,-81,57,57,pos_pos
41.411873353,-79,59,59,pos_pos
41.413887923,-78,60,60,pos_pos
41.415825643,-77,62,62,pos_pos
41.41798742,-75,64,64,pos_pos
41.419825437,-74,65,65,pos_pos
41.421794081,-72,66,66,pos_pos
41.423817792,-71,66,66,pos_pos
41.42595214,-69,67,67,pos_pos
41.427819004,-67,67,67,pos_pos
41.430117775,-65,67,67,pos_pos
41.43186993,-63,67,67,pos_pos
41.433989159,-61,67,67,pos_pos
41.435772099,-59,67,67,pos_pos
41.438010314,-58,66,66,pos_pos
41.439782585,-56,66,66,pos_pos
41.441699546,-54,65,65,pos_pos
41.443723122,-52,65,65,pos_pos
41.445768238,-51,64,64,pos_pos
41.447817931,-49,63,63,pos_pos
41.44974409,-46,62,62,pos_pos
41.451795907,-44,62,62,pos_pos
41.453702555,-43,62,62,pos_pos
41.45577173,-41,61,61,pos_pos
41.457741343,-39,61,61,pos_pos
41.459732722,-37,61,61,pos_pos
41.461824156,-35,61,61,pos_pos
41.463859198,-33,61,61,pos_pos
41.465770746,-31,61,61,pos_pos
41.467716583,-29,61,61,pos_pos
41.469707759,-27,62,62,pos_pos
41.471724076,-25,62,62,pos_pos
41.473718546,-23,63,63,pos_pos
41.475675198,-22,64,64,pos_pos
41.477696497,-20,64,64,pos_pos
41.479639757,-19,65,65,pos_pos
41.481638495,-17,66,66,pos_pos
41.483668798,-16,67,67,pos_pos
41.48565917,-15,69,69,pos_pos
41.487723351,-14,70,70,pos_pos
41.489732321,-13,72,72,pos_pos
41.4917189,-13,74,74,pos_pos
41.493660274,-13,75,75,pos_pos
41.495682882,-13,78,78,pos_pos
41.497679872,-13,79,79,pos_pos
41.499699476,-13,81,81,pos_pos
41.501715182,-12,84,84,pos_pos
41.503698876,-13,86,86,pos_pos
41.505684026,-13,88,88,pos_pos
41.507642399,-13,90,90,pos_pos
41.509727511,-13,93,93,pos_pos
41.511674944,-13,96,96,pos_pos
41.513657056,-13,98,98,pos_pos
41.515677398,-13,101,101,pos_pos
41.517641542,-12,104,104,pos_pos
41.519665925,-12,106,106,pos_pos
41.52165262,-11,109,109,pos_pos
41.523604883,-11,111,111,pos_pos
41.5256611,-10,114,114,pos_pos
41.527550631,-10,116,116,pos_pos
41.529587815,-9,118,118,pos_pos
41.531549679,-8,122,122,pos_pos
41.533591069,-7,124,124,pos_pos
41.535562522,-5,126,126,pos_pos
41.537583793,-4,128,128,pos_pos
41.539575023,-3,132,132,pos_pos
41.541584923,-1,134,134,pos_pos
41.543547579,0,136,136,pos_pos
41.545534921,2,138,138,pos_pos
41.547550216,4,141,141,pos_pos
41.549522036,6,143,143,pos_pos
41.551522977,7,145,145,pos_pos
41.553534865,10,147,147,pos_pos
41.555536326,12,149,149,pos_pos
41.557530126,14,150,150,pos_pos
41.559526758,16,152,152,pos_pos
41.561515068,19,154,154,pos_pos
41.563492345,21,155,155,pos_pos
41.565477109,24,157,157,pos_pos
41.567488075,26,158,158,pos_pos
41.569497615,28,158,158,pos_pos
41.571517909,31,159,159,pos_pos
41.573479646,34,160,160,pos_pos
41.575416877,37,161,161,pos_pos
41.577496135,39,161,161,pos_pos
41.579447514,41,162,162,pos_pos
41.581530309,44,163,163,pos_pos
41.583463644,46,163,163,pos_pos
41.585506774,49,164,164,pos_pos
41.587467991,51,164,164,pos_pos
41.589436091,53,164,164,pos_pos
41.591504905,55,165,165,pos_pos
41.59352965,57,166,166,pos_pos
41.595576344,60,166,166,pos_pos
41.597583358,62,167,167,pos_pos
41.599461797,64,167,167,pos_pos
41.601501418,66,168,168,pos_pos
41.603471227,68,169,169,pos_pos
41.605456356,70,170,170,pos_pos
41.607468671,72,172,172,pos_pos
41.609466996,74,173,173,pos_pos
41.611419214,76,175,175,pos_pos
41.613481775,78,176,176,pos_pos
41.615479485,80,178,178,pos_pos
41.617441274,82,180,180,pos_pos
41.619422281,83,183,183,pos_pos
41.621446119,85,185,185,pos_pos
41.623439974,86,188,188,pos_pos
41.62544657,88,191,191,pos_pos
41.627401758,89,194,194,pos_pos
41.629419619,90,197,197,pos_pos
41.63137128,91,200,200,pos_pos
41.63336748,92,204,204,pos_pos
41.635365075,92,207,207,pos_pos
41.637314564,93,211,211,pos_pos
41.639337421,93,214,214,pos_pos
41.641358066,93,218,218,pos_pos
41.643339189,92,222,222,pos_pos
41.645358293,92,225,225,pos_pos
41.64735227,91,229,229,pos_pos
41.649326994,90,233,233,pos_pos
41.651344603,89,236,236,pos_pos
41.653308555,87,239,239,pos_pos
41.65533287,86,242,242,pos_pos
41.657353786,84,245,245,pos_pos
41.659328346,81,248,248,pos_pos
41.661328674,79,251,251,pos_pos
41.663312849,77,253,253,pos_pos
41.665308784,75,256,256,pos_pos
41.667270653,72,258,258,pos_pos
41.669289811,70,261,261,pos_pos
41.671334181,67,263,263,pos_pos
41.673288992,65,265,265,pos_pos
41.675282735,63,267,267,pos_pos
41.677261218,61,269,269,pos_pos
41.679255249,59,271,271,pos_pos
41.681334513,57,273,273,pos_pos
41.68328748,56,275,275,pos_pos
41.685293245,55,276,276,pos_pos
41.687301686,55,278,278,pos_pos
41.689341984,54,279,279,pos_pos
41.691303677,54,281,281,pos_pos
41.693250224,54,282,282,pos_pos
41.695270429,55,283,283,pos_pos
41.697243417,56,284,284,pos_pos
41.699290479,57,286,286,pos_pos
41.701287866,58,286,286,pos_pos
41.703263297,60,286,286,pos_pos
41.705293329,63,286,286,pos_pos
41.707267779,65,286,286,pos_pos
41.709241667,68,286,286,pos_pos
41.711236973,71,286,286,pos_pos
41.713241292,74,285,285,pos_pos
41.715191008,77,284,284,pos_pos
41.717222209,81,283,283,pos_pos
41.719223486,85,282,282,pos_pos
41.721212842,88,279,279,pos_pos
41.723200239,92,278,278,pos_pos
41.725226848,97,276,276,pos_pos
41.727225851,101,274,274,pos_pos
41.729208485,105,272,272,pos_pos
41.731147199,109,269,269,pos_pos
41.733228152,113,267,267,pos_pos
41.735167584,118,264,264,pos_pos
41.737181276,123,262,262,pos_pos
41.739177466,127,259,259,pos_pos
41.741229283,132,257,257,pos_pos
41.743186741,136,254,254,pos_pos
41.745191379,141,252,252,pos_pos
41.747191535,145,250,250,pos_pos
41.749088549,149,248,248,pos_pos
41.751150532,154,246,246,pos_pos
41.753098443,158,245,245,pos_pos
41.755168613,161,244,244,pos_pos
41.75715883,165,243,243,pos_pos
41.759162027,168,242,242,pos_pos
41.761162006,171,242,242,pos_pos
41.763218732,173,242,242,pos_pos
41.765129265,175,242,242,pos_pos
41.7671263,176,243,243,pos_pos
41.76906002,178,243,243,pos_pos
41.771105609,178,244,244,pos_pos
41.773175052,179,246,246,pos_pos
41.775121532,179,247,247,pos_pos
41.777136323,179,248,248,pos_pos
41.779137572,178,250,250,pos_pos
41.781073224,178,252,252,pos_pos
41.783038516,176,254,254,pos_pos
41.785218102,175,256,256,pos_pos
41.787064711,174,258,258,pos_pos
41.789094523,172,260,260,pos_pos
41.791093265,170,262,262,pos_pos
41.793109754,168,264,264,pos_pos
41.795143463,166,266,266,pos_pos
41.797075604,164,268,268,pos_pos
41.799130638,162,271,271,pos_pos
41.801170599,160,273,273,pos_pos
41.803112188,158,275,275,pos_pos
41.805104497,156,277,277,pos_pos
41.807062733,155,280,280,pos_pos
41.809017811,154,282,282,pos_pos
41.811082374,153,284,284,pos_pos
41.813031046,153,287,287,pos_pos
41.814984052,152,289,289,pos_pos
41.81708122,152,292,292,pos_pos
41.818989183,152,294,294,pos_pos
41.821049702,153,296,296,pos_pos
41.8229859,153,299,299,pos_pos
41.825033625,154,302,302,pos_pos
41.827024539,156,304,304,pos_pos
41.829060471,158,306,306,pos_pos
41.83099036,159,308,308,pos_pos
41.832974394,161,310,310,pos_pos
41.835033121,163,312,312,pos_pos
41.836921707,166,315,315,pos_pos
41.839056678,169,317,317,pos_pos
41.840953748,171,319,319,pos_pos
41.842945604,175,322,322,pos_pos
41.844930227,178,324,324,pos_pos
41.846966264,181,326,326,pos_pos
41.848978017,184,327,327,pos_pos
41.850966537,188,329,329,pos_pos
41.85294184,191,331,331,pos_pos
41.854976132,195,333,333,pos_pos
41.856989771,198,334,334,pos_pos
41.858983027,202,335,335,pos_pos
41.860956788,204,337,337,pos_pos
41.863019971,210,338,338,pos_pos
41.864896305,213,339,339,pos_pos
41.866876256,215,340,340,pos_pos
41.868893752,218,340,340,pos_pos
41.87083936,224,341,341,pos_pos
41.872832911,225,341,341,pos_pos
41.874842834,229,341,341,pos_pos
41.876860791,232,342,342,pos_pos
41.878869109,235,342,342,pos_pos
41.880844551,240,342,342,pos_pos
41.882789471,241,342,342,pos_pos
41.884788974,244,342,342,pos_pos
41.886817915,247,343,343,pos_pos
41.888799032,249,342,342,pos_pos
41.890795378,251,342,342,pos_pos
41.892794302,254,343,343,pos_pos
41.894773216,256,342,342,pos_pos
41.896824764,258,342,342,pos_pos
41.898770653,259,342,342,pos_pos
41.900777431,261,343,343,pos_pos
41.902784654,262,343,343,pos_pos
41.904749823,263,343,343,pos_pos
41.90681854,264,343,343,pos_pos
41.908780598,264,344,344,pos_pos
41.910747082,265,344,344,pos_pos
41.912768623,265,345,345,pos_pos
41.914796813,265,346,346,pos_pos
41.916809677,265,347,347,pos_pos
41.918812554,265,349,349,pos_pos
41.920837682,264,350,350,pos_pos
41.922816402,264,351,351,pos_pos
41.924821748,264,353,353,pos_pos
41.926830136,263,355,355,pos_pos
41.928829657,262,356,356,pos_pos
41.930838764,262,358,358,pos_pos
41.932834771,261,360,360,pos_pos
41.934823233,260,362,362,pos_pos
41.936806317,260,365,365,pos_pos
41.938760919,259,367,367,pos_pos
41.940811388,258,369,369,pos_pos
41.942823211,257,371,371,pos_pos
41.944781554,256,373,373,pos_pos
41.946855438,255,375,375,pos_pos
41.948815597,254,378,378,pos_pos
41.950829622,254,380,380,pos_pos
41.952794902,253,382,382,pos_pos
41.954783206,252,385,385,pos_pos
41.956793899,252,387,387,pos_pos
41.95880028,251,390,390,pos_pos
41.960776064,251,392,392,pos_pos
41.962800978,251,394,394,pos_pos
41.964801271,250,397,397,pos_pos
41.966820438,250,399,399,pos_pos
41.968809737,250,401,401,pos_pos
41.970789961,250,404,404,pos_pos
41.972836467,250,407,407,pos_pos
41.974816961,250,410,410,pos_pos
41.976824445,250,412,412,pos_pos
41.978756937,251,414,414,pos_pos
41.98074556,251,416,416,pos_pos
41.982748802,251,419,419,pos_pos
41.984742799,252,420,420,pos_pos
41.986715079,252,423,423,pos_pos
41.988708959,253,425,425,pos_pos
41.990691946,254,426,426,pos_pos
41.99271587,255,428,428,pos_pos
41.994692207,255,429,429,pos_pos
41.996699784,256,430,430,pos_pos
41.998684403,258,432,432,pos_pos
42.000699291,259,432,432,pos_pos
42.002726305,261,433,433,pos_pos
42.004647907,262,434,434,pos_pos
42.006674553,264,434,434,pos_pos
42.008684112,266,434,434,pos_pos
42.010674989,268,435,435,pos_pos
42.01268486,270,434,434,pos_pos
42.014708084,272,435,435,pos_pos
42.016706638,274,435,435,pos_pos
42.018659347,277,435,435,pos_pos
42.02068216,279,435,435,pos_pos
42.022631368,281,435,435,pos_pos
42.02463891,284,435,435,pos_pos
42.026612443,286,435,435,pos_pos
42.028633894,289,435,435,pos_pos
42.030573932,292,435,435,pos_pos
42.032580705,294,435,435,pos_pos
42.034603959,297,435,435,pos_pos
42.036596838,299,435,435,pos_pos
42.038584568,302,435,435,pos_pos
42.040604594,304,435,435,pos_pos
42.042607421,306,436,436,pos_pos
42.044623777,309,436,436,pos_pos
42.046624877,312,438,438,pos_pos
42.048597614,314,438,438,pos_pos
42.050606209,317,439,439,pos_pos
42.052636716,319,440,440,pos_pos
42.054575259,321,441,441,pos_pos
42.056576352,323,441,441,pos_pos
42.05859137,326,443,443,pos_pos
42.06062495,328,445,445,pos_pos
42.062601871,330,447,447,pos_pos
42.064622336,332,448,448,pos_pos
42.066585432,334,450,450,pos_pos
42.068559621,335,451,451,pos_pos
42.070551611,336,454,454,pos_pos
42.072525413,337,456,456,pos_pos
42.074562212,337,458,458,pos_pos
42.076568578,338,460,460,pos_pos
42.078594323,338,463,463,pos_pos
42.080532788,338,464,464,pos_pos
42.082516846,338,466,466,pos_pos
42.08453202,338,468,468,pos_pos
42.086544717,337,471,471,pos_pos
42.088523877,336,473,473,pos_pos
42.090503762,335,475,475,pos_pos
42.092471874,335,478,478,pos_pos
42.094510359,333,480,480,pos_pos
42.096551799,331,482,482,pos_pos
42.098533707,330,484,484,pos_pos
42.10043053,328,487,487,pos_pos
42.102491179,327,489,489,pos_pos
42.10447551,325,491,491,pos_pos
42.106485353,323,493,493,pos_pos
42.108517124,322,496,496,pos_pos
42.110504902,321,498,498,pos_pos
42.112483064,319,500,500,pos_pos
42.114511384,319,503,503,pos_pos
42.116472124,319,505,505,pos_pos
42.118540105,318,507,507,pos_pos
42.120494599,317,510,510,pos_pos
42.122409307,317,511,511,pos_pos
42.124404294,317,514,514,pos_pos
42.126445503,317,515,515,pos_pos
42.128385057,318,517,517,pos_pos
42.130467379,318,519,519,pos_pos
42.132432683,319,520,520,pos_pos
42.13439962,319,522,522,pos_pos
42.136400927,320,523,523,pos_pos
42.138445046,321,524,524,pos_pos
42.140398323,322,525,525,pos_pos
42.14241131,324,526,526,pos_pos
42.144420427,325,527,527,pos_pos
42.146403244,327,527,527,pos_pos
42.148411746,329,528,528,pos_pos
42.150300894,331,528,528,pos_pos
42.152321639,333,528,528,pos_pos
42.154337916,335,528,528,pos_pos
42.156360217,336,528,528,pos_pos
42.158409552,338,528,528,pos_pos
42.16040183,341,527,527,pos_pos
42.162319824,343,527,527,pos_pos
42.164340598,345,526,526,pos_pos
42.166333108,347,526,526,pos_pos
42.168388814,349,525,525,pos_pos
42.170324999,350,525,525,pos_pos
42.17233522,351,525,525,pos_pos
42.174334047,353,524,524,pos_pos
42.176364095,354,524,524,pos_pos
42.178331714,356,524,524,pos_pos
42.180326028,357,524,524,pos_pos
42.182376781,358,524,524,pos_pos
42.184299254,359,524,524,pos_pos
42.186310843,360,524,524,pos_pos
42.188299133,360,524,524,pos_pos
42.190345273,360,525,525,pos_pos
42.192348842,360,525,525,pos_pos
42.194316316,360,526,526,pos_pos
42.196335583,360,526,526,pos_pos
42.198349329,360,527,527,pos_pos
42.200268065,360,528,528,pos_pos
42.202274188,360,529,529,pos_pos
42.204285569,359,530,530,pos_pos
42.20626981,359,531,531,pos_pos
42.208277308,358,532,532,pos_pos
42.210256921,358,533,533,pos_pos
42.212225493,358,534,534,pos_pos
42.21425495,357,535,535,pos_pos
42.216247947,356,537,537,pos_pos
42.218230344,355,538,538,pos_pos
42.220223665,355,539,539,pos_pos
42.22226692,354,541,541,pos_pos
42.224282783,353,543,543,pos_pos
42.226273214,353,544,544,pos_pos
42.228234534,352,546,546,pos_pos
42.230233194,352,548,548,pos_pos
42.23222004,351,550,550,pos_pos
42.234209934,351,552,552,pos_pos
42.236208477,351,554,554,pos_pos
42.238268332,351,555,555,pos_pos
42.240208723,351,558,558,pos_pos
42.242198867,351,559,559,pos_pos
42.244225955,352,561,561,pos_pos
42.246197792,352,563,563,pos_pos
42.248206697,353,565,565,pos_pos
42.250226843,354,567,567,pos_pos
42.252196463,355,568,568,pos_pos
42.254214851,356,570,570,pos_pos
42.25618823,357,572,572,pos_pos
42.258211842,359,573,573,pos_pos
42.260176836,361,574,574,pos_pos
42.262229085,362,575,575,pos_pos
42.264211301,364,576,576,pos_pos
42.266280113,366,577,577,pos_pos
42.268175196,368,577,577,pos_pos
42.270113791,370,578,578,pos_pos
42.272119259,372,578,578,pos_pos
42.274147848,374,578,578,pos_pos
42.276191635,377,579,579,pos_pos
42.278174149,379,579,579,pos_pos
42.280185126,381,578,578,pos_pos
42.282144,384,578,578,pos_pos
42.284113944,386,578,578,pos_pos
42.286122005,388,578,578,pos_pos
42.288155442,391,577,577,pos_pos
42.290162576,394,577,577,pos_pos
42.29213899,396,577,577,pos_pos
42.294096597,398,576,576,pos_pos
42.296091197,400,576,576,pos_pos
42.298156519,402,577,577,pos_pos
42.300109357,405,577,577,pos_pos
42.302046022,406,577,577,pos_pos
42.304055873,408,577,577,pos_pos
42.306139458,410,577,577,pos_pos
42.308083465,412,577,577,pos_pos
42.310157814,414,578,578,pos_pos
42.312196222,415,579,579,pos_pos
42.314140826,418,579,579,pos_pos
42.316136608,420,580,580,pos_pos
42.318136836,421,581,581,pos_pos
42.320142539,422,582,582,pos_pos
42.322224129,423,583,583,pos_pos
42.324255516,424,585,585,pos_pos
42.326154679,425,586,586,pos_pos
42.328119032,426,588,588,pos_pos
42.330130751,426,589,589,pos_pos
42.332195367,426,591,591,pos_pos
42.334114417,427,593,593,pos_pos
42.336080898,427,595,595,pos_pos
42.338072554,427,596,596,pos_pos
42.3400735,427,598,598,pos_pos
42.342083075,427,600,600,pos_pos
42.344045513,427,601,601,pos_pos
42.346032512,426,604,604,pos_pos
42.348063156,426,606,606,pos_pos
42.350062966,426,608,608,pos_pos
42.352019186,426,610,610,pos_pos
42.353984903,426,612,612,pos_pos
42.355982597,426,614,614,pos_pos
42.357982209,426,617,617,pos_pos
42.360014355,426,619,619,pos_pos
42.362002824,426,621,621,pos_pos
42.364041686,426,622,622,pos_pos
42.365968816,427,624,624,pos_pos
42.368068602,427,627,627,pos_pos
42.370019698,427,629,629,pos_pos
42.372003038,428,631,631,pos_pos
42.373990873,428,634,634,pos_pos
42.376015228,428,635,635,pos_pos
42.377936553,429,637,637,pos_pos
42.380029823,429,639,639,pos_pos
42.381986301,430,641,641,pos_pos
42.383946572,431,643,643,pos_pos
42.385989153,432,645,645,pos_pos
42.388022561,433,646,646,pos_pos
42.39004229,434,648,648,pos_pos
42.391952506,435,648,648,pos_pos
42.393987747,438,650,650,pos_pos
42.395940899,439,651,651,pos_pos
42.397949283,440,653,653,pos_pos
42.399950359,442,654,654,pos_pos
42.401957268,443,655,655,pos_pos
42.403958585,444,656,656,pos_pos
42.406021842,446,657,657,pos_pos
42.407996788,447,658,658,pos_pos
42.409983191,449,658,658,pos_pos
42.412016795,451,659,659,pos_pos
42.413975359,451,660,660,pos_pos
42.415946284,454,660,660,pos_pos
42.417086775,454,660,660,pos_pos
42.418998938,455,660,660,pos_pos
42.421048569,457,660,660,pos_pos
42.422905304,457,660,660,pos_pos
42.425069197,460,660,660,pos_pos
42.426936482,462,661,661,pos_pos
42.429124921,463,661,661,pos_pos
42.430942029,464,662,662,pos_pos
42.432988555,466,662,662,pos_pos
42.434887536,466,662,662,pos_pos
42.436945299,468,663,663,pos_pos
42.438903025,469,663,663,pos_pos
42.440918746,470,664,664,pos_pos
42.442942819,471,664,664,pos_pos
42.444902725,472,664,664,pos_pos
42.446955181,472,664,664,pos_pos
42.448880651,473,664,664,pos_pos
42.450886132,473,664,664,pos_pos
42.452877909,474,664,664,pos_pos
42.454890645,474,664,664,pos_pos
42.456879704,474,664,664,pos_pos
42.458876519,474,664,664,pos_pos
42.460854016,474,664,664,pos_pos
42.462844347,474,664,664,pos_pos
42.464844262,474,664,664,pos_pos
42.466881265,474,665,665,pos_pos
42.468865474,474,665,665,pos_pos
42.470867189,474,666,666,pos_pos
42.472839141,474,666,666,pos_pos
42.474881124,474,667,667,pos_pos
42.476825474,474,667,667,pos_pos
42.47886711,474,668,668,pos_pos
42.480844808,474,669,669,pos_pos
42.482849195,474,670,670,pos_pos
42.484804521,474,671,671,pos_pos
42.487067166,474,672,672,pos_pos
42.488830157,474,674,674,pos_pos
42.490847488,474,675,675,pos_pos
42.492888389,475,677,677,pos_pos
42.494848379,475,679,679,pos_pos
42.496842344,476,680,680,pos_pos
42.498901085,476,682,682,pos_pos
42.500820787,476,683,683,pos_pos
42.502786207,477,685,685,pos_pos
42.504825919,478,687,687,pos_pos
42.506765168,478,689,689,pos_pos
42.508800552,479,691,691,pos_pos
42.510769938,479,693,693,pos_pos
42.512848402,481,695,695,pos_pos
42.51478143,482,697,697,pos_pos
42.516783878,483,700,700,pos_pos
42.518752483,485,702,702,pos_pos
42.520779689,486,703,703,pos_pos
42.522800463,487,705,705,pos_pos
42.52479184,489,708,708,pos_pos
42.526792041,491,710,710,pos_pos
42.528773086,493,712,712,pos_pos
42.530742699,495,714,714,pos_pos
42.532790939,497,716,716,pos_pos
42.534777389,500,718,718,pos_pos
42.536779127,503,721,721,pos_pos
42.53878603,505,722,722,pos_pos
42.540717662,508,724,724,pos_pos
42.542739484,510,726,726,pos_pos
42.544774447,513,728,728,pos_pos
42.546701507,516,729,729,pos_pos
42.548698694,519,731,731,pos_pos
42.55071246,522,733,733,pos_pos
42.55267871,525,734,734,pos_pos
42.554727568,528,736,736,pos_pos
42.556739253,531,737,737,pos_pos
42.558699791,534,738,738,pos_pos
42.560732122,536,739,739,pos_pos
42.562749113,539,740,740,pos_pos
42.564738008,541,741,741,pos_pos
42.566699487,543,742,742,pos_pos
42.568696641,545,742,742,pos_pos
42.570655884,547,742,742,pos_pos
42.57263459,549,743,743,pos_pos
42.574657677,551,744,744,pos_pos
42.576674512,553,744,744,pos_pos
42.578670772,555,745,745,pos_pos
42.580772248,556,746,746,pos_pos
42.582663529,558,746,746,pos_pos
42.584674083,559,747,747,pos_pos
42.586695273,561,747,747,pos_pos
42.588645843,562,748,748,pos_pos
42.590715297,563,748,748,pos_pos
42.592642622,565,749,749,pos_pos
42.594648835,566,750,750,pos_pos
42.596627747,567,751,751,pos_pos
42.59861693,569,752,752,pos_pos
42.600601439,570,753,753,pos_pos
42.602598305,571,754,754,pos_pos
42.604653347,572,755,755,pos_pos
42.606645723,574,756,756,pos_pos
42.608592007,575,757,757,pos_pos
42.610615045,576,759,759,pos_pos
42.612578814,577,761,761,pos_pos
42.614584377,578,763,763,pos_pos
42.616658532,578,764,764,pos_pos
42.618595133,579,766,766,pos_pos
42.62057418,579,768,768,pos_pos
42.622622227,580,770,770,pos_pos
42.624505925,580,772,772,pos_pos
42.626562182,580,774,774,pos_pos
42.628562122,580,776,776,pos_pos
42.630547209,579,778,778,pos_pos
42.632618275,579,780,780,pos_pos
42.634584511,579,782,782,pos_pos
42.636591179,579,784,784,pos_pos
42.63860055,579,787,787,pos_pos
42.640542625,578,789,789,pos_pos
42.642564456,578,791,791,pos_pos
42.644540403,578,793,793,pos_pos
42.64658691,578,796,796,pos_pos
42.648557344,577,798,798,pos_pos
42.650519544,577,800,800,pos_pos
42.652494488,577,803,803,pos_pos
42.65450792,577,805,805,pos_pos
42.656501383,577,807,807,pos_pos
42.658476543,577,810,810,pos_pos
42.660496619,577,812,812,pos_pos
42.662432281,577,814,814,pos_pos
42.664444701,578,815,815,pos_pos
42.666503288,578,818,818,pos_pos
42.668508833,579,821,821,pos_pos
42.670491239,580,823,823,pos_pos
42.672454722,581,824,824,pos_pos
42.674415497,582,827,827,pos_pos
42.676436823,584,829,829,pos_pos
42.678457896,585,832,832,pos_pos
42.680469338,586,833,833,pos_pos
42.682471997,588,835,835,pos_pos
42.684416623,590,836,836,pos_pos
42.686414694,592,839,839,pos_pos
42.688414183,594,840,840,pos_pos
42.690431732,596,842,842,pos_pos
42.692414304,598,844,844,pos_pos
42.694404877,600,845,845,pos_pos
42.696445311,603,847,847,pos_pos
42.698460356,605,848,848,pos_pos
42.700425829,608,850,850,pos_pos
42.70246438,611,851,851,pos_pos
42.704467219,613,852,852,pos_pos
42.706400469,616,853,853,pos_pos
42.708376885,618,854,854,pos_pos
42.710379079,621,855,855,pos_pos
42.712382589,624,856,856,pos_pos
42.714384585,626,857,857,pos_pos
42.716381686,629,859,859,pos_pos
42.718368767,632,860,860,pos_pos
42.720365708,635,861,861,pos_pos
42.7224003,638,862,862,pos_pos
42.724457761,641,863,863,pos_pos
42.726444347,644,865,865,pos_pos
42.728398218,646,866,866,pos_pos
42.7303475,649,867,867,pos_pos
42.732344995,652,869,869,pos_pos
42.734342872,654,871,871,pos_pos
42.736321431,657,872,872,pos_pos
42.738295654,660,874,874,pos_pos
42.740351708,662,876,876,pos_pos
42.742321591,664,878,878,pos_pos
42.744318556,666,879,879,pos_pos
42.746303925,668,882,882,pos_pos
42.748303089,669,884,884,pos_pos
42.750307516,670,886,886,pos_pos
42.752262427,672,888,888,pos_pos
42.754262524,673,890,890,pos_pos
42.756238308,674,892,892,pos_pos
42.758297674,675,894,894,pos_pos
42.760245173,675,897,897,pos_pos
42.762234512,676,899,899,pos_pos
42.764221627,676,901,901,pos_pos
42.766300145,677,904,904,pos_pos
42.768281456,677,906,906,pos_pos
42.770289275,677,909,909,pos_pos
42.772305885,678,911,911,pos_pos
42.774311689,678,913,913,pos_pos
42.776260183,678,916,916,pos_pos
42.778283333,678,917,917,pos_pos
42.780245127,678,919,919,pos_pos
42.782215803,679,922,922,pos_pos
42.784245091,679,924,924,pos_pos
42.786261798,679,927,927,pos_pos
42.788296522,680,929,929,pos_pos
42.790319519,680,932,932,pos_pos
42.792270746,681,934,934,pos_pos
42.794282948,682,937,937,pos_pos
42.796328354,682,939,939,pos_pos
42.798335866,683,941,941,pos_pos
42.800281415,684,944,944,pos_pos
42.80227271,685,946,946,pos_pos
42.804305567,687,948,948,pos_pos
42.806297199,688,951,951,pos_pos
42.808178273,690,953,953,pos_pos
42.810223664,691,955,955,pos_pos
42.812262015,693,958,958,pos_pos
42.814213329,695,960,960,pos_pos
42.816209562,696,962,962,pos_pos
42.818226809,698,965,965,pos_pos
42.820207352,700,966,966,pos_pos
42.822220178,702,969,969,pos_pos
42.824181897,705,970,970,pos_pos
42.826167118,707,973,973,pos_pos
42.828215714,710,974,974,pos_pos
42.830211417,712,976,976,pos_pos
42.832205247,715,978,978,pos_pos
42.834179291,718,979,979,pos_pos
42.83619471,721,981,981,pos_pos
42.838135328,723,983,983,pos_pos
42.840164139,726,984,984,pos_pos
42.842146349,729,986,986,pos_pos
42.84416065,732,987,987,pos_pos
42.846217616,735,988,988,pos_pos
42.848140791,738,990,990,pos_pos
42.850114407,741,991,991,pos_pos
42.852199912,744,993,993,pos_pos
42.854184113,747,994,994,pos_pos
42.856192303,750,995,995,pos_pos
42.858126122,752,996,996,pos_pos
42.860061845,755,997,997,pos_pos
42.86209475,757,999,999,pos_pos
42.864144597,760,1000,1000,pos_pos
42.866141692,762,1001,1001,pos_pos
42.868122576,764,1002,1002,pos_pos
42.870093963,766,1004,1004,pos_pos
42.872160382,768,1005,1005,pos_pos
42.874188847,770,1007,1007,pos_pos
42.876129908,771,1008,1008,pos_pos
42.878108127,773,1010,1010,pos_pos
42.880066951,774,1011,1011,pos_pos
42.882055609,775,1013,1013,pos_pos
42.884171831,776,1015,1015,pos_pos
42.886107864,777,1016,1016,pos_pos
42.888163894,778,1018,1018,pos_pos
42.890005338,780,1020,1020,pos_pos
42.891985062,781,1022,1022,pos_pos
42.893989775,782,1024,1024,pos_pos
42.896007652,783,1026,1026,pos_pos
42.898092839,783,1028,1028,pos_pos
42.900119004,784,1030,1030,pos_pos
42.902056317,785,1032,1032,pos_pos
42.904082478,786,1035,1035,pos_pos
42.906072916,786,1037,1037,pos_pos
42.908048913,787,1039,1039,pos_pos
42.910102169,788,1041,1041,pos_pos
42.912040537,789,1043,1043,pos_pos
42.914060313,790,1046,1046,pos_pos
42.916031262,790,1048,1048,pos_pos
42.918056948,791,1050,1050,pos_pos
42.920071288,792,1053,1053,pos_pos
42.922056376,792,1055,1055,pos_pos
42.924024492,793,1057,1057,pos_pos
42.926065096,795,1059,1059,pos_pos
42.928040316,796,1062,1062,pos_pos
42.929994689,797,1064,1064,pos_pos
42.932040491,798,1066,1066,pos_pos
42.934001534,799,1068,1068,pos_pos
42.935974817,799,1070,1070,pos_pos
42.937981118,800,1072,1072,pos_pos
42.939950627,802,1073,1073,pos_pos
42.941992297,803,1075,1075,pos_pos
42.944011272,805,1077,1077,pos_pos
42.945981109,807,1078,1078,pos_pos
42.947944239,809,1079,1079,pos_pos
42.949974831,810,1081,1081,pos_pos
42.951952497,813,1083,1083,pos_pos
42.954119487,815,1084,1084,pos_pos
42.955995268,817,1085,1085,pos_pos
42.958125476,819,1086,1086,pos_pos
42.958993014,820,1087,1087,pos_pos
42.960915871,823,1088,1088,pos_pos
42.962900434,825,1089,1089,pos_pos
42.964906035,828,1090,1090,pos_pos
42.966909151,830,1091,1091,pos_pos
42.968895087,832,1092,1092,pos_pos
42.970906741,835,1094,1094,pos_pos
42.972939525,838,1094,1094,pos_pos
42.974945152,840,1095,1095,pos_pos
42.976895789,842,1097,1097,pos_pos
42.978903255,845,1098,1098,pos_pos
42.980927186,848,1099,1099,pos_pos
42.982860244,850,1100,1100,pos_pos
42.984881581,852,1101,1101,pos_pos
42.986884303,856,1102,1102,pos_pos
42.988850212,858,1103,1103,pos_pos
42.990876986,859,1105,1105,pos_pos
42.992817604,862,1106,1106,pos_pos
42.994950879,864,1107,1107,pos_pos
42.99689089,866,1108,1108,pos_pos
42.998996089,870,1110,1110,pos_pos
43.000884785,871,1112,1112,pos_pos
43.00299142,873,1113,1113,pos_pos
43.004905409,875,1115,1115,pos_pos
43.007052109,877,1116,1116,pos_pos
43.008803899,879,1118,1118,pos_pos
43.01081498,880,1120,1120,pos_pos
43.012842665,881,1121,1121,pos_pos
43.014784757,882,1123,1123,pos_pos
43.016771748,883,1125,1125,pos_pos
43.018739926,884,1127,1127,pos_pos
43.020857623,885,1129,1129,pos_pos
43.022883152,886,1131,1131,pos_pos
43.024805033,886,1133,1133,pos_pos
43.026966883,886,1135,1135,pos_pos
43.028793789,887,1137,1137,pos_pos
43.030777406,887,1139,1139,pos_pos
43.032808691,887,1141,1141,pos_pos
43.034816669,888,1143,1143,pos_pos
43.036794974,888,1145,1145,pos_pos
43.038790036,888,1148,1148,pos_pos
43.040818753,889,1150,1150,pos_pos
43.042818481,889,1152,1152,pos_pos
43.044847814,890,1155,1155,pos_pos
43.046775603,890,1157,1157,pos_pos
43.0488053,890,1159,1159,pos_pos
43.050801651,891,1162,1162,pos_pos
43.052816392,892,1164,1164,pos_pos
43.054772863,893,1166,1166,pos_pos
43.056752921,893,1168,1168,pos_pos
43.058754667,894,1171,1171,pos_pos
43.060803369,895,1173,1173,pos_pos
43.062779467,896,1175,1175,pos_pos
43.064768524,897,1178,1178,pos_pos
43.066751771,899,1180,1180,pos_pos
43.068694453,901,1182,1182,pos_pos
43.070690508,902,1184,1184,pos_pos
43.072731174,904,1186,1186,pos_pos
43.074735036,906,1189,1189,pos_pos
43.076826243,908,1191,1191,pos_pos
43.078729641,909,1193,1193,pos_pos
43.080704106,911,1195,1195,pos_pos
43.082727201,914,1196,1196,pos_pos
43.084759931,916,1198,1198,pos_pos
43.086723063,919,1200,1200,pos_pos
43.088729008,921,1202,1202,pos_pos
43.090751673,924,1204,1204,pos_pos
43.092755306,926,1205,1205,pos_pos
43.094726202,928,1207,1207,pos_pos
43.096778943,931,1208,1208,pos_pos
43.098760685,934,1210,1210,pos_pos
43.100749219,937,1211,1211,pos_pos
43.102722846,939,1213,1213,pos_pos
43.10468735,942,1214,1214,pos_pos
43.10670575,945,1215,1215,pos_pos
43.108734968,948,1217,1217,pos_pos
43.110711374,950,1218,1218,pos_pos
43.112670313,953,1219,1219,pos_pos
43.114732256,956,1221,1221,pos_pos
43.116695571,959,1222,1222,pos_pos
43.118746813,961,1223,1223,pos_pos
43.12073581,964,1224,1224,pos_pos
43.12265739,966,1226,1226,pos_pos
43.12467995,968,1227,1227,pos_pos
43.126669558,970,1228,1228,pos_pos
43.128661102,972,1229,1229,pos_pos
43.130641625,974,1231,1231,pos_pos
43.132638431,976,1232,1232,pos_pos
43.134667403,978,1234,1234,pos_pos
43.136640623,979,1235,1235,pos_pos
43.138633876,981,1238,1238,pos_pos
43.140658641,982,1240,1240,pos_pos
43.142636197,984,1242,1242,pos_pos
43.144661822,985,1243,1243,pos_pos
43.146623688,986,1245,1245,pos_pos
43.148591465,986,1247,1247,pos_pos
43.150594593,987,1249,1249,pos_pos
43.152578771,988,1251,1251,pos_pos
43.154623504,988,1254,1254,pos_pos
43.156592972,989,1256,1256,pos_pos
43.158524636,989,1258,1258,pos_pos
43.16055122,989,1261,1261,pos_pos
43.162558578,990,1263,1263,pos_pos
43.164568847,990,1265,1265,pos_pos
43.166593944,990,1267,1267,pos_pos
43.168539054,991,1270,1270,pos_pos
43.170576521,991,1272,1272,pos_pos
43.172560448,991,1274,1274,pos_pos
43.174569639,991,1277,1277,pos_pos
43.176568576,992,1279,1279,pos_pos
43.178569696,992,1281,1281,pos_pos
43.180554554,992,1284,1284,pos_pos
43.18250798,993,1286,1286,pos_pos
43.184583522,994,1289,1289,pos_pos
43.186478312,995,1291,1291,pos_pos
43.188516002,996,1293,1293,pos_pos
43.19051134,997,1296,1296,pos_pos
43.192528666,998,1298,1298,pos_pos
43.194522882,999,1301,1301,pos_pos
43.196506772,1001,1303,1303,pos_pos
43.198486098,1002,1305,1305,pos_pos
43.200534024,1004,1308,1308,pos_pos
43.202458651,1005,1310,1310,pos_pos
43.204474131,1007,1313,1313,pos_pos
43.206477584,1009,1315,1315,pos_pos
43.208459894,1012,1317,1317,pos_pos
43.210433648,1014,1319,1319,pos_pos
43.212514042,1016,1321,1321,pos_pos
43.214474616,1018,1322,1322,pos_pos
43.216467758,1021,1324,1324,pos_pos
43.218467068,1023,1326,1326,pos_pos
43.220482977,1026,1327,1327,pos_pos
43.222415828,1029,1328,1328,pos_pos
43.224411523,1031,1330,1330,pos_pos
43.226375107,1034,1331,1331,pos_pos
43.228389537,1037,1332,1332,pos_pos
43.230407102,1041,1333,1333,pos_pos
43.232413076,1044,1335,1335,pos_pos
43.234439146,1047,1336,1336,pos_pos
43.23642773,1050,1337,1337,pos_pos
43.238424823,1053,1338,1338,pos_pos
43.240450648,1056,1339,1339,pos_pos
43.242429158,1059,1341,1341,pos_pos
43.244345177,1063,1342,1342,pos_pos
43.246335143,1066,1343,1343,pos_pos
43.248340582,1068,1343,1343,pos_pos
43.250400939,1071,1345,1345,pos_pos
43.252356485,1073,1346,1346,pos_pos
43.254353107,1076,1347,1347,pos_pos
43.256346482,1078,1348,1348,pos_pos
43.258333,1080,1349,1349,pos_pos
43.260327885,1082,1350,1350,pos_pos
43.262324492,1084,1351,1351,pos_pos
43.264293855,1085,1352,1352,pos_pos
43.266348946,1086,1353,1353,pos_pos
43.268284429,1087,1354,1354,pos_pos
43.270311002,1088,1356,1356,pos_pos
43.27234119,1089,1357,1357,pos_pos
43.274280309,1089,1358,1358,pos_pos
43.276312984,1089,1360,1360,pos_pos
43.278378837,1090,1361,1361,pos_pos
43.280291767,1090,1363,1363,pos_pos
43.28229117,1090,1366,1366,pos_pos
43.284268068,1090,1368,1368,pos_pos
43.286275198,1090,1370,1370,pos_pos
43.288246999,1090,1371,1371,pos_pos
43.290263927,1090,1375,1375,pos_pos
43.292282384,1090,1377,1377,pos_pos
43.294276903,1090,1379,1379,pos_pos
43.296243199,1090,1381,1381,pos_pos
43.298258214,1090,1384,1384,pos_pos
43.300252998,1090,1386,1386,pos_pos
43.302263415,1090,1388,1388,pos_pos
43.304228888,1090,1391,1391,pos_pos
43.306259615,1090,1394,1394,pos_pos
43.308238292,1090,1396,1396,pos_pos
43.310236157,1090,1399,1399,pos_pos
43.312226987,1090,1402,1402,pos_pos
43.314189271,1090,1404,1404,pos_pos
43.316235738,1090,1407,1407,pos_pos
43.318214795,1090,1409,1409,pos_pos
43.320245196,1090,1412,1412,pos_pos
43.322207729,1090,1414,1414,pos_pos
43.32419381,1090,1416,1416,pos_pos
43.326211554,1091,1418,1418,pos_pos
43.32820847,1092,1421,1421,pos_pos
43.330194932,1093,1423,1423,pos_pos
43.332180964,1094,1425,1425,pos_pos
43.334192337,1095,1426,1426,pos_pos
43.336187846,1096,1428,1428,pos_pos
43.338177302,1098,1430,1430,pos_pos
43.340188357,1099,1431,1431,pos_pos
43.342176562,1101,1433,1433,pos_pos
43.344169287,1102,1434,1434,pos_pos
43.346190082,1104,1435,1435,pos_pos
43.348216959,1106,1435,1435,pos_pos
43.350176788,1108,1436,1436,pos_pos
43.35219201,1110,1437,1437,pos_pos
43.354230677,1112,1438,1438,pos_pos
43.356187413,1115,1438,1438,pos_pos
43.358172661,1117,1439,1439,pos_pos
43.360158118,1119,1440,1440,pos_pos
43.362147697,1121,1441,1441,pos_pos
43.364145195,1123,1442,1442,pos_pos
43.366192091,1125,1442,1442,pos_pos
43.368156222,1128,1442,1442,pos_pos
43.370137489,1131,1443,1443,pos_pos
43.372158985,1133,1444,1444,pos_pos
43.374195883,1136,1444,1444,pos_pos
43.37618733,1138,1445,1445,pos_pos
43.378136978,1140,1446,1446,pos_pos
43.380130396,1143,1446,1446,pos_pos
43.382098992,1145,1447,1447,pos_pos
43.384139793,1147,1448,1448,pos_pos
43.386112071,1150,1449,1449,pos_pos
43.388306848,1151,1449,1449,pos_pos
43.390206029,1153,1450,1450,pos_pos
43.392059071,1155,1451,1451,pos_pos
43.394116081,1157,1452,1452,pos_pos
43.396111313,1158,1453,1453,pos_pos
43.398111222,1159,1455,1455,pos_pos
43.400136869,1160,1456,1456,pos_pos
43.402074229,1161,1456,1456,pos_pos
43.404256872,1162,1457,1457,pos_pos
43.406219594,1162,1459,1459,pos_pos
43.408221071,1162,1460,1460,pos_pos
43.410230069,1163,1463,1463,pos_pos
43.41217615,1163,1464,1464,pos_pos
43.414188461,1163,1465,1465,pos_pos
43.416127182,1163,1467,1467,pos_pos
43.418138068,1163,1469,1469,pos_pos
43.420130155,1163,1471,1471,pos_pos
43.422189114,1163,1472,1472,pos_pos
43.424140237,1163,1475,1475,pos_pos
43.426141516,1163,1477,1477,pos_pos
43.428089127,1163,1479,1479,pos_pos
43.430059895,1163,1481,1481,pos_pos
43.432123407,1163,1483,1483,pos_pos
43.434070575,1163,1485,1485,pos_pos
43.436121795,1162,1487,1487,pos_pos
43.438071173,1162,1489,1489,pos_pos
43.440105214,1163,1491,1491,pos_pos
43.442215208,1162,1495,1495,pos_pos
43.444142306,1163,1497,1497,pos_pos
43.446153555,1163,1499,1499,pos_pos
43.448069189,1163,1500,1500,pos_pos
43.450051993,1163,1503,1503,pos_pos
43.452023833,1164,1505,1505,pos_pos
43.454054366,1165,1506,1506,pos_pos
43.456037775,1165,1509,1509,pos_pos
43.458076802,1166,1510,1510,pos_pos
43.46010093,1167,1512,1512,pos_pos
43.462055718,1168,1513,1513,pos_pos
43.464003984,1169,1515,1515,pos_pos
43.466082576,1170,1516,1516,pos_pos
43.468086746,1172,1517,1517,pos_pos
43.469980937,1174,1518,1518,pos_pos
43.472079913,1175,1519,1519,pos_pos
43.474200887,1177,1520,1520,pos_pos
43.476094126,1179,1521,1521,pos_pos
43.478162277,1180,1522,1522,pos_pos
43.480030081,1182,1522,1522,pos_pos
43.482042411,1183,1523,1523,pos_pos
43.483931441,1186,1523,1523,pos_pos
43.486090949,1187,1524,1524,pos_pos
43.487927017,1190,1524,1524,pos_pos
43.490030443,1192,1526,1526,pos_pos
43.492024702,1195,1526,1526,pos_pos
43.493983379,1197,1526,1526,pos_pos
43.495922534,1200,1527,1527,pos_pos
43.496991829,1201,1527,1527,pos_pos
43.499038725,1203,1527,1527,pos_pos
43.500914193,1206,1528,1528,pos_pos
43.502893537,1208,1528,1528,pos_pos
43.504882438,1210,1529,1529,pos_pos
43.507040544,1212,1529,1529,pos_pos
43.508921669,1214,1529,1529,pos_pos
43.511067513,1216,1530,1530,pos_pos
43.512928458,1217,1530,1530,pos_pos
43.515050649,1219,1531,1531,pos_pos
43.516974033,1221,1531,1531,pos_pos
43.519030658,1221,1532,1532,pos_pos
43.520978759,1222,1533,1533,pos_pos
43.523086824,1223,1534,1534,pos_pos
43.52490563,1223,1534,1534,pos_pos
43.527101375,1224,1535,1535,pos_pos
43.52890681,1224,1536,1536,pos_pos
43.531095763,1224,1537,1537,pos_pos
43.532887078,1224,1538,1538,pos_pos
43.534835217,1224,1539,1539,pos_pos
43.536903845,1224,1540,1540,pos_pos
43.538997425,1224,1540,1540,pos_pos
43.540881819,1224,1541,1541,pos_pos
43.543005259,1224,1542,1542,pos_pos
43.544894872,1223,1543,1543,pos_pos
43.546884336,1223,1544,1544,pos_pos
43.548886166,1223,1545,1545,pos_pos
43.550848712,1223,1546,1546,pos_pos
43.552856651,1223,1547,1547,pos_pos
43.554828408,1223,1548,1548,pos_pos
43.556837606,1223,1549,1549,pos_pos
43.558930592,1223,1551,1551,pos_pos
43.560873912,1223,1552,1552,pos_pos
43.562848052,1223,1554,1554,pos_pos
43.564836308,1223,1555,1555,pos_pos
43.566831388,1223,1557,1557,pos_pos
43.568827161,1223,1558,1558,pos_pos
43.57088571,1223,1560,1560,pos_pos
43.572865604,1224,1562,1562,pos_pos
43.574796653,1224,1564,1564,pos_pos
43.576767714,1225,1566,1566,pos_pos
43.578765935,1225,1568,1568,pos_pos
43.580841871,1226,1570,1570,pos_pos
43.582847174,1227,1572,1572,pos_pos
43.584877907,1228,1574,1574,pos_pos
43.586814358,1229,1576,1576,pos_pos
43.588899103,1229,1578,1578,pos_pos
43.590828856,1230,1581,1581,pos_pos
43.592960342,1231,1583,1583,pos_pos
43.594805192,1232,1585,1585,pos_pos
43.596794889,1233,1587,1587,pos_pos
43.598806538,1234,1589,1589,pos_pos
43.600813411,1236,1592,1592,pos_pos
43.602872652,1237,1594,1594,pos_pos
43.604788424,1238,1596,1596,pos_pos
43.606828836,1239,1598,1598,pos_pos
43.608809528,1240,1600,1600,pos_pos
43.610810956,1241,1602,1602,pos_pos
43.612781473,1243,1603,1603,pos_pos
43.614801967,1244,1605,1605,pos_pos
43.616747215,1245,1607,1607,pos_pos
43.618702984,1247,1608,1608,pos_pos
43.6207167,1248,1609,1609,pos_pos
43.622697954,1250,1611,1611,pos_pos
43.624692229,1252,1612,1612,pos_pos
43.626705642,1254,1614,1614,pos_pos
43.628700232,1257,1615,1615,pos_pos
43.630657621,1259,1616,1616,pos_pos
43.632639683,1261,1617,1617,pos_pos
43.634631717,1263,1617,1617,pos_pos
43.636690564,1265,1618,1618,pos_pos
43.638645888,1267,1619,1619,pos_pos
43.64062692,1269,1620,1620,pos_pos
43.64261963,1272,1620,1620,pos_pos
43.644628261,1274,1620,1620,pos_pos
43.646765892,1276,1621,1621,pos_pos
43.64875565,1278,1621,1621,pos_pos
43.650750286,1280,1621,1621,pos_pos
43.652734882,1282,1621,1621,pos_pos
43.654772596,1283,1621,1621,pos_pos
43.656788171,1285,1621,1621,pos_pos
43.658727417,1286,1621,1621,pos_pos
43.660724148,1287,1621,1621,pos_pos
43.662678096,1289,1621,1621,pos_pos
43.664787569,1290,1621,1621,pos_pos
43.666646658,1290,1621,1621,pos_pos
43.66862304,1291,1621,1621,pos_pos
43.670637839,1292,1622,1622,pos_pos
43.672658945,1292,1622,1622,pos_pos
43.674637354,1293,1623,1623,pos_pos
43.67662806,1293,1624,1624,pos_pos
43.678608349,1294,1625,1625,pos_pos
43.680636741,1294,1626,1626,pos_pos
43.682605142,1294,1627,1627,pos_pos
43.684570331,1294,1628,1628,pos_pos
43.686666425,1294,1629,1629,pos_pos
43.688628104,1294,1631,1631,pos_pos
43.690614159,1294,1633,1633,pos_pos
43.692668814,1294,1634,1634,pos_pos
43.694598609,1294,1636,1636,pos_pos
43.696559784,1293,1638,1638,pos_pos
43.698569298,1293,1640,1640,pos_pos
43.700549606,1293,1642,1642,pos_pos
43.702531605,1293,1643,1643,pos_pos
43.704552415,1293,1645,1645,pos_pos
43.706558123,1293,1648,1648,pos_pos
43.708529865,1293,1650,1650,pos_pos
43.710553245,1293,1652,1652,pos_pos
43.712487324,1293,1654,1654,pos_pos
43.714522655,1293,1657,1657,pos_pos
43.71653843,1293,1659,1659,pos_pos
43.718501059,1293,1662,1662,pos_pos
43.720533586,1294,1663,1663,pos_pos
43.722529138,1294,1665,1665,pos_pos
43.724509696,1294,1668,1668,pos_pos
43.726510486,1295,1670,1670,pos_pos
43.728489888,1295,1672,1672,pos_pos
43.730490879,1296,1675,1675,pos_pos
43.73252956,1297,1677,1677,pos_pos
43.73451318,1298,1679,1679,pos_pos
43.736475658,1299,1681,1681,pos_pos
43.738444213,1300,1683,1683,pos_pos
43.740489179,1301,1684,1684,pos_pos
43.742484848,1303,1685,1685,pos_pos
43.744444422,1304,1687,1687,pos_pos
43.746482026,1306,1688,1688,pos_pos
43.748544452,1308,1690,1690,pos_pos
43.750451765,1309,1691,1691,pos_pos
43.752489592,1311,1692,1692,pos_pos
43.754474454,1312,1693,1693,pos_pos
43.756412011,1313,1694,1694,pos_pos
43.758402711,1315,1695,1695,pos_pos
43.760452684,1317,1696,1696,pos_pos
43.762381108,1319,1696,1696,pos_pos
43.764421204,1320,1697,1697,pos_pos
43.766419945,1322,1698,1698,pos_pos
43.768466327,1324,1698,1698,pos_pos
43.770445073,1326,1699,1699,pos_pos
43.772472106,1328,1699,1699,pos_pos
43.774416924,1329,1699,1699,pos_pos
43.776401719,1331,1700,1700,pos_pos
43.778445991,1334,1700,1700,pos_pos
43.780429051,1335,1701,1701,pos_pos
43.782378194,1337,1701,1701,pos_pos
43.784440727,1339,1701,1701,pos_pos
43.786394816,1341,1701,1701,pos_pos
43.788394423,1343,1702,1702,pos_pos
43.790451926,1345,1702,1702,pos_pos
43.792461831,1346,1703,1703,pos_pos
43.794446759,1348,1703,1703,pos_pos
43.79638365,1349,1703,1703,pos_pos
43.798359827,1351,1704,1704,pos_pos
43.800405109,1352,1704,1704,pos_pos
43.802369842,1353,1705,1705,pos_pos
43.804314379,1354,1706,1706,pos_pos
43.806364665,1355,1706,1706,pos_pos
43.808336102,1356,1706,1706,pos_pos
43.810350855,1356,1707,1707,pos_pos
43.812403996,1357,1708,1708,pos_pos
43.814446419,1357,1709,1709,pos_pos
43.816404965,1358,1710,1710,pos_pos
43.818432553,1358,1711,1711,pos_pos
43.820377232,1358,1712,1712,pos_pos
43.822381246,1358,1714,1714,pos_pos
43.824369314,1358,1716,1716,pos_pos
43.826380987,1358,1717,1717,pos_pos
43.82836488,1358,1719,1719,pos_pos
43.830332965,1358,1720,1720,pos_pos
43.832316633,1358,1722,1722,pos_pos
43.834349965,1358,1724,1724,pos_pos
43.836369889,1358,1726,1726,pos_pos
43.838364566,1358,1727,1727,pos_pos
43.840306002,1359,1729,1729,pos_pos
43.842387342,1359,1731,1731,pos_pos
43.844353944,1359,1733,1733,pos_pos
43.846315161,1360,1736,1736,pos_pos
43.848340491,1360,1738,1738,pos_pos
43.850276813,1361,1740,1740,pos_pos
43.852374583,1361,1742,1742,pos_pos
43.854249758,1362,1745,1745,pos_pos
43.856248761,1362,1747,1747,pos_pos
43.85824259,1363,1749,1749,pos_pos
43.860238806,1364,1751,1751,pos_pos
43.862294245,1364,1753,1753,pos_pos
43.864261423,1366,1755,1755,pos_pos
43.866205135,1367,1757,1757,pos_pos
43.868282903,1368,1760,1760,pos_pos
43.870260042,1369,1761,1761,pos_pos
43.87224346,1370,1763,1763,pos_pos
43.874281821,1371,1765,1765,pos_pos
43.876229225,1372,1767,1767,pos_pos
43.878234765,1374,1769,1769,pos_pos
43.880165161,1375,1770,1770,pos_pos
43.882212151,1377,1771,1771,pos_pos
43.884292372,1378,1772,1772,pos_pos
43.886251265,1380,1774,1774,pos_pos
43.888185412,1382,1776,1776,pos_pos
43.890183763,1384,1776,1776,pos_pos
43.892189591,1386,1777,1777,pos_pos
43.894155776,1389,1778,1778,pos_pos
43.896183966,1391,1779,1779,pos_pos
43.898070985,1393,1780,1780,pos_pos
43.900101158,1395,1780,1780,pos_pos
43.902091053,1398,1781,1781,pos_pos
43.904105884,1400,1781,1781,pos_pos
43.906103196,1403,1781,1781,pos_pos
43.908180503,1406,1782,1782,pos_pos
43.91007623,1408,1782,1782,pos_pos
43.91209553,1411,1783,1783,pos_pos
43.9140691,1413,1783,1783,pos_pos
43.916076382,1416,1784,1784,pos_pos
43.918072939,1419,1784,1784,pos_pos
43.920031469,1421,1784,1784,pos_pos
43.922074234,1423,1785,1785,pos_pos
43.924040935,1425,1786,1786,pos_pos
43.926112384,1427,1787,1787,pos_pos
43.928026268,1429,1787,1787,pos_pos
43.930083744,1430,1788,1788,pos_pos
43.932036588,1432,1789,1789,pos_pos
43.934167454,1433,1790,1790,pos_pos
43.936035902,1434,1791,1791,pos_pos
43.937996945,1435,1792,1792,pos_pos
43.940016088,1436,1793,1793,pos_pos
43.942045135,1437,1794,1794,pos_pos
43.944021609,1437,1796,1796,pos_pos
43.946045452,1438,1797,1797,pos_pos
43.948095003,1438,1799,1799,pos_pos
43.950037447,1438,1800,1800,pos_pos
43.95204461,1438,1802,1802,pos_pos
43.954098995,1438,1803,1803,pos_pos
43.956052466,1438,1805,1805,pos_pos
43.95805259,1438,1807,1807,pos_pos
43.960040639,1438,1809,1809,pos_pos
43.96203841,1438,1811,1811,pos_pos
43.964041948,1438,1812,1812,pos_pos
43.96599309,1438,1815,1815,pos_pos
43.967983385,1438,1817,1817,pos_pos
43.969998865,1438,1819,1819,pos_pos
43.97199718,1438,1822,1822,pos_pos
43.974029176,1438,1824,1824,pos_pos
43.975988141,1438,1826,1826,pos_pos
43.978129228,1438,1828,1828,pos_pos
43.98005358,1438,1831,1831,pos_pos
43.982063503,1438,1833,1833,pos_pos
43.984066235,1439,1835,1835,pos_pos
43.986137954,1439,1838,1838,pos_pos
43.988051149,1439,1840,1840,pos_pos
43.99013731,1439,1842,1842,pos_pos
43.992084264,1440,1844,1844,pos_pos
43.994170657,1441,1847,1847,pos_pos
43.996095623,1441,1849,1849,pos_pos
43.998132299,1443,1851,1851,pos_pos
44.000025258,1444,1853,1853,pos_pos
44.002021709,1445,1854,1854,pos_pos
44.003967818,1446,1856,1856,pos_pos
44.006103224,1447,1857,1857,pos_pos
44.008024337,1448,1859,1859,pos_pos
44.010065602,1450,1860,1860,pos_pos
44.011960162,1451,1862,1862,pos_pos
44.014039857,1453,1863,1863,pos_pos
44.015944585,1455,1863,1863,pos_pos
44.017933855,1456,1864,1864,pos_pos
44.019962026,1459,1865,1865,pos_pos
44.021953179,1460,1866,1866,pos_pos
44.023933543,1462,1867,1867,pos_pos
44.02601017,1464,1868,1868,pos_pos
44.028003301,1466,1868,1868,pos_pos
44.029948805,1469,1869,1869,pos_pos
44.031963506,1471,1869,1869,pos_pos
44.033927694,1473,1870,1870,pos_pos
44.035907386,1475,1871,1871,pos_pos
44.037912474,1477,1871,1871,pos_pos
44.039891434,1479,1871,1871,pos_pos
44.041882941,1481,1872,1872,pos_pos
44.043855257,1483,1872,1872,pos_pos
44.045864022,1484,1872,1872,pos_pos
44.047869827,1486,1873,1873,pos_pos
44.049848219,1488,1873,1873,pos_pos
44.051814006,1489,1873,1873,pos_pos
44.053911133,1491,1874,1874,pos_pos
44.055868615,1492,1875,1875,pos_pos
44.057830459,1494,1875,1875,pos_pos
44.059810597,1496,1876,1876,pos_pos
44.0618009,1497,1876,1876,pos_pos
44.063823907,1498,1877,1877,pos_pos
44.06579441,1499,1878,1878,pos_pos
44.067888268,1500,1878,1878,pos_pos
44.069822699,1500,1879,1879,pos_pos
44.071951358,1501,1880,1880,pos_pos
44.072825577,1502,1880,1880,pos_pos
44.074833823,1502,1882,1882,pos_pos
44.076888974,1503,1883,1883,pos_pos
44.078881153,1503,1884,1884,pos_pos
44.080907549,1504,1885,1885,pos_pos
44.082900387,1505,1887,1887,pos_pos
44.08487625,1506,1888,1888,pos_pos
44.086869595,1507,1890,1890,pos_pos
44.088888066,1507,1892,1892,pos_pos
44.090901242,1508,1894,1894,pos_pos
44.092893999,1509,1896,1896,pos_pos
44.094856476,1509,1898,1898,pos_pos
44.096903088,1509,1900,1900,pos_pos
44.098867598,1510,1902,1902,pos_pos
44.101048384,1511,1904,1904,pos_pos
44.102863568,1512,1906,1906,pos_pos
44.105121769,1512,1908,1908,pos_pos
44.10687603,1513,1911,1911,pos_pos
44.109038042,1514,1913,1913,pos_pos
44.110820864,1515,1915,1915,pos_pos
44.112961708,1515,1917,1917,pos_pos
44.114808263,1516,1919,1919,pos_pos
44.116969062,1517,1921,1921,pos_pos
44.118841939,1518,1923,1923,pos_pos
44.120978063,1519,1926,1926,pos_pos
44.12281651,1520,1928,1928,pos_pos
44.125085571,1521,1930,1930,pos_pos
44.126810313,1522,1933,1933,pos_pos
44.128787239,1524,1935,1935,pos_pos
44.130736256,1525,1936,1936,pos_pos
44.132760843,1527,1938,1938,pos_pos
44.13479015,1528,1940,1940,pos_pos
44.136787038,1529,1943,1943,pos_pos
44.138826594,1531,1944,1944,pos_pos
44.140737171,1533,1946,1946,pos_pos
44.142725932,1534,1947,1947,pos_pos
44.144761258,1536,1948,1948,pos_pos
44.146779024,1538,1949,1949,pos_pos
44.148745113,1539,1950,1950,pos_pos
44.150843568,1541,1951,1951,pos_pos
44.152769646,1543,1952,1952,pos_pos
44.154744547,1545,1953,1953,pos_pos
44.156748122,1547,1954,1954,pos_pos
44.158800916,1549,1955,1955,pos_pos
44.160739867,1552,1956,1956,pos_pos
44.16273209,1554,1956,1956,pos_pos
44.164729893,1556,1957,1957,pos_pos
44.166730176,1558,1957,1957,pos_pos
44.168709129,1560,1958,1958,pos_pos
44.170698385,1562,1959,1959,pos_pos
44.172747783,1563,1959,1959,pos_pos
44.174729229,1565,1960,1960,pos_pos
44.176738394,1567,1960,1960,pos_pos
44.178736328,1568,1961,1961,pos_pos
44.180718612,1570,1961,1961,pos_pos
44.182713354,1571,1962,1962,pos_pos
44.184704083,1573,1963,1963,pos_pos
44.186657066,1575,1963,1963,pos_pos
44.188801773,1577,1964,1964,pos_pos
44.190678906,1578,1965,1965,pos_pos
44.192739628,1579,1966,1966,pos_pos
44.194705822,1580,1967,1967,pos_pos
44.196700939,1581,1968,1968,pos_pos
44.198688388,1582,1969,1969,pos_pos
44.200653203,1583,1970,1970,pos_pos
44.202636046,1584,1971,1971,pos_pos
44.204587123,1585,1973,1973,pos_pos
44.206576519,1585,1974,1974,pos_pos
44.208650048,1586,1976,1976,pos_pos
44.210539833,1586,1978,1978,pos_pos
44.21269663,1587,1979,1979,pos_pos
44.214644283,1587,1981,1981,pos_pos
44.216698934,1587,1983,1983,pos_pos
44.218660658,1587,1985,1985,pos_pos
44.220601655,1587,1987,1987,pos_pos
44.222618158,1587,1990,1990,pos_pos
44.224589178,1587,1992,1992,pos_pos
44.226622137,1588,1994,1994,pos_pos
44.22860117,1587,1996,1996,pos_pos
44.230574062,1588,1998,1998,pos_pos
44.232569382,1588,2000,2000,pos_pos
44.23455752,1588,2003,2003,pos_pos
44.236555926,1588,2005,2005,pos_pos
44.23859163,1589,2007,2007,pos_pos
44.240590555,1589,2010,2010,pos_pos
44.242592117,1590,2012,2012,pos_pos
44.244585635,1590,2014,2014,pos_pos
44.24657751,1591,2017,2017,pos_pos
44.248524705,1592,2019,2019,pos_pos
44.25053143,1593,2021,2021,pos_pos
44.252564427,1594,2023,2023,pos_pos
44.254533504,1594,2026,2026,pos_pos
44.256550747,1596,2028,2028,pos_pos
44.258526683,1597,2030,2030,pos_pos
44.260546826,1599,2032,2032,pos_pos
44.262514508,1601,2034,2034,pos_pos
44.264530294,1602,2036,2036,pos_pos
44.266518654,1604,2039,2039,pos_pos
44.268485598,1606,2041,2041,pos_pos
44.270459604,1608,2043,2043,pos_pos
44.272481459,1610,2045,2045,pos_pos
44.274508888,1612,2047,2047,pos_pos
44.276543358,1614,2048,2048,pos_pos
44.278557964,1616,2049,2049,pos_pos
44.280593169,1619,2051,2051,pos_pos
44.282607628,1621,2053,2053,pos_pos
44.284569051,1623,2054,2054,pos_pos
44.286510659,1626,2055,2055,pos_pos
44.288485527,1629,2056,2056,pos_pos
44.290479285,1631,2057,2057,pos_pos
44.292453515,1634,2058,2058,pos_pos
44.294534015,1636,2059,2059,pos_pos
44.296506495,1638,2060,2060,pos_pos
44.298475565,1640,2061,2061,pos_pos
44.300478712,1643,2062,2062,pos_pos
44.302494229,1645,2062,2062,pos_pos
44.304498703,1647,2063,2063,pos_pos
44.306511948,1649,2064,2064,pos_pos
44.308420496,1651,2065,2065,pos_pos
44.310450862,1653,2066,2066,pos_pos
44.312485976,1655,2066,2066,pos_pos
44.314487726,1657,2067,2067,pos_pos
44.316463899,1658,2068,2068,pos_pos
44.318427686,1660,2068,2068,pos_pos
44.32044829,1661,2068,2068,pos_pos
44.322398508,1662,2070,2070,pos_pos
44.324384754,1664,2071,2071,pos_pos
44.326424526,1665,2072,2072,pos_pos
44.328434987,1666,2073,2073,pos_pos
44.330440738,1667,2074,2074,pos_pos
44.332413021,1668,2075,2075,pos_pos
44.334352511,1669,2076,2076,pos_pos
44.336383634,1669,2077,2077,pos_pos
44.338393301,1670,2078,2078,pos_pos
44.340431636,1670,2080,2080,pos_pos
44.342364183,1671,2081,2081,pos_pos
44.344320213,1671,2082,2082,pos_pos
44.346327689,1671,2084,2084,pos_pos
44.348359435,1671,2085,2085,pos_pos
44.350394416,1671,2087,2087,pos_pos
44.352393215,1671,2089,2089,pos_pos
44.354403027,1671,2091,2091,pos_pos
44.356396572,1671,2093,2093,pos_pos
44.358402879,1671,2095,2095,pos_pos
44.360412495,1671,2097,2097,pos_pos
44.362372497,1671,2099,2099,pos_pos
44.3643648,1671,2102,2102,pos_pos
44.366311553,1672,2105,2105,pos_pos
44.368384086,1672,2107,2107,pos_pos
44.370316616,1672,2109,2109,pos_pos
44.372337661,1672,2111,2111,pos_pos
44.374304512,1673,2113,2113,pos_pos
44.376325404,1674,2115,2115,pos_pos
44.378314709,1674,2117,2117,pos_pos
44.380312937,1675,2120,2120,pos_pos
44.382316481,1676,2121,2121,pos_pos
44.384328487,1677,2123,2123,pos_pos
44.386303227,1678,2125,2125,pos_pos
44.388329376,1679,2127,2127,pos_pos
44.390311332,1680,2129,2129,pos_pos
44.392266168,1682,2131,2131,pos_pos
44.394234425,1683,2133,2133,pos_pos
44.396275486,1685,2134,2134,pos_pos
44.398239105,1687,2136,2136,pos_pos
44.400250899,1688,2137,2137,pos_pos
44.402365685,1690,2138,2138,pos_pos
44.404341599,1692,2140,2140,pos_pos
44.406289312,1694,2141,2141,pos_pos
44.40832413,1695,2141,2141,pos_pos
44.410285007,1698,2142,2142,pos_pos
44.412321625,1700,2143,2143,pos_pos
44.414334932,1702,2143,2143,pos_pos
44.416314051,1705,2144,2144,pos_pos
44.418256723,1707,2144,2144,pos_pos
44.420318622,1710,2145,2145,pos_pos
44.422278371,1713,2145,2145,pos_pos
44.424233358,1715,2145,2145,pos_pos
44.426255787,1718,2146,2146,pos_pos
44.428238532,1720,2146,2146,pos_pos
44.430278566,1723,2146,2146,pos_pos
44.432292997,1725,2147,2147,pos_pos
44.434303127,1727,2147,2147,pos_pos
44.436217466,1730,2147,2147,pos_pos
44.438244877,1732,2147,2147,pos_pos
44.44029727,1734,2148,2148,pos_pos
44.442235426,1736,2148,2148,pos_pos
44.444281224,1738,2148,2148,pos_pos
44.446243179,1740,2149,2149,pos_pos
44.44818068,1741,2150,2150,pos_pos
44.450220381,1742,2150,2150,pos_pos
44.452128589,1743,2151,2151,pos_pos
44.454162409,1744,2152,2152,pos_pos
44.456179327,1745,2153,2153,pos_pos
44.458183789,1745,2154,2154,pos_pos
44.460172671,1746,2155,2155,pos_pos
44.462168825,1746,2156,2156,pos_pos
44.464185065,1747,2158,2158,pos_pos
44.466125972,1747,2159,2159,pos_pos
44.468130978,1747,2161,2161,pos_pos
44.470165395,1747,2162,2162,pos_pos
44.472203036,1747,2164,2164,pos_pos
44.474163636,1747,2166,2166,pos_pos
44.476128179,1747,2168,2168,pos_pos
44.478186099,1747,2169,2169,pos_pos
44.480129457,1747,2172,2172,pos_pos
44.482183709,1747,2174,2174,pos_pos
44.484182037,1747,2176,2176,pos_pos
44.486202942,1746,2178,2178,pos_pos
44.488170932,1746,2180,2180,pos_pos
44.4902709,1746,2183,2183,pos_pos
44.492189386,1746,2185,2185,pos_pos
44.494113682,1746,2187,2187,pos_pos
44.496133537,1746,2189,2189,pos_pos
44.49814074,1747,2192,2192,pos_pos
44.500162307,1747,2194,2194,pos_pos
44.502132355,1747,2196,2196,pos_pos
44.504164208,1747,2199,2199,pos_pos
44.506127136,1748,2202,2202,pos_pos
44.50819973,1748,2204,2204,pos_pos
44.510154089,1748,2206,2206,pos_pos
44.512211724,1749,2207,2207,pos_pos
44.514217312,1750,2211,2211,pos_pos
44.516191975,1751,2213,2213,pos_pos
44.518237717,1752,2215,2215,pos_pos
44.520220687,1753,2217,2217,pos_pos
44.522175222,1754,2219,2219,pos_pos
44.524154723,1755,2220,2220,pos_pos
44.526130139,1757,2222,2222,pos_pos
44.528076588,1758,2224,2224,pos_pos
44.530041031,1760,2225,2225,pos_pos
44.532111858,1762,2226,2226,pos_pos
44.534079483,1764,2228,2228,pos_pos
44.536153343,1766,2229,2229,pos_pos
44.538028134,1768,2230,2230,pos_pos
44.54006771,1770,2231,2231,pos_pos
44.542062951,1772,2233,2233,pos_pos
44.543952197,1775,2234,2234,pos_pos
44.546050649,1777,2234,2234,pos_pos
44.548068458,1779,2235,2235,pos_pos
44.550052452,1782,2237,2237,pos_pos
44.552022394,1784,2237,2237,pos_pos
44.553973058,1787,2238,2238,pos_pos
44.555928611,1789,2239,2239,pos_pos
44.557942969,1792,2240,2240,pos_pos
44.560019469,1794,2240,2240,pos_pos
44.561994533,1797,2241,2241,pos_pos
44.564065305,1799,2241,2241,pos_pos
44.565981254,1801,2242,2242,pos_pos
44.568041358,1803,2243,2243,pos_pos
44.569957673,1805,2243,2243,pos_pos
44.571946312,1807,2244,2244,pos_pos
44.573944463,1809,2244,2244,pos_pos
44.575937326,1811,2245,2245,pos_pos
44.577936851,1812,2246,2246,pos_pos
44.579928535,1814,2247,2247,pos_pos
44.581937314,1815,2247,2247,pos_pos
44.584023594,1817,2248,2248,pos_pos
44.586025783,1818,2248,2248,pos_pos
44.5879829,1819,2249,2249,pos_pos
44.589955497,1820,2250,2250,pos_pos
44.591982691,1821,2251,2251,pos_pos
44.593908901,1822,2252,2252,pos_pos
44.595998516,1822,2253,2253,pos_pos
44.597917586,1822,2254,2254,pos_pos
44.599992005,1823,2255,2255,pos_pos
44.601935581,1823,2257,2257,pos_pos
44.603027215,1823,2257,2257,pos_pos
44.604911687,1823,2259,2259,pos_pos
44.606929014,1823,2260,2260,pos_pos
44.608971511,1823,2262,2262,pos_pos
44.610959377,1823,2263,2263,pos_pos
44.612940162,1823,2265,2265,pos_pos
44.614920778,1823,2267,2267,pos_pos
44.616964183,1823,2269,2269,pos_pos
44.618973845,1822,2271,2271,pos_pos
44.6210047,1823,2273,2273,pos_pos
44.623044671,1823,2275,2275,pos_pos
44.625232597,1822,2277,2277,pos_pos
44.626941022,1823,2279,2279,pos_pos
44.628891565,1823,2281,2281,pos_pos
44.630857488,1823,2283,2283,pos_pos
44.632848064,1823,2285,2285,pos_pos
44.634875499,1823,2287,2287,pos_pos
44.636789762,1823,2289,2289,pos_pos
44.638900773,1823,2291,2291,pos_pos
44.640900312,1824,2294,2294,pos_pos
44.642877438,1824,2296,2296,pos_pos
44.644797832,1825,2298,2298,pos_pos
44.646841329,1826,2300,2300,pos_pos
44.648796587,1827,2302,2302,pos_pos
44.650858413,1828,2304,2304,pos_pos
44.65277845,1829,2306,2306,pos_pos
44.65489934,1831,2308,2308,pos_pos
44.656793258,1832,2310,2310,pos_pos
44.658902654,1833,2312,2312,pos_pos
44.660907701,1835,2313,2313,pos_pos
44.662885692,1837,2315,2315,pos_pos
44.664828144,1838,2317,2317,pos_pos
44.666774316,1840,2318,2318,pos_pos
44.668833049,1843,2319,2319,pos_pos
44.670805098,1845,2320,2320,pos_pos
44.672747122,1847,2322,2322,pos_pos
44.674784202,1849,2323,2323,pos_pos
44.676770086,1852,2324,2324,pos_pos
44.678801364,1854,2324,2324,pos_pos
44.680832807,1857,2326,2326,pos_pos
44.682784462,1859,2327,2327,pos_pos
44.684764592,1862,2327,2327,pos_pos
44.686748024,1864,2328,2328,pos_pos
44.688740288,1867,2329,2329,pos_pos
44.690716729,1869,2330,2330,pos_pos
44.692723605,1872,2330,2330,pos_pos
44.694763275,1875,2331,2331,pos_pos
44.696706666,1877,2331,2331,pos_pos
44.698721904,1878,2332,2332,pos_pos
44.70076551,1881,2332,2332,pos_pos
44.702791573,1884,2332,2332,pos_pos
44.704718845,1886,2333,2333,pos_pos
44.706727621,1887,2333,2333,pos_pos
44.708735067,1889,2334,2334,pos_pos
44.710703621,1890,2334,2334,pos_pos
44.712714412,1892,2335,2335,pos_pos
44.714720961,1894,2335,2335,pos_pos
44.716724704,1896,2336,2336,pos_pos
44.718710169,1896,2337,2337,pos_pos
44.720715243,1897,2338,2338,pos_pos
44.722659245,1898,2338,2338,pos_pos
44.72467731,1898,2339,2339,pos_pos
44.726631189,1898,2340,2340,pos_pos
44.72881707,1899,2341,2341,pos_pos
44.730753943,1899,2342,2342,pos_pos
44.732770031,1899,2343,2343,pos_pos
44.734822074,1899,2345,2345,pos_pos
44.736683946,1898,2346,2346,pos_pos
44.738709162,1899,2347,2347,pos_pos
44.740726407,1898,2348,2348,pos_pos
44.742722449,1898,2350,2350,pos_pos
44.744690799,1898,2351,2351,pos_pos
44.746651854,1898,2353,2353,pos_pos
44.748654274,1897,2354,2354,pos_pos
44.750618777,1897,2356,2356,pos_pos
44.75261922,1897,2358,2358,pos_pos
44.754647645,1897,2360,2360,pos_pos
44.756711455,1897,2362,2362,pos_pos
44.758673504,1897,2364,2364,pos_pos
44.760611335,1897,2366,2366,pos_pos
44.762660633,1897,2368,2368,pos_pos
44.764655039,1897,2370,2370,pos_pos
44.766653163,1897,2372,2372,pos_pos
44.768620436,1897,2374,2374,pos_pos
44.770651989,1898,2376,2376,pos_pos
44.772607803,1898,2379,2379,pos_pos
44.774618243,1898,2381,2381,pos_pos
44.77658597,1899,2383,2383,pos_pos
44.778599897,1900,2385,2385,pos_pos
44.780599348,1900,2387,2387,pos_pos
44.782622655,1901,2389,2389,pos_pos
44.784573464,1902,2391,2391,pos_pos
44.786583736,1903,2393,2393,pos_pos
44.788568425,1904,2395,2395,pos_pos
44.790594154,1905,2397,2397,pos_pos
44.79258239,1907,2398,2398,pos_pos
44.794547109,1908,2400,2400,pos_pos
44.796605917,1910,2401,2401,pos_pos
44.798663556,1911,2402,2402,pos_pos
44.800571865,1914,2403,2403,pos_pos
44.802615256,1916,2404,2404,pos_pos
44.804571623,1918,2404,2404,pos_pos
44.806587965,1920,2405,2405,pos_pos
44.808504662,1922,2405,2405,pos_pos
44.810515483,1925,2405,2405,pos_pos
44.812483305,1927,2405,2405,pos_pos
44.814544161,1930,2405,2405,pos_pos
44.816621609,1932,2405,2405,pos_pos
44.818666462,1935,2405,2405,pos_pos
44.82064262,1937,2405,2405,pos_pos
44.82268139,1940,2405,2405,pos_pos
44.824651528,1942,2405,2405,pos_pos
44.826525895,1945,2405,2405,pos_pos
44.828547164,1947,2405,2405,pos_pos
44.830503942,1949,2405,2405,pos_pos
44.832507147,1951,2405,2405,pos_pos
44.834453255,1954,2405,2405,pos_pos
44.836426378,1956,2405,2405,pos_pos
44.838416901,1958,2405,2405,pos_pos
44.840483666,1959,2406,2406,pos_pos
44.842436898,1961,2406,2406,pos_pos
44.844478347,1962,2407,2407,pos_pos
44.846460843,1963,2407,2407,pos_pos
44.848465817,1964,2408,2408,pos_pos
44.850559956,1965,2409,2409,pos_pos
44.852446663,1966,2409,2409,pos_pos
44.854418312,1966,2410,2410,pos_pos
44.856389379,1967,2411,2411,pos_pos
44.858401637,1967,2412,2412,pos_pos
44.860420337,1967,2413,2413,pos_pos
44.862505944,1967,2414,2414,pos_pos
44.864445919,1967,2415,2415,pos_pos
44.86640788,1966,2417,2417,pos_pos
44.868457857,1966,2418,2418,pos_pos
44.870426093,1966,2419,2419,pos_pos
44.872487555,1966,2421,2421,pos_pos
44.874472713,1965,2423,2423,pos_pos
44.87643273,1965,2425,2425,pos_pos
44.878444206,1965,2426,2426,pos_pos
44.88040773,1964,2428,2428,pos_pos
44.882496116,1964,2430,2430,pos_pos
44.884377965,1964,2432,2432,pos_pos
44.886385001,1964,2434,2434,pos_pos
44.888452988,1964,2436,2436,pos_pos
44.8903799,1964,2438,2438,pos_pos
44.892427916,1964,2440,2440,pos_pos
44.894385493,1964,2442,2442,pos_pos
44.896360249,1964,2444,2444,pos_pos
44.898362719,1963,2446,2446,pos_pos
44.900382621,1964,2447,2447,pos_pos
44.902352524,1964,2449,2449,pos_pos
44.904351295,1964,2451,2451,pos_pos
44.906293745,1964,2452,2452,pos_pos
44.908327327,1964,2454,2454,pos_pos
44.910318363,1964,2455,2455,pos_pos
44.912300958,1964,2456,2456,pos_pos
44.914313554,1964,2457,2457,pos_pos
44.916363619,1964,2458,2458,pos_pos
44.918326647,1965,2459,2459,pos_pos
44.920331891,1966,2459,2459,pos_pos
44.92230892,1967,2460,2460,pos_pos
44.924390447,1967,2460,2460,pos_pos
44.926354276,1968,2461,2461,pos_pos
44.928388437,1969,2462,2462,pos_pos
44.930380423,1971,2462,2462,pos_pos
44.932390996,1972,2462,2462,pos_pos
44.934332493,1974,2463,2463,pos_pos
44.936348847,1975,2463,2463,pos_pos
44.938367865,1977,2464,2464,pos_pos
44.940410916,1979,2464,2464,pos_pos
44.942361284,1981,2464,2464,pos_pos
44.944374359,1983,2465,2465,pos_pos
44.946323855,1985,2465,2465,pos_pos
44.94823509,1987,2466,2466,pos_pos
44.950284568,1989,2466,2466,pos_pos
44.952279623,1991,2466,2466,pos_pos
44.954220914,1993,2466,2466,pos_pos
44.956244399,1995,2467,2467,pos_pos
44.958300141,1997,2467,2467,pos_pos
44.96027031,1999,2467,2467,pos_pos
44.962286619,2001,2467,2467,pos_pos
44.964279349,2002,2467,2467,pos_pos
44.966269763,2004,2468,2468,pos_pos
44.968262574,2006,2468,2468,pos_pos
44.970285305,2008,2469,2469,pos_pos
44.972270099,2008,2469,2469,pos_pos
44.974252069,2010,2470,2470,pos_pos
44.976186179,2011,2470,2470,pos_pos
44.978177539,2011,2471,2471,pos_pos
44.98021532,2012,2472,2472,pos_pos
44.982211906,2012,2472,2472,pos_pos
44.984200669,2012,2473,2473,pos_pos
44.986179103,2012,2474,2474,pos_pos
44.988235065,2012,2474,2474,pos_pos
44.990229118,2012,2475,2475,pos_pos
44.992216762,2012,2476,2476,pos_pos
44.994212666,2012,2477,2477,pos_pos
44.996134735,2011,2478,2478,pos_pos
44.998140462,2011,2479,2479,pos_pos
45.00021352,2011,2480,2480,pos_pos
45.002191877,2010,2482,2482,pos_pos
45.004194826,2010,2483,2483,pos_pos
45.006188647,2010,2484,2484,pos_pos
45.008247944,2009,2485,2485,pos_pos
45.010164829,2009,2487,2487,pos_pos
45.012175269,2009,2488,2488,pos_pos
45.014250931,2008,2490,2490,pos_pos
45.016124936,2009,2492,2492,pos_pos
45.018230829,2009,2493,2493,pos_pos
45.020164463,2009,2495,2495,pos_pos
45.022226749,2009,2496,2496,pos_pos
45.024138987,2009,2499,2499,pos_pos
45.026060911,2009,2500,2500,pos_pos
45.028108707,2009,2502,2502,pos_pos
45.030092986,2009,2504,2504,pos_pos
45.032120289,2010,2506,2506,pos_pos
45.034201353,2010,2508,2508,pos_pos
45.03611901,2011,2510,2510,pos_pos
45.038090584,2012,2511,2511,pos_pos
45.040072029,2013,2513,2513,pos_pos
45.042021148,2014,2515,2515,pos_pos
45.044065112,2015,2518,2518,pos_pos
45.04604337,2016,2520,2520,pos_pos
45.048081529,2017,2521,2521,pos_pos
45.050055682,2019,2523,2523,pos_pos
45.052049601,2020,2525,2525,pos_pos
45.054042019,2022,2526,2526,pos_pos
45.056033783,2024,2528,2528,pos_pos
45.058084703,2026,2530,2530,pos_pos
45.060090825,2027,2531,2531,pos_pos
45.062078338,2030,2533,2533,pos_pos
45.064027145,2032,2534,2534,pos_pos
45.06610741,2034,2535,2535,pos_pos
45.068005121,2036,2537,2537,pos_pos
45.070013818,2039,2538,2538,pos_pos
45.072061047,2041,2539,2539,pos_pos
45.074063884,2043,2540,2540,pos_pos
45.076038072,2045,2540,2540,pos_pos
45.078033979,2047,2541,2541,pos_pos
45.080065684,2049,2542,2542,pos_pos
45.081991528,2051,2543,2543,pos_pos
45.084083591,2053,2544,2544,pos_pos
45.086024602,2055,2544,2544,pos_pos
45.088092261,2056,2544,2544,pos_pos
45.089977612,2058,2545,2545,pos_pos
45.092094852,2059,2545,2545,pos_pos
45.094026659,2060,2545,2545,pos_pos
45.096081682,2062,2546,2546,pos_pos
45.097958636,2063,2546,2546,pos_pos
45.100138783,2064,2546,2546,pos_pos
45.101964435,2064,2547,2547,pos_pos
45.103999648,2065,2547,2547,pos_pos
45.105981293,2065,2547,2547,pos_pos
45.107986987,2065,2547,2547,pos_pos
45.109936972,2065,2548,2548,pos_pos
45.112106017,2065,2548,2548,pos_pos
45.113934938,2065,2549,2549,pos_pos
45.116087611,2065,2550,2550,pos_pos
45.117928586,2065,2551,2551,pos_pos
45.120030082,2065,2552,2552,pos_pos
45.121950562,2065,2553,2553,pos_pos
45.12387474,2065,2554,2554,pos_pos
45.125942593,2065,2556,2556,pos_pos
45.127924669,2065,2557,2557,pos_pos
45.129959019,2065,2559,2559,pos_pos
45.131939889,2065,2560,2560,pos_pos
45.133935364,2065,2562,2562,pos_pos
45.135848772,2065,2564,2564,pos_pos
45.137866077,2065,2566,2566,pos_pos
45.139885405,2065,2567,2567,pos_pos
45.141943498,2065,2569,2569,pos_pos
45.143867895,2064,2571,2571,pos_pos
45.145858191,2064,2573,2573,pos_pos
45.147880092,2064,2575,2575,pos_pos
45.149909943,2064,2577,2577,pos_pos
45.151919475,2064,2580,2580,pos_pos
45.153889701,2064,2582,2582,pos_pos
45.1558453,2065,2584,2584,pos_pos
45.157862945,2065,2585,2585,pos_pos
45.159852283,2065,2586,2586,pos_pos
45.161968103,2065,2589,2589,pos_pos
45.16390859,2065,2592,2592,pos_pos
45.1659096,2065,2593,2593,pos_pos
45.167950458,2065,2595,2595,pos_pos
45.17003922,2066,2597,2597,pos_pos
45.171928145,2067,2600,2600,pos_pos
45.173972416,2067,2601,2601,pos_pos
45.175818732,2068,2603,2603,pos_pos
45.177896651,2069,2605,2605,pos_pos
45.179808963,2070,2607,2607,pos_pos
45.18191768,2071,2609,2609,pos_pos
45.183843872,2072,2611,2611,pos_pos
45.186043826,2073,2612,2612,pos_pos
45.18787054,2075,2613,2613,pos_pos
45.190064728,2077,2615,2615,pos_pos
45.191824358,2078,2615,2615,pos_pos
45.19377426,2079,2616,2616,pos_pos
45.195861605,2081,2617,2617,pos_pos
45.197833337,2083,2618,2618,pos_pos
45.199791346,2085,2618,2618,pos_pos
45.201879656,2087,2619,2619,pos_pos
45.203826666,2089,2620,2620,pos_pos
45.20577796,2091,2620,2620,pos_pos
45.207806031,2093,2621,2621,pos_pos
45.209885461,2095,2621,2621,pos_pos
45.211827609,2097,2622,2622,pos_pos
45.213817057,2099,2622,2622,pos_pos
45.21580005,2101,2622,2622,pos_pos
45.217810538,2103,2622,2622,pos_pos
45.219817528,2105,2622,2622,pos_pos
45.221860218,2107,2622,2622,pos_pos
45.223826294,2109,2622,2622,pos_pos
45.225826524,2111,2622,2622,pos_pos
45.227734345,2113,2622,2622,pos_pos
45.229753236,2115,2622,2622,pos_pos
45.23177145,2116,2622,2622,pos_pos
45.233731298,2117,2622,2622,pos_pos
45.235703615,2119,2622,2622,pos_pos
45.237782894,2120,2622,2622,pos_pos
45.23978001,2121,2622,2622,pos_pos
45.241787942,2121,2622,2622,pos_pos
45.24374089,2122,2622,2622,pos_pos
45.245699245,2122,2622,2622,pos_pos
45.24776564,2123,2622,2622,pos_pos
45.24982022,2123,2622,2622,pos_pos
45.252077751,2123,2622,2622,pos_pos
45.253766767,2123,2623,2623,pos_pos
45.255735307,2123,2623,2623,pos_pos
45.257715094,2123,2623,2623,pos_pos
45.259719859,2123,2624,2624,pos_pos
45.261756212,2123,2625,2625,pos_pos
45.2637411,2123,2626,2626,pos_pos
45.265743393,2123,2627,2627,pos_pos
45.267703683,2123,2628,2628,pos_pos
45.269687965,2123,2630,2630,pos_pos
45.27164748,2123,2631,2631,pos_pos
45.273713158,2122,2633,2633,pos_pos
45.275669286,2122,2634,2634,pos_pos
45.277740303,2122,2636,2636,pos_pos
45.279739523,2122,2637,2637,pos_pos
45.281688812,2122,2639,2639,pos_pos
45.283727296,2122,2641,2641,pos_pos
45.285706949,2122,2643,2643,pos_pos
45.28767069,2122,2644,2644,pos_pos
45.289735915,2122,2647,2647,pos_pos
45.291674686,2122,2649,2649,pos_pos
45.293653982,2122,2650,2650,pos_pos
45.295682238,2122,2652,2652,pos_pos
45.297643106,2122,2654,2654,pos_pos
45.299709532,2122,2656,2656,pos_pos
45.301650747,2123,2658,2658,pos_pos
45.303638465,2123,2660,2660,pos_pos
45.305636604,2124,2662,2662,pos_pos
45.307616163,2124,2663,2663,pos_pos
45.309610105,2125,2665,2665,pos_pos
45.311618567,2126,2666,2666,pos_pos
45.313685114,2126,2667,2667,pos_pos
45.315650914,2128,2669,2669,pos_pos
45.317680256,2129,2670,2670,pos_pos
45.319661577,2129,2671,2671,pos_pos
45.321698192,2131,2672,2672,pos_pos
45.323594779,2132,2673,2673,pos_pos
45.325741785,2134,2673,2673,pos_pos
45.327726114,2135,2674,2674,pos_pos
45.329713829,2138,2674,2674,pos_pos
45.331700447,2139,2674,2674,pos_pos
45.333740952,2141,2674,2674,pos_pos
45.335678217,2145,2674,2674,pos_pos
45.337716895,2146,2674,2674,pos_pos
45.339812274,2148,2674,2674,pos_pos
45.341551381,2149,2674,2674,pos_pos
45.343611832,2151,2674,2674,pos_pos
45.34557159,2152,2674,2674,pos_pos
45.34765651,2154,2674,2674,pos_pos
45.34961773,2156,2674,2674,pos_pos
45.351627187,2157,2674,2674,pos_pos
45.35360248,2159,2674,2674,pos_pos
45.355612116,2160,2674,2674,pos_pos
45.35763555,2162,2674,2674,pos_pos
45.3596519,2163,2674,2674,pos_pos
45.361636466,2164,2674,2674,pos_pos
45.363616592,2165,2673,2673,pos_pos
45.365641927,2166,2673,2673,pos_pos
45.367632549,2167,2673,2673,pos_pos
45.369508438,2168,2673,2673,pos_pos
45.371605898,2168,2672,2672,pos_pos
45.373605358,2169,2672,2672,pos_pos
45.375616334,2169,2672,2672,pos_pos
45.377607521,2169,2672,2672,pos_pos
45.379556137,2169,2672,2672,pos_pos
45.381616734,2169,2672,2672,pos_pos
45.383634095,2169,2672,2672,pos_pos
45.385609915,2169,2673,2673,pos_pos
45.387588624,2169,2673,2673,pos_pos
45.389595381,2169,2673,2673,pos_pos
45.391539674,2169,2674,2674,pos_pos
45.393416906,2168,2674,2674,pos_pos
45.395428782,2168,2675,2675,pos_pos
45.397417868,2168,2675,2675,pos_pos
45.399434797,2167,2677,2677,pos_pos
45.401494462,2167,2677,2677,pos_pos
45.403432596,2167,2678,2678,pos_pos
45.405431748,2166,2679,2679,pos_pos
45.407440494,2166,2681,2681,pos_pos
45.409427436,2165,2682,2682,pos_pos
45.41144327,2165,2683,2683,pos_pos
45.413433188,2165,2684,2684,pos_pos
45.415390336,2165,2686,2686,pos_pos
45.417357711,2164,2687,2687,pos_pos
45.419382052,2165,2688,2688,pos_pos
45.421412434,2164,2690,2690,pos_pos
45.423379977,2164,2691,2691,pos_pos
45.425377181,2165,2692,2692,pos_pos
45.427456613,2164,2693,2693,pos_pos
45.429350486,2165,2694,2694,pos_pos
45.431386014,2164,2695,2695,pos_pos
45.433361096,2165,2696,2696,pos_pos
45.435431238,2165,2697,2697,pos_pos
45.437425018,2165,2698,2698,pos_pos
45.439371148,2165,2699,2699,pos_pos
45.441433379,2165,2700,2700,pos_pos
45.443359557,2165,2701,2701,pos_pos
45.445386269,2165,2701,2701,pos_pos
45.447472736,2165,2702,2702,pos_pos
45.449489387,2166,2702,2702,pos_pos
45.451348927,2166,2703,2703,pos_pos
45.453411436,2167,2703,2703,pos_pos
45.45538504,2167,2703,2703,pos_pos
45.457305858,2168,2703,2703,pos_pos
45.459329621,2169,2703,2703,pos_pos
45.461297662,2170,2703,2703,pos_pos
45.463278745,2170,2702,2702,pos_pos
45.465294323,2171,2702,2702,pos_pos
45.467252873,2172,2702,2702,pos_pos
45.469239594,2173,2701,2701,pos_pos
45.47127399,2173,2701,2701,pos_pos
45.473262583,2174,2701,2701,pos_pos
45.475286199,2175,2700,2700,pos_pos
45.477339116,2175,2700,2700,pos_pos
45.479353511,2176,2700,2700,pos_pos
45.481316651,2177,2699,2699,pos_pos
45.483285679,2178,2699,2699,pos_pos
45.485299768,2178,2699,2699,pos_pos
45.48726634,2179,2699,2699,pos_pos
45.489366649,2179,2699,2699,pos_pos
45.491259403,2180,2699,2699,pos_pos
45.493263529,2180,2699,2699,pos_pos
45.495240963,2181,2699,2699,pos_pos
45.497274581,2181,2699,2699,pos_pos
45.499261214,2182,2699,2699,pos_pos
45.501291632,2182,2699,2699,pos_pos
45.503261622,2182,2699,2699,pos_pos
45.505297196,2183,2699,2699,pos_pos
45.507288233,2183,2699,2699,pos_pos
45.50919511,2183,2699,2699,pos_pos
45.511189473,2183,2700,2700,pos_pos
45.513332605,2183,2700,2700,pos_pos
45.515266659,2183,2701,2701,pos_pos
45.517232001,2183,2701,2701,pos_pos
45.519232171,2183,2702,2702,pos_pos
45.521226628,2183,2702,2702,pos_pos
45.523331704,2182,2703,2703,pos_pos
45.525225472,2182,2703,2703,pos_pos
45.527210112,2182,2704,2704,pos_pos
45.529197938,2182,2704,2704,pos_pos
45.531181528,2182,2705,2705,pos_pos
45.533222787,2182,2706,2706,pos_pos
45.535211284,2182,2706,2706,pos_pos
45.537200627,2182,2707,2707,pos_pos
45.539295085,2182,2708,2708,pos_pos
45.541240582,2182,2709,2709,pos_pos
45.543226038,2182,2710,2710,pos_pos
45.545227786,2182,2710,2710,pos_pos
45.547167292,2182,2712,2712,pos_pos
45.549147404,2182,2713,2713,pos_pos
45.551096692,2182,2714,2714,pos_pos
45.553185731,2182,2715,2715,pos_pos
45.555077914,2182,2716,2716,pos_pos
45.557194361,2182,2716,2716,pos_pos
45.559258625,2182,2718,2718,pos_pos
45.561230419,2182,2719,2719,pos_pos
45.563164276,2182,2720,2720,pos_pos
45.565182503,2182,2721,2721,pos_pos
45.567111685,2182,2722,2722,pos_pos
45.569180312,2182,2722,2722,pos_pos
45.571248727,2182,2723,2723,pos_pos
45.5732134,2183,2724,2724,pos_pos
45.575133582,2183,2724,2724,pos_pos
45.577066133,2183,2725,2725,pos_pos
45.579074571,2184,2726,2726,pos_pos
45.581114861,2184,2726,2726,pos_pos
45.583095112,2184,2727,2727,pos_pos
45.585125174,2185,2728,2728,pos_pos
45.587109469,2186,2728,2728,pos_pos
45.589097995,2186,2728,2728,pos_pos
45.591107771,2187,2729,2729,pos_pos
45.593106716,2187,2729,2729,pos_pos
45.595021463,2188,2729,2729,pos_pos
45.597080276,2188,2729,2729,pos_pos
45.599034599,2189,2730,2730,pos_pos
45.601052354,2189,2730,2730,pos_pos
45.603082137,2190,2730,2730,pos_pos
45.605066643,2190,2730,2730,pos_pos
45.607114334,2191,2730,2730,pos_pos
45.609048939,2191,2730,2730,pos_pos
45.61108028,2192,2730,2730,pos_pos
45.613082197,2193,2730,2730,pos_pos
45.615029445,2193,2730,2730,pos_pos
45.61702174,2193,2729,2729,pos_pos
45.618984646,2194,2730,2730,pos_pos
45.621002207,2194,2730,2730,pos_pos
45.622961298,2194,2730,2730,pos_pos
45.625019009,2194,2730,2730,pos_pos
45.626958081,2194,2730,2730,pos_pos
45.629042421,2194,2730,2730,pos_pos
45.631036269,2194,2730,2730,pos_pos
45.633064742,2194,2730,2730,pos_pos
45.634941206,2194,2730,2730,pos_pos
45.637066253,2194,2730,2730,pos_pos
45.638995518,2194,2730,2730,pos_pos
45.640985189,2194,2731,2731,pos_pos
45.642977158,2194,2731,2731,pos_pos
45.644961775,2194,2731,2731,pos_pos
45.646920342,2194,2732,2732,pos_pos
45.649024428,2194,2732,2732,pos_pos
45.65095152,2194,2732,2732,pos_pos
45.653046623,2194,2733,2733,pos_pos
45.655039536,2194,2733,2733,pos_pos
45.657208885,2194,2734,2734,pos_pos
45.65910361,2194,2735,2735,pos_pos
45.661163521,2194,2736,2736,pos_pos
45.663031653,2194,2736,2736,pos_pos
45.665044272,2194,2737,2737,pos_pos
45.66707499,2194,2738,2738,pos_pos
45.669074113,2194,2739,2739,pos_pos
45.671056228,2194,2740,2740,pos_pos
45.67308118,2194,2741,2741,pos_pos
45.674893152,2194,2742,2742,pos_pos
45.676905345,2194,2743,2743,pos_pos
45.678941089,2194,2744,2744,pos_pos
45.680938607,2194,2745,2745,pos_pos
45.68288906,2194,2746,2746,pos_pos
45.68489802,2194,2746,2746,pos_pos
45.686945392,2194,2747,2747,pos_pos
45.688943413,2194,2748,2748,pos_pos
45.690905588,2194,2749,2749,pos_pos
45.69288736,2194,2749,2749,pos_pos
45.694934683,2194,2749,2749,pos_pos
45.696881816,2194,2750,2750,pos_pos
45.698909932,2194,2750,2750,pos_pos
45.700871937,2194,2750,2750,pos_pos
45.702846676,2194,2750,2750,pos_pos
45.704828105,2194,2750,2750,pos_pos
45.70685192,2194,2750,2750,pos_pos
45.708850772,2194,2750,2750,pos_pos
45.710829356,2195,2749,2749,pos_pos
45.712806044,2195,2749,2749,pos_pos
45.714801245,2195,2749,2749,pos_pos
45.716835268,2196,2748,2748,pos_pos
45.71882588,2196,2747,2747,pos_pos
45.720806941,2197,2746,2746,pos_pos
45.722838978,2197,2745,2745,pos_pos
45.724848664,2198,2744,2744,pos_pos
45.72687571,2198,2743,2743,pos_pos
45.72886854,2199,2742,2742,pos_pos
45.731067428,2200,2741,2741,pos_pos
45.732890215,2200,2739,2739,pos_pos
45.73503813,2200,2738,2738,pos_pos
45.736882836,2200,2737,2737,pos_pos
45.73905224,2200,2736,2736,pos_pos
45.740846739,2200,2735,2735,pos_pos
45.743027399,2200,2734,2734,pos_pos
45.744822591,2200,2733,2733,pos_pos
45.746962175,2200,2733,2733,pos_pos
45.748804023,2200,2732,2732,pos_pos
45.750849576,2200,2731,2731,pos_pos
45.75281603,2200,2731,2731,pos_pos
45.75482709,2200,2731,2731,pos_pos
45.756843376,2201,2731,2731,pos_pos
45.75880884,2201,2731,2731,pos_pos
45.760869203,2201,2731,2731,pos_pos
45.76288847,2201,2731,2731,pos_pos
45.764775695,2201,2732,2732,pos_pos
45.76678989,2201,2732,2732,pos_pos
45.768798551,2202,2733,2733,pos_pos
45.770802659,2202,2733,2733,pos_pos
45.772828186,2203,2735,2735,pos_pos
45.774754739,2204,2736,2736,pos_pos
45.776740292,2204,2736,2736,pos_pos
45.778819474,2205,2737,2737,pos_pos
45.780774468,2205,2739,2739,pos_pos
45.782779902,2206,2740,2740,pos_pos
45.784774335,2207,2741,2741,pos_pos
45.786782052,2208,2742,2742,pos_pos
45.788761358,2209,2743,2743,pos_pos
45.790736558,2210,2745,2745,pos_pos
45.792734796,2211,2746,2746,pos_pos
45.794715986,2212,2748,2748,pos_pos
45.796754591,2213,2749,2749,pos_pos
45.798737301,2214,2750,2750,pos_pos
45.80073211,2215,2752,2752,pos_pos
45.802743316,2216,2753,2753,pos_pos
45.804757105,2217,2754,2754,pos_pos
45.806735054,2219,2755,2755,pos_pos
45.808754809,2220,2756,2756,pos_pos
45.810713944,2221,2757,2757,pos_pos
45.812668512,2222,2758,2758,pos_pos
45.814689248,2223,2758,2758,pos_pos
45.816695009,2224,2758,2758,pos_pos
45.818647709,2225,2759,2759,pos_pos
45.820661795,2226,2759,2759,pos_pos
45.822651261,2226,2759,2759,pos_pos
45.824686261,2227,2759,2759,pos_pos
45.826688787,2227,2759,2759,pos_pos
45.828638982,2228,2758,2758,pos_pos
45.830652143,2228,2758,2758,pos_pos
45.832662279,2228,2758,2758,pos_pos
45.834690592,2228,2757,2757,pos_pos
45.836677544,2228,2757,2757,pos_pos
45.838692168,2228,2756,2756,pos_pos
45.840711418,2228,2755,2755,pos_pos
45.842692072,2228,2754,2754,pos_pos
45.844643785,2228,2753,2753,pos_pos
45.846648636,2228,2752,2752,pos_pos
45.84866682,2228,2752,2752,pos_pos
45.85065211,2228,2750,2750,pos_pos
45.85266629,2228,2749,2749,pos_pos
45.854735504,2227,2748,2748,pos_pos
45.856669574,2227,2747,2747,pos_pos
45.858666095,2227,2746,2746,pos_pos
45.860588071,2226,2745,2745,pos_pos
45.862587764,2226,2744,2744,pos_pos
45.864599726,2226,2743,2743,pos_pos
45.866606494,2225,2742,2742,pos_pos
45.868602038,2225,2741,2741,pos_pos
45.870694459,2225,2740,2740,pos_pos
45.872661508,2225,2740,2740,pos_pos
45.874584397,2225,2739,2739,pos_pos
45.876605397,2225,2739,2739,pos_pos
45.878668503,2225,2738,2738,pos_pos
45.880650502,2225,2739,2739,pos_pos
45.882629545,2225,2739,2739,pos_pos
45.884560947,2225,2739,2739,pos_pos
45.886595793,2225,2739,2739,pos_pos
45.88856645,2225,2739,2739,pos_pos
45.890572159,2225,2740,2740,pos_pos
45.892549051,2224,2740,2740,pos_pos
45.894551209,2225,2741,2741,pos_pos
45.896613236,2225,2741,2741,pos_pos
45.898530408,2225,2742,2742,pos_pos
45.900528076,2225,2743,2743,pos_pos
45.902504884,2225,2743,2743,pos_pos
45.904560409,2225,2744,2744,pos_pos
45.906593009,2225,2745,2745,pos_pos
45.908494368,2225,2745,2745,pos_pos
45.910516604,2225,2746,2746,pos_pos
45.912577981,2225,2747,2747,pos_pos
45.914607593,2225,2748,2748,pos_pos
45.916521727,2225,2749,2749,pos_pos
45.918510436,2225,2749,2749,pos_pos
45.920491563,2225,2750,2750,pos_pos
45.922540513,2225,2750,2750,pos_pos
45.92452632,2225,2751,2751,pos_pos
45.926509075,2224,2752,2752,pos_pos
45.928454193,2225,2752,2752,pos_pos
45.930387396,2225,2752,2752,pos_pos
45.932463897,2225,2752,2752,pos_pos
45.93441156,2225,2752,2752,pos_pos
45.936375028,2225,2752,2752,pos_pos
45.938385946,2224,2752,2752,pos_pos
45.940450182,2225,2752,2752,pos_pos
45.942462899,2225,2751,2751,pos_pos
45.944459399,2225,2751,2751,pos_pos
45.946436823,2225,2750,2750,pos_pos
45.948384994,2225,2750,2750,pos_pos
45.950354212,2225,2749,2749,pos_pos
45.952339617,2225,2749,2749,pos_pos
45.954310681,2225,2749,2749,pos_pos
45.956306822,2225,2748,2748,pos_pos
45.958343517,2225,2748,2748,pos_pos
45.960342216,2225,2747,2747,pos_pos
45.962303886,2225,2747,2747,pos_pos
45.964431023,2225,2747,2747,pos_pos
45.966379842,2225,2747,2747,pos_pos
45.968298869,2225,2747,2747,pos_pos
45.970345791,2225,2747,2747,pos_pos
45.972360668,2224,2747,2747,pos_pos
45.974301034,2225,2748,2748,pos_pos
45.976290942,2224,2747,2747,pos_pos
45.97835206,2224,2748,2748,pos_pos
45.980402093,2225,2748,2748,pos_pos
45.982330139,2225,2748,2748,pos_pos
45.984305125,2225,2748,2748,pos_pos
45.986319258,2225,2748,2748,pos_pos
45.988333617,2225,2748,2748,pos_pos
45.990409542,2225,2748,2748,pos_pos
45.992377177,2225,2748,2748,pos_pos
45.994434037,2225,2748,2748,pos_pos
45.996431321,2225,2748,2748,pos_pos
45.998451841,2225,2748,2748,pos_pos
46.000293269,2225,2748,2748,pos_pos
46.002430855,2225,2748,2748,pos_pos
46.004350874,2225,2748,2748,pos_pos
46.006372589,2225,2748,2748,pos_pos
46.008365316,2224,2748,2748,pos_pos
46.010265992,2224,2748,2748,pos_pos
46.01226016,2224,2748,2748,pos_pos
46.014270398,2225,2748,2748,pos_pos
46.016273141,2225,2748,2748,pos_pos
46.018283079,2225,2748,2748,pos_pos
46.020270732,2224,2748,2748,pos_pos
46.022262337,2225,2747,2747,pos_pos
46.024279656,2224,2747,2747,pos_pos
46.026274658,2224,2747,2747,pos_pos
46.028192474,2225,2747,2747,pos_pos
46.030211422,2224,2746,2746,pos_pos
46.032229317,2224,2746,2746,pos_pos
46.034245504,2224,2745,2745,pos_pos
46.036194981,2224,2745,2745,pos_pos
46.038208419,2224,2745,2745,pos_pos
46.040230933,2224,2744,2744,pos_pos
46.042232761,2225,2744,2744,pos_pos
46.04422043,2224,2743,2743,pos_pos
46.046159894,2224,2743,2743,pos_pos
46.048169368,2224,2743,2743,pos_pos
46.050179873,2224,2743,2743,pos_pos
46.052190798,2224,2742,2742,pos_pos
46.054157968,2224,2741,2741,pos_pos
46.056166523,2224,2741,2741,pos_pos
46.058195876,2223,2740,2740,pos_pos
46.060189286,2223,2740,2740,pos_pos
46.062181205,2223,2740,2740,pos_pos
46.064126395,2223,2739,2739,pos_pos
46.066141103,2223,2739,2739,pos_pos
46.06814385,2223,2739,2739,pos_pos
46.070102222,2223,2739,2739,pos_pos
46.072138875,2223,2739,2739,pos_pos
46.074121059,2223,2738,2738,pos_pos
46.076108603,2223,2739,2739,pos_pos
46.078081786,2223,2738,2738,pos_pos
46.080102809,2223,2739,2739,pos_pos
46.082158193,2222,2739,2739,pos_pos
46.084109816,2223,2739,2739,pos_pos
46.086106633,2223,2738,2738,pos_pos
46.088074017,2222,2739,2739,pos_pos
46.090093439,2222,2739,2739,pos_pos
46.09209134,2222,2739,2739,pos_pos
46.094059783,2223,2739,2739,pos_pos
46.096129004,2223,2739,2739,pos_pos
46.098076562,2223,2739,2739,pos_pos
46.100121971,2222,2739,2739,pos_pos
46.102130377,2222,2739,2739,pos_pos
46.104183972,2222,2739,2739,pos_pos
46.106136199,2222,2739,2739,pos_pos
46.108090347,2222,2739,2739,pos_pos
46.110066805,2222,2739,2739,pos_pos
46.112163288,2222,2739,2739,pos_pos
46.114167702,2222,2739,2739,pos_pos
46.116193329,2222,2739,2739,pos_pos
46.118139461,2222,2739,2739,pos_pos
46.12013463,2222,2739,2739,pos_pos
46.122111073,2222,2738,2738,pos_pos
46.124180552,2221,2738,2738,pos_pos
46.126201152,2221,2738,2738,pos_pos
46.128203116,2221,2738,2738,pos_pos
46.130139271,2221,2738,2738,pos_pos
46.132152691,2221,2738,2738,pos_pos
46.134182465,2220,2738,2738,pos_pos
46.136098159,2220,2737,2737,pos_pos
46.138100121,2220,2737,2737,pos_pos
46.14027689,2220,2737,2737,pos_pos
46.142098341,2219,2737,2737,pos_pos
46.144169356,2219,2737,2737,pos_pos
46.14614597,2219,2737,2737,pos_pos
46.148114049,2219,2736,2736,pos_pos
46.150118766,2218,2736,2736,pos_pos
46.152105079,2218,2736,2736,pos_pos
46.154121766,2218,2735,2735,pos_pos
46.156079196,2218,2735,2735,pos_pos
46.158070714,2218,2734,2734,pos_pos
46.160100457,2218,2734,2734,pos_pos
46.162079325,2218,2733,2733,pos_pos
46.16412733,2218,2733,2733,pos_pos
46.166002614,2218,2733,2733,pos_pos
46.16800747,2218,2732,2732,pos_pos
46.169976771,2218,2732,2732,pos_pos
46.172020871,2218,2732,2732,pos_pos
46.174005711,2218,2732,2732,pos_pos
46.176008128,2218,2732,2732,pos_pos
46.177973542,2218,2732,2732,pos_pos
46.179995855,2218,2732,2732,pos_pos
46.181975722,2218,2732,2732,pos_pos
46.183951091,2218,2732,2732,pos_pos
46.185993289,2218,2732,2732,pos_pos
46.187986183,2218,2732,2732,pos_pos
46.190004602,2218,2732,2732,pos_pos
46.191950441,2218,2732,2732,pos_pos
46.194052099,2218,2732,2732,pos_pos
46.195974962,2218,2732,2732,pos_pos
46.198036808,2218,2732,2732,pos_pos
46.199968858,2218,2732,2732,pos_pos
46.202179994,2218,2732,2732,pos_pos
46.203963069,2218,2732,2732,pos_pos
46.206105102,2218,2731,2731,pos_pos
46.207961863,2218,2731,2731,pos_pos
46.210085843,2218,2730,2730,pos_pos
46.211899024,2218,2731,2731,pos_pos
46.21397849,2218,2731,2731,pos_pos
46.215937846,2218,2730,2730,pos_pos
46.218057623,2218,2730,2730,pos_pos
46.219921475,2218,2731,2731,pos_pos
46.221874257,2218,2730,2730,pos_pos
46.223941501,2218,2731,2731,pos_pos
46.226035423,2218,2731,2731,pos_pos
46.227932817,2218,2730,2730,pos_pos
46.230044098,2218,2730,2730,pos_pos
46.231943467,2218,2730,2730,pos_pos
46.233938128,2218,2730,2730,pos_pos
46.235905146,2218,2730,2730,pos_pos
46.237912494,2218,2730,2730,pos_pos
46.239912656,2218,2730,2730,pos_pos
46.24184642,2218,2731,2731,pos_pos
46.243910197,2218,2731,2731,pos_pos
46.245875622,2218,2731,2731,pos_pos
46.247828914,2218,2731,2731,pos_pos
46.24983266,2218,2731,2731,pos_pos
46.251861556,2218,2731,2731,pos_pos
46.253870344,2218,2731,2731,pos_pos
46.255834543,2218,2731,2731,pos_pos
46.25783638,2218,2731,2731,pos_pos
46.259869805,2218,2731,2731,pos_pos
46.261875453,2218,2731,2731,pos_pos
46.26386736,2218,2731,2731,pos_pos
46.265876268,2219,2731,2731,pos_pos
46.267844074,2219,2731,2731,pos_pos
46.269875464,2219,2731,2731,pos_pos
46.271830689,2219,2731,2731,pos_pos
46.273933366,2218,2731,2731,pos_pos
46.275880384,2219,2731,2731,pos_pos
46.277842825,2219,2731,2731,pos_pos
46.279913649,2219,2731,2731,pos_pos
46.28199499,2219,2731,2731,pos_pos
46.283842737,2219,2731,2731,pos_pos
46.285980333,2219,2731,2731,pos_pos
46.287822905,2219,2731,2731,pos_pos
46.289868815,2220,2731,2731,pos_pos
46.291833941,2220,2732,2732,pos_pos
46.293825847,2220,2732,2732,pos_pos
46.296002446,2221,2732,2732,pos_pos
46.297887728,2221,2733,2733,pos_pos
46.299900828,2221,2733,2733,pos_pos
46.30183419,2221,2734,2734,pos_pos
46.303878628,2222,2735,2735,pos_pos
46.305840491,2221,2735,2735,pos_pos
46.307827029,2221,2736,2736,pos_pos
46.309794599,2221,2736,2736,pos_pos
46.311777287,2221,2737,2737,pos_pos
46.313787187,2221,2738,2738,pos_pos
46.315737421,2222,2739,2739,pos_pos
46.31780201,2221,2739,2739,pos_pos
46.319753791,2221,2741,2741,pos_pos
46.321772909,2222,2741,2741,pos_pos
46.323800588,2222,2742,2742,pos_pos
46.325797616,2222,2743,2743,pos_pos
46.327770743,2222,2744,2744,pos_pos
46.329734721,2222,2745,2745,pos_pos
46.331779982,2222,2745,2745,pos_pos
46.333742106,2223,2746,2746,pos_pos
46.335723277,2223,2747,2747,pos_pos
46.337774188,2224,2748,2748,pos_pos
46.33975595,2225,2749,2749,pos_pos
46.341761214,2225,2749,2749,pos_pos
46.343750277,2226,2750,2750,pos_pos
46.345741705,2227,2751,2751,pos_pos
46.347754505,2228,2752,2752,pos_pos
46.349828776,2229,2752,2752,pos_pos
46.351740685,2229,2753,2753,pos_pos
46.353815416,2230,2754,2754,pos_pos
46.355806271,2231,2754,2754,pos_pos
46.357803938,2232,2754,2754,pos_pos
46.359810907,2233,2755,2755,pos_pos
46.361821143,2234,2755,2755,pos_pos
46.363724841,2235,2755,2755,pos_pos
46.365664156,2236,2755,2755,pos_pos
46.367806642,2237,2755,2755,pos_pos
46.369788361,2238,2755,2755,pos_pos
46.371745108,2239,2755,2755,pos_pos
46.373748642,2240,2755,2755,pos_pos
46.375789425,2241,2755,2755,pos_pos
46.377780951,2241,2755,2755,pos_pos
46.379788665,2241,2755,2755,pos_pos
46.381775676,2242,2754,2754,pos_pos
46.383749308,2242,2754,2754,pos_pos
46.385771968,2242,2754,2754,pos_pos
46.387723351,2243,2754,2754,pos_pos
46.389713289,2243,2753,2753,pos_pos
46.391837099,2243,2753,2753,pos_pos
46.393705495,2243,2752,2752,pos_pos
46.395623561,2243,2752,2752,pos_pos
46.397587666,2243,2752,2752,pos_pos
46.399556335,2242,2752,2752,pos_pos
46.401606171,2242,2752,2752,pos_pos
46.403672211,2241,2751,2751,pos_pos
46.405628298,2241,2751,2751,pos_pos
46.407562964,2240,2750,2750,pos_pos
46.409563631,2239,2750,2750,pos_pos
46.411564789,2239,2750,2750,pos_pos
46.413633551,2238,2750,2750,pos_pos
46.415573931,2237,2749,2749,pos_pos
46.417560632,2236,2749,2749,pos_pos
46.419573782,2235,2749,2749,pos_pos
46.421557578,2235,2750,2750,pos_pos
46.423592385,2234,2750,2750,pos_pos
46.425538213,2233,2750,2750,pos_pos
46.427555839,2233,2750,2750,pos_pos
46.429538975,2232,2750,2750,pos_pos
46.431522118,2232,2750,2750,pos_pos
46.433534291,2231,2751,2751,pos_pos
46.435524699,2231,2752,2752,pos_pos
46.43753625,2231,2752,2752,pos_pos
46.439566777,2231,2752,2752,pos_pos
46.441513163,2230,2753,2753,pos_pos
46.443567628,2230,2754,2754,pos_pos
46.445602082,2230,2754,2754,pos_pos
46.447524802,2230,2755,2755,pos_pos
46.449533141,2230,2756,2756,pos_pos
46.45151909,2230,2757,2757,pos_pos
46.453546981,2230,2758,2758,pos_pos
46.455540485,2231,2759,2759,pos_pos
46.457523722,2230,2760,2760,pos_pos
46.459529609,2230,2761,2761,pos_pos
46.461509597,2231,2762,2762,pos_pos
46.463531896,2231,2763,2763,pos_pos
46.465522666,2231,2764,2764,pos_pos
46.467519896,2231,2765,2765,pos_pos
46.469536975,2232,2767,2767,pos_pos
46.471603078,2232,2768,2768,pos_pos
46.473534733,2232,2769,2769,pos_pos
46.475551805,2233,2770,2770,pos_pos
46.477597802,2233,2771,2771,pos_pos
46.479512014,2233,2772,2772,pos_pos
46.481604176,2233,2773,2773,pos_pos
46.483571328,2233,2773,2773,pos_pos
46.48555724,2233,2774,2774,pos_pos
46.487499939,2233,2775,2775,pos_pos
46.489506497,2233,2775,2775,pos_pos
46.491430637,2233,2775,2775,pos_pos
46.493458319,2234,2775,2775,pos_pos
46.495431488,2234,2775,2775,pos_pos
46.497558094,2234,2775,2775,pos_pos
46.499552161,2235,2775,2775,pos_pos
46.501570833,2235,2774,2774,pos_pos
46.503635165,2235,2774,2774,pos_pos
46.505488377,2236,2773,2773,pos_pos
46.507597678,2237,2772,2772,pos_pos
46.509571731,2238,2772,2772,pos_pos
46.511481931,2239,2771,2771,pos_pos
46.513432565,2240,2770,2770,pos_pos
46.51549485,2241,2769,2769,pos_pos
46.517508921,2242,2767,2767,pos_pos
46.519312721,2243,2766,2766,pos_pos
46.521342782,2244,2765,2765,pos_pos
46.523393824,2245,2764,2764,pos_pos
46.525362685,2246,2763,2763,pos_pos
46.527326645,2247,2762,2762,pos_pos
46.529337318,2248,2761,2761,pos_pos
46.531351463,2248,2760,2760,pos_pos
46.53333268,2248,2759,2759,pos_pos
46.535338091,2249,2758,2758,pos_pos
46.537291715,2249,2758,2758,pos_pos
46.53931722,2249,2758,2758,pos_pos
46.541452321,2249,2758,2758,pos_pos
46.543355343,2249,2758,2758,pos_pos
46.545388932,2248,2758,2758,pos_pos
46.547378459,2248,2758,2758,pos_pos
46.549373929,2248,2759,2759,pos_pos
46.551380915,2247,2760,2760,pos_pos
46.553409659,2247,2760,2760,pos_pos
46.55538382,2246,2761,2761,pos_pos
46.557386257,2245,2762,2762,pos_pos
46.559407984,2245,2763,2763,pos_pos
46.561411278,2244,2764,2764,pos_pos
46.563362704,2243,2764,2764,pos_pos
46.56541259,2242,2765,2765,pos_pos
46.567285216,2242,2766,2766,pos_pos
46.56926776,2241,2767,2767,pos_pos
46.571230266,2240,2768,2768,pos_pos
46.573249743,2240,2769,2769,pos_pos
46.575318996,2239,2771,2771,pos_pos
46.577262882,2238,2772,2772,pos_pos
46.579269601,2238,2772,2772,pos_pos
46.581281451,2238,2774,2774,pos_pos
46.583217829,2237,2774,2774,pos_pos
46.585226854,2237,2775,2775,pos_pos
46.587303319,2237,2776,2776,pos_pos
46.589247704,2237,2777,2777,pos_pos
46.591208124,2237,2778,2778,pos_pos
46.593282465,2237,2779,2779,pos_pos
46.595257586,2238,2779,2779,pos_pos
46.597276296,2238,2780,2780,pos_pos
46.5991976,2238,2781,2781,pos_pos
46.601220173,2239,2781,2781,pos_pos
46.603211491,2239,2782,2782,pos_pos
46.605232229,2240,2782,2782,pos_pos
46.607225559,2241,2782,2782,pos_pos
46.609269841,2242,2782,2782,pos_pos
46.611223183,2243,2782,2782,pos_pos
46.61319186,2243,2782,2782,pos_pos
46.61520982,2244,2782,2782,pos_pos
46.617199685,2246,2782,2782,pos_pos
46.619155027,2247,2781,2781,pos_pos
46.621176662,2248,2781,2781,pos_pos
46.62313735,2249,2781,2781,pos_pos
46.62520417,2250,2781,2781,pos_pos
46.627160712,2252,2780,2780,pos_pos
46.629168422,2253,2780,2780,pos_pos
46.631138769,2254,2780,2780,pos_pos
46.633147463,2256,2780,2780,pos_pos
46.635175295,2257,2780,2780,pos_pos
46.637159517,2258,2779,2779,pos_pos
46.63914162,2259,2779,2779,pos_pos
46.641153605,2260,2779,2779,pos_pos
46.643216633,2261,2779,2779,pos_pos
46.645093009,2261,2778,2778,pos_pos
46.647132915,2262,2778,2778,pos_pos
46.649171638,2263,2778,2778,pos_pos
46.651136326,2263,2778,2778,pos_pos
46.653143034,2264,2778,2778,pos_pos
46.655067626,2264,2778,2778,pos_pos
46.657130283,2264,2778,2778,pos_pos
46.65911778,2264,2779,2779,pos_pos
46.661115431,2264,2779,2779,pos_pos
46.663147342,2264,2779,2779,pos_pos
46.665098733,2264,2780,2780,pos_pos
46.667145222,2264,2780,2780,pos_pos
46.669085019,2264,2781,2781,pos_pos
46.671176126,2263,2782,2782,pos_pos
46.673052407,2263,2782,2782,pos_pos
46.67509759,2263,2783,2783,pos_pos
46.677061244,2263,2784,2784,pos_pos
46.679044596,2263,2785,2785,pos_pos
46.681028495,2263,2786,2786,pos_pos
46.683054606,2262,2787,2787,pos_pos
46.685055701,2262,2788,2788,pos_pos
46.687055923,2262,2789,2789,pos_pos
46.688956682,2262,2790,2790,pos_pos
46.691010256,2261,2791,2791,pos_pos
46.693119946,2261,2793,2793,pos_pos
46.695053804,2261,2794,2794,pos_pos
46.697096956,2261,2795,2795,pos_pos
46.699071445,2261,2796,2796,pos_pos
46.701082833,2261,2798,2798,pos_pos
46.703056832,2261,2799,2799,pos_pos
46.704979271,2261,2800,2800,pos_pos
46.707012839,2261,2801,2801,pos_pos
46.709047543,2261,2802,2802,pos_pos
46.711063272,2261,2804,2804,pos_pos
46.713034676,2261,2805,2805,pos_pos
46.715062355,2261,2806,2806,pos_pos
46.717067841,2261,2807,2807,pos_pos
46.71902997,2261,2809,2809,pos_pos
46.720980028,2261,2810,2810,pos_pos
46.722959821,2262,2811,2811,pos_pos
46.724942971,2263,2812,2812,pos_pos
46.726915968,2263,2814,2814,pos_pos
46.728914765,2263,2815,2815,pos_pos
46.730931571,2264,2816,2816,pos_pos
46.733062385,2265,2818,2818,pos_pos
46.734920286,2266,2819,2819,pos_pos
46.736938362,2267,2820,2820,pos_pos
46.738997092,2268,2821,2821,pos_pos
46.741076667,2269,2823,2823,pos_pos
46.742984533,2271,2824,2824,pos_pos
46.745001635,2272,2826,2826,pos_pos
46.747083239,2274,2827,2827,pos_pos
46.748966948,2275,2828,2828,pos_pos
46.751158954,2277,2829,2829,pos_pos
46.75305579,2279,2830,2830,pos_pos
46.75508213,2281,2831,2831,pos_pos
46.756918095,2283,2832,2832,pos_pos
46.759009407,2285,2833,2833,pos_pos
46.760967887,2287,2834,2834,pos_pos
46.763201865,2289,2835,2835,pos_pos
46.764955825,2291,2836,2836,pos_pos
46.767046786,2293,2837,2837,pos_pos
46.768922388,2295,2838,2838,pos_pos
46.7709782,2296,2839,2839,pos_pos
46.772858776,2298,2839,2839,pos_pos
46.775010052,2299,2840,2840,pos_pos
46.776898536,2301,2841,2841,pos_pos
46.779016399,2303,2842,2842,pos_pos
46.780916043,2304,2842,2842,pos_pos
46.78312708,2305,2843,2843,pos_pos
46.784873799,2307,2844,2844,pos_pos
46.786913548,2308,2845,2845,pos_pos
46.788903406,2309,2846,2846,pos_pos
46.790979329,2310,2847,2847,pos_pos
46.792935051,2311,2849,2849,pos_pos
46.79492388,2311,2849,2849,pos_pos
46.796913953,2312,2850,2850,pos_pos
46.79894295,2312,2851,2851,pos_pos
46.80092983,2313,2853,2853,pos_pos
46.802888794,2313,2854,2854,pos_pos
46.804880719,2313,2855,2855,pos_pos
46.806878867,2313,2856,2856,pos_pos
46.808884009,2313,2858,2858,pos_pos
46.810884127,2313,2859,2859,pos_pos
46.812857878,2313,2860,2860,pos_pos
46.814884512,2313,2862,2862,pos_pos
46.816830001,2313,2863,2863,pos_pos
46.81888624,2313,2864,2864,pos_pos
46.820855653,2313,2865,2865,pos_pos
46.822846452,2313,2867,2867,pos_pos
46.824828882,2313,2868,2868,pos_pos
46.826819694,2313,2869,2869,pos_pos
46.828836402,2313,2871,2871,pos_pos
46.830826937,2313,2872,2872,pos_pos
46.833171724,2313,2873,2873,pos_pos
46.834881263,2313,2875,2875,pos_pos
46.836771171,2314,2876,2876,pos_pos
46.838809182,2314,2877,2877,pos_pos
46.840967419,2314,2878,2878,pos_pos
46.842825493,2315,2879,2879,pos_pos
46.844777567,2316,2881,2881,pos_pos
46.846814097,2316,2882,2882,pos_pos
46.849059139,2317,2883,2883,pos_pos
46.850888659,2318,2884,2884,pos_pos
46.853052304,2319,2885,2885,pos_pos
46.854807507,2320,2885,2885,pos_pos
46.856823196,2321,2886,2886,pos_pos
46.858805643,2323,2886,2886,pos_pos
46.860789501,2324,2887,2887,pos_pos
46.862820486,2326,2887,2887,pos_pos
46.864809472,2327,2888,2888,pos_pos
46.866761719,2329,2888,2888,pos_pos
46.868765386,2332,2888,2888,pos_pos
46.870762116,2334,2888,2888,pos_pos
46.872838318,2336,2888,2888,pos_pos
46.874776378,2338,2888,2888,pos_pos
46.876764119,2340,2888,2888,pos_pos
46.878788353,2341,2888,2888,pos_pos
46.880730154,2344,2888,2888,pos_pos
46.88275816,2346,2888,2888,pos_pos
46.884741827,2348,2888,2888,pos_pos
46.886773604,2350,2888,2888,pos_pos
46.888796026,2352,2888,2888,pos_pos
46.890848073,2355,2888,2888,pos_pos
46.892779785,2356,2888,2888,pos_pos
46.894770907,2359,2888,2888,pos_pos
46.896777994,2361,2888,2888,pos_pos
46.898741076,2363,2889,2889,pos_pos
46.900698564,2364,2889,2889,pos_pos
46.902704975,2366,2889,2889,pos_pos
46.904835013,2367,2890,2890,pos_pos
46.906670779,2369,2891,2891,pos_pos
46.908765297,2370,2891,2891,pos_pos
46.910774671,2371,2892,2892,pos_pos
46.912700477,2372,2893,2893,pos_pos
46.914743411,2373,2893,2893,pos_pos
46.916727056,2374,2894,2894,pos_pos
46.918666699,2375,2895,2895,pos_pos
46.920684016,2375,2896,2896,pos_pos
46.92267928,2376,2898,2898,pos_pos
46.924675934,2377,2898,2898,pos_pos
46.926681063,2377,2900,2900,pos_pos
46.928718328,2378,2902,2902,pos_pos
46.93080272,2379,2903,2903,pos_pos
46.932775579,2379,2905,2905,pos_pos
46.934739209,2380,2906,2906,pos_pos
46.9368045,2381,2907,2907,pos_pos
46.938770429,2382,2908,2908,pos_pos
46.940724493,2383,2910,2910,pos_pos
46.942758061,2383,2911,2911,pos_pos
46.944719663,2384,2913,2913,pos_pos
46.946721411,2385,2913,2913,pos_pos
46.948723226,2386,2915,2915,pos_pos
46.950715529,2388,2917,2917,pos_pos
46.95276399,2389,2918,2918,pos_pos
46.954741342,2390,2920,2920,pos_pos
46.956785961,2391,2921,2921,pos_pos
46.958684793,2392,2922,2922,pos_pos
46.960608845,2393,2924,2924,pos_pos
46.962667988,2394,2925,2925,pos_pos
46.964597737,2395,2927,2927,pos_pos
46.966585092,2397,2928,2928,pos_pos
46.968566174,2398,2930,2930,pos_pos
46.970572713,2399,2931,2931,pos_pos
46.972560711,2402,2933,2933,pos_pos
46.974641941,2403,2934,2934,pos_pos
46.976611132,2404,2935,2935,pos_pos
46.978584216,2406,2937,2937,pos_pos
46.980589468,2407,2938,2938,pos_pos
46.98256274,2408,2940,2940,pos_pos
46.984572853,2410,2941,2941,pos_pos
46.986547795,2412,2942,2942,pos_pos
46.988509638,2413,2943,2943,pos_pos
46.990533371,2415,2945,2945,pos_pos
46.992572208,2416,2946,2946,pos_pos
46.994519808,2418,2947,2947,pos_pos
46.99653685,2419,2948,2948,pos_pos
46.998546035,2421,2949,2949,pos_pos
47.000585317,2422,2950,2950,pos_pos
47.002552577,2423,2951,2951,pos_pos
47.00448611,2424,2952,2952,pos_pos
47.006501507,2425,2953,2953,pos_pos
47.00848339,2426,2953,2953,pos_pos
47.010511735,2426,2954,2954,pos_pos
47.012482897,2427,2954,2954,pos_pos
47.014445693,2427,2955,2955,pos_pos
47.016429193,2428,2955,2955,pos_pos
47.018441659,2428,2955,2955,pos_pos
47.020398145,2428,2955,2955,pos_pos
47.022428518,2429,2955,2955,pos_pos
47.024407642,2429,2955,2955,pos_pos
47.026492676,2429,2955,2955,pos_pos
47.028447691,2429,2955,2955,pos_pos
47.030458776,2429,2955,2955,pos_pos
47.032434259,2429,2955,2955,pos_pos
47.034447448,2429,2955,2955,pos_pos
47.036411211,2429,2956,2956,pos_pos
47.038422191,2429,2956,2956,pos_pos
47.040420913,2429,2957,2957,pos_pos
47.042405395,2429,2957,2957,pos_pos
47.044361809,2429,2958,2958,pos_pos
47.046412492,2429,2959,2959,pos_pos
47.048396676,2429,2960,2960,pos_pos
47.050434948,2429,2961,2961,pos_pos
47.052370301,2429,2962,2962,pos_pos
47.054365151,2429,2963,2963,pos_pos
47.056377579,2429,2964,2964,pos_pos
47.058373856,2429,2965,2965,pos_pos
47.060400182,2429,2966,2966,pos_pos
47.062386352,2429,2968,2968,pos_pos
47.064429941,2429,2969,2969,pos_pos
47.06638481,2429,2970,2970,pos_pos
47.06837322,2429,2971,2971,pos_pos
47.070373332,2429,2973,2973,pos_pos
47.072400841,2429,2974,2974,pos_pos
47.074389332,2429,2976,2976,pos_pos
47.07638451,2429,2977,2977,pos_pos
47.078409193,2429,2978,2978,pos_pos
47.080363655,2429,2980,2980,pos_pos
47.082386159,2429,2981,2981,pos_pos
47.084328938,2430,2983,2983,pos_pos
47.086285515,2430,2984,2984,pos_pos
47.088355627,2430,2985,2985,pos_pos
47.090351178,2431,2987,2987,pos_pos
47.092355961,2432,2988,2988,pos_pos
47.094314653,2433,2989,2989,pos_pos
47.096353584,2434,2991,2991,pos_pos
47.098307143,2434,2992,2992,pos_pos
47.100294781,2435,2993,2993,pos_pos
47.102287406,2437,2995,2995,pos_pos
47.104274282,2438,2996,2996,pos_pos
47.106351743,2440,2997,2997,pos_pos
47.108308295,2442,2998,2998,pos_pos
47.110287559,2444,2999,2999,pos_pos
47.112365739,2445,3000,3000,pos_pos
47.114329737,2448,3000,3000,pos_pos
47.116284083,2449,3001,3001,pos_pos
47.118253406,2451,3001,3001,pos_pos
47.120298604,2453,3002,3002,pos_pos
47.122263371,2455,3002,3002,pos_pos
47.124282537,2457,3002,3002,pos_pos
47.126228362,2459,3002,3002,pos_pos
47.128250444,2460,3002,3002,pos_pos
47.130251407,2462,3002,3002,pos_pos
47.132236084,2464,3002,3002,pos_pos
47.134207661,2466,3002,3002,pos_pos
47.136259774,2468,3002,3002,pos_pos
47.138194678,2469,3002,3002,pos_pos
47.140265936,2471,3002,3002,pos_pos
47.142235758,2472,3002,3002,pos_pos
47.144253179,2474,3002,3002,pos_pos
47.146234229,2475,3002,3002,pos_pos
47.148258286,2476,3002,3002,pos_pos
47.150284088,2477,3002,3002,pos_pos
47.152261265,2478,3002,3002,pos_pos
47.15434482,2480,3003,3003,pos_pos
47.156267034,2481,3003,3003,pos_pos
47.158274728,2482,3003,3003,pos_pos
47.160233596,2483,3004,3004,pos_pos
47.162235996,2484,3004,3004,pos_pos
47.164262552,2484,3005,3005,pos_pos
47.166311034,2485,3005,3005,pos_pos
47.168286205,2485,3006,3006,pos_pos
47.170322652,2485,3006,3006,pos_pos
47.172268416,2485,3007,3007,pos_pos
47.174300622,2485,3008,3008,pos_pos
47.176255949,2485,3010,3010,pos_pos
47.178254943,2485,3011,3011,pos_pos
47.180208585,2485,3012,3012,pos_pos
47.182189183,2485,3013,3013,pos_pos
47.184162521,2485,3014,3014,pos_pos
47.186142521,2485,3016,3016,pos_pos
47.1881305,2485,3017,3017,pos_pos
47.190167226,2485,3018,3018,pos_pos
47.192134413,2485,3020,3020,pos_pos
47.194148266,2485,3020,3020,pos_pos
47.196124765,2485,3022,3022,pos_pos
47.198102899,2485,3024,3024,pos_pos
47.20011534,2485,3025,3025,pos_pos
47.202172053,2485,3026,3026,pos_pos
47.204131485,2485,3028,3028,pos_pos
47.206088961,2485,3029,3029,pos_pos
47.208108381,2485,3031,3031,pos_pos
47.210147555,2485,3032,3032,pos_pos
47.21212916,2486,3034,3034,pos_pos
47.214141653,2486,3035,3035,pos_pos
47.216121812,2487,3037,3037,pos_pos
47.218074942,2487,3039,3039,pos_pos
47.220059584,2488,3040,3040,pos_pos
47.222067985,2489,3041,3041,pos_pos
47.224049827,2490,3043,3043,pos_pos
47.22609875,2491,3044,3044,pos_pos
47.228037251,2492,3046,3046,pos_pos
47.230170558,2494,3048,3048,pos_pos
47.232097953,2495,3049,3049,pos_pos
47.234122314,2497,3050,3050,pos_pos
47.23611332,2498,3052,3052,pos_pos
47.238044294,2500,3053,3053,pos_pos
47.240010781,2501,3054,3054,pos_pos
47.242086129,2503,3056,3056,pos_pos
47.244062143,2504,3057,3057,pos_pos
47.246059719,2506,3059,3059,pos_pos
47.248015666,2508,3060,3060,pos_pos
47.250118187,2509,3062,3062,pos_pos
47.252061798,2511,3063,3063,pos_pos
47.254044183,2513,3064,3064,pos_pos
47.25597953,2515,3065,3065,pos_pos
47.258047507,2517,3067,3067,pos_pos
47.260020936,2519,3068,3068,pos_pos
47.262016098,2521,3069,3069,pos_pos
47.264088473,2523,3070,3070,pos_pos
47.266102522,2525,3071,3071,pos_pos
47.268035196,2526,3073,3073,pos_pos
47.27008524,2529,3074,3074,pos_pos
47.272069453,2531,3075,3075,pos_pos
47.274006864,2532,3076,3076,pos_pos
47.276140889,2533,3077,3077,pos_pos
47.278067135,2534,3079,3079,pos_pos
47.280015023,2535,3080,3080,pos_pos
47.282047472,2536,3081,3081,pos_pos
47.283968398,2537,3082,3082,pos_pos
47.285956517,2538,3083,3083,pos_pos
47.28792178,2539,3083,3083,pos_pos
47.289927352,2539,3084,3084,pos_pos
47.291993257,2539,3084,3084,pos_pos
47.293991141,2540,3084,3084,pos_pos
47.295986233,2540,3085,3085,pos_pos
47.297964889,2540,3085,3085,pos_pos
47.300030667,2540,3086,3086,pos_pos
47.30192751,2540,3086,3086,pos_pos
47.304025649,2540,3087,3087,pos_pos
47.305911481,2540,3087,3087,pos_pos
47.307998328,2540,3088,3088,pos_pos
47.309888201,2539,3089,3089,pos_pos
47.311934505,2539,3089,3089,pos_pos
47.313902417,2538,3090,3090,pos_pos
47.316049063,2538,3091,3091,pos_pos
47.317956798,2537,3092,3092,pos_pos
47.320124963,2537,3094,3094,pos_pos
47.321977899,2536,3095,3095,pos_pos
47.324105254,2536,3095,3095,pos_pos
47.325911172,2536,3097,3097,pos_pos
47.328045058,2535,3098,3098,pos_pos
47.329878514,2535,3099,3099,pos_pos
47.331999372,2536,3100,3100,pos_pos
47.333909868,2536,3101,3101,pos_pos
47.336098058,2536,3102,3102,pos_pos
47.33802384,2536,3104,3104,pos_pos
47.339946601,2536,3105,3105,pos_pos
47.341947837,2536,3107,3107,pos_pos
47.343950503,2537,3108,3108,pos_pos
47.345997696,2537,3109,3109,pos_pos
47.347958885,2537,3110,3110,pos_pos
47.350008887,2538,3112,3112,pos_pos
47.351970655,2539,3112,3112,pos_pos
47.353940887,2539,3114,3114,pos_pos
47.355911784,2540,3115,3115,pos_pos
47.35791529,2541,3116,3116,pos_pos
47.359956129,2542,3117,3117,pos_pos
47.361967546,2543,3118,3118,pos_pos
47.364013477,2544,3119,3119,pos_pos
47.365940837,2545,3120,3120,pos_pos
47.367983415,2546,3121,3121,pos_pos
47.369807667,2547,3122,3122,pos_pos
47.371810906,2548,3123,3123,pos_pos
47.373784776,2549,3123,3123,pos_pos
47.375786916,2551,3124,3124,pos_pos
47.377810152,2553,3124,3124,pos_pos
47.379887676,2554,3124,3124,pos_pos
47.381806264,2556,3124,3124,pos_pos
47.383798144,2557,3125,3125,pos_pos
47.385946474,2559,3125,3125,pos_pos
47.38788573,2560,3125,3125,pos_pos
47.38994975,2562,3125,3125,pos_pos
47.391825945,2563,3125,3125,pos_pos
47.39378912,2565,3125,3125,pos_pos
47.395739832,2566,3125,3125,pos_pos
47.397750342,2568,3125,3125,pos_pos
47.399773117,2569,3125,3125,pos_pos
47.40177897,2570,3125,3125,pos_pos
47.403731298,2571,3125,3125,pos_pos
47.40574919,2573,3125,3125,pos_pos
47.4077162,2574,3125,3125,pos_pos
47.409700002,2574,3125,3125,pos_pos
47.41173916,2576,3125,3125,pos_pos
47.413692769,2576,3125,3125,pos_pos
47.415734208,2576,3125,3125,pos_pos
47.41770148,2577,3125,3125,pos_pos
47.419834191,2578,3126,3126,pos_pos
47.421820536,2578,3126,3126,pos_pos
47.423863444,2578,3126,3126,pos_pos
47.425860131,2579,3126,3126,pos_pos
47.427785117,2579,3127,3127,pos_pos
47.429772967,2579,3128,3128,pos_pos
47.431769269,2579,3128,3128,pos_pos
47.433810233,2579,3129,3129,pos_pos
47.435778369,2579,3130,3130,pos_pos
47.43776463,2579,3130,3130,pos_pos
47.439819772,2579,3131,3131,pos_pos
47.441752329,2579,3133,3133,pos_pos
47.443788756,2579,3133,3133,pos_pos
47.445772459,2579,3134,3134,pos_pos
47.447756719,2579,3135,3135,pos_pos
47.449673688,2579,3136,3136,pos_pos
47.451772114,2579,3138,3138,pos_pos
47.453723557,2579,3139,3139,pos_pos
47.455692244,2579,3140,3140,pos_pos
47.457644914,2579,3141,3141,pos_pos
47.459649463,2579,3143,3143,pos_pos
47.461659916,2580,3144,3144,pos_pos
47.463713988,2580,3145,3145,pos_pos
47.465679483,2580,3147,3147,pos_pos
47.467688755,2581,3148,3148,pos_pos
47.469689446,2581,3149,3149,pos_pos
47.471712524,2581,3151,3151,pos_pos
47.4736918,2582,3152,3152,pos_pos
47.475672317,2583,3154,3154,pos_pos
47.477675914,2583,3155,3155,pos_pos
47.479654118,2584,3156,3156,pos_pos
47.481663533,2585,3157,3157,pos_pos
47.483641475,2586,3159,3159,pos_pos
47.485673277,2587,3160,3160,pos_pos
47.487634043,2588,3162,3162,pos_pos
47.489675744,2589,3163,3163,pos_pos
47.491601306,2590,3164,3164,pos_pos
47.493662183,2592,3165,3165,pos_pos
47.495607878,2593,3167,3167,pos_pos
47.497608862,2595,3168,3168,pos_pos
47.499576916,2597,3169,3169,pos_pos
47.501650552,2598,3169,3169,pos_pos
47.503570841,2600,3170,3170,pos_pos
47.50566032,2602,3171,3171,pos_pos
47.507582343,2604,3172,3172,pos_pos
47.509616261,2605,3173,3173,pos_pos
47.511568876,2607,3173,3173,pos_pos
47.513607135,2608,3174,3174,pos_pos
47.51559746,2610,3175,3175,pos_pos
47.517595865,2611,3175,3175,pos_pos
47.519551088,2613,3175,3175,pos_pos
47.521512599,2614,3176,3176,pos_pos
47.523565504,2615,3176,3176,pos_pos
47.525592207,2617,3177,3177,pos_pos
47.527527426,2618,3177,3177,pos_pos
47.529551361,2619,3177,3177,pos_pos
47.531508618,2620,3178,3178,pos_pos
47.533526818,2620,3178,3178,pos_pos
47.535507654,2621,3178,3178,pos_pos
47.537576362,2621,3178,3178,pos_pos
47.539550453,2622,3179,3179,pos_pos
47.541485022,2622,3179,3179,pos_pos
47.543500354,2622,3179,3179,pos_pos
47.545495026,2622,3180,3180,pos_pos
47.547502371,2622,3180,3180,pos_pos
47.549491799,2622,3180,3180,pos_pos
47.551442658,2622,3180,3180,pos_pos
47.553493879,2622,3180,3180,pos_pos
47.555446448,2621,3181,3181,pos_pos
47.557523122,2621,3181,3181,pos_pos
47.559492287,2621,3181,3181,pos_pos
47.561492089,2621,3182,3182,pos_pos
47.563479335,2621,3182,3182,pos_pos
47.565475374,2621,3182,3182,pos_pos
47.567460916,2620,3183,3183,pos_pos
47.569476517,2620,3184,3184,pos_pos
47.571450922,2620,3185,3185,pos_pos
47.57348137,2620,3186,3186,pos_pos
47.575434434,2620,3187,3187,pos_pos
47.57742742,2620,3188,3188,pos_pos
47.579420652,2620,3189,3189,pos_pos
47.581391016,2620,3190,3190,pos_pos
47.58341943,2620,3191,3191,pos_pos
47.585387586,2620,3192,3192,pos_pos
47.587380787,2620,3194,3194,pos_pos
47.589381374,2620,3195,3195,pos_pos
47.591383215,2620,3196,3196,pos_pos
47.593402656,2620,3198,3198,pos_pos
47.595392088,2621,3199,3199,pos_pos
47.597417278,2620,3201,3201,pos_pos
47.599395472,2620,3202,3202,pos_pos
47.601409067,2620,3204,3204,pos_pos
47.603372955,2620,3205,3205,pos_pos
47.605373314,2621,3207,3207,pos_pos
47.607427396,2621,3208,3208,pos_pos
47.60938823,2621,3210,3210,pos_pos
47.611377135,2621,3211,3211,pos_pos
47.613385336,2622,3212,3212,pos_pos
47.615361307,2623,3213,3213,pos_pos
47.617307911,2624,3214,3214,pos_pos
47.619307242,2624,3216,3216,pos_pos
47.621347608,2626,3217,3217,pos_pos
47.623371711,2626,3218,3218,pos_pos
47.62530154,2628,3219,3219,pos_pos
47.627370705,2629,3220,3220,pos_pos
47.629317231,2631,3220,3220,pos_pos
47.631327041,2632,3222,3222,pos_pos
47.633328671,2634,3223,3223,pos_pos
47.635279933,2635,3224,3224,pos_pos
47.637285464,2637,3225,3225,pos_pos
47.639300068,2638,3225,3225,pos_pos
47.641277662,2640,3226,3226,pos_pos
47.643357502,2641,3227,3227,pos_pos
47.645300129,2643,3228,3228,pos_pos
47.647302303,2645,3228,3228,pos_pos
47.64927743,2646,3229,3229,pos_pos
47.651278914,2648,3230,3230,pos_pos
47.653262023,2650,3230,3230,pos_pos
47.655279431,2652,3231,3231,pos_pos
47.657268883,2654,3231,3231,pos_pos
47.659347411,2656,3231,3231,pos_pos
47.661276432,2658,3231,3231,pos_pos
47.6633202,2660,3232,3232,pos_pos
47.665268844,2662,3232,3232,pos_pos
47.667280866,2663,3232,3232,pos_pos
47.669326334,2665,3232,3232,pos_pos
47.671337343,2667,3232,3232,pos_pos
47.67329279,2668,3233,3233,pos_pos
47.675290041,2670,3233,3233,pos_pos
47.677297088,2671,3233,3233,pos_pos
47.679267331,2673,3233,3233,pos_pos
47.681201417,2674,3234,3234,pos_pos
47.683244031,2675,3234,3234,pos_pos
47.685229158,2677,3234,3234,pos_pos
47.6872352,2677,3235,3235,pos_pos
47.689216727,2679,3235,3235,pos_pos
47.691239514,2679,3235,3235,pos_pos
47.693249439,2680,3236,3236,pos_pos
47.695192848,2680,3236,3236,pos_pos
47.697231627,2681,3237,3237,pos_pos
47.699175839,2681,3237,3237,pos_pos
47.701167605,2681,3238,3238,pos_pos
47.703159867,2681,3238,3238,pos_pos
47.70517889,2681,3239,3239,pos_pos
47.707165714,2681,3240,3240,pos_pos
47.709191881,2681,3241,3241,pos_pos
47.711184267,2681,3242,3242,pos_pos
47.713123674,2681,3243,3243,pos_pos
47.71521995,2681,3244,3244,pos_pos
47.717146824,2681,3245,3245,pos_pos
47.719130005,2681,3246,3246,pos_pos
47.72123597,2681,3248,3248,pos_pos
47.723134888,2681,3249,3249,pos_pos
47.725268267,2681,3250,3250,pos_pos
47.727140975,2681,3252,3252,pos_pos
47.72922964,2681,3253,3253,pos_pos
47.731312672,2681,3255,3255,pos_pos
47.733152116,2681,3256,3256,pos_pos
47.735236977,2681,3258,3258,pos_pos
47.737167452,2681,3259,3259,pos_pos
47.739167058,2681,3261,3261,pos_pos
47.74129831,2681,3262,3262,pos_pos
47.743228552,2681,3264,3264,pos_pos
47.745205842,2681,3266,3266,pos_pos
47.747337407,2682,3267,3267,pos_pos
47.749099659,2682,3268,3268,pos_pos
47.751216762,2682,3270,3270,pos_pos
47.753194809,2683,3272,3272,pos_pos
47.755147479,2683,3273,3273,pos_pos
47.757143624,2684,3274,3274,pos_pos
47.759135882,2685,3276,3276,pos_pos
47.761136829,2686,3278,3278,pos_pos
47.763147763,2687,3279,3279,pos_pos
47.765090004,2688,3281,3281,pos_pos
47.767065026,2689,3282,3282,pos_pos
47.769159902,2690,3284,3284,pos_pos
47.771069701,2691,3286,3286,pos_pos
47.773126422,2693,3287,3287,pos_pos
47.775143014,2694,3289,3289,pos_pos
47.777116653,2696,3290,3290,pos_pos
47.779063054,2697,3291,3291,pos_pos
47.781090836,2699,3292,3292,pos_pos
47.783024055,2701,3293,3293,pos_pos
47.78508325,2703,3294,3294,pos_pos
47.787020662,2704,3295,3295,pos_pos
47.78905667,2706,3296,3296,pos_pos
47.791048551,2708,3296,3296,pos_pos
47.79304334,2710,3296,3296,pos_pos
47.795031871,2712,3296,3296,pos_pos
47.797041313,2714,3296,3296,pos_pos
47.799121563,2716,3297,3297,pos_pos
47.801043723,2718,3297,3297,pos_pos
47.803055021,2719,3297,3297,pos_pos
47.805007463,2721,3297,3297,pos_pos
47.807083348,2723,3298,3298,pos_pos
47.809075855,2725,3298,3298,pos_pos
47.810990351,2726,3298,3298,pos_pos
47.813005868,2728,3298,3298,pos_pos
47.814960124,2729,3299,3299,pos_pos
47.816991413,2730,3299,3299,pos_pos
47.81897664,2732,3300,3300,pos_pos
47.820954163,2733,3300,3300,pos_pos
47.822976281,2734,3301,3301,pos_pos
47.824936431,2735,3302,3302,pos_pos
47.826973389,2736,3303,3303,pos_pos
47.82895954,2737,3303,3303,pos_pos
47.831009577,2738,3305,3305,pos_pos
47.833081532,2739,3306,3306,pos_pos
47.834931218,2739,3307,3307,pos_pos
47.83697115,2739,3308,3308,pos_pos
47.838970316,2740,3310,3310,pos_pos
47.840942437,2740,3311,3311,pos_pos
47.842961647,2740,3312,3312,pos_pos
47.844861937,2740,3314,3314,pos_pos
47.846881577,2740,3315,3315,pos_pos
47.848867821,2740,3317,3317,pos_pos
47.85087155,2740,3318,3318,pos_pos
47.852971689,2741,3320,3320,pos_pos
47.854935103,2741,3321,3321,pos_pos
47.857008209,2741,3323,3323,pos_pos
47.858967461,2741,3325,3325,pos_pos
47.861078348,2740,3326,3326,pos_pos
47.863013022,2741,3328,3328,pos_pos
47.864997063,2741,3330,3330,pos_pos
47.866983257,2741,3332,3332,pos_pos
47.869137513,2741,3333,3333,pos_pos
47.871051277,2741,3335,3335,pos_pos
47.872978318,2741,3337,3337,pos_pos
47.874938141,2741,3338,3338,pos_pos
47.87695883,2741,3340,3340,pos_pos
47.878976036,2741,3342,3342,pos_pos
47.880986807,2741,3344,3344,pos_pos
47.883004496,2741,3345,3345,pos_pos
47.885057224,2741,3346,3346,pos_pos
47.887006208,2742,3348,3348,pos_pos
47.889050144,2742,3349,3349,pos_pos
47.891003732,2743,3350,3350,pos_pos
47.892925352,2744,3352,3352,pos_pos
47.894872673,2744,3353,3353,pos_pos
47.896895961,2745,3355,3355,pos_pos
47.89890229,2745,3356,3356,pos_pos
47.900894208,2746,3357,3357,pos_pos
47.902857213,2747,3359,3359,pos_pos
47.904841617,2749,3360,3360,pos_pos
47.906890611,2750,3361,3361,pos_pos
47.90885418,2751,3362,3362,pos_pos
47.91084954,2752,3363,3363,pos_pos
47.912811535,2754,3364,3364,pos_pos
47.914883139,2755,3365,3365,pos_pos
47.916792843,2757,3366,3366,pos_pos
47.918858364,2759,3366,3366,pos_pos
47.920840944,2760,3366,3366,pos_pos
47.922828227,2762,3366,3366,pos_pos
47.924814202,2763,3366,3366,pos_pos
47.926797893,2766,3366,3366,pos_pos
47.928823209,2768,3366,3366,pos_pos
47.930825942,2769,3367,3367,pos_pos
47.932792831,2771,3367,3367,pos_pos
47.934819471,2773,3367,3367,pos_pos
47.936789693,2775,3367,3367,pos_pos
47.938758189,2777,3367,3367,pos_pos
47.94077331,2779,3367,3367,pos_pos
47.942982226,2781,3368,3368,pos_pos
47.944763131,2782,3368,3368,pos_pos
47.946721878,2784,3369,3369,pos_pos
47.948766021,2786,3369,3369,pos_pos
47.950904412,2787,3370,3370,pos_pos
47.952739575,2788,3370,3370,pos_pos
47.954736995,2790,3371,3371,pos_pos
47.95672943,2791,3371,3371,pos_pos
47.958706737,2793,3372,3372,pos_pos
47.960700206,2794,3373,3373,pos_pos
47.962699939,2795,3373,3373,pos_pos
47.964715919,2796,3374,3374,pos_pos
47.966674727,2797,3375,3375,pos_pos
47.968656751,2798,3376,3376,pos_pos
47.970631231,2798,3377,3377,pos_pos
47.97265224,2799,3377,3377,pos_pos
47.974589458,2799,3378,3378,pos_pos
47.976633366,2799,3379,3379,pos_pos
47.978626635,2800,3380,3380,pos_pos
47.980626673,2800,3382,3382,pos_pos
47.98263769,2800,3383,3383,pos_pos
47.984614157,2800,3384,3384,pos_pos
47.98662465,2800,3386,3386,pos_pos
47.988659192,2800,3387,3387,pos_pos
47.990679595,2800,3389,3389,pos_pos
47.992621729,2800,3390,3390,pos_pos
47.994644813,2800,3392,3392,pos_pos
47.996657615,2800,3393,3393,pos_pos
47.998632717,2800,3394,3394,pos_pos
48.000657219,2800,3396,3396,pos_pos
48.002663112,2800,3398,3398,pos_pos
48.004594242,2800,3400,3400,pos_pos
48.006601133,2800,3401,3401,pos_pos
48.008657181,2801,3402,3402,pos_pos
48.0106179,2801,3404,3404,pos_pos
48.01260889,2802,3406,3406,pos_pos
48.014595879,2802,3408,3408,pos_pos
48.016609887,2803,3409,3409,pos_pos
48.018610625,2804,3411,3411,pos_pos
48.020623565,2805,3413,3413,pos_pos
48.022577643,2806,3414,3414,pos_pos
48.024582531,2807,3416,3416,pos_pos
48.026682412,2808,3417,3417,pos_pos
48.028656774,2809,3419,3419,pos_pos
48.030625059,2811,3420,3420,pos_pos
48.032673442,2812,3421,3421,pos_pos
48.034667134,2813,3423,3423,pos_pos
48.036603825,2815,3424,3424,pos_pos
48.038611279,2816,3425,3425,pos_pos
48.040609098,2818,3426,3426,pos_pos
48.042619532,2820,3427,3427,pos_pos
48.044580246,2821,3427,3427,pos_pos
48.046661047,2823,3428,3428,pos_pos
48.048565096,2824,3428,3428,pos_pos
48.050690053,2826,3428,3428,pos_pos
48.052621002,2828,3428,3428,pos_pos
48.054694172,2829,3428,3428,pos_pos
48.056567782,2831,3428,3428,pos_pos
48.058508621,2832,3428,3428,pos_pos
48.060561401,2833,3428,3428,pos_pos
48.062588436,2834,3428,3428,pos_pos
48.064562775,2835,3428,3428,pos_pos
48.06659073,2836,3428,3428,pos_pos
48.068506181,2837,3428,3428,pos_pos
48.070558457,2837,3428,3428,pos_pos
48.072583054,2838,3428,3428,pos_pos
48.074580713,2839,3428,3428,pos_pos
48.076554642,2839,3428,3428,pos_pos
48.078586833,2840,3429,3429,pos_pos
48.080504844,2841,3429,3429,pos_pos
48.082526555,2841,3429,3429,pos_pos
48.084550584,2841,3430,3430,pos_pos
48.086547314,2842,3431,3431,pos_pos
48.088484902,2842,3431,3431,pos_pos
48.09049319,2842,3432,3432,pos_pos
48.092469492,2842,3433,3433,pos_pos
48.09449121,2842,3434,3434,pos_pos
48.096434149,2842,3435,3435,pos_pos
48.098424172,2842,3436,3436,pos_pos
48.100474404,2842,3437,3437,pos_pos
48.102386514,2843,3439,3439,pos_pos
48.104374888,2842,3440,3440,pos_pos
48.106375247,2842,3442,3442,pos_pos
48.10837842,2843,3443,3443,pos_pos
48.110407778,2842,3444,3444,pos_pos
48.112401152,2843,3445,3445,pos_pos
48.114373297,2843,3447,3447,pos_pos
48.116376485,2843,3448,3448,pos_pos
48.118456314,2842,3450,3450,pos_pos
48.120451307,2843,3451,3451,pos_pos
48.122391909,2843,3452,3452,pos_pos
48.124446178,2843,3453,3453,pos_pos
48.126392472,2843,3455,3455,pos_pos
48.128350292,2843,3456,3456,pos_pos
48.130395501,2843,3457,3457,pos_pos
48.132355005,2843,3458,3458,pos_pos
48.134405467,2843,3459,3459,pos_pos
48.136369629,2844,3460,3460,pos_pos
48.138407291,2844,3462,3462,pos_pos
48.140381407,2844,3462,3462,pos_pos
48.142385104,2845,3463,3463,pos_pos
48.144406194,2846,3463,3463,pos_pos
48.146355316,2847,3463,3463,pos_pos
48.14835302,2847,3463,3463,pos_pos
48.150366104,2849,3463,3463,pos_pos
48.152429101,2851,3463,3463,pos_pos
48.154378234,2851,3463,3463,pos_pos
48.156307574,2852,3463,3463,pos_pos
48.158283448,2853,3463,3463,pos_pos
48.160371097,2855,3463,3463,pos_pos
48.162310069,2856,3463,3463,pos_pos
48.164316927,2857,3463,3463,pos_pos
48.166295088,2858,3463,3463,pos_pos
48.168300679,2860,3463,3463,pos_pos
48.170328888,2861,3463,3463,pos_pos
48.172271704,2863,3463,3463,pos_pos
48.174283823,2864,3463,3463,pos_pos
48.176270896,2866,3463,3463,pos_pos
48.178276134,2867,3463,3463,pos_pos
48.180274707,2869,3463,3463,pos_pos
48.18225265,2871,3462,3462,pos_pos
48.184266521,2872,3463,3463,pos_pos
48.186245883,2874,3463,3463,pos_pos
48.188289745,2875,3463,3463,pos_pos
48.190305227,2877,3463,3463,pos_pos
48.192309056,2878,3463,3463,pos_pos
48.194302833,2880,3463,3463,pos_pos
48.19624682,2881,3463,3463,pos_pos
48.198210625,2882,3464,3464,pos_pos
48.200238233,2882,3464,3464,pos_pos
48.202256137,2883,3465,3465,pos_pos
48.204180454,2883,3465,3465,pos_pos
48.206232905,2884,3466,3466,pos_pos
48.208208438,2884,3467,3467,pos_pos
48.210231823,2884,3467,3467,pos_pos
48.212198528,2884,3468,3468,pos_pos
48.214220685,2884,3469,3469,pos_pos
48.216206342,2884,3470,3470,pos_pos
48.218186705,2884,3471,3471,pos_pos
48.220196181,2885,3471,3471,pos_pos
48.222197237,2884,3473,3473,pos_pos
48.224192397,2884,3474,3474,pos_pos
48.226257919,2884,3475,3475,pos_pos
48.228217808,2885,3476,3476,pos_pos
48.230180967,2884,3478,3478,pos_pos
48.232195696,2884,3479,3479,pos_pos
48.234193274,2885,3480,3480,pos_pos
48.236168394,2884,3482,3482,pos_pos
48.238183127,2884,3483,3483,pos_pos
48.240166996,2884,3484,3484,pos_pos
48.242168269,2884,3485,3485,pos_pos
48.244218749,2884,3487,3487,pos_pos
48.246194108,2884,3488,3488,pos_pos
48.248185504,2884,3489,3489,pos_pos
48.250215835,2884,3490,3490,pos_pos
48.252191819,2884,3492,3492,pos_pos
48.254217573,2884,3493,3493,pos_pos
48.256212309,2884,3494,3494,pos_pos
48.258196253,2885,3495,3495,pos_pos
48.260174894,2884,3496,3496,pos_pos
48.262151594,2884,3497,3497,pos_pos
48.26422419,2884,3498,3498,pos_pos
48.266241997,2885,3499,3499,pos_pos
48.268206941,2885,3501,3501,pos_pos
48.270238589,2885,3501,3501,pos_pos
48.272204335,2886,3502,3502,pos_pos
48.274241628,2886,3503,3503,pos_pos
48.276183066,2887,3504,3504,pos_pos
48.278235198,2888,3504,3504,pos_pos
48.280209235,2888,3505,3505,pos_pos
48.282218781,2889,3506,3506,pos_pos
48.284196728,2890,3506,3506,pos_pos
48.286163933,2891,3507,3507,pos_pos
48.288102566,2892,3507,3507,pos_pos
48.290160548,2893,3507,3507,pos_pos
48.292160958,2894,3507,3507,pos_pos
48.294188305,2895,3507,3507,pos_pos
48.296168972,2896,3507,3507,pos_pos
48.298148346,2897,3507,3507,pos_pos
48.300120811,2898,3507,3507,pos_pos
48.302153667,2900,3507,3507,pos_pos
48.304141863,2901,3507,3507,pos_pos
48.306125351,2903,3507,3507,pos_pos
48.308106959,2904,3507,3507,pos_pos
48.310150534,2905,3507,3507,pos_pos
48.312087837,2906,3508,3508,pos_pos
48.314123544,2907,3508,3508,pos_pos
48.316113763,2908,3508,3508,pos_pos
48.318043679,2909,3508,3508,pos_pos
48.320080125,2909,3508,3508,pos_pos
48.32209525,2910,3508,3508,pos_pos
48.324033469,2911,3508,3508,pos_pos
48.326030342,2911,3508,3508,pos_pos
48.327993794,2912,3510,3510,pos_pos
48.329986301,2912,3510,3510,pos_pos
48.331978527,2913,3510,3510,pos_pos
48.333964363,2913,3510,3510,pos_pos
48.335981434,2913,3511,3511,pos_pos
48.337966004,2914,3511,3511,pos_pos
48.339989232,2914,3511,3511,pos_pos
48.341969279,2914,3511,3511,pos_pos
48.344012684,2914,3512,3512,pos_pos
48.346065329,2914,3512,3512,pos_pos
48.348036499,2914,3512,3512,pos_pos
48.350118473,2914,3512,3512,pos_pos
48.352118725,2914,3513,3513,pos_pos
48.35406105,2914,3513,3513,pos_pos
48.356139635,2914,3514,3514,pos_pos
48.357993316,2914,3515,3515,pos_pos
48.360130751,2914,3515,3515,pos_pos
48.362066715,2914,3516,3516,pos_pos
48.364134303,2914,3517,3517,pos_pos
48.366046344,2914,3518,3518,pos_pos
48.368071946,2915,3519,3519,pos_pos
48.370055937,2915,3520,3520,pos_pos
48.371983633,2915,3521,3521,pos_pos
48.374030133,2916,3522,3522,pos_pos
48.376004337,2916,3523,3523,pos_pos
48.377000166,2916,3523,3523,pos_pos
48.378965134,2917,3525,3525,pos_pos
48.380973283,2918,3526,3526,pos_pos
48.382999209,2918,3528,3528,pos_pos
48.385080438,2919,3529,3529,pos_pos
48.387011052,2920,3530,3530,pos_pos
48.388932243,2921,3532,3532,pos_pos
48.391007259,2922,3534,3534,pos_pos
48.392943185,2923,3535,3535,pos_pos
48.394952095,2924,3537,3537,pos_pos
48.396912812,2925,3538,3538,pos_pos
48.398869518,2926,3539,3539,pos_pos
48.400956396,2928,3542,3542,pos_pos
48.402866659,2929,3543,3543,pos_pos
48.404953901,2930,3544,3544,pos_pos
48.406903891,2932,3545,3545,pos_pos
48.408936989,2933,3547,3547,pos_pos
48.410941291,2935,3548,3548,pos_pos
48.412998173,2936,3549,3549,pos_pos
48.414989763,2938,3550,3550,pos_pos
48.416975652,2939,3551,3551,pos_pos
48.41898811,2941,3552,3552,pos_pos
48.420973012,2942,3554,3554,pos_pos
48.422979175,2944,3555,3555,pos_pos
48.424914009,2945,3556,3556,pos_pos
48.426927941,2947,3557,3557,pos_pos
48.428897967,2948,3558,3558,pos_pos
48.430924276,2950,3558,3558,pos_pos
48.432902235,2951,3559,3559,pos_pos
48.434928849,2952,3559,3559,pos_pos
48.436900876,2954,3560,3560,pos_pos
48.438924198,2955,3560,3560,pos_pos
48.440891993,2956,3561,3561,pos_pos
48.442906957,2957,3561,3561,pos_pos
48.444869539,2958,3561,3561,pos_pos
48.447072562,2959,3561,3561,pos_pos
48.448915531,2959,3561,3561,pos_pos
48.451020107,2959,3560,3560,pos_pos
48.452846231,2959,3560,3560,pos_pos
48.454850173,2959,3560,3560,pos_pos
48.45687867,2959,3560,3560,pos_pos
48.458884599,2959,3561,3561,pos_pos
48.460858267,2959,3561,3561,pos_pos
48.46283347,2959,3561,3561,pos_pos
48.464751186,2958,3561,3561,pos_pos
48.466813113,2958,3561,3561,pos_pos
48.468782168,2957,3562,3562,pos_pos
48.470913473,2957,3562,3562,pos_pos
48.472807,2956,3562,3562,pos_pos
48.474839626,2955,3563,3563,pos_pos
48.476835701,2955,3563,3563,pos_pos
48.478790518,2954,3564,3564,pos_pos
48.480770315,2954,3565,3565,pos_pos
48.482767119,2954,3565,3565,pos_pos
48.484839816,2953,3566,3566,pos_pos
48.486764988,2954,3567,3567,pos_pos
48.488794813,2953,3569,3569,pos_pos
48.490722735,2953,3570,3570,pos_pos
48.492765063,2954,3571,3571,pos_pos
48.494799975,2954,3574,3574,pos_pos
48.496767018,2954,3575,3575,pos_pos
48.498751286,2954,3576,3576,pos_pos
48.500733735,2954,3578,3578,pos_pos
48.502726206,2955,3579,3579,pos_pos
48.504708348,2955,3581,3581,pos_pos
48.506714896,2956,3582,3582,pos_pos
48.508708962,2956,3584,3584,pos_pos
48.510705099,2957,3586,3586,pos_pos
48.512745497,2958,3587,3587,pos_pos
48.514708715,2958,3588,3588,pos_pos
48.516702733,2959,3590,3590,pos_pos
48.518685834,2960,3591,3591,pos_pos
48.520686294,2960,3593,3593,pos_pos
48.522672536,2961,3594,3594,pos_pos
48.524625202,2962,3596,3596,pos_pos
48.526650574,2963,3597,3597,pos_pos
48.528642541,2964,3599,3599,pos_pos
48.53062821,2965,3600,3600,pos_pos
48.532657994,2966,3601,3601,pos_pos
48.534605839,2966,3602,3602,pos_pos
48.536626779,2968,3603,3603,pos_pos
48.538624174,2969,3604,3604,pos_pos
48.540658542,2970,3605,3605,pos_pos
48.542678933,2971,3606,3606,pos_pos
48.54479697,2972,3607,3607,pos_pos
48.546839241,2974,3607,3607,pos_pos
48.548995306,2975,3607,3607,pos_pos
48.550648577,2977,3607,3607,pos_pos
48.552706033,2978,3608,3608,pos_pos
48.554753526,2980,3608,3608,pos_pos
48.55671534,2981,3608,3608,pos_pos
48.558717617,2982,3608,3608,pos_pos
48.560625106,2984,3608,3608,pos_pos
48.562623785,2985,3607,3607,pos_pos
48.564582684,2986,3607,3607,pos_pos
48.566687049,2988,3607,3607,pos_pos
48.568622008,2989,3607,3607,pos_pos
48.570607379,2990,3607,3607,pos_pos
48.572592567,2991,3607,3607,pos_pos
48.574681603,2992,3608,3608,pos_pos
48.576654157,2994,3608,3608,pos_pos
48.578583784,2995,3608,3608,pos_pos
48.580617848,2996,3608,3608,pos_pos
48.582599975,2997,3608,3608,pos_pos
48.584575834,2998,3608,3608,pos_pos
48.586602897,2999,3608,3608,pos_pos
48.588628088,3000,3608,3608,pos_pos
48.590668341,3001,3608,3608,pos_pos
48.592600138,3002,3608,3608,pos_pos
48.594624539,3002,3608,3608,pos_pos
48.596579704,3003,3608,3608,pos_pos
48.598618551,3003,3608,3608,pos_pos
48.600592735,3004,3609,3609,pos_pos
48.602626782,3004,3609,3609,pos_pos
48.604611694,3004,3609,3609,pos_pos
48.606588373,3004,3610,3610,pos_pos
48.608586,3004,3610,3610,pos_pos
48.610598066,3004,3611,3611,pos_pos
48.612597807,3004,3612,3612,pos_pos
48.614537814,3004,3613,3613,pos_pos
48.616552417,3004,3613,3613,pos_pos
48.61857302,3003,3614,3614,pos_pos
48.620631525,3003,3615,3615,pos_pos
48.622541305,3003,3616,3616,pos_pos
48.624522818,3003,3618,3618,pos_pos
48.626546716,3002,3619,3619,pos_pos
48.628588868,3002,3620,3620,pos_pos
48.630572253,3002,3621,3621,pos_pos
48.632552963,3002,3623,3623,pos_pos
48.634562824,3002,3624,3624,pos_pos
48.636546462,3002,3626,3626,pos_pos
48.638549522,3002,3627,3627,pos_pos
48.640532105,3002,3629,3629,pos_pos
48.642510594,3002,3630,3630,pos_pos
48.644455809,3002,3632,3632,pos_pos
48.64653278,3002,3633,3633,pos_pos
48.648509062,3003,3635,3635,pos_pos
48.650554574,3003,3636,3636,pos_pos
48.652445,3004,3637,3637,pos_pos
48.654463939,3005,3639,3639,pos_pos
48.656478892,3005,3640,3640,pos_pos
48.658542909,3006,3642,3642,pos_pos
48.660487569,3007,3643,3643,pos_pos
48.662434933,3008,3644,3644,pos_pos
48.664454023,3009,3646,3646,pos_pos
48.666428191,3010,3647,3647,pos_pos
48.668393547,3011,3648,3648,pos_pos
48.670446196,3012,3650,3650,pos_pos
48.672402297,3014,3650,3650,pos_pos
48.674442401,3015,3652,3652,pos_pos
48.676477673,3016,3653,3653,pos_pos
48.67844062,3017,3653,3653,pos_pos
48.680370287,3018,3653,3653,pos_pos
48.682467606,3020,3654,3654,pos_pos
48.68437681,3021,3654,3654,pos_pos
48.686489703,3022,3654,3654,pos_pos
48.688446382,3023,3654,3654,pos_pos
48.69043801,3025,3653,3653,pos_pos
48.692345381,3026,3653,3653,pos_pos
48.694354045,3027,3653,3653,pos_pos
48.696366722,3028,3652,3652,pos_pos
48.698350992,3029,3652,3652,pos_pos
48.700347303,3030,3651,3651,pos_pos
48.702358378,3031,3651,3651,pos_pos
48.704452342,3031,3650,3650,pos_pos
48.706393603,3032,3650,3650,pos_pos
48.708406388,3032,3649,3649,pos_pos
48.710372832,3033,3649,3649,pos_pos
48.712348533,3033,3649,3649,pos_pos
48.714331718,3034,3649,3649,pos_pos
48.716282254,3034,3648,3648,pos_pos
48.718310047,3034,3648,3648,pos_pos
48.720302853,3034,3648,3648,pos_pos
48.722316749,3034,3649,3649,pos_pos
48.724368895,3034,3649,3649,pos_pos
48.726348746,3034,3649,3649,pos_pos
48.7282989,3034,3649,3649,pos_pos
48.730305837,3034,3650,3650,pos_pos
48.732277228,3034,3650,3650,pos_pos
48.734323713,3034,3650,3650,pos_pos
48.736329517,3034,3651,3651,pos_pos
48.738282872,3034,3652,3652,pos_pos
48.740255599,3034,3653,3653,pos_pos
48.742293452,3034,3654,3654,pos_pos
48.744282351,3034,3655,3655,pos_pos
48.746323659,3034,3656,3656,pos_pos
48.748259325,3034,3658,3658,pos_pos
48.750262676,3034,3659,3659,pos_pos
48.752278454,3034,3660,3660,pos_pos
48.754314781,3034,3661,3661,pos_pos
48.756290246,3034,3663,3663,pos_pos
48.758314334,3034,3664,3664,pos_pos
48.760323788,3034,3666,3666,pos_pos
48.762314727,3034,3667,3667,pos_pos
48.764328094,3034,3668,3668,pos_pos
48.766317344,3034,3670,3670,pos_pos
48.768269706,3034,3671,3671,pos_pos
48.770345951,3034,3672,3672,pos_pos
48.772303483,3034,3674,3674,pos_pos
48.774364688,3034,3675,3675,pos_pos
48.776328748,3034,3677,3677,pos_pos
48.77823675,3034,3678,3678,pos_pos
48.78020257,3034,3679,3679,pos_pos
48.782248487,3034,3681,3681,pos_pos
48.784226531,3035,3682,3682,pos_pos
48.786251918,3035,3684,3684,pos_pos
48.788253024,3036,3685,3685,pos_pos
48.790219473,3036,3687,3687,pos_pos
48.79222128,3037,3688,3688,pos_pos
48.794171084,3037,3689,3689,pos_pos
48.796134295,3038,3690,3690,pos_pos
48.798202563,3039,3691,3691,pos_pos
48.800179981,3039,3692,3692,pos_pos
48.80226461,3040,3693,3693,pos_pos
48.804200902,3041,3694,3694,pos_pos
48.806213214,3042,3694,3694,pos_pos
48.808229943,3043,3695,3695,pos_pos
48.810179862,3044,3696,3696,pos_pos
48.812234246,3045,3696,3696,pos_pos
48.814216685,3046,3697,3697,pos_pos
48.816208524,3048,3697,3697,pos_pos
48.818186506,3049,3698,3698,pos_pos
48.820231863,3050,3698,3698,pos_pos
48.822206558,3051,3699,3699,pos_pos
48.824223035,3052,3699,3699,pos_pos
48.826177322,3053,3699,3699,pos_pos
48.828188659,3054,3700,3700,pos_pos
48.830217266,3055,3700,3700,pos_pos
48.832188343,3057,3700,3700,pos_pos
48.834167739,3058,3700,3700,pos_pos
48.836150031,3058,3701,3701,pos_pos
48.83816875,3060,3701,3701,pos_pos
48.84017324,3060,3701,3701,pos_pos
48.842099599,3061,3701,3701,pos_pos
48.844165367,3062,3701,3701,pos_pos
48.846149787,3063,3701,3701,pos_pos
48.848122889,3064,3701,3701,pos_pos
48.850105073,3065,3701,3701,pos_pos
48.852250117,3065,3701,3701,pos_pos
48.854195454,3066,3702,3702,pos_pos
48.856202125,3067,3702,3702,pos_pos
48.858120791,3067,3702,3702,pos_pos
48.860138149,3067,3702,3702,pos_pos
48.862073839,3067,3703,3703,pos_pos
48.864091244,3067,3703,3703,pos_pos
48.866117548,3067,3704,3704,pos_pos
48.868038678,3067,3704,3704,pos_pos
48.870083133,3067,3704,3704,pos_pos
48.872139778,3067,3705,3705,pos_pos
48.874082114,3067,3706,3706,pos_pos
48.876083207,3067,3706,3706,pos_pos
48.878018609,3067,3707,3707,pos_pos
48.879979963,3067,3708,3708,pos_pos
48.881998236,3067,3708,3708,pos_pos
48.884042621,3067,3709,3709,pos_pos
48.886039613,3068,3710,3710,pos_pos
48.888062959,3067,3711,3711,pos_pos
48.890101867,3067,3712,3712,pos_pos
48.892057741,3067,3714,3714,pos_pos
48.894061244,3068,3714,3714,pos_pos
48.895960172,3068,3715,3715,pos_pos
48.897961762,3068,3716,3716,pos_pos
48.899987076,3067,3718,3718,pos_pos
48.901961438,3067,3719,3719,pos_pos
48.904005451,3068,3720,3720,pos_pos
48.906034321,3067,3722,3722,pos_pos
48.907989437,3068,3723,3723,pos_pos
48.910038242,3068,3724,3724,pos_pos
48.911971072,3068,3726,3726,pos_pos
48.914045964,3068,3727,3727,pos_pos
48.915967262,3068,3728,3728,pos_pos
48.91814295,3068,3729,3729,pos_pos
48.919958451,3068,3731,3731,pos_pos
48.922134026,3068,3732,3732,pos_pos
48.923912213,3068,3733,3733,pos_pos
48.926098771,3068,3734,3734,pos_pos
48.92793437,3069,3735,3735,pos_pos
48.93002685,3069,3736,3736,pos_pos
48.931978358,3070,3736,3736,pos_pos
48.934001584,3070,3737,3737,pos_pos
48.935919215,3071,3737,3737,pos_pos
48.938011709,3072,3737,3737,pos_pos
48.939927479,3073,3737,3737,pos_pos
48.942029235,3073,3737,3737,pos_pos
48.943908984,3074,3737,3737,pos_pos
48.945955745,3075,3737,3737,pos_pos
48.947937577,3076,3737,3737,pos_pos
48.94996331,3077,3737,3737,pos_pos
48.951895488,3078,3736,3736,pos_pos
48.954016739,3080,3736,3736,pos_pos
48.955882122,3081,3736,3736,pos_pos
48.958057069,3082,3736,3736,pos_pos
48.959869409,3083,3736,3736,pos_pos
48.960927752,3083,3736,3736,pos_pos
48.963024007,3084,3736,3736,pos_pos
48.964905673,3085,3736,3736,pos_pos
48.967024745,3086,3737,3737,pos_pos
48.968921878,3087,3736,3736,pos_pos
48.971027397,3088,3736,3736,pos_pos
48.972886758,3089,3737,3737,pos_pos
48.974929041,3090,3737,3737,pos_pos
48.976830218,3091,3737,3737,pos_pos
48.978950119,3092,3737,3737,pos_pos
48.980821237,3093,3737,3737,pos_pos
48.98283414,3093,3737,3737,pos_pos
48.984839347,3093,3737,3737,pos_pos
48.986829163,3094,3738,3738,pos_pos
48.988850126,3094,3738,3738,pos_pos
48.990835705,3094,3738,3738,pos_pos
48.992865536,3095,3739,3739,pos_pos
48.994851889,3095,3739,3739,pos_pos
48.996858149,3095,3739,3739,pos_pos
48.99887079,3095,3740,3740,pos_pos
49.000822654,3095,3740,3740,pos_pos
49.0028273,3095,3740,3740,pos_pos
49.004899657,3095,3741,3741,pos_pos
49.006819061,3095,3741,3741,pos_pos
49.008799169,3094,3741,3741,pos_pos
49.01078541,3094,3742,3742,pos_pos
49.012832536,3094,3742,3742,pos_pos
49.014884954,3094,3743,3743,pos_pos
49.016819962,3095,3743,3743,pos_pos
49.018772925,3095,3743,3743,pos_pos
49.020749215,3095,3744,3744,pos_pos
49.022796887,3095,3744,3744,pos_pos
49.024808272,3095,3745,3745,pos_pos
49.026777692,3095,3746,3746,pos_pos
49.028829799,3095,3747,3747,pos_pos
49.030817004,3095,3748,3748,pos_pos
49.032784012,3095,3749,3749,pos_pos
49.034800354,3094,3750,3750,pos_pos
49.036724061,3095,3750,3750,pos_pos
49.038768251,3095,3752,3752,pos_pos
49.040739522,3095,3753,3753,pos_pos
49.042731991,3095,3754,3754,pos_pos
49.044743024,3095,3755,3755,pos_pos
49.046763431,3095,3756,3756,pos_pos
49.048781022,3096,3757,3757,pos_pos
49.050779854,3096,3758,3758,pos_pos
49.052777506,3097,3758,3758,pos_pos
49.054777131,3097,3759,3759,pos_pos
49.056754767,3098,3760,3760,pos_pos
49.058698242,3098,3761,3761,pos_pos
49.060685184,3099,3762,3762,pos_pos
49.062675124,3099,3763,3763,pos_pos
49.064715073,3100,3764,3764,pos_pos
49.066765441,3100,3764,3764,pos_pos
49.068706666,3100,3765,3765,pos_pos
49.070743037,3101,3766,3766,pos_pos
49.072691925,3101,3766,3766,pos_pos
49.074742593,3102,3767,3767,pos_pos
49.076669887,3102,3767,3767,pos_pos
49.078733747,3103,3767,3767,pos_pos
49.080630914,3105,3767,3767,pos_pos
49.082754993,3105,3768,3768,pos_pos
49.084730138,3106,3767,3767,pos_pos
49.086640915,3107,3767,3767,pos_pos
49.088651616,3107,3768,3768,pos_pos
49.090639076,3108,3768,3768,pos_pos
49.092655466,3109,3768,3768,pos_pos
49.09473373,3109,3768,3768,pos_pos
49.096741285,3110,3768,3768,pos_pos
49.098743067,3110,3768,3768,pos_pos
49.100726175,3111,3768,3768,pos_pos
49.102761876,3111,3768,3768,pos_pos
49.104758582,3112,3768,3768,pos_pos
49.106847947,3112,3768,3768,pos_pos
49.108753583,3112,3769,3769,pos_pos
49.110732836,3112,3769,3769,pos_pos
49.11265667,3112,3769,3769,pos_pos
49.11464965,3113,3769,3769,pos_pos
49.116643678,3112,3769,3769,pos_pos
49.11865765,3112,3769,3769,pos_pos
49.120677201,3113,3769,3769,pos_pos
49.122672153,3113,3770,3770,pos_pos
49.124642034,3113,3770,3770,pos_pos
49.126658865,3113,3770,3770,pos_pos
49.128698614,3113,3771,3771,pos_pos
49.130577135,3113,3771,3771,pos_pos
49.132566845,3113,3771,3771,pos_pos
49.134578295,3113,3772,3772,pos_pos
49.136622597,3113,3772,3772,pos_pos
49.138599492,3113,3773,3773,pos_pos
49.140556027,3113,3774,3774,pos_pos
49.14258236,3113,3774,3774,pos_pos
49.144559888,3113,3775,3775,pos_pos
49.146579027,3113,3776,3776,pos_pos
49.148567014,3113,3777,3777,pos_pos
49.150554771,3113,3778,3778,pos_pos
49.152505599,3112,3779,3779,pos_pos
49.154541601,3113,3779,3779,pos_pos
49.156521734,3113,3780,3780,pos_pos
49.158549417,3113,3782,3782,pos_pos
49.160494087,3113,3782,3782,pos_pos
49.162516501,3113,3783,3783,pos_pos
49.164567429,3113,3784,3784,pos_pos
49.1664858,3113,3785,3785,pos_pos
49.168598107,3113,3786,3786,pos_pos
49.170534093,3113,3787,3787,pos_pos
49.172537893,3113,3788,3788,pos_pos
49.174495045,3113,3788,3788,pos_pos
49.176499751,3113,3789,3789,pos_pos
49.178550076,3113,3790,3790,pos_pos
49.180489654,3113,3790,3790,pos_pos
49.182492435,3113,3791,3791,pos_pos
49.184467629,3113,3792,3792,pos_pos
49.186524659,3113,3792,3792,pos_pos
49.188495004,3113,3792,3792,pos_pos
49.190458412,3113,3793,3793,pos_pos
49.192525254,3113,3793,3793,pos_pos
49.194422204,3113,3794,3794,pos_pos
49.196460462,3113,3794,3794,pos_pos
49.198411742,3113,3794,3794,pos_pos
49.200409072,3113,3795,3795,pos_pos
49.202417169,3113,3795,3795,pos_pos
49.204401398,3114,3795,3795,pos_pos
49.206435427,3114,3795,3795,pos_pos
49.208418258,3115,3795,3795,pos_pos
49.210419688,3115,3796,3796,pos_pos
49.212373675,3116,3796,3796,pos_pos
49.214507946,3116,3796,3796,pos_pos
49.216426279,3116,3796,3796,pos_pos
49.218440157,3117,3796,3796,pos_pos
49.220426232,3117,3797,3797,pos_pos
49.222406084,3118,3796,3796,pos_pos
49.224359099,3118,3796,3796,pos_pos
49.22640305,3119,3796,3796,pos_pos
49.228366843,3119,3796,3796,pos_pos
49.230351187,3120,3796,3796,pos_pos
49.232323118,3120,3797,3797,pos_pos
49.234333193,3120,3797,3797,pos_pos
49.236340657,3121,3797,3797,pos_pos
49.238452075,3121,3797,3797,pos_pos
49.24029382,3121,3797,3797,pos_pos
49.24234588,3122,3797,3797,pos_pos
49.244449388,3122,3797,3797,pos_pos
49.246353412,3122,3797,3797,pos_pos
49.248391638,3122,3798,3798,pos_pos
49.250429568,3122,3798,3798,pos_pos
49.252307425,3122,3798,3798,pos_pos
49.25431051,3122,3798,3798,pos_pos
49.256291431,3122,3798,3798,pos_pos
49.258260221,3122,3798,3798,pos_pos
49.260242013,3122,3798,3798,pos_pos
49.262361915,3122,3799,3799,pos_pos
49.264287835,3122,3799,3799,pos_pos
49.266347192,3122,3799,3799,pos_pos
49.268336536,3122,3800,3800,pos_pos
49.270272987,3122,3801,3801,pos_pos
49.272261043,3122,3802,3802,pos_pos
49.274305109,3122,3802,3802,pos_pos
49.276309259,3122,3803,3803,pos_pos
49.278370306,3122,3804,3804,pos_pos
49.28034551,3122,3805,3805,pos_pos
49.282432268,3122,3806,3806,pos_pos
49.284339611,3122,3807,3807,pos_pos
49.286342622,3122,3808,3808,pos_pos
49.288315752,3122,3810,3810,pos_pos
49.290338803,3122,3811,3811,pos_pos
49.292294317,3122,3812,3812,pos_pos
49.294254596,3122,3813,3813,pos_pos
49.296293689,3122,3815,3815,pos_pos
49.298284186,3122,3816,3816,pos_pos
49.300244936,3122,3818,3818,pos_pos
49.30226403,3122,3819,3819,pos_pos
49.304282026,3122,3820,3820,pos_pos
49.306227376,3122,3822,3822,pos_pos
49.308198238,3122,3823,3823,pos_pos
49.310194403,3122,3824,3824,pos_pos
49.31223488,3122,3825,3825,pos_pos
49.314336355,3122,3827,3827,pos_pos
49.31627023,3122,3828,3828,pos_pos
49.318231549,3122,3829,3829,pos_pos
49.320207418,3122,3830,3830,pos_pos
49.322279819,3122,3831,3831,pos_pos
49.324253014,3123,3832,3832,pos_pos
49.326241079,3123,3833,3833,pos_pos
49.328256447,3123,3834,3834,pos_pos
49.330269129,3123,3834,3834,pos_pos
49.332288892,3123,3835,3835,pos_pos
49.334287908,3124,3835,3835,pos_pos
49.33620877,3124,3835,3835,pos_pos
49.338167174,3124,3835,3835,pos_pos
49.340128444,3124,3835,3835,pos_pos
49.342147339,3124,3835,3835,pos_pos
49.344160703,3124,3836,3836,pos_pos
49.346190134,3124,3835,3835,pos_pos
49.34826955,3124,3835,3835,pos_pos
49.350207441,3124,3835,3835,pos_pos
49.352195523,3124,3835,3835,pos_pos
49.354243228,3124,3835,3835,pos_pos
49.35622457,3124,3835,3835,pos_pos
49.358227417,3124,3835,3835,pos_pos
49.36018404,3124,3835,3835,pos_pos
49.362154422,3124,3835,3835,pos_pos
49.364192701,3124,3835,3835,pos_pos
49.366175236,3124,3835,3835,pos_pos
49.368158825,3124,3835,3835,pos_pos
49.37013872,3124,3835,3835,pos_pos
49.372232325,3124,3835,3835,pos_pos
49.374188156,3124,3835,3835,pos_pos
49.376202559,3124,3835,3835,pos_pos
49.378175344,3124,3836,3836,pos_pos
49.380068776,3124,3836,3836,pos_pos
49.382080898,3124,3836,3836,pos_pos
49.384072215,3124,3836,3836,pos_pos
49.386024402,3124,3837,3837,pos_pos
49.388010297,3124,3837,3837,pos_pos
49.390049398,3124,3838,3838,pos_pos
49.392006926,3124,3838,3838,pos_pos
49.394049668,3124,3839,3839,pos_pos
49.396036761,3124,3840,3840,pos_pos
49.398037279,3124,3841,3841,pos_pos
49.400049258,3124,3841,3841,pos_pos
49.402068818,3124,3842,3842,pos_pos
49.404027084,3124,3843,3843,pos_pos
49.40604056,3124,3844,3844,pos_pos
49.408024015,3124,3845,3845,pos_pos
49.410059651,3124,3847,3847,pos_pos
49.412039569,3124,3848,3848,pos_pos
49.414071387,3124,3849,3849,pos_pos
49.416026768,3124,3850,3850,pos_pos
49.418050116,3124,3851,3851,pos_pos
49.420022094,3124,3852,3852,pos_pos
49.422105215,3124,3853,3853,pos_pos
49.424054649,3124,3855,3855,pos_pos
49.426008996,3124,3855,3855,pos_pos
49.428017236,3124,3857,3857,pos_pos
49.430046222,3124,3857,3857,pos_pos
49.431978618,3124,3858,3858,pos_pos
49.434076783,3124,3859,3859,pos_pos
49.43601465,3124,3860,3860,pos_pos
49.438055721,3124,3860,3860,pos_pos
49.439995302,3124,3860,3860,pos_pos
49.442089771,3124,3860,3860,pos_pos
49.444000532,3124,3860,3860,pos_pos
49.446160884,3125,3860,3860,pos_pos
49.447987157,3124,3860,3860,pos_pos
49.450105863,3124,3859,3859,pos_pos
49.452094724,3124,3859,3859,pos_pos
49.454129866,3125,3858,3858,pos_pos
49.455938905,3124,3858,3858,pos_pos
49.45795045,3124,3858,3858,pos_pos
49.459908179,3125,3857,3857,pos_pos
49.462050565,3125,3857,3857,pos_pos
49.463940611,3125,3855,3855,pos_pos
49.465948953,3125,3855,3855,pos_pos
49.467955377,3126,3855,3855,pos_pos
49.469929255,3127,3853,3853,pos_pos
49.47193256,3127,3853,3853,pos_pos
49.47395871,3127,3852,3852,pos_pos
49.475907084,3128,3851,3851,pos_pos
49.477938618,3128,3851,3851,pos_pos
49.479912836,3129,3851,3851,pos_pos
49.481922244,3129,3850,3850,pos_pos
49.483940033,3129,3850,3850,pos_pos
49.48592824,3129,3850,3850,pos_pos
49.487886221,3129,3850,3850,pos_pos
49.48986519,3130,3850,3850,pos_pos
49.491868112,3130,3851,3851,pos_pos
49.493857218,3130,3851,3851,pos_pos
49.495916655,3130,3852,3852,pos_pos
49.497867959,3130,3852,3852,pos_pos
49.499859427,3129,3853,3853,pos_pos
49.501858276,3129,3854,3854,pos_pos
49.502970469,3130,3854,3854,pos_pos
49.504800839,3130,3855,3855,pos_pos
49.506911488,3130,3856,3856,pos_pos
49.508783577,3130,3857,3857,pos_pos
49.510896314,3130,3858,3858,pos_pos
49.512812032,3129,3859,3859,pos_pos
49.514806275,3130,3860,3860,pos_pos
49.516824686,3130,3860,3860,pos_pos
49.518928809,3129,3862,3862,pos_pos
49.52091487,3129,3863,3863,pos_pos
49.522880128,3130,3864,3864,pos_pos
49.524816681,3129,3866,3866,pos_pos
49.526837978,3129,3867,3867,pos_pos
49.528798806,3129,3869,3869,pos_pos
49.530811453,3130,3870,3870,pos_pos
49.532805148,3130,3871,3871,pos_pos
49.534808361,3130,3873,3873,pos_pos
49.536859538,3130,3874,3874,pos_pos
49.538839757,3130,3876,3876,pos_pos
49.540799301,3130,3877,3877,pos_pos
49.542764189,3130,3878,3878,pos_pos
49.544804024,3130,3879,3879,pos_pos
49.546763791,3130,3880,3880,pos_pos
49.548792091,3130,3881,3881,pos_pos
49.550766618,3130,3882,3882,pos_pos
49.552818106,3130,3883,3883,pos_pos
49.554799535,3130,3883,3883,pos_pos
49.55683229,3130,3884,3884,pos_pos
49.558820227,3130,3884,3884,pos_pos
49.560854678,3130,3885,3885,pos_pos
49.562814432,3130,3884,3884,pos_pos
49.564891027,3130,3884,3884,pos_pos
49.566751415,3130,3884,3884,pos_pos
49.568765488,3130,3884,3884,pos_pos
49.570809567,3130,3884,3884,pos_pos
49.57279418,3130,3883,3883,pos_pos
49.574764636,3130,3883,3883,pos_pos
49.577074028,3130,3882,3882,pos_pos
49.578758747,3130,3881,3881,pos_pos
49.580736821,3130,3880,3880,pos_pos
49.582759699,3130,3879,3879,pos_pos
49.584706804,3130,3878,3878,pos_pos
49.586784559,3130,3877,3877,pos_pos
49.588820121,3130,3877,3877,pos_pos
49.59081037,3130,3876,3876,pos_pos
49.592778167,3130,3875,3875,pos_pos
49.594790582,3130,3874,3874,pos_pos
49.596784862,3130,3873,3873,pos_pos
49.59873807,3130,3872,3872,pos_pos
49.600832126,3130,3871,3871,pos_pos
49.60282502,3130,3870,3870,pos_pos
49.604835787,3130,3870,3870,pos_pos
49.606752324,3130,3870,3870,pos_pos
49.608762056,3130,3869,3869,pos_pos
49.61075474,3130,3869,3869,pos_pos
49.61292379,3130,3870,3870,pos_pos
49.614812233,3130,3870,3870,pos_pos
49.616811057,3130,3870,3870,pos_pos
49.618756091,3130,3870,3870,pos_pos
49.620747381,3130,3871,3871,pos_pos
49.622725007,3130,3872,3872,pos_pos
49.624712433,3130,3873,3873,pos_pos
49.626733605,3130,3873,3873,pos_pos
49.628725271,3130,3874,3874,pos_pos
49.630709322,3130,3875,3875,pos_pos
49.632703897,3130,3876,3876,pos_pos
49.63470392,3130,3877,3877,pos_pos
49.636718731,3130,3878,3878,pos_pos
49.638707567,3130,3879,3879,pos_pos
49.640691241,3130,3880,3880,pos_pos
49.642704193,3130,3882,3882,pos_pos
49.644613491,3130,3883,3883,pos_pos
49.64658806,3130,3884,3884,pos_pos
49.648603031,3130,3885,3885,pos_pos
49.650574081,3130,3887,3887,pos_pos
49.652564876,3130,3888,3888,pos_pos
49.654583166,3130,3890,3890,pos_pos
49.656581555,3130,3891,3891,pos_pos
49.658539808,3130,3892,3892,pos_pos
49.660570969,3130,3893,3893,pos_pos
49.66263826,3130,3894,3894,pos_pos
49.664605825,3130,3895,3895,pos_pos
49.666511452,3130,3896,3896,pos_pos
49.668549939,3130,3897,3897,pos_pos
49.670549231,3130,3897,3897,pos_pos
49.672553068,3130,3898,3898,pos_pos
49.674527738,3130,3898,3898,pos_pos
49.676504126,3130,3899,3899,pos_pos
49.678517902,3130,3899,3899,pos_pos
49.680520184,3130,3899,3899,pos_pos
49.682517463,3130,3898,3898,pos_pos
49.684494411,3130,3898,3898,pos_pos
49.686492791,3130,3898,3898,pos_pos
49.688595008,3130,3898,3898,pos_pos
49.69044185,3130,3898,3898,pos_pos
49.692602153,3130,3898,3898,pos_pos
49.694466612,3130,3897,3897,pos_pos
49.696525578,3130,3897,3897,pos_pos
49.698480198,3130,3896,3896,pos_pos
49.700532971,3130,3896,3896,pos_pos
49.702529949,3130,3895,3895,pos_pos
49.704569618,3130,3894,3894,pos_pos
49.706550793,3130,3894,3894,pos_pos
49.708502919,3130,3893,3893,pos_pos
49.710667712,3130,3892,3892,pos_pos
49.71246413,3130,3892,3892,pos_pos
49.714510176,3130,3891,3891,pos_pos
49.716417192,3130,3891,3891,pos_pos
49.718404461,3130,3890,3890,pos_pos
49.720459121,3130,3890,3890,pos_pos
49.722437894,3130,3890,3890,pos_pos
49.72438917,3130,3890,3890,pos_pos
49.726469499,3130,3890,3890,pos_pos
49.728378184,3130,3890,3890,pos_pos
49.730392243,3130,3890,3890,pos_pos
49.732386112,3130,3890,3890,pos_pos
49.734479424,3130,3890,3890,pos_pos
49.736448688,3130,3890,3890,pos_pos
49.738497616,3130,3891,3891,pos_pos
49.740386729,3130,3891,3891,pos_pos
49.742390963,3130,3891,3891,pos_pos
49.744388505,3130,3891,3891,pos_pos
49.746385841,3130,3892,3892,pos_pos
49.748430339,3130,3892,3892,pos_pos
49.75046091,3130,3893,3893,pos_pos
49.752404162,3130,3894,3894,pos_pos
49.754429934,3130,3894,3894,pos_pos
49.756442246,3130,3895,3895,pos_pos
49.758432175,3130,3896,3896,pos_pos
49.76032719,3130,3897,3897,pos_pos
49.762516687,3130,3898,3898,pos_pos
49.764355621,3130,3899,3899,pos_pos
49.766318141,3130,3899,3899,pos_pos
49.768327113,3130,3900,3900,pos_pos
49.770333627,3130,3901,3901,pos_pos
49.772278887,3130,3902,3902,pos_pos
49.774297044,3130,3903,3903,pos_pos
49.776289248,3130,3904,3904,pos_pos
49.778353883,3130,3905,3905,pos_pos
49.780379501,3130,3905,3905,pos_pos
49.782319075,3130,3907,3907,pos_pos
49.784309949,3130,3907,3907,pos_pos
49.786279901,3130,3908,3908,pos_pos
49.788292415,3130,3909,3909,pos_pos
49.790299915,3130,3909,3909,pos_pos
49.7923037,3130,3909,3909,pos_pos
49.794317023,3130,3910,3910,pos_pos
49.796321161,3130,3910,3910,pos_pos
54.111426957,-65,-2,-2,neg_neg
54.113411237,-67,-3,-3,neg_neg
54.115421143,-69,-5,-5,neg_neg
54.117392955,-71,-6,-6,neg_neg
54.119341678,-73,-7,-7,neg_neg
54.121334534,-74,-9,-9,neg_neg
54.12335273,-76,-10,-10,neg_neg
54.12536481,-78,-11,-11,neg_neg
54.127316619,-79,-12,-12,neg_neg
54.12934994,-80,-14,-14,neg_neg
54.131334447,-82,-15,-15,neg_neg
54.133370769,-83,-16,-16,neg_neg
54.135323239,-85,-18,-18,neg_neg
54.137333509,-86,-19,-19,neg_neg
54.139328748,-88,-20,-20,neg_neg
54.14133752,-89,-22,-22,neg_neg
54.143317805,-91,-23,-23,neg_neg
54.145382684,-92,-25,-25,neg_neg
54.147274798,-94,-26,-26,neg_neg
54.149252184,-95,-27,-27,neg_neg
54.15129471,-96,-28,-28,neg_neg
54.153287922,-97,-30,-30,neg_neg
54.155279994,-99,-31,-31,neg_neg
54.157286608,-100,-33,-33,neg_neg
54.159298802,-101,-34,-34,neg_neg
54.161297989,-102,-35,-35,neg_neg
54.163305624,-104,-37,-37,neg_neg
54.165256726,-105,-38,-38,neg_neg
54.16720951,-106,-40,-40,neg_neg
54.169259604,-107,-41,-41,neg_neg
54.171215626,-109,-43,-43,neg_neg
54.173253666,-109,-44,-44,neg_neg
54.175176541,-111,-46,-46,neg_neg
54.177234848,-112,-48,-48,neg_neg
54.179179471,-113,-49,-49,neg_neg
54.181210482,-115,-52,-52,neg_neg
54.183238287,-116,-53,-53,neg_neg
54.185182618,-118,-55,-55,neg_neg
54.187222744,-119,-57,-57,neg_neg
54.189205874,-121,-59,-59,neg_neg
54.19119371,-123,-60,-60,neg_neg
54.193224972,-124,-62,-62,neg_neg
54.195236124,-126,-63,-63,neg_neg
54.197259737,-128,-65,-65,neg_neg
54.199267644,-130,-66,-66,neg_neg
54.201270635,-131,-67,-67,neg_neg
54.203268828,-133,-68,-68,neg_neg
54.205233567,-135,-70,-70,neg_neg
54.207349372,-137,-71,-71,neg_neg
54.209205458,-138,-73,-73,neg_neg
54.211292619,-140,-74,-74,neg_neg
54.213205645,-142,-75,-75,neg_neg
54.215244736,-144,-77,-77,neg_neg
54.217195266,-146,-78,-78,neg_neg
54.219281213,-148,-79,-79,neg_neg
54.221224267,-150,-80,-80,neg_neg
54.223288617,-152,-82,-82,neg_neg
54.225281614,-154,-83,-83,neg_neg
54.227187573,-157,-84,-84,neg_neg
54.229175182,-159,-85,-85,neg_neg
54.231170407,-161,-86,-86,neg_neg
54.233177952,-163,-87,-87,neg_neg
54.23518632,-165,-88,-88,neg_neg
54.237231005,-168,-89,-89,neg_neg
54.239161862,-171,-90,-90,neg_neg
54.241203999,-173,-92,-92,neg_neg
54.243217255,-176,-93,-93,neg_neg
54.245203793,-178,-94,-94,neg_neg
54.24720041,-181,-96,-96,neg_neg
54.249156256,-184,-97,-97,neg_neg
54.251135996,-187,-99,-99,neg_neg
54.253172064,-190,-100,-100,neg_neg
54.255105563,-193,-101,-101,neg_neg
54.257177806,-194,-103,-103,neg_neg
54.259178037,-199,-104,-104,neg_neg
54.261214208,-202,-106,-106,neg_neg
54.263139867,-205,-107,-107,neg_neg
54.265185938,-206,-108,-108,neg_neg
54.267133016,-211,-109,-109,neg_neg
54.269164087,-213,-111,-111,neg_neg
54.271092462,-216,-112,-112,neg_neg
54.273164269,-219,-113,-113,neg_neg
54.275126653,-223,-115,-115,neg_neg
54.277211908,-225,-116,-116,neg_neg
54.279148653,-230,-118,-118,neg_neg
54.281143583,-231,-119,-119,neg_neg
54.283112406,-234,-121,-121,neg_neg
54.285193581,-237,-122,-122,neg_neg
54.287148786,-241,-124,-124,neg_neg
54.289159092,-242,-126,-126,neg_neg
54.291111316,-245,-127,-127,neg_neg
54.293086233,-247,-129,-129,neg_neg
54.295066737,-249,-131,-131,neg_neg
54.297149231,-252,-133,-133,neg_neg
54.299131744,-254,-135,-135,neg_neg
54.301171678,-257,-137,-137,neg_neg
54.303069289,-260,-139,-139,neg_neg
54.305130426,-261,-140,-140,neg_neg
54.307087047,-263,-142,-142,neg_neg
54.309117095,-264,-143,-143,neg_neg
54.311099283,-266,-146,-146,neg_neg
54.313092952,-268,-148,-148,neg_neg
54.315063288,-270,-150,-150,neg_neg
54.317039745,-271,-152,-152,neg_neg
54.319057016,-272,-155,-155,neg_neg
54.320985856,-274,-157,-157,neg_neg
54.323133819,-275,-159,-159,neg_neg
54.325175491,-276,-162,-162,neg_neg
54.327140501,-277,-164,-164,neg_neg
54.329177075,-278,-166,-166,neg_neg
54.331052512,-280,-169,-169,neg_neg
54.333004497,-281,-172,-172,neg_neg
54.335046833,-282,-174,-174,neg_neg
54.336951687,-283,-176,-176,neg_neg
54.339007592,-284,-179,-179,neg_neg
54.340966195,-285,-182,-182,neg_neg
54.342970894,-286,-184,-184,neg_neg
54.344967018,-287,-187,-187,neg_neg
54.346995371,-288,-190,-190,neg_neg
54.348938028,-289,-192,-192,neg_neg
54.350928496,-290,-195,-195,neg_neg
54.353054708,-291,-197,-197,neg_neg
54.355000583,-292,-200,-200,neg_neg
54.357053472,-293,-202,-202,neg_neg
54.358999159,-295,-205,-205,neg_neg
54.361044947,-296,-208,-208,neg_neg
54.3629811,-297,-210,-210,neg_neg
54.365085421,-298,-212,-212,neg_neg
54.367002125,-299,-215,-215,neg_neg
54.369005157,-301,-217,-217,neg_neg
54.370978628,-302,-219,-219,neg_neg
54.372922252,-304,-221,-221,neg_neg
54.374913135,-306,-223,-223,neg_neg
54.376971387,-308,-225,-225,neg_neg
54.378906441,-310,-227,-227,neg_neg
54.380907332,-312,-228,-228,neg_neg
54.382930542,-314,-230,-230,neg_neg
54.384951512,-316,-232,-232,neg_neg
54.386971861,-318,-234,-234,neg_neg
54.388905723,-320,-236,-236,neg_neg
54.390976944,-322,-236,-236,neg_neg
54.39302201,-324,-238,-238,neg_neg
54.394899023,-326,-239,-239,neg_neg
54.396855665,-329,-241,-241,neg_neg
54.398919603,-331,-242,-242,neg_neg
54.400902389,-334,-244,-244,neg_neg
54.40290438,-336,-245,-245,neg_neg
54.404852896,-339,-247,-247,neg_neg
54.406831446,-342,-248,-248,neg_neg
54.408851128,-344,-249,-249,neg_neg
54.410828826,-347,-251,-251,neg_neg
54.412835856,-349,-252,-252,neg_neg
54.41480011,-351,-254,-254,neg_neg
54.41684383,-354,-255,-255,neg_neg
54.418862469,-356,-256,-256,neg_neg
54.420839623,-359,-257,-257,neg_neg
54.422932733,-361,-259,-259,neg_neg
54.424799934,-364,-260,-260,neg_neg
54.426841415,-366,-261,-261,neg_neg
54.428805985,-368,-262,-262,neg_neg
54.430975219,-371,-264,-264,neg_neg
54.43284179,-373,-265,-265,neg_neg
54.434836927,-375,-266,-266,neg_neg
54.436802132,-377,-267,-267,neg_neg
54.438759794,-379,-268,-268,neg_neg
54.440805057,-381,-269,-269,neg_neg
54.442752507,-382,-271,-271,neg_neg
54.444821459,-384,-272,-272,neg_neg
54.446778795,-386,-273,-273,neg_neg
54.448775887,-388,-274,-274,neg_neg
54.450716794,-389,-275,-275,neg_neg
54.452775064,-391,-276,-276,neg_neg
54.454729377,-392,-278,-278,neg_neg
54.456726738,-393,-279,-279,neg_neg
54.458763133,-394,-280,-280,neg_neg
54.460735678,-395,-282,-282,neg_neg
54.462808638,-396,-283,-283,neg_neg
54.464726803,-397,-285,-285,neg_neg
54.46670574,-398,-286,-286,neg_neg
54.468767501,-398,-288,-288,neg_neg
54.470738913,-399,-289,-289,neg_neg
54.472842188,-400,-291,-291,neg_neg
54.474771323,-401,-293,-293,neg_neg
54.476755171,-401,-294,-294,neg_neg
54.478781747,-402,-296,-296,neg_neg
54.480742793,-403,-297,-297,neg_neg
54.48278793,-403,-299,-299,neg_neg
54.484727907,-404,-301,-301,neg_neg
54.48672132,-404,-302,-302,neg_neg
54.488749361,-405,-304,-304,neg_neg
54.490745015,-406,-306,-306,neg_neg
54.49279105,-407,-308,-308,neg_neg
54.494791317,-408,-309,-309,neg_neg
54.496829062,-409,-311,-311,neg_neg
54.498844214,-410,-313,-313,neg_neg
54.500753097,-412,-315,-315,neg_neg
54.502801596,-413,-317,-317,neg_neg
54.504810464,-415,-319,-319,neg_neg
54.506650703,-417,-321,-321,neg_neg
54.508772546,-418,-323,-323,neg_neg
54.510855949,-420,-325,-325,neg_neg
54.512743991,-422,-327,-327,neg_neg
54.514753186,-424,-329,-329,neg_neg
54.516808127,-426,-330,-330,neg_neg
54.518710016,-428,-332,-332,neg_neg
54.520824105,-430,-333,-333,neg_neg
54.52275689,-432,-335,-335,neg_neg
54.524795838,-433,-337,-337,neg_neg
54.526761803,-436,-338,-338,neg_neg
54.528715261,-438,-339,-339,neg_neg
54.530831654,-440,-340,-340,neg_neg
54.532883084,-442,-342,-342,neg_neg
54.534778447,-445,-343,-343,neg_neg
54.53677822,-447,-345,-345,neg_neg
54.538748075,-449,-346,-346,neg_neg
54.540695389,-451,-347,-347,neg_neg
54.542680656,-453,-348,-348,neg_neg
54.544625978,-455,-349,-349,neg_neg
54.546662682,-457,-350,-350,neg_neg
54.548682501,-460,-352,-352,neg_neg
54.550591268,-462,-353,-353,neg_neg
54.552604174,-464,-353,-353,neg_neg
54.55457946,-466,-354,-354,neg_neg
54.556608561,-468,-356,-356,neg_neg
54.558592389,-470,-357,-357,neg_neg
54.56055339,-472,-358,-358,neg_neg
54.562641082,-474,-359,-359,neg_neg
54.564585067,-476,-360,-360,neg_neg
54.566603703,-478,-362,-362,neg_neg
54.568580115,-480,-362,-362,neg_neg
54.57058941,-481,-364,-364,neg_neg
54.57262587,-483,-365,-365,neg_neg
54.574573908,-485,-366,-366,neg_neg
54.576553167,-487,-367,-367,neg_neg
54.578595333,-488,-368,-368,neg_neg
54.580546939,-489,-369,-369,neg_neg
54.582656545,-491,-370,-370,neg_neg
54.58458822,-492,-372,-372,neg_neg
54.586569896,-494,-373,-373,neg_neg
54.588543704,-495,-374,-374,neg_neg
54.590582292,-496,-374,-374,neg_neg
54.592573043,-498,-375,-375,neg_neg
54.594552633,-499,-377,-377,neg_neg
54.596545102,-500,-378,-378,neg_neg
54.598558674,-502,-379,-379,neg_neg
54.600531618,-503,-380,-380,neg_neg
54.602471587,-503,-381,-381,neg_neg
54.604511693,-505,-382,-382,neg_neg
54.606491251,-506,-383,-383,neg_neg
54.608490599,-507,-385,-385,neg_neg
54.610515777,-509,-386,-386,neg_neg
54.6124639,-510,-387,-387,neg_neg
54.614472957,-511,-388,-388,neg_neg
54.616482432,-512,-390,-390,neg_neg
54.618490895,-513,-391,-391,neg_neg
54.620449359,-514,-393,-393,neg_neg
54.62243609,-515,-395,-395,neg_neg
54.624427372,-516,-396,-396,neg_neg
54.626446548,-517,-397,-397,neg_neg
54.628497485,-518,-399,-399,neg_neg
54.630485697,-520,-401,-401,neg_neg
54.632413912,-521,-402,-402,neg_neg
54.634475066,-522,-404,-404,neg_neg
54.63644581,-524,-405,-405,neg_neg
54.638449647,-525,-407,-407,neg_neg
54.640481616,-527,-408,-408,neg_neg
54.642435744,-529,-409,-409,neg_neg
54.644459014,-530,-411,-411,neg_neg
54.646474877,-532,-412,-412,neg_neg
54.64840744,-533,-413,-413,neg_neg
54.650406074,-535,-415,-415,neg_neg
54.652415268,-537,-416,-416,neg_neg
54.654424143,-539,-417,-417,neg_neg
54.656445692,-541,-418,-418,neg_neg
54.658411018,-543,-419,-419,neg_neg
54.660451731,-546,-420,-420,neg_neg
54.662377109,-547,-421,-421,neg_neg
54.664386252,-549,-422,-422,neg_neg
54.66646252,-551,-424,-424,neg_neg
54.668384671,-553,-425,-425,neg_neg
54.670419296,-555,-426,-426,neg_neg
54.672380973,-557,-427,-427,neg_neg
54.674397636,-559,-428,-428,neg_neg
54.676346582,-561,-430,-430,neg_neg
54.678394986,-563,-430,-430,neg_neg
54.680384253,-564,-432,-432,neg_neg
54.682361111,-566,-433,-433,neg_neg
54.684368951,-567,-434,-434,neg_neg
54.686306836,-569,-435,-435,neg_neg
54.688364682,-570,-436,-436,neg_neg
54.69034372,-572,-437,-437,neg_neg
54.69234079,-573,-439,-439,neg_neg
54.694320436,-575,-440,-440,neg_neg
54.69635319,-576,-441,-441,neg_neg
54.698359089,-578,-442,-442,neg_neg
54.700338187,-580,-443,-443,neg_neg
54.702315738,-581,-444,-444,neg_neg
54.704278515,-582,-445,-445,neg_neg
54.706301893,-584,-446,-446,neg_neg
54.708288449,-585,-447,-447,neg_neg
54.710284721,-586,-448,-448,neg_neg
54.712408893,-588,-450,-450,neg_neg
54.714338412,-589,-451,-451,neg_neg
54.716274742,-590,-452,-452,neg_neg
54.718270547,-591,-453,-453,neg_neg
54.72033737,-592,-454,-454,neg_neg
54.722334236,-594,-456,-456,neg_neg
54.724332745,-595,-457,-457,neg_neg
54.72637708,-596,-459,-459,neg_neg
54.728464454,-597,-460,-460,neg_neg
54.730374828,-598,-461,-461,neg_neg
54.732346327,-599,-463,-463,neg_neg
54.734364276,-600,-464,-464,neg_neg
54.736308979,-601,-466,-466,neg_neg
54.73830716,-602,-468,-468,neg_neg
54.74022458,-602,-469,-469,neg_neg
54.742241491,-603,-471,-471,neg_neg
54.744249252,-604,-472,-472,neg_neg
54.746262127,-605,-474,-474,neg_neg
54.748246703,-606,-475,-475,neg_neg
54.75028645,-607,-477,-477,neg_neg
54.752270859,-608,-478,-478,neg_neg
54.754335581,-610,-480,-480,neg_neg
54.756266656,-611,-481,-481,neg_neg
54.758275101,-612,-482,-482,neg_neg
54.760354302,-613,-483,-483,neg_neg
54.762202684,-614,-485,-485,neg_neg
54.764179071,-615,-486,-486,neg_neg
54.766192102,-617,-488,-488,neg_neg
54.768198285,-618,-489,-489,neg_neg
54.770251374,-620,-490,-490,neg_neg
54.772186842,-621,-492,-492,neg_neg
54.774189346,-623,-494,-494,neg_neg
54.776174637,-625,-495,-495,neg_neg
54.778171587,-626,-496,-496,neg_neg
54.780158209,-628,-498,-498,neg_neg
54.782177429,-629,-499,-499,neg_neg
54.784181681,-632,-501,-501,neg_neg
54.786172073,-634,-501,-501,neg_neg
54.788153427,-636,-503,-503,neg_neg
54.790158353,-637,-504,-504,neg_neg
54.792152557,-638,-506,-506,neg_neg
54.794216905,-641,-507,-507,neg_neg
54.796161803,-643,-508,-508,neg_neg
54.798169469,-645,-509,-509,neg_neg
54.800114929,-645,-510,-510,neg_neg
54.8021737,-647,-511,-511,neg_neg
54.804172272,-649,-512,-512,neg_neg
54.806086784,-651,-513,-513,neg_neg
54.808076757,-652,-514,-514,neg_neg
54.810062821,-654,-515,-515,neg_neg
54.812081023,-655,-516,-516,neg_neg
54.814061521,-657,-518,-518,neg_neg
54.816142614,-659,-519,-519,neg_neg
54.818139312,-662,-520,-520,neg_neg
54.820243111,-662,-521,-521,neg_neg
54.822179257,-664,-521,-521,neg_neg
54.824214647,-666,-524,-524,neg_neg
54.826151215,-667,-525,-525,neg_neg
54.828038281,-669,-526,-526,neg_neg
54.830057021,-670,-527,-527,neg_neg
54.83199175,-673,-528,-528,neg_neg
54.834070418,-674,-529,-529,neg_neg
54.836075836,-675,-531,-531,neg_neg
54.838059469,-677,-532,-532,neg_neg
54.840050021,-678,-533,-533,neg_neg
54.842060131,-680,-534,-534,neg_neg
54.844029999,-681,-535,-535,neg_neg
54.846114138,-682,-537,-537,neg_neg
54.848067883,-684,-538,-538,neg_neg
54.850066313,-685,-539,-539,neg_neg
54.852063152,-687,-540,-540,neg_neg
54.854081048,-688,-542,-542,neg_neg
54.856075048,-690,-544,-544,neg_neg
54.858089837,-691,-545,-545,neg_neg
54.860029604,-693,-546,-546,neg_neg
54.862032948,-694,-548,-548,neg_neg
54.864040312,-696,-550,-550,neg_neg
54.866053591,-697,-551,-551,neg_neg
54.868075024,-699,-553,-553,neg_neg
54.870143923,-700,-554,-554,neg_neg
54.872027385,-702,-556,-556,neg_neg
54.874060367,-704,-558,-558,neg_neg
54.875976004,-705,-559,-559,neg_neg
54.878016398,-707,-560,-560,neg_neg
54.880004423,-708,-561,-561,neg_neg
54.882023289,-710,-562,-562,neg_neg
54.884001397,-712,-563,-563,neg_neg
54.886056629,-714,-563,-563,neg_neg
54.888058292,-716,-563,-563,neg_neg
54.890068964,-717,-564,-564,neg_neg
54.892003427,-719,-563,-563,neg_neg
54.89443082,-721,-563,-563,neg_neg
54.896062218,-724,-563,-563,neg_neg
54.898251589,-725,-562,-562,neg_neg
54.900010934,-726,-562,-562,neg_neg
54.902055931,-728,-561,-561,neg_neg
54.903968057,-730,-560,-560,neg_neg
54.904929635,-731,-560,-560,neg_neg
54.906004083,-733,-559,-559,neg_neg
54.906960004,-734,-559,-559,neg_neg
54.908943675,-735,-558,-558,neg_neg
54.910041193,-736,-558,-558,neg_neg
54.911899854,-738,-557,-557,neg_neg
54.913972835,-740,-556,-556,neg_neg
54.915939534,-742,-556,-556,neg_neg
54.917953714,-744,-554,-554,neg_neg
54.919949968,-746,-553,-553,neg_neg
54.922040215,-748,-552,-552,neg_neg
54.923940715,-750,-551,-551,neg_neg
54.925946313,-751,-550,-550,neg_neg
54.927906872,-753,-549,-549,neg_neg
54.929864841,-755,-547,-547,neg_neg
54.93188757,-757,-546,-546,neg_neg
54.933908238,-758,-545,-545,neg_neg
54.935841567,-760,-544,-544,neg_neg
54.937822019,-761,-542,-542,neg_neg
54.939879286,-762,-541,-541,neg_neg
54.941830166,-764,-539,-539,neg_neg
54.943830579,-766,-538,-538,neg_neg
54.945905509,-767,-537,-537,neg_neg
54.947839662,-768,-536,-536,neg_neg
54.94980546,-769,-535,-535,neg_neg
54.952010804,-771,-534,-534,neg_neg
54.953900105,-772,-533,-533,neg_neg
54.955980173,-773,-532,-532,neg_neg
54.958019793,-774,-531,-531,neg_neg
54.959906246,-774,-531,-531,neg_neg
54.961927878,-775,-531,-531,neg_neg
54.963892856,-776,-531,-531,neg_neg
54.965887616,-776,-531,-531,neg_neg
54.967794872,-777,-531,-531,neg_neg
54.969913621,-778,-531,-531,neg_neg
54.971950761,-778,-531,-531,neg_neg
54.973843692,-779,-531,-531,neg_neg
54.975974789,-779,-532,-532,neg_neg
54.977762014,-780,-532,-532,neg_neg
54.979845362,-780,-533,-533,neg_neg
54.981759376,-780,-534,-534,neg_neg
54.98404609,-780,-535,-535,neg_neg
54.985773013,-781,-537,-537,neg_neg
54.987924624,-781,-538,-538,neg_neg
54.989756368,-781,-539,-539,neg_neg
54.991754852,-782,-540,-540,neg_neg
54.993841694,-783,-541,-541,neg_neg
54.995799019,-783,-543,-543,neg_neg
54.997834241,-784,-544,-544,neg_neg
54.999797011,-784,-545,-545,neg_neg
55.001822157,-785,-547,-547,neg_neg
55.003818758,-785,-549,-549,neg_neg
55.005813202,-786,-550,-550,neg_neg
55.007992686,-786,-551,-551,neg_neg
55.009829384,-787,-553,-553,neg_neg
55.01179561,-787,-556,-556,neg_neg
55.013812562,-788,-557,-557,neg_neg
55.015879339,-789,-559,-559,neg_neg
55.01790716,-789,-560,-560,neg_neg
55.019755468,-790,-561,-561,neg_neg
55.021831865,-791,-562,-562,neg_neg
55.023827416,-792,-564,-564,neg_neg
55.025815063,-793,-565,-565,neg_neg
55.027782553,-794,-566,-566,neg_neg
55.029776731,-795,-567,-567,neg_neg
55.031814224,-795,-568,-568,neg_neg
55.033907629,-796,-569,-569,neg_neg
55.035781053,-797,-570,-570,neg_neg
55.037776584,-798,-571,-571,neg_neg
55.039742031,-799,-571,-571,neg_neg
55.041744465,-801,-572,-572,neg_neg
55.043712148,-802,-573,-573,neg_neg
55.045778364,-803,-573,-573,neg_neg
55.047721808,-803,-574,-574,neg_neg
55.049718498,-804,-574,-574,neg_neg
55.051725404,-805,-575,-575,neg_neg
55.053755771,-806,-575,-575,neg_neg
55.055840866,-807,-575,-575,neg_neg
55.057718038,-808,-576,-576,neg_neg
55.059756481,-809,-576,-576,neg_neg
55.061790747,-810,-577,-577,neg_neg
55.063897453,-811,-577,-577,neg_neg
55.065832895,-812,-577,-577,neg_neg
55.067770398,-813,-578,-578,neg_neg
55.069693763,-814,-578,-578,neg_neg
55.071651152,-815,-579,-579,neg_neg
55.073691758,-816,-579,-579,neg_neg
55.075674807,-817,-580,-580,neg_neg
55.077684865,-818,-580,-580,neg_neg
55.079693258,-819,-581,-581,neg_neg
55.081650546,-821,-582,-582,neg_neg
55.083653201,-822,-583,-583,neg_neg
55.085647494,-823,-584,-584,neg_neg
55.087645431,-825,-585,-585,neg_neg
55.089670762,-826,-586,-586,neg_neg
55.091648502,-827,-588,-588,neg_neg
55.093632733,-829,-590,-590,neg_neg
55.095650215,-830,-591,-591,neg_neg
55.097652923,-831,-592,-592,neg_neg
55.09965752,-832,-594,-594,neg_neg
55.101592685,-833,-595,-595,neg_neg
55.103633316,-835,-597,-597,neg_neg
55.105679897,-836,-598,-598,neg_neg
55.107653321,-837,-600,-600,neg_neg
55.109598186,-838,-601,-601,neg_neg
55.111636224,-839,-603,-603,neg_neg
55.113656422,-840,-604,-604,neg_neg
55.115662458,-842,-606,-606,neg_neg
55.117615537,-843,-608,-608,neg_neg
55.119590043,-844,-609,-609,neg_neg
55.121705078,-845,-611,-611,neg_neg
55.123694999,-846,-612,-612,neg_neg
55.125736884,-847,-614,-614,neg_neg
55.127638447,-848,-615,-615,neg_neg
55.129574817,-849,-617,-617,neg_neg
55.13155709,-851,-618,-618,neg_neg
55.13356004,-852,-621,-621,neg_neg
55.135526955,-852,-622,-622,neg_neg
55.137562986,-854,-624,-624,neg_neg
55.139544246,-855,-625,-625,neg_neg
55.141512835,-856,-626,-626,neg_neg
55.143518701,-857,-627,-627,neg_neg
55.145513269,-858,-628,-628,neg_neg
55.147499205,-859,-629,-629,neg_neg
55.149502762,-860,-630,-630,neg_neg
55.15147501,-861,-631,-631,neg_neg
55.153489671,-861,-631,-631,neg_neg
55.155429077,-862,-631,-631,neg_neg
55.15754625,-863,-632,-632,neg_neg
55.159462159,-864,-632,-632,neg_neg
55.161435508,-865,-632,-632,neg_neg
55.163442966,-866,-632,-632,neg_neg
55.165445081,-867,-631,-631,neg_neg
55.167491903,-868,-631,-631,neg_neg
55.169421577,-869,-631,-631,neg_neg
55.171395029,-870,-630,-630,neg_neg
55.173456558,-871,-630,-630,neg_neg
55.175444543,-873,-629,-629,neg_neg
55.177460632,-873,-629,-629,neg_neg
55.179447151,-875,-628,-628,neg_neg
55.181457598,-876,-628,-628,neg_neg
55.183386434,-877,-627,-627,neg_neg
55.185392608,-878,-627,-627,neg_neg
55.18737019,-880,-626,-626,neg_neg
55.189385632,-880,-626,-626,neg_neg
55.191402718,-881,-626,-626,neg_neg
55.193416786,-882,-625,-625,neg_neg
55.195396664,-884,-625,-625,neg_neg
55.197465726,-885,-625,-625,neg_neg
55.199501147,-886,-625,-625,neg_neg
55.201446546,-887,-625,-625,neg_neg
55.203470764,-888,-625,-625,neg_neg
55.205399716,-889,-625,-625,neg_neg
55.207494174,-890,-626,-626,neg_neg
55.209456142,-891,-626,-626,neg_neg
55.211472372,-892,-626,-626,neg_neg
55.213473018,-893,-626,-626,neg_neg
55.215449165,-894,-626,-626,neg_neg
55.217514176,-895,-627,-627,neg_neg
55.219520512,-896,-627,-627,neg_neg
55.2213667,-897,-628,-628,neg_neg
55.223390949,-898,-629,-629,neg_neg
55.225350333,-899,-630,-630,neg_neg
55.22732285,-900,-630,-630,neg_neg
55.229357653,-901,-631,-631,neg_neg
55.231304322,-901,-632,-632,neg_neg
55.233280166,-902,-633,-633,neg_neg
55.235294991,-903,-634,-634,neg_neg
55.237297121,-904,-635,-635,neg_neg
55.239403172,-904,-636,-636,neg_neg
55.241333348,-905,-637,-637,neg_neg
55.243409768,-906,-638,-638,neg_neg
55.245312481,-906,-639,-639,neg_neg
55.247347527,-907,-640,-640,neg_neg
55.249371726,-907,-642,-642,neg_neg
55.251323651,-908,-643,-643,neg_neg
55.253403743,-908,-645,-645,neg_neg
55.255372351,-909,-646,-646,neg_neg
55.257370446,-909,-646,-646,neg_neg
55.259341702,-910,-648,-648,neg_neg
55.261298941,-910,-650,-650,neg_neg
55.263333183,-910,-651,-651,neg_neg
55.265308737,-910,-652,-652,neg_neg
55.267324678,-911,-654,-654,neg_neg
55.269306658,-911,-655,-655,neg_neg
55.271313484,-911,-656,-656,neg_neg
55.273352489,-911,-656,-656,neg_neg
55.275248711,-911,-658,-658,neg_neg
55.27731241,-912,-659,-659,neg_neg
55.279225032,-912,-660,-660,neg_neg
55.281360249,-912,-661,-661,neg_neg
55.283234056,-912,-662,-662,neg_neg
55.285253668,-912,-663,-663,neg_neg
55.287192739,-913,-664,-664,neg_neg
55.289269477,-913,-665,-665,neg_neg
55.291226663,-913,-667,-667,neg_neg
55.293276872,-914,-667,-667,neg_neg
55.295315149,-914,-667,-667,neg_neg
55.297258676,-914,-669,-669,neg_neg
55.298181493,-915,-669,-669,neg_neg
55.300212682,-915,-669,-669,neg_neg
55.302279074,-915,-670,-670,neg_neg
55.304229924,-916,-671,-671,neg_neg
55.306264498,-917,-671,-671,neg_neg
55.308283414,-917,-671,-671,neg_neg
55.310211241,-918,-672,-672,neg_neg
55.312184741,-918,-672,-672,neg_neg
55.314221302,-919,-672,-672,neg_neg
55.316196429,-920,-673,-673,neg_neg
55.318230611,-920,-673,-673,neg_neg
55.32012981,-921,-673,-673,neg_neg
55.322208447,-922,-674,-674,neg_neg
55.324204272,-923,-674,-674,neg_neg
55.326241006,-924,-675,-675,neg_neg
55.328239784,-924,-675,-675,neg_neg
55.330238655,-925,-676,-676,neg_neg
55.332212204,-926,-677,-677,neg_neg
55.334239609,-927,-678,-678,neg_neg
55.33617327,-929,-679,-679,neg_neg
55.338252976,-930,-680,-680,neg_neg
55.340199463,-932,-681,-681,neg_neg
55.342249291,-933,-683,-683,neg_neg
55.344183349,-934,-684,-684,neg_neg
55.346252323,-935,-685,-685,neg_neg
55.348183378,-936,-687,-687,neg_neg
55.350257776,-938,-688,-688,neg_neg
55.352162743,-938,-689,-689,neg_neg
55.354193104,-939,-691,-691,neg_neg
55.356199983,-941,-693,-693,neg_neg
55.358226616,-942,-694,-694,neg_neg
55.360262204,-944,-696,-696,neg_neg
55.362206774,-944,-696,-696,neg_neg
55.364207652,-946,-698,-698,neg_neg
55.366158089,-948,-699,-699,neg_neg
55.368136634,-949,-701,-701,neg_neg
55.370269738,-950,-702,-702,neg_neg
55.372218419,-951,-703,-703,neg_neg
55.37431857,-952,-704,-704,neg_neg
55.376183322,-953,-705,-705,neg_neg
55.378206258,-955,-706,-706,neg_neg
55.380164366,-956,-707,-707,neg_neg
55.382163927,-957,-708,-708,neg_neg
55.384213026,-958,-709,-709,neg_neg
55.38617177,-959,-710,-710,neg_neg
55.388176865,-960,-710,-710,neg_neg
55.390223468,-962,-711,-711,neg_neg
55.392208866,-963,-712,-712,neg_neg
55.394166364,-964,-713,-713,neg_neg
55.396137302,-965,-714,-714,neg_neg
55.398065057,-966,-715,-715,neg_neg
55.400111811,-968,-716,-716,neg_neg
55.40207367,-968,-717,-717,neg_neg
55.404088962,-969,-717,-717,neg_neg
55.406056167,-970,-718,-718,neg_neg
55.40798707,-971,-718,-718,neg_neg
55.409992214,-972,-718,-718,neg_neg
55.412019244,-973,-719,-719,neg_neg
55.413993818,-974,-719,-719,neg_neg
55.416013651,-975,-719,-719,neg_neg
55.417996787,-976,-719,-719,neg_neg
55.420079668,-976,-719,-719,neg_neg
55.421993885,-977,-719,-719,neg_neg
55.424094145,-978,-719,-719,neg_neg
55.426107757,-978,-719,-719,neg_neg
55.428079077,-979,-719,-719,neg_neg
55.429991868,-980,-719,-719,neg_neg
55.431966166,-980,-719,-719,neg_neg
55.433975377,-981,-719,-719,neg_neg
55.43590708,-982,-719,-719,neg_neg
55.437958177,-983,-719,-719,neg_neg
55.439968484,-984,-719,-719,neg_neg
55.44199668,-985,-719,-719,neg_neg
55.443980551,-986,-719,-719,neg_neg
55.446067872,-987,-719,-719,neg_neg
55.448034073,-988,-719,-719,neg_neg
55.450021659,-989,-720,-720,neg_neg
55.452031796,-990,-720,-720,neg_neg
55.453925976,-991,-721,-721,neg_neg
55.455957142,-994,-721,-721,neg_neg
55.458021312,-995,-722,-722,neg_neg
55.459944841,-996,-722,-722,neg_neg
55.461949322,-997,-723,-723,neg_neg
55.46392231,-998,-723,-723,neg_neg
55.465978465,-999,-723,-723,neg_neg
55.467941643,-1000,-724,-724,neg_neg
55.470024691,-1001,-724,-724,neg_neg
55.471914814,-1002,-724,-724,neg_neg
55.473919572,-1003,-724,-724,neg_neg
55.475950379,-1005,-724,-724,neg_neg
55.477931684,-1005,-725,-725,neg_neg
55.4799637,-1007,-725,-725,neg_neg
55.481923259,-1008,-725,-725,neg_neg
55.483941248,-1009,-726,-726,neg_neg
55.48595535,-1010,-726,-726,neg_neg
55.487901298,-1011,-727,-727,neg_neg
55.489845247,-1012,-727,-727,neg_neg
55.491866915,-1013,-728,-728,neg_neg
55.493865706,-1014,-728,-728,neg_neg
55.495936749,-1015,-729,-729,neg_neg
55.49784272,-1016,-729,-729,neg_neg
55.499941191,-1017,-730,-730,neg_neg
55.501855662,-1018,-730,-730,neg_neg
55.504024861,-1019,-730,-730,neg_neg
55.5058875,-1020,-730,-730,neg_neg
55.508032059,-1021,-730,-730,neg_neg
55.509897308,-1022,-730,-730,neg_neg
55.512000233,-1023,-731,-731,neg_neg
55.513838101,-1024,-731,-731,neg_neg
55.516074015,-1025,-732,-732,neg_neg
55.51788549,-1026,-732,-732,neg_neg
55.519816483,-1027,-733,-733,neg_neg
55.521858706,-1028,-734,-734,neg_neg
55.523874292,-1028,-734,-734,neg_neg
55.525847851,-1029,-735,-735,neg_neg
55.527864979,-1030,-737,-737,neg_neg
55.529824742,-1031,-737,-737,neg_neg
55.531851975,-1031,-738,-738,neg_neg
55.533785607,-1032,-739,-739,neg_neg
55.535737397,-1033,-740,-740,neg_neg
55.537841447,-1034,-742,-742,neg_neg
55.539769609,-1034,-743,-743,neg_neg
55.541749405,-1035,-745,-745,neg_neg
55.543763894,-1036,-746,-746,neg_neg
55.545796473,-1037,-747,-747,neg_neg
55.547817226,-1038,-748,-748,neg_neg
55.549843487,-1038,-750,-750,neg_neg
55.551805262,-1039,-751,-751,neg_neg
55.553835501,-1040,-753,-753,neg_neg
55.555884811,-1041,-754,-754,neg_neg
55.557857393,-1042,-756,-756,neg_neg
55.559755056,-1042,-758,-758,neg_neg
55.561758126,-1043,-759,-759,neg_neg
55.563838756,-1044,-761,-761,neg_neg
55.565815042,-1045,-762,-762,neg_neg
55.567763756,-1045,-764,-764,neg_neg
55.569945455,-1046,-765,-765,neg_neg
55.571815573,-1047,-766,-766,neg_neg
55.574056351,-1048,-767,-767,neg_neg
55.57581793,-1049,-768,-768,neg_neg
55.57800539,-1050,-769,-769,neg_neg
55.579767799,-1050,-770,-770,neg_neg
55.581888991,-1051,-771,-771,neg_neg
55.583676894,-1052,-772,-772,neg_neg
55.585739506,-1052,-773,-773,neg_neg
55.587739973,-1053,-774,-774,neg_neg
55.589964903,-1054,-774,-774,neg_neg
55.591767689,-1055,-775,-775,neg_neg
55.593942074,-1056,-775,-775,neg_neg
55.595787393,-1057,-775,-775,neg_neg
55.598021724,-1058,-776,-776,neg_neg
55.599817785,-1058,-776,-776,neg_neg
55.60199287,-1059,-776,-776,neg_neg
55.603807602,-1060,-776,-776,neg_neg
55.606052829,-1062,-775,-775,neg_neg
55.607749338,-1063,-775,-775,neg_neg
55.609960622,-1064,-775,-775,neg_neg
55.611829397,-1065,-775,-775,neg_neg
55.613750669,-1066,-775,-775,neg_neg
55.615808072,-1067,-775,-775,neg_neg
55.617732743,-1069,-775,-775,neg_neg
55.61974287,-1070,-775,-775,neg_neg
55.621833854,-1072,-776,-776,neg_neg
55.62370739,-1073,-776,-776,neg_neg
55.625646771,-1074,-776,-776,neg_neg
55.627669248,-1076,-776,-776,neg_neg
55.629646985,-1077,-777,-777,neg_neg
55.63164815,-1079,-777,-777,neg_neg
55.633699743,-1080,-777,-777,neg_neg
55.635755161,-1081,-777,-777,neg_neg
55.637756723,-1083,-778,-778,neg_neg
55.639655636,-1084,-778,-778,neg_neg
55.641721733,-1085,-778,-778,neg_neg
55.643774983,-1087,-779,-779,neg_neg
55.64576138,-1088,-779,-779,neg_neg
55.647719542,-1089,-779,-779,neg_neg
55.649643394,-1090,-780,-780,neg_neg
55.651592197,-1092,-780,-780,neg_neg
55.653585123,-1094,-781,-781,neg_neg
55.655624133,-1095,-781,-781,neg_neg
55.657555568,-1096,-782,-782,neg_neg
55.659579454,-1097,-783,-783,neg_neg
55.661557417,-1098,-784,-784,neg_neg
55.663592663,-1100,-785,-785,neg_neg
55.665558148,-1100,-786,-786,neg_neg
55.667603761,-1102,-787,-787,neg_neg
55.669594276,-1102,-788,-788,neg_neg
55.671506691,-1103,-789,-789,neg_neg
55.673610815,-1104,-789,-789,neg_neg
55.675518512,-1105,-791,-791,neg_neg
55.677557284,-1107,-792,-792,neg_neg
55.679566116,-1107,-793,-793,neg_neg
55.681502749,-1108,-794,-794,neg_neg
55.683485014,-1109,-794,-794,neg_neg
55.685535432,-1110,-795,-795,neg_neg
55.687478362,-1111,-797,-797,neg_neg
55.689546279,-1112,-798,-798,neg_neg
55.691479254,-1113,-799,-799,neg_neg
55.693545216,-1113,-800,-800,neg_neg
55.695518501,-1114,-801,-801,neg_neg
55.697521545,-1115,-803,-803,neg_neg
55.699487038,-1116,-804,-804,neg_neg
55.701504913,-1116,-805,-805,neg_neg
55.703484169,-1117,-806,-806,neg_neg
55.705502779,-1118,-807,-807,neg_neg
55.707477286,-1119,-808,-808,neg_neg
55.709541631,-1121,-809,-809,neg_neg
55.711485975,-1123,-809,-809,neg_neg
55.713577887,-1124,-810,-810,neg_neg
55.715493901,-1124,-811,-811,neg_neg
55.717509216,-1126,-812,-812,neg_neg
55.719470241,-1127,-813,-813,neg_neg
55.721493905,-1128,-814,-814,neg_neg
55.72345629,-1129,-814,-814,neg_neg
55.725449556,-1130,-815,-815,neg_neg
55.727453381,-1131,-815,-815,neg_neg
55.729465111,-1131,-815,-815,neg_neg
55.731451074,-1133,-816,-816,neg_neg
55.733491513,-1134,-816,-816,neg_neg
55.735499881,-1135,-816,-816,neg_neg
55.737446573,-1136,-817,-817,neg_neg
55.739408496,-1137,-817,-817,neg_neg
55.741383814,-1138,-817,-817,neg_neg
55.743369636,-1140,-818,-818,neg_neg
55.745378462,-1141,-818,-818,neg_neg
55.747400217,-1142,-818,-818,neg_neg
55.749354233,-1143,-818,-818,neg_neg
55.751363948,-1145,-818,-818,neg_neg
55.753357568,-1146,-818,-818,neg_neg
55.755363128,-1147,-818,-818,neg_neg
55.757348208,-1149,-818,-818,neg_neg
55.759322441,-1151,-818,-818,neg_neg
55.761360747,-1152,-819,-819,neg_neg
55.763355526,-1154,-818,-818,neg_neg
55.76536554,-1156,-818,-818,neg_neg
55.76734666,-1157,-818,-818,neg_neg
55.76937301,-1159,-819,-819,neg_neg
55.771375065,-1161,-819,-819,neg_neg
55.773298331,-1162,-819,-819,neg_neg
55.775311264,-1164,-819,-819,neg_neg
55.777391577,-1165,-820,-820,neg_neg
55.779332376,-1167,-821,-821,neg_neg
55.781329202,-1168,-821,-821,neg_neg
55.783381559,-1170,-821,-821,neg_neg
55.785303989,-1171,-822,-822,neg_neg
55.787346745,-1173,-822,-822,neg_neg
55.789336727,-1174,-823,-823,neg_neg
55.791382817,-1176,-824,-824,neg_neg
55.793354165,-1177,-826,-826,neg_neg
55.795397114,-1179,-827,-827,neg_neg
55.797336859,-1180,-827,-827,neg_neg
55.799327791,-1182,-830,-830,neg_neg
55.801334817,-1183,-830,-830,neg_neg
55.803355768,-1185,-832,-832,neg_neg
55.805317286,-1186,-833,-833,neg_neg
55.807457112,-1187,-834,-834,neg_neg
55.809320286,-1189,-837,-837,neg_neg
55.81131387,-1189,-838,-838,neg_neg
55.813336175,-1191,-840,-840,neg_neg
55.815300756,-1192,-841,-841,neg_neg
55.817352801,-1194,-843,-843,neg_neg
55.81933648,-1195,-844,-844,neg_neg
55.821319132,-1196,-847,-847,neg_neg
55.823298665,-1197,-848,-848,neg_neg
55.825346421,-1199,-849,-849,neg_neg
55.827286132,-1200,-851,-851,neg_neg
55.82929761,-1201,-854,-854,neg_neg
55.831242593,-1201,-855,-855,neg_neg
55.833244589,-1203,-858,-858,neg_neg
55.835258948,-1205,-858,-858,neg_neg
55.837301788,-1206,-860,-860,neg_neg
55.839264186,-1207,-861,-861,neg_neg
55.841261299,-1208,-863,-863,neg_neg
55.843300613,-1209,-864,-864,neg_neg
55.845238361,-1210,-865,-865,neg_neg
55.847209933,-1212,-867,-867,neg_neg
55.849257442,-1213,-868,-868,neg_neg
55.851254218,-1214,-870,-870,neg_neg
55.853229652,-1215,-871,-871,neg_neg
55.855192017,-1217,-872,-872,neg_neg
55.85725801,-1218,-873,-873,neg_neg
55.859282555,-1219,-874,-874,neg_neg
55.861241202,-1221,-876,-876,neg_neg
55.863258631,-1222,-877,-877,neg_neg
55.865427232,-1223,-878,-878,neg_neg
55.867202848,-1225,-879,-879,neg_neg
55.869322688,-1225,-879,-879,neg_neg
55.871259553,-1227,-880,-880,neg_neg
55.873242412,-1229,-881,-881,neg_neg
55.875242887,-1230,-881,-881,neg_neg
55.877259335,-1232,-882,-882,neg_neg
55.879229319,-1234,-882,-882,neg_neg
55.88127172,-1235,-883,-883,neg_neg
55.883200714,-1237,-883,-883,neg_neg
55.885204159,-1239,-884,-884,neg_neg
55.887245911,-1240,-884,-884,neg_neg
55.889306461,-1241,-884,-884,neg_neg
55.89121777,-1244,-885,-885,neg_neg
55.893346596,-1245,-886,-886,neg_neg
55.895186355,-1247,-886,-886,neg_neg
55.897134136,-1250,-887,-887,neg_neg
55.899116469,-1252,-888,-888,neg_neg
55.901116592,-1253,-889,-889,neg_neg
55.903068727,-1254,-890,-890,neg_neg
55.905067511,-1256,-891,-891,neg_neg
55.907072809,-1259,-892,-892,neg_neg
55.9090743,-1260,-893,-893,neg_neg
55.911134031,-1262,-894,-894,neg_neg
55.913132563,-1265,-895,-895,neg_neg
55.915118927,-1266,-896,-896,neg_neg
55.917059594,-1268,-897,-897,neg_neg
55.919062386,-1270,-898,-898,neg_neg
55.920973967,-1272,-899,-899,neg_neg
55.9230456,-1273,-901,-901,neg_neg
55.925051356,-1275,-902,-902,neg_neg
55.927080852,-1278,-903,-903,neg_neg
55.929074462,-1281,-905,-905,neg_neg
55.931048279,-1283,-906,-906,neg_neg
55.933063054,-1284,-906,-906,neg_neg
55.935058068,-1286,-908,-908,neg_neg
55.937056161,-1289,-909,-909,neg_neg
55.939090162,-1290,-910,-910,neg_neg
55.941105219,-1292,-911,-911,neg_neg
55.94317752,-1295,-912,-912,neg_neg
55.945165694,-1297,-913,-913,neg_neg
55.947108401,-1298,-914,-914,neg_neg
55.949121999,-1300,-915,-915,neg_neg
55.951050303,-1302,-916,-916,neg_neg
55.953025005,-1303,-917,-917,neg_neg
55.955043421,-1305,-918,-918,neg_neg
55.957055004,-1307,-919,-919,neg_neg
55.959042778,-1308,-919,-919,neg_neg
55.961051347,-1310,-919,-919,neg_neg
55.963059425,-1312,-920,-920,neg_neg
55.965105261,-1314,-920,-920,neg_neg
55.967049991,-1315,-920,-920,neg_neg
55.969048443,-1317,-920,-920,neg_neg
55.971033324,-1319,-920,-920,neg_neg
55.972951252,-1320,-920,-920,neg_neg
55.974961078,-1322,-920,-920,neg_neg
55.976942581,-1324,-920,-920,neg_neg
55.979014064,-1325,-920,-920,neg_neg
55.981043348,-1327,-920,-920,neg_neg
55.983014693,-1328,-920,-920,neg_neg
55.985048554,-1330,-920,-920,neg_neg
55.986982707,-1331,-921,-921,neg_neg
55.988970894,-1333,-921,-921,neg_neg
55.991107264,-1334,-921,-921,neg_neg
55.993048155,-1336,-922,-922,neg_neg
55.995083444,-1337,-923,-923,neg_neg
55.996996003,-1339,-923,-923,neg_neg
55.999003955,-1341,-924,-924,neg_neg
56.000986457,-1342,-925,-925,neg_neg
56.002908913,-1344,-926,-926,neg_neg
56.004903247,-1346,-927,-927,neg_neg
56.00695741,-1347,-928,-928,neg_neg
56.008964877,-1348,-929,-929,neg_neg
56.01093171,-1350,-930,-930,neg_neg
56.012910817,-1352,-932,-932,neg_neg
56.014912292,-1353,-933,-933,neg_neg
56.01692066,-1355,-935,-935,neg_neg
56.01885089,-1356,-937,-937,neg_neg
56.020874192,-1357,-939,-939,neg_neg
56.022889913,-1359,-941,-941,neg_neg
56.024863414,-1360,-943,-943,neg_neg
56.026881584,-1362,-945,-945,neg_neg
56.028880824,-1363,-947,-947,neg_neg
56.030901891,-1365,-949,-949,neg_neg
56.032910562,-1366,-951,-951,neg_neg
56.034885323,-1368,-953,-953,neg_neg
56.036956882,-1369,-955,-955,neg_neg
56.038862275,-1371,-957,-957,neg_neg
56.040936835,-1372,-959,-959,neg_neg
56.04286741,-1374,-962,-962,neg_neg
56.044990443,-1375,-964,-964,neg_neg
56.046875524,-1377,-966,-966,neg_neg
56.048887055,-1378,-968,-968,neg_neg
56.050903234,-1380,-970,-970,neg_neg
56.05293196,-1381,-972,-972,neg_neg
56.054921615,-1383,-974,-974,neg_neg
56.057001492,-1385,-976,-976,neg_neg
56.058924773,-1386,-978,-978,neg_neg
56.061161641,-1387,-980,-980,neg_neg
56.062982616,-1389,-982,-982,neg_neg
56.064999883,-1390,-983,-983,neg_neg
56.066867293,-1392,-985,-985,neg_neg
56.068957596,-1394,-986,-986,neg_neg
56.070844611,-1395,-988,-988,neg_neg
56.072932094,-1397,-989,-989,neg_neg
56.074880666,-1399,-991,-991,neg_neg
56.076864934,-1400,-992,-992,neg_neg
56.078824688,-1402,-993,-993,neg_neg
56.080852367,-1403,-995,-995,neg_neg
56.08283428,-1405,-996,-996,neg_neg
56.084903377,-1406,-998,-998,neg_neg
56.086892493,-1407,-998,-998,neg_neg
56.088824149,-1409,-999,-999,neg_neg
56.090879853,-1410,-1001,-1001,neg_neg
56.092808859,-1412,-1002,-1002,neg_neg
56.094768501,-1413,-1004,-1004,neg_neg
56.096738939,-1415,-1005,-1005,neg_neg
56.09872407,-1416,-1006,-1006,neg_neg
56.100690738,-1418,-1008,-1008,neg_neg
56.102641836,-1419,-1009,-1009,neg_neg
56.104687969,-1421,-1010,-1010,neg_neg
56.106699871,-1423,-1011,-1011,neg_neg
56.108724194,-1424,-1012,-1012,neg_neg
56.110694821,-1426,-1013,-1013,neg_neg
56.112684728,-1428,-1014,-1014,neg_neg
56.114796157,-1430,-1016,-1016,neg_neg
56.116606955,-1431,-1017,-1017,neg_neg
56.118644318,-1433,-1018,-1018,neg_neg
56.120631274,-1435,-1019,-1019,neg_neg
56.122699052,-1436,-1020,-1020,neg_neg
56.124656939,-1438,-1021,-1021,neg_neg
56.126632288,-1439,-1023,-1023,neg_neg
56.128645784,-1441,-1024,-1024,neg_neg
56.130662109,-1443,-1025,-1025,neg_neg
56.13260986,-1444,-1026,-1026,neg_neg
56.134645773,-1446,-1027,-1027,neg_neg
56.136662523,-1448,-1028,-1028,neg_neg
56.138682671,-1449,-1029,-1029,neg_neg
56.140649776,-1451,-1031,-1031,neg_neg
56.142708131,-1453,-1032,-1032,neg_neg
56.144694392,-1454,-1034,-1034,neg_neg
56.146634629,-1456,-1035,-1035,neg_neg
56.148684677,-1458,-1037,-1037,neg_neg
56.150660478,-1460,-1039,-1039,neg_neg
56.152669548,-1461,-1041,-1041,neg_neg
56.154678268,-1463,-1043,-1043,neg_neg
56.15667252,-1464,-1045,-1045,neg_neg
56.158676024,-1466,-1047,-1047,neg_neg
56.16068544,-1467,-1048,-1048,neg_neg
56.162604791,-1469,-1050,-1050,neg_neg
56.164620486,-1470,-1052,-1052,neg_neg
56.16664397,-1471,-1054,-1054,neg_neg
56.168649987,-1473,-1055,-1055,neg_neg
56.170678686,-1474,-1057,-1057,neg_neg
56.172628045,-1476,-1059,-1059,neg_neg
56.174612228,-1477,-1060,-1060,neg_neg
56.176607821,-1478,-1062,-1062,neg_neg
56.178584006,-1479,-1063,-1063,neg_neg
56.180604031,-1481,-1064,-1064,neg_neg
56.182601222,-1482,-1066,-1066,neg_neg
56.18461682,-1484,-1067,-1067,neg_neg
56.186581165,-1485,-1068,-1068,neg_neg
56.188607288,-1486,-1069,-1069,neg_neg
56.190566002,-1488,-1070,-1070,neg_neg
56.192595338,-1489,-1071,-1071,neg_neg
56.194569483,-1491,-1071,-1071,neg_neg
56.196587365,-1492,-1073,-1073,neg_neg
56.198583164,-1493,-1074,-1074,neg_neg
56.200508244,-1495,-1074,-1074,neg_neg
56.202544672,-1496,-1076,-1076,neg_neg
56.204589842,-1498,-1076,-1076,neg_neg
56.206597845,-1499,-1077,-1077,neg_neg
56.208511838,-1501,-1078,-1078,neg_neg
56.210553585,-1502,-1078,-1078,neg_neg
56.212476286,-1504,-1079,-1079,neg_neg
56.214562467,-1506,-1080,-1080,neg_neg
56.216536057,-1507,-1081,-1081,neg_neg
56.218512011,-1509,-1081,-1081,neg_neg
56.220538565,-1511,-1082,-1082,neg_neg
56.222536434,-1512,-1082,-1082,neg_neg
56.224552132,-1514,-1083,-1083,neg_neg
56.226547656,-1515,-1083,-1083,neg_neg
56.228569578,-1517,-1084,-1084,neg_neg
56.230547761,-1518,-1084,-1084,neg_neg
56.232504857,-1520,-1085,-1085,neg_neg
56.234480805,-1521,-1085,-1085,neg_neg
56.236550629,-1523,-1086,-1086,neg_neg
56.238548217,-1524,-1087,-1087,neg_neg
56.240471585,-1526,-1088,-1088,neg_neg
56.242488447,-1528,-1088,-1088,neg_neg
56.244450158,-1529,-1089,-1089,neg_neg
56.24650552,-1531,-1090,-1090,neg_neg
56.248501797,-1533,-1091,-1091,neg_neg
56.250479586,-1535,-1091,-1091,neg_neg
56.252507081,-1536,-1092,-1092,neg_neg
56.254548781,-1538,-1093,-1093,neg_neg
56.256466178,-1540,-1094,-1094,neg_neg
56.258486947,-1541,-1096,-1096,neg_neg
56.260505587,-1543,-1097,-1097,neg_neg
56.262490087,-1545,-1098,-1098,neg_neg
56.26446594,-1546,-1099,-1099,neg_neg
56.266520856,-1548,-1101,-1101,neg_neg
56.268503181,-1549,-1102,-1102,neg_neg
56.270445266,-1551,-1104,-1104,neg_neg
56.272448499,-1552,-1105,-1105,neg_neg
56.274487787,-1554,-1107,-1107,neg_neg
56.276455965,-1555,-1108,-1108,neg_neg
56.278490384,-1557,-1110,-1110,neg_neg
56.280428437,-1558,-1112,-1112,neg_neg
56.282444783,-1559,-1113,-1113,neg_neg
56.284398248,-1561,-1115,-1115,neg_neg
56.28638388,-1562,-1117,-1117,neg_neg
56.288461423,-1563,-1119,-1119,neg_neg
56.290454935,-1564,-1121,-1121,neg_neg
56.292458633,-1565,-1123,-1123,neg_neg
56.29439695,-1566,-1125,-1125,neg_neg
56.296405187,-1567,-1127,-1127,neg_neg
56.29840244,-1569,-1129,-1129,neg_neg
56.300393583,-1570,-1131,-1131,neg_neg
56.302369015,-1571,-1133,-1133,neg_neg
56.304333069,-1572,-1134,-1134,neg_neg
56.306362202,-1573,-1136,-1136,neg_neg
56.308382069,-1574,-1138,-1138,neg_neg
56.310380035,-1575,-1140,-1140,neg_neg
56.312468795,-1576,-1141,-1141,neg_neg
56.314399403,-1577,-1143,-1143,neg_neg
56.316444928,-1577,-1145,-1145,neg_neg
56.31837954,-1578,-1147,-1147,neg_neg
56.320362334,-1579,-1148,-1148,neg_neg
56.322396342,-1580,-1150,-1150,neg_neg
56.324397367,-1581,-1151,-1151,neg_neg
56.326362332,-1582,-1152,-1152,neg_neg
56.328446259,-1583,-1153,-1153,neg_neg
56.330410019,-1584,-1154,-1154,neg_neg
56.332370168,-1586,-1154,-1154,neg_neg
56.334365065,-1587,-1155,-1155,neg_neg
56.336450484,-1588,-1156,-1156,neg_neg
56.338408469,-1589,-1157,-1157,neg_neg
56.340474035,-1591,-1157,-1157,neg_neg
56.342427313,-1592,-1158,-1158,neg_neg
56.344343182,-1593,-1159,-1159,neg_neg
56.346292733,-1595,-1159,-1159,neg_neg
56.348378771,-1596,-1160,-1160,neg_neg
56.350351774,-1598,-1160,-1160,neg_neg
56.352308544,-1599,-1161,-1161,neg_neg
56.354264685,-1601,-1162,-1162,neg_neg
56.356295266,-1602,-1162,-1162,neg_neg
56.358317676,-1604,-1163,-1163,neg_neg
56.360300502,-1606,-1164,-1164,neg_neg
56.362402878,-1607,-1165,-1165,neg_neg
56.364362457,-1609,-1165,-1165,neg_neg
56.366395708,-1611,-1166,-1166,neg_neg
56.368301847,-1613,-1167,-1167,neg_neg
56.370417776,-1614,-1168,-1168,neg_neg
56.372416272,-1616,-1169,-1169,neg_neg
56.374377105,-1618,-1170,-1170,neg_neg
56.376349529,-1620,-1171,-1171,neg_neg
56.378382715,-1622,-1172,-1172,neg_neg
56.380379024,-1624,-1173,-1173,neg_neg
56.382387015,-1626,-1174,-1174,neg_neg
56.384313024,-1628,-1175,-1175,neg_neg
56.386348205,-1630,-1177,-1177,neg_neg
56.388277186,-1632,-1178,-1178,neg_neg
56.390343454,-1633,-1180,-1180,neg_neg
56.392256702,-1635,-1181,-1181,neg_neg
56.394227394,-1637,-1183,-1183,neg_neg
56.396231963,-1639,-1184,-1184,neg_neg
56.398279873,-1641,-1186,-1186,neg_neg
56.400192633,-1643,-1187,-1187,neg_neg
56.402207685,-1645,-1188,-1188,neg_neg
56.404279517,-1647,-1191,-1191,neg_neg
56.40620929,-1648,-1193,-1193,neg_neg
56.408200282,-1650,-1196,-1196,neg_neg
56.410185385,-1652,-1197,-1197,neg_neg
56.412256562,-1654,-1199,-1199,neg_neg
56.414229263,-1655,-1201,-1201,neg_neg
56.416212398,-1657,-1203,-1203,neg_neg
56.418190134,-1659,-1204,-1204,neg_neg
56.420158801,-1660,-1205,-1205,neg_neg
56.422209399,-1661,-1207,-1207,neg_neg
56.42421127,-1663,-1209,-1209,neg_neg
56.426239831,-1665,-1210,-1210,neg_neg
56.428239734,-1667,-1211,-1211,neg_neg
56.430223427,-1668,-1213,-1213,neg_neg
56.432192139,-1670,-1214,-1214,neg_neg
56.434119669,-1671,-1217,-1217,neg_neg
56.43615415,-1673,-1218,-1218,neg_neg
56.438115614,-1674,-1219,-1219,neg_neg
56.440119729,-1676,-1221,-1221,neg_neg
56.442106868,-1677,-1223,-1223,neg_neg
56.44408987,-1679,-1224,-1224,neg_neg
56.446121255,-1679,-1226,-1226,neg_neg
56.448105398,-1682,-1227,-1227,neg_neg
56.450069019,-1682,-1229,-1229,neg_neg
56.452126709,-1684,-1231,-1231,neg_neg
56.454164056,-1686,-1232,-1232,neg_neg
56.456183905,-1687,-1234,-1234,neg_neg
56.458204274,-1689,-1236,-1236,neg_neg
56.460176821,-1690,-1237,-1237,neg_neg
56.462120315,-1691,-1238,-1238,neg_neg
56.464189521,-1693,-1239,-1239,neg_neg
56.46613287,-1695,-1240,-1240,neg_neg
56.468150364,-1697,-1241,-1241,neg_neg
56.470095872,-1700,-1243,-1243,neg_neg
56.47214939,-1701,-1244,-1244,neg_neg
56.474102245,-1703,-1246,-1246,neg_neg
56.476135827,-1704,-1247,-1247,neg_neg
56.478163435,-1705,-1248,-1248,neg_neg
56.480144137,-1707,-1250,-1250,neg_neg
56.482188868,-1710,-1251,-1251,neg_neg
56.484195207,-1710,-1252,-1252,neg_neg
56.486040239,-1713,-1254,-1254,neg_neg
56.488035735,-1714,-1255,-1255,neg_neg
56.490010817,-1715,-1256,-1256,neg_neg
56.491980821,-1717,-1257,-1257,neg_neg
56.494056573,-1719,-1258,-1258,neg_neg
56.496092535,-1721,-1259,-1259,neg_neg
56.498067332,-1723,-1260,-1260,neg_neg
56.500060799,-1725,-1261,-1261,neg_neg
56.502100299,-1727,-1261,-1261,neg_neg
56.504066927,-1729,-1262,-1262,neg_neg
56.506036863,-1731,-1263,-1263,neg_neg
56.508116344,-1733,-1263,-1263,neg_neg
56.509977966,-1735,-1264,-1264,neg_neg
56.512333174,-1738,-1265,-1265,neg_neg
56.514004876,-1739,-1265,-1265,neg_neg
56.516019749,-1742,-1266,-1266,neg_neg
56.518057704,-1744,-1267,-1267,neg_neg
56.520005358,-1746,-1268,-1268,neg_neg
56.521995157,-1748,-1268,-1268,neg_neg
56.524027426,-1750,-1269,-1269,neg_neg
56.525969672,-1753,-1270,-1270,neg_neg
56.527923902,-1755,-1271,-1271,neg_neg
56.529964332,-1757,-1273,-1273,neg_neg
56.532016071,-1759,-1274,-1274,neg_neg
56.533979801,-1761,-1275,-1275,neg_neg
56.535992913,-1763,-1276,-1276,neg_neg
56.537995772,-1766,-1278,-1278,neg_neg
56.539993398,-1768,-1280,-1280,neg_neg
56.542022827,-1770,-1282,-1282,neg_neg
56.544007205,-1772,-1283,-1283,neg_neg
56.545957119,-1774,-1285,-1285,neg_neg
56.547924533,-1776,-1287,-1287,neg_neg
56.549958773,-1778,-1290,-1290,neg_neg
56.552021768,-1780,-1292,-1292,neg_neg
56.553928762,-1782,-1294,-1294,neg_neg
56.555924743,-1784,-1296,-1296,neg_neg
56.557891021,-1786,-1299,-1299,neg_neg
56.559887508,-1788,-1302,-1302,neg_neg
56.561919145,-1790,-1304,-1304,neg_neg
56.563886619,-1791,-1307,-1307,neg_neg
56.565893907,-1793,-1309,-1309,neg_neg
56.567909433,-1795,-1311,-1311,neg_neg
56.570005461,-1796,-1314,-1314,neg_neg
56.571969973,-1798,-1317,-1317,neg_neg
56.573883726,-1799,-1319,-1319,neg_neg
56.575923969,-1801,-1321,-1321,neg_neg
56.577841308,-1802,-1324,-1324,neg_neg
56.579851373,-1804,-1326,-1326,neg_neg
56.581873657,-1805,-1328,-1328,neg_neg
56.583814655,-1807,-1330,-1330,neg_neg
56.585862307,-1808,-1332,-1332,neg_neg
56.587838436,-1810,-1333,-1333,neg_neg
56.589888143,-1811,-1335,-1335,neg_neg
56.591809393,-1812,-1336,-1336,neg_neg
56.593967943,-1814,-1338,-1338,neg_neg
56.595821324,-1816,-1338,-1338,neg_neg
56.597936188,-1817,-1340,-1340,neg_neg
56.599777917,-1819,-1340,-1340,neg_neg
56.601923603,-1820,-1341,-1341,neg_neg
56.603830511,-1822,-1342,-1342,neg_neg
56.605964321,-1823,-1342,-1342,neg_neg
56.607810209,-1825,-1343,-1343,neg_neg
56.610091974,-1826,-1344,-1344,neg_neg
56.611828708,-1828,-1344,-1344,neg_neg
56.613907443,-1830,-1345,-1345,neg_neg
56.615801712,-1832,-1346,-1346,neg_neg
56.617925105,-1833,-1346,-1346,neg_neg
56.619781102,-1835,-1347,-1347,neg_neg
56.621795169,-1837,-1347,-1347,neg_neg
56.623787286,-1839,-1348,-1348,neg_neg
56.625793822,-1840,-1349,-1349,neg_neg
56.62781874,-1843,-1350,-1350,neg_neg
56.63002511,-1845,-1351,-1351,neg_neg
56.631787863,-1847,-1352,-1352,neg_neg
56.633764505,-1849,-1353,-1353,neg_neg
56.635872179,-1851,-1354,-1354,neg_neg
56.637746299,-1853,-1355,-1355,neg_neg
56.639734304,-1855,-1356,-1356,neg_neg
56.641743076,-1857,-1358,-1358,neg_neg
56.643763939,-1859,-1359,-1359,neg_neg
56.64575099,-1861,-1360,-1360,neg_neg
56.647803676,-1863,-1362,-1362,neg_neg
56.649776528,-1865,-1364,-1364,neg_neg
56.651759103,-1868,-1366,-1366,neg_neg
56.653711972,-1870,-1367,-1367,neg_neg
56.655716627,-1872,-1369,-1369,neg_neg
56.657710902,-1874,-1371,-1371,neg_neg
56.659771253,-1876,-1373,-1373,neg_neg
56.661800089,-1878,-1375,-1375,neg_neg
56.663721925,-1880,-1376,-1376,neg_neg
56.66571982,-1882,-1379,-1379,neg_neg
56.667681525,-1884,-1381,-1381,neg_neg
56.66969754,-1886,-1383,-1383,neg_neg
56.671709359,-1888,-1385,-1385,neg_neg
56.673749785,-1890,-1388,-1388,neg_neg
56.675735051,-1892,-1390,-1390,neg_neg
56.677692432,-1894,-1392,-1392,neg_neg
56.679631131,-1896,-1395,-1395,neg_neg
56.681665936,-1897,-1397,-1397,neg_neg
56.683646173,-1899,-1400,-1400,neg_neg
56.685697648,-1901,-1403,-1403,neg_neg
56.687701639,-1903,-1405,-1405,neg_neg
56.689668694,-1904,-1408,-1408,neg_neg
56.691684236,-1906,-1410,-1410,neg_neg
56.69364986,-1908,-1413,-1413,neg_neg
56.695648828,-1910,-1415,-1415,neg_neg
56.697643739,-1912,-1418,-1418,neg_neg
56.699646516,-1913,-1421,-1421,neg_neg
56.701683605,-1915,-1423,-1423,neg_neg
56.703588771,-1917,-1426,-1426,neg_neg
56.705626347,-1918,-1428,-1428,neg_neg
56.707587826,-1919,-1431,-1431,neg_neg
56.709701858,-1921,-1433,-1433,neg_neg
56.71162549,-1922,-1435,-1435,neg_neg
56.713566336,-1923,-1437,-1437,neg_neg
56.715673833,-1925,-1439,-1439,neg_neg
56.717634099,-1926,-1441,-1441,neg_neg
56.719666587,-1927,-1443,-1443,neg_neg
56.721590753,-1928,-1445,-1445,neg_neg
56.723607177,-1929,-1446,-1446,neg_neg
56.725619659,-1931,-1448,-1448,neg_neg
56.727597133,-1932,-1449,-1449,neg_neg
56.72961578,-1933,-1451,-1451,neg_neg
56.731568495,-1934,-1452,-1452,neg_neg
56.73363183,-1936,-1453,-1453,neg_neg
56.735609289,-1937,-1454,-1454,neg_neg
56.737661404,-1939,-1454,-1454,neg_neg
56.739619485,-1940,-1455,-1455,neg_neg
56.741580112,-1942,-1456,-1456,neg_neg
56.743571522,-1944,-1456,-1456,neg_neg
56.745605113,-1945,-1456,-1456,neg_neg
56.747687782,-1947,-1456,-1456,neg_neg
56.74955576,-1949,-1456,-1456,neg_neg
56.7515319,-1950,-1456,-1456,neg_neg
56.75357681,-1953,-1456,-1456,neg_neg
56.755540652,-1955,-1456,-1456,neg_neg
56.757573835,-1956,-1456,-1456,neg_neg
56.759489118,-1958,-1456,-1456,neg_neg
56.761502544,-1960,-1456,-1456,neg_neg
56.763498468,-1962,-1456,-1456,neg_neg
56.765446028,-1964,-1456,-1456,neg_neg
56.767562828,-1966,-1456,-1456,neg_neg
56.769513659,-1969,-1456,-1456,neg_neg
56.771454642,-1971,-1456,-1456,neg_neg
56.773494306,-1973,-1456,-1456,neg_neg
56.775458415,-1975,-1456,-1456,neg_neg
56.777505569,-1977,-1457,-1457,neg_neg
56.779539065,-1980,-1457,-1457,neg_neg
56.781447532,-1982,-1458,-1458,neg_neg
56.783498593,-1984,-1459,-1459,neg_neg
56.785438094,-1986,-1460,-1460,neg_neg
56.787489131,-1988,-1461,-1461,neg_neg
56.789424431,-1991,-1462,-1462,neg_neg
56.791424587,-1993,-1463,-1463,neg_neg
56.793361656,-1996,-1465,-1465,neg_neg
56.795397795,-1998,-1466,-1466,neg_neg
56.797396912,-2001,-1468,-1468,neg_neg
56.799386536,-2003,-1470,-1470,neg_neg
56.801396287,-2005,-1472,-1472,neg_neg
56.803403813,-2008,-1474,-1474,neg_neg
56.80541766,-2010,-1476,-1476,neg_neg
56.807428888,-2012,-1479,-1479,neg_neg
56.809418088,-2014,-1481,-1481,neg_neg
56.811420017,-2017,-1484,-1484,neg_neg
56.813485537,-2018,-1486,-1486,neg_neg
56.815426353,-2020,-1489,-1489,neg_neg
56.817411979,-2022,-1491,-1491,neg_neg
56.819509067,-2024,-1494,-1494,neg_neg
56.821453422,-2027,-1497,-1497,neg_neg
56.823416113,-2029,-1500,-1500,neg_neg
56.825498176,-2031,-1502,-1502,neg_neg
56.827426434,-2033,-1505,-1505,neg_neg
56.829410302,-2034,-1508,-1508,neg_neg
56.831400943,-2036,-1511,-1511,neg_neg
56.833416118,-2038,-1513,-1513,neg_neg
56.835373777,-2040,-1516,-1516,neg_neg
56.837367981,-2041,-1518,-1518,neg_neg
56.839401417,-2043,-1521,-1521,neg_neg
56.841340012,-2045,-1523,-1523,neg_neg
56.843381878,-2046,-1525,-1525,neg_neg
56.845337594,-2048,-1527,-1527,neg_neg
56.847317573,-2049,-1529,-1529,neg_neg
56.849323088,-2050,-1531,-1531,neg_neg
56.851306025,-2052,-1533,-1533,neg_neg
56.8532861,-2053,-1535,-1535,neg_neg
56.855314937,-2055,-1537,-1537,neg_neg
56.857308582,-2056,-1538,-1538,neg_neg
56.859339717,-2057,-1539,-1539,neg_neg
56.861303857,-2058,-1541,-1541,neg_neg
56.86337164,-2059,-1542,-1542,neg_neg
56.865361049,-2060,-1542,-1542,neg_neg
56.867358445,-2061,-1543,-1543,neg_neg
56.86931172,-2062,-1543,-1543,neg_neg
56.871403603,-2063,-1544,-1544,neg_neg
56.873320558,-2064,-1545,-1545,neg_neg
56.875300939,-2065,-1545,-1545,neg_neg
56.877303413,-2066,-1546,-1546,neg_neg
56.879281342,-2067,-1547,-1547,neg_neg
56.881305472,-2068,-1547,-1547,neg_neg
56.883275873,-2070,-1548,-1548,neg_neg
56.885361324,-2071,-1548,-1548,neg_neg
56.887275385,-2072,-1549,-1549,neg_neg
56.889352614,-2074,-1549,-1549,neg_neg
56.891290645,-2076,-1550,-1550,neg_neg
56.893361491,-2077,-1550,-1550,neg_neg
56.89538642,-2079,-1551,-1551,neg_neg
56.897326047,-2080,-1551,-1551,neg_neg
56.899281033,-2081,-1551,-1551,neg_neg
56.90125811,-2083,-1551,-1551,neg_neg
56.903263331,-2085,-1551,-1551,neg_neg
56.905270651,-2087,-1551,-1551,neg_neg
56.907308,-2089,-1551,-1551,neg_neg
56.909302244,-2090,-1551,-1551,neg_neg
56.911301887,-2093,-1551,-1551,neg_neg
56.913313083,-2094,-1552,-1552,neg_neg
56.915269822,-2097,-1552,-1552,neg_neg
56.917376014,-2099,-1552,-1552,neg_neg
56.919403995,-2101,-1552,-1552,neg_neg
56.921367496,-2103,-1553,-1553,neg_neg
56.923386248,-2105,-1553,-1553,neg_neg
56.925401738,-2107,-1554,-1554,neg_neg
56.927352818,-2108,-1555,-1555,neg_neg
56.929380192,-2110,-1556,-1556,neg_neg
56.931316647,-2112,-1557,-1557,neg_neg
56.9333296,-2114,-1558,-1558,neg_neg
56.935313134,-2116,-1560,-1560,neg_neg
56.937288594,-2118,-1561,-1561,neg_neg
56.939323969,-2120,-1563,-1563,neg_neg
56.941358046,-2121,-1565,-1565,neg_neg
56.943335151,-2123,-1567,-1567,neg_neg
56.945300466,-2125,-1569,-1569,neg_neg
56.947287911,-2127,-1571,-1571,neg_neg
56.949352048,-2129,-1573,-1573,neg_neg
56.951364461,-2131,-1576,-1576,neg_neg
56.953351003,-2133,-1580,-1580,neg_neg
56.955313108,-2135,-1583,-1583,neg_neg
56.957313344,-2137,-1586,-1586,neg_neg
56.959270583,-2139,-1589,-1589,neg_neg
56.961281,-2141,-1592,-1592,neg_neg
56.9633185,-2143,-1595,-1595,neg_neg
56.965375112,-2144,-1599,-1599,neg_neg
56.967328006,-2146,-1602,-1602,neg_neg
56.969316964,-2148,-1605,-1605,neg_neg
56.971300323,-2150,-1609,-1609,neg_neg
56.973218408,-2152,-1613,-1613,neg_neg
56.975237977,-2154,-1616,-1616,neg_neg
56.977222037,-2157,-1619,-1619,neg_neg
56.97915143,-2158,-1622,-1622,neg_neg
56.981169526,-2159,-1625,-1625,neg_neg
56.983151356,-2162,-1628,-1628,neg_neg
56.98517769,-2163,-1632,-1632,neg_neg
56.987144552,-2166,-1635,-1635,neg_neg
56.989185579,-2168,-1637,-1637,neg_neg
56.991171214,-2170,-1640,-1640,neg_neg
56.993171691,-2171,-1643,-1643,neg_neg
56.995151192,-2172,-1645,-1645,neg_neg
56.997117558,-2173,-1647,-1647,neg_neg
56.999144184,-2175,-1649,-1649,neg_neg
57.001171282,-2177,-1650,-1650,neg_neg
57.00316741,-2178,-1652,-1652,neg_neg
57.005193612,-2180,-1653,-1653,neg_neg
57.007227234,-2182,-1654,-1654,neg_neg
57.009312334,-2183,-1655,-1655,neg_neg
57.011179955,-2185,-1655,-1655,neg_neg
57.013246699,-2186,-1656,-1656,neg_neg
57.015255458,-2188,-1655,-1655,neg_neg
57.017257069,-2189,-1656,-1656,neg_neg
57.019214316,-2190,-1655,-1655,neg_neg
57.021148611,-2192,-1655,-1655,neg_neg
57.02314363,-2193,-1655,-1655,neg_neg
57.025092646,-2194,-1655,-1655,neg_neg
57.027107918,-2196,-1655,-1655,neg_neg
57.029184863,-2198,-1655,-1655,neg_neg
57.031100489,-2199,-1654,-1654,neg_neg
57.033161189,-2200,-1654,-1654,neg_neg
57.035061174,-2201,-1654,-1654,neg_neg
57.037112838,-2203,-1653,-1653,neg_neg
57.039063886,-2204,-1653,-1653,neg_neg
57.041093701,-2206,-1653,-1653,neg_neg
57.043066966,-2209,-1653,-1653,neg_neg
57.044992774,-2209,-1653,-1653,neg_neg
57.047002183,-2211,-1653,-1653,neg_neg
57.049000221,-2213,-1653,-1653,neg_neg
57.051045181,-2215,-1653,-1653,neg_neg
57.052986137,-2216,-1654,-1654,neg_neg
57.055078357,-2218,-1654,-1654,neg_neg
57.056978445,-2220,-1654,-1654,neg_neg
57.058968043,-2222,-1655,-1655,neg_neg
57.060950477,-2224,-1656,-1656,neg_neg
57.062959847,-2226,-1656,-1656,neg_neg
57.065095965,-2228,-1658,-1658,neg_neg
57.066973108,-2229,-1658,-1658,neg_neg
57.069026546,-2231,-1660,-1660,neg_neg
57.070925378,-2233,-1661,-1661,neg_neg
57.073006736,-2236,-1662,-1662,neg_neg
57.074997017,-2238,-1664,-1664,neg_neg
57.076989612,-2240,-1665,-1665,neg_neg
57.079015277,-2243,-1667,-1667,neg_neg
57.081036882,-2245,-1669,-1669,neg_neg
57.082931079,-2247,-1671,-1671,neg_neg
57.084976175,-2249,-1672,-1672,neg_neg
57.086930844,-2251,-1674,-1674,neg_neg
57.089166038,-2253,-1676,-1676,neg_neg
57.090973181,-2255,-1678,-1678,neg_neg
57.093039102,-2257,-1680,-1680,neg_neg
57.094974413,-2259,-1683,-1683,neg_neg
57.097207287,-2261,-1685,-1685,neg_neg
57.098997815,-2263,-1687,-1687,neg_neg
57.101040425,-2265,-1690,-1690,neg_neg
57.102961733,-2267,-1692,-1692,neg_neg
57.104905854,-2269,-1695,-1695,neg_neg
57.10692031,-2271,-1697,-1697,neg_neg
57.108905301,-2272,-1700,-1700,neg_neg
57.110908884,-2274,-1702,-1702,neg_neg
57.112942669,-2275,-1705,-1705,neg_neg
57.114949306,-2277,-1707,-1707,neg_neg
57.116932899,-2278,-1710,-1710,neg_neg
57.118961814,-2279,-1713,-1713,neg_neg
57.120867606,-2280,-1715,-1715,neg_neg
57.12287582,-2281,-1717,-1717,neg_neg
57.124885176,-2283,-1719,-1719,neg_neg
57.126864551,-2284,-1721,-1721,neg_neg
57.12885785,-2285,-1723,-1723,neg_neg
57.130830295,-2286,-1724,-1724,neg_neg
57.132871042,-2287,-1726,-1726,neg_neg
57.13490412,-2288,-1727,-1727,neg_neg
57.136912633,-2290,-1728,-1728,neg_neg
57.13900596,-2291,-1729,-1729,neg_neg
57.140989684,-2292,-1730,-1730,neg_neg
57.142975708,-2293,-1731,-1731,neg_neg
57.144883981,-2294,-1731,-1731,neg_neg
57.146849021,-2295,-1732,-1732,neg_neg
57.148823941,-2296,-1732,-1732,neg_neg
57.150856103,-2297,-1732,-1732,neg_neg
57.152816187,-2298,-1732,-1732,neg_neg
57.154848769,-2299,-1733,-1733,neg_neg
57.156821676,-2300,-1733,-1733,neg_neg
57.158848778,-2301,-1733,-1733,neg_neg
57.160944344,-2302,-1733,-1733,neg_neg
57.162836066,-2303,-1732,-1732,neg_neg
57.164862342,-2304,-1732,-1732,neg_neg
57.166901362,-2305,-1732,-1732,neg_neg
57.168813439,-2306,-1732,-1732,neg_neg
57.170801245,-2307,-1732,-1732,neg_neg
57.17282405,-2308,-1732,-1732,neg_neg
57.174842169,-2309,-1732,-1732,neg_neg
57.176862386,-2311,-1732,-1732,neg_neg
57.178792114,-2312,-1732,-1732,neg_neg
57.180765453,-2313,-1732,-1732,neg_neg
57.182791999,-2314,-1733,-1733,neg_neg
57.18484247,-2316,-1733,-1733,neg_neg
57.18678661,-2317,-1733,-1733,neg_neg
57.188838608,-2319,-1733,-1733,neg_neg
57.190749428,-2320,-1734,-1734,neg_neg
57.192761414,-2322,-1734,-1734,neg_neg
57.194789973,-2323,-1734,-1734,neg_neg
57.196768999,-2325,-1735,-1735,neg_neg
57.198876273,-2327,-1736,-1736,neg_neg
57.200888587,-2328,-1736,-1736,neg_neg
57.20284416,-2329,-1737,-1737,neg_neg
57.204800708,-2331,-1738,-1738,neg_neg
57.20676798,-2333,-1739,-1739,neg_neg
57.208815135,-2334,-1741,-1741,neg_neg
57.210804685,-2336,-1742,-1742,neg_neg
57.21277449,-2337,-1743,-1743,neg_neg
57.214755478,-2339,-1745,-1745,neg_neg
57.21675594,-2341,-1746,-1746,neg_neg
57.218728092,-2343,-1748,-1748,neg_neg
57.220695968,-2345,-1750,-1750,neg_neg
57.222778752,-2346,-1752,-1752,neg_neg
57.224701091,-2348,-1754,-1754,neg_neg
57.226675353,-2350,-1756,-1756,neg_neg
57.228716612,-2351,-1758,-1758,neg_neg
57.230726978,-2353,-1760,-1760,neg_neg
57.232720917,-2355,-1763,-1763,neg_neg
57.234686599,-2356,-1765,-1765,neg_neg
57.23668373,-2358,-1768,-1768,neg_neg
57.238667513,-2359,-1770,-1770,neg_neg
57.240675066,-2361,-1773,-1773,neg_neg
57.242611677,-2362,-1776,-1776,neg_neg
57.244650764,-2364,-1778,-1778,neg_neg
57.24668463,-2365,-1781,-1781,neg_neg
57.248662826,-2366,-1784,-1784,neg_neg
57.250650183,-2368,-1787,-1787,neg_neg
57.252644666,-2369,-1789,-1789,neg_neg
57.254700458,-2370,-1792,-1792,neg_neg
57.256634858,-2371,-1794,-1794,neg_neg
57.258649225,-2373,-1797,-1797,neg_neg
57.260600212,-2374,-1799,-1799,neg_neg
57.26261299,-2375,-1801,-1801,neg_neg
57.26465054,-2376,-1803,-1803,neg_neg
57.266663288,-2377,-1804,-1804,neg_neg
57.268670386,-2378,-1805,-1805,neg_neg
57.270692097,-2379,-1806,-1806,neg_neg
57.272675241,-2379,-1807,-1807,neg_neg
57.274643809,-2380,-1807,-1807,neg_neg
57.276621489,-2381,-1808,-1808,neg_neg
57.278590034,-2381,-1808,-1808,neg_neg
57.28059592,-2382,-1808,-1808,neg_neg
57.282604749,-2383,-1808,-1808,neg_neg
57.284528609,-2383,-1808,-1808,neg_neg
57.286590246,-2383,-1808,-1808,neg_neg
57.288571888,-2383,-1807,-1807,neg_neg
57.290565499,-2384,-1807,-1807,neg_neg
57.292526324,-2384,-1806,-1806,neg_neg
57.294562502,-2384,-1806,-1806,neg_neg
57.296544544,-2384,-1805,-1805,neg_neg
57.298553171,-2385,-1804,-1804,neg_neg
57.300542651,-2386,-1803,-1803,neg_neg
57.302592308,-2386,-1802,-1802,neg_neg
57.304594151,-2387,-1801,-1801,neg_neg
57.306566902,-2387,-1800,-1800,neg_neg
57.308543749,-2388,-1799,-1799,neg_neg
57.310527467,-2389,-1798,-1798,neg_neg
57.31249711,-2389,-1797,-1797,neg_neg
57.314469505,-2390,-1796,-1796,neg_neg
57.316464252,-2391,-1796,-1796,neg_neg
57.31845854,-2392,-1795,-1795,neg_neg
57.320440373,-2392,-1795,-1795,neg_neg
57.322490141,-2394,-1795,-1795,neg_neg
57.324527045,-2395,-1795,-1795,neg_neg
57.326508365,-2396,-1795,-1795,neg_neg
57.328471102,-2398,-1795,-1795,neg_neg
57.330439685,-2399,-1795,-1795,neg_neg
57.332476989,-2401,-1795,-1795,neg_neg
57.334440507,-2402,-1796,-1796,neg_neg
57.33642037,-2403,-1796,-1796,neg_neg
57.338417972,-2405,-1797,-1797,neg_neg
57.340401961,-2407,-1799,-1799,neg_neg
57.342414985,-2409,-1800,-1800,neg_neg
57.344435985,-2411,-1801,-1801,neg_neg
57.346447885,-2412,-1803,-1803,neg_neg
57.34838503,-2414,-1805,-1805,neg_neg
57.350377876,-2416,-1806,-1806,neg_neg
57.352391438,-2418,-1808,-1808,neg_neg
57.354374576,-2420,-1811,-1811,neg_neg
57.356344557,-2422,-1813,-1813,neg_neg
57.358378487,-2424,-1815,-1815,neg_neg
57.360385866,-2426,-1818,-1818,neg_neg
57.362389369,-2429,-1820,-1820,neg_neg
57.364392659,-2431,-1823,-1823,neg_neg
57.366384794,-2432,-1826,-1826,neg_neg
57.36836153,-2434,-1828,-1828,neg_neg
57.370367044,-2436,-1831,-1831,neg_neg
57.372369299,-2438,-1834,-1834,neg_neg
57.374332403,-2440,-1837,-1837,neg_neg
57.376366745,-2441,-1840,-1840,neg_neg
57.378384304,-2443,-1843,-1843,neg_neg
57.380514705,-2444,-1846,-1846,neg_neg
57.382446658,-2446,-1849,-1849,neg_neg
57.384497768,-2447,-1853,-1853,neg_neg
57.386515084,-2448,-1856,-1856,neg_neg
57.388526403,-2450,-1859,-1859,neg_neg
57.390435424,-2451,-1862,-1862,neg_neg
57.392470557,-2452,-1865,-1865,neg_neg
57.394479602,-2453,-1868,-1868,neg_neg
57.396386537,-2454,-1871,-1871,neg_neg
57.398350811,-2454,-1873,-1873,neg_neg
57.400349348,-2455,-1875,-1875,neg_neg
57.402353244,-2455,-1878,-1878,neg_neg
57.404329417,-2456,-1879,-1879,neg_neg
57.406411308,-2456,-1881,-1881,neg_neg
57.408367317,-2456,-1882,-1882,neg_neg
57.410435032,-2457,-1883,-1883,neg_neg
57.412391258,-2457,-1883,-1883,neg_neg
57.414412932,-2457,-1883,-1883,neg_neg
57.416386164,-2457,-1883,-1883,neg_neg
57.41840532,-2458,-1883,-1883,neg_neg
57.420388838,-2458,-1882,-1882,neg_neg
57.42247466,-2458,-1881,-1881,neg_neg
57.424372403,-2458,-1880,-1880,neg_neg
57.426483981,-2458,-1878,-1878,neg_neg
57.428357182,-2458,-1877,-1877,neg_neg
57.430369703,-2458,-1875,-1875,neg_neg
57.432340678,-2458,-1873,-1873,neg_neg
57.434336004,-2458,-1870,-1870,neg_neg
57.43634687,-2459,-1868,-1868,neg_neg
57.438337102,-2459,-1866,-1866,neg_neg
57.440339362,-2459,-1863,-1863,neg_neg
57.442333768,-2459,-1861,-1861,neg_neg
57.444320029,-2459,-1859,-1859,neg_neg
57.446279959,-2460,-1856,-1856,neg_neg
57.448259728,-2461,-1853,-1853,neg_neg
57.45034087,-2461,-1850,-1850,neg_neg
57.452240991,-2462,-1848,-1848,neg_neg
57.454312663,-2463,-1845,-1845,neg_neg
57.45625737,-2464,-1843,-1843,neg_neg
57.458250332,-2465,-1841,-1841,neg_neg
57.460231412,-2466,-1839,-1839,neg_neg
57.462264394,-2467,-1836,-1836,neg_neg
57.464234817,-2468,-1835,-1835,neg_neg
57.466314609,-2469,-1834,-1834,neg_neg
57.468263134,-2471,-1833,-1833,neg_neg
57.470205284,-2472,-1832,-1832,neg_neg
57.472256433,-2473,-1832,-1832,neg_neg
57.474236158,-2475,-1832,-1832,neg_neg
57.476259488,-2477,-1832,-1832,neg_neg
57.478278985,-2479,-1832,-1832,neg_neg
57.480284691,-2480,-1833,-1833,neg_neg
57.482251607,-2482,-1834,-1834,neg_neg
57.484290627,-2483,-1835,-1835,neg_neg
57.486302552,-2485,-1836,-1836,neg_neg
57.488299978,-2488,-1838,-1838,neg_neg
57.490233913,-2489,-1840,-1840,neg_neg
57.49225403,-2491,-1843,-1843,neg_neg
57.494274897,-2493,-1845,-1845,neg_neg
57.496258123,-2495,-1848,-1848,neg_neg
57.498300219,-2496,-1851,-1851,neg_neg
57.500289977,-2498,-1854,-1854,neg_neg
57.502257969,-2500,-1858,-1858,neg_neg
57.504247699,-2502,-1861,-1861,neg_neg
57.506276564,-2504,-1865,-1865,neg_neg
57.508281751,-2505,-1869,-1869,neg_neg
57.510239743,-2507,-1872,-1872,neg_neg
57.512207656,-2509,-1877,-1877,neg_neg
57.514177921,-2510,-1881,-1881,neg_neg
57.51615479,-2512,-1885,-1885,neg_neg
57.518185143,-2513,-1889,-1889,neg_neg
57.520166523,-2515,-1892,-1892,neg_neg
57.522153082,-2516,-1897,-1897,neg_neg
57.524179729,-2517,-1901,-1901,neg_neg
57.526198245,-2518,-1905,-1905,neg_neg
57.528162266,-2519,-1908,-1908,neg_neg
57.530171351,-2519,-1912,-1912,neg_neg
57.532111775,-2520,-1915,-1915,neg_neg
57.534151363,-2520,-1918,-1918,neg_neg
57.536099905,-2520,-1920,-1920,neg_neg
57.538177332,-2520,-1922,-1922,neg_neg
57.54011684,-2520,-1924,-1924,neg_neg
57.542173463,-2520,-1925,-1925,neg_neg
57.544247828,-2520,-1926,-1926,neg_neg
57.546187892,-2519,-1927,-1927,neg_neg
57.548192265,-2519,-1927,-1927,neg_neg
57.550219618,-2519,-1927,-1927,neg_neg
57.552137433,-2518,-1927,-1927,neg_neg
57.554138041,-2518,-1927,-1927,neg_neg
57.556068684,-2517,-1926,-1926,neg_neg
57.558137977,-2517,-1924,-1924,neg_neg
57.560139414,-2516,-1923,-1923,neg_neg
57.562096559,-2516,-1921,-1921,neg_neg
57.564069555,-2515,-1920,-1920,neg_neg
57.566053044,-2514,-1917,-1917,neg_neg
57.568048358,-2514,-1915,-1915,neg_neg
57.570101968,-2513,-1913,-1913,neg_neg
57.572049971,-2513,-1910,-1910,neg_neg
57.574141309,-2513,-1908,-1908,neg_neg
57.576149009,-2512,-1905,-1905,neg_neg
57.578161555,-2512,-1902,-1902,neg_neg
57.580034081,-2512,-1898,-1898,neg_neg
57.582085891,-2512,-1895,-1895,neg_neg
57.584020021,-2512,-1892,-1892,neg_neg
57.586023081,-2512,-1889,-1889,neg_neg
57.58803641,-2512,-1886,-1886,neg_neg
57.590027367,-2512,-1883,-1883,neg_neg
57.592000454,-2513,-1880,-1880,neg_neg
57.594102908,-2514,-1877,-1877,neg_neg
57.596103741,-2514,-1874,-1874,neg_neg
57.598106986,-2515,-1872,-1872,neg_neg
57.600083275,-2516,-1870,-1870,neg_neg
57.60210996,-2517,-1868,-1868,neg_neg
57.604077047,-2518,-1866,-1866,neg_neg
57.606055454,-2519,-1865,-1865,neg_neg
57.607994349,-2520,-1864,-1864,neg_neg
57.609963965,-2521,-1863,-1863,neg_neg
57.611995181,-2522,-1862,-1862,neg_neg
57.614024304,-2524,-1862,-1862,neg_neg
57.616096654,-2525,-1862,-1862,neg_neg
57.618050419,-2526,-1863,-1863,neg_neg
57.620071677,-2528,-1863,-1863,neg_neg
57.622090409,-2529,-1865,-1865,neg_neg
57.624073622,-2529,-1866,-1866,neg_neg
57.626016231,-2531,-1867,-1867,neg_neg
57.627927246,-2532,-1869,-1869,neg_neg
57.629967785,-2533,-1871,-1871,neg_neg
57.631947881,-2535,-1874,-1874,neg_neg
57.63406039,-2536,-1876,-1876,neg_neg
57.636030752,-2537,-1879,-1879,neg_neg
57.638000681,-2538,-1883,-1883,neg_neg
57.639965137,-2539,-1886,-1886,neg_neg
57.641927616,-2540,-1890,-1890,neg_neg
57.643909129,-2540,-1893,-1893,neg_neg
57.645989417,-2541,-1897,-1897,neg_neg
57.647984523,-2542,-1902,-1902,neg_neg
57.650047052,-2542,-1906,-1906,neg_neg
57.651891939,-2543,-1910,-1910,neg_neg
57.654060859,-2543,-1914,-1914,neg_neg
57.655952205,-2543,-1920,-1920,neg_neg
57.657899938,-2543,-1924,-1924,neg_neg
57.659864076,-2543,-1925,-1925,neg_neg
57.661879267,-2543,-1928,-1928,neg_neg
57.663895572,-2543,-1932,-1932,neg_neg
57.665888905,-2542,-1935,-1935,neg_neg
57.667870644,-2542,-1937,-1937,neg_neg
57.669919607,-2541,-1939,-1939,neg_neg
57.671981741,-2541,-1941,-1941,neg_neg
57.673994535,-2540,-1943,-1943,neg_neg
57.676016662,-2539,-1944,-1944,neg_neg
57.67796961,-2538,-1945,-1945,neg_neg
57.67998177,-2537,-1945,-1945,neg_neg
57.681925363,-2536,-1945,-1945,neg_neg
57.683897234,-2536,-1945,-1945,neg_neg
57.685921303,-2535,-1945,-1945,neg_neg
57.687920075,-2533,-1944,-1944,neg_neg
57.689939459,-2532,-1943,-1943,neg_neg
57.691954242,-2531,-1941,-1941,neg_neg
57.693953256,-2530,-1939,-1939,neg_neg
57.69590138,-2529,-1938,-1938,neg_neg
57.697942057,-2529,-1935,-1935,neg_neg
57.700028389,-2528,-1933,-1933,neg_neg
57.701906041,-2527,-1930,-1930,neg_neg
57.703834287,-2526,-1927,-1927,neg_neg
57.705846946,-2525,-1924,-1924,neg_neg
57.707865858,-2524,-1921,-1921,neg_neg
57.709821299,-2524,-1917,-1917,neg_neg
57.711873857,-2523,-1914,-1914,neg_neg
57.713848316,-2522,-1911,-1911,neg_neg
57.715805761,-2522,-1907,-1907,neg_neg
57.717823511,-2521,-1903,-1903,neg_neg
57.719811916,-2521,-1900,-1900,neg_neg
57.721803544,-2521,-1895,-1895,neg_neg
57.723839523,-2521,-1891,-1891,neg_neg
57.7258109,-2521,-1888,-1888,neg_neg
57.727721602,-2521,-1884,-1884,neg_neg
57.729788616,-2521,-1880,-1880,neg_neg
57.731736554,-2521,-1877,-1877,neg_neg
57.73375143,-2522,-1874,-1874,neg_neg
57.735787973,-2522,-1871,-1871,neg_neg
57.737793663,-2523,-1868,-1868,neg_neg
57.73978641,-2523,-1866,-1866,neg_neg
57.741772024,-2524,-1864,-1864,neg_neg
57.743791605,-2525,-1862,-1862,neg_neg
57.745800005,-2526,-1861,-1861,neg_neg
57.747788813,-2528,-1860,-1860,neg_neg
57.749800022,-2529,-1860,-1860,neg_neg
57.751751363,-2529,-1860,-1860,neg_neg
57.75372445,-2531,-1860,-1860,neg_neg
57.755695852,-2532,-1860,-1860,neg_neg
57.757738311,-2534,-1861,-1861,neg_neg
57.759748218,-2536,-1862,-1862,neg_neg
57.761763394,-2537,-1864,-1864,neg_neg
57.763759528,-2538,-1866,-1866,neg_neg
57.76578018,-2540,-1869,-1869,neg_neg
57.767739718,-2541,-1871,-1871,neg_neg
57.769735377,-2542,-1874,-1874,neg_neg
57.77171579,-2543,-1878,-1878,neg_neg
57.773749157,-2544,-1882,-1882,neg_neg
57.775684921,-2546,-1886,-1886,neg_neg
57.777726636,-2547,-1890,-1890,neg_neg
57.779692951,-2548,-1895,-1895,neg_neg
57.781738416,-2548,-1900,-1900,neg_neg
57.783703206,-2549,-1905,-1905,neg_neg
57.785728665,-2550,-1910,-1910,neg_neg
57.787747083,-2550,-1915,-1915,neg_neg
57.789751892,-2550,-1921,-1921,neg_neg
57.791708627,-2550,-1926,-1926,neg_neg
57.793709262,-2550,-1931,-1931,neg_neg
57.795689215,-2550,-1936,-1936,neg_neg
57.797668406,-2550,-1941,-1941,neg_neg
57.79964471,-2549,-1945,-1945,neg_neg
57.801658966,-2549,-1950,-1950,neg_neg
57.803646818,-2548,-1954,-1954,neg_neg
57.805587786,-2548,-1957,-1957,neg_neg
57.807675582,-2547,-1961,-1961,neg_neg
57.809601876,-2546,-1964,-1964,neg_neg
57.811703345,-2545,-1966,-1966,neg_neg
57.813767281,-2544,-1968,-1968,neg_neg
57.815712974,-2543,-1970,-1970,neg_neg
57.817647456,-2542,-1971,-1971,neg_neg
57.819674441,-2541,-1972,-1972,neg_neg
57.821712309,-2540,-1972,-1972,neg_neg
57.823763559,-2538,-1972,-1972,neg_neg
57.825769025,-2537,-1972,-1972,neg_neg
57.82765252,-2536,-1971,-1971,neg_neg
57.829626525,-2535,-1970,-1970,neg_neg
57.831589957,-2533,-1968,-1968,neg_neg
57.833607111,-2532,-1966,-1966,neg_neg
57.835594534,-2531,-1964,-1964,neg_neg
57.837595687,-2530,-1961,-1961,neg_neg
57.83964513,-2529,-1958,-1958,neg_neg
57.841675541,-2529,-1955,-1955,neg_neg
57.843577138,-2529,-1952,-1952,neg_neg
57.845701073,-2529,-1949,-1949,neg_neg
57.847538119,-2529,-1945,-1945,neg_neg
57.84954546,-2529,-1941,-1941,neg_neg
57.851510135,-2529,-1938,-1938,neg_neg
57.853554037,-2529,-1933,-1933,neg_neg
57.855583419,-2529,-1929,-1929,neg_neg
57.857544077,-2530,-1925,-1925,neg_neg
57.859625122,-2531,-1921,-1921,neg_neg
57.861551316,-2532,-1917,-1917,neg_neg
57.863513416,-2533,-1912,-1912,neg_neg
57.865564811,-2534,-1908,-1908,neg_neg
57.867494226,-2535,-1905,-1905,neg_neg
57.869512296,-2536,-1901,-1901,neg_neg
57.871495301,-2538,-1896,-1896,neg_neg
57.873558366,-2539,-1893,-1893,neg_neg
57.875550085,-2541,-1890,-1890,neg_neg
57.877519753,-2543,-1887,-1887,neg_neg
57.879499536,-2544,-1884,-1884,neg_neg
57.88147901,-2546,-1882,-1882,neg_neg
57.883437177,-2548,-1880,-1880,neg_neg
57.885435944,-2550,-1878,-1878,neg_neg
57.887465073,-2551,-1877,-1877,neg_neg
57.889452135,-2553,-1877,-1877,neg_neg
57.891451966,-2555,-1877,-1877,neg_neg
57.893547142,-2556,-1877,-1877,neg_neg
57.895454467,-2558,-1877,-1877,neg_neg
57.897415431,-2560,-1877,-1877,neg_neg
57.899433241,-2562,-1879,-1879,neg_neg
57.901427979,-2563,-1880,-1880,neg_neg
57.903446517,-2565,-1883,-1883,neg_neg
57.905422764,-2566,-1885,-1885,neg_neg
57.90747145,-2568,-1888,-1888,neg_neg
57.909451838,-2569,-1891,-1891,neg_neg
57.911402001,-2570,-1894,-1894,neg_neg
57.913455453,-2571,-1898,-1898,neg_neg
57.91542035,-2571,-1903,-1903,neg_neg
57.917484322,-2572,-1907,-1907,neg_neg
57.919427564,-2572,-1911,-1911,neg_neg
57.921506137,-2573,-1916,-1916,neg_neg
57.923461697,-2573,-1920,-1920,neg_neg
57.925478864,-2573,-1925,-1925,neg_neg
57.927437908,-2573,-1929,-1929,neg_neg
57.929512173,-2573,-1934,-1934,neg_neg
57.931413933,-2572,-1939,-1939,neg_neg
57.933498485,-2572,-1944,-1944,neg_neg
57.935427866,-2571,-1948,-1948,neg_neg
57.937385248,-2571,-1952,-1952,neg_neg
57.939428322,-2570,-1956,-1956,neg_neg
57.941493902,-2569,-1960,-1960,neg_neg
57.943436534,-2568,-1963,-1963,neg_neg
57.945438164,-2567,-1966,-1966,neg_neg
57.947427364,-2566,-1969,-1969,neg_neg
57.949408668,-2565,-1971,-1971,neg_neg
57.951422748,-2563,-1973,-1973,neg_neg
57.953366289,-2562,-1974,-1974,neg_neg
57.955339109,-2560,-1975,-1975,neg_neg
57.957372145,-2559,-1975,-1975,neg_neg
57.95931136,-2557,-1975,-1975,neg_neg
57.96137133,-2556,-1974,-1974,neg_neg
57.963321914,-2554,-1973,-1973,neg_neg
57.965311816,-2553,-1972,-1972,neg_neg
57.967305657,-2551,-1970,-1970,neg_neg
57.969306026,-2550,-1968,-1968,neg_neg
57.971322908,-2549,-1965,-1965,neg_neg
57.973406648,-2548,-1963,-1963,neg_neg
57.974385214,-2547,-1962,-1962,neg_neg
57.97634993,-2547,-1958,-1958,neg_neg
57.97836893,-2546,-1955,-1955,neg_neg
57.980384176,-2545,-1952,-1952,neg_neg
57.982392453,-2545,-1948,-1948,neg_neg
57.984401439,-2545,-1945,-1945,neg_neg
57.986384563,-2545,-1941,-1941,neg_neg
57.988407042,-2545,-1937,-1937,neg_neg
57.990397097,-2545,-1934,-1934,neg_neg
57.992374653,-2545,-1930,-1930,neg_neg
57.99436643,-2546,-1927,-1927,neg_neg
57.996392995,-2546,-1923,-1923,neg_neg
57.998400873,-2547,-1920,-1920,neg_neg
58.00034968,-2548,-1917,-1917,neg_neg
58.002338159,-2549,-1914,-1914,neg_neg
58.004303551,-2550,-1912,-1912,neg_neg
58.006307756,-2551,-1909,-1909,neg_neg
58.008300306,-2552,-1907,-1907,neg_neg
58.010272295,-2553,-1906,-1906,neg_neg
58.012339315,-2555,-1905,-1905,neg_neg
58.014269624,-2557,-1904,-1904,neg_neg
58.016240513,-2558,-1904,-1904,neg_neg
58.018252157,-2559,-1904,-1904,neg_neg
58.020239812,-2561,-1904,-1904,neg_neg
58.022231664,-2563,-1904,-1904,neg_neg
58.024254728,-2565,-1905,-1905,neg_neg
58.026230638,-2566,-1906,-1906,neg_neg
58.028272214,-2567,-1908,-1908,neg_neg
58.030293497,-2569,-1910,-1910,neg_neg
58.032208818,-2570,-1912,-1912,neg_neg
58.03417824,-2572,-1914,-1914,neg_neg
58.036188612,-2573,-1917,-1917,neg_neg
58.038229407,-2574,-1920,-1920,neg_neg
58.040206625,-2575,-1924,-1924,neg_neg
58.042226317,-2577,-1927,-1927,neg_neg
58.044196747,-2578,-1931,-1931,neg_neg
58.046227344,-2579,-1935,-1935,neg_neg
58.048179177,-2580,-1939,-1939,neg_neg
58.050179035,-2581,-1943,-1943,neg_neg
58.052145138,-2581,-1947,-1947,neg_neg
58.054163774,-2582,-1951,-1951,neg_neg
58.05623995,-2582,-1956,-1956,neg_neg
58.058170201,-2582,-1960,-1960,neg_neg
58.060120255,-2582,-1965,-1965,neg_neg
58.062237345,-2582,-1969,-1969,neg_neg
58.064176462,-2582,-1973,-1973,neg_neg
58.066166445,-2582,-1978,-1978,neg_neg
58.068115655,-2582,-1981,-1981,neg_neg
58.070147639,-2582,-1985,-1985,neg_neg
58.072129261,-2581,-1989,-1989,neg_neg
58.074166202,-2580,-1991,-1991,neg_neg
58.07621238,-2579,-1994,-1994,neg_neg
58.078150368,-2579,-1997,-1997,neg_neg
58.080118484,-2578,-1999,-1999,neg_neg
58.082107827,-2577,-2000,-2000,neg_neg
58.084190556,-2576,-2001,-2001,neg_neg
58.086161959,-2575,-2001,-2001,neg_neg
58.088124897,-2574,-2001,-2001,neg_neg
58.090181726,-2573,-2001,-2001,neg_neg
58.092161504,-2572,-2000,-2000,neg_neg
58.094198483,-2572,-1999,-1999,neg_neg
58.096168708,-2571,-1998,-1998,neg_neg
58.098126466,-2571,-1996,-1996,neg_neg
58.100080814,-2570,-1993,-1993,neg_neg
58.102111101,-2570,-1991,-1991,neg_neg
58.10407338,-2570,-1988,-1988,neg_neg
58.106093072,-2570,-1986,-1986,neg_neg
58.108080452,-2569,-1983,-1983,neg_neg
58.110138605,-2570,-1980,-1980,neg_neg
58.112137181,-2570,-1976,-1976,neg_neg
58.114158857,-2570,-1974,-1974,neg_neg
58.116087436,-2571,-1970,-1970,neg_neg
58.118138863,-2572,-1967,-1967,neg_neg
58.120089374,-2573,-1963,-1963,neg_neg
58.12202158,-2573,-1960,-1960,neg_neg
58.124061022,-2574,-1957,-1957,neg_neg
58.126076291,-2575,-1954,-1954,neg_neg
58.128007986,-2577,-1951,-1951,neg_neg
58.130073597,-2578,-1948,-1948,neg_neg
58.131971086,-2579,-1945,-1945,neg_neg
58.133948191,-2581,-1942,-1942,neg_neg
58.135917802,-2582,-1940,-1940,neg_neg
58.13789179,-2584,-1938,-1938,neg_neg
58.139914152,-2586,-1936,-1936,neg_neg
58.141902085,-2587,-1935,-1935,neg_neg
58.143897382,-2589,-1934,-1934,neg_neg
58.14590967,-2590,-1934,-1934,neg_neg
58.147961646,-2592,-1933,-1933,neg_neg
58.149912684,-2594,-1933,-1933,neg_neg
58.151984747,-2595,-1933,-1933,neg_neg
58.15389053,-2597,-1934,-1934,neg_neg
58.155883221,-2599,-1934,-1934,neg_neg
58.157896955,-2600,-1936,-1936,neg_neg
58.159935382,-2602,-1937,-1937,neg_neg
58.161883055,-2603,-1939,-1939,neg_neg
58.163925659,-2605,-1941,-1941,neg_neg
58.165850047,-2607,-1943,-1943,neg_neg
58.167881,-2608,-1945,-1945,neg_neg
58.169857744,-2609,-1948,-1948,neg_neg
58.171890848,-2611,-1951,-1951,neg_neg
58.173876023,-2612,-1953,-1953,neg_neg
58.175851385,-2614,-1956,-1956,neg_neg
58.177860927,-2614,-1960,-1960,neg_neg
58.179887552,-2615,-1963,-1963,neg_neg
58.181870762,-2616,-1967,-1967,neg_neg
58.183868097,-2616,-1970,-1970,neg_neg
58.185859062,-2616,-1973,-1973,neg_neg
58.187859029,-2616,-1977,-1977,neg_neg
58.189866585,-2616,-1980,-1980,neg_neg
58.191919218,-2616,-1984,-1984,neg_neg
58.193829761,-2616,-1987,-1987,neg_neg
58.195848424,-2616,-1990,-1990,neg_neg
58.197853504,-2615,-1993,-1993,neg_neg
58.19988412,-2615,-1997,-1997,neg_neg
58.201867377,-2615,-1999,-1999,neg_neg
58.203880571,-2613,-2001,-2001,neg_neg
58.20592332,-2613,-2003,-2003,neg_neg
58.207910313,-2612,-2004,-2004,neg_neg
58.209918923,-2610,-2005,-2005,neg_neg
58.211914263,-2609,-2006,-2006,neg_neg
58.213838955,-2608,-2006,-2006,neg_neg
58.215841606,-2607,-2006,-2006,neg_neg
58.217785124,-2605,-2006,-2006,neg_neg
58.2198856,-2604,-2006,-2006,neg_neg
58.221834245,-2602,-2005,-2005,neg_neg
58.223844845,-2601,-2004,-2004,neg_neg
58.225910474,-2600,-2002,-2002,neg_neg
58.227800717,-2599,-2000,-2000,neg_neg
58.22976465,-2597,-1999,-1999,neg_neg
58.231809208,-2596,-1996,-1996,neg_neg
58.233806102,-2595,-1993,-1993,neg_neg
58.235806757,-2593,-1990,-1990,neg_neg
58.237843616,-2593,-1987,-1987,neg_neg
58.239833874,-2591,-1983,-1983,neg_neg
58.241805907,-2590,-1980,-1980,neg_neg
58.24386972,-2590,-1976,-1976,neg_neg
58.245826656,-2589,-1973,-1973,neg_neg
58.247901741,-2589,-1969,-1969,neg_neg
58.24979429,-2588,-1966,-1966,neg_neg
58.251824384,-2588,-1962,-1962,neg_neg
58.253835954,-2588,-1958,-1958,neg_neg
58.255776654,-2588,-1955,-1955,neg_neg
58.257775367,-2588,-1951,-1951,neg_neg
58.259723886,-2589,-1948,-1948,neg_neg
58.261831163,-2589,-1945,-1945,neg_neg
58.263834059,-2590,-1942,-1942,neg_neg
58.265702593,-2590,-1939,-1939,neg_neg
58.267816548,-2591,-1937,-1937,neg_neg
58.26975698,-2591,-1934,-1934,neg_neg
58.271773984,-2592,-1932,-1932,neg_neg
58.273769472,-2592,-1931,-1931,neg_neg
58.27581301,-2593,-1929,-1929,neg_neg
58.277836492,-2593,-1929,-1929,neg_neg
58.279769102,-2594,-1928,-1928,neg_neg
58.281836957,-2594,-1928,-1928,neg_neg
58.283761939,-2594,-1928,-1928,neg_neg
58.285764289,-2595,-1928,-1928,neg_neg
58.287837433,-2595,-1928,-1928,neg_neg
58.289844157,-2595,-1929,-1929,neg_neg
58.291755586,-2595,-1930,-1930,neg_neg
58.293761602,-2595,-1932,-1932,neg_neg
58.29575814,-2595,-1933,-1933,neg_neg
58.29775206,-2594,-1934,-1934,neg_neg
58.299767894,-2594,-1936,-1936,neg_neg
58.301783562,-2593,-1938,-1938,neg_neg
58.303764372,-2593,-1940,-1940,neg_neg
58.305751689,-2592,-1942,-1942,neg_neg
58.30777515,-2591,-1945,-1945,neg_neg
58.309711417,-2591,-1947,-1947,neg_neg
58.3116796,-2590,-1950,-1950,neg_neg
58.313700929,-2589,-1953,-1953,neg_neg
58.315652977,-2587,-1955,-1955,neg_neg
58.317739902,-2586,-1958,-1958,neg_neg
58.319664735,-2585,-1960,-1960,neg_neg
58.32172678,-2583,-1963,-1963,neg_neg
58.323758809,-2582,-1966,-1966,neg_neg
58.325649916,-2580,-1969,-1969,neg_neg
58.327680253,-2579,-1971,-1971,neg_neg
58.329730885,-2577,-1973,-1973,neg_neg
58.331670648,-2575,-1975,-1975,neg_neg
58.33372423,-2574,-1977,-1977,neg_neg
58.335781045,-2572,-1978,-1978,neg_neg
58.337685332,-2570,-1980,-1980,neg_neg
58.339794639,-2569,-1981,-1981,neg_neg
58.341700075,-2567,-1982,-1982,neg_neg
58.343757091,-2566,-1982,-1982,neg_neg
58.345725592,-2564,-1982,-1982,neg_neg
58.347716474,-2563,-1982,-1982,neg_neg
58.34974219,-2562,-1981,-1981,neg_neg
58.351744091,-2561,-1980,-1980,neg_neg
58.353721772,-2560,-1979,-1979,neg_neg
58.355723966,-2559,-1978,-1978,neg_neg
58.35768265,-2558,-1976,-1976,neg_neg
58.359737792,-2557,-1974,-1974,neg_neg
58.361704028,-2557,-1972,-1972,neg_neg
58.363621174,-2557,-1970,-1970,neg_neg
58.365670955,-2556,-1967,-1967,neg_neg
58.367614594,-2557,-1964,-1964,neg_neg
58.369693816,-2557,-1961,-1961,neg_neg
58.37172375,-2557,-1957,-1957,neg_neg
58.37363432,-2557,-1954,-1954,neg_neg
58.375674892,-2557,-1951,-1951,neg_neg
58.377606655,-2557,-1947,-1947,neg_neg
58.379585684,-2557,-1943,-1943,neg_neg
58.381600102,-2558,-1940,-1940,neg_neg
58.383607764,-2558,-1937,-1937,neg_neg
58.385634517,-2559,-1933,-1933,neg_neg
58.38758032,-2560,-1930,-1930,neg_neg
58.389598179,-2561,-1927,-1927,neg_neg
58.39151022,-2561,-1924,-1924,neg_neg
58.393546791,-2562,-1921,-1921,neg_neg
58.395599478,-2563,-1919,-1919,neg_neg
58.397538886,-2564,-1917,-1917,neg_neg
58.399526178,-2565,-1915,-1915,neg_neg
58.401596176,-2566,-1914,-1914,neg_neg
58.403467883,-2566,-1913,-1913,neg_neg
58.405479479,-2567,-1913,-1913,neg_neg
58.407466,-2568,-1913,-1913,neg_neg
58.409503245,-2569,-1914,-1914,neg_neg
58.411460181,-2569,-1914,-1914,neg_neg
58.413486708,-2570,-1916,-1916,neg_neg
58.415474653,-2570,-1917,-1917,neg_neg
58.417483319,-2570,-1920,-1920,neg_neg
58.41953031,-2570,-1922,-1922,neg_neg
58.421544555,-2570,-1925,-1925,neg_neg
58.423419233,-2570,-1928,-1928,neg_neg
58.425459592,-2570,-1931,-1931,neg_neg
58.427448515,-2570,-1934,-1934,neg_neg
58.429501825,-2570,-1938,-1938,neg_neg
58.431491218,-2570,-1942,-1942,neg_neg
58.433516371,-2570,-1946,-1946,neg_neg
58.435450098,-2570,-1950,-1950,neg_neg
58.43745064,-2569,-1954,-1954,neg_neg
58.439493196,-2569,-1958,-1958,neg_neg
58.441473353,-2569,-1963,-1963,neg_neg
58.443435234,-2569,-1967,-1967,neg_neg
58.445428297,-2568,-1971,-1971,neg_neg
58.447408183,-2568,-1976,-1976,neg_neg
58.449422387,-2567,-1979,-1979,neg_neg
58.451389049,-2567,-1983,-1983,neg_neg
58.453419796,-2566,-1987,-1987,neg_neg
58.455485701,-2566,-1990,-1990,neg_neg
58.457425377,-2565,-1993,-1993,neg_neg
58.459394631,-2564,-1996,-1996,neg_neg
58.461491203,-2563,-1998,-1998,neg_neg
58.46337748,-2562,-1999,-1999,neg_neg
58.465459544,-2561,-2001,-2001,neg_neg
58.467417997,-2560,-2001,-2001,neg_neg
58.469465155,-2559,-2001,-2001,neg_neg
58.471375689,-2557,-2001,-2001,neg_neg
58.473367555,-2556,-2001,-2001,neg_neg
58.475350911,-2556,-2000,-2000,neg_neg
58.477364659,-2555,-1998,-1998,neg_neg
58.479369307,-2553,-1997,-1997,neg_neg
58.481392593,-2553,-1994,-1994,neg_neg
58.483397008,-2552,-1991,-1991,neg_neg
58.485354026,-2551,-1989,-1989,neg_neg
58.487512328,-2550,-1985,-1985,neg_neg
58.489365663,-2550,-1983,-1983,neg_neg
58.491368945,-2550,-1979,-1979,neg_neg
58.493306511,-2550,-1976,-1976,neg_neg
58.495377396,-2550,-1972,-1972,neg_neg
58.497303793,-2550,-1969,-1969,neg_neg
58.499298482,-2550,-1965,-1965,neg_neg
58.501286986,-2550,-1961,-1961,neg_neg
58.503338269,-2550,-1958,-1958,neg_neg
58.505271545,-2551,-1954,-1954,neg_neg
58.507271648,-2552,-1950,-1950,neg_neg
58.509269808,-2553,-1947,-1947,neg_neg
58.511265104,-2553,-1944,-1944,neg_neg
58.513312647,-2554,-1941,-1941,neg_neg
58.515374363,-2555,-1938,-1938,neg_neg
58.517298632,-2556,-1935,-1935,neg_neg
58.519348419,-2557,-1933,-1933,neg_neg
58.521320908,-2558,-1932,-1932,neg_neg
58.523231522,-2559,-1930,-1930,neg_neg
58.525225243,-2561,-1929,-1929,neg_neg
58.527189765,-2562,-1928,-1928,neg_neg
58.52923097,-2563,-1928,-1928,neg_neg
58.531238856,-2564,-1928,-1928,neg_neg
58.53322586,-2565,-1928,-1928,neg_neg
58.535214687,-2566,-1928,-1928,neg_neg
58.537218669,-2567,-1928,-1928,neg_neg
58.539213072,-2568,-1930,-1930,neg_neg
58.540290088,-2569,-1930,-1930,neg_neg
58.542166416,-2570,-1932,-1932,neg_neg
58.544287741,-2571,-1933,-1933,neg_neg
58.546328217,-2572,-1935,-1935,neg_neg
58.548278457,-2572,-1937,-1937,neg_neg
58.550300151,-2573,-1940,-1940,neg_neg
58.552217183,-2573,-1942,-1942,neg_neg
58.554271221,-2574,-1945,-1945,neg_neg
58.556264343,-2574,-1948,-1948,neg_neg
58.558256606,-2574,-1951,-1951,neg_neg
58.560240267,-2574,-1954,-1954,neg_neg
58.562246503,-2574,-1957,-1957,neg_neg
58.564141107,-2574,-1960,-1960,neg_neg
58.566268288,-2574,-1964,-1964,neg_neg
58.5681301,-2574,-1967,-1967,neg_neg
58.570227225,-2574,-1970,-1970,neg_neg
58.57215884,-2574,-1974,-1974,neg_neg
58.57424671,-2574,-1977,-1977,neg_neg
58.576170562,-2574,-1980,-1980,neg_neg
58.578149806,-2574,-1983,-1983,neg_neg
58.580156447,-2573,-1986,-1986,neg_neg
58.582206346,-2573,-1989,-1989,neg_neg
58.584160538,-2572,-1991,-1991,neg_neg
58.586146509,-2572,-1994,-1994,neg_neg
58.588173493,-2571,-1996,-1996,neg_neg
58.590147065,-2570,-1998,-1998,neg_neg
58.592216507,-2570,-1999,-1999,neg_neg
58.594148353,-2569,-1999,-1999,neg_neg
58.596169068,-2568,-1999,-1999,neg_neg
58.598210708,-2567,-1999,-1999,neg_neg
58.60015314,-2567,-1999,-1999,neg_neg
58.602238807,-2566,-1998,-1998,neg_neg
58.604153531,-2566,-1997,-1997,neg_neg
58.606165597,-2565,-1996,-1996,neg_neg
58.608143541,-2565,-1993,-1993,neg_neg
58.610155693,-2565,-1991,-1991,neg_neg
58.61222272,-2565,-1989,-1989,neg_neg
58.614184925,-2565,-1987,-1987,neg_neg
58.616138611,-2565,-1985,-1985,neg_neg
58.618187017,-2565,-1982,-1982,neg_neg
58.620293235,-2565,-1980,-1980,neg_neg
58.62226216,-2565,-1977,-1977,neg_neg
58.624212366,-2565,-1974,-1974,neg_neg
58.626212441,-2565,-1971,-1971,neg_neg
58.628183096,-2566,-1969,-1969,neg_neg
58.630158207,-2566,-1966,-1966,neg_neg
58.63218032,-2566,-1963,-1963,neg_neg
58.634375933,-2567,-1961,-1961,neg_neg
58.636228567,-2567,-1958,-1958,neg_neg
58.638101869,-2568,-1956,-1956,neg_neg
58.640104806,-2569,-1954,-1954,neg_neg
58.642274934,-2570,-1952,-1952,neg_neg
58.644235611,-2571,-1950,-1950,neg_neg
58.646210325,-2572,-1948,-1948,neg_neg
58.648229408,-2573,-1947,-1947,neg_neg
58.650104625,-2574,-1946,-1946,neg_neg
58.652102864,-2575,-1945,-1945,neg_neg
58.654071951,-2576,-1944,-1944,neg_neg
58.656113433,-2577,-1944,-1944,neg_neg
58.658143965,-2579,-1944,-1944,neg_neg
58.660067585,-2580,-1944,-1944,neg_neg
58.662116706,-2581,-1944,-1944,neg_neg
58.664103528,-2582,-1944,-1944,neg_neg
58.666136732,-2584,-1945,-1945,neg_neg
58.668094289,-2585,-1946,-1946,neg_neg
58.670077049,-2587,-1948,-1948,neg_neg
58.672109405,-2588,-1949,-1949,neg_neg
58.674061627,-2589,-1951,-1951,neg_neg
58.676057408,-2591,-1953,-1953,neg_neg
58.678009262,-2592,-1956,-1956,neg_neg
58.680048542,-2593,-1958,-1958,neg_neg
58.682026345,-2594,-1961,-1961,neg_neg
58.684114457,-2596,-1964,-1964,neg_neg
58.686040418,-2597,-1968,-1968,neg_neg
58.688031196,-2598,-1971,-1971,neg_neg
58.690062346,-2599,-1974,-1974,neg_neg
58.692044658,-2600,-1978,-1978,neg_neg
58.69409086,-2601,-1981,-1981,neg_neg
58.696026404,-2602,-1985,-1985,neg_neg
58.698032254,-2603,-1989,-1989,neg_neg
58.700042446,-2604,-1993,-1993,neg_neg
58.702080483,-2604,-1997,-1997,neg_neg
58.704076666,-2605,-2001,-2001,neg_neg
58.706028581,-2606,-2005,-2005,neg_neg
58.707978713,-2606,-2008,-2008,neg_neg
58.709916551,-2607,-2011,-2011,neg_neg
58.71191097,-2607,-2014,-2014,neg_neg
58.713990269,-2607,-2017,-2017,neg_neg
58.716012518,-2608,-2020,-2020,neg_neg
58.717976298,-2608,-2022,-2022,neg_neg
58.719967676,-2608,-2024,-2024,neg_neg
58.722025411,-2608,-2026,-2026,neg_neg
58.724045307,-2607,-2028,-2028,neg_neg
58.725973457,-2607,-2028,-2028,neg_neg
58.72801717,-2607,-2028,-2028,neg_neg
58.729953564,-2607,-2028,-2028,neg_neg
58.73212784,-2607,-2028,-2028,neg_neg
58.73399402,-2607,-2028,-2028,neg_neg
58.73607787,-2607,-2028,-2028,neg_neg
58.737924242,-2607,-2026,-2026,neg_neg
58.739932659,-2607,-2025,-2025,neg_neg
58.741955001,-2607,-2023,-2023,neg_neg
58.74399539,-2607,-2021,-2021,neg_neg
58.745893214,-2608,-2020,-2020,neg_neg
58.747913568,-2608,-2018,-2018,neg_neg
58.749862831,-2608,-2016,-2016,neg_neg
58.752058009,-2609,-2013,-2013,neg_neg
58.753948501,-2610,-2011,-2011,neg_neg
58.755993639,-2611,-2009,-2009,neg_neg
58.757818422,-2611,-2007,-2007,neg_neg
58.760024821,-2612,-2005,-2005,neg_neg
58.761863106,-2614,-2002,-2002,neg_neg
58.763822585,-2615,-2000,-2000,neg_neg
58.765904588,-2616,-1998,-1998,neg_neg
58.767908597,-2617,-1996,-1996,neg_neg
58.76986186,-2618,-1993,-1993,neg_neg
58.771863257,-2619,-1991,-1991,neg_neg
58.773899206,-2620,-1989,-1989,neg_neg
58.775919258,-2621,-1988,-1988,neg_neg
58.777859148,-2623,-1987,-1987,neg_neg
58.779849971,-2624,-1986,-1986,neg_neg
58.781844424,-2626,-1985,-1985,neg_neg
58.783854871,-2627,-1985,-1985,neg_neg
58.785916664,-2628,-1984,-1984,neg_neg
58.787912892,-2629,-1985,-1985,neg_neg
58.789871004,-2631,-1985,-1985,neg_neg
58.791902214,-2632,-1985,-1985,neg_neg
58.793973403,-2633,-1986,-1986,neg_neg
58.795925686,-2635,-1987,-1987,neg_neg
58.79793769,-2636,-1988,-1988,neg_neg
58.79986651,-2638,-1991,-1991,neg_neg
58.801802904,-2639,-1993,-1993,neg_neg
58.803744582,-2641,-1994,-1994,neg_neg
58.805791266,-2642,-1997,-1997,neg_neg
58.807843113,-2644,-2000,-2000,neg_neg
58.809975773,-2645,-2002,-2002,neg_neg
58.811777991,-2646,-2004,-2004,neg_neg
58.814001683,-2648,-2007,-2007,neg_neg
58.815746895,-2649,-2010,-2010,neg_neg
58.817963239,-2650,-2015,-2015,neg_neg
58.819759602,-2652,-2016,-2016,neg_neg
58.821894743,-2653,-2019,-2019,neg_neg
58.823832384,-2655,-2023,-2023,neg_neg
58.82577781,-2656,-2026,-2026,neg_neg
58.827700176,-2657,-2029,-2029,neg_neg
58.829727408,-2658,-2033,-2033,neg_neg
58.831673952,-2659,-2036,-2036,neg_neg
58.83373637,-2660,-2039,-2039,neg_neg
58.835745673,-2661,-2042,-2042,neg_neg
58.837790359,-2662,-2046,-2046,neg_neg
58.839786202,-2663,-2048,-2048,neg_neg
58.84170764,-2664,-2050,-2050,neg_neg
58.843779924,-2665,-2052,-2052,neg_neg
58.845843072,-2666,-2054,-2054,neg_neg
58.847705031,-2667,-2056,-2056,neg_neg
58.849731199,-2667,-2057,-2057,neg_neg
58.85178095,-2668,-2059,-2059,neg_neg
58.853843126,-2669,-2060,-2060,neg_neg
58.855792849,-2670,-2061,-2061,neg_neg
58.857753248,-2670,-2061,-2061,neg_neg
58.859735941,-2671,-2061,-2061,neg_neg
58.861785773,-2671,-2061,-2061,neg_neg
58.863701084,-2672,-2062,-2062,neg_neg
58.86571105,-2672,-2061,-2061,neg_neg
58.867710874,-2673,-2061,-2061,neg_neg
58.869749262,-2674,-2061,-2061,neg_neg
58.871721407,-2674,-2061,-2061,neg_neg
58.873709604,-2675,-2061,-2061,neg_neg
58.875670451,-2676,-2060,-2060,neg_neg
58.87766632,-2676,-2060,-2060,neg_neg
58.87964076,-2677,-2059,-2059,neg_neg
58.881675298,-2678,-2059,-2059,neg_neg
58.883612399,-2679,-2058,-2058,neg_neg
58.885679174,-2680,-2058,-2058,neg_neg
58.887712972,-2681,-2057,-2057,neg_neg
58.889583121,-2682,-2057,-2057,neg_neg
58.891556142,-2683,-2056,-2056,neg_neg
58.893671792,-2684,-2056,-2056,neg_neg
58.895579449,-2685,-2056,-2056,neg_neg
58.897673729,-2687,-2056,-2056,neg_neg
58.899626564,-2688,-2055,-2055,neg_neg
58.901581494,-2689,-2055,-2055,neg_neg
58.903571802,-2690,-2056,-2056,neg_neg
58.905696142,-2692,-2055,-2055,neg_neg
58.907541817,-2693,-2056,-2056,neg_neg
58.909708973,-2694,-2056,-2056,neg_neg
58.911618485,-2696,-2056,-2056,neg_neg
58.913674698,-2697,-2056,-2056,neg_neg
58.915637516,-2698,-2056,-2056,neg_neg
58.91767911,-2700,-2057,-2057,neg_neg
58.919714162,-2701,-2058,-2058,neg_neg
58.921665018,-2703,-2059,-2059,neg_neg
58.923666398,-2704,-2059,-2059,neg_neg
58.925614915,-2705,-2060,-2060,neg_neg
58.927555405,-2707,-2062,-2062,neg_neg
58.929562729,-2708,-2063,-2063,neg_neg
58.931549597,-2710,-2064,-2064,neg_neg
58.933627295,-2711,-2066,-2066,neg_neg
58.935597063,-2712,-2068,-2068,neg_neg
58.937616654,-2713,-2070,-2070,neg_neg
58.939642323,-2715,-2072,-2072,neg_neg
58.941598554,-2716,-2074,-2074,neg_neg
58.943532801,-2718,-2076,-2076,neg_neg
58.945548434,-2719,-2079,-2079,neg_neg
58.947522559,-2720,-2081,-2081,neg_neg
58.949604709,-2722,-2084,-2084,neg_neg
58.951611966,-2723,-2086,-2086,neg_neg
58.953545367,-2725,-2089,-2089,neg_neg
58.955582909,-2726,-2092,-2092,neg_neg
58.957675512,-2727,-2095,-2095,neg_neg
58.959576932,-2728,-2097,-2097,neg_neg
58.961450058,-2729,-2100,-2100,neg_neg
58.963451522,-2731,-2103,-2103,neg_neg
58.965481802,-2732,-2106,-2106,neg_neg
58.96749983,-2733,-2108,-2108,neg_neg
58.969498641,-2734,-2111,-2111,neg_neg
58.971452879,-2736,-2113,-2113,neg_neg
58.973446182,-2737,-2116,-2116,neg_neg
58.97547255,-2738,-2118,-2118,neg_neg
58.977471566,-2739,-2120,-2120,neg_neg
58.979488735,-2740,-2122,-2122,neg_neg
58.981441168,-2741,-2123,-2123,neg_neg
58.983390963,-2742,-2125,-2125,neg_neg
58.985463747,-2743,-2126,-2126,neg_neg
58.987400826,-2744,-2127,-2127,neg_neg
58.989465031,-2745,-2128,-2128,neg_neg
58.991408476,-2746,-2129,-2129,neg_neg
58.993417068,-2747,-2130,-2130,neg_neg
58.995438222,-2748,-2130,-2130,neg_neg
58.997398689,-2748,-2131,-2131,neg_neg
58.999420706,-2750,-2131,-2131,neg_neg
59.001391462,-2751,-2132,-2132,neg_neg
59.00341871,-2752,-2132,-2132,neg_neg
59.005385377,-2753,-2132,-2132,neg_neg
59.007402704,-2754,-2132,-2132,neg_neg
59.009344139,-2755,-2132,-2132,neg_neg
59.011398439,-2756,-2132,-2132,neg_neg
59.01337526,-2757,-2132,-2132,neg_neg
59.015352675,-2759,-2132,-2132,neg_neg
59.017336742,-2760,-2132,-2132,neg_neg
59.019383126,-2761,-2132,-2132,neg_neg
59.021347148,-2762,-2132,-2132,neg_neg
59.023389808,-2764,-2132,-2132,neg_neg
59.025402411,-2765,-2132,-2132,neg_neg
59.027327212,-2767,-2132,-2132,neg_neg
59.029383629,-2768,-2132,-2132,neg_neg
59.031359055,-2769,-2132,-2132,neg_neg
59.03332019,-2771,-2132,-2132,neg_neg
59.035357726,-2773,-2133,-2133,neg_neg
59.037289817,-2774,-2133,-2133,neg_neg
59.039318518,-2776,-2133,-2133,neg_neg
59.041321635,-2777,-2133,-2133,neg_neg
59.04331177,-2779,-2134,-2134,neg_neg
59.045297435,-2780,-2135,-2135,neg_neg
59.047353975,-2782,-2135,-2135,neg_neg
59.049322682,-2783,-2136,-2136,neg_neg
59.051276472,-2784,-2137,-2137,neg_neg
59.053278932,-2785,-2138,-2138,neg_neg
59.055247689,-2786,-2139,-2139,neg_neg
59.057311201,-2788,-2140,-2140,neg_neg
59.059266449,-2790,-2142,-2142,neg_neg
59.061279246,-2791,-2143,-2143,neg_neg
59.063262976,-2793,-2145,-2145,neg_neg
59.065312488,-2794,-2146,-2146,neg_neg
59.067272666,-2796,-2148,-2148,neg_neg
59.069325223,-2798,-2150,-2150,neg_neg
59.071268434,-2799,-2152,-2152,neg_neg
59.073376724,-2801,-2154,-2154,neg_neg
59.075240046,-2803,-2157,-2157,neg_neg
59.077318506,-2804,-2160,-2160,neg_neg
59.079272783,-2806,-2162,-2162,neg_neg
59.080273157,-2806,-2163,-2163,neg_neg
59.082276165,-2808,-2165,-2165,neg_neg
59.08427851,-2809,-2168,-2168,neg_neg
59.086300201,-2810,-2170,-2170,neg_neg
59.088266641,-2812,-2172,-2172,neg_neg
59.090236654,-2813,-2174,-2174,neg_neg
59.092215086,-2814,-2177,-2177,neg_neg
59.094252311,-2816,-2179,-2179,neg_neg
59.096235614,-2817,-2181,-2181,neg_neg
59.098233096,-2818,-2183,-2183,neg_neg
59.100289575,-2819,-2185,-2185,neg_neg
59.102271111,-2820,-2186,-2186,neg_neg
59.104313302,-2821,-2188,-2188,neg_neg
59.10618556,-2823,-2190,-2190,neg_neg
59.108240963,-2824,-2191,-2191,neg_neg
59.11020324,-2825,-2192,-2192,neg_neg
59.112181141,-2826,-2193,-2193,neg_neg
59.114262611,-2827,-2195,-2195,neg_neg
59.116243128,-2828,-2195,-2195,neg_neg
59.118289497,-2830,-2196,-2196,neg_neg
59.120160904,-2831,-2197,-2197,neg_neg
59.122235157,-2832,-2198,-2198,neg_neg
59.124190466,-2833,-2199,-2199,neg_neg
59.126218909,-2834,-2199,-2199,neg_neg
59.128186553,-2835,-2200,-2200,neg_neg
59.130264997,-2837,-2200,-2200,neg_neg
59.132205651,-2838,-2200,-2200,neg_neg
59.134211465,-2839,-2201,-2201,neg_neg
59.136146995,-2840,-2201,-2201,neg_neg
59.138144173,-2842,-2201,-2201,neg_neg
59.140182514,-2843,-2201,-2201,neg_neg
59.142192565,-2844,-2202,-2202,neg_neg
59.14415468,-2846,-2202,-2202,neg_neg
59.146165468,-2847,-2202,-2202,neg_neg
59.148161576,-2848,-2202,-2202,neg_neg
59.150204595,-2850,-2201,-2201,neg_neg
59.152148344,-2852,-2202,-2202,neg_neg
59.154141445,-2853,-2202,-2202,neg_neg
59.156177514,-2854,-2202,-2202,neg_neg
59.158206832,-2856,-2202,-2202,neg_neg
59.160217177,-2857,-2202,-2202,neg_neg
59.162239386,-2859,-2202,-2202,neg_neg
59.164199368,-2860,-2202,-2202,neg_neg
59.166138498,-2861,-2202,-2202,neg_neg
59.168112074,-2863,-2202,-2202,neg_neg
59.170096553,-2864,-2202,-2202,neg_neg
59.172189916,-2865,-2202,-2202,neg_neg
59.174180197,-2867,-2202,-2202,neg_neg
59.176083532,-2868,-2203,-2203,neg_neg
59.178142891,-2869,-2203,-2203,neg_neg
59.180112586,-2871,-2204,-2204,neg_neg
59.182086051,-2872,-2204,-2204,neg_neg
59.184108267,-2873,-2205,-2205,neg_neg
59.186112848,-2874,-2206,-2206,neg_neg
59.188136568,-2876,-2207,-2207,neg_neg
59.190046701,-2877,-2208,-2208,neg_neg
59.192143451,-2878,-2210,-2210,neg_neg
59.19408671,-2879,-2211,-2211,neg_neg
59.196089592,-2881,-2213,-2213,neg_neg
59.198046029,-2882,-2214,-2214,neg_neg
59.200103574,-2884,-2216,-2216,neg_neg
59.20212115,-2885,-2218,-2218,neg_neg
59.204067203,-2887,-2220,-2220,neg_neg
59.206075246,-2888,-2222,-2222,neg_neg
59.208047685,-2889,-2224,-2224,neg_neg
59.210082791,-2891,-2226,-2226,neg_neg
59.212064246,-2891,-2228,-2228,neg_neg
59.214024544,-2893,-2230,-2230,neg_neg
59.216061012,-2894,-2233,-2233,neg_neg
59.218034931,-2895,-2235,-2235,neg_neg
59.220074344,-2896,-2238,-2238,neg_neg
59.222011372,-2897,-2240,-2240,neg_neg
59.224193316,-2898,-2242,-2242,neg_neg
59.226137952,-2899,-2245,-2245,neg_neg
59.228093596,-2900,-2247,-2247,neg_neg
59.23005963,-2901,-2249,-2249,neg_neg
59.23199892,-2902,-2253,-2253,neg_neg
59.234021317,-2903,-2255,-2255,neg_neg
59.236100586,-2904,-2257,-2257,neg_neg
59.238015843,-2905,-2259,-2259,neg_neg
59.239996092,-2906,-2261,-2261,neg_neg
59.241944602,-2908,-2263,-2263,neg_neg
59.244010314,-2909,-2265,-2265,neg_neg
59.245972715,-2909,-2266,-2266,neg_neg
59.248025306,-2910,-2267,-2267,neg_neg
59.249966821,-2912,-2269,-2269,neg_neg
59.252081299,-2913,-2270,-2270,neg_neg
59.254025803,-2913,-2270,-2270,neg_neg
59.25605681,-2914,-2271,-2271,neg_neg
59.257965984,-2915,-2271,-2271,neg_neg
59.259985865,-2915,-2271,-2271,neg_neg
59.261933264,-2916,-2272,-2272,neg_neg
59.263883525,-2918,-2272,-2272,neg_neg
59.265984904,-2919,-2272,-2272,neg_neg
59.267951741,-2920,-2272,-2272,neg_neg
59.26994508,-2921,-2272,-2272,neg_neg
59.272017207,-2923,-2272,-2272,neg_neg
59.273998025,-2924,-2272,-2272,neg_neg
59.276030727,-2925,-2272,-2272,neg_neg
59.277907258,-2927,-2272,-2272,neg_neg
59.279990555,-2928,-2272,-2272,neg_neg
59.281876428,-2929,-2272,-2272,neg_neg
59.283849557,-2931,-2272,-2272,neg_neg
59.285871071,-2932,-2272,-2272,neg_neg
59.287865126,-2934,-2272,-2272,neg_neg
59.289900583,-2935,-2272,-2272,neg_neg
59.291863908,-2937,-2272,-2272,neg_neg
59.293865686,-2938,-2272,-2272,neg_neg
59.295853915,-2940,-2272,-2272,neg_neg
59.297886704,-2941,-2272,-2272,neg_neg
59.299846787,-2943,-2272,-2272,neg_neg
59.301908346,-2944,-2272,-2272,neg_neg
59.303931124,-2945,-2272,-2272,neg_neg
59.305895815,-2947,-2272,-2272,neg_neg
59.307837544,-2948,-2273,-2273,neg_neg
59.309895551,-2950,-2273,-2273,neg_neg
59.311833215,-2951,-2273,-2273,neg_neg
59.313922697,-2953,-2273,-2273,neg_neg
59.315825944,-2954,-2274,-2274,neg_neg
59.318078638,-2955,-2275,-2275,neg_neg
59.319862094,-2956,-2276,-2276,neg_neg
59.322004912,-2957,-2276,-2276,neg_neg
59.323874116,-2958,-2277,-2277,neg_neg
59.325973451,-2959,-2278,-2278,neg_neg
59.327810424,-2961,-2280,-2280,neg_neg
59.329889825,-2962,-2281,-2281,neg_neg
59.331785104,-2963,-2284,-2284,neg_neg
59.333886758,-2963,-2284,-2284,neg_neg
59.335806937,-2964,-2286,-2286,neg_neg
59.337897966,-2966,-2288,-2288,neg_neg
59.33981395,-2966,-2290,-2290,neg_neg
59.341892369,-2967,-2292,-2292,neg_neg
59.343828534,-2968,-2295,-2295,neg_neg
59.345785116,-2969,-2297,-2297,neg_neg
59.347797473,-2970,-2299,-2299,neg_neg
59.349879549,-2971,-2302,-2302,neg_neg
59.351762006,-2972,-2304,-2304,neg_neg
59.353860946,-2972,-2306,-2306,neg_neg
59.355769451,-2973,-2309,-2309,neg_neg
59.357780164,-2974,-2311,-2311,neg_neg
59.359807145,-2974,-2314,-2314,neg_neg
59.361797927,-2975,-2316,-2316,neg_neg
59.363821732,-2975,-2317,-2317,neg_neg
59.365870393,-2976,-2319,-2319,neg_neg
59.367807809,-2977,-2320,-2320,neg_neg
59.369759484,-2977,-2322,-2322,neg_neg
59.371747474,-2977,-2323,-2323,neg_neg
59.373771814,-2977,-2324,-2324,neg_neg
59.375793395,-2978,-2324,-2324,neg_neg
59.377744667,-2978,-2325,-2325,neg_neg
59.379759392,-2978,-2325,-2325,neg_neg
59.381714179,-2979,-2325,-2325,neg_neg
59.383694375,-2979,-2325,-2325,neg_neg
59.385740477,-2979,-2325,-2325,neg_neg
59.387682576,-2980,-2325,-2325,neg_neg
59.389704981,-2980,-2325,-2325,neg_neg
59.391821842,-2981,-2325,-2325,neg_neg
59.393721176,-2981,-2325,-2325,neg_neg
59.395748734,-2982,-2325,-2325,neg_neg
59.397728356,-2982,-2324,-2324,neg_neg
59.399692755,-2983,-2324,-2324,neg_neg
59.401663511,-2984,-2324,-2324,neg_neg
59.403647311,-2984,-2324,-2324,neg_neg
59.405691531,-2985,-2324,-2324,neg_neg
59.40767463,-2986,-2324,-2324,neg_neg
59.409645374,-2987,-2324,-2324,neg_neg
59.411693279,-2988,-2324,-2324,neg_neg
59.413737396,-2989,-2324,-2324,neg_neg
59.41573049,-2990,-2324,-2324,neg_neg
59.417708255,-2991,-2324,-2324,neg_neg
59.419702725,-2993,-2324,-2324,neg_neg
59.421721813,-2994,-2324,-2324,neg_neg
59.423660027,-2995,-2324,-2324,neg_neg
59.425662128,-2996,-2324,-2324,neg_neg
59.427666485,-2998,-2325,-2325,neg_neg
59.429642844,-2999,-2325,-2325,neg_neg
59.431703326,-3000,-2325,-2325,neg_neg
59.433663751,-3002,-2326,-2326,neg_neg
59.435645312,-3003,-2327,-2327,neg_neg
59.437640192,-3004,-2328,-2328,neg_neg
59.439637708,-3006,-2328,-2328,neg_neg
59.441711641,-3007,-2330,-2330,neg_neg
59.443614592,-3008,-2331,-2331,neg_neg
59.445667678,-3009,-2332,-2332,neg_neg
59.447638642,-3011,-2334,-2334,neg_neg
59.449548586,-3012,-2335,-2335,neg_neg
59.451572306,-3012,-2336,-2336,neg_neg
59.453605323,-3014,-2338,-2338,neg_neg
59.455654205,-3015,-2341,-2341,neg_neg
59.457597128,-3016,-2343,-2343,neg_neg
59.459648936,-3017,-2346,-2346,neg_neg
59.46152414,-3018,-2348,-2348,neg_neg
59.463682077,-3019,-2348,-2348,neg_neg
59.465577791,-3020,-2352,-2352,neg_neg
59.467645522,-3020,-2353,-2353,neg_neg
59.469586709,-3021,-2355,-2355,neg_neg
59.471595954,-3022,-2358,-2358,neg_neg
59.473598386,-3023,-2361,-2361,neg_neg
59.47552921,-3024,-2363,-2363,neg_neg
59.477616712,-3025,-2365,-2365,neg_neg
59.479477849,-3025,-2369,-2369,neg_neg
59.481433427,-3026,-2369,-2369,neg_neg
59.48346794,-3027,-2371,-2371,neg_neg
59.485438173,-3027,-2373,-2373,neg_neg
59.487481151,-3028,-2375,-2375,neg_neg
59.489505148,-3028,-2376,-2376,neg_neg
59.491470595,-3029,-2377,-2377,neg_neg
59.493456028,-3029,-2378,-2378,neg_neg
59.495442947,-3030,-2379,-2379,neg_neg
59.497475484,-3030,-2379,-2379,neg_neg
59.499451026,-3031,-2380,-2380,neg_neg
59.50149161,-3031,-2380,-2380,neg_neg
59.50344892,-3032,-2380,-2380,neg_neg
59.505538546,-3032,-2379,-2379,neg_neg
59.507498531,-3033,-2379,-2379,neg_neg
59.509509316,-3033,-2378,-2378,neg_neg
59.511475353,-3033,-2377,-2377,neg_neg
59.513491135,-3034,-2376,-2376,neg_neg
59.515450434,-3034,-2375,-2375,neg_neg
59.517445084,-3035,-2374,-2374,neg_neg
59.519488031,-3036,-2373,-2373,neg_neg
59.521447045,-3036,-2372,-2372,neg_neg
59.523459708,-3037,-2370,-2370,neg_neg
59.525463373,-3038,-2369,-2369,neg_neg
59.527409487,-3039,-2368,-2368,neg_neg
59.529445771,-3040,-2368,-2368,neg_neg
59.531445493,-3041,-2367,-2367,neg_neg
59.533472094,-3042,-2366,-2366,neg_neg
59.53544884,-3043,-2365,-2365,neg_neg
59.53741068,-3045,-2364,-2364,neg_neg
59.53942507,-3046,-2364,-2364,neg_neg
59.541404591,-3047,-2363,-2363,neg_neg
59.543473771,-3049,-2363,-2363,neg_neg
59.54544474,-3050,-2363,-2363,neg_neg
59.547387162,-3051,-2364,-2364,neg_neg
59.549391853,-3053,-2364,-2364,neg_neg
59.551431187,-3054,-2365,-2365,neg_neg
59.55343823,-3056,-2365,-2365,neg_neg
59.555411339,-3057,-2366,-2366,neg_neg
59.557417945,-3059,-2367,-2367,neg_neg
59.559381524,-3060,-2368,-2368,neg_neg
59.561366792,-3062,-2369,-2369,neg_neg
59.563358704,-3063,-2370,-2370,neg_neg
59.565387824,-3065,-2372,-2372,neg_neg
59.567441422,-3066,-2373,-2373,neg_neg
59.569338876,-3068,-2376,-2376,neg_neg
59.571398553,-3069,-2377,-2377,neg_neg
59.573365463,-3070,-2380,-2380,neg_neg
59.575499799,-3072,-2382,-2382,neg_neg
59.577414691,-3073,-2385,-2385,neg_neg
59.579302315,-3075,-2387,-2387,neg_neg
59.581394183,-3076,-2390,-2390,neg_neg
59.583280943,-3077,-2392,-2392,neg_neg
59.58537745,-3078,-2395,-2395,neg_neg
59.587388059,-3079,-2398,-2398,neg_neg
59.589307846,-3080,-2401,-2401,neg_neg
59.590321635,-3080,-2402,-2402,neg_neg
59.59236481,-3081,-2405,-2405,neg_neg
59.594332167,-3082,-2408,-2408,neg_neg
59.596333855,-3083,-2411,-2411,neg_neg
59.598279613,-3084,-2413,-2413,neg_neg
59.600324871,-3084,-2415,-2415,neg_neg
59.602338268,-3085,-2418,-2418,neg_neg
59.604315889,-3086,-2420,-2420,neg_neg
59.606324047,-3087,-2422,-2422,neg_neg
59.608271891,-3087,-2424,-2424,neg_neg
59.610237674,-3088,-2425,-2425,neg_neg
59.612276322,-3088,-2426,-2426,neg_neg
59.614220136,-3089,-2428,-2428,neg_neg
59.616221825,-3090,-2429,-2429,neg_neg
59.618283274,-3090,-2429,-2429,neg_neg
59.620219489,-3091,-2430,-2430,neg_neg
59.62219678,-3091,-2430,-2430,neg_neg
59.624300254,-3092,-2431,-2431,neg_neg
59.626267664,-3093,-2431,-2431,neg_neg
59.628234094,-3094,-2431,-2431,neg_neg
59.630305003,-3095,-2431,-2431,neg_neg
59.632344128,-3096,-2431,-2431,neg_neg
59.634258566,-3097,-2431,-2431,neg_neg
59.636203646,-3098,-2430,-2430,neg_neg
59.638240717,-3100,-2430,-2430,neg_neg
59.640262488,-3101,-2430,-2430,neg_neg
59.642243718,-3102,-2429,-2429,neg_neg
59.644277178,-3103,-2429,-2429,neg_neg
59.646243877,-3105,-2429,-2429,neg_neg
59.64821766,-3105,-2429,-2429,neg_neg
59.650233204,-3106,-2428,-2428,neg_neg
59.652200723,-3108,-2428,-2428,neg_neg
59.654183071,-3109,-2428,-2428,neg_neg
59.656211304,-3111,-2428,-2428,neg_neg
59.658234343,-3112,-2428,-2428,neg_neg
59.660259872,-3114,-2428,-2428,neg_neg
59.662216238,-3115,-2428,-2428,neg_neg
59.664218932,-3117,-2428,-2428,neg_neg
59.666215117,-3118,-2428,-2428,neg_neg
59.668172075,-3119,-2428,-2428,neg_neg
59.670185819,-3121,-2428,-2428,neg_neg
59.672196619,-3123,-2428,-2428,neg_neg
59.674181382,-3124,-2428,-2428,neg_neg
59.676201931,-3125,-2428,-2428,neg_neg
59.678208969,-3127,-2428,-2428,neg_neg
59.680285763,-3129,-2428,-2428,neg_neg
59.682211322,-3130,-2429,-2429,neg_neg
59.684158015,-3131,-2429,-2429,neg_neg
59.686211759,-3132,-2429,-2429,neg_neg
59.688142295,-3133,-2430,-2430,neg_neg
59.690130421,-3135,-2431,-2431,neg_neg
59.69217885,-3136,-2432,-2432,neg_neg
59.694211805,-3137,-2433,-2433,neg_neg
59.696236371,-3138,-2433,-2433,neg_neg
59.698207799,-3139,-2434,-2434,neg_neg
59.700225728,-3140,-2435,-2435,neg_neg
59.702217699,-3141,-2437,-2437,neg_neg
59.704165229,-3142,-2439,-2439,neg_neg
59.70613898,-3143,-2441,-2441,neg_neg
59.708120416,-3144,-2442,-2442,neg_neg
59.710084019,-3145,-2444,-2444,neg_neg
59.712130297,-3146,-2446,-2446,neg_neg
59.714154683,-3147,-2448,-2448,neg_neg
59.716133233,-3148,-2450,-2450,neg_neg
59.718125455,-3149,-2452,-2452,neg_neg
59.720092913,-3150,-2454,-2454,neg_neg
59.722129391,-3151,-2455,-2455,neg_neg
59.72413658,-3152,-2457,-2457,neg_neg
59.726112455,-3153,-2459,-2459,neg_neg
59.728141599,-3154,-2462,-2462,neg_neg
59.730165643,-3154,-2464,-2464,neg_neg
59.732105636,-3155,-2466,-2466,neg_neg
59.734083451,-3156,-2468,-2468,neg_neg
59.736125264,-3157,-2470,-2470,neg_neg
59.738100704,-3158,-2471,-2471,neg_neg
59.74008515,-3159,-2473,-2473,neg_neg
59.742114719,-3160,-2474,-2474,neg_neg
59.744050203,-3160,-2475,-2475,neg_neg
59.746075784,-3161,-2476,-2476,neg_neg
59.748026675,-3161,-2477,-2477,neg_neg
59.750096364,-3162,-2477,-2477,neg_neg
59.752069611,-3163,-2477,-2477,neg_neg
59.754053094,-3163,-2477,-2477,neg_neg
59.756063124,-3164,-2477,-2477,neg_neg
59.758071703,-3164,-2477,-2477,neg_neg
59.760046369,-3165,-2477,-2477,neg_neg
59.762059575,-3165,-2476,-2476,neg_neg
59.7639987,-3166,-2476,-2476,neg_neg
59.766099304,-3166,-2475,-2475,neg_neg
59.768027622,-3166,-2475,-2475,neg_neg
59.770063771,-3167,-2474,-2474,neg_neg
59.77208989,-3168,-2474,-2474,neg_neg
59.774081561,-3168,-2473,-2473,neg_neg
59.776015175,-3169,-2472,-2472,neg_neg
59.778027409,-3169,-2471,-2471,neg_neg
59.779962877,-3169,-2470,-2470,neg_neg
59.781976954,-3170,-2469,-2469,neg_neg
59.783999214,-3171,-2469,-2469,neg_neg
59.785950248,-3171,-2468,-2468,neg_neg
59.788045326,-3172,-2468,-2468,neg_neg
59.789992064,-3173,-2467,-2467,neg_neg
59.792020483,-3174,-2467,-2467,neg_neg
59.794052218,-3175,-2467,-2467,neg_neg
59.796097769,-3177,-2467,-2467,neg_neg
59.797991589,-3178,-2467,-2467,neg_neg
59.799973906,-3179,-2467,-2467,neg_neg
59.801969624,-3180,-2467,-2467,neg_neg
59.80400109,-3182,-2467,-2467,neg_neg
59.805970945,-3183,-2468,-2468,neg_neg
59.807984978,-3185,-2469,-2469,neg_neg
59.810057667,-3186,-2470,-2470,neg_neg
59.812024396,-3187,-2471,-2471,neg_neg
59.81402717,-3189,-2472,-2472,neg_neg
59.815984364,-3190,-2474,-2474,neg_neg
59.817918821,-3192,-2475,-2475,neg_neg
59.819944912,-3193,-2477,-2477,neg_neg
59.821965606,-3194,-2479,-2479,neg_neg
59.823971358,-3196,-2481,-2481,neg_neg
59.825942594,-3197,-2483,-2483,neg_neg
59.827924611,-3199,-2485,-2485,neg_neg
59.830052151,-3200,-2487,-2487,neg_neg
59.831892737,-3202,-2489,-2489,neg_neg
59.834085466,-3204,-2491,-2491,neg_neg
59.835850172,-3206,-2494,-2494,neg_neg
59.838026805,-3207,-2496,-2496,neg_neg
59.839848294,-3209,-2498,-2498,neg_neg
59.842034552,-3210,-2501,-2501,neg_neg
59.843868678,-3211,-2503,-2503,neg_neg
59.845974467,-3212,-2505,-2505,neg_neg
59.84790188,-3214,-2508,-2508,neg_neg
59.850027611,-3215,-2510,-2510,neg_neg
59.851876055,-3216,-2513,-2513,neg_neg
59.854035267,-3216,-2515,-2515,neg_neg
59.855835537,-3217,-2518,-2518,neg_neg
59.857979784,-3218,-2519,-2519,neg_neg
59.859861969,-3219,-2521,-2521,neg_neg
59.861881057,-3220,-2523,-2523,neg_neg
59.863859748,-3220,-2525,-2525,neg_neg
59.86586705,-3221,-2527,-2527,neg_neg
59.867938062,-3221,-2528,-2528,neg_neg
59.870116328,-3222,-2529,-2529,neg_neg
59.871899382,-3222,-2530,-2530,neg_neg
59.87391189,-3223,-2531,-2531,neg_neg
59.875805777,-3223,-2531,-2531,neg_neg
59.877839619,-3223,-2532,-2532,neg_neg
59.879817676,-3223,-2532,-2532,neg_neg
59.881801429,-3224,-2532,-2532,neg_neg
59.883776402,-3224,-2532,-2532,neg_neg
59.885746906,-3224,-2532,-2532,neg_neg
59.887826375,-3224,-2532,-2532,neg_neg
59.889786911,-3224,-2531,-2531,neg_neg
59.891833183,-3225,-2531,-2531,neg_neg
59.893821085,-3225,-2531,-2531,neg_neg
59.895841022,-3225,-2531,-2531,neg_neg
59.897938409,-3226,-2531,-2531,neg_neg
59.899793658,-3226,-2530,-2530,neg_neg
59.901855479,-3227,-2530,-2530,neg_neg
59.903803712,-3227,-2530,-2530,neg_neg
59.905840161,-3228,-2530,-2530,neg_neg
59.907776105,-3228,-2529,-2529,neg_neg
59.909749891,-3229,-2529,-2529,neg_neg
59.911733744,-3230,-2529,-2529,neg_neg
59.913724618,-3230,-2529,-2529,neg_neg
59.915696934,-3231,-2529,-2529,neg_neg
59.917696039,-3232,-2529,-2529,neg_neg
59.919702867,-3233,-2529,-2529,neg_neg
59.921712347,-3235,-2529,-2529,neg_neg
59.923678213,-3235,-2529,-2529,neg_neg
59.925700555,-3236,-2529,-2529,neg_neg
59.927669835,-3238,-2529,-2529,neg_neg
59.929788909,-3239,-2529,-2529,neg_neg
59.931810525,-3240,-2529,-2529,neg_neg
59.933731713,-3242,-2529,-2529,neg_neg
59.935686618,-3243,-2530,-2530,neg_neg
59.937670578,-3245,-2530,-2530,neg_neg
59.939684785,-3246,-2531,-2531,neg_neg
59.941675277,-3248,-2531,-2531,neg_neg
59.943683514,-3249,-2532,-2532,neg_neg
59.945691618,-3251,-2532,-2532,neg_neg
59.947689099,-3252,-2533,-2533,neg_neg
59.949659633,-3253,-2534,-2534,neg_neg
59.951705018,-3255,-2536,-2536,neg_neg
59.953694051,-3256,-2537,-2537,neg_neg
59.955669641,-3258,-2538,-2538,neg_neg
59.957696043,-3260,-2539,-2539,neg_neg
59.959691625,-3261,-2541,-2541,neg_neg
59.961692854,-3262,-2542,-2542,neg_neg
59.963671622,-3264,-2544,-2544,neg_neg
59.965696008,-3265,-2546,-2546,neg_neg
59.967712129,-3266,-2547,-2547,neg_neg
59.969696567,-3267,-2549,-2549,neg_neg
59.971701247,-3268,-2551,-2551,neg_neg
59.973672187,-3269,-2553,-2553,neg_neg
59.975603829,-3270,-2555,-2555,neg_neg
59.977671228,-3271,-2556,-2556,neg_neg
59.979669135,-3271,-2559,-2559,neg_neg
59.98165656,-3272,-2560,-2560,neg_neg
59.983653206,-3272,-2562,-2562,neg_neg
59.985722105,-3273,-2564,-2564,neg_neg
59.987631508,-3273,-2565,-2565,neg_neg
59.989582958,-3274,-2567,-2567,neg_neg
59.991608411,-3275,-2568,-2568,neg_neg
59.993605926,-3275,-2569,-2569,neg_neg
59.995664661,-3275,-2570,-2570,neg_neg
59.99760364,-3276,-2572,-2572,neg_neg
59.999571152,-3276,-2572,-2572,neg_neg
60.001677838,-3276,-2573,-2573,neg_neg
60.0035507,-3276,-2573,-2573,neg_neg
60.005633401,-3277,-2573,-2573,neg_neg
60.00754977,-3277,-2573,-2573,neg_neg
60.009591532,-3277,-2573,-2573,neg_neg
60.011630396,-3278,-2573,-2573,neg_neg
60.013549419,-3278,-2573,-2573,neg_neg
60.015592453,-3278,-2573,-2573,neg_neg
60.017536334,-3279,-2572,-2572,neg_neg
60.019528945,-3279,-2572,-2572,neg_neg
60.021555532,-3280,-2572,-2572,neg_neg
60.023500095,-3280,-2572,-2572,neg_neg
60.025524741,-3281,-2570,-2570,neg_neg
60.027478655,-3281,-2570,-2570,neg_neg
60.029519044,-3282,-2569,-2569,neg_neg
60.031538664,-3283,-2569,-2569,neg_neg
60.033515042,-3284,-2568,-2568,neg_neg
60.035462144,-3284,-2568,-2568,neg_neg
60.037432447,-3285,-2568,-2568,neg_neg
60.039472608,-3285,-2567,-2567,neg_neg
60.041488107,-3286,-2567,-2567,neg_neg
60.04346889,-3287,-2567,-2567,neg_neg
60.045431881,-3288,-2567,-2567,neg_neg
60.047474586,-3289,-2567,-2567,neg_neg
60.049496164,-3290,-2567,-2567,neg_neg
60.051482326,-3291,-2567,-2567,neg_neg
60.053495857,-3292,-2567,-2567,neg_neg
60.055505405,-3292,-2567,-2567,neg_neg
60.057515198,-3294,-2567,-2567,neg_neg
60.059423875,-3294,-2567,-2567,neg_neg
60.06139891,-3295,-2567,-2567,neg_neg
60.063433219,-3296,-2567,-2567,neg_neg
60.065393688,-3297,-2567,-2567,neg_neg
60.067470511,-3297,-2567,-2567,neg_neg
60.069489846,-3298,-2568,-2568,neg_neg
60.07148742,-3299,-2568,-2568,neg_neg
60.073463091,-3300,-2569,-2569,neg_neg
60.07547529,-3301,-2570,-2570,neg_neg
60.077488491,-3302,-2572,-2572,neg_neg
60.079436463,-3302,-2573,-2573,neg_neg
60.081492994,-3303,-2574,-2574,neg_neg
60.083494582,-3304,-2575,-2575,neg_neg
60.085498375,-3305,-2577,-2577,neg_neg
60.087426816,-3306,-2578,-2578,neg_neg
60.089420207,-3306,-2580,-2580,neg_neg
60.091428398,-3307,-2581,-2581,neg_neg
60.09339906,-3308,-2584,-2584,neg_neg
60.09546462,-3309,-2586,-2586,neg_neg
60.097517546,-3311,-2588,-2588,neg_neg
60.099447364,-3311,-2590,-2590,neg_neg
60.101561606,-3312,-2592,-2592,neg_neg
60.103511586,-3313,-2595,-2595,neg_neg
60.105490836,-3313,-2597,-2597,neg_neg
60.10744842,-3315,-2600,-2600,neg_neg
60.109441895,-3315,-2602,-2602,neg_neg
60.111466025,-3316,-2606,-2606,neg_neg
60.113392545,-3317,-2608,-2608,neg_neg
60.115390176,-3317,-2611,-2611,neg_neg
60.11740476,-3318,-2613,-2613,neg_neg
60.119442789,-3319,-2615,-2615,neg_neg
60.121460769,-3319,-2617,-2617,neg_neg
60.123366638,-3320,-2620,-2620,neg_neg
60.125308331,-3320,-2621,-2621,neg_neg
60.127368983,-3321,-2623,-2623,neg_neg
60.1294421,-3321,-2625,-2625,neg_neg
60.131343755,-3321,-2626,-2626,neg_neg
60.133338546,-3322,-2627,-2627,neg_neg
60.135347178,-3322,-2628,-2628,neg_neg
60.137433489,-3322,-2629,-2629,neg_neg
60.139342896,-3322,-2629,-2629,neg_neg
60.141347446,-3323,-2630,-2630,neg_neg
60.143293138,-3323,-2629,-2629,neg_neg
60.145284535,-3323,-2629,-2629,neg_neg
60.147428099,-3323,-2629,-2629,neg_neg
60.149386527,-3324,-2628,-2628,neg_neg
60.151286283,-3324,-2627,-2627,neg_neg
60.153281066,-3324,-2626,-2626,neg_neg
60.154336144,-3324,-2625,-2625,neg_neg
60.156328237,-3324,-2625,-2625,neg_neg
60.158304082,-3324,-2623,-2623,neg_neg
60.160340021,-3324,-2622,-2622,neg_neg
60.162293515,-3324,-2620,-2620,neg_neg
60.16425577,-3324,-2619,-2619,neg_neg
60.166234245,-3324,-2618,-2618,neg_neg
60.16823433,-3324,-2616,-2616,neg_neg
60.170216482,-3324,-2615,-2615,neg_neg
60.172170685,-3324,-2613,-2613,neg_neg
60.174139599,-3325,-2612,-2612,neg_neg
60.176195467,-3325,-2611,-2611,neg_neg
60.178139227,-3326,-2610,-2610,neg_neg
60.180131336,-3326,-2609,-2609,neg_neg
60.182185611,-3326,-2609,-2609,neg_neg
60.184139646,-3327,-2608,-2608,neg_neg
60.186131484,-3328,-2607,-2607,neg_neg
60.1881313,-3328,-2607,-2607,neg_neg
60.190389591,-3329,-2607,-2607,neg_neg
60.192256159,-3330,-2607,-2607,neg_neg
60.19430211,-3331,-2607,-2607,neg_neg
60.196352556,-3332,-2608,-2608,neg_neg
60.198263039,-3333,-2608,-2608,neg_neg
60.200285847,-3334,-2609,-2609,neg_neg
60.202226614,-3335,-2610,-2610,neg_neg
60.204117291,-3336,-2611,-2611,neg_neg
60.206138972,-3337,-2612,-2612,neg_neg
60.208153057,-3339,-2613,-2613,neg_neg
60.210162957,-3340,-2615,-2615,neg_neg
60.212185933,-3341,-2617,-2617,neg_neg
60.2141958,-3343,-2618,-2618,neg_neg
60.216216909,-3344,-2620,-2620,neg_neg
60.218119649,-3346,-2622,-2622,neg_neg
60.220182676,-3347,-2625,-2625,neg_neg
60.222257848,-3348,-2626,-2626,neg_neg
60.224165991,-3350,-2629,-2629,neg_neg
60.226214564,-3351,-2632,-2632,neg_neg
60.228208997,-3352,-2636,-2636,neg_neg
60.230234844,-3353,-2639,-2639,neg_neg
60.232207137,-3355,-2641,-2641,neg_neg
60.23425174,-3356,-2644,-2644,neg_neg
60.236178621,-3357,-2647,-2647,neg_neg
60.238150214,-3358,-2650,-2650,neg_neg
60.240108568,-3359,-2653,-2653,neg_neg
60.24211485,-3360,-2656,-2656,neg_neg
60.244141113,-3361,-2659,-2659,neg_neg
60.246102494,-3362,-2661,-2661,neg_neg
60.248087264,-3362,-2664,-2664,neg_neg
60.250076906,-3363,-2666,-2666,neg_neg
60.252070557,-3364,-2669,-2669,neg_neg
60.254070541,-3364,-2671,-2671,neg_neg
60.25604211,-3365,-2673,-2673,neg_neg
60.258046495,-3365,-2674,-2674,neg_neg
60.260025609,-3365,-2675,-2675,neg_neg
60.262053872,-3365,-2676,-2676,neg_neg
60.263999482,-3365,-2676,-2676,neg_neg
60.266002267,-3365,-2676,-2676,neg_neg
60.268022733,-3365,-2676,-2676,neg_neg
60.270066948,-3365,-2676,-2676,neg_neg
60.271966792,-3364,-2675,-2675,neg_neg
60.27406649,-3364,-2674,-2674,neg_neg
60.27603113,-3364,-2673,-2673,neg_neg
60.278025707,-3363,-2672,-2672,neg_neg
60.28006778,-3363,-2670,-2670,neg_neg
60.282058936,-3362,-2669,-2669,neg_neg
60.284038473,-3362,-2666,-2666,neg_neg
60.286045146,-3362,-2664,-2664,neg_neg
60.288163525,-3361,-2662,-2662,neg_neg
60.290074041,-3361,-2660,-2660,neg_neg
60.292133494,-3361,-2657,-2657,neg_neg
60.294105704,-3361,-2655,-2655,neg_neg
60.296062699,-3361,-2653,-2653,neg_neg
60.298105207,-3361,-2650,-2650,neg_neg
60.300064058,-3361,-2648,-2648,neg_neg
60.302069156,-3361,-2646,-2646,neg_neg
60.304096169,-3361,-2644,-2644,neg_neg
60.306032855,-3362,-2641,-2641,neg_neg
60.308030802,-3362,-2640,-2640,neg_neg
60.310020759,-3363,-2638,-2638,neg_neg
60.312042027,-3364,-2636,-2636,neg_neg
60.314072506,-3364,-2633,-2633,neg_neg
60.31602627,-3365,-2633,-2633,neg_neg
60.318096934,-3366,-2632,-2632,neg_neg
60.320146373,-3367,-2630,-2630,neg_neg
60.322123858,-3368,-2630,-2630,neg_neg
60.324031051,-3369,-2629,-2629,neg_neg
60.326058532,-3370,-2629,-2629,neg_neg
60.32807816,-3372,-2629,-2629,neg_neg
60.330071602,-3373,-2629,-2629,neg_neg
60.332017027,-3374,-2630,-2630,neg_neg
60.334025224,-3375,-2630,-2630,neg_neg
60.336029984,-3376,-2631,-2631,neg_neg
60.337993709,-3377,-2632,-2632,neg_neg
60.339979503,-3378,-2634,-2634,neg_neg
60.341954071,-3380,-2636,-2636,neg_neg
60.343996334,-3381,-2639,-2639,neg_neg
60.34596798,-3383,-2640,-2640,neg_neg
60.347918595,-3384,-2643,-2643,neg_neg
60.349936045,-3385,-2646,-2646,neg_neg
60.351937276,-3386,-2648,-2648,neg_neg
60.354042039,-3388,-2651,-2651,neg_neg
60.356005437,-3389,-2654,-2654,neg_neg
60.358037317,-3390,-2657,-2657,neg_neg
60.359997121,-3391,-2661,-2661,neg_neg
60.362037005,-3392,-2664,-2664,neg_neg
60.363976556,-3393,-2669,-2669,neg_neg
60.365984445,-3394,-2673,-2673,neg_neg
60.36801081,-3394,-2676,-2676,neg_neg
60.37007671,-3395,-2681,-2681,neg_neg
60.3719412,-3396,-2685,-2685,neg_neg
60.374116172,-3396,-2689,-2689,neg_neg
60.375955648,-3396,-2693,-2693,neg_neg
60.378165917,-3396,-2697,-2697,neg_neg
60.37990844,-3396,-2701,-2701,neg_neg
60.381914449,-3396,-2705,-2705,neg_neg
60.383955033,-3396,-2707,-2707,neg_neg
60.385900157,-3396,-2709,-2709,neg_neg
60.387874309,-3396,-2711,-2711,neg_neg
60.389877004,-3396,-2714,-2714,neg_neg
60.39182994,-3396,-2715,-2715,neg_neg
60.393823665,-3395,-2716,-2716,neg_neg
60.395799286,-3395,-2716,-2716,neg_neg
60.39782512,-3395,-2716,-2716,neg_neg
60.399831578,-3394,-2716,-2716,neg_neg
60.401866097,-3394,-2716,-2716,neg_neg
60.403813012,-3394,-2716,-2716,neg_neg
60.405862828,-3393,-2715,-2715,neg_neg
60.407812383,-3393,-2712,-2712,neg_neg
60.409827129,-3393,-2711,-2711,neg_neg
60.411843251,-3393,-2709,-2709,neg_neg
60.413894342,-3393,-2708,-2708,neg_neg
60.415797873,-3393,-2706,-2706,neg_neg
60.417843954,-3393,-2703,-2703,neg_neg
60.419821065,-3393,-2700,-2700,neg_neg
60.421848352,-3393,-2698,-2698,neg_neg
60.423841841,-3393,-2694,-2694,neg_neg
60.42586131,-3393,-2691,-2691,neg_neg
60.42781303,-3393,-2688,-2688,neg_neg
60.429776273,-3394,-2684,-2684,neg_neg
60.431791985,-3394,-2681,-2681,neg_neg
60.433775525,-3395,-2676,-2676,neg_neg
60.435781131,-3396,-2673,-2673,neg_neg
60.437784414,-3397,-2670,-2670,neg_neg
60.439783025,-3397,-2666,-2666,neg_neg
60.441756783,-3398,-2662,-2662,neg_neg
60.443697229,-3399,-2659,-2659,neg_neg
60.445769794,-3401,-2656,-2656,neg_neg
60.447740714,-3402,-2654,-2654,neg_neg
60.449715901,-3403,-2651,-2651,neg_neg
60.451868206,-3404,-2648,-2648,neg_neg
60.453778968,-3405,-2646,-2646,neg_neg
60.455709308,-3406,-2644,-2644,neg_neg
60.457724823,-3407,-2642,-2642,neg_neg
60.459720892,-3409,-2641,-2641,neg_neg
60.461721071,-3410,-2641,-2641,neg_neg
60.463738532,-3411,-2640,-2640,neg_neg
60.465777692,-3413,-2640,-2640,neg_neg
60.467802741,-3414,-2640,-2640,neg_neg
60.469718202,-3415,-2640,-2640,neg_neg
60.471715969,-3416,-2641,-2641,neg_neg
60.473732797,-3417,-2643,-2643,neg_neg
60.475725753,-3419,-2645,-2645,neg_neg
60.477703425,-3420,-2647,-2647,neg_neg
60.4797109,-3421,-2649,-2649,neg_neg
60.481760191,-3422,-2651,-2651,neg_neg
60.483712634,-3423,-2654,-2654,neg_neg
60.485746416,-3424,-2657,-2657,neg_neg
60.487654824,-3425,-2660,-2660,neg_neg
60.489648973,-3426,-2663,-2663,neg_neg
60.49164814,-3427,-2668,-2668,neg_neg
60.493710728,-3428,-2671,-2671,neg_neg
60.495661675,-3428,-2675,-2675,neg_neg
60.497653759,-3429,-2680,-2680,neg_neg
60.499667761,-3430,-2683,-2683,neg_neg
60.50169503,-3430,-2688,-2688,neg_neg
60.503765739,-3431,-2693,-2693,neg_neg
60.505652893,-3432,-2698,-2698,neg_neg
60.50760507,-3432,-2702,-2702,neg_neg
60.50962807,-3432,-2707,-2707,neg_neg
60.511630221,-3432,-2711,-2711,neg_neg
60.513635171,-3432,-2716,-2716,neg_neg
60.515606823,-3432,-2720,-2720,neg_neg
60.517566091,-3432,-2725,-2725,neg_neg
60.519598405,-3432,-2728,-2728,neg_neg
60.521567366,-3432,-2732,-2732,neg_neg
60.523602919,-3432,-2735,-2735,neg_neg
60.525582842,-3432,-2738,-2738,neg_neg
60.527564718,-3432,-2740,-2740,neg_neg
60.529588018,-3431,-2742,-2742,neg_neg
60.531607897,-3431,-2743,-2743,neg_neg
60.533585794,-3430,-2744,-2744,neg_neg
60.535579008,-3430,-2744,-2744,neg_neg
60.537636073,-3429,-2744,-2744,neg_neg
60.539593205,-3429,-2744,-2744,neg_neg
60.541577784,-3428,-2743,-2743,neg_neg
60.543561376,-3428,-2743,-2743,neg_neg
60.545543148,-3427,-2741,-2741,neg_neg
60.547523406,-3427,-2739,-2739,neg_neg
60.549498969,-3426,-2738,-2738,neg_neg
60.551538295,-3426,-2735,-2735,neg_neg
60.553514667,-3426,-2733,-2733,neg_neg
60.555519714,-3426,-2729,-2729,neg_neg
60.557526958,-3426,-2726,-2726,neg_neg
60.559469457,-3426,-2724,-2724,neg_neg
60.561469379,-3426,-2719,-2719,neg_neg
60.563528226,-3426,-2716,-2716,neg_neg
60.565478548,-3427,-2712,-2712,neg_neg
60.567558316,-3427,-2708,-2708,neg_neg
60.569550853,-3428,-2705,-2705,neg_neg
60.571523299,-3428,-2701,-2701,neg_neg
60.57351958,-3430,-2698,-2698,neg_neg
60.575534733,-3431,-2694,-2694,neg_neg
60.577526441,-3432,-2691,-2691,neg_neg
60.579543525,-3433,-2688,-2688,neg_neg
60.581556423,-3434,-2684,-2684,neg_neg
60.583599794,-3435,-2682,-2682,neg_neg
60.585597555,-3437,-2680,-2680,neg_neg
60.587573095,-3438,-2678,-2678,neg_neg
60.589600491,-3439,-2676,-2676,neg_neg
60.591579845,-3441,-2674,-2674,neg_neg
60.593544321,-3442,-2674,-2674,neg_neg
60.59558581,-3443,-2673,-2673,neg_neg
60.597539475,-3445,-2673,-2673,neg_neg
60.599567651,-3446,-2673,-2673,neg_neg
60.601529379,-3448,-2674,-2674,neg_neg
60.603501762,-3449,-2674,-2674,neg_neg
60.60550297,-3451,-2675,-2675,neg_neg
60.607468109,-3452,-2678,-2678,neg_neg
60.609525989,-3454,-2678,-2678,neg_neg
60.611484149,-3456,-2681,-2681,neg_neg
60.613505735,-3457,-2682,-2682,neg_neg
60.615398289,-3459,-2685,-2685,neg_neg
60.61747265,-3461,-2688,-2688,neg_neg
60.619493307,-3462,-2691,-2691,neg_neg
60.621450423,-3463,-2696,-2696,neg_neg
60.623463722,-3465,-2698,-2698,neg_neg
60.625440939,-3466,-2701,-2701,neg_neg
60.627451126,-3468,-2705,-2705,neg_neg
60.629448371,-3469,-2709,-2709,neg_neg
60.631445284,-3470,-2714,-2714,neg_neg
60.633437976,-3472,-2717,-2717,neg_neg
60.635420361,-3473,-2721,-2721,neg_neg
60.637442044,-3474,-2726,-2726,neg_neg
60.639425436,-3475,-2730,-2730,neg_neg
60.641399964,-3476,-2734,-2734,neg_neg
60.643451933,-3477,-2738,-2738,neg_neg
60.645390767,-3478,-2741,-2741,neg_neg
60.647471147,-3479,-2745,-2745,neg_neg
60.649387931,-3479,-2748,-2748,neg_neg
60.651390038,-3480,-2751,-2751,neg_neg
60.653414864,-3481,-2754,-2754,neg_neg
60.655362806,-3481,-2756,-2756,neg_neg
60.657363365,-3481,-2759,-2759,neg_neg
60.659409046,-3482,-2760,-2760,neg_neg
60.660356231,-3482,-2761,-2761,neg_neg
60.662389709,-3482,-2762,-2762,neg_neg
60.664341443,-3482,-2763,-2763,neg_neg
60.666386912,-3482,-2764,-2764,neg_neg
60.668362233,-3482,-2764,-2764,neg_neg
60.670297372,-3481,-2764,-2764,neg_neg
60.672268577,-3482,-2764,-2764,neg_neg
60.674310667,-3481,-2764,-2764,neg_neg
60.676304435,-3481,-2763,-2763,neg_neg
60.678305341,-3481,-2762,-2762,neg_neg
60.680347269,-3482,-2761,-2761,neg_neg
60.682292442,-3482,-2759,-2759,neg_neg
60.684325075,-3482,-2757,-2757,neg_neg
60.686300774,-3482,-2756,-2756,neg_neg
60.688309659,-3482,-2754,-2754,neg_neg
60.690378829,-3482,-2752,-2752,neg_neg
60.692316341,-3482,-2750,-2750,neg_neg
60.694271469,-3483,-2747,-2747,neg_neg
60.696241519,-3483,-2745,-2745,neg_neg
60.698367827,-3483,-2743,-2743,neg_neg
60.700264156,-3484,-2740,-2740,neg_neg
60.702298919,-3484,-2738,-2738,neg_neg
60.70432637,-3485,-2737,-2737,neg_neg
60.706288977,-3486,-2734,-2734,neg_neg
60.708329278,-3486,-2733,-2733,neg_neg
60.710341442,-3488,-2730,-2730,neg_neg
60.712298217,-3489,-2728,-2728,neg_neg
60.714260938,-3490,-2727,-2727,neg_neg
60.716256359,-3490,-2726,-2726,neg_neg
60.718252879,-3492,-2725,-2725,neg_neg
60.720278684,-3493,-2724,-2724,neg_neg
60.722250676,-3494,-2724,-2724,neg_neg
60.724309075,-3496,-2724,-2724,neg_neg
60.726334439,-3497,-2724,-2724,neg_neg
60.728292865,-3499,-2724,-2724,neg_neg
60.730213004,-3500,-2724,-2724,neg_neg
60.732237465,-3502,-2724,-2724,neg_neg
60.734191639,-3503,-2725,-2725,neg_neg
60.736238122,-3505,-2726,-2726,neg_neg
60.738236159,-3506,-2727,-2727,neg_neg
60.740274087,-3508,-2728,-2728,neg_neg
60.742287821,-3509,-2730,-2730,neg_neg
60.744188481,-3511,-2733,-2733,neg_neg
60.746209683,-3512,-2734,-2734,neg_neg
60.748193587,-3514,-2736,-2736,neg_neg
60.750236467,-3515,-2739,-2739,neg_neg
60.752239536,-3517,-2741,-2741,neg_neg
60.754212817,-3518,-2743,-2743,neg_neg
60.756184683,-3520,-2746,-2746,neg_neg
60.758196353,-3522,-2748,-2748,neg_neg
60.760207008,-3523,-2751,-2751,neg_neg
60.762183991,-3524,-2754,-2754,neg_neg
60.76424453,-3525,-2756,-2756,neg_neg
60.766207835,-3527,-2759,-2759,neg_neg
60.768182883,-3527,-2761,-2761,neg_neg
60.770165448,-3529,-2764,-2764,neg_neg
60.772156477,-3530,-2766,-2766,neg_neg
60.774153292,-3531,-2769,-2769,neg_neg
60.776193998,-3531,-2771,-2771,neg_neg
60.778209575,-3532,-2772,-2772,neg_neg
60.780191874,-3533,-2774,-2774,neg_neg
60.782237647,-3534,-2776,-2776,neg_neg
60.784160996,-3534,-2777,-2777,neg_neg
60.786164129,-3535,-2778,-2778,neg_neg
60.788172184,-3535,-2779,-2779,neg_neg
60.79017723,-3535,-2779,-2779,neg_neg
60.79214991,-3535,-2779,-2779,neg_neg
60.794190929,-3535,-2780,-2780,neg_neg
60.796108061,-3535,-2780,-2780,neg_neg
60.798140877,-3535,-2780,-2780,neg_neg
60.80009616,-3535,-2779,-2779,neg_neg
60.802167643,-3535,-2779,-2779,neg_neg
60.804089652,-3534,-2779,-2779,neg_neg
60.806138213,-3534,-2778,-2778,neg_neg
60.808158435,-3534,-2778,-2778,neg_neg
60.8101195,-3534,-2777,-2777,neg_neg
60.81209737,-3534,-2776,-2776,neg_neg
60.814120406,-3534,-2776,-2776,neg_neg
60.816138336,-3534,-2776,-2776,neg_neg
60.818136275,-3534,-2775,-2775,neg_neg
60.820034146,-3534,-2775,-2775,neg_neg
60.822082208,-3535,-2774,-2774,neg_neg
60.824080879,-3535,-2774,-2774,neg_neg
60.826103495,-3535,-2773,-2773,neg_neg
60.828128943,-3535,-2773,-2773,neg_neg
60.83015482,-3536,-2772,-2772,neg_neg
60.83215134,-3537,-2772,-2772,neg_neg
60.834115168,-3537,-2772,-2772,neg_neg
60.83608003,-3538,-2771,-2771,neg_neg
60.838023951,-3539,-2771,-2771,neg_neg
60.840044255,-3540,-2771,-2771,neg_neg
60.84207362,-3541,-2771,-2771,neg_neg
60.84412425,-3542,-2771,-2771,neg_neg
60.846065565,-3543,-2771,-2771,neg_neg
60.84802773,-3544,-2771,-2771,neg_neg
60.850097811,-3545,-2771,-2771,neg_neg
60.852103101,-3547,-2771,-2771,neg_neg
60.854181843,-3548,-2771,-2771,neg_neg
60.856102643,-3549,-2771,-2771,neg_neg
60.858019478,-3551,-2771,-2771,neg_neg
60.859957206,-3552,-2771,-2771,neg_neg
60.861966936,-3553,-2771,-2771,neg_neg
60.863994308,-3554,-2771,-2771,neg_neg
60.86600674,-3555,-2771,-2771,neg_neg
60.867995758,-3557,-2771,-2771,neg_neg
60.870014058,-3558,-2771,-2771,neg_neg
60.872063605,-3560,-2771,-2771,neg_neg
60.874070513,-3561,-2771,-2771,neg_neg
60.875958633,-3563,-2771,-2771,neg_neg
60.878164055,-3564,-2771,-2771,neg_neg
60.879948913,-3566,-2771,-2771,neg_neg
60.882158959,-3567,-2771,-2771,neg_neg
60.883946925,-3568,-2771,-2771,neg_neg
60.885922223,-3569,-2771,-2771,neg_neg
60.887932985,-3570,-2771,-2771,neg_neg
60.889929151,-3571,-2771,-2771,neg_neg
60.891920217,-3572,-2771,-2771,neg_neg
60.893924424,-3573,-2771,-2771,neg_neg
60.895991305,-3574,-2771,-2771,neg_neg
60.897872445,-3575,-2771,-2771,neg_neg
60.90002721,-3575,-2771,-2771,neg_neg
60.90197209,-3576,-2771,-2771,neg_neg
60.903946934,-3577,-2772,-2772,neg_neg
60.905906618,-3578,-2772,-2772,neg_neg
60.907880024,-3578,-2772,-2772,neg_neg
60.909877227,-3579,-2772,-2772,neg_neg
60.91189402,-3579,-2773,-2773,neg_neg
60.913976327,-3579,-2773,-2773,neg_neg
60.915893748,-3579,-2773,-2773,neg_neg
60.917887094,-3580,-2773,-2773,neg_neg
60.919896112,-3580,-2774,-2774,neg_neg
60.921928625,-3580,-2774,-2774,neg_neg
60.923919167,-3580,-2775,-2775,neg_neg
60.926008269,-3580,-2775,-2775,neg_neg
60.927914279,-3580,-2776,-2776,neg_neg
60.929844065,-3580,-2776,-2776,neg_neg
60.93191016,-3580,-2776,-2776,neg_neg
60.933905086,-3580,-2777,-2777,neg_neg
60.935895618,-3581,-2777,-2777,neg_neg
60.93787304,-3581,-2778,-2778,neg_neg
60.939988017,-3581,-2778,-2778,neg_neg
60.941895804,-3581,-2779,-2779,neg_neg
60.944146823,-3582,-2780,-2780,neg_neg
60.94583952,-3582,-2780,-2780,neg_neg
60.947950643,-3583,-2781,-2781,neg_neg
60.949816017,-3583,-2781,-2781,neg_neg
60.951965052,-3584,-2782,-2782,neg_neg
60.953850831,-3585,-2783,-2783,neg_neg
60.955988518,-3585,-2783,-2783,neg_neg
60.957845756,-3586,-2784,-2784,neg_neg
60.960094569,-3586,-2785,-2785,neg_neg
60.961825477,-3587,-2786,-2786,neg_neg
60.96397823,-3588,-2786,-2786,neg_neg
60.965782359,-3589,-2787,-2787,neg_neg
60.967751828,-3590,-2788,-2788,neg_neg
60.969866423,-3591,-2788,-2788,neg_neg
60.97204637,-3592,-2789,-2789,neg_neg
60.973848257,-3593,-2789,-2789,neg_neg
60.97576087,-3594,-2790,-2790,neg_neg
60.977724323,-3596,-2790,-2790,neg_neg
60.979747435,-3596,-2791,-2791,neg_neg
60.981751681,-3597,-2791,-2791,neg_neg
60.983811849,-3599,-2792,-2792,neg_neg
60.985812019,-3600,-2792,-2792,neg_neg
60.987815828,-3601,-2793,-2793,neg_neg
60.989788644,-3603,-2793,-2793,neg_neg
60.991835085,-3604,-2793,-2793,neg_neg
60.993822374,-3605,-2794,-2794,neg_neg
60.995760573,-3607,-2794,-2794,neg_neg
60.997752632,-3608,-2795,-2795,neg_neg
60.999726521,-3609,-2796,-2796,neg_neg
61.001747504,-3610,-2796,-2796,neg_neg
61.003781151,-3612,-2797,-2797,neg_neg
61.005797142,-3613,-2798,-2798,neg_neg
61.007749457,-3614,-2799,-2799,neg_neg
61.00978614,-3615,-2800,-2800,neg_neg
61.011761848,-3617,-2801,-2801,neg_neg
61.013772436,-3617,-2802,-2802,neg_neg
61.015747767,-3618,-2803,-2803,neg_neg
61.017733967,-3619,-2804,-2804,neg_neg
61.019702898,-3620,-2805,-2805,neg_neg
61.02167174,-3621,-2806,-2806,neg_neg
61.023661635,-3622,-2808,-2808,neg_neg
61.02567994,-3623,-2809,-2809,neg_neg
61.027678076,-3624,-2810,-2810,neg_neg
61.029705759,-3624,-2811,-2811,neg_neg
61.031709849,-3625,-2812,-2812,neg_neg
61.033702416,-3626,-2814,-2814,neg_neg
61.035746911,-3627,-2815,-2815,neg_neg
61.037642199,-3627,-2816,-2816,neg_neg
61.03970326,-3628,-2817,-2817,neg_neg
61.04166258,-3629,-2818,-2818,neg_neg
61.043663064,-3629,-2819,-2819,neg_neg
61.045726475,-3630,-2820,-2820,neg_neg
61.047691255,-3630,-2821,-2821,neg_neg
61.049611786,-3631,-2821,-2821,neg_neg
61.051664341,-3631,-2822,-2822,neg_neg
61.053683073,-3631,-2822,-2822,neg_neg
61.055692746,-3631,-2823,-2823,neg_neg
61.057740758,-3631,-2823,-2823,neg_neg
61.059648743,-3631,-2824,-2824,neg_neg
61.061712684,-3631,-2824,-2824,neg_neg
61.063673572,-3631,-2824,-2824,neg_neg
61.065668211,-3631,-2825,-2825,neg_neg
61.067634705,-3631,-2825,-2825,neg_neg
61.069680699,-3632,-2825,-2825,neg_neg
61.071668219,-3632,-2824,-2824,neg_neg
61.073605089,-3632,-2825,-2825,neg_neg
61.075581457,-3633,-2825,-2825,neg_neg
61.077586633,-3633,-2824,-2824,neg_neg
61.079601876,-3633,-2824,-2824,neg_neg
61.081640863,-3634,-2824,-2824,neg_neg
61.08363213,-3635,-2824,-2824,neg_neg
61.085621396,-3636,-2825,-2825,neg_neg
61.087606799,-3636,-2825,-2825,neg_neg
61.089601851,-3637,-2825,-2825,neg_neg
61.091567133,-3639,-2824,-2824,neg_neg
61.093583231,-3640,-2825,-2825,neg_neg
61.095496847,-3640,-2825,-2825,neg_neg
61.097532426,-3642,-2825,-2825,neg_neg
61.099580236,-3642,-2825,-2825,neg_neg
61.101561686,-3644,-2824,-2824,neg_neg
61.103520643,-3644,-2825,-2825,neg_neg
61.105543105,-3646,-2825,-2825,neg_neg
61.107517008,-3646,-2825,-2825,neg_neg
61.109598607,-3648,-2825,-2825,neg_neg
61.111505888,-3649,-2825,-2825,neg_neg
61.11349435,-3650,-2825,-2825,neg_neg
61.115471347,-3651,-2826,-2826,neg_neg
61.117548458,-3652,-2826,-2826,neg_neg
61.119432836,-3653,-2826,-2826,neg_neg
61.12150671,-3654,-2826,-2826,neg_neg
61.123466002,-3655,-2827,-2827,neg_neg
61.125491366,-3656,-2827,-2827,neg_neg
61.127474228,-3657,-2827,-2827,neg_neg
61.129485601,-3658,-2827,-2827,neg_neg
61.131472657,-3660,-2827,-2827,neg_neg
61.133463432,-3661,-2827,-2827,neg_neg
61.135471523,-3662,-2827,-2827,neg_neg
61.137472315,-3663,-2827,-2827,neg_neg
61.139505785,-3663,-2827,-2827,neg_neg
61.141488442,-3664,-2828,-2828,neg_neg
61.143448265,-3664,-2828,-2828,neg_neg
61.145503447,-3665,-2829,-2829,neg_neg
61.147461339,-3666,-2830,-2830,neg_neg
61.149426203,-3666,-2830,-2830,neg_neg
61.151510313,-3667,-2831,-2831,neg_neg
61.153393951,-3667,-2832,-2832,neg_neg
61.155403382,-3668,-2833,-2833,neg_neg
61.157408242,-3668,-2834,-2834,neg_neg
61.159384727,-3669,-2835,-2835,neg_neg
61.161380081,-3669,-2836,-2836,neg_neg
61.163372272,-3670,-2837,-2837,neg_neg
61.165398435,-3670,-2838,-2838,neg_neg
61.167371773,-3671,-2840,-2840,neg_neg
61.16942101,-3672,-2841,-2841,neg_neg
61.171383628,-3672,-2842,-2842,neg_neg
61.173353665,-3673,-2844,-2844,neg_neg
61.175368545,-3673,-2845,-2845,neg_neg
61.177353707,-3674,-2847,-2847,neg_neg
61.179346934,-3675,-2848,-2848,neg_neg
61.181473394,-3675,-2850,-2850,neg_neg
61.183487913,-3676,-2852,-2852,neg_neg
61.185337345,-3676,-2853,-2853,neg_neg
61.187406529,-3677,-2855,-2855,neg_neg
61.189397626,-3677,-2856,-2856,neg_neg
61.191407841,-3678,-2858,-2858,neg_neg
61.193442696,-3679,-2861,-2861,neg_neg
61.195493045,-3679,-2862,-2862,neg_neg
61.197426358,-3681,-2864,-2864,neg_neg
61.199365163,-3681,-2865,-2865,neg_neg
61.201364563,-3682,-2866,-2866,neg_neg
61.20337533,-3683,-2868,-2868,neg_neg
61.205398801,-3683,-2868,-2868,neg_neg
61.207417724,-3684,-2869,-2869,neg_neg
61.209440997,-3684,-2870,-2870,neg_neg
61.211362597,-3685,-2870,-2870,neg_neg
61.213323642,-3686,-2870,-2870,neg_neg
61.215327097,-3686,-2870,-2870,neg_neg
61.217331695,-3687,-2870,-2870,neg_neg
61.219369943,-3687,-2870,-2870,neg_neg
61.221348866,-3688,-2870,-2870,neg_neg
61.223342165,-3689,-2870,-2870,neg_neg
61.225347115,-3689,-2869,-2869,neg_neg
61.227347489,-3690,-2869,-2869,neg_neg
61.229335299,-3690,-2869,-2869,neg_neg
61.231327321,-3691,-2868,-2868,neg_neg
61.233340783,-3691,-2868,-2868,neg_neg
61.23528926,-3692,-2868,-2868,neg_neg
61.237321802,-3692,-2868,-2868,neg_neg
61.239261811,-3693,-2868,-2868,neg_neg
61.241295006,-3693,-2868,-2868,neg_neg
61.243274073,-3694,-2868,-2868,neg_neg
61.245307355,-3695,-2868,-2868,neg_neg
61.24731772,-3695,-2868,-2868,neg_neg
61.249342399,-3696,-2867,-2867,neg_neg
61.251382084,-3697,-2867,-2867,neg_neg
61.253315153,-3698,-2867,-2867,neg_neg
61.255269123,-3699,-2868,-2868,neg_neg
61.257321028,-3699,-2868,-2868,neg_neg
61.259321201,-3700,-2867,-2867,neg_neg
61.261304952,-3700,-2868,-2868,neg_neg
61.263316604,-3701,-2868,-2868,neg_neg
61.26529786,-3702,-2867,-2867,neg_neg
61.267304101,-3702,-2867,-2867,neg_neg
61.269304954,-3703,-2867,-2867,neg_neg
61.271308943,-3704,-2867,-2867,neg_neg
61.273338727,-3704,-2867,-2867,neg_neg
61.2752684,-3705,-2868,-2868,neg_neg
61.277319379,-3706,-2868,-2868,neg_neg
61.279266904,-3706,-2868,-2868,neg_neg
61.281239879,-3707,-2867,-2867,neg_neg
61.283222665,-3708,-2868,-2868,neg_neg
61.285269691,-3708,-2868,-2868,neg_neg
61.287272948,-3709,-2868,-2868,neg_neg
61.28926338,-3710,-2868,-2868,neg_neg
61.291180711,-3710,-2868,-2868,neg_neg
61.293310828,-3711,-2868,-2868,neg_neg
61.295229707,-3712,-2868,-2868,neg_neg
61.297222235,-3712,-2868,-2868,neg_neg
61.299218144,-3713,-2868,-2868,neg_neg
61.301254595,-3714,-2868,-2868,neg_neg
61.30324456,-3715,-2868,-2868,neg_neg
61.305232687,-3715,-2868,-2868,neg_neg
61.307206938,-3716,-2868,-2868,neg_neg
61.309196179,-3717,-2868,-2868,neg_neg
61.311305598,-3717,-2869,-2869,neg_neg
61.313221913,-3718,-2869,-2869,neg_neg
61.31523765,-3718,-2870,-2870,neg_neg
61.317221608,-3719,-2871,-2871,neg_neg
61.319255055,-3719,-2871,-2871,neg_neg
61.321224685,-3720,-2872,-2872,neg_neg
61.323154889,-3721,-2873,-2873,neg_neg
61.325215286,-3721,-2874,-2874,neg_neg
61.32716951,-3722,-2874,-2874,neg_neg
61.329179195,-3723,-2875,-2875,neg_neg
61.331198108,-3723,-2876,-2876,neg_neg
61.333206423,-3724,-2877,-2877,neg_neg
61.335226234,-3724,-2878,-2878,neg_neg
61.337230047,-3724,-2880,-2880,neg_neg
61.339157392,-3725,-2881,-2881,neg_neg
61.341172427,-3726,-2882,-2882,neg_neg
61.343149842,-3726,-2883,-2883,neg_neg
61.345131411,-3726,-2885,-2885,neg_neg
61.347083572,-3727,-2886,-2886,neg_neg
61.349180316,-3727,-2888,-2888,neg_neg
61.351176805,-3728,-2889,-2889,neg_neg
61.353186975,-3728,-2890,-2890,neg_neg
61.355168313,-3729,-2892,-2892,neg_neg
61.357120274,-3729,-2893,-2893,neg_neg
61.359157097,-3730,-2894,-2894,neg_neg
61.36134884,-3730,-2895,-2895,neg_neg
61.363212022,-3731,-2896,-2896,neg_neg
61.365171407,-3731,-2896,-2896,neg_neg
61.367118086,-3732,-2897,-2897,neg_neg
61.369173095,-3732,-2897,-2897,neg_neg
61.371215927,-3733,-2897,-2897,neg_neg
61.373195794,-3733,-2898,-2898,neg_neg
61.375124025,-3733,-2897,-2897,neg_neg
61.377205965,-3733,-2897,-2897,neg_neg
61.379162895,-3733,-2898,-2898,neg_neg
61.381119398,-3733,-2897,-2897,neg_neg
61.38320142,-3733,-2898,-2898,neg_neg
61.385161749,-3734,-2898,-2898,neg_neg
61.387130416,-3734,-2898,-2898,neg_neg
61.38920744,-3734,-2897,-2897,neg_neg
61.391156623,-3734,-2898,-2898,neg_neg
61.393258971,-3734,-2897,-2897,neg_neg
61.395134576,-3735,-2897,-2897,neg_neg
61.397093859,-3735,-2898,-2898,neg_neg
61.399039724,-3735,-2897,-2897,neg_neg
61.400987286,-3736,-2897,-2897,neg_neg
61.403011697,-3736,-2898,-2898,neg_neg
61.405022781,-3737,-2898,-2898,neg_neg
61.406981019,-3737,-2897,-2897,neg_neg
61.40902547,-3738,-2897,-2897,neg_neg
61.411004497,-3739,-2898,-2898,neg_neg
61.413006858,-3739,-2897,-2897,neg_neg
61.415092383,-3740,-2898,-2898,neg_neg
61.416995637,-3741,-2898,-2898,neg_neg
61.419047966,-3741,-2898,-2898,neg_neg
61.421007615,-3742,-2898,-2898,neg_neg
61.423043735,-3743,-2898,-2898,neg_neg
61.425076347,-3744,-2898,-2898,neg_neg
61.427113193,-3745,-2898,-2898,neg_neg
61.429045633,-3745,-2898,-2898,neg_neg
61.43102716,-3746,-2898,-2898,neg_neg
61.433063122,-3747,-2899,-2899,neg_neg
61.435081368,-3747,-2899,-2899,neg_neg
61.437030687,-3749,-2899,-2899,neg_neg
61.439050944,-3750,-2900,-2900,neg_neg
61.441055176,-3751,-2900,-2900,neg_neg
61.443032221,-3752,-2901,-2901,neg_neg
61.445000679,-3753,-2901,-2901,neg_neg
61.44713455,-3753,-2902,-2902,neg_neg
61.449052341,-3754,-2902,-2902,neg_neg
61.450998066,-3755,-2903,-2903,neg_neg
61.452940982,-3756,-2904,-2904,neg_neg
61.454926218,-3757,-2905,-2905,neg_neg
61.456938322,-3758,-2906,-2906,neg_neg
61.458920457,-3759,-2908,-2908,neg_neg
61.460945227,-3760,-2909,-2909,neg_neg
61.462902079,-3760,-2910,-2910,neg_neg
61.464908946,-3761,-2911,-2911,neg_neg
61.466907592,-3761,-2912,-2912,neg_neg
61.468921624,-3761,-2913,-2913,neg_neg
61.470874236,-3762,-2914,-2914,neg_neg
61.472922661,-3762,-2915,-2915,neg_neg
61.474855106,-3762,-2916,-2916,neg_neg
61.476845965,-3763,-2917,-2917,neg_neg
61.478831663,-3763,-2917,-2917,neg_neg
61.480844808,-3763,-2918,-2918,neg_neg
61.482887922,-3763,-2918,-2918,neg_neg
61.484880022,-3763,-2919,-2919,neg_neg
61.486871778,-3763,-2919,-2919,neg_neg
61.488855656,-3762,-2919,-2919,neg_neg
61.490816291,-3762,-2920,-2920,neg_neg
61.492830437,-3762,-2920,-2920,neg_neg
61.494791199,-3762,-2920,-2920,neg_neg
61.496986015,-3762,-2920,-2920,neg_neg
61.498792642,-3763,-2920,-2920,neg_neg
61.500944163,-3763,-2920,-2920,neg_neg
61.50281111,-3763,-2920,-2920,neg_neg
61.504924012,-3763,-2920,-2920,neg_neg
61.506808954,-3763,-2920,-2920,neg_neg
61.508899951,-3763,-2920,-2920,neg_neg
61.510799414,-3763,-2919,-2919,neg_neg
61.512862128,-3764,-2919,-2919,neg_neg
61.514759097,-3764,-2919,-2919,neg_neg
61.516932075,-3764,-2919,-2919,neg_neg
61.518782035,-3765,-2919,-2919,neg_neg
61.520921161,-3765,-2919,-2919,neg_neg
61.522820006,-3766,-2919,-2919,neg_neg
61.524944064,-3766,-2919,-2919,neg_neg
61.526736862,-3768,-2919,-2919,neg_neg
61.528729692,-3768,-2919,-2919,neg_neg
61.530753371,-3769,-2919,-2919,neg_neg
61.532730492,-3770,-2919,-2919,neg_neg
61.53477138,-3771,-2920,-2920,neg_neg
61.536758171,-3772,-2920,-2920,neg_neg
61.538756568,-3773,-2920,-2920,neg_neg
61.540776995,-3774,-2920,-2920,neg_neg
61.542808181,-3775,-2921,-2921,neg_neg
61.544753021,-3776,-2922,-2922,neg_neg
61.546790685,-3777,-2922,-2922,neg_neg
61.548706972,-3778,-2923,-2923,neg_neg
61.550702671,-3779,-2924,-2924,neg_neg
61.552737667,-3780,-2925,-2925,neg_neg
61.554749604,-3781,-2926,-2926,neg_neg
61.556740421,-3782,-2927,-2927,neg_neg
61.558715484,-3783,-2929,-2929,neg_neg
61.560718524,-3784,-2930,-2930,neg_neg
61.56272176,-3785,-2931,-2931,neg_neg
61.56480238,-3786,-2932,-2932,neg_neg
61.56674407,-3787,-2934,-2934,neg_neg
61.568811921,-3787,-2936,-2936,neg_neg
61.570768276,-3789,-2937,-2937,neg_neg
61.57276471,-3790,-2939,-2939,neg_neg
61.574701503,-3791,-2940,-2940,neg_neg
61.576669384,-3792,-2942,-2942,neg_neg
61.578636333,-3793,-2944,-2944,neg_neg
61.580725764,-3793,-2946,-2946,neg_neg
61.582745472,-3793,-2947,-2947,neg_neg
61.584756614,-3794,-2948,-2948,neg_neg
61.586735163,-3795,-2950,-2950,neg_neg
61.58871796,-3795,-2952,-2952,neg_neg
61.59073103,-3796,-2953,-2953,neg_neg
61.592719845,-3797,-2955,-2955,neg_neg
61.594749037,-3797,-2956,-2956,neg_neg
61.596690979,-3798,-2958,-2958,neg_neg
61.598671779,-3798,-2959,-2959,neg_neg
61.600645804,-3799,-2960,-2960,neg_neg
61.602750573,-3799,-2961,-2961,neg_neg
61.604728535,-3799,-2962,-2962,neg_neg
61.606676324,-3800,-2963,-2963,neg_neg
61.608744619,-3801,-2964,-2964,neg_neg
61.610685705,-3801,-2964,-2964,neg_neg
61.612682747,-3802,-2965,-2965,neg_neg
61.614635178,-3802,-2965,-2965,neg_neg
61.616646955,-3803,-2966,-2966,neg_neg
61.618669791,-3803,-2966,-2966,neg_neg
61.620708445,-3804,-2966,-2966,neg_neg
61.622674994,-3804,-2966,-2966,neg_neg
61.624723478,-3805,-2967,-2967,neg_neg
61.6266604,-3805,-2967,-2967,neg_neg
61.628590526,-3806,-2967,-2967,neg_neg
61.630581257,-3806,-2967,-2967,neg_neg
61.632580279,-3807,-2967,-2967,neg_neg
61.634630857,-3807,-2967,-2967,neg_neg
61.636594069,-3808,-2967,-2967,neg_neg
61.638625965,-3809,-2967,-2967,neg_neg
61.640564457,-3810,-2967,-2967,neg_neg
61.642594406,-3811,-2967,-2967,neg_neg
61.644556112,-3812,-2967,-2967,neg_neg
61.646544911,-3813,-2967,-2967,neg_neg
61.648633961,-3813,-2966,-2966,neg_neg
61.650553275,-3814,-2966,-2966,neg_neg
61.652523056,-3815,-2966,-2966,neg_neg
61.654525561,-3816,-2966,-2966,neg_neg
61.656507586,-3818,-2966,-2966,neg_neg
61.658524151,-3819,-2966,-2966,neg_neg
61.660543842,-3820,-2966,-2966,neg_neg
61.662566709,-3821,-2966,-2966,neg_neg
61.664479887,-3821,-2966,-2966,neg_neg
61.666527425,-3823,-2966,-2966,neg_neg
61.668479351,-3824,-2966,-2966,neg_neg
61.670461368,-3825,-2965,-2965,neg_neg
61.672477738,-3826,-2966,-2966,neg_neg
61.674559107,-3827,-2966,-2966,neg_neg
61.676511956,-3828,-2966,-2966,neg_neg
61.678477118,-3829,-2966,-2966,neg_neg
61.680429226,-3830,-2966,-2966,neg_neg
61.682477277,-3831,-2966,-2966,neg_neg
61.684513852,-3832,-2966,-2966,neg_neg
61.686567308,-3833,-2966,-2966,neg_neg
61.688457596,-3834,-2966,-2966,neg_neg
61.690447114,-3835,-2966,-2966,neg_neg
61.692471637,-3836,-2966,-2966,neg_neg
61.69445092,-3837,-2966,-2966,neg_neg
61.696487529,-3838,-2966,-2966,neg_neg
61.698408853,-3839,-2966,-2966,neg_neg
61.700398637,-3840,-2967,-2967,neg_neg
61.702466619,-3841,-2968,-2968,neg_neg
61.704376696,-3842,-2968,-2968,neg_neg
61.706426574,-3843,-2969,-2969,neg_neg
61.708429614,-3844,-2969,-2969,neg_neg
61.710464653,-3845,-2970,-2970,neg_neg
61.712454638,-3846,-2971,-2971,neg_neg
61.714421834,-3846,-2972,-2972,neg_neg
61.716369052,-3847,-2973,-2973,neg_neg
61.718425263,-3847,-2974,-2974,neg_neg
61.720400936,-3848,-2975,-2975,neg_neg
61.722359967,-3848,-2977,-2977,neg_neg
61.724396821,-3848,-2978,-2978,neg_neg
61.72641736,-3849,-2979,-2979,neg_neg
61.728430639,-3849,-2980,-2980,neg_neg
61.730357968,-3850,-2981,-2981,neg_neg
61.732396435,-3850,-2983,-2983,neg_neg
61.734417825,-3851,-2984,-2984,neg_neg
61.736404872,-3851,-2985,-2985,neg_neg
61.738358306,-3851,-2987,-2987,neg_neg
61.740401711,-3851,-2988,-2988,neg_neg
61.742307891,-3851,-2989,-2989,neg_neg
61.744294547,-3852,-2991,-2991,neg_neg
61.746415837,-3852,-2992,-2992,neg_neg
61.748335821,-3852,-2994,-2994,neg_neg
61.750364255,-3852,-2995,-2995,neg_neg
61.752319622,-3852,-2996,-2996,neg_neg
61.754300435,-3853,-2996,-2996,neg_neg
61.756313838,-3853,-2997,-2997,neg_neg
61.758297918,-3853,-2998,-2998,neg_neg
61.760283103,-3853,-2999,-2999,neg_neg
61.762335709,-3854,-3000,-3000,neg_neg
61.764320289,-3854,-3000,-3000,neg_neg
61.766321121,-3854,-3001,-3001,neg_neg
61.768287253,-3855,-3001,-3001,neg_neg
61.77031005,-3855,-3001,-3001,neg_neg
61.772304758,-3855,-3001,-3001,neg_neg
61.774321308,-3856,-3001,-3001,neg_neg
61.776312968,-3857,-3001,-3001,neg_neg
61.778324745,-3857,-3002,-3002,neg_neg
61.780344114,-3858,-3001,-3001,neg_neg
61.782317786,-3859,-3002,-3002,neg_neg
61.784294042,-3860,-3001,-3001,neg_neg
61.786316417,-3860,-3001,-3001,neg_neg
61.788406126,-3861,-3001,-3001,neg_neg
61.790346412,-3862,-3001,-3001,neg_neg
61.79226437,-3863,-3001,-3001,neg_neg
61.794337648,-3864,-3001,-3001,neg_neg
61.796253185,-3865,-3001,-3001,neg_neg
61.798303289,-3866,-3001,-3001,neg_neg
61.800265849,-3867,-3002,-3002,neg_neg
61.80229243,-3868,-3002,-3002,neg_neg
61.80423463,-3869,-3001,-3001,neg_neg
61.806271493,-3870,-3001,-3001,neg_neg
61.808321979,-3871,-3001,-3001,neg_neg
61.810242276,-3872,-3002,-3002,neg_neg
61.812257801,-3873,-3002,-3002,neg_neg
61.814216424,-3875,-3002,-3002,neg_neg
61.816221259,-3876,-3002,-3002,neg_neg
61.81822077,-3877,-3003,-3003,neg_neg
61.820154753,-3877,-3003,-3003,neg_neg
61.822247213,-3878,-3004,-3004,neg_neg
61.82423811,-3880,-3004,-3004,neg_neg
61.826260289,-3880,-3005,-3005,neg_neg
61.828248245,-3882,-3006,-3006,neg_neg
61.830244525,-3883,-3006,-3006,neg_neg
61.832247877,-3883,-3007,-3007,neg_neg
61.834249346,-3884,-3008,-3008,neg_neg
61.836230428,-3885,-3009,-3009,neg_neg
61.838287915,-3886,-3010,-3010,neg_neg
61.840219298,-3887,-3011,-3011,neg_neg
61.842220291,-3887,-3013,-3013,neg_neg
61.84421676,-3888,-3014,-3014,neg_neg
61.846234498,-3889,-3015,-3015,neg_neg
61.848159198,-3889,-3016,-3016,neg_neg
61.850193444,-3890,-3017,-3017,neg_neg
61.852178348,-3890,-3018,-3018,neg_neg
61.854193244,-3891,-3018,-3018,neg_neg
61.85616722,-3891,-3020,-3020,neg_neg
61.858184661,-3891,-3021,-3021,neg_neg
61.860194155,-3891,-3022,-3022,neg_neg
61.862241167,-3892,-3023,-3023,neg_neg
61.864165497,-3892,-3024,-3024,neg_neg
61.86621245,-3892,-3024,-3024,neg_neg
61.868208678,-3893,-3025,-3025,neg_neg
61.87021488,-3893,-3026,-3026,neg_neg
61.872215435,-3893,-3026,-3026,neg_neg
61.874206062,-3893,-3027,-3027,neg_neg
61.876154422,-3894,-3027,-3027,neg_neg
61.878130253,-3894,-3027,-3027,neg_neg
61.880148358,-3894,-3027,-3027,neg_neg
61.8821112,-3894,-3028,-3028,neg_neg
61.884092736,-3894,-3028,-3028,neg_neg
61.886115306,-3894,-3027,-3027,neg_neg
61.888086788,-3894,-3028,-3028,neg_neg
61.89013395,-3894,-3027,-3027,neg_neg
61.892191635,-3894,-3027,-3027,neg_neg
61.89414826,-3894,-3027,-3027,neg_neg
61.896227778,-3894,-3026,-3026,neg_neg
61.898107376,-3894,-3026,-3026,neg_neg
61.900103923,-3894,-3026,-3026,neg_neg
61.902054926,-3894,-3026,-3026,neg_neg
61.904067059,-3894,-3026,-3026,neg_neg
61.906061612,-3894,-3025,-3025,neg_neg
61.908123034,-3895,-3025,-3025,neg_neg
61.910051995,-3895,-3025,-3025,neg_neg
61.912117893,-3895,-3025,-3025,neg_neg
61.914087756,-3895,-3025,-3025,neg_neg
61.916091193,-3895,-3025,-3025,neg_neg
61.918050158,-3896,-3025,-3025,neg_neg
61.920038049,-3896,-3025,-3025,neg_neg
61.922219358,-3896,-3025,-3025,neg_neg
61.924083134,-3897,-3025,-3025,neg_neg
61.926035014,-3898,-3025,-3025,neg_neg
61.928105371,-3898,-3025,-3025,neg_neg
61.930082065,-3899,-3025,-3025,neg_neg
61.932060475,-3899,-3025,-3025,neg_neg
61.934031916,-3900,-3026,-3026,neg_neg
61.936031264,-3901,-3026,-3026,neg_neg
61.938072147,-3902,-3026,-3026,neg_neg
61.940067294,-3903,-3027,-3027,neg_neg
61.942045696,-3903,-3028,-3028,neg_neg
61.94406281,-3904,-3028,-3028,neg_neg
61.946070444,-3905,-3029,-3029,neg_neg
61.948060402,-3906,-3030,-3030,neg_neg
61.950035475,-3906,-3031,-3031,neg_neg
61.95197129,-3907,-3032,-3032,neg_neg
61.953999921,-3908,-3033,-3033,neg_neg
61.955990834,-3909,-3034,-3034,neg_neg
61.958010121,-3910,-3036,-3036,neg_neg
61.959996158,-3910,-3037,-3037,neg_neg
61.962011565,-3911,-3038,-3038,neg_neg
61.964082488,-3912,-3040,-3040,neg_neg
61.966007611,-3912,-3041,-3041,neg_neg
61.967993274,-3912,-3043,-3043,neg_neg
61.969987693,-3913,-3044,-3044,neg_neg
61.971912591,-3913,-3046,-3046,neg_neg
61.973996539,-3914,-3048,-3048,neg_neg
61.975980852,-3914,-3050,-3050,neg_neg
61.977951715,-3914,-3052,-3052,neg_neg
61.979946216,-3914,-3053,-3053,neg_neg
61.981968999,-3914,-3055,-3055,neg_neg
61.983996936,-3914,-3057,-3057,neg_neg
61.985962019,-3914,-3058,-3058,neg_neg
61.987919314,-3914,-3060,-3060,neg_neg
61.989880272,-3914,-3062,-3062,neg_neg
61.99187469,-3914,-3064,-3064,neg_neg
61.99390697,-3914,-3066,-3066,neg_neg
61.99590606,-3914,-3067,-3067,neg_neg
61.997949336,-3914,-3069,-3069,neg_neg
61.999942179,-3915,-3070,-3070,neg_neg
62.001848862,-3915,-3071,-3071,neg_neg
62.003881462,-3915,-3072,-3072,neg_neg
62.005876892,-3915,-3073,-3073,neg_neg
62.007869301,-3916,-3073,-3073,neg_neg
62.009832086,-3916,-3073,-3073,neg_neg
62.011823996,-3916,-3073,-3073,neg_neg
62.013828693,-3917,-3073,-3073,neg_neg
62.01591953,-3917,-3073,-3073,neg_neg
62.017887944,-3918,-3073,-3073,neg_neg
62.019852055,-3918,-3073,-3073,neg_neg
62.021915769,-3919,-3072,-3072,neg_neg
62.023836768,-3920,-3072,-3072,neg_neg
62.025876482,-3920,-3071,-3071,neg_neg
62.027827314,-3921,-3071,-3071,neg_neg
62.029832377,-3922,-3071,-3071,neg_neg
62.031819609,-3923,-3070,-3070,neg_neg
62.033821677,-3924,-3070,-3070,neg_neg
62.035819139,-3925,-3070,-3070,neg_neg
62.037813248,-3926,-3069,-3069,neg_neg
62.03981799,-3927,-3069,-3069,neg_neg
62.041837477,-3928,-3069,-3069,neg_neg
62.043843619,-3930,-3069,-3069,neg_neg
62.045941403,-3931,-3069,-3069,neg_neg
62.047843469,-3932,-3069,-3069,neg_neg
62.049906909,-3933,-3070,-3070,neg_neg
62.05188859,-3934,-3069,-3069,neg_neg
62.053907927,-3936,-3069,-3069,neg_neg
62.055882531,-3937,-3069,-3069,neg_neg
62.057913539,-3938,-3069,-3069,neg_neg
62.059894686,-3940,-3069,-3069,neg_neg
62.061836525,-3941,-3070,-3070,neg_neg
62.063835792,-3942,-3069,-3069,neg_neg
62.065920284,-3943,-3069,-3069,neg_neg
62.067785093,-3944,-3069,-3069,neg_neg
62.069816405,-3945,-3069,-3069,neg_neg
62.071825092,-3946,-3069,-3069,neg_neg
62.073784978,-3947,-3069,-3069,neg_neg
62.075823158,-3948,-3069,-3069,neg_neg
62.077833376,-3949,-3069,-3069,neg_neg
62.079808137,-3950,-3069,-3069,neg_neg
62.081665039,-3951,-3069,-3069,neg_neg
62.083783365,-3951,-3069,-3069,neg_neg
62.08570936,-3952,-3069,-3069,neg_neg
62.087728764,-3953,-3069,-3069,neg_neg
62.089718515,-3953,-3069,-3069,neg_neg
62.091789971,-3953,-3069,-3069,neg_neg
62.093720603,-3954,-3069,-3069,neg_neg
62.095703895,-3954,-3069,-3069,neg_neg
62.097701123,-3954,-3069,-3069,neg_neg
62.099681655,-3954,-3069,-3069,neg_neg
62.101718295,-3954,-3069,-3069,neg_neg
62.103723878,-3954,-3069,-3069,neg_neg
62.105672136,-3954,-3069,-3069,neg_neg
62.107710498,-3954,-3069,-3069,neg_neg
62.109687711,-3954,-3069,-3069,neg_neg
62.111688493,-3954,-3069,-3069,neg_neg
62.113694575,-3954,-3069,-3069,neg_neg
62.115702302,-3954,-3070,-3070,neg_neg
62.117698393,-3954,-3069,-3069,neg_neg
62.119675183,-3955,-3069,-3069,neg_neg
62.121762662,-3954,-3069,-3069,neg_neg
62.12366174,-3955,-3070,-3070,neg_neg
62.125720175,-3955,-3070,-3070,neg_neg
62.127647627,-3955,-3070,-3070,neg_neg
62.129776473,-3955,-3070,-3070,neg_neg
62.131712015,-3955,-3070,-3070,neg_neg
62.133668074,-3956,-3070,-3070,neg_neg
62.135650035,-3956,-3070,-3070,neg_neg
62.137669855,-3957,-3070,-3070,neg_neg
62.139680406,-3957,-3070,-3070,neg_neg
62.141609624,-3957,-3070,-3070,neg_neg
62.143613133,-3958,-3070,-3070,neg_neg
62.145615342,-3959,-3070,-3070,neg_neg
62.147592825,-3959,-3070,-3070,neg_neg
62.149647668,-3960,-3070,-3070,neg_neg
62.151663949,-3961,-3069,-3069,neg_neg
62.153608007,-3961,-3070,-3070,neg_neg
62.155608626,-3962,-3070,-3070,neg_neg
62.157627372,-3962,-3070,-3070,neg_neg
62.159637634,-3963,-3070,-3070,neg_neg
62.161595828,-3964,-3070,-3070,neg_neg
62.1635986,-3964,-3070,-3070,neg_neg
62.165611254,-3965,-3070,-3070,neg_neg
62.167588597,-3966,-3070,-3070,neg_neg
62.169585017,-3966,-3070,-3070,neg_neg
62.171577517,-3967,-3070,-3070,neg_neg
62.173601635,-3968,-3070,-3070,neg_neg
62.17559757,-3968,-3070,-3070,neg_neg
62.177569788,-3969,-3070,-3070,neg_neg
62.179534846,-3969,-3071,-3071,neg_neg
62.18155732,-3969,-3071,-3071,neg_neg
62.183480245,-3970,-3071,-3071,neg_neg
62.185510597,-3971,-3072,-3072,neg_neg
62.187584188,-3971,-3073,-3073,neg_neg
62.18951555,-3972,-3073,-3073,neg_neg
62.191527191,-3972,-3074,-3074,neg_neg
62.193570523,-3972,-3075,-3075,neg_neg
62.195518196,-3973,-3075,-3075,neg_neg
62.197486436,-3973,-3076,-3076,neg_neg
62.19943717,-3974,-3077,-3077,neg_neg
62.201511056,-3974,-3078,-3078,neg_neg
62.203502626,-3974,-3080,-3080,neg_neg
62.205460141,-3975,-3080,-3080,neg_neg
62.207445818,-3975,-3081,-3081,neg_neg
62.209449707,-3975,-3082,-3082,neg_neg
62.211382198,-3976,-3083,-3083,neg_neg
62.213409996,-3977,-3084,-3084,neg_neg
62.215497048,-3977,-3085,-3085,neg_neg
62.217490326,-3978,-3086,-3086,neg_neg
62.219498016,-3978,-3087,-3087,neg_neg
62.221437488,-3979,-3088,-3088,neg_neg
62.223442787,-3980,-3089,-3089,neg_neg
62.225400514,-3981,-3090,-3090,neg_neg
62.227335975,-3981,-3091,-3091,neg_neg
62.229357232,-3982,-3092,-3092,neg_neg
62.231375384,-3983,-3094,-3094,neg_neg
62.233369419,-3984,-3095,-3095,neg_neg
62.235388984,-3985,-3096,-3096,neg_neg
62.237422817,-3986,-3097,-3097,neg_neg
62.239430858,-3987,-3099,-3099,neg_neg
62.241449173,-3988,-3100,-3100,neg_neg
62.243418597,-3989,-3102,-3102,neg_neg
62.24547188,-3990,-3103,-3103,neg_neg
62.247479084,-3990,-3104,-3104,neg_neg
62.249475598,-3992,-3106,-3106,neg_neg
62.251450769,-3992,-3107,-3107,neg_neg
62.253483487,-3994,-3108,-3108,neg_neg
62.255388853,-3994,-3109,-3109,neg_neg
62.257463418,-3995,-3110,-3110,neg_neg
62.259460995,-3996,-3111,-3111,neg_neg
62.261464578,-3997,-3112,-3112,neg_neg
62.263444303,-3998,-3112,-3112,neg_neg
62.265335385,-3999,-3113,-3113,neg_neg
62.267333459,-3999,-3113,-3113,neg_neg
62.269352036,-4000,-3113,-3113,neg_neg
62.271324684,-4001,-3113,-3113,neg_neg
62.273315079,-4002,-3113,-3113,neg_neg
62.275345575,-4002,-3113,-3113,neg_neg
62.27735084,-4003,-3113,-3113,neg_neg
62.279279091,-4004,-3112,-3112,neg_neg
62.281264183,-4004,-3112,-3112,neg_neg
62.283304936,-4005,-3111,-3111,neg_neg
62.285274361,-4006,-3111,-3111,neg_neg
62.287316785,-4006,-3110,-3110,neg_neg
62.289247182,-4007,-3110,-3110,neg_neg
62.291281187,-4007,-3109,-3109,neg_neg
62.293337009,-4008,-3108,-3108,neg_neg
62.29529185,-4009,-3108,-3108,neg_neg
62.297372086,-4010,-3107,-3107,neg_neg
62.299311175,-4010,-3107,-3107,neg_neg
62.301271916,-4010,-3106,-3106,neg_neg
62.303324794,-4011,-3106,-3106,neg_neg
62.305319236,-4011,-3105,-3105,neg_neg
62.307331712,-4012,-3105,-3105,neg_neg
62.308324377,-4012,-3105,-3105,neg_neg
62.310298185,-4013,-3105,-3105,neg_neg
62.312284836,-4014,-3105,-3105,neg_neg
62.314254766,-4014,-3105,-3105,neg_neg
62.316305614,-4015,-3105,-3105,neg_neg
62.318281749,-4016,-3105,-3105,neg_neg
62.320329183,-4017,-3105,-3105,neg_neg
62.322291732,-4017,-3105,-3105,neg_neg
62.324274632,-4018,-3105,-3105,neg_neg
62.32629773,-4019,-3105,-3105,neg_neg
62.328238737,-4020,-3105,-3105,neg_neg
62.330260265,-4020,-3105,-3105,neg_neg
62.33222773,-4021,-3105,-3105,neg_neg
62.334268122,-4022,-3105,-3105,neg_neg
62.336229697,-4022,-3105,-3105,neg_neg
62.338263945,-4023,-3105,-3105,neg_neg
62.340328953,-4024,-3105,-3105,neg_neg
62.342307768,-4025,-3105,-3105,neg_neg
62.344254834,-4025,-3105,-3105,neg_neg
62.346261889,-4026,-3105,-3105,neg_neg
62.348254699,-4026,-3105,-3105,neg_neg
62.350251962,-4027,-3105,-3105,neg_neg
62.352226017,-4027,-3105,-3105,neg_neg
62.354202796,-4028,-3105,-3105,neg_neg
62.356251088,-4029,-3105,-3105,neg_neg
62.358200509,-4029,-3105,-3105,neg_neg
62.360283993,-4030,-3105,-3105,neg_neg
62.362320292,-4031,-3105,-3105,neg_neg
62.364262864,-4032,-3105,-3105,neg_neg
62.366342197,-4032,-3105,-3105,neg_neg
62.368245142,-4033,-3105,-3105,neg_neg
62.370209427,-4033,-3105,-3105,neg_neg
62.372224497,-4034,-3105,-3105,neg_neg
62.374231553,-4035,-3106,-3106,neg_neg
62.376306734,-4036,-3106,-3106,neg_neg
62.378262795,-4037,-3106,-3106,neg_neg
62.380196046,-4038,-3107,-3107,neg_neg
62.382181908,-4039,-3107,-3107,neg_neg
62.38418129,-4040,-3108,-3108,neg_neg
62.386166486,-4040,-3108,-3108,neg_neg
62.388189287,-4041,-3109,-3109,neg_neg
62.390162657,-4042,-3109,-3109,neg_neg
62.392161098,-4043,-3110,-3110,neg_neg
62.394138116,-4044,-3110,-3110,neg_neg
62.396200705,-4044,-3110,-3110,neg_neg
62.398064909,-4045,-3111,-3111,neg_neg
62.400103911,-4046,-3111,-3111,neg_neg
62.402060224,-4046,-3112,-3112,neg_neg
62.40409937,-4046,-3112,-3112,neg_neg
62.406054079,-4047,-3112,-3112,neg_neg
62.408139435,-4048,-3113,-3113,neg_neg
62.410047825,-4048,-3114,-3114,neg_neg
62.412094997,-4049,-3114,-3114,neg_neg
62.414087085,-4050,-3115,-3115,neg_neg
62.416090922,-4050,-3116,-3116,neg_neg
62.418102147,-4051,-3117,-3117,neg_neg
62.420177634,-4052,-3117,-3117,neg_neg
62.422092133,-4052,-3118,-3118,neg_neg
62.424100884,-4053,-3119,-3119,neg_neg
62.426071096,-4053,-3119,-3119,neg_neg
62.428123242,-4054,-3120,-3120,neg_neg
62.430080538,-4054,-3121,-3121,neg_neg
62.432182683,-4055,-3122,-3122,neg_neg
62.434085416,-4056,-3122,-3122,neg_neg
62.436094757,-4056,-3123,-3123,neg_neg
62.438067758,-4057,-3123,-3123,neg_neg
62.440096265,-4058,-3124,-3124,neg_neg
62.442122675,-4058,-3125,-3125,neg_neg
62.444110701,-4059,-3125,-3125,neg_neg
62.446100272,-4060,-3126,-3126,neg_neg
62.448116861,-4061,-3126,-3126,neg_neg
62.450113519,-4061,-3127,-3127,neg_neg
62.452123824,-4062,-3127,-3127,neg_neg
62.454074131,-4063,-3128,-3128,neg_neg
62.456070084,-4065,-3128,-3128,neg_neg
62.458127641,-4066,-3129,-3129,neg_neg
62.460095235,-4067,-3129,-3129,neg_neg
62.46201848,-4067,-3129,-3129,neg_neg
62.464044368,-4069,-3129,-3129,neg_neg
62.465982045,-4069,-3130,-3130,neg_neg
62.468059498,-4070,-3130,-3130,neg_neg
62.470143518,-4071,-3130,-3130,neg_neg
62.472078803,-4072,-3131,-3131,neg_neg
62.474092366,-4073,-3131,-3131,neg_neg
62.47607851,-4074,-3131,-3131,neg_neg
62.478002124,-4075,-3131,-3131,neg_neg
62.480027311,-4076,-3131,-3131,neg_neg
62.48203017,-4077,-3132,-3132,neg_neg
62.484010869,-4078,-3132,-3132,neg_neg
62.486120211,-4079,-3132,-3132,neg_neg
62.488070983,-4080,-3133,-3133,neg_neg
62.490000657,-4081,-3133,-3133,neg_neg
62.492010815,-4082,-3134,-3134,neg_neg
62.494014474,-4083,-3134,-3134,neg_neg
62.496088048,-4084,-3134,-3134,neg_neg
62.497998296,-4085,-3134,-3134,neg_neg
62.500049585,-4086,-3135,-3135,neg_neg
62.502080279,-4087,-3135,-3135,neg_neg
62.503979325,-4088,-3135,-3135,neg_neg
62.506006883,-4089,-3135,-3135,neg_neg
62.508027441,-4090,-3135,-3135,neg_neg
62.50998442,-4091,-3135,-3135,neg_neg
62.511952257,-4092,-3135,-3135,neg_neg
62.513989211,-4093,-3135,-3135,neg_neg
62.515922662,-4094,-3135,-3135,neg_neg
62.517953343,-4094,-3135,-3135,neg_neg
62.519910393,-4095,-3135,-3135,neg_neg
62.521905321,-4096,-3135,-3135,neg_neg
62.523914701,-4096,-3135,-3135,neg_neg
62.525876053,-4096,-3135,-3135,neg_neg
62.527952245,-4097,-3135,-3135,neg_neg
62.529888783,-4097,-3135,-3135,neg_neg
62.531899466,-4097,-3135,-3135,neg_neg
62.533946491,-4097,-3135,-3135,neg_neg
62.535889493,-4098,-3135,-3135,neg_neg
62.538020719,-4098,-3135,-3135,neg_neg
62.539971369,-4098,-3135,-3135,neg_neg
62.541947028,-4098,-3135,-3135,neg_neg
62.543852681,-4099,-3135,-3135,neg_neg
62.545911405,-4099,-3135,-3135,neg_neg
62.547945394,-4099,-3135,-3135,neg_neg
62.549953596,-4099,-3135,-3135,neg_neg
62.551903953,-4099,-3135,-3135,neg_neg
62.553935437,-4099,-3135,-3135,neg_neg
62.555947104,-4099,-3135,-3135,neg_neg
62.558043299,-4099,-3135,-3135,neg_neg
62.559999207,-4099,-3135,-3135,neg_neg
62.562063266,-4099,-3135,-3135,neg_neg
62.563918463,-4099,-3135,-3135,neg_neg
62.565936171,-4099,-3135,-3135,neg_neg
62.567814291,-4099,-3135,-3135,neg_neg
62.56988295,-4099,-3135,-3135,neg_neg
62.571877113,-4099,-3135,-3135,neg_neg
62.57400921,-4099,-3135,-3135,neg_neg
62.575848226,-4099,-3135,-3135,neg_neg
62.577984621,-4099,-3135,-3135,neg_neg
62.579848227,-4099,-3135,-3135,neg_neg
62.581900863,-4099,-3135,-3135,neg_neg
62.583824388,-4099,-3135,-3135,neg_neg
62.585942177,-4099,-3135,-3135,neg_neg
62.587803243,-4099,-3135,-3135,neg_neg
62.589959453,-4099,-3135,-3135,neg_neg
62.591773707,-4100,-3135,-3135,neg_neg
62.593955287,-4100,-3135,-3135,neg_neg
62.595825879,-4100,-3135,-3135,neg_neg
62.597788994,-4100,-3135,-3135,neg_neg
62.599794803,-4101,-3135,-3135,neg_neg
62.601771113,-4101,-3135,-3135,neg_neg
62.603881522,-4101,-3135,-3135,neg_neg
62.60586503,-4102,-3135,-3135,neg_neg
62.607740178,-4102,-3135,-3135,neg_neg
62.609756132,-4102,-3135,-3135,neg_neg
62.611778785,-4103,-3135,-3135,neg_neg
62.613771852,-4103,-3135,-3135,neg_neg
62.615741244,-4104,-3135,-3135,neg_neg
62.617764072,-4104,-3135,-3135,neg_neg
62.619732707,-4104,-3135,-3135,neg_neg
62.621761084,-4105,-3135,-3135,neg_neg
62.623749738,-4105,-3135,-3135,neg_neg
62.625753366,-4106,-3135,-3135,neg_neg
62.627757175,-4106,-3135,-3135,neg_neg
62.629700154,-4107,-3136,-3136,neg_neg
62.631763076,-4107,-3136,-3136,neg_neg
62.633764501,-4108,-3136,-3136,neg_neg
62.635746647,-4108,-3136,-3136,neg_neg
62.637753515,-4109,-3136,-3136,neg_neg
62.639759499,-4109,-3137,-3137,neg_neg
62.641801931,-4110,-3137,-3137,neg_neg
62.6437028,-4111,-3137,-3137,neg_neg
62.645771906,-4111,-3138,-3138,neg_neg
62.647720256,-4112,-3138,-3138,neg_neg
62.649749173,-4112,-3139,-3139,neg_neg
62.651746822,-4113,-3140,-3140,neg_neg
62.653808305,-4113,-3140,-3140,neg_neg
62.655756806,-4114,-3141,-3141,neg_neg
62.657736999,-4115,-3142,-3142,neg_neg
62.659736563,-4115,-3142,-3142,neg_neg
62.661689327,-4116,-3143,-3143,neg_neg
62.663712961,-4117,-3144,-3144,neg_neg
62.665707628,-4117,-3145,-3145,neg_neg
62.667705736,-4118,-3145,-3145,neg_neg
62.669690592,-4118,-3146,-3146,neg_neg
62.671650504,-4119,-3147,-3147,neg_neg
62.673663335,-4120,-3148,-3148,neg_neg
62.675658277,-4120,-3149,-3149,neg_neg
62.677677297,-4121,-3149,-3149,neg_neg
62.679675564,-4122,-3151,-3151,neg_neg
62.681710565,-4123,-3151,-3151,neg_neg
62.683681964,-4123,-3152,-3152,neg_neg
62.685612933,-4124,-3154,-3154,neg_neg
62.687671042,-4125,-3155,-3155,neg_neg
62.689651845,-4125,-3156,-3156,neg_neg
62.691670014,-4126,-3157,-3157,neg_neg
62.693682164,-4126,-3158,-3158,neg_neg
62.695674617,-4127,-3159,-3159,neg_neg
62.697703864,-4127,-3160,-3160,neg_neg
62.699671131,-4129,-3161,-3161,neg_neg
62.701668674,-4130,-3162,-3162,neg_neg
62.703619434,-4130,-3163,-3163,neg_neg
62.705639184,-4130,-3164,-3164,neg_neg
62.707602126,-4131,-3164,-3164,neg_neg
62.709659564,-4131,-3165,-3165,neg_neg
62.711623322,-4131,-3165,-3165,neg_neg
62.713629337,-4131,-3166,-3166,neg_neg
62.715597402,-4131,-3167,-3167,neg_neg
62.717633326,-4131,-3167,-3167,neg_neg
62.719624171,-4131,-3167,-3167,neg_neg
62.721606965,-4131,-3168,-3168,neg_neg
62.723568302,-4131,-3168,-3168,neg_neg
62.725578029,-4130,-3168,-3168,neg_neg
62.727535673,-4130,-3168,-3168,neg_neg
62.729563596,-4130,-3168,-3168,neg_neg
62.731567818,-4129,-3168,-3168,neg_neg
62.733569371,-4129,-3168,-3168,neg_neg
62.735588856,-4127,-3168,-3168,neg_neg
62.737549734,-4127,-3168,-3168,neg_neg
62.7395452,-4127,-3168,-3168,neg_neg
62.741541954,-4127,-3168,-3168,neg_neg
62.74347301,-4126,-3168,-3168,neg_neg
62.745550581,-4126,-3168,-3168,neg_neg
62.747529151,-4125,-3168,-3168,neg_neg
62.749545534,-4125,-3168,-3168,neg_neg
62.751538968,-4125,-3168,-3168,neg_neg
62.753544077,-4125,-3168,-3168,neg_neg
62.755544994,-4124,-3168,-3168,neg_neg
62.757527286,-4124,-3168,-3168,neg_neg
62.75950378,-4124,-3169,-3169,neg_neg
62.761556861,-4124,-3168,-3168,neg_neg
62.763586143,-4124,-3168,-3168,neg_neg
62.765507977,-4124,-3168,-3168,neg_neg
62.767517265,-4124,-3168,-3168,neg_neg
62.769480823,-4124,-3168,-3168,neg_neg
62.771448124,-4124,-3168,-3168,neg_neg
62.773512268,-4124,-3168,-3168,neg_neg
62.775487716,-4124,-3168,-3168,neg_neg
62.777514654,-4124,-3168,-3168,neg_neg
62.779549015,-4124,-3168,-3168,neg_neg
62.781507097,-4124,-3168,-3168,neg_neg
62.783507618,-4124,-3168,-3168,neg_neg
62.785531223,-4125,-3168,-3168,neg_neg
62.78753211,-4125,-3168,-3168,neg_neg
62.789419027,-4125,-3168,-3168,neg_neg
62.791417581,-4125,-3168,-3168,neg_neg
62.793417303,-4125,-3168,-3168,neg_neg
62.795490288,-4125,-3168,-3168,neg_neg
62.797440887,-4125,-3168,-3168,neg_neg
62.799424975,-4125,-3168,-3168,neg_neg
62.801452313,-4125,-3168,-3168,neg_neg
62.803501494,-4125,-3168,-3168,neg_neg
62.805455417,-4125,-3168,-3168,neg_neg
62.807488774,-4125,-3168,-3168,neg_neg
62.809490965,-4126,-3168,-3168,neg_neg
62.811464454,-4125,-3168,-3168,neg_neg
62.813448328,-4125,-3168,-3168,neg_neg
62.815434475,-4125,-3168,-3168,neg_neg
62.817451192,-4125,-3169,-3169,neg_neg
62.819449016,-4125,-3169,-3169,neg_neg
62.821409831,-4125,-3169,-3169,neg_neg
62.82340217,-4125,-3170,-3170,neg_neg
62.825364141,-4125,-3170,-3170,neg_neg
62.82735094,-4126,-3171,-3171,neg_neg
62.829378276,-4126,-3172,-3172,neg_neg
62.83135994,-4126,-3172,-3172,neg_neg
62.833360461,-4126,-3173,-3173,neg_neg
62.8353086,-4125,-3174,-3174,neg_neg
62.837334976,-4125,-3175,-3175,neg_neg
62.839307617,-4125,-3176,-3176,neg_neg
62.841294513,-4126,-3177,-3177,neg_neg
62.843303889,-4125,-3178,-3178,neg_neg
62.844297415,-4125,-3178,-3178,neg_neg
62.846323023,-4125,-3179,-3179,neg_neg
62.848379634,-4125,-3179,-3179,neg_neg
62.850341947,-4125,-3180,-3180,neg_neg
62.852314308,-4125,-3180,-3180,neg_neg
62.854314122,-4125,-3180,-3180,neg_neg
62.85629956,-4125,-3180,-3180,neg_neg
62.85834978,-4125,-3181,-3181,neg_neg
62.860341214,-4125,-3181,-3181,neg_neg
62.862386674,-4125,-3182,-3182,neg_neg
62.864329541,-4125,-3182,-3182,neg_neg
62.866258171,-4125,-3183,-3183,neg_neg
62.868335879,-4125,-3183,-3183,neg_neg
62.870249009,-4125,-3184,-3184,neg_neg
62.872270125,-4126,-3184,-3184,neg_neg
62.874265217,-4126,-3185,-3185,neg_neg
62.876259717,-4126,-3185,-3185,neg_neg
62.878267881,-4126,-3186,-3186,neg_neg
62.880276077,-4126,-3186,-3186,neg_neg
62.882269012,-4126,-3187,-3187,neg_neg
62.884289399,-4126,-3187,-3187,neg_neg
62.886359864,-4127,-3188,-3188,neg_neg
62.888288101,-4127,-3188,-3188,neg_neg
62.890286532,-4127,-3189,-3189,neg_neg
62.892284078,-4129,-3189,-3189,neg_neg
62.894270631,-4129,-3190,-3190,neg_neg
62.896286876,-4129,-3190,-3190,neg_neg
62.898378046,-4130,-3191,-3191,neg_neg
62.900265441,-4130,-3191,-3191,neg_neg
62.902200738,-4131,-3192,-3192,neg_neg
62.904212366,-4131,-3192,-3192,neg_neg
62.906212187,-4131,-3192,-3192,neg_neg
62.908227242,-4132,-3193,-3193,neg_neg
62.910237281,-4132,-3193,-3193,neg_neg
62.912352713,-4132,-3193,-3193,neg_neg
62.914219124,-4133,-3193,-3193,neg_neg
62.916248183,-4133,-3193,-3193,neg_neg
62.918235138,-4133,-3193,-3193,neg_neg
62.920201843,-4134,-3193,-3193,neg_neg
62.92222629,-4134,-3193,-3193,neg_neg
62.924206309,-4135,-3193,-3193,neg_neg
62.926277926,-4135,-3193,-3193,neg_neg
62.928191818,-4136,-3193,-3193,neg_neg
62.930232127,-4136,-3193,-3193,neg_neg
62.932208556,-4137,-3193,-3193,neg_neg
62.934233081,-4138,-3193,-3193,neg_neg
62.936210829,-4138,-3193,-3193,neg_neg
62.938234814,-4138,-3194,-3194,neg_neg
62.94017809,-4139,-3194,-3194,neg_neg
62.942202371,-4139,-3195,-3195,neg_neg
62.944134897,-4139,-3195,-3195,neg_neg
62.946180534,-4140,-3196,-3196,neg_neg
62.948176398,-4141,-3197,-3197,neg_neg
62.950168486,-4141,-3197,-3197,neg_neg
62.952205419,-4142,-3198,-3198,neg_neg
62.954188412,-4142,-3198,-3198,neg_neg
62.956225145,-4143,-3199,-3199,neg_neg
62.958159808,-4143,-3199,-3199,neg_neg
62.960135761,-4144,-3200,-3200,neg_neg
62.962135892,-4145,-3200,-3200,neg_neg
62.964201545,-4145,-3201,-3201,neg_neg
62.966189248,-4146,-3202,-3202,neg_neg
62.968154862,-4146,-3202,-3202,neg_neg
62.970144905,-4147,-3203,-3203,neg_neg
62.972173832,-4147,-3204,-3204,neg_neg
62.974175533,-4147,-3205,-3205,neg_neg
62.976098079,-4148,-3206,-3206,neg_neg
62.978149707,-4149,-3206,-3206,neg_neg
62.980108049,-4149,-3208,-3208,neg_neg
62.982118573,-4150,-3209,-3209,neg_neg
62.984138974,-4151,-3210,-3210,neg_neg
62.986163941,-4151,-3211,-3211,neg_neg
62.988144204,-4152,-3212,-3212,neg_neg
62.990085262,-4152,-3214,-3214,neg_neg
62.992133082,-4153,-3215,-3215,neg_neg
62.994064505,-4154,-3216,-3216,neg_neg
62.996128283,-4154,-3216,-3216,neg_neg
62.998065271,-4154,-3218,-3218,neg_neg
63.000123456,-4155,-3219,-3219,neg_neg
63.002095395,-4155,-3220,-3220,neg_neg
63.004057146,-4155,-3220,-3220,neg_neg
63.006095653,-4155,-3220,-3220,neg_neg
63.008099014,-4155,-3221,-3221,neg_neg
63.010069988,-4156,-3221,-3221,neg_neg
67.447870364,-128,1,1,pos_pos
67.449915713,-127,4,4,pos_pos
67.452019654,-127,7,7,pos_pos
67.453864426,-127,9,9,pos_pos
67.455971443,-126,12,12,pos_pos
67.457834397,-126,14,14,pos_pos
67.459823302,-125,17,17,pos_pos
67.461823955,-124,19,19,pos_pos
67.463831081,-124,20,20,pos_pos
67.465821962,-123,22,22,pos_pos
67.467790644,-122,24,24,pos_pos
67.469853638,-121,27,27,pos_pos
67.471805943,-120,28,28,pos_pos
67.473749411,-119,30,30,pos_pos
67.475806149,-119,32,32,pos_pos
67.477754269,-117,34,34,pos_pos
67.479796873,-116,35,35,pos_pos
67.481766233,-115,37,37,pos_pos
67.483799467,-115,38,38,pos_pos
67.485806149,-113,39,39,pos_pos
67.487773925,-111,40,40,pos_pos
67.48975503,-110,40,40,pos_pos
67.491825435,-109,41,41,pos_pos
67.493770447,-107,41,41,pos_pos
67.495781271,-106,41,41,pos_pos
67.497766908,-106,42,42,pos_pos
67.499811438,-104,42,42,pos_pos
67.50181679,-103,42,42,pos_pos
67.503797985,-101,42,42,pos_pos
67.505853902,-99,42,42,pos_pos
67.507826059,-98,42,42,pos_pos
67.509846638,-96,42,42,pos_pos
67.511836306,-94,42,42,pos_pos
67.513874527,-92,42,42,pos_pos
67.515800543,-91,42,42,pos_pos
67.517821083,-88,42,42,pos_pos
67.519760609,-87,42,42,pos_pos
67.521737804,-86,42,42,pos_pos
67.523718298,-84,42,42,pos_pos
67.525724053,-83,42,42,pos_pos
67.527721898,-81,42,42,pos_pos
67.529678787,-80,42,42,pos_pos
67.531819633,-78,43,43,pos_pos
67.533831854,-77,43,43,pos_pos
67.535782775,-75,43,43,pos_pos
67.537732408,-73,43,43,pos_pos
67.539713866,-72,43,43,pos_pos
67.54170914,-70,43,43,pos_pos
67.543696948,-69,43,43,pos_pos
67.545724633,-67,44,44,pos_pos
67.547746632,-66,44,44,pos_pos
67.549689883,-64,45,45,pos_pos
67.551702133,-63,45,45,pos_pos
67.553753793,-62,46,46,pos_pos
67.555717358,-60,47,47,pos_pos
67.557727698,-59,48,48,pos_pos
67.559724507,-57,49,49,pos_pos
67.561707095,-56,50,50,pos_pos
67.563711912,-55,52,52,pos_pos
67.565673023,-54,54,54,pos_pos
67.5676841,-53,55,55,pos_pos
67.56977834,-53,57,57,pos_pos
67.571709418,-52,59,59,pos_pos
67.573750033,-52,61,61,pos_pos
67.575741778,-51,63,63,pos_pos
67.577777081,-51,65,65,pos_pos
67.579742744,-51,68,68,pos_pos
67.581756446,-51,70,70,pos_pos
67.58372598,-51,72,72,pos_pos
67.585639232,-51,75,75,pos_pos
67.587659227,-51,77,77,pos_pos
67.58966594,-51,80,80,pos_pos
67.591626016,-51,83,83,pos_pos
67.593648291,-51,84,84,pos_pos
67.595627692,-51,88,88,pos_pos
67.597685028,-50,90,90,pos_pos
67.599659767,-50,93,93,pos_pos
67.601664138,-49,97,97,pos_pos
67.603596184,-49,99,99,pos_pos
67.605616899,-48,102,102,pos_pos
67.607579397,-48,105,105,pos_pos
67.60963942,-47,108,108,pos_pos
67.611634268,-46,110,110,pos_pos
67.613626625,-45,113,113,pos_pos
67.615588849,-44,116,116,pos_pos
67.617623175,-43,118,118,pos_pos
67.619617434,-42,122,122,pos_pos
67.621615806,-41,124,124,pos_pos
67.623558611,-39,126,126,pos_pos
67.62554917,-38,127,127,pos_pos
67.62755659,-36,129,129,pos_pos
67.629539001,-34,131,131,pos_pos
67.631546365,-33,132,132,pos_pos
67.633512436,-30,133,133,pos_pos
67.635511367,-29,134,134,pos_pos
67.637575242,-27,134,134,pos_pos
67.639531479,-25,134,134,pos_pos
67.641557445,-23,134,134,pos_pos
67.643549031,-21,135,135,pos_pos
67.645479904,-19,134,134,pos_pos
67.647490752,-17,135,135,pos_pos
67.649549949,-15,134,134,pos_pos
67.651515108,-13,134,134,pos_pos
67.653499645,-11,134,134,pos_pos
67.655463948,-9,134,134,pos_pos
67.657470951,-7,134,134,pos_pos
67.659455811,-4,134,134,pos_pos
67.661520161,-2,134,134,pos_pos
67.66349359,0,134,134,pos_pos
67.665469513,2,134,134,pos_pos
67.667435147,4,134,134,pos_pos
67.669577969,6,135,135,pos_pos
67.671467029,8,135,135,pos_pos
67.673570868,10,135,135,pos_pos
67.675453249,12,136,136,pos_pos
67.677441582,14,136,136,pos_pos
67.67946086,16,137,137,pos_pos
67.681480018,19,138,138,pos_pos
67.683389367,21,140,140,pos_pos
67.685421871,22,141,141,pos_pos
67.687408779,24,142,142,pos_pos
67.689397443,25,144,144,pos_pos
67.691365078,27,145,145,pos_pos
67.69339961,28,147,147,pos_pos
67.695392661,29,149,149,pos_pos
67.697338101,29,151,151,pos_pos
67.699356527,29,153,153,pos_pos
67.701335548,30,155,155,pos_pos
67.703317524,30,158,158,pos_pos
67.705399044,29,159,159,pos_pos
67.707373327,29,162,162,pos_pos
67.709338037,28,164,164,pos_pos
67.711339637,28,167,167,pos_pos
67.713345607,27,169,169,pos_pos
67.715393945,26,171,171,pos_pos
67.717353238,25,174,174,pos_pos
67.719356808,23,176,176,pos_pos
67.721295254,22,179,179,pos_pos
67.723295844,20,181,181,pos_pos
67.72527604,18,184,184,pos_pos
67.727284024,16,186,186,pos_pos
67.729291524,14,188,188,pos_pos
67.731288173,12,191,191,pos_pos
67.73330454,10,194,194,pos_pos
67.735295928,8,196,196,pos_pos
67.737296296,6,199,199,pos_pos
67.739286471,4,202,202,pos_pos
67.741240878,2,204,204,pos_pos
67.743285931,0,207,207,pos_pos
67.745269131,-2,209,209,pos_pos
67.747264497,-3,212,212,pos_pos
67.749264414,-5,213,213,pos_pos
67.751235373,-7,216,216,pos_pos
67.753238418,-9,219,219,pos_pos
67.755270946,-10,221,221,pos_pos
67.757242205,-12,223,223,pos_pos
67.759226373,-13,225,225,pos_pos
67.761329528,-14,227,227,pos_pos
67.763224225,-15,229,229,pos_pos
67.765315212,-15,230,230,pos_pos
67.767262188,-16,231,231,pos_pos
67.769237368,-16,232,232,pos_pos
67.77131083,-16,233,233,pos_pos
67.773254948,-16,233,233,pos_pos
67.77526175,-16,233,233,pos_pos
67.77726816,-15,233,233,pos_pos
67.779242405,-15,233,233,pos_pos
67.78124052,-14,233,233,pos_pos
67.783264396,-13,232,232,pos_pos
67.785250354,-11,232,232,pos_pos
67.787225441,-10,231,231,pos_pos
67.78923197,-8,230,230,pos_pos
67.791228414,-6,229,229,pos_pos
67.793197894,-4,228,228,pos_pos
67.79519085,-3,228,228,pos_pos
67.797312909,0,226,226,pos_pos
67.799242708,1,226,226,pos_pos
67.801254539,4,224,224,pos_pos
67.803210311,7,223,223,pos_pos
67.805190867,8,222,222,pos_pos
67.80722291,12,221,221,pos_pos
67.809248227,15,219,219,pos_pos
67.811211385,18,219,219,pos_pos
67.81328932,21,218,218,pos_pos
67.815222731,24,217,217,pos_pos
67.817161458,27,216,216,pos_pos
67.819169882,30,215,215,pos_pos
67.821207425,34,214,214,pos_pos
67.823244617,37,214,214,pos_pos
67.82526825,40,213,213,pos_pos
67.827232396,43,213,213,pos_pos
67.829289728,46,212,212,pos_pos
67.831207979,49,212,212,pos_pos
67.833349709,52,212,212,pos_pos
67.835276174,55,212,212,pos_pos
67.837211383,58,212,212,pos_pos
67.83926937,61,212,212,pos_pos
67.841185696,63,212,212,pos_pos
67.843182935,66,212,212,pos_pos
67.845235261,68,212,212,pos_pos
67.84717269,70,213,213,pos_pos
67.849162145,72,213,213,pos_pos
67.851273702,74,214,214,pos_pos
67.853183215,76,215,215,pos_pos
67.855183331,78,216,216,pos_pos
67.857197552,80,218,218,pos_pos
67.859211479,82,219,219,pos_pos
67.86120573,83,221,221,pos_pos
67.863157462,85,222,222,pos_pos
67.865306251,86,225,225,pos_pos
67.867129825,88,227,227,pos_pos
67.869132122,89,227,227,pos_pos
67.871172123,90,229,229,pos_pos
67.873091308,92,231,231,pos_pos
67.875140453,93,233,233,pos_pos
67.87716425,94,236,236,pos_pos
67.879202928,96,238,238,pos_pos
67.881175421,97,240,240,pos_pos
67.883132386,99,242,242,pos_pos
67.885192621,100,245,245,pos_pos
67.887128248,101,247,247,pos_pos
67.889110851,103,250,250,pos_pos
67.891058711,104,252,252,pos_pos
67.893020282,105,255,255,pos_pos
67.895059699,106,257,257,pos_pos
67.89709446,108,260,260,pos_pos
67.899196611,109,262,262,pos_pos
67.901207355,111,265,265,pos_pos
67.90311672,112,268,268,pos_pos
67.905171567,113,270,270,pos_pos
67.907103786,115,272,272,pos_pos
67.909098343,117,275,275,pos_pos
67.911130388,118,276,276,pos_pos
67.913059846,120,279,279,pos_pos
67.915083096,121,282,282,pos_pos
67.917128695,123,284,284,pos_pos
67.918998724,125,287,287,pos_pos
67.921123303,127,289,289,pos_pos
67.922970322,129,291,291,pos_pos
67.9249174,131,293,293,pos_pos
67.926912857,132,296,296,pos_pos
67.928977878,134,297,297,pos_pos
67.930910183,136,300,300,pos_pos
67.932882343,138,301,301,pos_pos
67.934905587,139,303,303,pos_pos
67.936918096,141,305,305,pos_pos
67.938885465,143,306,306,pos_pos
67.940898985,145,307,307,pos_pos
67.942890539,147,308,308,pos_pos
67.944908931,148,308,308,pos_pos
67.946866803,150,308,308,pos_pos
67.948890563,152,309,309,pos_pos
67.95089903,154,309,309,pos_pos
67.952959979,156,309,309,pos_pos
67.954905941,158,309,309,pos_pos
67.956910546,160,309,309,pos_pos
67.958864017,162,310,310,pos_pos
67.96086059,164,310,310,pos_pos
67.962857368,166,310,310,pos_pos
67.964863572,167,310,310,pos_pos
67.966898864,169,310,310,pos_pos
67.96885385,171,310,310,pos_pos
67.970874909,172,311,311,pos_pos
67.972910165,174,311,311,pos_pos
67.974911174,176,311,311,pos_pos
67.977036979,177,312,312,pos_pos
67.97900841,178,312,312,pos_pos
67.981093566,180,313,313,pos_pos
67.98290952,182,314,314,pos_pos
67.985101897,183,315,315,pos_pos
67.986921621,185,316,316,pos_pos
67.988993607,186,317,317,pos_pos
67.990868119,188,319,319,pos_pos
67.99293221,189,320,320,pos_pos
67.994904448,190,322,322,pos_pos
67.996996476,192,323,323,pos_pos
67.998914689,193,325,325,pos_pos
68.001065619,194,326,326,pos_pos
68.002836005,195,328,328,pos_pos
68.00493045,196,330,330,pos_pos
68.006815906,197,332,332,pos_pos
68.008816598,197,335,335,pos_pos
68.010841031,197,337,337,pos_pos
68.012846628,197,339,339,pos_pos
68.014831412,197,340,340,pos_pos
68.01684291,197,342,342,pos_pos
68.018879522,196,344,344,pos_pos
68.020900131,196,347,347,pos_pos
68.022827949,195,349,349,pos_pos
68.024792282,193,351,351,pos_pos
68.026801846,192,354,354,pos_pos
68.028861661,191,356,356,pos_pos
68.03085176,189,358,358,pos_pos
68.032783964,187,361,361,pos_pos
68.03479195,185,365,365,pos_pos
68.0367846,183,367,367,pos_pos
68.038797218,181,369,369,pos_pos
68.040830424,179,372,372,pos_pos
68.042835553,177,375,375,pos_pos
68.044808841,174,378,378,pos_pos
68.046852236,172,380,380,pos_pos
68.048793704,171,384,384,pos_pos
68.05080167,169,386,386,pos_pos
68.052933595,168,389,389,pos_pos
68.054837541,166,392,392,pos_pos
68.056849403,165,394,394,pos_pos
68.059070043,165,397,397,pos_pos
68.060814056,164,399,399,pos_pos
68.062901572,165,401,401,pos_pos
68.064828847,164,403,403,pos_pos
68.066998759,165,406,406,pos_pos
68.0687944,166,408,408,pos_pos
68.070808165,167,409,409,pos_pos
68.072839989,168,410,410,pos_pos
68.074771361,170,411,411,pos_pos
68.076793343,171,412,412,pos_pos
68.078775905,173,412,412,pos_pos
68.080763668,175,412,412,pos_pos
68.082794945,177,411,411,pos_pos
68.084750429,180,411,411,pos_pos
68.086673223,183,410,410,pos_pos
68.088717141,186,409,409,pos_pos
68.090667305,189,408,408,pos_pos
68.092710895,192,406,406,pos_pos
68.094729681,195,404,404,pos_pos
68.096731493,198,402,402,pos_pos
68.098725319,201,400,400,pos_pos
68.100658368,205,398,398,pos_pos
68.102672599,209,396,396,pos_pos
68.104679029,212,393,393,pos_pos
68.106673249,215,391,391,pos_pos
68.108749568,219,388,388,pos_pos
68.110726058,223,386,386,pos_pos
68.112734052,226,383,383,pos_pos
68.114661967,230,381,381,pos_pos
68.116680895,233,379,379,pos_pos
68.118694434,237,377,377,pos_pos
68.120697391,241,375,375,pos_pos
68.122717202,244,373,373,pos_pos
68.124680424,247,371,371,pos_pos
68.126774978,250,370,370,pos_pos
68.128763009,252,369,369,pos_pos
68.130773825,256,368,368,pos_pos
68.132735311,257,368,368,pos_pos
68.134722419,260,368,368,pos_pos
68.136657556,263,367,367,pos_pos
68.138714229,264,368,368,pos_pos
68.140751025,265,368,368,pos_pos
68.142709266,266,369,369,pos_pos
68.144732184,267,371,371,pos_pos
68.146632813,267,372,372,pos_pos
68.148616254,267,373,373,pos_pos
68.150619196,267,375,375,pos_pos
68.152581944,266,376,376,pos_pos
68.15465724,265,378,378,pos_pos
68.156625546,264,379,379,pos_pos
68.158661343,263,381,381,pos_pos
68.1606717,262,383,383,pos_pos
68.162683177,260,385,385,pos_pos
68.164686983,258,387,387,pos_pos
68.166607899,255,389,389,pos_pos
68.168702641,254,392,392,pos_pos
68.170642836,252,394,394,pos_pos
68.172652569,250,396,396,pos_pos
68.174603576,248,398,398,pos_pos
68.176594332,247,400,400,pos_pos
68.178559335,245,402,402,pos_pos
68.180653787,243,406,406,pos_pos
68.182664787,242,408,408,pos_pos
68.184656924,242,410,410,pos_pos
68.186534322,241,413,413,pos_pos
68.188533034,240,415,415,pos_pos
68.190488261,240,418,418,pos_pos
68.192475914,240,420,420,pos_pos
68.194542722,241,423,423,pos_pos
68.196521446,241,426,426,pos_pos
68.198490376,242,428,428,pos_pos
68.200552137,243,431,431,pos_pos
68.202478199,245,433,433,pos_pos
68.204459519,247,435,435,pos_pos
68.206477007,248,438,438,pos_pos
68.208429788,250,441,441,pos_pos
68.210509153,253,443,443,pos_pos
68.212495082,255,445,445,pos_pos
68.214434899,259,447,447,pos_pos
68.216417159,262,450,450,pos_pos
68.218403269,265,452,452,pos_pos
68.220453395,268,455,455,pos_pos
68.222528408,271,457,457,pos_pos
68.2245165,274,459,459,pos_pos
68.226524984,278,460,460,pos_pos
68.228490167,281,462,462,pos_pos
68.230451168,284,464,464,pos_pos
68.232488914,288,465,465,pos_pos
68.234457337,291,467,467,pos_pos
68.236445853,294,468,468,pos_pos
68.238431492,297,471,471,pos_pos
68.240435609,300,472,472,pos_pos
68.242428859,303,473,473,pos_pos
68.244410208,304,475,475,pos_pos
68.246355289,306,476,476,pos_pos
68.24839797,309,477,477,pos_pos
68.250383133,311,478,478,pos_pos
68.252446991,313,479,479,pos_pos
68.25445956,315,480,480,pos_pos
68.256458035,317,482,482,pos_pos
68.258418507,319,482,482,pos_pos
68.260399948,320,484,484,pos_pos
68.262414139,322,485,485,pos_pos
68.264486049,324,486,486,pos_pos
68.266473892,325,487,487,pos_pos
68.268412392,326,489,489,pos_pos
68.270453135,328,490,490,pos_pos
68.27242292,329,491,491,pos_pos
68.274383007,330,493,493,pos_pos
68.27632026,331,494,494,pos_pos
68.278315618,331,496,496,pos_pos
68.28033135,332,497,497,pos_pos
68.282331074,332,499,499,pos_pos
68.284371333,332,501,501,pos_pos
68.286341677,333,503,503,pos_pos
68.288340524,333,505,505,pos_pos
68.290315118,333,507,507,pos_pos
68.292351475,332,509,509,pos_pos
68.294351098,332,511,511,pos_pos
68.296319438,332,513,513,pos_pos
68.298338689,331,516,516,pos_pos
68.300333429,331,518,518,pos_pos
68.302323232,331,520,520,pos_pos
68.304219405,330,522,522,pos_pos
68.306253432,328,524,524,pos_pos
68.308215926,328,526,526,pos_pos
68.310221301,326,529,529,pos_pos
68.312255505,325,531,531,pos_pos
68.314264631,324,533,533,pos_pos
68.316201844,323,536,536,pos_pos
68.318203798,322,538,538,pos_pos
68.320211165,321,540,540,pos_pos
68.322242444,320,542,542,pos_pos
68.32417891,319,544,544,pos_pos
68.32619932,319,547,547,pos_pos
68.328143342,319,548,548,pos_pos
68.33013893,318,550,550,pos_pos
68.33217442,317,552,552,pos_pos
68.334148271,317,554,554,pos_pos
68.336154206,316,555,555,pos_pos
68.338131594,316,557,557,pos_pos
68.340164035,316,558,558,pos_pos
68.342199661,316,560,560,pos_pos
68.344135694,316,560,560,pos_pos
68.346183775,317,562,562,pos_pos
68.348183567,317,562,562,pos_pos
68.350175903,317,562,562,pos_pos
68.352172656,318,563,563,pos_pos
68.354185959,319,563,563,pos_pos
68.356223027,319,563,563,pos_pos
68.358190433,319,563,563,pos_pos
68.360228003,320,563,563,pos_pos
68.36216118,321,563,563,pos_pos
68.364233749,322,563,563,pos_pos
68.366207762,323,562,562,pos_pos
68.36819217,324,562,562,pos_pos
68.370169285,325,562,562,pos_pos
68.372231841,326,561,561,pos_pos
68.374205285,328,561,561,pos_pos
68.376185367,329,560,560,pos_pos
68.378252842,331,560,560,pos_pos
68.380248152,332,559,559,pos_pos
68.382241328,334,559,559,pos_pos
68.384181757,335,558,558,pos_pos
68.38612961,336,557,557,pos_pos
68.388176346,338,557,557,pos_pos
68.390130003,339,556,556,pos_pos
68.39217893,341,556,556,pos_pos
68.394201721,342,555,555,pos_pos
68.396213164,344,555,555,pos_pos
68.398174811,345,555,555,pos_pos
68.400151662,346,554,554,pos_pos
68.402140758,347,554,554,pos_pos
68.404105925,348,554,554,pos_pos
68.406131677,350,554,554,pos_pos
68.408224043,350,555,555,pos_pos
68.410182085,351,555,555,pos_pos
68.412158676,351,555,555,pos_pos
68.414178335,352,556,556,pos_pos
68.416176839,353,556,556,pos_pos
68.418145624,353,556,556,pos_pos
68.42015723,354,557,557,pos_pos
68.422167282,354,558,558,pos_pos
68.424136459,355,559,559,pos_pos
68.426120325,355,560,560,pos_pos
68.428110216,355,560,560,pos_pos
68.430139146,355,561,561,pos_pos
68.432095944,355,562,562,pos_pos
68.434143214,356,563,563,pos_pos
68.436120055,355,565,565,pos_pos
68.438126983,356,566,566,pos_pos
68.440128351,356,567,567,pos_pos
68.442116558,356,568,568,pos_pos
68.444109764,357,570,570,pos_pos
68.44611781,357,571,571,pos_pos
68.448103992,357,573,573,pos_pos
68.450032024,358,574,574,pos_pos
68.45209992,359,575,575,pos_pos
68.454010079,359,577,577,pos_pos
68.456073383,360,578,578,pos_pos
68.458100934,361,580,580,pos_pos
68.460070823,361,581,581,pos_pos
68.462099048,362,583,583,pos_pos
68.464098107,363,584,584,pos_pos
68.466053915,363,586,586,pos_pos
68.468050049,364,588,588,pos_pos
68.470015384,365,589,589,pos_pos
68.471978907,365,590,590,pos_pos
68.473978005,366,591,591,pos_pos
68.476003641,367,594,594,pos_pos
68.477974788,368,594,594,pos_pos
68.479992485,370,596,596,pos_pos
68.48201123,370,596,596,pos_pos
68.483952875,371,597,597,pos_pos
68.48603784,373,599,599,pos_pos
68.488011911,374,600,600,pos_pos
68.490006311,375,601,601,pos_pos
68.491987609,376,602,602,pos_pos
68.493916913,377,603,603,pos_pos
68.495943969,378,604,604,pos_pos
68.497941679,380,605,605,pos_pos
68.499967374,381,606,606,pos_pos
68.501959453,382,606,606,pos_pos
68.503930676,384,607,607,pos_pos
68.505951773,385,607,607,pos_pos
68.507943024,387,608,608,pos_pos
68.509921554,388,609,609,pos_pos
68.511899884,389,609,609,pos_pos
68.513876891,391,609,609,pos_pos
68.515892936,392,609,609,pos_pos
68.517884978,394,609,609,pos_pos
68.519879809,396,609,609,pos_pos
68.521860545,397,609,609,pos_pos
68.523856683,398,609,609,pos_pos
68.52592489,400,609,609,pos_pos
68.527869553,402,609,609,pos_pos
68.529929031,404,609,609,pos_pos
68.531898472,405,609,609,pos_pos
68.534016441,407,608,608,pos_pos
68.535872708,409,608,608,pos_pos
68.537991856,411,607,607,pos_pos
68.539951046,413,607,607,pos_pos
68.542095088,414,607,607,pos_pos
68.543876534,417,607,607,pos_pos
68.545923155,419,607,607,pos_pos
68.5478236,420,607,607,pos_pos
68.549854977,421,607,607,pos_pos
68.551861549,422,607,607,pos_pos
68.553834667,423,608,608,pos_pos
68.555883471,423,609,609,pos_pos
68.557991869,424,609,609,pos_pos
68.559930224,424,610,610,pos_pos
68.56192746,424,611,611,pos_pos
68.563934787,424,612,612,pos_pos
68.565883433,424,613,613,pos_pos
68.567900998,423,615,615,pos_pos
68.569866771,423,616,616,pos_pos
68.571806868,423,618,618,pos_pos
68.573773909,423,619,619,pos_pos
68.575851682,422,621,621,pos_pos
68.577807469,421,622,622,pos_pos
68.579839641,420,624,624,pos_pos
68.581822525,420,626,626,pos_pos
68.583845315,419,628,628,pos_pos
68.585856802,417,629,629,pos_pos
68.587817196,415,632,632,pos_pos
68.589813206,414,634,634,pos_pos
68.591802189,413,635,635,pos_pos
68.593704691,413,637,637,pos_pos
68.595758637,412,639,639,pos_pos
68.597774131,411,641,641,pos_pos
68.599787986,410,643,643,pos_pos
68.601787821,410,645,645,pos_pos
68.603788629,409,647,647,pos_pos
68.60585554,409,648,648,pos_pos
68.607746534,408,650,650,pos_pos
68.60972033,408,651,651,pos_pos
68.611724586,408,652,652,pos_pos
68.61368146,408,654,654,pos_pos
68.615706865,408,655,655,pos_pos
68.61776017,408,657,657,pos_pos
68.619720856,408,658,658,pos_pos
68.621754977,408,659,659,pos_pos
68.623743842,408,660,660,pos_pos
68.62574405,408,660,660,pos_pos
68.627715009,409,660,660,pos_pos
68.629684309,409,660,660,pos_pos
68.631645252,409,660,660,pos_pos
68.633691555,410,660,660,pos_pos
68.635649421,411,660,660,pos_pos
68.637707003,411,660,660,pos_pos
68.639662546,412,660,660,pos_pos
68.641681556,413,660,660,pos_pos
68.643649387,413,660,660,pos_pos
68.645644942,414,660,660,pos_pos
68.6476519,415,660,660,pos_pos
68.649675871,417,660,660,pos_pos
68.651702384,418,660,660,pos_pos
68.653638205,419,659,659,pos_pos
68.655612417,420,658,658,pos_pos
68.657650596,421,658,658,pos_pos
68.659616701,422,657,657,pos_pos
68.661640568,422,656,656,pos_pos
68.663626117,423,656,656,pos_pos
68.665753038,423,655,655,pos_pos
68.66767586,424,654,654,pos_pos
68.66966528,425,654,654,pos_pos
68.671643025,426,654,654,pos_pos
68.673630272,426,654,654,pos_pos
68.675633724,427,653,653,pos_pos
68.67762967,427,653,653,pos_pos
68.679604665,427,653,653,pos_pos
68.681615193,428,653,653,pos_pos
68.683648055,428,653,653,pos_pos
68.685676211,428,653,653,pos_pos
68.687653683,428,653,653,pos_pos
68.689612062,428,654,654,pos_pos
68.691591366,428,654,654,pos_pos
68.693625739,428,654,654,pos_pos
68.695615224,427,654,654,pos_pos
68.697575099,427,655,655,pos_pos
68.69954343,427,655,655,pos_pos
68.70160844,427,656,656,pos_pos
68.703525538,427,657,657,pos_pos
68.705581345,427,658,658,pos_pos
68.707611931,427,659,659,pos_pos
68.709559401,427,660,660,pos_pos
68.711589926,427,660,660,pos_pos
68.713539594,426,661,661,pos_pos
68.715478834,426,663,663,pos_pos
68.717609137,426,664,664,pos_pos
68.719614888,426,666,666,pos_pos
68.721534062,426,667,667,pos_pos
68.72350311,426,668,668,pos_pos
68.725512471,426,670,670,pos_pos
68.72751877,426,672,672,pos_pos
68.729484487,426,673,673,pos_pos
68.73149818,427,675,675,pos_pos
68.733539426,427,676,676,pos_pos
68.735488889,427,678,678,pos_pos
68.737500043,428,679,679,pos_pos
68.739551624,428,681,681,pos_pos
68.741559111,429,682,682,pos_pos
68.743464077,430,683,683,pos_pos
68.745418126,431,685,685,pos_pos
68.747428232,432,687,687,pos_pos
68.749424763,433,688,688,pos_pos
68.751467485,435,690,690,pos_pos
68.753432119,436,691,691,pos_pos
68.755458912,438,692,692,pos_pos
68.757495265,440,694,694,pos_pos
68.759492933,442,695,695,pos_pos
68.761492733,444,696,696,pos_pos
68.763538137,446,697,697,pos_pos
68.765475956,448,698,698,pos_pos
68.767450259,450,699,699,pos_pos
68.769417932,452,700,700,pos_pos
68.771448757,455,701,701,pos_pos
68.773424184,457,701,701,pos_pos
68.775467014,461,703,703,pos_pos
68.777404607,463,703,703,pos_pos
68.779444465,466,704,704,pos_pos
68.781435455,469,704,704,pos_pos
68.783425023,472,706,706,pos_pos
68.785429744,475,706,706,pos_pos
68.787413747,478,708,708,pos_pos
68.78943711,481,708,708,pos_pos
68.791409057,484,709,709,pos_pos
68.793464076,486,711,711,pos_pos
68.795408632,489,712,712,pos_pos
68.797423404,492,713,713,pos_pos
68.799435161,495,714,714,pos_pos
68.801432909,497,715,715,pos_pos
68.803397744,500,717,717,pos_pos
68.805449724,502,718,718,pos_pos
68.807401635,504,720,720,pos_pos
68.809399517,507,721,721,pos_pos
68.811380741,508,723,723,pos_pos
68.813378269,510,724,724,pos_pos
68.815363064,512,727,727,pos_pos
68.817356161,514,729,729,pos_pos
68.81941099,515,730,730,pos_pos
68.821337768,516,732,732,pos_pos
68.82331742,518,734,734,pos_pos
68.825384197,519,736,736,pos_pos
68.827347877,520,738,738,pos_pos
68.829327757,521,740,740,pos_pos
68.831388731,522,742,742,pos_pos
68.833367678,523,745,745,pos_pos
68.835400128,524,747,747,pos_pos
68.837405845,525,749,749,pos_pos
68.839350846,526,750,750,pos_pos
68.841424356,527,753,753,pos_pos
68.843299519,528,755,755,pos_pos
68.845336799,528,757,757,pos_pos
68.847365676,528,758,758,pos_pos
68.849344566,529,762,762,pos_pos
68.851248434,529,764,764,pos_pos
68.853291659,529,766,766,pos_pos
68.855335993,529,768,768,pos_pos
68.857331138,529,771,771,pos_pos
68.859290101,529,773,773,pos_pos
68.861267171,529,774,774,pos_pos
68.863342776,529,777,777,pos_pos
68.865265172,530,779,779,pos_pos
68.867303592,530,780,780,pos_pos
68.869272329,530,784,784,pos_pos
68.871267795,530,786,786,pos_pos
68.873277646,530,788,788,pos_pos
68.875281816,531,791,791,pos_pos
68.877231668,531,793,793,pos_pos
68.879281041,531,795,795,pos_pos
68.881242134,532,797,797,pos_pos
68.882259792,532,798,798,pos_pos
68.88424522,532,799,799,pos_pos
68.886177791,533,801,801,pos_pos
68.888243065,534,803,803,pos_pos
68.890211591,535,805,805,pos_pos
68.892182035,536,806,806,pos_pos
68.894178784,536,808,808,pos_pos
68.896179182,537,810,810,pos_pos
68.89824097,538,811,811,pos_pos
68.900230698,539,813,813,pos_pos
68.902185581,540,814,814,pos_pos
68.90422901,542,815,815,pos_pos
68.90624078,543,817,817,pos_pos
68.908180894,543,818,818,pos_pos
68.910186999,545,819,819,pos_pos
68.912172938,546,820,820,pos_pos
68.914179668,548,821,821,pos_pos
68.916203849,549,822,822,pos_pos
68.918239411,551,823,823,pos_pos
68.920207968,552,824,824,pos_pos
68.92219959,554,825,825,pos_pos
68.924221553,556,826,826,pos_pos
68.926201627,558,827,827,pos_pos
68.928256134,559,827,827,pos_pos
68.930254453,561,828,828,pos_pos
68.932171633,562,829,829,pos_pos
68.93415715,564,830,830,pos_pos
68.936174293,565,831,831,pos_pos
68.938188152,567,831,831,pos_pos
68.940106928,568,832,832,pos_pos
68.942185293,570,833,833,pos_pos
68.944145569,571,834,834,pos_pos
68.946162221,572,834,834,pos_pos
68.94812068,574,835,835,pos_pos
68.950177737,575,836,836,pos_pos
68.95212726,577,836,836,pos_pos
68.954146876,578,837,837,pos_pos
68.956124077,580,838,838,pos_pos
68.958105507,581,839,839,pos_pos
68.960097089,583,840,840,pos_pos
68.962070259,584,841,841,pos_pos
68.964094691,585,842,842,pos_pos
68.966039483,586,843,843,pos_pos
68.968162898,587,844,844,pos_pos
68.970134836,589,845,845,pos_pos
68.972110237,590,846,846,pos_pos
68.97401869,591,847,847,pos_pos
68.97602108,592,849,849,pos_pos
68.977988259,593,850,850,pos_pos
68.98000955,594,851,851,pos_pos
68.982039729,595,852,852,pos_pos
68.984003112,596,853,853,pos_pos
68.986032197,597,855,855,pos_pos
68.988026795,598,856,856,pos_pos
68.990110713,599,858,858,pos_pos
68.992126195,600,859,859,pos_pos
68.994083031,601,861,861,pos_pos
68.996112142,602,863,863,pos_pos
68.998100605,604,864,864,pos_pos
69.000112561,605,866,866,pos_pos
69.002096701,606,868,868,pos_pos
69.00413325,608,870,870,pos_pos
69.006147047,610,872,872,pos_pos
69.008150375,611,874,874,pos_pos
69.010112429,613,876,876,pos_pos
69.012122554,615,878,878,pos_pos
69.014189821,616,880,880,pos_pos
69.016134501,618,882,882,pos_pos
69.018122796,620,884,884,pos_pos
69.020005544,622,887,887,pos_pos
69.022126549,624,889,889,pos_pos
69.024009804,626,891,891,pos_pos
69.025998212,628,893,893,pos_pos
69.027919894,630,895,895,pos_pos
69.029993395,633,897,897,pos_pos
69.031987602,635,899,899,pos_pos
69.033913681,638,902,902,pos_pos
69.035942991,640,904,904,pos_pos
69.038007192,643,906,906,pos_pos
69.039938196,645,908,908,pos_pos
69.042081757,648,910,910,pos_pos
69.043924047,650,911,911,pos_pos
69.045952044,653,913,913,pos_pos
69.047918723,656,915,915,pos_pos
69.049955105,659,916,916,pos_pos
69.051931828,662,917,917,pos_pos
69.054013918,664,918,918,pos_pos
69.055901426,667,919,919,pos_pos
69.057917834,669,920,920,pos_pos
69.059931351,672,921,921,pos_pos
69.062016262,674,923,923,pos_pos
69.063900134,676,924,924,pos_pos
69.065989757,679,925,925,pos_pos
69.06791407,681,926,926,pos_pos
69.070100331,684,927,927,pos_pos
69.071923303,686,929,929,pos_pos
69.07392353,688,930,930,pos_pos
69.075939547,690,931,931,pos_pos
69.077886975,692,933,933,pos_pos
69.079851339,694,934,934,pos_pos
69.081843302,696,936,936,pos_pos
69.083881042,697,937,937,pos_pos
69.085888947,698,939,939,pos_pos
69.087886001,699,941,941,pos_pos
69.08989444,700,943,943,pos_pos
69.091882727,701,945,945,pos_pos
69.093913838,702,946,946,pos_pos
69.095886048,702,948,948,pos_pos
69.097936752,703,950,950,pos_pos
69.099883611,703,952,952,pos_pos
69.101921231,703,954,954,pos_pos
69.103885015,703,956,956,pos_pos
69.105862238,703,958,958,pos_pos
69.107798095,703,960,960,pos_pos
69.109807549,703,963,963,pos_pos
69.111818042,703,965,965,pos_pos
69.113816793,703,967,967,pos_pos
69.115853021,703,969,969,pos_pos
69.117816248,703,971,971,pos_pos
69.119810328,703,973,973,pos_pos
69.121801782,703,976,976,pos_pos
69.123780194,703,978,978,pos_pos
69.125805199,702,980,980,pos_pos
69.127793807,702,982,982,pos_pos
69.129866966,702,985,985,pos_pos
69.131787575,702,987,987,pos_pos
69.133759676,702,989,989,pos_pos
69.135775727,702,990,990,pos_pos
69.137750723,702,993,993,pos_pos
69.139751906,702,994,994,pos_pos
69.14172198,702,997,997,pos_pos
69.143780257,702,999,999,pos_pos
69.145759278,702,1001,1001,pos_pos
69.147792889,703,1003,1003,pos_pos
69.149717775,703,1005,1005,pos_pos
69.151718451,703,1005,1005,pos_pos
69.153716358,704,1007,1007,pos_pos
69.155727456,705,1008,1008,pos_pos
69.157715289,705,1009,1009,pos_pos
69.159789859,706,1010,1010,pos_pos
69.161721277,707,1012,1012,pos_pos
69.163733634,708,1012,1012,pos_pos
69.165766047,709,1013,1013,pos_pos
69.167819251,711,1014,1014,pos_pos
69.169774691,712,1014,1014,pos_pos
69.171754305,713,1015,1015,pos_pos
69.173743674,715,1016,1016,pos_pos
69.175719551,716,1016,1016,pos_pos
69.17771379,718,1017,1017,pos_pos
69.179769965,720,1018,1018,pos_pos
69.181710827,721,1018,1018,pos_pos
69.183663717,723,1019,1019,pos_pos
69.185776072,725,1019,1019,pos_pos
69.187732116,727,1020,1020,pos_pos
69.189765354,729,1020,1020,pos_pos
69.191679936,731,1021,1021,pos_pos
69.193666072,733,1021,1021,pos_pos
69.195667172,735,1022,1022,pos_pos
69.197689627,737,1022,1022,pos_pos
69.199646768,739,1022,1022,pos_pos
69.201648381,741,1023,1023,pos_pos
69.203651371,744,1023,1023,pos_pos
69.205704431,746,1024,1024,pos_pos
69.207746748,748,1024,1024,pos_pos
69.209704793,750,1025,1025,pos_pos
69.21167742,753,1025,1025,pos_pos
69.21370022,755,1026,1026,pos_pos
69.215649077,757,1027,1027,pos_pos
69.217634374,759,1027,1027,pos_pos
69.219535387,761,1028,1028,pos_pos
69.221642252,763,1028,1028,pos_pos
69.223663469,764,1029,1029,pos_pos
69.225577657,766,1030,1030,pos_pos
69.227594444,768,1031,1031,pos_pos
69.229508689,770,1031,1031,pos_pos
69.231563575,771,1032,1032,pos_pos
69.23354413,773,1032,1032,pos_pos
69.235534692,774,1033,1033,pos_pos
69.237491487,776,1034,1034,pos_pos
69.239611948,776,1035,1035,pos_pos
69.241520283,778,1036,1036,pos_pos
69.243526872,779,1037,1037,pos_pos
69.245596085,780,1038,1038,pos_pos
69.247590731,782,1040,1040,pos_pos
69.249547153,783,1041,1041,pos_pos
69.251507532,783,1043,1043,pos_pos
69.253520057,784,1044,1044,pos_pos
69.255565715,785,1046,1046,pos_pos
69.257564779,786,1047,1047,pos_pos
69.259558634,787,1049,1049,pos_pos
69.261550174,788,1051,1051,pos_pos
69.263600896,788,1053,1053,pos_pos
69.265480876,789,1055,1055,pos_pos
69.267536351,790,1057,1057,pos_pos
69.269501605,790,1059,1059,pos_pos
69.271482996,791,1061,1061,pos_pos
69.273450355,792,1063,1063,pos_pos
69.275522171,793,1065,1065,pos_pos
69.277461058,794,1067,1067,pos_pos
69.279549164,795,1069,1069,pos_pos
69.281530029,796,1071,1071,pos_pos
69.283548411,797,1073,1073,pos_pos
69.285569934,798,1075,1075,pos_pos
69.287494404,799,1077,1077,pos_pos
69.289577999,800,1079,1079,pos_pos
69.29161675,801,1081,1081,pos_pos
69.293555431,802,1083,1083,pos_pos
69.295581742,803,1085,1085,pos_pos
69.297506841,804,1087,1087,pos_pos
69.299497206,806,1088,1088,pos_pos
69.301465855,807,1090,1090,pos_pos
69.303414438,809,1092,1092,pos_pos
69.305468413,810,1094,1094,pos_pos
69.307402267,811,1095,1095,pos_pos
69.30946539,813,1096,1096,pos_pos
69.311381606,814,1098,1098,pos_pos
69.313411298,815,1099,1099,pos_pos
69.315458149,817,1099,1099,pos_pos
69.317369798,817,1100,1100,pos_pos
69.319366875,818,1100,1100,pos_pos
69.321358297,819,1100,1100,pos_pos
69.323401858,820,1100,1100,pos_pos
69.325458644,821,1100,1100,pos_pos
69.327448972,821,1100,1100,pos_pos
69.329436324,822,1099,1099,pos_pos
69.331438278,822,1099,1099,pos_pos
69.333467264,823,1099,1099,pos_pos
69.33537786,823,1098,1098,pos_pos
69.337462159,823,1098,1098,pos_pos
69.339338805,823,1098,1098,pos_pos
69.341385031,823,1097,1097,pos_pos
69.343326488,823,1097,1097,pos_pos
69.345328077,823,1097,1097,pos_pos
69.347343166,823,1097,1097,pos_pos
69.349355656,822,1097,1097,pos_pos
69.351354334,822,1097,1097,pos_pos
69.353377694,822,1097,1097,pos_pos
69.355337353,821,1097,1097,pos_pos
69.357391306,821,1097,1097,pos_pos
69.359336446,820,1097,1097,pos_pos
69.361402,820,1097,1097,pos_pos
69.363405093,819,1097,1097,pos_pos
69.365325162,818,1097,1097,pos_pos
69.367331576,818,1097,1097,pos_pos
69.369314366,817,1097,1097,pos_pos
69.371274525,817,1097,1097,pos_pos
69.373375524,816,1098,1098,pos_pos
69.37529087,815,1098,1098,pos_pos
69.377234928,815,1098,1098,pos_pos
69.379314169,814,1098,1098,pos_pos
69.381229801,813,1098,1098,pos_pos
69.383271284,812,1098,1098,pos_pos
69.385272656,811,1098,1098,pos_pos
69.38730078,811,1098,1098,pos_pos
69.389257319,810,1098,1098,pos_pos
69.391271024,809,1098,1098,pos_pos
69.393176991,808,1098,1098,pos_pos
69.39530876,807,1097,1097,pos_pos
69.397259633,807,1097,1097,pos_pos
69.399298336,806,1097,1097,pos_pos
69.401285483,806,1097,1097,pos_pos
69.40320862,805,1096,1096,pos_pos
69.404257243,805,1096,1096,pos_pos
69.406265711,805,1096,1096,pos_pos
69.408266654,805,1096,1096,pos_pos
69.410217468,805,1095,1095,pos_pos
69.412260959,805,1095,1095,pos_pos
69.414219135,805,1095,1095,pos_pos
69.416237718,806,1095,1095,pos_pos
69.418223382,806,1094,1094,pos_pos
69.420218012,807,1094,1094,pos_pos
69.422275154,807,1094,1094,pos_pos
69.424254425,808,1094,1094,pos_pos
69.426284826,809,1094,1094,pos_pos
69.42828968,810,1093,1093,pos_pos
69.430269741,811,1093,1093,pos_pos
69.43225404,812,1092,1092,pos_pos
69.43422055,814,1092,1092,pos_pos
69.436294373,816,1092,1092,pos_pos
69.438199448,818,1091,1091,pos_pos
69.440263119,819,1091,1091,pos_pos
69.442212563,821,1091,1091,pos_pos
69.444326324,823,1090,1090,pos_pos
69.446168141,825,1090,1090,pos_pos
69.448220196,827,1090,1090,pos_pos
69.450256427,829,1090,1090,pos_pos
69.452235794,831,1090,1090,pos_pos
69.454169353,833,1090,1090,pos_pos
69.456225488,835,1090,1090,pos_pos
69.458175076,836,1090,1090,pos_pos
69.460165027,839,1090,1090,pos_pos
69.462169876,840,1090,1090,pos_pos
69.464123063,842,1091,1091,pos_pos
69.466174579,844,1091,1091,pos_pos
69.468166017,846,1091,1091,pos_pos
69.470162176,848,1091,1091,pos_pos
69.472133563,850,1091,1091,pos_pos
69.474148958,852,1092,1092,pos_pos
69.476185458,854,1092,1092,pos_pos
69.478129792,856,1092,1092,pos_pos
69.48011321,857,1093,1093,pos_pos
69.482106867,859,1092,1092,pos_pos
69.484080508,860,1093,1093,pos_pos
69.486102767,861,1093,1093,pos_pos
69.488086647,863,1093,1093,pos_pos
69.490100082,863,1094,1094,pos_pos
69.492105574,864,1094,1094,pos_pos
69.494112062,865,1094,1094,pos_pos
69.496068372,865,1095,1095,pos_pos
69.498080894,865,1096,1096,pos_pos
69.500059365,865,1096,1096,pos_pos
69.502100572,865,1098,1098,pos_pos
69.504042736,865,1098,1098,pos_pos
69.506075314,865,1099,1099,pos_pos
69.508034665,865,1101,1101,pos_pos
69.510077752,865,1102,1102,pos_pos
69.512073222,865,1103,1103,pos_pos
69.514069405,865,1105,1105,pos_pos
69.516075906,865,1106,1106,pos_pos
69.518069008,865,1107,1107,pos_pos
69.520036217,865,1109,1109,pos_pos
69.522045525,865,1111,1111,pos_pos
69.524043108,865,1112,1112,pos_pos
69.526036956,865,1114,1114,pos_pos
69.527971159,865,1116,1116,pos_pos
69.530041235,865,1118,1118,pos_pos
69.531994925,865,1120,1120,pos_pos
69.534044682,865,1121,1121,pos_pos
69.536021652,865,1123,1123,pos_pos
69.538006688,865,1125,1125,pos_pos
69.540009238,865,1127,1127,pos_pos
69.542053922,865,1128,1128,pos_pos
69.544041278,865,1130,1130,pos_pos
69.546038164,866,1131,1131,pos_pos
69.547898233,866,1133,1133,pos_pos
69.550007155,866,1134,1134,pos_pos
69.551972042,866,1136,1136,pos_pos
69.554011368,866,1136,1136,pos_pos
69.556069932,866,1138,1138,pos_pos
69.557970061,866,1139,1139,pos_pos
69.559952812,866,1140,1140,pos_pos
69.561920755,866,1141,1141,pos_pos
69.563996471,866,1142,1142,pos_pos
69.565924097,866,1143,1143,pos_pos
69.567973207,866,1143,1143,pos_pos
69.569945263,867,1143,1143,pos_pos
69.571950104,867,1144,1144,pos_pos
69.573948396,867,1144,1144,pos_pos
69.57595149,868,1144,1144,pos_pos
69.577939813,868,1144,1144,pos_pos
69.579946569,869,1144,1144,pos_pos
69.581937602,869,1144,1144,pos_pos
69.583953052,870,1144,1144,pos_pos
69.585959665,870,1143,1143,pos_pos
69.587956533,871,1143,1143,pos_pos
69.589935037,871,1143,1143,pos_pos
69.591953578,872,1143,1143,pos_pos
69.593978429,872,1143,1143,pos_pos
69.59590303,873,1143,1143,pos_pos
69.597950197,873,1142,1142,pos_pos
69.599914471,873,1142,1142,pos_pos
69.601904891,874,1142,1142,pos_pos
69.603901345,874,1141,1141,pos_pos
69.605898836,874,1141,1141,pos_pos
69.60790234,874,1141,1141,pos_pos
69.609880928,874,1141,1141,pos_pos
69.611907663,874,1140,1140,pos_pos
69.613865977,874,1140,1140,pos_pos
69.615874202,874,1140,1140,pos_pos
69.617840098,873,1140,1140,pos_pos
69.619837423,873,1140,1140,pos_pos
69.621858371,873,1140,1140,pos_pos
69.623877215,873,1140,1140,pos_pos
69.62588372,872,1140,1140,pos_pos
69.627845423,872,1140,1140,pos_pos
69.629949273,871,1140,1140,pos_pos
69.631972893,871,1140,1140,pos_pos
69.63387859,870,1140,1140,pos_pos
69.636172798,869,1140,1140,pos_pos
69.637941768,869,1140,1140,pos_pos
69.640007915,868,1140,1140,pos_pos
69.641819955,867,1141,1141,pos_pos
69.643947101,866,1141,1141,pos_pos
69.645760351,865,1141,1141,pos_pos
69.647778079,864,1141,1141,pos_pos
69.649785273,863,1141,1141,pos_pos
69.651944076,862,1142,1142,pos_pos
69.653779714,860,1142,1142,pos_pos
69.655918618,859,1142,1142,pos_pos
69.657835006,858,1142,1142,pos_pos
69.660015549,857,1143,1143,pos_pos
69.661792264,855,1143,1143,pos_pos
69.663734395,855,1143,1143,pos_pos
69.665783025,853,1143,1143,pos_pos
69.667757776,852,1144,1144,pos_pos
69.669785377,851,1144,1144,pos_pos
69.67175948,851,1144,1144,pos_pos
69.673790256,850,1145,1145,pos_pos
69.675768242,850,1145,1145,pos_pos
69.677738914,850,1146,1146,pos_pos
69.679771405,850,1147,1147,pos_pos
69.681810403,850,1147,1147,pos_pos
69.683743115,850,1148,1148,pos_pos
69.685727464,851,1149,1149,pos_pos
69.687740199,851,1149,1149,pos_pos
69.689735129,852,1150,1150,pos_pos
69.691721573,853,1150,1150,pos_pos
69.693774995,854,1150,1150,pos_pos
69.695724933,855,1151,1151,pos_pos
69.697747833,856,1151,1151,pos_pos
69.699731408,858,1152,1152,pos_pos
69.701711059,859,1152,1152,pos_pos
69.703731722,861,1152,1152,pos_pos
69.705701324,863,1152,1152,pos_pos
69.707739405,864,1152,1152,pos_pos
69.709870704,866,1152,1152,pos_pos
69.71174892,868,1152,1152,pos_pos
69.713790788,870,1152,1152,pos_pos
69.715773157,872,1152,1152,pos_pos
69.717778569,874,1152,1152,pos_pos
69.719843514,876,1152,1152,pos_pos
69.721742067,878,1152,1152,pos_pos
69.723734345,880,1152,1152,pos_pos
69.725719187,882,1152,1152,pos_pos
69.727713186,884,1151,1151,pos_pos
69.729719378,886,1151,1151,pos_pos
69.731695322,888,1151,1151,pos_pos
69.733712707,890,1150,1150,pos_pos
69.735725699,892,1150,1150,pos_pos
69.737714305,893,1150,1150,pos_pos
69.739652285,895,1149,1149,pos_pos
69.741643545,896,1149,1149,pos_pos
69.743656463,896,1149,1149,pos_pos
69.74565504,897,1149,1149,pos_pos
69.747717936,898,1149,1149,pos_pos
69.749697757,899,1149,1149,pos_pos
69.751662209,899,1149,1149,pos_pos
69.753678972,899,1148,1148,pos_pos
69.755646912,899,1148,1148,pos_pos
69.757699269,899,1148,1148,pos_pos
69.759679024,899,1148,1148,pos_pos
69.761658703,898,1149,1149,pos_pos
69.763652486,898,1148,1148,pos_pos
69.765654583,897,1149,1149,pos_pos
69.767666607,897,1149,1149,pos_pos
69.769735718,896,1149,1149,pos_pos
69.771671028,896,1150,1150,pos_pos
69.773611012,895,1150,1150,pos_pos
69.775664702,894,1151,1151,pos_pos
69.777665093,893,1152,1152,pos_pos
69.779656791,892,1152,1152,pos_pos
69.781621603,891,1153,1153,pos_pos
69.783617678,890,1154,1154,pos_pos
69.785589511,889,1155,1155,pos_pos
69.787598935,888,1156,1156,pos_pos
69.78964599,887,1157,1157,pos_pos
69.791580989,886,1158,1158,pos_pos
69.79359135,885,1159,1159,pos_pos
69.795604421,885,1161,1161,pos_pos
69.797603169,884,1163,1163,pos_pos
69.799549736,883,1163,1163,pos_pos
69.801510371,882,1164,1164,pos_pos
69.803443651,882,1165,1165,pos_pos
69.805457873,881,1167,1167,pos_pos
69.807564156,881,1168,1168,pos_pos
69.809580809,880,1169,1169,pos_pos
69.811632082,879,1170,1170,pos_pos
69.81364164,879,1171,1171,pos_pos
69.81557652,878,1172,1172,pos_pos
69.81758308,878,1173,1173,pos_pos
69.819590865,877,1173,1173,pos_pos
69.821566017,877,1173,1173,pos_pos
69.823610174,877,1174,1174,pos_pos
69.825521923,877,1174,1174,pos_pos
69.827476654,877,1174,1174,pos_pos
69.829396796,877,1174,1174,pos_pos
69.831504631,877,1174,1174,pos_pos
69.833378044,877,1174,1174,pos_pos
69.835403114,877,1174,1174,pos_pos
69.837426683,877,1174,1174,pos_pos
69.839397629,877,1174,1174,pos_pos
69.841433759,877,1174,1174,pos_pos
69.843413321,877,1173,1173,pos_pos
69.845466919,877,1174,1174,pos_pos
69.847447777,877,1174,1174,pos_pos
69.849448281,877,1173,1173,pos_pos
69.851426208,877,1173,1173,pos_pos
69.853408803,877,1173,1173,pos_pos
69.855468822,877,1173,1173,pos_pos
69.857438545,877,1173,1173,pos_pos
69.859500501,877,1173,1173,pos_pos
69.861451098,877,1173,1173,pos_pos
69.863478509,877,1173,1173,pos_pos
69.86552412,877,1173,1173,pos_pos
69.867552666,877,1173,1173,pos_pos
69.869468359,877,1173,1173,pos_pos
69.871543994,878,1173,1173,pos_pos
69.873415635,878,1173,1173,pos_pos
69.875411699,879,1173,1173,pos_pos
69.877423863,879,1174,1174,pos_pos
69.879434824,879,1174,1174,pos_pos
69.881484487,880,1174,1174,pos_pos
69.883450932,880,1175,1175,pos_pos
69.885518132,880,1175,1175,pos_pos
69.887441938,881,1176,1176,pos_pos
69.889503044,881,1176,1176,pos_pos
69.891431413,881,1176,1176,pos_pos
69.893359982,881,1176,1176,pos_pos
69.895330524,881,1177,1177,pos_pos
69.897387873,881,1177,1177,pos_pos
69.899389316,882,1178,1178,pos_pos
69.901428263,882,1178,1178,pos_pos
69.903434293,882,1179,1179,pos_pos
69.905416234,883,1179,1179,pos_pos
69.907334047,883,1180,1180,pos_pos
69.909319628,883,1180,1180,pos_pos
69.911360355,884,1181,1181,pos_pos
69.913329359,884,1182,1182,pos_pos
69.915418034,884,1183,1183,pos_pos
69.917343915,885,1184,1184,pos_pos
69.919305499,885,1186,1186,pos_pos
69.921298767,885,1187,1187,pos_pos
69.923281619,885,1188,1188,pos_pos
69.925371175,885,1189,1189,pos_pos
69.927342431,886,1190,1190,pos_pos
69.929340173,886,1192,1192,pos_pos
69.931324829,886,1193,1193,pos_pos
69.933327796,887,1194,1194,pos_pos
69.935272549,887,1196,1196,pos_pos
69.937352709,887,1197,1197,pos_pos
69.939282733,888,1199,1199,pos_pos
69.941344309,888,1200,1200,pos_pos
69.943282332,889,1201,1201,pos_pos
69.945329813,890,1203,1203,pos_pos
69.947359393,890,1204,1204,pos_pos
69.949383744,891,1206,1206,pos_pos
69.951387951,892,1207,1207,pos_pos
69.953427008,894,1209,1209,pos_pos
69.955416927,894,1210,1210,pos_pos
69.957433672,896,1212,1212,pos_pos
69.959321442,896,1213,1213,pos_pos
69.961335367,897,1215,1215,pos_pos
69.963355795,898,1216,1216,pos_pos
69.965360256,899,1217,1217,pos_pos
69.967295141,900,1219,1219,pos_pos
69.969266152,901,1220,1220,pos_pos
69.971265532,902,1221,1221,pos_pos
69.973278158,903,1222,1222,pos_pos
69.975286508,904,1223,1223,pos_pos
69.977242041,906,1225,1225,pos_pos
69.979315529,907,1226,1226,pos_pos
69.98129101,908,1227,1227,pos_pos
69.983217087,909,1228,1228,pos_pos
69.985269718,910,1228,1228,pos_pos
69.987263432,911,1229,1229,pos_pos
69.989297608,913,1230,1230,pos_pos
69.991297149,914,1231,1231,pos_pos
69.993269379,915,1231,1231,pos_pos
69.995319752,916,1232,1232,pos_pos
69.997308068,917,1233,1233,pos_pos
69.999231556,918,1233,1233,pos_pos
70.001222955,919,1234,1234,pos_pos
70.003276675,920,1234,1234,pos_pos
70.005274656,920,1234,1234,pos_pos
70.007319249,921,1235,1235,pos_pos
70.009336336,922,1235,1235,pos_pos
70.01119282,922,1235,1235,pos_pos
70.013131928,923,1236,1236,pos_pos
70.015127652,923,1236,1236,pos_pos
70.017167452,923,1236,1236,pos_pos
70.019152157,923,1238,1238,pos_pos
70.02112414,923,1238,1238,pos_pos
70.023151012,923,1239,1239,pos_pos
70.025176229,923,1239,1239,pos_pos
70.027164299,923,1240,1240,pos_pos
70.029222128,923,1240,1240,pos_pos
70.031224513,922,1240,1240,pos_pos
70.033209314,922,1241,1241,pos_pos
70.035184017,921,1241,1241,pos_pos
70.037248955,921,1242,1242,pos_pos
70.03913281,920,1242,1242,pos_pos
70.041201086,920,1242,1242,pos_pos
70.043130085,920,1242,1242,pos_pos
70.045194737,919,1243,1243,pos_pos
70.047107304,919,1243,1243,pos_pos
70.049122106,918,1243,1243,pos_pos
70.051152254,918,1243,1243,pos_pos
70.05315199,917,1244,1244,pos_pos
70.055097925,917,1244,1244,pos_pos
70.057176098,916,1244,1244,pos_pos
70.059152077,916,1245,1245,pos_pos
70.061074949,916,1245,1245,pos_pos
70.063119434,916,1245,1245,pos_pos
70.065056151,916,1245,1245,pos_pos
70.067112643,916,1246,1246,pos_pos
70.069261638,915,1246,1246,pos_pos
70.071229322,915,1246,1246,pos_pos
70.073182694,915,1247,1247,pos_pos
70.075173752,916,1247,1247,pos_pos
70.077124418,916,1248,1248,pos_pos
70.079111676,916,1248,1248,pos_pos
70.081102396,916,1248,1248,pos_pos
70.083112556,917,1249,1249,pos_pos
70.085036556,917,1249,1249,pos_pos
70.087078674,918,1250,1250,pos_pos
70.08909981,919,1250,1250,pos_pos
70.090997597,919,1251,1251,pos_pos
70.093053122,920,1252,1252,pos_pos
70.09502971,921,1252,1252,pos_pos
70.096990927,922,1253,1253,pos_pos
70.099046211,923,1254,1254,pos_pos
70.101068123,924,1254,1254,pos_pos
70.103098184,925,1255,1255,pos_pos
70.105070294,926,1256,1256,pos_pos
70.10718958,927,1256,1256,pos_pos
70.10894754,928,1257,1257,pos_pos
70.111390993,929,1257,1257,pos_pos
70.112966636,931,1257,1257,pos_pos
70.1149973,932,1257,1257,pos_pos
70.116922189,934,1257,1257,pos_pos
70.119007376,935,1257,1257,pos_pos
70.120925951,936,1257,1257,pos_pos
70.123169177,938,1257,1257,pos_pos
70.124999675,939,1257,1257,pos_pos
70.127069699,941,1257,1257,pos_pos
70.128982367,942,1257,1257,pos_pos
70.131112067,943,1257,1257,pos_pos
70.132915842,944,1257,1257,pos_pos
70.13492132,946,1257,1257,pos_pos
70.136878116,947,1258,1258,pos_pos
70.138972896,949,1258,1258,pos_pos
70.140940734,950,1258,1258,pos_pos
70.14296113,951,1258,1258,pos_pos
70.144897574,953,1258,1258,pos_pos
70.146929061,954,1259,1259,pos_pos
70.148907618,955,1259,1259,pos_pos
70.15096281,957,1259,1259,pos_pos
70.1529293,958,1259,1259,pos_pos
70.154963953,959,1260,1260,pos_pos
70.156827477,960,1261,1261,pos_pos
70.158870073,960,1261,1261,pos_pos
70.16085251,961,1262,1262,pos_pos
70.162857208,962,1263,1263,pos_pos
70.164871372,962,1263,1263,pos_pos
70.166922745,962,1264,1264,pos_pos
70.168898366,962,1265,1265,pos_pos
70.170890004,962,1266,1266,pos_pos
70.172876565,962,1267,1267,pos_pos
70.174916201,962,1268,1268,pos_pos
70.176877761,962,1269,1269,pos_pos
70.178837225,962,1270,1270,pos_pos
70.180874929,962,1271,1271,pos_pos
70.182788372,962,1272,1272,pos_pos
70.184830418,962,1273,1273,pos_pos
70.186826173,962,1274,1274,pos_pos
70.188837662,963,1276,1276,pos_pos
70.190818683,962,1277,1277,pos_pos
70.192819582,963,1278,1278,pos_pos
70.194860832,963,1279,1279,pos_pos
70.196803116,963,1281,1281,pos_pos
70.198826113,963,1282,1282,pos_pos
70.200797639,963,1284,1284,pos_pos
70.202867005,963,1285,1285,pos_pos
70.204965493,963,1286,1286,pos_pos
70.2067735,962,1287,1287,pos_pos
70.208743487,962,1289,1289,pos_pos
70.210741822,962,1290,1290,pos_pos
70.212739032,962,1291,1291,pos_pos
70.214766597,962,1292,1292,pos_pos
70.216734735,962,1293,1293,pos_pos
70.218725928,962,1294,1294,pos_pos
70.220734062,962,1295,1295,pos_pos
70.222773998,962,1296,1296,pos_pos
70.224736533,962,1297,1297,pos_pos
70.226746371,963,1299,1299,pos_pos
70.228753267,963,1300,1300,pos_pos
70.23077843,963,1300,1300,pos_pos
70.232771305,963,1301,1301,pos_pos
70.234751507,963,1302,1302,pos_pos
70.236763396,963,1303,1303,pos_pos
70.238716506,963,1304,1304,pos_pos
70.240714488,963,1305,1305,pos_pos
70.242735265,963,1306,1306,pos_pos
70.244759844,963,1306,1306,pos_pos
70.246728323,963,1307,1307,pos_pos
70.248728138,963,1307,1307,pos_pos
70.250703579,963,1308,1308,pos_pos
70.252710724,964,1308,1308,pos_pos
70.254725666,964,1309,1309,pos_pos
70.25670409,964,1309,1309,pos_pos
70.258689563,964,1310,1310,pos_pos
70.26071143,964,1310,1310,pos_pos
70.262722038,964,1310,1310,pos_pos
70.264729756,965,1311,1311,pos_pos
70.266713568,965,1311,1311,pos_pos
70.268694651,965,1311,1311,pos_pos
70.270713068,965,1312,1312,pos_pos
70.272688935,966,1312,1312,pos_pos
70.274759141,966,1312,1312,pos_pos
70.276685526,966,1312,1312,pos_pos
70.278644991,966,1312,1312,pos_pos
70.280613711,967,1312,1312,pos_pos
70.282676621,967,1313,1313,pos_pos
70.284683807,968,1313,1313,pos_pos
70.286686302,968,1313,1313,pos_pos
70.288699536,969,1313,1313,pos_pos
70.290720423,969,1314,1314,pos_pos
70.292695242,969,1314,1314,pos_pos
70.294662337,970,1314,1314,pos_pos
70.296649284,971,1315,1315,pos_pos
70.298705502,971,1316,1316,pos_pos
70.300677449,971,1317,1317,pos_pos
70.302625974,972,1317,1317,pos_pos
70.304700356,973,1318,1318,pos_pos
70.30666727,973,1319,1319,pos_pos
70.30867424,974,1320,1320,pos_pos
70.310669487,974,1322,1322,pos_pos
70.312754256,975,1323,1323,pos_pos
70.314720918,976,1324,1324,pos_pos
70.316660283,977,1325,1325,pos_pos
70.318664288,978,1327,1327,pos_pos
70.320613046,979,1328,1328,pos_pos
70.322570338,980,1329,1329,pos_pos
70.324600146,981,1331,1331,pos_pos
70.326603983,982,1333,1333,pos_pos
70.328625032,983,1334,1334,pos_pos
70.33055534,985,1335,1335,pos_pos
70.33255907,986,1337,1337,pos_pos
70.334515996,987,1338,1338,pos_pos
70.336540195,989,1340,1340,pos_pos
70.338645982,990,1342,1342,pos_pos
70.340671249,991,1343,1343,pos_pos
70.34258593,992,1345,1345,pos_pos
70.344527682,994,1347,1347,pos_pos
70.346420777,996,1348,1348,pos_pos
70.348467752,998,1349,1349,pos_pos
70.350465618,1000,1351,1351,pos_pos
70.352463745,1002,1352,1352,pos_pos
70.354535612,1004,1354,1354,pos_pos
70.356436511,1006,1356,1356,pos_pos
70.358510314,1009,1358,1358,pos_pos
70.360500534,1011,1360,1360,pos_pos
70.362423195,1014,1361,1361,pos_pos
70.36442394,1016,1363,1363,pos_pos
70.366402893,1019,1364,1364,pos_pos
70.368472597,1022,1367,1367,pos_pos
70.370460497,1025,1369,1369,pos_pos
70.372438571,1027,1370,1370,pos_pos
70.374448857,1029,1372,1372,pos_pos
70.376384205,1032,1373,1373,pos_pos
70.378493736,1034,1376,1376,pos_pos
70.380431224,1037,1377,1377,pos_pos
70.382471644,1039,1379,1379,pos_pos
70.384434185,1042,1380,1380,pos_pos
70.386463106,1043,1382,1382,pos_pos
70.388429532,1045,1385,1385,pos_pos
70.390418745,1047,1386,1386,pos_pos
70.392444469,1049,1387,1387,pos_pos
70.394490018,1050,1389,1389,pos_pos
70.396409575,1052,1390,1390,pos_pos
70.398459151,1053,1391,1391,pos_pos
70.40050799,1054,1393,1393,pos_pos
70.402529322,1055,1395,1395,pos_pos
70.404488335,1056,1396,1396,pos_pos
70.406368789,1057,1397,1397,pos_pos
70.408386863,1058,1398,1398,pos_pos
70.410423493,1059,1400,1400,pos_pos
70.412361021,1059,1402,1402,pos_pos
70.414416368,1060,1403,1403,pos_pos
70.416456264,1061,1404,1404,pos_pos
70.418403718,1061,1406,1406,pos_pos
70.420385634,1061,1407,1407,pos_pos
70.4223499,1062,1409,1409,pos_pos
70.424366415,1062,1411,1411,pos_pos
70.426308004,1062,1412,1412,pos_pos
70.428374981,1062,1414,1414,pos_pos
70.43035349,1062,1415,1415,pos_pos
70.432354309,1062,1417,1417,pos_pos
70.434313299,1062,1418,1418,pos_pos
70.436348743,1061,1421,1421,pos_pos
70.438334148,1061,1423,1423,pos_pos
70.440326566,1061,1425,1425,pos_pos
70.442408697,1061,1426,1426,pos_pos
70.44439627,1060,1428,1428,pos_pos
70.446344978,1060,1430,1430,pos_pos
70.448366713,1060,1433,1433,pos_pos
70.450325065,1060,1434,1434,pos_pos
70.452372471,1060,1435,1435,pos_pos
70.454344818,1060,1438,1438,pos_pos
70.456361017,1060,1439,1439,pos_pos
70.458347041,1060,1441,1441,pos_pos
70.460314511,1060,1442,1442,pos_pos
70.46235198,1060,1444,1444,pos_pos
70.464318443,1060,1446,1446,pos_pos
70.466322982,1061,1448,1448,pos_pos
70.468349452,1061,1449,1449,pos_pos
70.470342006,1062,1451,1451,pos_pos
70.472289211,1062,1453,1453,pos_pos
70.474314266,1063,1455,1455,pos_pos
70.476308012,1063,1456,1456,pos_pos
70.478278748,1064,1458,1458,pos_pos
70.480253065,1065,1460,1460,pos_pos
70.482261529,1066,1463,1463,pos_pos
70.484254631,1067,1464,1464,pos_pos
70.486278883,1068,1466,1466,pos_pos
70.488238704,1069,1468,1468,pos_pos
70.490280325,1070,1469,1469,pos_pos
70.492237435,1071,1471,1471,pos_pos
70.494199211,1072,1472,1472,pos_pos
70.49619393,1073,1474,1474,pos_pos
70.498234324,1075,1475,1475,pos_pos
70.500239948,1076,1477,1477,pos_pos
70.502288298,1077,1478,1478,pos_pos
70.504296326,1079,1480,1480,pos_pos
70.506268104,1081,1481,1481,pos_pos
70.508206523,1082,1482,1482,pos_pos
70.510257742,1084,1484,1484,pos_pos
70.512231584,1086,1485,1485,pos_pos
70.51424353,1088,1486,1486,pos_pos
70.516256822,1090,1487,1487,pos_pos
70.518222549,1092,1489,1489,pos_pos
70.520149195,1094,1490,1490,pos_pos
70.522281518,1096,1492,1492,pos_pos
70.524179799,1098,1492,1492,pos_pos
70.526266414,1100,1495,1495,pos_pos
70.528171049,1103,1497,1497,pos_pos
70.530154617,1105,1498,1498,pos_pos
70.532249706,1107,1499,1499,pos_pos
70.534225427,1109,1501,1501,pos_pos
70.536242641,1111,1502,1502,pos_pos
70.538312123,1113,1504,1504,pos_pos
70.540266918,1115,1506,1506,pos_pos
70.542273166,1117,1507,1507,pos_pos
70.544280348,1119,1509,1509,pos_pos
70.54625931,1121,1510,1510,pos_pos
70.54823623,1123,1512,1512,pos_pos
70.550198678,1124,1514,1514,pos_pos
70.552164104,1126,1515,1515,pos_pos
70.554178296,1128,1517,1517,pos_pos
70.556194377,1130,1519,1519,pos_pos
70.558237887,1132,1521,1521,pos_pos
70.560132835,1134,1522,1522,pos_pos
70.562196803,1135,1524,1524,pos_pos
70.564141684,1137,1527,1527,pos_pos
70.566247748,1138,1529,1529,pos_pos
70.568221232,1139,1530,1530,pos_pos
70.570190445,1141,1532,1532,pos_pos
70.572194542,1142,1534,1534,pos_pos
70.57426078,1144,1536,1536,pos_pos
70.57616837,1145,1537,1537,pos_pos
70.578092064,1146,1539,1539,pos_pos
70.58015079,1147,1541,1541,pos_pos
70.582141999,1148,1543,1543,pos_pos
70.584156999,1149,1545,1545,pos_pos
70.586194627,1150,1546,1546,pos_pos
70.588136347,1151,1548,1548,pos_pos
70.590094364,1152,1550,1550,pos_pos
70.592126809,1153,1552,1552,pos_pos
70.594087067,1154,1553,1553,pos_pos
70.596138663,1154,1555,1555,pos_pos
70.598162006,1155,1557,1557,pos_pos
70.600108389,1156,1559,1559,pos_pos
70.602187608,1157,1560,1560,pos_pos
70.604161871,1159,1562,1562,pos_pos
70.606226533,1160,1564,1564,pos_pos
70.608158014,1161,1566,1566,pos_pos
70.610224835,1162,1568,1568,pos_pos
70.612204113,1163,1570,1570,pos_pos
70.614174474,1164,1572,1572,pos_pos
70.616162849,1166,1573,1573,pos_pos
70.618120134,1167,1575,1575,pos_pos
70.620134584,1168,1577,1577,pos_pos
70.62202529,1170,1579,1579,pos_pos
70.624081321,1171,1581,1581,pos_pos
70.626063918,1173,1583,1583,pos_pos
70.628059974,1175,1585,1585,pos_pos
70.63004284,1176,1586,1586,pos_pos
70.632095689,1178,1588,1588,pos_pos
70.63404452,1179,1590,1590,pos_pos
70.636124807,1181,1592,1592,pos_pos
70.63808012,1182,1594,1594,pos_pos
70.640110892,1183,1596,1596,pos_pos
70.642099337,1185,1598,1598,pos_pos
70.644075061,1187,1600,1600,pos_pos
70.646002556,1188,1602,1602,pos_pos
70.648065331,1190,1603,1603,pos_pos
70.650056366,1192,1605,1605,pos_pos
70.651987954,1194,1607,1607,pos_pos
70.654045829,1195,1609,1609,pos_pos
70.655990844,1197,1611,1611,pos_pos
70.658002359,1199,1613,1613,pos_pos
70.659976954,1200,1615,1615,pos_pos
70.662002265,1202,1616,1616,pos_pos
70.663981628,1204,1618,1618,pos_pos
70.665985189,1205,1620,1620,pos_pos
70.668101037,1207,1622,1622,pos_pos
70.669987423,1208,1624,1624,pos_pos
70.672022045,1210,1626,1626,pos_pos
70.67410756,1211,1627,1627,pos_pos
70.676135665,1213,1629,1629,pos_pos
70.678018742,1214,1631,1631,pos_pos
70.680056145,1215,1633,1633,pos_pos
70.682105791,1216,1635,1635,pos_pos
70.684040694,1217,1636,1636,pos_pos
70.686002156,1217,1638,1638,pos_pos
70.687995788,1218,1640,1640,pos_pos
70.68992926,1219,1642,1642,pos_pos
70.692064918,1219,1642,1642,pos_pos
70.693913138,1220,1644,1644,pos_pos
70.696054738,1220,1646,1646,pos_pos
70.697929489,1220,1647,1647,pos_pos
70.699937136,1221,1649,1649,pos_pos
70.701915976,1221,1650,1650,pos_pos
70.703923867,1221,1652,1652,pos_pos
70.705947712,1221,1653,1653,pos_pos
70.707975373,1221,1655,1655,pos_pos
70.709889946,1221,1656,1656,pos_pos
70.711908003,1221,1657,1657,pos_pos
70.713932435,1221,1659,1659,pos_pos
70.715876632,1221,1660,1660,pos_pos
70.717916556,1221,1662,1662,pos_pos
70.719827254,1221,1663,1663,pos_pos
70.721874749,1221,1664,1664,pos_pos
70.723842834,1221,1665,1665,pos_pos
70.725822603,1221,1667,1667,pos_pos
70.72784225,1221,1667,1667,pos_pos
70.729854015,1221,1669,1669,pos_pos
70.731821334,1221,1670,1670,pos_pos
70.733829464,1221,1672,1672,pos_pos
70.735789528,1221,1673,1673,pos_pos
70.737826338,1222,1674,1674,pos_pos
70.739813323,1222,1675,1675,pos_pos
70.74199414,1222,1677,1677,pos_pos
70.743872139,1223,1678,1678,pos_pos
70.745973438,1223,1679,1679,pos_pos
70.747736824,1223,1679,1679,pos_pos
70.749770969,1224,1680,1680,pos_pos
70.751786066,1225,1681,1681,pos_pos
70.753848044,1226,1682,1682,pos_pos
70.755792178,1227,1682,1682,pos_pos
70.757870679,1228,1683,1683,pos_pos
70.759859318,1229,1684,1684,pos_pos
70.761808615,1230,1684,1684,pos_pos
70.763874791,1231,1684,1684,pos_pos
70.766065621,1233,1685,1685,pos_pos
70.767795282,1234,1685,1685,pos_pos
70.76975643,1236,1686,1686,pos_pos
70.771815628,1237,1687,1687,pos_pos
70.773759587,1239,1687,1687,pos_pos
70.775740713,1241,1688,1688,pos_pos
70.777727852,1242,1689,1689,pos_pos
70.779739708,1245,1689,1689,pos_pos
70.781795225,1246,1690,1690,pos_pos
70.783767091,1249,1690,1690,pos_pos
70.785789893,1252,1691,1691,pos_pos
70.787752045,1254,1692,1692,pos_pos
70.789758542,1257,1693,1693,pos_pos
70.791745894,1259,1694,1694,pos_pos
70.79374588,1261,1695,1695,pos_pos
70.795724994,1263,1696,1696,pos_pos
70.797764708,1265,1697,1697,pos_pos
70.799735381,1268,1698,1698,pos_pos
70.801711832,1270,1700,1700,pos_pos
70.803706737,1272,1701,1701,pos_pos
70.805795045,1275,1702,1702,pos_pos
70.807730061,1276,1703,1703,pos_pos
70.809815245,1278,1705,1705,pos_pos
70.811803185,1280,1706,1706,pos_pos
70.81368447,1283,1707,1707,pos_pos
70.815658819,1284,1709,1709,pos_pos
70.817689189,1285,1710,1710,pos_pos
70.819687944,1287,1712,1712,pos_pos
70.821831374,1288,1714,1714,pos_pos
70.823748698,1290,1716,1716,pos_pos
70.825771974,1292,1718,1718,pos_pos
70.827730056,1293,1719,1719,pos_pos
70.82976427,1294,1721,1721,pos_pos
70.831714869,1296,1723,1723,pos_pos
70.833756455,1298,1725,1725,pos_pos
70.835737539,1299,1727,1727,pos_pos
70.837753452,1301,1728,1728,pos_pos
70.839867965,1302,1730,1730,pos_pos
70.841737282,1303,1732,1732,pos_pos
70.843927683,1305,1734,1734,pos_pos
70.845709052,1306,1736,1736,pos_pos
70.847680169,1307,1739,1739,pos_pos
70.849665447,1308,1741,1741,pos_pos
70.85164158,1309,1743,1743,pos_pos
70.853687076,1310,1745,1745,pos_pos
70.855883394,1311,1747,1747,pos_pos
70.857642825,1311,1748,1748,pos_pos
70.859582614,1311,1750,1750,pos_pos
70.861607785,1312,1752,1752,pos_pos
70.863582551,1313,1755,1755,pos_pos
70.865609698,1314,1756,1756,pos_pos
70.86762971,1314,1759,1759,pos_pos
70.869587085,1315,1761,1761,pos_pos
70.871546244,1316,1763,1763,pos_pos
70.87353719,1317,1764,1764,pos_pos
70.87553321,1318,1766,1766,pos_pos
70.877542181,1319,1768,1768,pos_pos
70.879573544,1320,1771,1771,pos_pos
70.881609304,1320,1772,1772,pos_pos
70.883568798,1321,1774,1774,pos_pos
70.885581184,1322,1775,1775,pos_pos
70.887511303,1323,1777,1777,pos_pos
70.889503905,1324,1778,1778,pos_pos
70.891523824,1325,1779,1779,pos_pos
70.893499995,1326,1780,1780,pos_pos
70.895507984,1326,1782,1782,pos_pos
70.897495533,1327,1783,1783,pos_pos
70.89950563,1327,1783,1783,pos_pos
70.901564322,1327,1784,1784,pos_pos
70.903539888,1328,1785,1785,pos_pos
70.905508749,1328,1785,1785,pos_pos
70.907504018,1328,1786,1786,pos_pos
70.909479161,1329,1787,1787,pos_pos
70.911504273,1329,1787,1787,pos_pos
70.913513262,1329,1788,1788,pos_pos
70.91550623,1329,1789,1789,pos_pos
70.917495193,1329,1789,1789,pos_pos
70.919479597,1329,1790,1790,pos_pos
70.921496889,1329,1790,1790,pos_pos
70.923547641,1329,1791,1791,pos_pos
70.925572343,1329,1791,1791,pos_pos
70.927478527,1328,1792,1792,pos_pos
70.929437626,1328,1793,1793,pos_pos
70.931406663,1328,1793,1793,pos_pos
70.933420696,1328,1794,1794,pos_pos
70.935448659,1328,1794,1794,pos_pos
70.937436244,1328,1794,1794,pos_pos
70.939439634,1328,1795,1795,pos_pos
70.941429396,1328,1795,1795,pos_pos
70.943397994,1328,1795,1795,pos_pos
70.945405464,1328,1796,1796,pos_pos
70.947460852,1329,1796,1796,pos_pos
70.949469318,1329,1797,1797,pos_pos
70.951438401,1329,1797,1797,pos_pos
70.953395461,1329,1797,1797,pos_pos
70.9553863,1330,1798,1798,pos_pos
70.957383593,1330,1798,1798,pos_pos
70.95937996,1331,1799,1799,pos_pos
70.961378167,1331,1800,1800,pos_pos
70.963346758,1332,1800,1800,pos_pos
70.965363213,1333,1801,1801,pos_pos
70.967361236,1333,1801,1801,pos_pos
70.969342753,1334,1802,1802,pos_pos
70.971371276,1335,1803,1803,pos_pos
70.973320692,1336,1804,1804,pos_pos
70.975309867,1337,1805,1805,pos_pos
70.97731602,1338,1806,1806,pos_pos
70.979356528,1339,1807,1807,pos_pos
70.981352641,1340,1808,1808,pos_pos
70.983358728,1341,1810,1810,pos_pos
70.985391894,1343,1811,1811,pos_pos
70.987304111,1344,1812,1812,pos_pos
70.98934371,1346,1812,1812,pos_pos
70.991408838,1348,1815,1815,pos_pos
70.993390459,1349,1816,1816,pos_pos
70.995454683,1351,1817,1817,pos_pos
70.997285245,1353,1818,1818,pos_pos
70.999323725,1355,1820,1820,pos_pos
71.001309614,1357,1821,1821,pos_pos
71.003258688,1359,1822,1822,pos_pos
71.00529982,1362,1824,1824,pos_pos
71.00737703,1364,1825,1825,pos_pos
71.009352812,1365,1826,1826,pos_pos
71.011383032,1368,1828,1828,pos_pos
71.013362211,1371,1829,1829,pos_pos
71.015239384,1373,1830,1830,pos_pos
71.017269567,1376,1831,1831,pos_pos
71.019332325,1377,1831,1831,pos_pos
71.02123905,1381,1833,1833,pos_pos
71.023262366,1384,1834,1834,pos_pos
71.025287951,1386,1834,1834,pos_pos
71.027321105,1389,1835,1835,pos_pos
71.029276388,1391,1836,1836,pos_pos
71.031229266,1393,1836,1836,pos_pos
71.033210393,1396,1837,1837,pos_pos
71.035225559,1398,1837,1837,pos_pos
71.037259039,1400,1838,1838,pos_pos
71.03922582,1402,1838,1838,pos_pos
71.04125282,1405,1838,1838,pos_pos
71.043202945,1407,1839,1839,pos_pos
71.045229351,1409,1839,1839,pos_pos
71.047221171,1411,1839,1839,pos_pos
71.049223261,1412,1839,1839,pos_pos
71.051232832,1414,1840,1840,pos_pos
71.053244133,1416,1840,1840,pos_pos
71.055225195,1417,1840,1840,pos_pos
71.05723306,1418,1841,1841,pos_pos
71.059273101,1419,1841,1841,pos_pos
71.061178881,1420,1841,1841,pos_pos
71.063237313,1421,1841,1841,pos_pos
71.06521929,1421,1842,1842,pos_pos
71.067154425,1422,1842,1842,pos_pos
71.069167106,1422,1842,1842,pos_pos
71.07116549,1422,1843,1843,pos_pos
71.072174746,1422,1843,1843,pos_pos
71.07424914,1422,1844,1844,pos_pos
71.076235083,1422,1846,1846,pos_pos
71.078247049,1422,1847,1847,pos_pos
71.080298133,1422,1847,1847,pos_pos
71.082253797,1422,1848,1848,pos_pos
71.084282721,1422,1849,1849,pos_pos
71.086213122,1421,1850,1850,pos_pos
71.088250259,1421,1852,1852,pos_pos
71.09023655,1421,1853,1853,pos_pos
71.092247765,1421,1854,1854,pos_pos
71.094250228,1421,1856,1856,pos_pos
71.096217159,1420,1857,1857,pos_pos
71.098206309,1420,1858,1858,pos_pos
71.100214855,1420,1860,1860,pos_pos
71.102194586,1420,1862,1862,pos_pos
71.104251242,1420,1863,1863,pos_pos
71.10623493,1420,1865,1865,pos_pos
71.10826301,1420,1867,1867,pos_pos
71.110199604,1420,1868,1868,pos_pos
71.112121024,1420,1870,1870,pos_pos
71.1141113,1420,1872,1872,pos_pos
71.116101725,1420,1874,1874,pos_pos
71.118038243,1420,1875,1875,pos_pos
71.12010194,1420,1877,1877,pos_pos
71.122015514,1421,1879,1879,pos_pos
71.124097508,1421,1881,1881,pos_pos
71.126046778,1421,1883,1883,pos_pos
71.128116931,1422,1884,1884,pos_pos
71.130071045,1422,1886,1886,pos_pos
71.132115697,1423,1887,1887,pos_pos
71.134082036,1423,1889,1889,pos_pos
71.136056649,1424,1890,1890,pos_pos
71.13811961,1425,1892,1892,pos_pos
71.140064091,1425,1893,1893,pos_pos
71.142119954,1426,1894,1894,pos_pos
71.144123704,1427,1896,1896,pos_pos
71.146104737,1428,1897,1897,pos_pos
71.148097762,1429,1898,1898,pos_pos
71.150094901,1430,1899,1899,pos_pos
71.152080926,1431,1900,1900,pos_pos
71.15409266,1432,1901,1901,pos_pos
71.156097905,1433,1902,1902,pos_pos
71.158034773,1435,1903,1903,pos_pos
71.160071361,1436,1904,1904,pos_pos
71.162061113,1438,1905,1905,pos_pos
71.164047574,1439,1905,1905,pos_pos
71.166018674,1440,1906,1906,pos_pos
71.167966873,1442,1907,1907,pos_pos
71.170027095,1444,1907,1907,pos_pos
71.171989876,1445,1908,1908,pos_pos
71.173990773,1447,1909,1909,pos_pos
71.176089286,1449,1910,1910,pos_pos
71.178094596,1450,1910,1910,pos_pos
71.179972272,1452,1911,1911,pos_pos
71.181997554,1454,1912,1912,pos_pos
71.183971351,1456,1913,1913,pos_pos
71.185965581,1458,1913,1913,pos_pos
71.187970528,1460,1914,1914,pos_pos
71.190006137,1462,1914,1914,pos_pos
71.191992534,1463,1915,1915,pos_pos
71.193988131,1465,1916,1916,pos_pos
71.195928391,1467,1916,1916,pos_pos
71.197971429,1469,1917,1917,pos_pos
71.199951891,1470,1918,1918,pos_pos
71.202005019,1472,1918,1918,pos_pos
71.20395084,1473,1919,1919,pos_pos
71.205959411,1473,1920,1920,pos_pos
71.207931954,1474,1921,1921,pos_pos
71.209935319,1475,1922,1922,pos_pos
71.211890783,1475,1923,1923,pos_pos
71.213920485,1476,1924,1924,pos_pos
71.215959274,1476,1925,1925,pos_pos
71.217897473,1476,1926,1926,pos_pos
71.219917806,1476,1926,1926,pos_pos
71.221958021,1476,1927,1927,pos_pos
71.223969713,1477,1928,1928,pos_pos
71.22590911,1477,1928,1928,pos_pos
71.227950793,1477,1929,1929,pos_pos
71.229944918,1477,1929,1929,pos_pos
71.231883742,1477,1930,1930,pos_pos
71.233908101,1477,1931,1931,pos_pos
71.235906194,1477,1932,1932,pos_pos
71.237888847,1477,1932,1932,pos_pos
71.239832714,1477,1933,1933,pos_pos
71.241940114,1477,1934,1934,pos_pos
71.243923808,1477,1935,1935,pos_pos
71.245892311,1477,1935,1935,pos_pos
71.24785102,1477,1936,1936,pos_pos
71.249847214,1477,1938,1938,pos_pos
71.251888335,1478,1939,1939,pos_pos
71.254069364,1478,1940,1940,pos_pos
71.255945333,1479,1942,1942,pos_pos
71.258090683,1480,1943,1943,pos_pos
71.259943797,1480,1945,1945,pos_pos
71.26198217,1481,1946,1946,pos_pos
71.263927698,1482,1948,1948,pos_pos
71.265954859,1483,1949,1949,pos_pos
71.267839241,1485,1951,1951,pos_pos
71.269928857,1486,1953,1953,pos_pos
71.271899567,1487,1954,1954,pos_pos
71.274041714,1489,1956,1956,pos_pos
71.275860363,1490,1958,1958,pos_pos
71.277946722,1492,1959,1959,pos_pos
71.279810424,1494,1961,1961,pos_pos
71.282059032,1496,1963,1963,pos_pos
71.283762593,1498,1965,1965,pos_pos
71.285876455,1500,1967,1967,pos_pos
71.287779883,1503,1969,1969,pos_pos
71.289909231,1504,1971,1971,pos_pos
71.291773784,1507,1973,1973,pos_pos
71.293872575,1509,1975,1975,pos_pos
71.295840356,1511,1977,1977,pos_pos
71.297808982,1514,1979,1979,pos_pos
71.299780887,1516,1980,1980,pos_pos
71.30186532,1518,1982,1982,pos_pos
71.303830184,1521,1985,1985,pos_pos
71.305750238,1523,1986,1986,pos_pos
71.307714534,1526,1987,1987,pos_pos
71.309741948,1528,1988,1988,pos_pos
71.311692013,1530,1990,1990,pos_pos
71.313726651,1532,1991,1991,pos_pos
71.315726822,1535,1991,1991,pos_pos
71.317732412,1537,1992,1992,pos_pos
71.319715593,1539,1993,1993,pos_pos
71.321715192,1541,1993,1993,pos_pos
71.323663947,1543,1993,1993,pos_pos
71.325762191,1545,1994,1994,pos_pos
71.327744104,1546,1994,1994,pos_pos
71.329730815,1548,1995,1995,pos_pos
71.3317237,1549,1995,1995,pos_pos
71.333746143,1551,1995,1995,pos_pos
71.335729525,1552,1995,1995,pos_pos
71.337713562,1553,1996,1996,pos_pos
71.339758365,1554,1996,1996,pos_pos
71.341695715,1555,1996,1996,pos_pos
71.343738022,1555,1996,1996,pos_pos
71.345738674,1556,1997,1997,pos_pos
71.347718312,1556,1997,1997,pos_pos
71.349671174,1556,1997,1997,pos_pos
71.351653482,1556,1997,1997,pos_pos
71.353664502,1556,1998,1998,pos_pos
71.355637373,1556,1998,1998,pos_pos
71.357663644,1556,1998,1998,pos_pos
71.359699363,1555,1999,1999,pos_pos
71.361648332,1554,2000,2000,pos_pos
71.363668728,1553,2001,2001,pos_pos
71.3656364,1552,2002,2002,pos_pos
71.367709668,1551,2003,2003,pos_pos
71.369647082,1551,2004,2004,pos_pos
71.371610412,1549,2005,2005,pos_pos
71.373637159,1548,2006,2006,pos_pos
71.375620176,1547,2008,2008,pos_pos
71.377720957,1547,2010,2010,pos_pos
71.379657319,1546,2011,2011,pos_pos
71.381697677,1546,2013,2013,pos_pos
71.383628675,1545,2015,2015,pos_pos
71.385602588,1545,2016,2016,pos_pos
71.387653344,1545,2018,2018,pos_pos
71.38970155,1545,2020,2020,pos_pos
71.391662356,1545,2022,2022,pos_pos
71.39366379,1545,2024,2024,pos_pos
71.395643883,1545,2026,2026,pos_pos
71.39761058,1546,2027,2027,pos_pos
71.399606254,1547,2029,2029,pos_pos
71.401655024,1548,2031,2031,pos_pos
71.403585409,1549,2033,2033,pos_pos
71.40558518,1551,2035,2035,pos_pos
71.407567632,1552,2037,2037,pos_pos
71.409615736,1554,2040,2040,pos_pos
71.411544033,1556,2041,2041,pos_pos
71.413595804,1558,2044,2044,pos_pos
71.415538037,1560,2046,2046,pos_pos
71.417524002,1562,2048,2048,pos_pos
71.419546023,1564,2049,2049,pos_pos
71.421530185,1567,2051,2051,pos_pos
71.423603176,1569,2053,2053,pos_pos
71.425599725,1571,2055,2055,pos_pos
71.427562531,1575,2057,2057,pos_pos
71.429552351,1578,2059,2059,pos_pos
71.431615048,1581,2061,2061,pos_pos
71.433576009,1584,2062,2062,pos_pos
71.435537677,1587,2064,2064,pos_pos
71.437571169,1591,2066,2066,pos_pos
71.439562492,1594,2068,2068,pos_pos
71.441590633,1597,2068,2068,pos_pos
71.443617463,1601,2071,2071,pos_pos
71.445557977,1604,2073,2073,pos_pos
71.447537515,1607,2074,2074,pos_pos
71.449551074,1610,2076,2076,pos_pos
71.451500695,1613,2077,2077,pos_pos
71.453500954,1616,2078,2078,pos_pos
71.455572214,1619,2079,2079,pos_pos
71.457557177,1621,2081,2081,pos_pos
71.459494938,1623,2082,2082,pos_pos
71.461452845,1626,2083,2083,pos_pos
71.463440025,1628,2084,2084,pos_pos
71.465455417,1630,2085,2085,pos_pos
71.467508938,1632,2085,2085,pos_pos
71.469516006,1633,2087,2087,pos_pos
71.471511706,1634,2087,2087,pos_pos
71.473542795,1635,2088,2088,pos_pos
71.475471313,1636,2089,2089,pos_pos
71.477496947,1637,2090,2090,pos_pos
71.479451286,1637,2091,2091,pos_pos
71.481466001,1638,2092,2092,pos_pos
71.483384495,1638,2093,2093,pos_pos
71.485377651,1638,2094,2094,pos_pos
71.487411296,1638,2095,2095,pos_pos
71.489430537,1638,2096,2096,pos_pos
71.491430493,1638,2097,2097,pos_pos
71.493432587,1638,2098,2098,pos_pos
71.495398071,1638,2099,2099,pos_pos
71.497429065,1638,2100,2100,pos_pos
71.499381806,1637,2103,2103,pos_pos
71.501372156,1637,2104,2104,pos_pos
71.503370548,1637,2105,2105,pos_pos
71.505352489,1637,2107,2107,pos_pos
71.507429163,1637,2108,2108,pos_pos
71.509375002,1637,2110,2110,pos_pos
71.51138212,1637,2111,2111,pos_pos
71.513472485,1637,2113,2113,pos_pos
71.515500474,1638,2114,2114,pos_pos
71.517508386,1638,2116,2116,pos_pos
71.519518306,1638,2117,2117,pos_pos
71.521517925,1638,2119,2119,pos_pos
71.523413054,1639,2120,2120,pos_pos
71.525530851,1639,2122,2122,pos_pos
71.527430816,1640,2124,2124,pos_pos
71.529415865,1640,2126,2126,pos_pos
71.531434572,1641,2127,2127,pos_pos
71.533449357,1641,2128,2128,pos_pos
71.535360123,1642,2131,2131,pos_pos
71.537367458,1644,2133,2133,pos_pos
71.539374569,1644,2133,2133,pos_pos
71.541422907,1646,2136,2136,pos_pos
71.543431101,1648,2138,2138,pos_pos
71.545381645,1649,2140,2140,pos_pos
71.547358534,1650,2142,2142,pos_pos
71.549444568,1652,2144,2144,pos_pos
71.551318573,1656,2146,2146,pos_pos
71.553301341,1657,2147,2147,pos_pos
71.555282926,1659,2149,2149,pos_pos
71.557359859,1661,2151,2151,pos_pos
71.559387367,1664,2153,2153,pos_pos
71.561400619,1665,2154,2154,pos_pos
71.563389657,1668,2157,2157,pos_pos
71.565404547,1671,2159,2159,pos_pos
71.567342094,1676,2161,2161,pos_pos
71.569319386,1677,2162,2162,pos_pos
71.571338697,1681,2165,2165,pos_pos
71.573340431,1683,2166,2166,pos_pos
71.575336911,1686,2169,2169,pos_pos
71.577356301,1689,2170,2170,pos_pos
71.579339295,1692,2173,2173,pos_pos
71.581311658,1696,2174,2174,pos_pos
71.583282804,1697,2176,2176,pos_pos
71.585250547,1700,2177,2177,pos_pos
71.587360167,1703,2179,2179,pos_pos
71.589322071,1706,2181,2181,pos_pos
71.591361189,1707,2181,2181,pos_pos
71.593394777,1712,2184,2184,pos_pos
71.595358384,1714,2185,2185,pos_pos
71.597339459,1717,2186,2186,pos_pos
71.599327116,1719,2187,2187,pos_pos
71.60135391,1721,2188,2188,pos_pos
71.603351162,1724,2190,2190,pos_pos
71.605412423,1726,2191,2191,pos_pos
71.607398469,1728,2192,2192,pos_pos
71.609393988,1730,2193,2193,pos_pos
71.611290516,1732,2194,2194,pos_pos
71.613352058,1733,2195,2195,pos_pos
71.615335306,1734,2198,2198,pos_pos
71.617362902,1736,2198,2198,pos_pos
71.619401234,1737,2199,2199,pos_pos
71.621322747,1738,2201,2201,pos_pos
71.623305808,1739,2202,2202,pos_pos
71.625291745,1740,2204,2204,pos_pos
71.627223773,1741,2205,2205,pos_pos
71.629298653,1741,2206,2206,pos_pos
71.631365099,1741,2207,2207,pos_pos
71.63327066,1741,2208,2208,pos_pos
71.635238046,1742,2210,2210,pos_pos
71.637251346,1742,2211,2211,pos_pos
71.639225878,1742,2213,2213,pos_pos
71.641199041,1742,2214,2214,pos_pos
71.643294175,1742,2216,2216,pos_pos
71.645332651,1742,2217,2217,pos_pos
71.647269297,1742,2219,2219,pos_pos
71.649276072,1742,2220,2220,pos_pos
71.65120837,1742,2222,2222,pos_pos
71.653158508,1742,2224,2224,pos_pos
71.655146988,1742,2226,2226,pos_pos
71.657173041,1742,2227,2227,pos_pos
71.659104876,1742,2229,2229,pos_pos
71.661128944,1742,2231,2231,pos_pos
71.663122964,1742,2233,2233,pos_pos
71.665165962,1742,2235,2235,pos_pos
71.667147233,1742,2237,2237,pos_pos
71.669167451,1743,2238,2238,pos_pos
71.671082972,1743,2240,2240,pos_pos
71.673145683,1743,2242,2242,pos_pos
71.675159692,1743,2244,2244,pos_pos
71.67713172,1744,2247,2247,pos_pos
71.67913102,1744,2248,2248,pos_pos
71.681191629,1745,2250,2250,pos_pos
71.683098639,1745,2253,2253,pos_pos
71.685132038,1746,2254,2254,pos_pos
71.687068891,1747,2256,2256,pos_pos
71.689158146,1748,2258,2258,pos_pos
71.69112156,1749,2260,2260,pos_pos
71.693145287,1751,2262,2262,pos_pos
71.695116299,1753,2264,2264,pos_pos
71.697048761,1754,2266,2266,pos_pos
71.699087918,1756,2268,2268,pos_pos
71.70109461,1758,2269,2269,pos_pos
71.703033423,1760,2271,2271,pos_pos
71.705095523,1762,2273,2273,pos_pos
71.707065856,1765,2274,2274,pos_pos
71.709093277,1768,2276,2276,pos_pos
71.711069433,1770,2277,2277,pos_pos
71.713041658,1772,2279,2279,pos_pos
71.715028742,1775,2280,2280,pos_pos
71.717002176,1778,2282,2282,pos_pos
71.718999679,1780,2283,2283,pos_pos
71.720951121,1783,2284,2284,pos_pos
71.723002217,1786,2285,2285,pos_pos
71.725030697,1789,2286,2286,pos_pos
71.726995719,1792,2287,2287,pos_pos
71.728970133,1795,2288,2288,pos_pos
71.730969778,1798,2289,2289,pos_pos
71.733001933,1801,2290,2290,pos_pos
71.734995774,1804,2291,2291,pos_pos
71.737025647,1806,2292,2292,pos_pos
71.739024268,1809,2293,2293,pos_pos
71.741102853,1811,2293,2293,pos_pos
71.74301368,1813,2294,2294,pos_pos
71.744948679,1816,2295,2295,pos_pos
71.746954138,1818,2296,2296,pos_pos
71.748967834,1820,2296,2296,pos_pos
71.750984374,1821,2297,2297,pos_pos
71.753044908,1823,2298,2298,pos_pos
71.754966733,1824,2299,2299,pos_pos
71.756960074,1825,2299,2299,pos_pos
71.758955639,1826,2300,2300,pos_pos
71.76095248,1827,2301,2301,pos_pos
71.762937078,1828,2302,2302,pos_pos
71.764922582,1829,2302,2302,pos_pos
71.766914509,1829,2303,2303,pos_pos
71.768880115,1830,2304,2304,pos_pos
71.770924314,1830,2305,2305,pos_pos
71.772933099,1831,2306,2306,pos_pos
71.774948656,1831,2307,2307,pos_pos
71.776891702,1831,2308,2308,pos_pos
71.778908206,1831,2310,2310,pos_pos
71.780913063,1831,2311,2311,pos_pos
71.782899719,1831,2313,2313,pos_pos
71.784893581,1831,2314,2314,pos_pos
71.786921046,1831,2316,2316,pos_pos
71.788887025,1831,2318,2318,pos_pos
71.790964916,1831,2319,2319,pos_pos
71.792811411,1831,2321,2321,pos_pos
71.794831116,1831,2323,2323,pos_pos
71.796807491,1832,2324,2324,pos_pos
71.798821914,1832,2326,2326,pos_pos
71.800824314,1832,2328,2328,pos_pos
71.802840134,1833,2330,2330,pos_pos
71.804845133,1834,2332,2332,pos_pos
71.806886529,1834,2334,2334,pos_pos
71.808840694,1835,2337,2337,pos_pos
71.810931898,1835,2339,2339,pos_pos
71.812840806,1836,2341,2341,pos_pos
71.81499486,1837,2343,2343,pos_pos
71.816898908,1838,2345,2345,pos_pos
71.819196914,1839,2347,2347,pos_pos
71.820895193,1840,2349,2349,pos_pos
71.823077264,1842,2352,2352,pos_pos
71.824905089,1844,2354,2354,pos_pos
71.827034571,1845,2356,2356,pos_pos
71.828861488,1847,2358,2358,pos_pos
71.83101135,1849,2360,2360,pos_pos
71.832827051,1851,2363,2363,pos_pos
71.834756733,1853,2365,2365,pos_pos
71.836798789,1855,2367,2367,pos_pos
71.838821855,1857,2369,2369,pos_pos
71.840846396,1859,2371,2371,pos_pos
71.843001949,1862,2374,2374,pos_pos
71.844857158,1864,2375,2375,pos_pos
71.84681124,1867,2377,2377,pos_pos
71.848852298,1869,2379,2379,pos_pos
71.850774795,1872,2381,2381,pos_pos
71.852795123,1875,2382,2382,pos_pos
71.854736446,1877,2384,2384,pos_pos
71.856731914,1880,2385,2385,pos_pos
71.858768886,1882,2387,2387,pos_pos
71.860800033,1885,2388,2388,pos_pos
71.862820785,1887,2389,2389,pos_pos
71.864824043,1890,2390,2390,pos_pos
71.866803497,1893,2391,2391,pos_pos
71.868707133,1895,2392,2392,pos_pos
71.870738373,1897,2393,2393,pos_pos
71.872773045,1900,2394,2394,pos_pos
71.874770284,1903,2395,2395,pos_pos
71.876749711,1905,2396,2396,pos_pos
71.878729674,1908,2396,2396,pos_pos
71.880730528,1910,2397,2397,pos_pos
71.882700669,1912,2397,2397,pos_pos
71.884740851,1914,2398,2398,pos_pos
71.886706971,1915,2398,2398,pos_pos
71.888701664,1917,2399,2399,pos_pos
71.89076993,1918,2399,2399,pos_pos
71.893001479,1919,2399,2399,pos_pos
71.894772457,1921,2400,2400,pos_pos
71.896806863,1921,2401,2401,pos_pos
71.898792783,1922,2401,2401,pos_pos
71.901087542,1923,2402,2402,pos_pos
71.902794784,1923,2402,2402,pos_pos
71.904640268,1923,2403,2403,pos_pos
71.90671959,1924,2404,2404,pos_pos
71.90871933,1924,2405,2405,pos_pos
71.910697132,1923,2406,2406,pos_pos
71.91269992,1924,2407,2407,pos_pos
71.914712945,1923,2408,2408,pos_pos
71.91667422,1923,2409,2409,pos_pos
71.918699727,1923,2410,2410,pos_pos
71.920729341,1923,2412,2412,pos_pos
71.922702201,1923,2413,2413,pos_pos
71.924674958,1922,2415,2415,pos_pos
71.926657079,1922,2417,2417,pos_pos
71.928621057,1922,2418,2418,pos_pos
71.930636863,1921,2420,2420,pos_pos
71.932698824,1921,2422,2422,pos_pos
71.934683669,1920,2424,2424,pos_pos
71.936665985,1920,2426,2426,pos_pos
71.938679,1919,2428,2428,pos_pos
71.940694605,1919,2430,2430,pos_pos
71.942662428,1918,2432,2432,pos_pos
71.944671297,1918,2434,2434,pos_pos
71.946638215,1918,2436,2436,pos_pos
71.948652768,1918,2438,2438,pos_pos
71.950643986,1918,2440,2440,pos_pos
71.952613968,1918,2443,2443,pos_pos
71.954599587,1918,2445,2445,pos_pos
71.956629056,1918,2446,2446,pos_pos
71.958631966,1918,2449,2449,pos_pos
71.960571208,1919,2451,2451,pos_pos
71.962639158,1920,2453,2453,pos_pos
71.964576797,1921,2456,2456,pos_pos
71.966569682,1922,2458,2458,pos_pos
71.968509175,1923,2460,2460,pos_pos
71.970557838,1925,2462,2462,pos_pos
71.97252278,1927,2465,2465,pos_pos
71.97459818,1930,2467,2467,pos_pos
71.976547896,1932,2469,2469,pos_pos
71.978574592,1934,2472,2472,pos_pos
71.980573418,1937,2474,2474,pos_pos
71.982588668,1940,2476,2476,pos_pos
71.984557702,1943,2478,2478,pos_pos
71.986515746,1946,2480,2480,pos_pos
71.988634156,1949,2483,2483,pos_pos
71.990558707,1953,2485,2485,pos_pos
71.992620397,1957,2487,2487,pos_pos
71.994572152,1960,2489,2489,pos_pos
71.996559057,1965,2491,2491,pos_pos
71.998575921,1969,2493,2493,pos_pos
72.000581137,1973,2495,2495,pos_pos
72.002608408,1978,2497,2497,pos_pos
72.004559791,1982,2499,2499,pos_pos
72.006583867,1987,2501,2501,pos_pos
72.00858106,1991,2502,2502,pos_pos
72.010597593,1996,2504,2504,pos_pos
72.012555581,2001,2506,2506,pos_pos
72.014553222,2005,2508,2508,pos_pos
72.016555345,2010,2509,2509,pos_pos
72.018543212,2014,2510,2510,pos_pos
72.020546436,2018,2511,2511,pos_pos
72.022472036,2022,2513,2513,pos_pos
72.024497057,2026,2514,2514,pos_pos
72.026468137,2029,2515,2515,pos_pos
72.0285355,2032,2515,2515,pos_pos
72.030462967,2035,2516,2516,pos_pos
72.032455523,2037,2516,2516,pos_pos
72.034491352,2039,2518,2518,pos_pos
72.036512043,2041,2518,2518,pos_pos
72.038478576,2042,2518,2518,pos_pos
72.040464244,2043,2519,2519,pos_pos
72.042552746,2044,2519,2519,pos_pos
72.044513154,2044,2520,2520,pos_pos
72.046462179,2044,2520,2520,pos_pos
72.048412118,2044,2521,2521,pos_pos
72.050397943,2044,2521,2521,pos_pos
72.05240526,2044,2522,2522,pos_pos
72.054421393,2044,2523,2523,pos_pos
72.056426324,2043,2524,2524,pos_pos
72.058432604,2042,2525,2525,pos_pos
72.060382612,2042,2526,2526,pos_pos
72.062304774,2041,2527,2527,pos_pos
72.064361015,2039,2528,2528,pos_pos
72.066329974,2039,2530,2530,pos_pos
72.068338964,2038,2531,2531,pos_pos
72.07032413,2037,2533,2533,pos_pos
72.072331893,2035,2535,2535,pos_pos
72.074358903,2034,2536,2536,pos_pos
72.076284536,2032,2538,2538,pos_pos
72.078309414,2032,2540,2540,pos_pos
72.080251976,2031,2542,2542,pos_pos
72.082355286,2030,2544,2544,pos_pos
72.084367881,2029,2546,2546,pos_pos
72.086380479,2028,2548,2548,pos_pos
72.088353235,2027,2550,2550,pos_pos
72.090314532,2027,2552,2552,pos_pos
72.092322872,2026,2555,2555,pos_pos
72.094341712,2026,2557,2557,pos_pos
72.096288941,2026,2559,2559,pos_pos
72.09833467,2026,2561,2561,pos_pos
72.100326827,2026,2564,2564,pos_pos
72.102371244,2027,2566,2566,pos_pos
72.104292026,2027,2568,2568,pos_pos
72.106291953,2028,2571,2571,pos_pos
72.108233422,2029,2573,2573,pos_pos
72.110262396,2030,2575,2575,pos_pos
72.11224088,2031,2578,2578,pos_pos
72.114232068,2032,2580,2580,pos_pos
72.116249585,2034,2583,2583,pos_pos
72.118224709,2036,2585,2585,pos_pos
72.120249457,2038,2587,2587,pos_pos
72.122314476,2041,2590,2590,pos_pos
72.124289368,2043,2593,2593,pos_pos
72.126269475,2046,2595,2595,pos_pos
72.12835566,2049,2597,2597,pos_pos
72.130253867,2052,2599,2599,pos_pos
72.132318769,2055,2602,2602,pos_pos
72.134290625,2058,2604,2604,pos_pos
72.136309619,2062,2607,2607,pos_pos
72.138274437,2066,2609,2609,pos_pos
72.140300354,2070,2611,2611,pos_pos
72.142296869,2073,2614,2614,pos_pos
72.144310246,2078,2615,2615,pos_pos
72.146263108,2081,2618,2618,pos_pos
72.148237463,2085,2620,2620,pos_pos
72.150292581,2089,2622,2622,pos_pos
72.152345365,2093,2624,2624,pos_pos
72.154241412,2097,2626,2626,pos_pos
72.156302922,2101,2628,2628,pos_pos
72.158329827,2105,2630,2630,pos_pos
72.16033314,2109,2632,2632,pos_pos
72.162255906,2113,2634,2634,pos_pos
72.164315633,2117,2635,2635,pos_pos
72.166313671,2120,2637,2637,pos_pos
72.168301195,2123,2638,2638,pos_pos
72.170238168,2127,2640,2640,pos_pos
72.172181345,2130,2641,2641,pos_pos
72.174238208,2133,2642,2642,pos_pos
72.17629618,2135,2643,2643,pos_pos
72.178249303,2137,2644,2644,pos_pos
72.180256119,2140,2645,2645,pos_pos
72.182214213,2141,2646,2646,pos_pos
72.184210595,2143,2647,2647,pos_pos
72.186165486,2145,2648,2648,pos_pos
72.18819614,2146,2649,2649,pos_pos
72.190161007,2146,2650,2650,pos_pos
72.192158549,2146,2651,2651,pos_pos
72.194139319,2146,2651,2651,pos_pos
72.196223713,2146,2652,2652,pos_pos
72.198126089,2146,2653,2653,pos_pos
72.200176411,2145,2653,2653,pos_pos
72.202151155,2143,2654,2654,pos_pos
72.204117621,2142,2655,2655,pos_pos
72.20613868,2140,2656,2656,pos_pos
72.20815282,2139,2657,2657,pos_pos
72.210109259,2138,2657,2657,pos_pos
72.212082169,2136,2658,2658,pos_pos
72.214049544,2135,2660,2660,pos_pos
72.216077029,2133,2661,2661,pos_pos
72.218074767,2132,2661,2661,pos_pos
72.22014931,2130,2663,2663,pos_pos
72.222126314,2129,2664,2664,pos_pos
72.224118118,2128,2666,2666,pos_pos
72.226175324,2126,2668,2668,pos_pos
72.228114663,2125,2669,2669,pos_pos
72.230111263,2124,2671,2671,pos_pos
72.232069636,2123,2673,2673,pos_pos
72.234190056,2123,2674,2674,pos_pos
72.236152691,2122,2677,2677,pos_pos
72.238130207,2122,2679,2679,pos_pos
72.240071128,2122,2681,2681,pos_pos
72.24204901,2122,2682,2682,pos_pos
72.244086032,2122,2684,2684,pos_pos
72.246060472,2123,2686,2686,pos_pos
72.248048695,2123,2688,2688,pos_pos
72.25013476,2124,2691,2691,pos_pos
72.252087065,2124,2694,2694,pos_pos
72.254042581,2126,2696,2696,pos_pos
72.256122776,2127,2697,2697,pos_pos
72.258116671,2128,2700,2700,pos_pos
72.26005205,2130,2702,2702,pos_pos
72.262041884,2132,2704,2704,pos_pos
72.26401956,2134,2706,2706,pos_pos
72.265993498,2136,2709,2709,pos_pos
72.268033368,2138,2711,2711,pos_pos
72.270022493,2141,2714,2714,pos_pos
72.271988866,2145,2716,2716,pos_pos
72.27404793,2147,2719,2719,pos_pos
72.275993563,2150,2721,2721,pos_pos
72.278086393,2153,2723,2723,pos_pos
72.280045853,2156,2725,2725,pos_pos
72.282092572,2159,2727,2727,pos_pos
72.284100386,2163,2729,2729,pos_pos
72.286108577,2166,2732,2732,pos_pos
72.288071468,2170,2734,2734,pos_pos
72.290099961,2174,2735,2735,pos_pos
72.292100234,2177,2737,2737,pos_pos
72.294141726,2181,2739,2739,pos_pos
72.296073732,2185,2740,2740,pos_pos
72.298146947,2189,2742,2742,pos_pos
72.300045358,2193,2743,2743,pos_pos
72.302008202,2198,2744,2744,pos_pos
72.303978299,2201,2744,2744,pos_pos
72.305959752,2205,2745,2745,pos_pos
72.307996143,2209,2745,2745,pos_pos
72.310098836,2213,2746,2746,pos_pos
72.311986457,2217,2746,2746,pos_pos
72.314018788,2220,2746,2746,pos_pos
72.31602975,2224,2746,2746,pos_pos
72.318074473,2227,2747,2747,pos_pos
72.320054748,2230,2746,2746,pos_pos
72.321997094,2232,2746,2746,pos_pos
72.323946216,2234,2746,2746,pos_pos
72.325899835,2236,2746,2746,pos_pos
72.327943101,2238,2746,2746,pos_pos
72.329951857,2239,2746,2746,pos_pos
72.331910888,2239,2745,2745,pos_pos
72.333906344,2240,2745,2745,pos_pos
72.335941967,2240,2745,2745,pos_pos
72.337883724,2240,2745,2745,pos_pos
72.339881382,2240,2744,2744,pos_pos
72.341850365,2240,2744,2744,pos_pos
72.343881231,2239,2744,2744,pos_pos
72.345876172,2238,2743,2743,pos_pos
72.34789409,2237,2743,2743,pos_pos
72.349906603,2236,2743,2743,pos_pos
72.351904469,2235,2743,2743,pos_pos
72.353892793,2235,2744,2744,pos_pos
72.355895433,2233,2744,2744,pos_pos
72.357843948,2232,2744,2744,pos_pos
72.35987153,2231,2745,2745,pos_pos
72.361861521,2229,2746,2746,pos_pos
72.363970916,2228,2747,2747,pos_pos
72.365810825,2227,2748,2748,pos_pos
72.36782428,2225,2749,2749,pos_pos
72.369782786,2223,2750,2750,pos_pos
72.371962965,2222,2752,2752,pos_pos
72.373771371,2221,2754,2754,pos_pos
72.375849863,2219,2756,2756,pos_pos
72.377716948,2218,2757,2757,pos_pos
72.379778855,2217,2759,2759,pos_pos
72.381734708,2216,2761,2761,pos_pos
72.38379588,2214,2763,2763,pos_pos
72.386706923,2214,2765,2765,pos_pos
72.388713969,2213,2768,2768,pos_pos
72.390707779,2212,2771,2771,pos_pos
72.392711642,2212,2773,2773,pos_pos
72.394668237,2212,2775,2775,pos_pos
72.396676683,2212,2777,2777,pos_pos
72.398667925,2213,2780,2780,pos_pos
72.400666717,2214,2782,2782,pos_pos
72.402753306,2214,2784,2784,pos_pos
72.40471357,2215,2786,2786,pos_pos
72.406672732,2216,2789,2789,pos_pos
72.408755002,2218,2791,2791,pos_pos
72.410689998,2220,2794,2794,pos_pos
72.412673274,2222,2796,2796,pos_pos
72.414642679,2225,2799,2799,pos_pos
72.416780286,2228,2801,2801,pos_pos
72.418666755,2230,2803,2803,pos_pos
72.420649694,2233,2806,2806,pos_pos
72.422689363,2236,2807,2807,pos_pos
72.424698364,2239,2810,2810,pos_pos
72.426704347,2242,2812,2812,pos_pos
72.428702249,2246,2815,2815,pos_pos
72.430722531,2250,2817,2817,pos_pos
72.43265926,2255,2819,2819,pos_pos
72.434723673,2258,2821,2821,pos_pos
72.436695174,2262,2824,2824,pos_pos
72.438672451,2266,2826,2826,pos_pos
72.440702348,2270,2827,2827,pos_pos
72.442699708,2274,2829,2829,pos_pos
72.44472414,2279,2831,2831,pos_pos
72.446716599,2283,2832,2832,pos_pos
72.448720634,2287,2834,2834,pos_pos
72.450693912,2291,2835,2835,pos_pos
72.452701161,2295,2836,2836,pos_pos
72.45474384,2299,2837,2837,pos_pos
72.456743025,2303,2839,2839,pos_pos
72.458703439,2306,2839,2839,pos_pos
72.460651777,2310,2840,2840,pos_pos
72.462694474,2312,2841,2841,pos_pos
72.464647079,2315,2842,2842,pos_pos
72.46671457,2317,2842,2842,pos_pos
72.468668593,2319,2842,2842,pos_pos
72.470706829,2320,2842,2842,pos_pos
72.47270336,2322,2842,2842,pos_pos
72.474668769,2322,2842,2842,pos_pos
72.47666011,2323,2842,2842,pos_pos
72.478673329,2323,2842,2842,pos_pos
72.480637069,2323,2842,2842,pos_pos
72.482671211,2323,2842,2842,pos_pos
72.484635058,2322,2842,2842,pos_pos
72.486679262,2322,2842,2842,pos_pos
72.488656209,2320,2842,2842,pos_pos
72.490635569,2319,2842,2842,pos_pos
72.492656468,2318,2842,2842,pos_pos
72.494748197,2316,2842,2842,pos_pos
72.496697361,2314,2842,2842,pos_pos
72.498636885,2312,2842,2842,pos_pos
72.500604933,2311,2843,2843,pos_pos
72.502700776,2309,2843,2843,pos_pos
72.504622901,2306,2844,2844,pos_pos
72.506534626,2304,2845,2845,pos_pos
72.508578091,2302,2845,2845,pos_pos
72.510546742,2300,2846,2846,pos_pos
72.512594013,2298,2847,2847,pos_pos
72.514600254,2295,2849,2849,pos_pos
72.516579657,2293,2850,2850,pos_pos
72.518537483,2291,2851,2851,pos_pos
72.520576136,2289,2853,2853,pos_pos
72.522649915,2288,2855,2855,pos_pos
72.524580168,2286,2857,2857,pos_pos
72.526611109,2284,2858,2858,pos_pos
72.528633394,2283,2860,2860,pos_pos
72.530612544,2282,2863,2863,pos_pos
72.53261285,2280,2864,2864,pos_pos
72.534511416,2280,2866,2866,pos_pos
72.536591229,2279,2869,2869,pos_pos
72.538571966,2279,2871,2871,pos_pos
72.540538228,2279,2873,2873,pos_pos
72.542543463,2280,2875,2875,pos_pos
72.544527157,2280,2877,2877,pos_pos
72.5465578,2281,2880,2880,pos_pos
72.54859347,2282,2882,2882,pos_pos
72.550549569,2283,2884,2884,pos_pos
72.552520003,2284,2887,2887,pos_pos
72.554478897,2286,2889,2889,pos_pos
72.556545934,2287,2891,2891,pos_pos
72.558516697,2289,2894,2894,pos_pos
72.560626686,2290,2896,2896,pos_pos
72.562466834,2294,2898,2898,pos_pos
72.564432756,2295,2902,2902,pos_pos
72.566427784,2297,2904,2904,pos_pos
72.568439071,2300,2906,2906,pos_pos
72.570476762,2303,2909,2909,pos_pos
72.572464613,2307,2911,2911,pos_pos
72.574460723,2309,2914,2914,pos_pos
72.576452831,2312,2916,2916,pos_pos
72.578485738,2315,2918,2918,pos_pos
72.580442436,2318,2921,2921,pos_pos
72.582443492,2321,2923,2923,pos_pos
72.584473321,2325,2925,2925,pos_pos
72.586411312,2328,2927,2927,pos_pos
72.588418312,2332,2929,2929,pos_pos
72.590421676,2336,2931,2931,pos_pos
72.592490321,2339,2933,2933,pos_pos
72.594442806,2343,2934,2934,pos_pos
72.596420319,2347,2936,2936,pos_pos
72.598452658,2351,2937,2937,pos_pos
72.600443082,2355,2939,2939,pos_pos
72.602397711,2359,2940,2940,pos_pos
72.604368901,2363,2942,2942,pos_pos
72.606384611,2367,2942,2942,pos_pos
72.608446027,2370,2943,2943,pos_pos
72.610404623,2374,2944,2944,pos_pos
72.612454813,2377,2945,2945,pos_pos
72.614427678,2380,2945,2945,pos_pos
72.616409464,2383,2945,2945,pos_pos
72.618401811,2386,2945,2945,pos_pos
72.620380421,2389,2945,2945,pos_pos
72.622439096,2391,2945,2945,pos_pos
72.624414588,2393,2945,2945,pos_pos
72.626351813,2394,2945,2945,pos_pos
72.628385687,2396,2944,2944,pos_pos
72.63036677,2397,2944,2944,pos_pos
72.632376728,2398,2944,2944,pos_pos
72.634348388,2398,2944,2944,pos_pos
72.636376059,2398,2943,2943,pos_pos
72.638404208,2398,2943,2943,pos_pos
72.640353094,2398,2943,2943,pos_pos
72.642278203,2398,2943,2943,pos_pos
72.644328338,2397,2944,2944,pos_pos
72.646297013,2396,2944,2944,pos_pos
72.648310354,2395,2944,2944,pos_pos
72.650359338,2394,2944,2944,pos_pos
72.652335416,2393,2945,2945,pos_pos
72.654306362,2392,2946,2946,pos_pos
72.656345408,2390,2947,2947,pos_pos
72.658402481,2389,2948,2948,pos_pos
72.660357721,2387,2949,2949,pos_pos
72.662336346,2385,2950,2950,pos_pos
72.664304687,2383,2952,2952,pos_pos
72.666261798,2382,2953,2953,pos_pos
72.668313204,2380,2955,2955,pos_pos
72.670303406,2378,2957,2957,pos_pos
72.672308043,2377,2958,2958,pos_pos
72.674264233,2375,2960,2960,pos_pos
72.676299008,2374,2962,2962,pos_pos
72.678414548,2373,2964,2964,pos_pos
72.680366451,2372,2966,2966,pos_pos
72.682353003,2371,2968,2968,pos_pos
72.684346093,2370,2970,2970,pos_pos
72.686335993,2370,2973,2973,pos_pos
72.688313796,2370,2975,2975,pos_pos
72.690351392,2370,2977,2977,pos_pos
72.692351144,2370,2979,2979,pos_pos
72.694314398,2370,2982,2982,pos_pos
72.696326016,2370,2984,2984,pos_pos
72.698249654,2370,2986,2986,pos_pos
72.700302595,2371,2988,2988,pos_pos
72.702332205,2372,2991,2991,pos_pos
72.704265555,2374,2993,2993,pos_pos
72.706247425,2375,2995,2995,pos_pos
72.708207885,2377,2998,2998,pos_pos
72.710202068,2378,3000,3000,pos_pos
72.712194572,2381,3002,3002,pos_pos
72.714198492,2383,3004,3004,pos_pos
72.716159736,2385,3007,3007,pos_pos
72.718188112,2388,3009,3009,pos_pos
72.720119884,2390,3011,3011,pos_pos
72.722152416,2392,3013,3013,pos_pos
72.724095093,2395,3015,3015,pos_pos
72.726167733,2398,3016,3016,pos_pos
72.728104216,2402,3018,3018,pos_pos
72.730140289,2405,3019,3019,pos_pos
72.732157124,2408,3020,3020,pos_pos
72.734116413,2411,3021,3021,pos_pos
72.736098943,2415,3021,3021,pos_pos
72.738147342,2418,3022,3022,pos_pos
72.740081792,2421,3022,3022,pos_pos
72.74217154,2425,3022,3022,pos_pos
72.744130173,2428,3022,3022,pos_pos
72.746144692,2432,3022,3022,pos_pos
72.748130646,2435,3022,3022,pos_pos
72.750113727,2439,3022,3022,pos_pos
72.752132026,2442,3021,3021,pos_pos
72.754160391,2446,3021,3021,pos_pos
72.756092183,2449,3020,3020,pos_pos
72.758141559,2452,3020,3020,pos_pos
72.760128813,2455,3019,3019,pos_pos
72.762147346,2458,3018,3018,pos_pos
72.764139236,2461,3018,3018,pos_pos
72.766118843,2464,3017,3017,pos_pos
72.768139249,2466,3016,3016,pos_pos
72.770042795,2468,3015,3015,pos_pos
72.772026212,2470,3014,3014,pos_pos
72.77404216,2471,3014,3014,pos_pos
72.776025337,2472,3013,3013,pos_pos
72.778070328,2472,3013,3013,pos_pos
72.780043859,2473,3012,3012,pos_pos
72.782029585,2473,3012,3012,pos_pos
72.784098708,2472,3012,3012,pos_pos
72.786075335,2472,3012,3012,pos_pos
72.788078454,2471,3012,3012,pos_pos
72.790147054,2470,3012,3012,pos_pos
72.792062045,2469,3013,3013,pos_pos
72.794040584,2467,3013,3013,pos_pos
72.796032713,2466,3013,3013,pos_pos
72.798026743,2464,3014,3014,pos_pos
72.800005677,2462,3015,3015,pos_pos
72.801980101,2460,3016,3016,pos_pos
72.804026503,2458,3016,3016,pos_pos
72.806001131,2456,3018,3018,pos_pos
72.807973049,2454,3019,3019,pos_pos
72.810001325,2452,3020,3020,pos_pos
72.812042121,2450,3021,3021,pos_pos
72.813993565,2449,3024,3024,pos_pos
72.81601005,2447,3024,3024,pos_pos
72.817921939,2446,3027,3027,pos_pos
72.819982178,2444,3028,3028,pos_pos
72.82194,2443,3030,3030,pos_pos
72.823963634,2442,3032,3032,pos_pos
72.82592591,2441,3033,3033,pos_pos
72.827944013,2440,3036,3036,pos_pos
72.829918447,2440,3038,3038,pos_pos
72.831937093,2440,3040,3040,pos_pos
72.833896961,2440,3042,3042,pos_pos
72.835924607,2440,3044,3044,pos_pos
72.837917678,2440,3046,3046,pos_pos
72.839884899,2441,3048,3048,pos_pos
72.841917118,2442,3051,3051,pos_pos
72.843896842,2443,3053,3053,pos_pos
72.845901723,2444,3055,3055,pos_pos
72.847903995,2445,3057,3057,pos_pos
72.849920188,2447,3059,3059,pos_pos
72.851927606,2449,3062,3062,pos_pos
72.853929915,2451,3063,3063,pos_pos
72.855914767,2453,3066,3066,pos_pos
72.857916658,2455,3068,3068,pos_pos
72.859902575,2458,3070,3070,pos_pos
72.861892235,2461,3072,3072,pos_pos
72.863881464,2464,3073,3073,pos_pos
72.865884406,2467,3075,3075,pos_pos
72.867824475,2469,3076,3076,pos_pos
72.869819155,2472,3078,3078,pos_pos
72.871904859,2476,3079,3079,pos_pos
72.873857884,2479,3081,3081,pos_pos
72.875997279,2482,3082,3082,pos_pos
72.877853134,2485,3083,3083,pos_pos
72.880024698,2489,3083,3083,pos_pos
72.881919634,2492,3084,3084,pos_pos
72.883894614,2496,3084,3084,pos_pos
72.885864712,2499,3084,3084,pos_pos
72.887919881,2502,3084,3084,pos_pos
72.889842514,2505,3084,3084,pos_pos
72.891886599,2508,3084,3084,pos_pos
72.89389162,2511,3084,3084,pos_pos
72.895909464,2513,3084,3084,pos_pos
72.897889286,2515,3084,3084,pos_pos
72.899859916,2518,3084,3084,pos_pos
72.901815067,2519,3083,3083,pos_pos
72.903905786,2521,3083,3083,pos_pos
72.90582477,2522,3082,3082,pos_pos
72.907823677,2523,3082,3082,pos_pos
72.909754902,2523,3081,3081,pos_pos
72.911860855,2524,3080,3080,pos_pos
72.913779775,2523,3080,3080,pos_pos
72.9157643,2523,3079,3079,pos_pos
72.91779778,2523,3079,3079,pos_pos
72.919788208,2522,3078,3078,pos_pos
72.921782933,2521,3078,3078,pos_pos
72.923771878,2519,3078,3078,pos_pos
72.925836679,2518,3078,3078,pos_pos
72.927793697,2516,3078,3078,pos_pos
72.929816476,2515,3078,3078,pos_pos
72.931810102,2513,3078,3078,pos_pos
72.933843608,2511,3078,3078,pos_pos
72.935864856,2509,3079,3079,pos_pos
72.93785982,2507,3079,3079,pos_pos
72.939785765,2504,3080,3080,pos_pos
72.941830261,2502,3081,3081,pos_pos
72.943763543,2500,3082,3082,pos_pos
72.945728024,2498,3083,3083,pos_pos
72.947855458,2496,3084,3084,pos_pos
72.949799804,2494,3085,3085,pos_pos
72.951721084,2492,3086,3086,pos_pos
72.953720747,2490,3088,3088,pos_pos
72.955798961,2489,3089,3089,pos_pos
72.957757823,2487,3091,3091,pos_pos
72.959738078,2486,3092,3092,pos_pos
72.961893458,2485,3095,3095,pos_pos
72.963736282,2485,3097,3097,pos_pos
72.965737969,2484,3099,3099,pos_pos
72.967762774,2484,3101,3101,pos_pos
72.969800884,2484,3103,3103,pos_pos
72.971712262,2484,3105,3105,pos_pos
72.973767544,2484,3107,3107,pos_pos
72.975765691,2484,3109,3109,pos_pos
72.977720049,2485,3111,3111,pos_pos
72.979688491,2486,3112,3112,pos_pos
72.981736859,2487,3115,3115,pos_pos
72.983693123,2488,3117,3117,pos_pos
72.98568565,2490,3119,3119,pos_pos
72.987685109,2491,3121,3121,pos_pos
72.989726386,2493,3123,3123,pos_pos
72.99172235,2495,3125,3125,pos_pos
72.993668737,2497,3128,3128,pos_pos
72.995683017,2499,3130,3130,pos_pos
72.99760132,2501,3132,3132,pos_pos
72.999709971,2503,3134,3134,pos_pos
73.001618384,2505,3136,3136,pos_pos
73.003706489,2507,3138,3138,pos_pos
73.005726569,2509,3139,3139,pos_pos
73.007689647,2511,3141,3141,pos_pos
73.009711473,2513,3142,3142,pos_pos
73.011631348,2516,3143,3143,pos_pos
73.013723666,2518,3144,3144,pos_pos
73.015653537,2520,3145,3145,pos_pos
73.01768196,2522,3145,3145,pos_pos
73.019590147,2525,3146,3146,pos_pos
73.021577238,2527,3146,3146,pos_pos
73.023616689,2530,3146,3146,pos_pos
73.025576758,2533,3146,3146,pos_pos
73.027566628,2535,3146,3146,pos_pos
73.029501281,2538,3146,3146,pos_pos
73.031477376,2540,3146,3146,pos_pos
73.033511176,2542,3146,3146,pos_pos
73.035570942,2545,3145,3145,pos_pos
73.037532106,2547,3144,3144,pos_pos
73.039490911,2549,3144,3144,pos_pos
73.041571712,2551,3143,3143,pos_pos
73.043507958,2553,3141,3141,pos_pos
73.045487004,2555,3141,3141,pos_pos
73.04749972,2556,3139,3139,pos_pos
73.049474536,2558,3139,3139,pos_pos
73.051506303,2558,3137,3137,pos_pos
73.05349405,2560,3136,3136,pos_pos
73.055486809,2560,3135,3135,pos_pos
73.057503625,2560,3134,3134,pos_pos
73.059478107,2560,3133,3133,pos_pos
73.061471555,2560,3131,3131,pos_pos
73.06342779,2560,3130,3130,pos_pos
73.065526652,2560,3130,3130,pos_pos
73.067498677,2559,3129,3129,pos_pos
73.069477131,2557,3128,3128,pos_pos
73.071486022,2557,3128,3128,pos_pos
73.07346535,2556,3128,3128,pos_pos
73.075441222,2554,3128,3128,pos_pos
73.07745453,2553,3128,3128,pos_pos
73.079440308,2551,3128,3128,pos_pos
73.081444859,2549,3128,3128,pos_pos
73.083442714,2548,3129,3129,pos_pos
73.085446975,2546,3130,3130,pos_pos
73.087539126,2544,3131,3131,pos_pos
73.089437742,2543,3132,3132,pos_pos
73.091464926,2541,3133,3133,pos_pos
73.093488202,2540,3135,3135,pos_pos
73.09542539,2539,3136,3136,pos_pos
73.097419372,2537,3138,3138,pos_pos
73.099440253,2537,3140,3140,pos_pos
73.101421864,2536,3141,3141,pos_pos
73.10343135,2535,3143,3143,pos_pos
73.105461523,2535,3145,3145,pos_pos
73.107483186,2535,3147,3147,pos_pos
73.109508424,2535,3149,3149,pos_pos
73.111447613,2535,3150,3150,pos_pos
73.113593901,2536,3153,3153,pos_pos
73.115473512,2536,3155,3155,pos_pos
73.117487208,2537,3157,3157,pos_pos
73.119424429,2538,3159,3159,pos_pos
73.121435202,2539,3161,3161,pos_pos
73.123422659,2541,3163,3163,pos_pos
73.125395376,2542,3165,3165,pos_pos
73.127424419,2543,3167,3167,pos_pos
73.129432491,2545,3169,3169,pos_pos
73.131436954,2547,3171,3171,pos_pos
73.1334228,2548,3174,3174,pos_pos
73.135451757,2550,3176,3176,pos_pos
73.137397688,2553,3178,3178,pos_pos
73.13946318,2555,3180,3180,pos_pos
73.141450268,2557,3182,3182,pos_pos
73.143433837,2559,3184,3184,pos_pos
73.145419304,2562,3186,3186,pos_pos
73.147410938,2564,3189,3189,pos_pos
73.149430995,2567,3191,3191,pos_pos
73.151402068,2570,3193,3193,pos_pos
73.153390271,2572,3195,3195,pos_pos
73.155350262,2575,3197,3197,pos_pos
73.157334313,2578,3199,3199,pos_pos
73.159373538,2582,3201,3201,pos_pos
73.161363474,2584,3203,3203,pos_pos
73.163337066,2587,3205,3205,pos_pos
73.165275838,2591,3207,3207,pos_pos
73.167292741,2594,3209,3209,pos_pos
73.169387555,2597,3211,3211,pos_pos
73.171314201,2601,3212,3212,pos_pos
73.173334796,2604,3214,3214,pos_pos
73.175364631,2607,3215,3215,pos_pos
73.177318176,2610,3217,3217,pos_pos
73.179303595,2613,3218,3218,pos_pos
73.18130581,2616,3219,3219,pos_pos
73.183274306,2619,3220,3220,pos_pos
73.185316746,2622,3220,3220,pos_pos
73.187281432,2624,3222,3222,pos_pos
73.189298783,2626,3222,3222,pos_pos
73.191358066,2628,3223,3223,pos_pos
73.193274931,2630,3223,3223,pos_pos
73.195236814,2632,3223,3223,pos_pos
73.197268377,2632,3222,3222,pos_pos
73.199243887,2633,3222,3222,pos_pos
73.201241385,2634,3222,3222,pos_pos
73.203232673,2634,3222,3222,pos_pos
73.20524294,2634,3222,3222,pos_pos
73.207254106,2634,3220,3220,pos_pos
73.209230862,2633,3220,3220,pos_pos
73.211222228,2633,3220,3220,pos_pos
73.213213939,2632,3220,3220,pos_pos
73.215246772,2632,3220,3220,pos_pos
73.217253876,2631,3219,3219,pos_pos
73.219212371,2629,3219,3219,pos_pos
73.220262037,2629,3219,3219,pos_pos
73.22227758,2627,3219,3219,pos_pos
73.224252834,2626,3219,3219,pos_pos
73.226222681,2624,3219,3219,pos_pos
73.22816829,2623,3220,3220,pos_pos
73.230176184,2621,3220,3220,pos_pos
73.232239035,2619,3220,3220,pos_pos
73.234203706,2618,3220,3220,pos_pos
73.236233789,2616,3222,3222,pos_pos
73.238162303,2614,3223,3223,pos_pos
73.240180295,2612,3224,3224,pos_pos
73.242149565,2611,3225,3225,pos_pos
73.244153369,2609,3227,3227,pos_pos
73.246165015,2608,3228,3228,pos_pos
73.248167505,2607,3230,3230,pos_pos
73.250152905,2606,3231,3231,pos_pos
73.252173818,2605,3233,3233,pos_pos
73.254138909,2605,3235,3235,pos_pos
73.25617039,2605,3237,3237,pos_pos
73.258232314,2604,3238,3238,pos_pos
73.260144801,2604,3240,3240,pos_pos
73.262234269,2605,3242,3242,pos_pos
73.264217384,2605,3244,3244,pos_pos
73.266216532,2605,3246,3246,pos_pos
73.268217433,2606,3248,3248,pos_pos
73.270246839,2606,3250,3250,pos_pos
73.272280715,2607,3252,3252,pos_pos
73.274192272,2608,3254,3254,pos_pos
73.276153353,2609,3256,3256,pos_pos
73.278168528,2610,3258,3258,pos_pos
73.280152464,2611,3261,3261,pos_pos
73.282230266,2612,3263,3263,pos_pos
73.284213727,2613,3265,3265,pos_pos
73.286223571,2615,3267,3267,pos_pos
73.288219269,2616,3269,3269,pos_pos
73.290208151,2618,3271,3271,pos_pos
73.292204454,2620,3273,3273,pos_pos
73.294159632,2621,3275,3275,pos_pos
73.296140734,2623,3277,3277,pos_pos
73.298207346,2625,3279,3279,pos_pos
73.300140141,2627,3281,3281,pos_pos
73.302146518,2629,3282,3282,pos_pos
73.304143911,2632,3285,3285,pos_pos
73.306168737,2634,3286,3286,pos_pos
73.308141538,2636,3288,3288,pos_pos
73.31018793,2639,3289,3289,pos_pos
73.312186067,2641,3291,3291,pos_pos
73.314139335,2643,3292,3292,pos_pos
73.316090455,2646,3294,3294,pos_pos
73.318101895,2649,3294,3294,pos_pos
73.320130678,2651,3295,3295,pos_pos
73.322143115,2654,3296,3296,pos_pos
73.324110327,2656,3296,3296,pos_pos
73.326122776,2659,3296,3296,pos_pos
73.328072763,2662,3296,3296,pos_pos
73.330068359,2664,3296,3296,pos_pos
73.332073315,2667,3296,3296,pos_pos
73.334098907,2669,3296,3296,pos_pos
73.336076655,2672,3296,3296,pos_pos
73.338019457,2675,3296,3296,pos_pos
73.340045692,2677,3296,3296,pos_pos
73.342072435,2680,3296,3296,pos_pos
73.344044088,2682,3296,3296,pos_pos
73.346025752,2685,3296,3296,pos_pos
73.348102573,2687,3296,3296,pos_pos
73.35002655,2689,3296,3296,pos_pos
73.352014439,2691,3296,3296,pos_pos
73.353992261,2693,3296,3296,pos_pos
73.355985461,2694,3296,3296,pos_pos
73.35801164,2696,3296,3296,pos_pos
73.359993801,2697,3296,3296,pos_pos
73.362023884,2697,3296,3296,pos_pos
73.364048254,2698,3296,3296,pos_pos
73.366034115,2698,3295,3295,pos_pos
73.368000288,2698,3295,3295,pos_pos
73.370012387,2698,3295,3295,pos_pos
73.372025688,2698,3295,3295,pos_pos
73.373998478,2697,3295,3295,pos_pos
73.375948376,2697,3295,3295,pos_pos
73.377955598,2696,3295,3295,pos_pos
73.379982971,2695,3295,3295,pos_pos
73.381956551,2694,3295,3295,pos_pos
73.384045347,2692,3295,3295,pos_pos
73.385942121,2691,3295,3295,pos_pos
73.387944981,2690,3296,3296,pos_pos
73.389953702,2689,3296,3296,pos_pos
73.392038929,2687,3297,3297,pos_pos
73.393965744,2685,3297,3297,pos_pos
73.395914558,2684,3298,3298,pos_pos
73.397995421,2683,3299,3299,pos_pos
73.399949142,2682,3300,3300,pos_pos
73.401985219,2680,3302,3302,pos_pos
73.40401595,2679,3303,3303,pos_pos
73.405824205,2678,3304,3304,pos_pos
73.407910558,2677,3306,3306,pos_pos
73.409881936,2677,3307,3307,pos_pos
73.4119308,2676,3309,3309,pos_pos
73.413887554,2675,3311,3311,pos_pos
73.415851296,2675,3312,3312,pos_pos
73.417905173,2675,3314,3314,pos_pos
73.419861777,2675,3316,3316,pos_pos
73.421900206,2675,3317,3317,pos_pos
73.423883492,2675,3319,3319,pos_pos
73.425869019,2675,3321,3321,pos_pos
73.427833143,2676,3323,3323,pos_pos
73.429825967,2677,3325,3325,pos_pos
73.431821563,2677,3327,3327,pos_pos
73.43386054,2678,3329,3329,pos_pos
73.435854236,2679,3330,3330,pos_pos
73.43781213,2681,3332,3332,pos_pos
73.439785528,2682,3334,3334,pos_pos
73.441818396,2684,3336,3336,pos_pos
73.443814064,2685,3337,3337,pos_pos
73.445741352,2687,3339,3339,pos_pos
73.447811048,2689,3340,3340,pos_pos
73.449747224,2691,3342,3342,pos_pos
73.451738107,2693,3343,3343,pos_pos
73.453748601,2695,3344,3344,pos_pos
73.455799873,2697,3345,3345,pos_pos
73.45782051,2699,3346,3346,pos_pos
73.459805257,2702,3346,3346,pos_pos
73.461832975,2704,3347,3347,pos_pos
73.463802025,2706,3348,3348,pos_pos
73.465843368,2709,3348,3348,pos_pos
73.467784934,2712,3348,3348,pos_pos
73.46973636,2715,3349,3349,pos_pos
73.471751204,2717,3349,3349,pos_pos
73.473726244,2720,3349,3349,pos_pos
73.47573526,2722,3350,3350,pos_pos
73.477684537,2725,3350,3350,pos_pos
73.47972431,2728,3350,3350,pos_pos
73.481688342,2730,3350,3350,pos_pos
73.483708625,2732,3349,3349,pos_pos
73.485721886,2735,3350,3350,pos_pos
73.487700734,2737,3350,3350,pos_pos
73.489732493,2739,3349,3349,pos_pos
73.491697368,2741,3349,3349,pos_pos
73.493787017,2742,3349,3349,pos_pos
73.495717003,2743,3348,3348,pos_pos
73.497767646,2744,3348,3348,pos_pos
73.499745226,2745,3348,3348,pos_pos
73.50172814,2745,3348,3348,pos_pos
73.503729406,2745,3348,3348,pos_pos
73.505706074,2745,3348,3348,pos_pos
73.507724977,2745,3347,3347,pos_pos
73.509704206,2745,3347,3347,pos_pos
73.511751911,2745,3347,3347,pos_pos
73.513767863,2744,3347,3347,pos_pos
73.51568238,2743,3347,3347,pos_pos
73.517666234,2742,3347,3347,pos_pos
73.519717463,2741,3347,3347,pos_pos
73.521724195,2740,3347,3347,pos_pos
73.52370478,2739,3347,3347,pos_pos
73.525657655,2737,3347,3347,pos_pos
73.527696251,2736,3347,3347,pos_pos
73.529679693,2734,3347,3347,pos_pos
73.531676244,2732,3347,3347,pos_pos
73.533659959,2731,3348,3348,pos_pos
73.53566972,2730,3348,3348,pos_pos
73.537651809,2728,3348,3348,pos_pos
73.539603505,2726,3348,3348,pos_pos
73.541670045,2725,3349,3349,pos_pos
73.543624249,2724,3350,3350,pos_pos
73.545613666,2723,3351,3351,pos_pos
73.547626026,2721,3352,3352,pos_pos
73.549626579,2720,3354,3354,pos_pos
73.551629027,2720,3355,3355,pos_pos
73.553709842,2719,3356,3356,pos_pos
73.555629293,2719,3358,3358,pos_pos
73.55761882,2718,3359,3359,pos_pos
73.559630584,2718,3361,3361,pos_pos
73.561590743,2718,3363,3363,pos_pos
73.563625364,2718,3365,3365,pos_pos
73.565628132,2719,3366,3366,pos_pos
73.567674587,2719,3368,3368,pos_pos
73.569599125,2719,3370,3370,pos_pos
73.57159838,2720,3371,3371,pos_pos
73.57359117,2721,3373,3373,pos_pos
73.575578996,2722,3375,3375,pos_pos
73.577565633,2724,3376,3376,pos_pos
73.579559329,2725,3378,3378,pos_pos
73.581601647,2726,3379,3379,pos_pos
73.583582797,2728,3382,3382,pos_pos
73.585556975,2729,3383,3383,pos_pos
73.587576568,2731,3384,3384,pos_pos
73.589572789,2733,3386,3386,pos_pos
73.591567113,2735,3387,3387,pos_pos
73.593562879,2737,3388,3388,pos_pos
73.59556376,2739,3389,3389,pos_pos
73.597547911,2741,3390,3390,pos_pos
73.599540642,2743,3391,3391,pos_pos
73.601550742,2745,3391,3391,pos_pos
73.603550362,2747,3392,3392,pos_pos
73.605494862,2749,3392,3392,pos_pos
73.607501439,2751,3392,3392,pos_pos
73.609439728,2752,3392,3392,pos_pos
73.611468447,2754,3392,3392,pos_pos
73.613509643,2757,3392,3392,pos_pos
73.615536447,2760,3392,3392,pos_pos
73.617540035,2762,3391,3391,pos_pos
73.619451493,2765,3391,3391,pos_pos
73.621473493,2768,3391,3391,pos_pos
73.623551164,2770,3391,3391,pos_pos
73.625495257,2772,3391,3391,pos_pos
73.627480105,2774,3390,3390,pos_pos
73.629496746,2775,3390,3390,pos_pos
73.631433312,2777,3389,3389,pos_pos
73.633466323,2778,3389,3389,pos_pos
73.635536393,2780,3389,3389,pos_pos
73.637444897,2781,3388,3388,pos_pos
73.639420944,2782,3388,3388,pos_pos
73.641405458,2782,3387,3387,pos_pos
73.643486743,2782,3387,3387,pos_pos
73.645489625,2783,3387,3387,pos_pos
73.647484692,2783,3387,3387,pos_pos
73.649548416,2783,3387,3387,pos_pos
73.651507306,2783,3387,3387,pos_pos
73.653437921,2782,3387,3387,pos_pos
73.655417475,2782,3387,3387,pos_pos
73.657433335,2781,3387,3387,pos_pos
73.659437247,2781,3387,3387,pos_pos
73.661434887,2779,3388,3388,pos_pos
73.663435462,2779,3388,3388,pos_pos
73.665506196,2777,3388,3388,pos_pos
73.667446786,2776,3389,3389,pos_pos
73.669429346,2775,3389,3389,pos_pos
73.671451088,2774,3390,3390,pos_pos
73.67336122,2773,3391,3391,pos_pos
73.67542738,2771,3392,3392,pos_pos
73.677373293,2770,3393,3393,pos_pos
73.679404552,2769,3394,3394,pos_pos
73.681323124,2767,3395,3395,pos_pos
73.683350306,2767,3396,3396,pos_pos
73.685317376,2765,3398,3398,pos_pos
73.687390551,2764,3400,3400,pos_pos
73.689324085,2763,3401,3401,pos_pos
73.691331495,2762,3402,3402,pos_pos
73.69332375,2762,3404,3404,pos_pos
73.695349245,2761,3406,3406,pos_pos
73.69733489,2761,3408,3408,pos_pos
73.699328515,2761,3409,3409,pos_pos
73.701280036,2761,3411,3411,pos_pos
73.703300166,2761,3412,3412,pos_pos
73.705356896,2761,3414,3414,pos_pos
73.707327005,2761,3416,3416,pos_pos
73.709289135,2762,3418,3418,pos_pos
73.711295795,2762,3419,3419,pos_pos
73.713278156,2763,3421,3421,pos_pos
73.71529254,2764,3423,3423,pos_pos
73.717267657,2765,3424,3424,pos_pos
73.719293319,2766,3426,3426,pos_pos
73.721321164,2767,3427,3427,pos_pos
73.723328917,2769,3429,3429,pos_pos
73.725298329,2770,3430,3430,pos_pos
73.727331712,2772,3431,3431,pos_pos
73.729292902,2773,3433,3433,pos_pos
73.731287948,2775,3434,3434,pos_pos
73.73329376,2776,3435,3435,pos_pos
73.735309333,2778,3435,3435,pos_pos
73.73729562,2780,3436,3436,pos_pos
73.73926077,2782,3436,3436,pos_pos
73.741293659,2783,3437,3437,pos_pos
73.743265531,2785,3437,3437,pos_pos
73.745279301,2787,3437,3437,pos_pos
73.747281396,2789,3437,3437,pos_pos
73.74928546,2791,3437,3437,pos_pos
73.751232163,2793,3437,3437,pos_pos
73.75321806,2795,3437,3437,pos_pos
73.755228618,2797,3437,3437,pos_pos
73.757226432,2799,3436,3436,pos_pos
73.758225718,2800,3436,3436,pos_pos
73.760180372,2802,3436,3436,pos_pos
73.762215529,2804,3436,3436,pos_pos
73.764177562,2806,3435,3435,pos_pos
73.766178043,2807,3434,3434,pos_pos
73.768182191,2808,3434,3434,pos_pos
73.770236427,2809,3433,3433,pos_pos
73.772201363,2810,3432,3432,pos_pos
73.774218319,2811,3432,3432,pos_pos
73.776145516,2812,3431,3431,pos_pos
73.778191199,2812,3430,3430,pos_pos
73.780177993,2812,3430,3430,pos_pos
73.782173378,2812,3429,3429,pos_pos
73.784171238,2812,3429,3429,pos_pos
73.786160458,2812,3428,3428,pos_pos
73.78816671,2811,3428,3428,pos_pos
73.790178906,2811,3427,3427,pos_pos
73.79213768,2810,3427,3427,pos_pos
73.794183732,2809,3426,3426,pos_pos
73.796211982,2808,3426,3426,pos_pos
73.798215089,2807,3426,3426,pos_pos
73.800199258,2806,3426,3426,pos_pos
73.802165053,2804,3426,3426,pos_pos
73.804180617,2803,3427,3427,pos_pos
73.806147076,2802,3427,3427,pos_pos
73.808140674,2801,3427,3427,pos_pos
73.810126231,2799,3427,3427,pos_pos
73.812177772,2798,3428,3428,pos_pos
73.814111628,2797,3428,3428,pos_pos
73.816171034,2796,3429,3429,pos_pos
73.818116414,2795,3429,3429,pos_pos
73.8201378,2794,3430,3430,pos_pos
73.822141593,2793,3431,3431,pos_pos
73.824103708,2792,3431,3431,pos_pos
73.826213141,2792,3432,3432,pos_pos
73.828110143,2791,3434,3434,pos_pos
73.830147251,2791,3435,3435,pos_pos
73.832145556,2791,3435,3435,pos_pos
73.834112547,2791,3437,3437,pos_pos
73.836168368,2791,3438,3438,pos_pos
73.838120894,2791,3439,3439,pos_pos
73.840160397,2791,3440,3440,pos_pos
73.842128625,2791,3441,3441,pos_pos
73.844105239,2792,3442,3442,pos_pos
73.84610453,2793,3443,3443,pos_pos
73.848099099,2793,3444,3444,pos_pos
73.850106773,2794,3446,3446,pos_pos
73.852092182,2795,3446,3446,pos_pos
73.854080475,2796,3447,3447,pos_pos
73.85607367,2797,3448,3448,pos_pos
73.858071027,2798,3449,3449,pos_pos
73.860111312,2799,3449,3449,pos_pos
73.862064371,2800,3450,3450,pos_pos
73.864067742,2802,3451,3451,pos_pos
73.866095328,2803,3451,3451,pos_pos
73.868037636,2804,3451,3451,pos_pos
73.870063494,2806,3451,3451,pos_pos
73.871997193,2807,3451,3451,pos_pos
73.874052652,2809,3451,3451,pos_pos
73.876049486,2811,3451,3451,pos_pos
73.878020803,2812,3451,3451,pos_pos
73.880141167,2814,3451,3451,pos_pos
73.882064484,2816,3451,3451,pos_pos
73.884152217,2818,3451,3451,pos_pos
73.886054894,2820,3450,3450,pos_pos
73.888038567,2822,3450,3450,pos_pos
73.889965949,2824,3450,3450,pos_pos
73.892001115,2825,3449,3449,pos_pos
73.893973887,2827,3448,3448,pos_pos
73.896009344,2829,3448,3448,pos_pos
73.898061723,2831,3447,3447,pos_pos
73.899977235,2832,3446,3446,pos_pos
73.901970236,2833,3444,3444,pos_pos
73.904041654,2834,3443,3443,pos_pos
73.905977003,2835,3442,3442,pos_pos
73.907980509,2836,3441,3441,pos_pos
73.910011028,2836,3440,3440,pos_pos
73.912012124,2836,3439,3439,pos_pos
73.914007597,2836,3438,3438,pos_pos
73.916029212,2836,3437,3437,pos_pos
73.917945534,2836,3436,3436,pos_pos
73.919917158,2836,3435,3435,pos_pos
73.921928543,2835,3434,3434,pos_pos
73.923906008,2835,3433,3433,pos_pos
73.925910139,2834,3431,3431,pos_pos
73.927942938,2832,3430,3430,pos_pos
73.929918426,2831,3429,3429,pos_pos
73.931904827,2830,3429,3429,pos_pos
73.933956958,2829,3428,3428,pos_pos
73.935917971,2827,3428,3428,pos_pos
73.937949375,2826,3427,3427,pos_pos
73.939943211,2824,3427,3427,pos_pos
73.94189227,2822,3427,3427,pos_pos
73.943891567,2820,3427,3427,pos_pos
73.945915866,2819,3427,3427,pos_pos
73.947921754,2817,3427,3427,pos_pos
73.949944061,2816,3427,3427,pos_pos
73.95193142,2814,3428,3428,pos_pos
73.953944796,2812,3428,3428,pos_pos
73.955919755,2811,3429,3429,pos_pos
73.957905545,2810,3430,3430,pos_pos
73.95989023,2809,3431,3431,pos_pos
73.961945282,2808,3432,3432,pos_pos
73.96384373,2807,3432,3432,pos_pos
73.965861605,2806,3434,3434,pos_pos
73.967858526,2806,3435,3435,pos_pos
73.969895221,2805,3436,3436,pos_pos
73.971853228,2805,3437,3437,pos_pos
73.973829957,2805,3438,3438,pos_pos
73.975842583,2805,3440,3440,pos_pos
73.977802055,2805,3442,3442,pos_pos
73.979813154,2805,3443,3443,pos_pos
73.981925547,2806,3444,3444,pos_pos
73.983792505,2806,3446,3446,pos_pos
73.985927488,2807,3447,3447,pos_pos
73.987770026,2807,3448,3448,pos_pos
73.989892152,2808,3450,3450,pos_pos
73.99176937,2809,3450,3450,pos_pos
73.993884513,2810,3452,3452,pos_pos
73.99578449,2812,3453,3453,pos_pos
73.997940496,2813,3454,3454,pos_pos
73.999733083,2814,3455,3455,pos_pos
74.001765863,2816,3455,3455,pos_pos
74.003778561,2817,3455,3455,pos_pos
74.005724061,2818,3456,3456,pos_pos
74.00776938,2820,3456,3456,pos_pos
74.009728323,2822,3456,3456,pos_pos
74.01173125,2823,3456,3456,pos_pos
74.013689973,2825,3456,3456,pos_pos
74.015788367,2826,3455,3455,pos_pos
74.017763396,2827,3455,3455,pos_pos
74.019773066,2829,3454,3454,pos_pos
74.021733342,2830,3453,3453,pos_pos
74.02375529,2831,3453,3453,pos_pos
74.025684725,2832,3451,3451,pos_pos
74.027675646,2834,3451,3451,pos_pos
74.02966875,2835,3450,3450,pos_pos
74.031751229,2836,3448,3448,pos_pos
74.033706488,2836,3447,3447,pos_pos
74.035793411,2836,3446,3446,pos_pos
74.037794743,2837,3445,3445,pos_pos
74.039686836,2837,3443,3443,pos_pos
74.041766496,2837,3442,3442,pos_pos
74.043754254,2837,3441,3441,pos_pos
74.045786534,2837,3440,3440,pos_pos
74.047882836,2836,3438,3438,pos_pos
74.04981622,2836,3437,3437,pos_pos
74.051782198,2836,3436,3436,pos_pos
74.053750339,2835,3436,3436,pos_pos
74.055736463,2834,3435,3435,pos_pos
74.057704274,2833,3434,3434,pos_pos
74.05974118,2832,3433,3433,pos_pos
74.061747673,2831,3433,3433,pos_pos
74.063730151,2830,3433,3433,pos_pos
74.065729357,2829,3432,3432,pos_pos
74.067773938,2827,3432,3432,pos_pos
74.069720783,2826,3433,3433,pos_pos
74.071731756,2825,3433,3433,pos_pos
74.07374503,2824,3433,3433,pos_pos
74.075751843,2822,3434,3434,pos_pos
74.077706288,2821,3435,3435,pos_pos
74.079685304,2820,3435,3435,pos_pos
74.081669264,2819,3436,3436,pos_pos
74.083683455,2818,3437,3437,pos_pos
74.085650628,2817,3438,3438,pos_pos
74.087597341,2816,3439,3439,pos_pos
74.089655251,2816,3440,3440,pos_pos
74.091590198,2815,3441,3441,pos_pos
74.093627273,2815,3442,3442,pos_pos
74.095602754,2815,3443,3443,pos_pos
74.097676621,2815,3445,3445,pos_pos
74.099616182,2815,3446,3446,pos_pos
74.101677636,2815,3447,3447,pos_pos
74.103674482,2815,3449,3449,pos_pos
74.105665038,2815,3450,3450,pos_pos
74.107620255,2816,3452,3452,pos_pos
74.109588257,2816,3453,3453,pos_pos
74.111604015,2816,3454,3454,pos_pos
74.113665335,2817,3456,3456,pos_pos
74.115612497,2818,3457,3457,pos_pos
74.117578327,2820,3458,3458,pos_pos
74.119624041,2821,3459,3459,pos_pos
74.121577204,2822,3460,3460,pos_pos
74.12354603,2823,3461,3461,pos_pos
74.125589568,2824,3462,3462,pos_pos
74.127577481,2825,3463,3463,pos_pos
74.129600261,2827,3463,3463,pos_pos
74.131570186,2828,3464,3464,pos_pos
74.133549065,2829,3465,3465,pos_pos
74.135546667,2831,3465,3465,pos_pos
74.137602419,2832,3465,3465,pos_pos
74.139602224,2833,3465,3465,pos_pos
74.141608885,2835,3465,3465,pos_pos
74.143565191,2836,3465,3465,pos_pos
74.145536509,2838,3465,3465,pos_pos
74.147505016,2839,3465,3465,pos_pos
74.149576339,2841,3465,3465,pos_pos
74.151520503,2843,3465,3465,pos_pos
74.153609153,2844,3465,3465,pos_pos
74.155534896,2846,3465,3465,pos_pos
74.157504253,2849,3464,3464,pos_pos
74.159577957,2850,3464,3464,pos_pos
74.161560868,2852,3464,3464,pos_pos
74.163545374,2852,3464,3464,pos_pos
74.165506289,2853,3464,3464,pos_pos
74.167504435,2854,3463,3463,pos_pos
74.169497707,2855,3464,3464,pos_pos
74.171464977,2855,3463,3463,pos_pos
74.173453538,2856,3463,3463,pos_pos
74.175446738,2856,3463,3463,pos_pos
74.177452653,2856,3464,3464,pos_pos
74.179496196,2856,3464,3464,pos_pos
74.181524021,2856,3464,3464,pos_pos
74.183489526,2856,3464,3464,pos_pos
74.185500232,2856,3464,3464,pos_pos
74.187418102,2856,3464,3464,pos_pos
74.18947602,2856,3464,3464,pos_pos
74.191419663,2856,3464,3464,pos_pos
74.193444527,2856,3465,3465,pos_pos
74.195437869,2855,3465,3465,pos_pos
74.197415243,2855,3465,3465,pos_pos
74.199426583,2855,3465,3465,pos_pos
74.201399098,2854,3465,3465,pos_pos
74.203394675,2854,3466,3466,pos_pos
74.205408239,2853,3466,3466,pos_pos
74.207420933,2852,3466,3466,pos_pos
74.209418927,2852,3467,3467,pos_pos
74.211369461,2851,3467,3467,pos_pos
74.213415385,2851,3468,3468,pos_pos
74.215362922,2850,3468,3468,pos_pos
74.217326817,2850,3469,3469,pos_pos
74.219359051,2849,3469,3469,pos_pos
74.221360055,2849,3470,3470,pos_pos
74.223355453,2849,3470,3470,pos_pos
74.225366482,2849,3470,3470,pos_pos
74.227350341,2849,3471,3471,pos_pos
74.22935601,2849,3471,3471,pos_pos
74.231342508,2849,3472,3472,pos_pos
74.233366953,2849,3472,3472,pos_pos
74.235311174,2849,3473,3473,pos_pos
74.237303063,2849,3474,3474,pos_pos
74.239300494,2849,3474,3474,pos_pos
74.241296851,2849,3475,3475,pos_pos
74.243319032,2849,3476,3476,pos_pos
74.245299883,2849,3478,3478,pos_pos
74.247331888,2849,3478,3478,pos_pos
74.249297746,2849,3479,3479,pos_pos
74.251262567,2849,3480,3480,pos_pos
74.253252888,2849,3481,3481,pos_pos
74.255252993,2849,3482,3482,pos_pos
74.257293312,2849,3483,3483,pos_pos
74.259282676,2849,3484,3484,pos_pos
74.26126224,2849,3484,3484,pos_pos
74.26325865,2849,3485,3485,pos_pos
74.265244493,2850,3485,3485,pos_pos
74.267264647,2850,3485,3485,pos_pos
74.269333934,2850,3486,3486,pos_pos
74.271298506,2851,3487,3487,pos_pos
74.273285239,2852,3486,3486,pos_pos
74.275281865,2852,3486,3486,pos_pos
74.277250344,2853,3487,3487,pos_pos
74.27932657,2853,3486,3486,pos_pos
74.281228649,2854,3486,3486,pos_pos
74.283273745,2855,3486,3486,pos_pos
74.285278462,2856,3486,3486,pos_pos
74.287306239,2857,3486,3486,pos_pos
74.28924421,2858,3485,3485,pos_pos
74.291244191,2858,3485,3485,pos_pos
74.293245699,2859,3485,3485,pos_pos
74.295234997,2860,3485,3485,pos_pos
74.297272756,2861,3485,3485,pos_pos
74.299224192,2862,3484,3484,pos_pos
74.301286221,2863,3484,3484,pos_pos
74.303321631,2863,3483,3483,pos_pos
74.30526311,2864,3483,3483,pos_pos
74.307227387,2864,3482,3482,pos_pos
74.309246804,2865,3482,3482,pos_pos
74.311231856,2865,3481,3481,pos_pos
74.313169764,2865,3481,3481,pos_pos
74.314311839,2865,3481,3481,pos_pos
74.316218384,2865,3480,3480,pos_pos
74.318264494,2865,3480,3480,pos_pos
74.320207863,2865,3480,3480,pos_pos
74.322174902,2864,3480,3480,pos_pos
74.324204635,2864,3479,3479,pos_pos
74.326151141,2864,3479,3479,pos_pos
74.328244394,2864,3479,3479,pos_pos
74.330162657,2863,3480,3480,pos_pos
74.332185675,2863,3479,3479,pos_pos
74.334147231,2863,3480,3480,pos_pos
74.336218416,2862,3480,3480,pos_pos
74.338149251,2862,3480,3480,pos_pos
74.340178975,2862,3480,3480,pos_pos
74.342144161,2862,3480,3480,pos_pos
74.344132502,2862,3480,3480,pos_pos
74.346176045,2861,3480,3480,pos_pos
74.348196529,2861,3480,3480,pos_pos
74.350165969,2861,3480,3480,pos_pos
74.352198937,2861,3481,3481,pos_pos
74.354172658,2861,3481,3481,pos_pos
74.356179702,2861,3481,3481,pos_pos
74.358158864,2861,3481,3481,pos_pos
74.360262641,2861,3481,3481,pos_pos
74.362205126,2861,3481,3481,pos_pos
74.364160457,2861,3481,3481,pos_pos
74.366153218,2861,3481,3481,pos_pos
74.368211855,2861,3481,3481,pos_pos
74.370158726,2861,3482,3482,pos_pos
74.372166851,2861,3482,3482,pos_pos
74.374115815,2860,3482,3482,pos_pos
74.376138259,2861,3482,3482,pos_pos
74.378168599,2861,3482,3482,pos_pos
74.380082487,2861,3482,3482,pos_pos
74.382121847,2861,3482,3482,pos_pos
74.384089965,2861,3482,3482,pos_pos
74.386088965,2861,3482,3482,pos_pos
74.388096878,2861,3482,3482,pos_pos
74.390108397,2861,3482,3482,pos_pos
74.392085002,2861,3481,3481,pos_pos
74.394073513,2861,3481,3481,pos_pos
74.396056612,2861,3481,3481,pos_pos
74.398092902,2861,3481,3481,pos_pos
74.400020962,2861,3480,3480,pos_pos
74.402047114,2861,3480,3480,pos_pos
74.403997177,2861,3479,3479,pos_pos
74.406025159,2861,3479,3479,pos_pos
74.408000391,2861,3478,3478,pos_pos
74.410039331,2861,3478,3478,pos_pos
74.411995656,2861,3476,3476,pos_pos
74.414014404,2861,3475,3475,pos_pos
74.415991126,2861,3475,3475,pos_pos
74.4180507,2861,3475,3475,pos_pos
74.41997462,2861,3474,3474,pos_pos
74.422013812,2861,3473,3473,pos_pos
74.423990631,2861,3473,3473,pos_pos
74.425931113,2861,3472,3472,pos_pos
74.427914723,2861,3472,3472,pos_pos
74.429956517,2861,3471,3471,pos_pos
74.431949242,2861,3471,3471,pos_pos
74.433955239,2861,3471,3471,pos_pos
74.435928913,2861,3471,3471,pos_pos
74.437985825,2861,3470,3470,pos_pos
74.439957163,2861,3470,3470,pos_pos
74.441935321,2861,3470,3470,pos_pos
74.443943406,2861,3470,3470,pos_pos
74.445940083,2861,3470,3470,pos_pos
74.447975972,2861,3470,3470,pos_pos
74.449994239,2861,3470,3470,pos_pos
74.452037899,2861,3470,3470,pos_pos
74.453926601,2861,3471,3471,pos_pos
74.455955402,2862,3471,3471,pos_pos
74.457935468,2862,3471,3471,pos_pos
74.459951053,2862,3471,3471,pos_pos
74.461968271,2863,3471,3471,pos_pos
74.463966938,2863,3471,3471,pos_pos
74.46594932,2863,3471,3471,pos_pos
74.46798774,2863,3471,3471,pos_pos
74.469990783,2863,3471,3471,pos_pos
74.472018447,2863,3471,3471,pos_pos
74.474025616,2863,3471,3471,pos_pos
74.475994461,2863,3471,3471,pos_pos
74.477911405,2863,3470,3470,pos_pos
74.479874208,2863,3470,3470,pos_pos
74.481949884,2863,3470,3470,pos_pos
74.483927112,2863,3470,3470,pos_pos
74.485892669,2863,3469,3469,pos_pos
74.487877044,2863,3469,3469,pos_pos
74.48988567,2863,3469,3469,pos_pos
74.491864338,2863,3468,3468,pos_pos
74.493868221,2863,3468,3468,pos_pos
74.495872091,2863,3467,3467,pos_pos
74.497904325,2863,3466,3466,pos_pos
74.499846903,2863,3466,3466,pos_pos
74.501865311,2863,3465,3465,pos_pos
74.503808942,2863,3464,3464,pos_pos
74.505857202,2863,3463,3463,pos_pos
74.507871408,2863,3462,3462,pos_pos
74.510008663,2863,3462,3462,pos_pos
74.51180889,2863,3461,3461,pos_pos
74.513840935,2863,3459,3459,pos_pos
74.515829508,2863,3459,3459,pos_pos
74.517807683,2863,3458,3458,pos_pos
74.519836116,2863,3457,3457,pos_pos
74.521914762,2863,3456,3456,pos_pos
74.523818372,2863,3455,3455,pos_pos
74.525892909,2863,3454,3454,pos_pos
74.527877913,2863,3453,3453,pos_pos
74.529850168,2863,3453,3453,pos_pos
74.531861483,2863,3452,3452,pos_pos
74.533928253,2863,3451,3451,pos_pos
74.535885216,2863,3450,3450,pos_pos
74.537943005,2863,3450,3450,pos_pos
74.539894117,2863,3449,3449,pos_pos
74.541860638,2863,3448,3448,pos_pos
74.543848712,2863,3447,3447,pos_pos
74.545945564,2863,3446,3446,pos_pos
74.54784743,2862,3445,3445,pos_pos
74.549843645,2863,3444,3444,pos_pos
74.551813411,2863,3443,3443,pos_pos
74.553890233,2862,3442,3442,pos_pos
74.555787197,2862,3441,3441,pos_pos
74.557766558,2862,3440,3440,pos_pos
74.559841866,2862,3438,3438,pos_pos
74.561743237,2862,3437,3437,pos_pos
74.563745006,2862,3436,3436,pos_pos
74.565828243,2861,3435,3435,pos_pos
74.567810791,2861,3434,3434,pos_pos
74.569772048,2861,3433,3433,pos_pos
74.571777403,2860,3432,3432,pos_pos
74.573756072,2860,3431,3431,pos_pos
74.5757836,2860,3430,3430,pos_pos
74.577780609,2860,3429,3429,pos_pos
74.579825366,2859,3428,3428,pos_pos
74.581765753,2860,3427,3427,pos_pos
74.583762366,2859,3425,3425,pos_pos
74.585750291,2859,3424,3424,pos_pos
74.587760371,2859,3423,3423,pos_pos
74.589767338,2859,3422,3422,pos_pos
74.591704541,2859,3421,3421,pos_pos
74.593707086,2859,3419,3419,pos_pos
74.595703461,2859,3418,3418,pos_pos
74.597728748,2859,3417,3417,pos_pos
74.599787178,2859,3416,3416,pos_pos
74.60173297,2859,3415,3415,pos_pos
74.603741,2859,3414,3414,pos_pos
74.605662312,2859,3413,3413,pos_pos
74.60768647,2859,3413,3413,pos_pos
74.609746468,2859,3412,3412,pos_pos
74.611724903,2859,3411,3411,pos_pos
74.613702442,2859,3411,3411,pos_pos
74.615778015,2859,3411,3411,pos_pos
74.617687533,2859,3410,3410,pos_pos
74.619702369,2859,3410,3410,pos_pos
74.621698204,2859,3410,3410,pos_pos
74.623663212,2859,3410,3410,pos_pos
74.625645381,2859,3409,3409,pos_pos
74.627702481,2859,3409,3409,pos_pos
74.629687354,2859,3409,3409,pos_pos
74.631666423,2859,3409,3409,pos_pos
74.633686043,2859,3408,3408,pos_pos
74.63564687,2859,3408,3408,pos_pos
74.637641825,2860,3408,3408,pos_pos
74.639683909,2859,3408,3408,pos_pos
74.641676691,2859,3408,3408,pos_pos
74.643626547,2859,3407,3407,pos_pos
74.645685057,2859,3407,3407,pos_pos
74.647660576,2859,3407,3407,pos_pos
74.649641962,2860,3406,3406,pos_pos
74.651706114,2859,3406,3406,pos_pos
74.653681819,2859,3405,3405,pos_pos
74.655562393,2859,3405,3405,pos_pos
74.657595545,2859,3404,3404,pos_pos
74.659565226,2859,3404,3404,pos_pos
74.661598796,2859,3403,3403,pos_pos
74.663591209,2859,3402,3402,pos_pos
74.665639328,2859,3401,3401,pos_pos
74.667735592,2858,3400,3400,pos_pos
74.669672354,2858,3399,3399,pos_pos
74.671669449,2858,3399,3399,pos_pos
74.673620993,2858,3397,3397,pos_pos
74.675649774,2858,3396,3396,pos_pos
74.677570681,2858,3395,3395,pos_pos
74.679602602,2858,3394,3394,pos_pos
74.681611877,2858,3392,3392,pos_pos
74.683592816,2858,3392,3392,pos_pos
74.685631366,2857,3390,3390,pos_pos
74.687577992,2857,3389,3389,pos_pos
74.689565224,2857,3388,3388,pos_pos
74.691545334,2857,3387,3387,pos_pos
74.693513098,2856,3385,3385,pos_pos
74.695522052,2856,3384,3384,pos_pos
74.697528754,2855,3382,3382,pos_pos
74.69954976,2855,3381,3381,pos_pos
74.701550642,2854,3379,3379,pos_pos
74.703495646,2853,3378,3378,pos_pos
74.705495459,2852,3377,3377,pos_pos
74.707500621,2851,3376,3376,pos_pos
74.709500803,2850,3374,3374,pos_pos
74.711511434,2847,3373,3373,pos_pos
74.713554837,2846,3372,3372,pos_pos
74.715537515,2844,3372,3372,pos_pos
74.717537949,2843,3370,3370,pos_pos
74.719529157,2841,3369,3369,pos_pos
74.721556672,2840,3369,3369,pos_pos
74.723475071,2838,3368,3368,pos_pos
74.725478812,2837,3367,3367,pos_pos
74.727471942,2835,3367,3367,pos_pos
74.72947554,2834,3366,3366,pos_pos
74.731487323,2833,3365,3365,pos_pos
74.733487919,2831,3364,3364,pos_pos
74.735438964,2830,3364,3364,pos_pos
74.737449565,2829,3363,3363,pos_pos
74.739454109,2828,3363,3363,pos_pos
74.741489454,2827,3362,3362,pos_pos
74.743511613,2825,3361,3361,pos_pos
74.745429827,2824,3361,3361,pos_pos
74.747407252,2824,3360,3360,pos_pos
74.749439941,2823,3360,3360,pos_pos
74.751377139,2822,3359,3359,pos_pos
74.753328894,2821,3358,3358,pos_pos
74.755405022,2820,3358,3358,pos_pos
74.757391624,2818,3357,3357,pos_pos
74.759392806,2818,3357,3357,pos_pos
74.761371155,2817,3356,3356,pos_pos
74.763344716,2817,3355,3355,pos_pos
74.765353901,2816,3355,3355,pos_pos
74.767319077,2815,3354,3354,pos_pos
74.769332874,2815,3353,3353,pos_pos
74.771353197,2814,3352,3352,pos_pos
74.773455712,2814,3352,3352,pos_pos
74.775295256,2813,3351,3351,pos_pos
74.777442383,2813,3351,3351,pos_pos
74.779333642,2812,3350,3350,pos_pos
74.78141155,2812,3349,3349,pos_pos
74.783304109,2812,3348,3348,pos_pos
74.78533829,2811,3348,3348,pos_pos
74.787357775,2811,3347,3347,pos_pos
74.789330364,2811,3347,3347,pos_pos
74.79134875,2810,3346,3346,pos_pos
74.793349249,2810,3345,3345,pos_pos
74.795327662,2810,3345,3345,pos_pos
74.797314561,2810,3344,3344,pos_pos
74.799303367,2810,3343,3343,pos_pos
74.801329099,2810,3342,3342,pos_pos
74.8032887,2810,3341,3341,pos_pos
74.805443152,2810,3339,3339,pos_pos
74.80735828,2810,3339,3339,pos_pos
74.809386956,2809,3338,3338,pos_pos
74.811330394,2809,3336,3336,pos_pos
74.813385259,2809,3335,3335,pos_pos
74.81534877,2809,3334,3334,pos_pos
74.817308719,2809,3333,3333,pos_pos
74.819246658,2809,3332,3332,pos_pos
74.821317956,2809,3331,3331,pos_pos
74.823297458,2809,3330,3330,pos_pos
74.825290042,2809,3328,3328,pos_pos
74.827308685,2809,3327,3327,pos_pos
74.829311568,2809,3326,3326,pos_pos
74.831357838,2809,3326,3326,pos_pos
74.833301339,2809,3325,3325,pos_pos
74.83528612,2809,3323,3323,pos_pos
74.837257177,2808,3322,3322,pos_pos
74.839307645,2808,3321,3321,pos_pos
74.841234272,2808,3320,3320,pos_pos
74.843284444,2807,3319,3319,pos_pos
74.845264899,2806,3318,3318,pos_pos
74.847253082,2806,3316,3316,pos_pos
74.849250789,2805,3315,3315,pos_pos
74.851295717,2804,3314,3314,pos_pos
74.853248959,2803,3313,3313,pos_pos
74.855311184,2803,3312,3312,pos_pos
74.857293082,2802,3311,3311,pos_pos
74.859256133,2800,3309,3309,pos_pos
74.861261618,2799,3308,3308,pos_pos
74.863249212,2798,3307,3307,pos_pos
74.865301725,2798,3306,3306,pos_pos
74.867248917,2796,3304,3304,pos_pos
74.869233162,2795,3302,3302,pos_pos
74.87120204,2794,3301,3301,pos_pos
74.873247993,2792,3300,3300,pos_pos
74.875216414,2792,3299,3299,pos_pos
74.877183499,2790,3297,3297,pos_pos
74.879180377,2788,3296,3296,pos_pos
74.881169676,2787,3294,3294,pos_pos
74.883131077,2787,3293,3293,pos_pos
74.885185268,2785,3291,3291,pos_pos
74.887169724,2783,3290,3290,pos_pos
74.889153523,2782,3289,3289,pos_pos
74.891155863,2781,3287,3287,pos_pos
74.893144154,2779,3286,3286,pos_pos
74.895134128,2778,3285,3285,pos_pos
74.897121625,2776,3283,3283,pos_pos
74.899260605,2775,3282,3282,pos_pos
74.901215725,2774,3281,3281,pos_pos
74.903177619,2772,3280,3280,pos_pos
74.90518482,2771,3279,3279,pos_pos
74.907204212,2770,3277,3277,pos_pos
74.909166778,2769,3276,3276,pos_pos
74.911056132,2768,3275,3275,pos_pos
74.913102711,2767,3274,3274,pos_pos
74.915073767,2766,3274,3274,pos_pos
74.917151412,2765,3272,3272,pos_pos
74.919099578,2764,3272,3272,pos_pos
74.921105263,2763,3271,3271,pos_pos
74.923057369,2763,3271,3271,pos_pos
74.925108391,2762,3270,3270,pos_pos
74.927020222,2762,3270,3270,pos_pos
74.929128001,2761,3270,3270,pos_pos
74.9310672,2761,3270,3270,pos_pos
74.933122969,2761,3270,3270,pos_pos
74.935116796,2761,3270,3270,pos_pos
74.937156175,2761,3269,3269,pos_pos
74.939156345,2761,3269,3269,pos_pos
74.941134559,2761,3269,3269,pos_pos
74.943082902,2761,3269,3269,pos_pos
74.945137917,2761,3269,3269,pos_pos
74.947166113,2761,3268,3268,pos_pos
74.949185721,2761,3268,3268,pos_pos
74.951100165,2761,3268,3268,pos_pos
74.953156936,2761,3268,3268,pos_pos
74.955185673,2761,3267,3267,pos_pos
74.957155554,2761,3267,3267,pos_pos
74.959096857,2761,3267,3267,pos_pos
74.96119811,2761,3266,3266,pos_pos
74.962987072,2761,3266,3266,pos_pos
74.965061919,2761,3266,3266,pos_pos
74.967072418,2761,3265,3265,pos_pos
74.969103552,2761,3265,3265,pos_pos
74.971098579,2761,3265,3265,pos_pos
74.973066435,2761,3264,3264,pos_pos
74.975041533,2761,3265,3265,pos_pos
74.977121844,2761,3264,3264,pos_pos
74.979186197,2761,3264,3264,pos_pos
74.981161841,2761,3264,3264,pos_pos
74.983159982,2761,3264,3264,pos_pos
74.985240006,2761,3264,3264,pos_pos
74.98709883,2761,3264,3264,pos_pos
74.989109501,2761,3264,3264,pos_pos
74.991058635,2761,3264,3264,pos_pos
74.993064921,2761,3264,3264,pos_pos
74.995024879,2761,3264,3264,pos_pos
74.996995905,2761,3263,3263,pos_pos
74.998998007,2761,3263,3263,pos_pos
75.001034215,2761,3263,3263,pos_pos
75.003025289,2761,3263,3263,pos_pos
75.005049678,2761,3263,3263,pos_pos
75.006979659,2761,3262,3262,pos_pos
75.008967492,2760,3262,3262,pos_pos
75.011047176,2760,3262,3262,pos_pos
75.013074025,2760,3262,3262,pos_pos
75.015032539,2760,3262,3262,pos_pos
75.016953167,2759,3262,3262,pos_pos
75.018975918,2759,3262,3262,pos_pos
75.020948817,2758,3262,3262,pos_pos
75.022935801,2758,3262,3262,pos_pos
75.024914526,2757,3262,3262,pos_pos
75.026946114,2757,3262,3262,pos_pos
75.028928061,2756,3262,3262,pos_pos
75.030949169,2755,3261,3261,pos_pos
75.032938626,2755,3261,3261,pos_pos
75.03495616,2754,3261,3261,pos_pos
75.036930306,2753,3261,3261,pos_pos
75.038892516,2753,3261,3261,pos_pos
75.040866192,2752,3261,3261,pos_pos
75.042869608,2752,3261,3261,pos_pos
75.044896564,2751,3260,3260,pos_pos
75.047018232,2750,3260,3260,pos_pos
75.048905342,2749,3260,3260,pos_pos
75.051072068,2749,3260,3260,pos_pos
75.052966583,2748,3260,3260,pos_pos
75.05499291,2747,3260,3260,pos_pos
75.056882753,2746,3260,3260,pos_pos
75.058934573,2745,3259,3259,pos_pos
75.060866988,2745,3259,3259,pos_pos
75.062966069,2745,3260,3260,pos_pos
75.064878698,2744,3260,3260,pos_pos
75.066971331,2744,3260,3260,pos_pos
75.068825522,2743,3260,3260,pos_pos
75.070883529,2743,3260,3260,pos_pos
75.072812489,2742,3260,3260,pos_pos
75.074780141,2742,3260,3260,pos_pos
75.076798108,2742,3260,3260,pos_pos
75.078999919,2741,3260,3260,pos_pos
75.08083312,2741,3260,3260,pos_pos
75.082794449,2740,3260,3260,pos_pos
75.084815422,2740,3260,3260,pos_pos
75.08680096,2739,3260,3260,pos_pos
75.088795428,2739,3260,3260,pos_pos
75.090810449,2739,3260,3260,pos_pos
75.092782042,2739,3260,3260,pos_pos
75.094784556,2739,3260,3260,pos_pos
75.096804678,2739,3260,3260,pos_pos
75.098721364,2739,3260,3260,pos_pos
75.100733701,2739,3260,3260,pos_pos
75.102729817,2739,3260,3260,pos_pos
75.104710265,2739,3260,3260,pos_pos
75.10678989,2739,3259,3259,pos_pos
75.108771253,2739,3259,3259,pos_pos
75.110822912,2739,3258,3258,pos_pos
75.112863387,2739,3258,3258,pos_pos
75.114788127,2739,3257,3257,pos_pos
75.116829057,2739,3257,3257,pos_pos
75.118775987,2740,3256,3256,pos_pos
75.120854446,2740,3256,3256,pos_pos
75.122770551,2740,3255,3255,pos_pos
75.12472348,2741,3254,3254,pos_pos
75.126749784,2741,3254,3254,pos_pos
75.128753291,2741,3254,3254,pos_pos
75.130765207,2741,3253,3253,pos_pos
75.132783552,2741,3253,3253,pos_pos
75.134784171,2741,3252,3252,pos_pos
75.136896684,2741,3252,3252,pos_pos
75.138748849,2741,3251,3251,pos_pos
75.140713141,2741,3251,3251,pos_pos
75.142703289,2742,3250,3250,pos_pos
75.144730789,2742,3250,3250,pos_pos
75.146690129,2742,3250,3250,pos_pos
75.148707649,2742,3249,3249,pos_pos
75.150728492,2742,3249,3249,pos_pos
75.152712963,2743,3249,3249,pos_pos
75.154760827,2743,3249,3249,pos_pos
75.156702652,2743,3249,3249,pos_pos
75.158722444,2743,3249,3249,pos_pos
75.1606436,2743,3249,3249,pos_pos
75.162662689,2743,3249,3249,pos_pos
75.164670914,2743,3249,3249,pos_pos
75.166725056,2743,3249,3249,pos_pos
75.168753949,2743,3249,3249,pos_pos
75.170686457,2743,3249,3249,pos_pos
75.172679907,2742,3250,3250,pos_pos
75.174788037,2742,3250,3250,pos_pos
75.176646669,2742,3250,3250,pos_pos
75.178656661,2741,3250,3250,pos_pos
75.180667529,2741,3251,3251,pos_pos
75.182565271,2741,3251,3251,pos_pos
75.184563613,2740,3252,3252,pos_pos
75.18659353,2740,3252,3252,pos_pos
75.188598649,2740,3252,3252,pos_pos
75.190610275,2740,3253,3253,pos_pos
75.192616009,2740,3253,3253,pos_pos
75.194628349,2740,3253,3253,pos_pos
75.196650572,2740,3253,3253,pos_pos
75.198634619,2740,3254,3254,pos_pos
75.200633359,2740,3254,3254,pos_pos
75.202634021,2740,3254,3254,pos_pos
75.204726183,2740,3254,3254,pos_pos
75.206719946,2740,3254,3254,pos_pos
75.208670861,2740,3254,3254,pos_pos
75.210665174,2741,3254,3254,pos_pos
75.212688184,2741,3254,3254,pos_pos
75.214600789,2741,3254,3254,pos_pos
75.216654015,2741,3254,3254,pos_pos
75.218618755,2742,3254,3254,pos_pos
75.220618323,2742,3254,3254,pos_pos
75.222636165,2742,3254,3254,pos_pos
75.224554376,2742,3254,3254,pos_pos
75.226586164,2742,3254,3254,pos_pos
75.228657334,2742,3254,3254,pos_pos
75.230586764,2743,3254,3254,pos_pos
75.232594813,2743,3254,3254,pos_pos
75.234551764,2743,3254,3254,pos_pos
75.236567096,2743,3253,3253,pos_pos
75.238519268,2743,3253,3253,pos_pos
75.240569019,2743,3252,3252,pos_pos
75.242494111,2743,3252,3252,pos_pos
75.244505388,2743,3252,3252,pos_pos
75.246521572,2743,3252,3252,pos_pos
75.248532086,2743,3251,3251,pos_pos
75.250544715,2743,3251,3251,pos_pos
75.252488701,2743,3251,3251,pos_pos
75.254520161,2743,3251,3251,pos_pos
75.256500159,2743,3251,3251,pos_pos
75.25848592,2743,3251,3251,pos_pos
75.260463956,2743,3251,3251,pos_pos
75.262508261,2743,3251,3251,pos_pos
75.26453098,2742,3251,3251,pos_pos
75.266524354,2743,3251,3251,pos_pos
75.268518544,2742,3251,3251,pos_pos
75.270490974,2743,3252,3252,pos_pos
75.272512982,2743,3252,3252,pos_pos
75.274467791,2743,3252,3252,pos_pos
75.276470047,2743,3253,3253,pos_pos
75.278462372,2742,3253,3253,pos_pos
75.280481064,2742,3254,3254,pos_pos
75.282500608,2742,3254,3254,pos_pos
75.284469104,2742,3254,3254,pos_pos
75.286500549,2741,3255,3255,pos_pos
75.288387199,2741,3255,3255,pos_pos
75.290406704,2741,3256,3256,pos_pos
75.292411259,2740,3256,3256,pos_pos
75.294390507,2740,3257,3257,pos_pos
75.296419846,2740,3257,3257,pos_pos
75.298416382,2739,3258,3258,pos_pos
75.30037699,2739,3259,3259,pos_pos
75.302415043,2739,3259,3259,pos_pos
75.304391613,2739,3259,3259,pos_pos
75.306517732,2739,3260,3260,pos_pos
75.308439796,2739,3261,3261,pos_pos
75.31046672,2739,3261,3261,pos_pos
75.312406498,2739,3262,3262,pos_pos
75.314426444,2739,3262,3262,pos_pos
75.316381773,2739,3263,3263,pos_pos
75.318382227,2739,3263,3263,pos_pos
75.32045362,2739,3264,3264,pos_pos
75.322445037,2740,3265,3265,pos_pos
75.324350604,2740,3265,3265,pos_pos
75.326371867,2741,3266,3266,pos_pos
75.328391476,2741,3267,3267,pos_pos
75.330412496,2742,3267,3267,pos_pos
75.332360907,2743,3268,3268,pos_pos
75.334383899,2744,3269,3269,pos_pos
75.33646229,2745,3269,3269,pos_pos
75.338353677,2745,3270,3270,pos_pos
75.340414185,2747,3271,3271,pos_pos
75.342360697,2749,3272,3272,pos_pos
75.344374057,2750,3272,3272,pos_pos
75.346336427,2752,3273,3273,pos_pos
75.348375791,2753,3274,3274,pos_pos
75.35037672,2755,3274,3274,pos_pos
75.352304568,2757,3275,3275,pos_pos
75.354301589,2759,3276,3276,pos_pos
75.356330149,2761,3277,3277,pos_pos
75.35834624,2762,3278,3278,pos_pos
75.360287706,2765,3278,3278,pos_pos
75.362326678,2767,3279,3279,pos_pos
75.364284398,2769,3280,3280,pos_pos
75.366307781,2771,3281,3281,pos_pos
75.368369902,2773,3281,3281,pos_pos
75.370326415,2775,3282,3282,pos_pos
75.372301683,2777,3283,3283,pos_pos
75.374298406,2779,3284,3284,pos_pos
75.376285097,2780,3285,3285,pos_pos
75.378248246,2782,3286,3286,pos_pos
75.380236763,2783,3287,3287,pos_pos
75.382274161,2783,3288,3288,pos_pos
75.384279106,2784,3289,3289,pos_pos
75.386262763,2785,3289,3289,pos_pos
75.388270982,2785,3290,3290,pos_pos
75.390296913,2785,3291,3291,pos_pos
75.392310224,2785,3292,3292,pos_pos
75.394278679,2785,3293,3293,pos_pos
75.396372003,2785,3294,3294,pos_pos
75.398285992,2785,3295,3295,pos_pos
75.400347164,2785,3296,3296,pos_pos
75.40237541,2785,3296,3296,pos_pos
75.404469767,2785,3297,3297,pos_pos
75.406460447,2784,3298,3298,pos_pos
75.408295039,2784,3299,3299,pos_pos
75.410199733,2783,3300,3300,pos_pos
75.412228832,2783,3301,3301,pos_pos
75.414215543,2783,3302,3302,pos_pos
75.416276927,2782,3303,3303,pos_pos
75.418232064,2782,3304,3304,pos_pos
75.42022827,2782,3305,3305,pos_pos
75.42221067,2782,3306,3306,pos_pos
75.424269202,2782,3307,3307,pos_pos
75.426269379,2782,3308,3308,pos_pos
75.428285083,2782,3309,3309,pos_pos
75.430250406,2782,3309,3309,pos_pos
75.432164217,2782,3310,3310,pos_pos
75.434217437,2782,3311,3311,pos_pos
75.436168694,2782,3312,3312,pos_pos
75.438254131,2782,3313,3313,pos_pos
75.440192756,2782,3314,3314,pos_pos
75.44223635,2782,3314,3314,pos_pos
75.444256628,2782,3315,3315,pos_pos
75.446173093,2783,3316,3316,pos_pos
75.448199534,2783,3317,3317,pos_pos
75.4501886,2784,3317,3317,pos_pos
75.452203547,2785,3318,3318,pos_pos
75.454186579,2785,3319,3319,pos_pos
75.456158039,2785,3320,3320,pos_pos
75.458165415,2786,3321,3321,pos_pos
75.460147977,2787,3321,3321,pos_pos
75.46215975,2787,3322,3322,pos_pos
75.464136263,2788,3323,3323,pos_pos
75.466153094,2788,3324,3324,pos_pos
75.468184211,2789,3325,3325,pos_pos
75.470137339,2789,3325,3325,pos_pos
75.472153077,2789,3326,3326,pos_pos
75.474168825,2790,3327,3327,pos_pos
75.476142483,2790,3328,3328,pos_pos
75.478136525,2790,3329,3329,pos_pos
75.480141216,2790,3330,3330,pos_pos
75.482124546,2790,3331,3331,pos_pos
75.484099986,2790,3332,3332,pos_pos
75.486127651,2790,3333,3333,pos_pos
75.48812422,2790,3334,3334,pos_pos
75.490136389,2790,3335,3335,pos_pos
75.49213533,2790,3336,3336,pos_pos
75.494111982,2790,3337,3337,pos_pos
75.496133576,2790,3338,3338,pos_pos
75.498098639,2791,3339,3339,pos_pos
75.500066223,2791,3340,3340,pos_pos
75.502132903,2792,3341,3341,pos_pos
75.50408605,2792,3342,3342,pos_pos
75.506110133,2793,3343,3343,pos_pos
75.508067905,2794,3344,3344,pos_pos
75.510073169,2795,3345,3345,pos_pos
75.512059405,2796,3346,3346,pos_pos
75.514045225,2797,3347,3347,pos_pos
75.516067552,2799,3348,3348,pos_pos
75.518021949,2800,3349,3349,pos_pos
75.520074566,2802,3350,3350,pos_pos
75.522056946,2803,3351,3351,pos_pos
75.52405729,2805,3351,3351,pos_pos
75.526039464,2807,3352,3352,pos_pos
75.528006609,2808,3353,3353,pos_pos
75.529982861,2810,3355,3355,pos_pos
75.532014387,2812,3356,3356,pos_pos
75.534029695,2814,3357,3357,pos_pos
75.53600201,2816,3358,3358,pos_pos
75.53796253,2818,3359,3359,pos_pos
75.539990269,2820,3360,3360,pos_pos
75.541962595,2821,3361,3361,pos_pos
75.544018269,2823,3362,3362,pos_pos
75.545963036,2824,3363,3363,pos_pos
75.547972398,2826,3364,3364,pos_pos
75.549913588,2827,3365,3365,pos_pos
75.551908245,2829,3366,3366,pos_pos
75.553866261,2830,3367,3367,pos_pos
75.555885292,2832,3368,3368,pos_pos
75.557925976,2833,3369,3369,pos_pos
75.559872085,2834,3370,3370,pos_pos
75.561933763,2836,3372,3372,pos_pos
75.563864519,2837,3372,3372,pos_pos
75.565921316,2838,3373,3373,pos_pos
75.567955619,2840,3375,3375,pos_pos
75.569867919,2842,3375,3375,pos_pos
75.571863484,2843,3377,3377,pos_pos
75.574007597,2845,3378,3378,pos_pos
75.576002663,2847,3379,3379,pos_pos
75.57794402,2850,3379,3379,pos_pos
75.579963376,2851,3381,3381,pos_pos
75.581884204,2853,3382,3382,pos_pos
75.583891121,2855,3383,3383,pos_pos
75.585906072,2857,3384,3384,pos_pos
75.587979231,2858,3385,3385,pos_pos
75.589962635,2860,3386,3386,pos_pos
75.591908258,2862,3387,3387,pos_pos
75.593846683,2865,3388,3388,pos_pos
75.595801955,2866,3390,3390,pos_pos
75.59786653,2868,3391,3391,pos_pos
75.599953653,2870,3392,3392,pos_pos
75.601917176,2873,3393,3393,pos_pos
75.603999728,2875,3394,3394,pos_pos
75.605903913,2876,3395,3395,pos_pos
75.608025957,2878,3396,3396,pos_pos
75.60993236,2879,3397,3397,pos_pos
75.612121395,2881,3398,3398,pos_pos
75.61386552,2882,3399,3399,pos_pos
75.615954652,2883,3400,3400,pos_pos
75.617866209,2884,3401,3401,pos_pos
75.620018071,2885,3403,3403,pos_pos
75.621943837,2885,3404,3404,pos_pos
75.624032399,2886,3405,3405,pos_pos
75.62586572,2886,3406,3406,pos_pos
75.627934219,2887,3407,3407,pos_pos
75.629857531,2887,3408,3408,pos_pos
75.63179242,2888,3409,3409,pos_pos
75.633886702,2888,3410,3410,pos_pos
75.63597817,2888,3412,3412,pos_pos
75.637965984,2889,3413,3413,pos_pos
75.640016015,2889,3414,3414,pos_pos
75.64192387,2890,3415,3415,pos_pos
75.643911658,2891,3416,3416,pos_pos
75.645926344,2891,3417,3417,pos_pos
75.64789305,2892,3418,3418,pos_pos
75.649912891,2893,3419,3419,pos_pos
75.651882379,2894,3420,3420,pos_pos
75.653924228,2895,3421,3421,pos_pos
75.655887518,2896,3422,3422,pos_pos
75.65789259,2897,3423,3423,pos_pos
75.659804803,2898,3425,3425,pos_pos
75.661799192,2899,3426,3426,pos_pos
75.663887989,2901,3427,3427,pos_pos
75.665954041,2902,3428,3428,pos_pos
75.667864577,2903,3429,3429,pos_pos
75.669931316,2905,3430,3430,pos_pos
75.671922534,2906,3431,3431,pos_pos
75.674042973,2908,3432,3432,pos_pos
75.675886791,2909,3434,3434,pos_pos
75.677742196,2910,3435,3435,pos_pos
75.679849532,2911,3436,3436,pos_pos
75.68204259,2913,3437,3437,pos_pos
75.683840114,2914,3438,3438,pos_pos
75.685943631,2915,3440,3440,pos_pos
75.687816008,2916,3441,3441,pos_pos
75.689943481,2917,3442,3442,pos_pos
75.691799175,2917,3443,3443,pos_pos
75.693975593,2918,3445,3445,pos_pos
75.695720972,2919,3446,3446,pos_pos
75.697693644,2920,3447,3447,pos_pos
75.699689926,2921,3448,3448,pos_pos
75.701678892,2921,3449,3449,pos_pos
75.703694235,2922,3450,3450,pos_pos
75.705694441,2923,3451,3451,pos_pos
75.70769038,2924,3453,3453,pos_pos
75.709686744,2924,3454,3454,pos_pos
75.711658627,2925,3455,3455,pos_pos
75.713621133,2926,3456,3456,pos_pos
75.715670657,2927,3457,3457,pos_pos
75.717611934,2928,3458,3458,pos_pos
75.719665568,2929,3459,3459,pos_pos
75.721672155,2930,3461,3461,pos_pos
75.723672348,2931,3462,3462,pos_pos
75.725669384,2932,3463,3463,pos_pos
75.727661787,2934,3465,3465,pos_pos
75.729672182,2935,3466,3466,pos_pos
75.731630769,2937,3467,3467,pos_pos
75.733672691,2938,3468,3468,pos_pos
75.735662396,2939,3470,3470,pos_pos
75.737664089,2940,3471,3471,pos_pos
75.739596611,2942,3472,3472,pos_pos
75.741615571,2943,3473,3473,pos_pos
75.743623216,2944,3475,3475,pos_pos
75.745586918,2945,3476,3476,pos_pos
75.747565282,2946,3478,3478,pos_pos
75.74964599,2947,3479,3479,pos_pos
75.75155984,2948,3480,3480,pos_pos
75.753606056,2949,3482,3482,pos_pos
75.755557505,2949,3483,3483,pos_pos
75.75757421,2950,3484,3484,pos_pos
75.759596881,2951,3485,3485,pos_pos
75.761562652,2952,3487,3487,pos_pos
75.763602117,2952,3488,3488,pos_pos
75.765550731,2953,3489,3489,pos_pos
75.767542101,2953,3490,3490,pos_pos
75.769527184,2954,3492,3492,pos_pos
75.771506002,2955,3493,3493,pos_pos
75.773527714,2956,3494,3494,pos_pos
75.775527126,2956,3496,3496,pos_pos
75.7775313,2957,3497,3497,pos_pos
75.779509792,2958,3499,3499,pos_pos
75.78150056,2959,3500,3500,pos_pos
75.783577116,2959,3501,3501,pos_pos
75.785512112,2960,3502,3502,pos_pos
75.787567503,2961,3504,3504,pos_pos
75.789552542,2962,3505,3505,pos_pos
75.791539453,2963,3506,3506,pos_pos
75.793531064,2964,3508,3508,pos_pos
75.79550493,2965,3510,3510,pos_pos
75.797591293,2966,3511,3511,pos_pos
75.799587367,2967,3513,3513,pos_pos
75.801547044,2968,3514,3514,pos_pos
75.80352036,2969,3515,3515,pos_pos
75.805543932,2970,3517,3517,pos_pos
75.8075644,2971,3518,3518,pos_pos
75.809595832,2971,3520,3520,pos_pos
75.811550021,2972,3521,3521,pos_pos
75.813516401,2972,3522,3522,pos_pos
75.815530655,2973,3524,3524,pos_pos
75.817532666,2973,3525,3525,pos_pos
75.819541325,2974,3526,3526,pos_pos
75.821470044,2974,3528,3528,pos_pos
75.823448767,2974,3529,3529,pos_pos
75.825453873,2974,3530,3530,pos_pos
75.827419878,2975,3531,3531,pos_pos
75.829399694,2975,3533,3533,pos_pos
75.831388758,2975,3535,3535,pos_pos
75.83340065,2975,3536,3536,pos_pos
75.835397667,2975,3537,3537,pos_pos
75.837378873,2975,3538,3538,pos_pos
75.839381811,2975,3539,3539,pos_pos
75.841396907,2977,3542,3542,pos_pos
75.843408748,2977,3543,3543,pos_pos
75.845374786,2977,3545,3545,pos_pos
75.847390959,2977,3546,3546,pos_pos
75.849448271,2978,3548,3548,pos_pos
75.85136936,2978,3549,3549,pos_pos
75.8533546,2978,3551,3551,pos_pos
75.855332253,2979,3552,3552,pos_pos
75.857325838,2979,3553,3553,pos_pos
75.859354259,2980,3555,3555,pos_pos
75.861395739,2980,3556,3556,pos_pos
75.863353092,2981,3558,3558,pos_pos
75.865355148,2981,3559,3559,pos_pos
75.867357857,2982,3560,3560,pos_pos
75.86936835,2983,3561,3561,pos_pos
75.871334821,2984,3563,3563,pos_pos
75.873353757,2985,3564,3564,pos_pos
75.875445765,2986,3566,3566,pos_pos
75.877334298,2987,3567,3567,pos_pos
75.879334478,2987,3568,3568,pos_pos
75.881409379,2988,3570,3570,pos_pos
75.883389116,2989,3571,3571,pos_pos
75.885417871,2990,3574,3574,pos_pos
75.887337282,2991,3575,3575,pos_pos
75.889466309,2992,3577,3577,pos_pos
75.891392349,2992,3578,3578,pos_pos
75.893358216,2993,3580,3580,pos_pos
75.89536018,2994,3581,3581,pos_pos
75.897353437,2995,3582,3582,pos_pos
75.89934565,2996,3584,3584,pos_pos
75.90133245,2997,3585,3585,pos_pos
75.903419041,2998,3587,3587,pos_pos
75.905438133,2999,3588,3588,pos_pos
75.907348174,3000,3589,3589,pos_pos
75.909367597,3000,3590,3590,pos_pos
75.911360435,3001,3592,3592,pos_pos
75.913316158,3002,3593,3593,pos_pos
75.915321739,3002,3595,3595,pos_pos
75.917349316,3002,3596,3596,pos_pos
75.91929934,3003,3598,3598,pos_pos
75.920392564,3003,3599,3599,pos_pos
75.922313167,3004,3600,3600,pos_pos
75.924369049,3005,3601,3601,pos_pos
75.926346851,3005,3602,3602,pos_pos
75.928378115,3006,3604,3604,pos_pos
75.930365322,3007,3606,3606,pos_pos
75.932396561,3007,3606,3606,pos_pos
75.934273948,3008,3609,3609,pos_pos
75.936354333,3008,3610,3610,pos_pos
75.938252859,3009,3612,3612,pos_pos
75.940269368,3009,3613,3613,pos_pos
75.942265961,3010,3614,3614,pos_pos
75.944289315,3010,3616,3616,pos_pos
75.946246698,3010,3617,3617,pos_pos
75.948233239,3011,3619,3619,pos_pos
75.950197652,3011,3620,3620,pos_pos
75.952244758,3011,3621,3621,pos_pos
75.954233888,3011,3622,3622,pos_pos
75.956278379,3011,3624,3624,pos_pos
75.958267242,3012,3626,3626,pos_pos
75.960248438,3012,3628,3628,pos_pos
75.962240763,3012,3628,3628,pos_pos
75.964238198,3012,3630,3630,pos_pos
75.966246146,3012,3631,3631,pos_pos
75.968213853,3012,3632,3632,pos_pos
75.970180333,3012,3634,3634,pos_pos
75.972173796,3012,3635,3635,pos_pos
75.97420771,3012,3636,3636,pos_pos
75.976339453,3012,3638,3638,pos_pos
75.978249534,3012,3639,3639,pos_pos
75.980243147,3012,3641,3641,pos_pos
75.9822309,3012,3642,3642,pos_pos
75.984210763,3012,3644,3644,pos_pos
75.98631125,3012,3645,3645,pos_pos
75.988263415,3012,3646,3646,pos_pos
75.990226016,3012,3648,3648,pos_pos
75.992195381,3012,3649,3649,pos_pos
75.994189207,3012,3650,3650,pos_pos
75.996239367,3012,3652,3652,pos_pos
75.998200251,3012,3653,3653,pos_pos
76.000171123,3012,3655,3655,pos_pos
76.002175347,3012,3656,3656,pos_pos
76.004143394,3012,3658,3658,pos_pos
76.006214587,3012,3659,3659,pos_pos
76.008182022,3013,3660,3660,pos_pos
76.010229279,3013,3661,3661,pos_pos
76.012182693,3013,3663,3663,pos_pos
76.014199689,3013,3664,3664,pos_pos
76.016229787,3013,3666,3666,pos_pos
76.018208863,3013,3667,3667,pos_pos
76.020136385,3014,3668,3668,pos_pos
76.022081548,3014,3669,3669,pos_pos
76.024129232,3014,3671,3671,pos_pos
76.026079519,3014,3672,3672,pos_pos
76.028166031,3014,3674,3674,pos_pos
76.030137098,3014,3674,3674,pos_pos
76.032140411,3014,3676,3676,pos_pos
76.0341239,3014,3677,3677,pos_pos
76.036118781,3014,3678,3678,pos_pos
76.038057664,3014,3680,3680,pos_pos
76.040066246,3014,3681,3681,pos_pos
76.042103788,3014,3682,3682,pos_pos
76.044137312,3014,3683,3683,pos_pos
76.046154591,3014,3685,3685,pos_pos
76.04811007,3014,3686,3686,pos_pos
76.050099943,3014,3687,3687,pos_pos
76.052070688,3014,3688,3688,pos_pos
76.054112063,3014,3689,3689,pos_pos
76.056068667,3014,3690,3690,pos_pos
76.058037508,3014,3691,3691,pos_pos
76.060048007,3014,3692,3692,pos_pos
76.062100954,3014,3694,3694,pos_pos
76.064037127,3014,3694,3694,pos_pos
76.066097096,3014,3695,3695,pos_pos
76.067981495,3014,3696,3696,pos_pos
76.070024564,3014,3698,3698,pos_pos
76.072025543,3014,3699,3699,pos_pos
76.074012086,3014,3700,3700,pos_pos
76.075998061,3014,3701,3701,pos_pos
76.078027332,3014,3702,3702,pos_pos
76.080012912,3014,3703,3703,pos_pos
76.082105017,3014,3704,3704,pos_pos
76.084085669,3014,3705,3705,pos_pos
76.086073648,3014,3706,3706,pos_pos
76.088140993,3014,3707,3707,pos_pos
76.09001875,3014,3707,3707,pos_pos
76.092036658,3014,3708,3708,pos_pos
76.093957187,3014,3709,3709,pos_pos
76.095984165,3014,3709,3709,pos_pos
76.098001251,3014,3710,3710,pos_pos
76.099985455,3014,3710,3710,pos_pos
76.101983171,3014,3711,3711,pos_pos
76.103975434,3014,3711,3711,pos_pos
76.105978027,3014,3712,3712,pos_pos
76.10791833,3014,3712,3712,pos_pos
76.109976066,3014,3712,3712,pos_pos
76.111988104,3014,3712,3712,pos_pos
76.113951657,3014,3712,3712,pos_pos
76.116014133,3014,3712,3712,pos_pos
76.117985535,3014,3712,3712,pos_pos
76.120012078,3014,3712,3712,pos_pos
76.121944811,3014,3712,3712,pos_pos
76.124069069,3014,3713,3713,pos_pos
76.125950592,3014,3713,3713,pos_pos
76.127943446,3014,3713,3713,pos_pos
76.129938305,3014,3712,3712,pos_pos
76.132075213,3014,3712,3712,pos_pos
76.133924527,3014,3713,3713,pos_pos
76.136120766,3014,3713,3713,pos_pos
76.137944473,3014,3713,3713,pos_pos
76.140027766,3014,3713,3713,pos_pos
76.141941547,3014,3713,3713,pos_pos
76.14398668,3014,3713,3713,pos_pos
76.145943108,3014,3714,3714,pos_pos
76.148103537,3014,3714,3714,pos_pos
76.149874707,3014,3714,3714,pos_pos
76.151976825,3014,3715,3715,pos_pos
76.153876455,3014,3715,3715,pos_pos
76.155832669,3014,3715,3715,pos_pos
76.157834971,3014,3716,3716,pos_pos
76.15985713,3014,3716,3716,pos_pos
76.161851802,3014,3717,3717,pos_pos
76.163900785,3014,3717,3717,pos_pos
76.165894659,3014,3718,3718,pos_pos
76.167849511,3014,3719,3719,pos_pos
76.169859375,3014,3719,3719,pos_pos
76.171867333,3014,3720,3720,pos_pos
76.173877762,3014,3721,3721,pos_pos
76.17584126,3014,3722,3722,pos_pos
76.17782213,3014,3723,3723,pos_pos
76.179822104,3015,3724,3724,pos_pos
76.181829309,3015,3725,3725,pos_pos
76.183932873,3015,3726,3726,pos_pos
76.185914065,3015,3727,3727,pos_pos
76.187925892,3015,3728,3728,pos_pos
76.189847,3016,3730,3730,pos_pos
76.191834757,3016,3731,3731,pos_pos
76.193842551,3016,3732,3732,pos_pos
76.19578065,3017,3734,3734,pos_pos
76.198075819,3017,3735,3735,pos_pos
76.199751398,3018,3736,3736,pos_pos
76.202045428,3018,3737,3737,pos_pos
76.203763716,3019,3739,3739,pos_pos
76.206113468,3020,3740,3740,pos_pos
76.207745162,3020,3741,3741,pos_pos
76.209873718,3021,3742,3742,pos_pos
76.211870607,3022,3743,3743,pos_pos
76.213924009,3022,3745,3745,pos_pos
76.215738283,3023,3745,3745,pos_pos
76.217922248,3024,3746,3746,pos_pos
76.219715431,3025,3747,3747,pos_pos
76.222030756,3026,3748,3748,pos_pos
76.223724321,3027,3749,3749,pos_pos
76.225931447,3027,3750,3750,pos_pos
76.227758818,3029,3750,3750,pos_pos
76.229721677,3030,3751,3751,pos_pos
76.231727171,3030,3752,3752,pos_pos
76.233721731,3031,3752,3752,pos_pos
76.235727594,3032,3752,3752,pos_pos
76.237760982,3032,3753,3753,pos_pos
76.239727154,3033,3753,3753,pos_pos
76.241711589,3034,3753,3753,pos_pos
76.243668033,3035,3753,3753,pos_pos
76.245720919,3035,3753,3753,pos_pos
76.247718154,3036,3753,3753,pos_pos
76.24972557,3036,3753,3753,pos_pos
76.25174903,3037,3753,3753,pos_pos
76.253661712,3037,3753,3753,pos_pos
76.25568753,3037,3753,3753,pos_pos
76.257666781,3038,3754,3754,pos_pos
76.259697077,3038,3754,3754,pos_pos
76.26171669,3038,3754,3754,pos_pos
76.263710258,3038,3754,3754,pos_pos
76.265679733,3038,3754,3754,pos_pos
76.267690126,3038,3754,3754,pos_pos
76.269687708,3038,3755,3755,pos_pos
76.271695624,3038,3755,3755,pos_pos
76.273710374,3038,3755,3755,pos_pos
76.27566923,3038,3755,3755,pos_pos
76.277676093,3038,3755,3755,pos_pos
76.279722059,3038,3756,3756,pos_pos
76.281714512,3038,3756,3756,pos_pos
76.283666975,3038,3756,3756,pos_pos
76.285671486,3038,3756,3756,pos_pos
76.287632056,3038,3757,3757,pos_pos
76.289656069,3038,3758,3758,pos_pos
76.291672123,3038,3758,3758,pos_pos
76.293636113,3038,3759,3759,pos_pos
76.29573532,3038,3759,3759,pos_pos
76.297615937,3038,3760,3760,pos_pos
76.299643989,3038,3761,3761,pos_pos
76.301538569,3038,3762,3762,pos_pos
76.303656176,3038,3763,3763,pos_pos
76.305586855,3038,3764,3764,pos_pos
76.307721652,3038,3765,3765,pos_pos
76.309691797,3038,3766,3766,pos_pos
76.311641441,3038,3768,3768,pos_pos
76.313657207,3038,3769,3769,pos_pos
76.315620781,3038,3770,3770,pos_pos
76.317521828,3038,3771,3771,pos_pos
76.319505265,3038,3773,3773,pos_pos
76.321515508,3038,3774,3774,pos_pos
76.323481463,3038,3776,3776,pos_pos
76.325496008,3038,3777,3777,pos_pos
76.327517887,3038,3778,3778,pos_pos
76.329497864,3038,3780,3780,pos_pos
76.331506268,3038,3781,3781,pos_pos
76.333467055,3038,3783,3783,pos_pos
76.335493398,3038,3784,3784,pos_pos
76.337558327,3038,3786,3786,pos_pos
76.33947763,3038,3786,3786,pos_pos
76.341515769,3039,3788,3788,pos_pos
76.343476077,3039,3789,3789,pos_pos
76.345508444,3039,3791,3791,pos_pos
76.347504808,3039,3792,3792,pos_pos
76.34951797,3040,3793,3793,pos_pos
76.351503755,3040,3794,3794,pos_pos
76.353472849,3040,3795,3795,pos_pos
76.355504516,3041,3796,3796,pos_pos
76.357548113,3041,3797,3797,pos_pos
76.359470186,3042,3799,3799,pos_pos
76.361465861,3042,3799,3799,pos_pos
76.363456701,3043,3800,3800,pos_pos
76.365463383,3043,3801,3801,pos_pos
76.367426788,3044,3802,3802,pos_pos
76.369492281,3044,3803,3803,pos_pos
76.371455138,3044,3803,3803,pos_pos
76.373476747,3044,3804,3804,pos_pos
76.375442401,3044,3805,3805,pos_pos
76.377383171,3045,3805,3805,pos_pos
76.37938791,3045,3806,3806,pos_pos
76.381387468,3045,3806,3806,pos_pos
76.383375242,3046,3806,3806,pos_pos
76.385369155,3046,3806,3806,pos_pos
76.387314852,3046,3806,3806,pos_pos
76.389348784,3046,3807,3807,pos_pos
76.39137205,3046,3807,3807,pos_pos
76.393363858,3046,3807,3807,pos_pos
76.395413885,3046,3807,3807,pos_pos
76.397464669,3046,3807,3807,pos_pos
76.399419632,3046,3807,3807,pos_pos
76.401427959,3046,3807,3807,pos_pos
76.403441954,3046,3807,3807,pos_pos
76.405483411,3046,3807,3807,pos_pos
76.407433574,3046,3807,3807,pos_pos
76.409424525,3046,3807,3807,pos_pos
76.411376832,3046,3807,3807,pos_pos
76.413364773,3046,3807,3807,pos_pos
76.415325666,3046,3807,3807,pos_pos
76.417359414,3046,3807,3807,pos_pos
76.419306539,3046,3807,3807,pos_pos
76.421325274,3046,3807,3807,pos_pos
76.423350533,3046,3807,3807,pos_pos
76.425289828,3046,3807,3807,pos_pos
76.427262494,3046,3807,3807,pos_pos
76.429301362,3046,3807,3807,pos_pos
76.431276906,3046,3807,3807,pos_pos
76.433228037,3046,3807,3807,pos_pos
76.435255293,3046,3807,3807,pos_pos
76.437216815,3046,3807,3807,pos_pos
76.439237647,3046,3807,3807,pos_pos
76.441220057,3046,3807,3807,pos_pos
76.443275117,3046,3807,3807,pos_pos
76.445229241,3046,3808,3808,pos_pos
76.447313584,3046,3808,3808,pos_pos
76.449233558,3046,3808,3808,pos_pos
76.451199307,3046,3808,3808,pos_pos
76.453175233,3046,3809,3809,pos_pos
76.455195966,3046,3809,3809,pos_pos
76.45721926,3046,3810,3810,pos_pos
76.459194964,3046,3810,3810,pos_pos
76.461164398,3046,3811,3811,pos_pos
76.463195488,3046,3811,3811,pos_pos
76.465166522,3046,3812,3812,pos_pos
76.467177083,3046,3812,3812,pos_pos
76.469167413,3046,3813,3813,pos_pos
76.4712348,3046,3814,3814,pos_pos
76.473197328,3046,3814,3814,pos_pos
76.474226331,3046,3815,3815,pos_pos
76.4762356,3046,3816,3816,pos_pos
76.47820413,3046,3817,3817,pos_pos
76.480222689,3046,3818,3818,pos_pos
76.482211517,3046,3819,3819,pos_pos
76.484230168,3046,3820,3820,pos_pos
76.486219057,3046,3822,3822,pos_pos
76.488217314,3046,3822,3822,pos_pos
76.490264139,3046,3823,3823,pos_pos
76.492243973,3046,3825,3825,pos_pos
76.494280704,3047,3826,3826,pos_pos
76.496254206,3047,3827,3827,pos_pos
76.498301743,3048,3827,3827,pos_pos
76.500265153,3048,3829,3829,pos_pos
76.502287119,3049,3829,3829,pos_pos
76.504221317,3049,3830,3830,pos_pos
76.506262916,3050,3831,3831,pos_pos
76.508253911,3050,3832,3832,pos_pos
76.510209098,3051,3833,3833,pos_pos
76.512152424,3052,3834,3834,pos_pos
76.514187206,3053,3834,3834,pos_pos
76.516186466,3054,3835,3835,pos_pos
76.51821213,3055,3835,3835,pos_pos
76.520229976,3056,3835,3835,pos_pos
76.522224376,3057,3836,3836,pos_pos
76.52419933,3058,3837,3837,pos_pos
76.526181172,3059,3837,3837,pos_pos
76.528176083,3060,3837,3837,pos_pos
76.530201059,3061,3838,3838,pos_pos
76.532200441,3062,3838,3838,pos_pos
76.534223524,3063,3838,3838,pos_pos
76.53620269,3063,3838,3838,pos_pos
76.538175017,3064,3839,3839,pos_pos
76.540198148,3065,3839,3839,pos_pos
76.542151383,3065,3839,3839,pos_pos
76.544180452,3066,3839,3839,pos_pos
76.546219154,3067,3839,3839,pos_pos
76.548198027,3067,3839,3839,pos_pos
76.550236683,3067,3839,3839,pos_pos
76.552199241,3067,3839,3839,pos_pos
76.554121113,3068,3839,3839,pos_pos
76.556120119,3068,3839,3839,pos_pos
76.558093588,3068,3839,3839,pos_pos
76.560131854,3068,3839,3839,pos_pos
76.562131827,3068,3839,3839,pos_pos
76.564128221,3069,3839,3839,pos_pos
76.566126454,3069,3839,3839,pos_pos
76.568128319,3069,3839,3839,pos_pos
76.570121421,3069,3840,3840,pos_pos
76.572157267,3069,3840,3840,pos_pos
76.574093541,3069,3841,3841,pos_pos
76.576063756,3069,3841,3841,pos_pos
76.578051093,3069,3842,3842,pos_pos
76.580085644,3069,3842,3842,pos_pos
76.582102459,3069,3843,3843,pos_pos
76.58408932,3069,3843,3843,pos_pos
76.586056009,3069,3844,3844,pos_pos
76.588081335,3069,3845,3845,pos_pos
76.590093737,3069,3846,3846,pos_pos
76.592158532,3069,3848,3848,pos_pos
76.594109465,3069,3849,3849,pos_pos
76.59608615,3069,3850,3850,pos_pos
76.598086056,3069,3851,3851,pos_pos
76.600055499,3069,3853,3853,pos_pos
76.602083391,3069,3854,3854,pos_pos
76.604018424,3069,3855,3855,pos_pos
76.606027728,3069,3856,3856,pos_pos
76.608066571,3069,3858,3858,pos_pos
76.610094138,3069,3859,3859,pos_pos
76.612128242,3069,3860,3860,pos_pos
76.614063808,3069,3861,3861,pos_pos
76.616020558,3069,3862,3862,pos_pos
76.618044407,3069,3864,3864,pos_pos
76.62000994,3069,3865,3865,pos_pos
76.622014063,3069,3867,3867,pos_pos
76.623982928,3069,3868,3868,pos_pos
76.625989437,3069,3869,3869,pos_pos
76.627947643,3069,3871,3871,pos_pos
76.629940769,3069,3873,3873,pos_pos
76.631931677,3069,3874,3874,pos_pos
76.63403025,3069,3875,3875,pos_pos
76.635911115,3069,3877,3877,pos_pos
76.637942787,3069,3878,3878,pos_pos
76.639889776,3069,3879,3879,pos_pos
76.641913792,3069,3881,3881,pos_pos
76.643923999,3070,3882,3882,pos_pos
76.645858499,3070,3883,3883,pos_pos
76.647897046,3070,3884,3884,pos_pos
76.649879257,3070,3884,3884,pos_pos
76.651885205,3070,3885,3885,pos_pos
76.653856778,3070,3886,3886,pos_pos
76.655894886,3070,3886,3886,pos_pos
76.65787936,3071,3887,3887,pos_pos
76.659907578,3071,3887,3887,pos_pos
76.66185457,3071,3888,3888,pos_pos
76.663863201,3071,3888,3888,pos_pos
76.665859526,3071,3889,3889,pos_pos
76.667853222,3071,3889,3889,pos_pos
76.6698555,3071,3889,3889,pos_pos
76.671845078,3071,3889,3889,pos_pos
76.673910419,3071,3889,3889,pos_pos
76.675827978,3071,3890,3890,pos_pos
76.677862433,3071,3890,3890,pos_pos
76.679857199,3071,3890,3890,pos_pos
76.681814269,3071,3890,3890,pos_pos
76.683871895,3071,3890,3890,pos_pos
76.685797378,3071,3890,3890,pos_pos
76.687811407,3071,3890,3890,pos_pos
76.689904011,3071,3890,3890,pos_pos
76.691906618,3071,3890,3890,pos_pos
76.693869057,3071,3890,3890,pos_pos
76.695881287,3071,3890,3890,pos_pos
76.697934439,3071,3891,3891,pos_pos
76.699860741,3071,3891,3891,pos_pos
76.701901081,3071,3891,3891,pos_pos
76.703874241,3071,3892,3892,pos_pos
76.705883917,3071,3893,3893,pos_pos
76.707872372,3071,3893,3893,pos_pos
76.710136054,3071,3894,3894,pos_pos
76.711834408,3070,3895,3895,pos_pos
76.713971516,3071,3896,3896,pos_pos
76.715842392,3071,3898,3898,pos_pos
76.717986827,3070,3898,3898,pos_pos
76.719830856,3071,3899,3899,pos_pos
76.722025815,3071,3900,3900,pos_pos
76.723831761,3071,3902,3902,pos_pos
76.725952485,3071,3903,3903,pos_pos
76.727801159,3071,3904,3904,pos_pos
76.730079591,3070,3905,3905,pos_pos
76.731799393,3070,3906,3906,pos_pos
76.734087157,3071,3907,3907,pos_pos
76.7357877,3070,3908,3908,pos_pos
76.737951082,3071,3910,3910,pos_pos
76.739811722,3071,3911,3911,pos_pos
76.741874041,3071,3912,3912,pos_pos
76.743792032,3071,3913,3913,pos_pos
76.745764141,3071,3914,3914,pos_pos
76.747755294,3071,3916,3916,pos_pos
76.749783196,3071,3917,3917,pos_pos
76.751807196,3071,3918,3918,pos_pos
76.753799895,3071,3919,3919,pos_pos
76.755710323,3071,3920,3920,pos_pos
76.757761708,3071,3921,3921,pos_pos
76.759749245,3071,3922,3922,pos_pos
76.761735556,3070,3923,3923,pos_pos
76.76374212,3071,3924,3924,pos_pos
76.765739896,3071,3925,3925,pos_pos
76.767709483,3070,3925,3925,pos_pos
76.769704536,3071,3926,3926,pos_pos
76.771759365,3071,3927,3927,pos_pos
76.773757203,3071,3928,3928,pos_pos
76.775733037,3071,3929,3929,pos_pos
76.777805198,3071,3929,3929,pos_pos
76.77981342,3071,3930,3930,pos_pos
76.781736629,3070,3930,3930,pos_pos
76.78372733,3070,3930,3930,pos_pos
76.785665614,3070,3930,3930,pos_pos
76.787669908,3071,3931,3931,pos_pos
76.789712456,3071,3931,3931,pos_pos
76.791787884,3071,3931,3931,pos_pos
76.793671003,3070,3931,3931,pos_pos
76.795692838,3070,3931,3931,pos_pos
76.797704748,3071,3931,3931,pos_pos
76.799690976,3071,3930,3930,pos_pos
76.801727352,3070,3930,3930,pos_pos
76.803645934,3071,3931,3931,pos_pos
76.805625504,3070,3930,3930,pos_pos
76.807632021,3070,3930,3930,pos_pos
76.809668417,3071,3930,3930,pos_pos
76.811733111,3071,3930,3930,pos_pos
76.81362456,3070,3931,3931,pos_pos
76.815914357,3070,3931,3931,pos_pos
76.817733061,3070,3931,3931,pos_pos
76.819669637,3070,3931,3931,pos_pos
76.821622261,3070,3931,3931,pos_pos
76.823544444,3071,3931,3931,pos_pos
76.825598841,3071,3931,3931,pos_pos
76.82762476,3071,3931,3931,pos_pos
76.82952867,3071,3931,3931,pos_pos
76.831555628,3071,3931,3931,pos_pos
76.83356577,3071,3931,3931,pos_pos
76.835566782,3070,3932,3932,pos_pos
76.83762813,3071,3932,3932,pos_pos
76.839648761,3071,3932,3932,pos_pos
76.841648903,3070,3932,3932,pos_pos
76.843634618,3071,3932,3932,pos_pos
76.845612601,3070,3932,3932,pos_pos
76.847600103,3070,3932,3932,pos_pos
76.849551612,3070,3933,3933,pos_pos
76.851581675,3070,3933,3933,pos_pos
76.853568083,3070,3933,3933,pos_pos
76.855536746,3070,3934,3934,pos_pos
76.857540344,3069,3934,3934,pos_pos
76.859525829,3069,3935,3935,pos_pos
76.861542633,3069,3935,3935,pos_pos
76.863537267,3069,3936,3936,pos_pos
76.865517749,3069,3936,3936,pos_pos
76.867559439,3069,3937,3937,pos_pos
76.869501117,3069,3939,3939,pos_pos
76.871468961,3069,3939,3939,pos_pos
76.873514024,3069,3940,3940,pos_pos
76.875507216,3069,3941,3941,pos_pos
76.877523326,3069,3943,3943,pos_pos
76.879536196,3069,3944,3944,pos_pos
76.881516678,3069,3944,3944,pos_pos
76.883534404,3069,3946,3946,pos_pos
76.885546458,3069,3946,3946,pos_pos
76.887576576,3069,3947,3947,pos_pos
76.88949639,3069,3948,3948,pos_pos
76.891500113,3069,3949,3949,pos_pos
76.893520808,3069,3949,3949,pos_pos
76.895437006,3069,3949,3949,pos_pos
76.897536731,3069,3950,3950,pos_pos
76.899511568,3069,3950,3950,pos_pos
76.901462402,3069,3950,3950,pos_pos
76.903514116,3069,3951,3951,pos_pos
76.905492573,3069,3951,3951,pos_pos
76.907517347,3069,3951,3951,pos_pos
76.909446579,3069,3951,3951,pos_pos
76.911435928,3069,3951,3951,pos_pos
76.913467542,3069,3951,3951,pos_pos
76.915454782,3069,3951,3951,pos_pos
76.917484382,3069,3951,3951,pos_pos
76.919528295,3069,3951,3951,pos_pos
76.92150763,3069,3951,3951,pos_pos
76.923439905,3069,3951,3951,pos_pos
76.925460353,3069,3951,3951,pos_pos
76.927462686,3069,3951,3951,pos_pos
76.92953139,3069,3950,3950,pos_pos
76.931454409,3069,3950,3950,pos_pos
76.933452339,3069,3950,3950,pos_pos
76.935435428,3069,3950,3950,pos_pos
76.937361722,3069,3950,3950,pos_pos
76.939418271,3069,3950,3950,pos_pos
76.94137841,3069,3950,3950,pos_pos
76.943378322,3069,3951,3951,pos_pos
76.945379081,3069,3951,3951,pos_pos
76.947384162,3069,3951,3951,pos_pos
76.949403535,3069,3951,3951,pos_pos
76.951385944,3069,3951,3951,pos_pos
76.953354826,3069,3951,3951,pos_pos
76.955405477,3069,3951,3951,pos_pos
76.957360995,3069,3951,3951,pos_pos
76.959398817,3069,3952,3952,pos_pos
76.961436483,3069,3952,3952,pos_pos
76.963373454,3069,3952,3952,pos_pos
76.965370789,3069,3952,3952,pos_pos
76.96740603,3069,3953,3953,pos_pos
76.969425434,3069,3953,3953,pos_pos
76.971445595,3069,3953,3953,pos_pos
76.973377917,3069,3954,3954,pos_pos
76.975419632,3069,3954,3954,pos_pos
76.977391966,3069,3955,3955,pos_pos
76.97939466,3069,3956,3956,pos_pos
76.981405558,3069,3956,3956,pos_pos
76.983336325,3069,3957,3957,pos_pos
76.985370508,3069,3958,3958,pos_pos
76.987368203,3069,3959,3959,pos_pos
76.989378646,3069,3960,3960,pos_pos
76.991331483,3069,3961,3961,pos_pos
76.993322606,3069,3962,3962,pos_pos
76.995281604,3069,3963,3963,pos_pos
76.997289491,3069,3964,3964,pos_pos
76.999350345,3069,3965,3965,pos_pos
77.001310753,3069,3966,3966,pos_pos
77.003280068,3069,3967,3967,pos_pos
77.005318615,3069,3968,3968,pos_pos
77.007366714,3069,3969,3969,pos_pos
77.009379602,3069,3970,3970,pos_pos
77.011406149,3069,3971,3971,pos_pos
77.013403784,3069,3972,3972,pos_pos
77.015333985,3069,3973,3973,pos_pos
77.017333619,3069,3973,3973,pos_pos
77.019243345,3069,3974,3974,pos_pos
77.021324471,3069,3975,3975,pos_pos
77.023306884,3069,3975,3975,pos_pos
77.02523569,3069,3976,3976,pos_pos
77.027265363,3069,3976,3976,pos_pos
77.029235163,3069,3976,3976,pos_pos
77.03134349,3069,3976,3976,pos_pos
77.033404494,3069,3976,3976,pos_pos
77.035331074,3069,3976,3976,pos_pos
77.037289767,3069,3976,3976,pos_pos
77.039304972,3069,3976,3976,pos_pos
77.041298648,3069,3976,3976,pos_pos
77.043271663,3069,3976,3976,pos_pos
77.045271524,3069,3976,3976,pos_pos
77.047236575,3069,3976,3976,pos_pos
77.049328306,3069,3977,3977,pos_pos
77.051309118,3069,3977,3977,pos_pos
77.053251103,3069,3976,3976,pos_pos
77.055309688,3069,3976,3976,pos_pos
77.057395384,3069,3976,3976,pos_pos
77.059348055,3069,3976,3976,pos_pos
77.061243688,3069,3976,3976,pos_pos
77.063344017,3069,3976,3976,pos_pos
77.065316477,3069,3976,3976,pos_pos
77.067270818,3069,3975,3975,pos_pos
77.069334313,3069,3975,3975,pos_pos
77.071271254,3069,3975,3975,pos_pos
77.073269132,3069,3975,3975,pos_pos
77.075301683,3069,3975,3975,pos_pos
77.077264517,3069,3975,3975,pos_pos
77.079180089,3069,3975,3975,pos_pos
77.081243617,3069,3975,3975,pos_pos
77.083194378,3069,3976,3976,pos_pos
77.085172584,3069,3976,3976,pos_pos
77.08716029,3069,3976,3976,pos_pos
77.089160853,3069,3976,3976,pos_pos
77.091181069,3069,3976,3976,pos_pos
77.093166107,3069,3977,3977,pos_pos
77.095119794,3069,3977,3977,pos_pos
77.097223844,3069,3977,3977,pos_pos
77.09920104,3069,3977,3977,pos_pos
77.101285666,3069,3977,3977,pos_pos
77.103284288,3069,3978,3978,pos_pos
77.105303243,3069,3979,3979,pos_pos
77.107114845,3068,3979,3979,pos_pos
77.109152383,3068,3980,3980,pos_pos
77.111091276,3068,3981,3981,pos_pos
77.11311245,3068,3982,3982,pos_pos
77.115049487,3068,3983,3983,pos_pos
77.117062028,3068,3983,3983,pos_pos
77.11905401,3068,3984,3984,pos_pos
77.121150923,3068,3985,3985,pos_pos
77.123102509,3068,3987,3987,pos_pos
77.125064614,3068,3988,3988,pos_pos
77.127048678,3068,3988,3988,pos_pos
77.129082844,3068,3988,3988,pos_pos
77.131080656,3068,3989,3989,pos_pos
77.133125103,3068,3991,3991,pos_pos
77.135071478,3068,3992,3992,pos_pos
77.137123025,3068,3992,3992,pos_pos
77.139110294,3068,3994,3994,pos_pos
77.141039596,3068,3995,3995,pos_pos
77.143055099,3068,3995,3995,pos_pos
77.145105287,3068,3996,3996,pos_pos
77.14701863,3068,3998,3998,pos_pos
77.149057884,3068,3998,3998,pos_pos
77.151038215,3068,3998,3998,pos_pos
77.153072211,3068,3999,3999,pos_pos
77.155046418,3068,4000,4000,pos_pos
77.1571154,3068,4000,4000,pos_pos
77.159063898,3068,4001,4001,pos_pos
77.161082352,3068,4001,4001,pos_pos
77.163105843,3068,4001,4001,pos_pos
77.165004663,3068,4001,4001,pos_pos
83.070258162,-165,-3,-3,neg_neg
83.072278334,-165,-5,-5,neg_neg
83.074235541,-165,-7,-7,neg_neg
83.076253641,-166,-9,-9,neg_neg
83.078282326,-167,-11,-11,neg_neg
83.080241676,-167,-12,-12,neg_neg
83.082191708,-168,-13,-13,neg_neg
83.084282514,-169,-15,-15,neg_neg
83.086251353,-170,-16,-16,neg_neg
83.088288961,-171,-17,-17,neg_neg
83.090292248,-172,-18,-18,neg_neg
83.092194243,-172,-18,-18,neg_neg
83.094080422,-173,-18,-18,neg_neg
83.09613784,-174,-18,-18,neg_neg
83.098069601,-175,-19,-19,neg_neg
83.100179132,-176,-19,-19,neg_neg
83.102119068,-177,-19,-19,neg_neg
83.104198753,-178,-19,-19,neg_neg
83.106102981,-179,-19,-19,neg_neg
83.108061132,-179,-19,-19,neg_neg
