%time,field.layout.data_offset,field.data0,field.data1,field.data2,field.data3
1754273625237031884,0,0,0,0,0
1754273625239066745,0,0,0,0,0
1754273625241024483,0,0,0,0,0
1754273625450577775,0,5,2,0,-7
1754273625460480460,0,8,3,0,-7
1754273625462588005,0,8,4,0,-7
1754273625464514629,0,9,4,0,-7
1754273625466515813,0,9,5,0,-7
1754273625468528698,0,9,6,0,-7
1754273625470487446,0,9,6,0,-7
1754273625472509980,0,9,7,0,-7
1754273625474570152,0,9,8,0,-7
1754273625476484870,0,9,9,0,-7
1754273625478522626,0,9,10,0,-7
1754273625480482069,0,9,10,0,-7
1754273625482484885,0,9,11,0,-7
1754273625484414954,0,9,12,0,-7
1754273625486484938,0,9,13,0,-7
1754273625488450687,0,8,14,0,-7
1754273625490427434,0,9,14,1,-7
1754273625492456473,0,9,15,1,-7
1754273625494487142,0,9,15,1,-7
1754273625496452288,0,9,16,2,-7
1754273625498477539,0,9,16,2,-7
1754273625500429665,0,9,17,3,-7
1754273625502364975,0,9,18,3,-7
1754273625504465564,0,9,18,3,-7
1754273625506518520,0,9,19,4,-6
1754273625508420626,0,10,19,4,-7
1754273625510447915,0,10,19,4,-6
1754273625512645634,0,10,19,5,-6
1754273625514488062,0,10,20,5,-6
1754273625516650429,0,10,20,5,-6
1754273625518535261,0,11,20,6,-6
1754273625520522524,0,11,20,6,-7
1754273625522519217,0,12,20,6,-6
1754273625524478578,0,12,20,6,-6
1754273625526552997,0,13,20,7,-7
1754273625528525124,0,13,20,7,-6
1754273625530476812,0,13,19,7,-6
1754273625532498700,0,14,19,7,-6
1754273625534391129,0,14,19,8,-6
1754273625536635933,0,14,19,8,-6
1754273625538390386,0,15,19,8,-6
1754273625540414268,0,15,19,8,-6
1754273625542466606,0,16,18,9,-6
1754273625544373291,0,16,18,9,-5
1754273625546396287,0,16,18,9,-6
1754273625548504066,0,17,18,9,-5
1754273625550407465,0,18,18,9,-5
1754273625552371153,0,18,18,9,-5
1754273625554379694,0,18,18,9,-5
1754273625556354006,0,19,17,9,-5
1754273625558373006,0,20,17,9,-5
1754273625560378831,0,21,17,9,-5
1754273625562338639,0,21,17,9,-5
1754273625564392175,0,22,18,10,-4
1754273625566347531,0,23,18,10,-5
1754273625568322813,0,24,18,10,-4
1754273625570378428,0,24,19,11,-4
1754273625572259925,0,25,19,11,-4
1754273625574310522,0,26,19,11,-4
1754273625576320383,0,26,20,12,-3
1754273625578334885,0,26,20,12,-3
1754273625580269917,0,27,21,13,-3
1754273625582284053,0,28,22,13,-3
1754273625584269535,0,29,23,14,-2
1754273625586287420,0,29,23,14,-2
1754273625588289589,0,30,24,15,-2
1754273625590264760,0,31,25,15,-1
1754273625592340710,0,31,25,16,-1
1754273625594328417,0,31,26,16,-1
1754273625596321936,0,32,27,17,-1
1754273625598262669,0,32,28,18,-1
1754273625600261867,0,32,29,19,0
1754273625602334644,0,32,30,19,0
1754273625604252779,0,33,31,20,0
1754273625606309396,0,33,32,20,0
1754273625608259150,0,33,33,21,0
1754273625609311106,0,33,34,21,1
1754273625611268129,0,34,34,22,1
1754273625613202685,0,34,35,23,1
1754273625615211040,0,34,36,23,1
1754273625617204303,0,34,37,24,1
1754273625619211869,0,35,38,25,2
1754273625621229207,0,35,39,26,2
1754273625623209419,0,35,40,26,2
1754273625625182909,0,35,41,27,2
1754273625627171046,0,35,41,27,2
1754273625629213391,0,35,42,28,2
1754273625631204048,0,35,43,29,3
1754273625633208386,0,35,43,29,3
1754273625635170522,0,35,44,30,3
1754273625637146452,0,35,44,30,4
1754273625639181619,0,35,44,31,4
1754273625641175847,0,36,44,31,5
1754273625643145512,0,36,45,32,5
1754273625645184831,0,36,44,32,6
1754273625647170233,0,36,44,33,6
1754273625649153666,0,37,44,33,7
1754273625651211725,0,37,44,33,7
1754273625653160430,0,37,44,34,8
1754273625655201992,0,38,43,34,8
1754273625657166777,0,38,43,34,9
1754273625659182932,0,39,43,34,9
1754273625661163434,0,39,42,35,9
1754273625663194688,0,39,41,35,10
1754273625665083508,0,40,41,35,10
1754273625667111425,0,41,41,35,11
1754273625669180153,0,42,40,36,11
1754273625671055359,0,42,40,36,12
1754273625673072464,0,43,39,36,13
1754273625675074272,0,44,39,36,13
1754273625677091782,0,45,39,36,14
1754273625679118024,0,46,39,36,14
1754273625681060167,0,47,38,37,15
1754273625683003857,0,48,38,37,15
1754273625685045407,0,49,38,37,16
1754273625687075195,0,50,38,37,16
1754273625689065847,0,51,38,38,17
1754273625691046190,0,52,38,38,18
1754273625693076180,0,53,39,38,18
1754273625695053943,0,53,39,39,19
1754273625697041206,0,54,39,39,19
1754273625699043896,0,55,40,39,20
1754273625701033738,0,56,40,40,21
1754273625703013599,0,57,40,40,21
1754273625705089190,0,58,40,41,21
1754273625707041130,0,58,41,42,21
1754273625709062651,0,59,41,42,22
1754273625710999168,0,59,41,43,22
1754273625712978316,0,60,42,44,22
1754273625714996860,0,60,43,44,22
1754273625716995380,0,60,43,45,22
1754273625718997333,0,61,44,45,22
1754273625720974152,0,61,45,46,23
1754273625722995058,0,61,45,47,23
1754273625724976833,0,61,46,48,23
1754273625726998100,0,61,47,48,23
1754273625728995248,0,62,48,48,24
1754273625730894660,0,62,48,49,24
1754273625732941119,0,62,49,50,25
1754273625734917101,0,62,50,50,25
1754273625736926978,0,62,51,51,25
1754273625738946573,0,62,52,52,25
1754273625740911098,0,62,53,53,26
1754273625742948913,0,62,54,53,26
1754273625744959324,0,62,55,54,27
1754273625746983031,0,62,56,55,27
1754273625748956974,0,62,56,56,28
1754273625750988860,0,62,57,56,28
1754273625752928653,0,63,58,57,28
1754273625754900450,0,63,59,57,29
1754273625756906302,0,63,60,58,30
1754273625758914779,0,64,61,58,30
1754273625760936268,0,64,62,59,31
1754273625762919846,0,65,62,59,31
1754273625764903453,0,65,63,60,32
1754273625766937065,0,66,64,61,32
1754273625768889292,0,66,64,61,33
1754273625770943401,0,67,65,61,34
1754273625773010264,0,67,66,62,34
1754273625774824223,0,68,66,62,36
1754273625776856118,0,68,67,63,36
1754273625778857310,0,69,68,63,37
1754273625780886214,0,69,68,63,37
1754273625782902206,0,70,69,64,38
1754273625784895314,0,71,69,64,39
1754273625786873039,0,72,70,65,40
1754273625788972114,0,73,71,65,40
1754273625790884713,0,74,71,65,41
1754273625792917432,0,74,71,65,42
1754273625794868889,0,75,71,66,43
1754273625796920888,0,76,71,66,43
1754273625798856185,0,77,72,66,44
1754273625800884052,0,78,72,67,45
1754273625802852583,0,79,72,67,46
1754273625804876040,0,80,72,67,46
1754273625806872513,0,81,72,67,47
1754273625808889272,0,81,72,67,48
1754273625810881398,0,82,72,67,49
1754273625812836140,0,83,72,67,50
1754273625814923871,0,84,72,66,51
1754273625816903941,0,84,73,66,51
1754273625818855108,0,85,72,66,52
1754273625820987412,0,85,72,65,53
1754273625822932631,0,86,73,65,54
1754273625824943840,0,87,73,65,55
1754273625826981068,0,87,73,64,56
1754273625828953701,0,88,73,64,57
1754273625830989572,0,88,73,63,57
1754273625832873301,0,89,73,62,59
1754273625834860144,0,89,74,62,59
1754273625836877105,0,90,74,61,60
1754273625838853221,0,90,74,60,61
1754273625840898539,0,90,75,59,61
1754273625842834152,0,90,75,59,62
1754273625844771931,0,91,76,58,63
1754273625846828785,0,91,77,58,63
1754273625848803237,0,90,77,58,64
1754273625850718081,0,90,77,58,64
1754273625852719121,0,90,78,57,64
1754273625854767979,0,90,79,57,65
1754273625856806701,0,90,80,58,65
1754273625858816901,0,90,81,57,65
1754273625860727491,0,90,82,57,66
1754273625862771936,0,90,83,57,66
1754273625864800583,0,90,84,58,67
1754273625866709769,0,90,85,58,67
1754273625868824160,0,90,86,58,67
1754273625870738951,0,90,87,58,68
1754273625872691990,0,89,88,58,68
1754273625874661955,0,89,89,59,68
1754273625876672997,0,89,91,59,69
1754273625878682436,0,89,92,59,69
1754273625880697225,0,89,93,60,69
1754273625882696081,0,89,94,60,70
1754273625884673920,0,88,95,61,70
1754273625886654001,0,88,96,61,71
1754273625888681012,0,88,97,62,71
1754273625890691239,0,88,98,62,72
1754273625892637362,0,88,98,62,72
1754273625894727986,0,88,99,63,73
1754273625896724816,0,88,100,63,74
1754273625898671793,0,88,101,63,74
1754273625900660044,0,88,102,64,75
1754273625902629146,0,88,102,64,75
1754273625904648433,0,87,103,64,76
1754273625906657605,0,87,103,64,77
1754273625908701486,0,87,104,64,78
1754273625910611031,0,87,104,64,78
1754273625912608072,0,88,104,64,79
1754273625914592557,0,88,104,64,80
1754273625916649033,0,88,104,65,81
1754273625918626277,0,88,104,65,81
1754273625920631649,0,87,104,65,82
1754273625922589623,0,88,103,65,83
1754273625924565430,0,88,103,65,84
1754273625926541857,0,88,103,65,85
1754273625928569555,0,88,103,65,86
1754273625930559575,0,88,103,65,87
1754273625932521357,0,88,102,66,87
1754273625934544510,0,88,102,66,88
1754273625936549441,0,88,102,66,89
1754273625938581196,0,89,101,66,89
1754273625940526722,0,89,101,66,90
1754273625942578583,0,89,101,66,91
1754273625944544643,0,89,101,67,91
1754273625946543808,0,89,101,67,92
1754273625948505795,0,89,101,68,92
1754273625950543613,0,90,101,68,93
1754273625952521252,0,89,101,69,93
1754273625954605110,0,89,102,69,94
1754273625956542420,0,89,102,70,94
1754273625958641777,0,89,102,71,94
1754273625960539684,0,90,102,71,94
1754273625962550310,0,89,102,72,94
1754273625964525784,0,89,102,73,95
1754273625966595701,0,89,102,73,95
1754273625968502449,0,89,103,74,95
1754273625970533104,0,89,103,75,95
1754273625972423725,0,89,103,76,95
1754273625974502489,0,89,103,77,95
1754273625976520021,0,89,104,78,95
1754273625978592666,0,88,105,79,95
1754273625980449256,0,88,105,80,96
1754273625982446650,0,88,106,81,96
1754273625984477213,0,88,107,81,96
1754273625986535387,0,88,107,82,95
1754273625988509227,0,88,108,83,96
1754273625990518261,0,88,109,84,96
1754273625992468139,0,87,109,84,96
1754273625994471739,0,88,110,85,96
1754273625996423223,0,88,110,86,96
1754273625998427108,0,88,111,86,96
1754273626000432213,0,88,112,86,96
1754273626002475715,0,88,112,86,96
1754273626004505769,0,88,112,87,96
1754273626006401081,0,88,112,87,96
1754273626008418811,0,88,113,87,97
1754273626010475068,0,88,113,87,97
1754273626012411027,0,89,113,88,97
1754273626014437918,0,89,113,88,97
1754273626016402296,0,90,113,88,97
1754273626018428834,0,90,113,89,98
1754273626020399282,0,91,113,89,98
1754273626022408993,0,91,113,89,98
1754273626024384759,0,92,113,89,98
1754273626026463741,0,93,113,89,99
1754273626028663376,0,94,113,90,99
1754273626030394487,0,95,114,90,100
1754273626032465479,0,96,114,90,100
1754273626034448328,0,96,114,90,100
1754273626036560973,0,98,114,90,100
1754273626038421004,0,99,114,90,101
1754273626040614497,0,100,115,90,101
1754273626042402506,0,102,115,91,101
1754273626044357820,0,103,115,91,101
1754273626046336518,0,103,116,92,102
1754273626048357460,0,105,116,92,102
1754273626050343824,0,106,116,93,102
1754273626052324860,0,107,117,93,102
1754273626054428020,0,108,117,93,103
1754273626056570046,0,110,118,93,103
1754273626058431229,0,111,119,94,103
1754273626060341435,0,112,119,94,104
1754273626062396004,0,113,120,95,104
1754273626064688238,0,114,121,95,104
1754273626066444346,0,115,122,95,105
1754273626068346584,0,115,123,96,105
1754273626070360322,0,117,124,96,105
1754273626072333804,0,117,125,96,106
1754273626074350480,0,118,126,96,106
1754273626076380152,0,118,128,96,106
1754273626078305529,0,119,129,97,107
1754273626080305134,0,119,130,97,107
1754273626082334339,0,119,131,97,107
1754273626084328153,0,120,132,97,107
1754273626086322558,0,120,134,97,108
1754273626088270589,0,121,135,98,108
1754273626090293536,0,121,136,98,109
1754273626092317978,0,122,137,98,110
1754273626094296834,0,122,139,98,110
1754273626096263422,0,122,140,98,111
1754273626098277428,0,123,141,99,111
1754273626100241954,0,123,143,99,112
1754273626102314359,0,124,144,99,113
1754273626104366445,0,124,145,99,113
1754273626106286003,0,124,147,99,114
1754273626108335420,0,124,148,99,115
1754273626110381721,0,124,149,99,116
1754273626112256146,0,125,151,99,116
1754273626114286781,0,125,152,100,117
1754273626116242365,0,125,152,100,117
1754273626118313044,0,125,154,100,119
1754273626120271019,0,125,155,100,120
1754273626122283352,0,125,156,100,121
1754273626124262348,0,126,157,101,122
1754273626126262007,0,126,158,101,123
1754273626128191117,0,126,160,101,124
1754273626130283360,0,126,160,101,124
1754273626132253058,0,127,162,102,126
1754273626134275456,0,127,162,102,127
1754273626136194982,0,127,163,102,128
1754273626138260063,0,128,163,103,129
1754273626140152396,0,128,164,103,130
1754273626142150001,0,129,165,103,131
1754273626144143411,0,129,165,103,132
1754273626146144659,0,130,166,104,134
1754273626148204927,0,131,166,104,135
1754273626150226011,0,131,167,104,136
1754273626152111693,0,131,167,105,137
1754273626154110173,0,132,167,105,139
1754273626156119475,0,133,167,105,140
1754273626158149829,0,133,167,105,141
1754273626160234649,0,133,167,106,142
1754273626162139834,0,134,167,106,144
1754273626164219685,0,134,167,106,144
1754273626166192655,0,135,167,107,146
1754273626168122544,0,135,167,108,147
1754273626170184441,0,136,167,108,148
1754273626172154770,0,136,167,109,149
1754273626174201183,0,136,167,110,150
1754273626176162155,0,137,167,110,151
1754273626178058839,0,137,167,111,152
1754273626180027097,0,137,167,112,153
1754273626182075992,0,137,167,112,153
1754273626184071182,0,137,167,113,154
1754273626186090553,0,137,167,114,155
1754273626188076706,0,137,167,115,156
1754273626190076935,0,137,168,117,156
1754273626192116151,0,136,168,118,157
1754273626194055481,0,136,168,120,157
1754273626196088276,0,136,168,120,158
1754273626198026957,0,136,168,123,158
1754273626200152935,0,136,168,124,158
1754273626202020568,0,136,169,126,159
1754273626204062880,0,136,169,127,159
1754273626206067791,0,136,170,128,160
1754273626208032401,0,136,171,130,160
1754273626210060300,0,136,171,131,160
1754273626212155120,0,136,172,133,160
1754273626214045473,0,136,173,133,161
1754273626216003835,0,136,174,134,161
1754273626218048509,0,136,175,136,161
1754273626220014444,0,136,175,137,161
1754273626222059938,0,136,176,138,161
1754273626223970146,0,136,177,140,162
1754273626225999932,0,136,178,140,162
1754273626228003763,0,136,179,141,162
1754273626229984978,0,136,180,141,162
1754273626232024128,0,136,181,142,162
1754273626234020875,0,136,182,143,163
1754273626236016865,0,136,184,143,163
1754273626238002277,0,136,185,143,163
1754273626239992479,0,137,186,144,163
1754273626241962651,0,137,187,144,163
1754273626243990316,0,138,188,144,163
1754273626245937726,0,138,189,144,164
1754273626247955652,0,139,190,145,164
1754273626249910089,0,139,191,145,165
1754273626251880626,0,140,193,145,165
1754273626253902274,0,141,193,145,165
1754273626255994034,0,143,194,146,166
1754273626257953635,0,144,195,146,166
1754273626259874388,0,145,196,146,167
1754273626261961633,0,146,197,146,168
1754273626263961583,0,147,198,146,168
1754273626265971835,0,149,199,146,169
1754273626267987032,0,150,200,146,170
1754273626269946800,0,151,201,146,171
1754273626271882953,0,153,202,146,172
1754273626273985394,0,155,203,146,172
1754273626275893769,0,157,204,146,173
1754273626277880248,0,158,205,147,174
1754273626279923435,0,160,206,147,175
1754273626281940306,0,161,207,147,176
1754273626283906379,0,163,207,147,177
1754273626285871388,0,165,208,147,178
1754273626287961814,0,166,208,147,179
1754273626289896459,0,167,209,147,179
1754273626291894640,0,169,210,147,181
1754273626293902458,0,170,210,147,182
1754273626295923309,0,172,210,147,183
1754273626297837652,0,173,210,147,184
1754273626299857915,0,174,210,147,185
1754273626301931253,0,176,210,147,186
1754273626303883837,0,177,210,147,187
1754273626305857619,0,178,211,148,188
1754273626307877796,0,179,211,148,189
1754273626309840484,0,179,211,148,190
1754273626311933907,0,180,211,148,191
1754273626313853745,0,181,212,149,192
1754273626315923235,0,181,212,149,194
1754273626317820307,0,182,213,149,194
1754273626319845673,0,183,214,150,195
1754273626321833337,0,183,214,150,196
1754273626323821445,0,183,215,151,197
1754273626325804985,0,184,216,151,198
1754273626327787698,0,184,217,152,198
1754273626329824567,0,184,218,153,199
1754273626331823128,0,184,219,153,200
1754273626333831084,0,184,220,154,200
1754273626335868413,0,184,222,155,201
1754273626337841528,0,184,223,156,201
1754273626339841772,0,184,224,157,202
1754273626341822550,0,183,225,158,203
1754273626343784051,0,183,226,159,204
1754273626345768887,0,183,228,160,204
1754273626347794251,0,183,229,161,205
1754273626349756387,0,182,230,162,205
1754273626351789174,0,182,232,164,206
1754273626353788939,0,182,233,165,207
1754273626355716453,0,181,235,166,207
1754273626357813102,0,181,235,168,207
1754273626359749848,0,180,238,169,208
1754273626361733116,0,180,239,170,209
1754273626363690985,0,180,241,171,209
1754273626365788361,0,179,242,173,210
1754273626367791532,0,179,244,174,211
1754273626369793897,0,179,246,175,212
1754273626371772457,0,179,247,176,212
1754273626373745488,0,179,249,177,213
1754273626375704135,0,179,250,177,214
1754273626377739720,0,179,251,178,215
1754273626379663811,0,179,252,179,215
1754273626381781383,0,179,253,179,217
1754273626383708739,0,180,255,179,218
1754273626385695436,0,180,256,179,219
1754273626387691504,0,180,257,180,220
1754273626389648515,0,180,258,180,221
1754273626391772807,0,181,259,180,222
1754273626393675149,0,182,259,181,223
1754273626395683466,0,183,259,181,224
1754273626397680620,0,183,259,181,226
1754273626399689513,0,184,259,182,227
1754273626401658640,0,185,259,182,228
1754273626403697185,0,186,259,182,229
1754273626405689479,0,186,259,183,230
1754273626407676605,0,187,259,183,232
1754273626409726282,0,188,260,183,233
1754273626411685665,0,190,260,184,234
1754273626413825839,0,191,260,184,236
1754273626415644133,0,192,260,184,238
1754273626417660065,0,193,260,185,238
1754273626419631018,0,194,260,185,239
1754273626421598724,0,195,260,186,241
1754273626423637097,0,195,260,186,242
1754273626425625266,0,196,261,187,243
1754273626427627362,0,197,261,187,244
1754273626429643215,0,198,261,188,245
1754273626431640722,0,199,261,188,246
1754273626433623243,0,200,261,189,247
1754273626435642887,0,201,262,189,248
1754273626437671943,0,202,262,190,249
1754273626439594311,0,203,262,191,249
1754273626441699856,0,204,264,192,250
1754273626443568699,0,205,265,193,251
1754273626445580546,0,205,265,194,251
1754273626447603941,0,206,266,196,252
1754273626449543999,0,206,267,196,252
1754273626451567925,0,207,268,198,253
1754273626453613984,0,207,269,199,254
1754273626455564799,0,207,269,200,254
1754273626457515449,0,207,270,202,254
1754273626459607298,0,207,271,203,255
1754273626461542020,0,207,274,205,255
1754273626463534504,0,207,275,207,256
1754273626465533260,0,207,276,208,256
1754273626467561325,0,206,277,210,256
1754273626469467745,0,206,278,211,257
1754273626471512542,0,206,280,213,257
1754273626473589066,0,206,282,215,257
1754273626475516388,0,206,284,216,258
1754273626477533708,0,206,285,218,258
1754273626479521845,0,206,286,219,259
1754273626481462755,0,205,287,221,259
1754273626483507021,0,206,289,222,260
1754273626485468751,0,206,290,224,260
1754273626487464764,0,206,292,225,261
1754273626489409400,0,205,293,226,261
1754273626491529880,0,206,294,227,262
1754273626493529230,0,206,296,228,263
1754273626495524330,0,206,297,229,263
1754273626497428470,0,206,298,230,264
1754273626499494789,0,207,299,230,265
1754273626501527241,0,207,300,231,266
1754273626503731804,0,208,301,231,267
1754273626505480882,0,209,302,231,268
1754273626507632261,0,210,303,231,269
1754273626509513985,0,211,304,231,270
1754273626511534857,0,211,304,231,271
1754273626513517496,0,212,305,231,272
1754273626515804643,0,212,306,231,273
1754273626517509955,0,213,306,231,274
1754273626519580992,0,215,307,231,275
1754273626521506336,0,216,308,231,277
1754273626523722954,0,217,308,231,278
1754273626525393066,0,218,308,231,279
1754273626527659419,0,219,309,231,280
1754273626529479827,0,221,309,231,282
1754273626531575269,0,223,309,232,283
1754273626533378383,0,224,309,232,284
1754273626535392819,0,226,310,232,285
1754273626537375326,0,227,310,232,286
1754273626539399916,0,227,310,233,287
1754273626541395625,0,228,310,233,288
1754273626543389989,0,230,310,233,290
1754273626545442947,0,231,310,234,291
1754273626547413819,0,233,311,234,292
1754273626549402403,0,234,311,235,293
1754273626551430762,0,235,311,235,294
1754273626553437415,0,236,311,236,295
1754273626555416636,0,238,311,237,296
1754273626557400953,0,239,312,237,297
1754273626559428216,0,240,312,238,298
1754273626561363031,0,240,312,238,299
1754273626563368068,0,241,312,239,299
1754273626565491293,0,242,313,239,300
1754273626567396300,0,243,313,240,301
1754273626569378676,0,243,313,240,301
1754273626571366221,0,244,314,241,302
1754273626573506907,0,245,315,242,303
1754273626575396814,0,245,315,243,303
1754273626577382801,0,245,316,244,304
1754273626579445922,0,245,316,245,304
1754273626581411273,0,245,317,246,304
1754273626583395870,0,246,318,247,305
1754273626585536390,0,245,318,248,305
1754273626587315815,0,245,319,250,306
1754273626589271134,0,245,320,251,306
1754273626591246488,0,245,321,252,306
1754273626593372284,0,245,322,253,306
1754273626595297490,0,245,324,255,307
1754273626597263546,0,245,325,256,307
1754273626599296421,0,245,326,257,307
1754273626601351281,0,245,328,258,308
1754273626603296716,0,245,329,259,308
1754273626605312834,0,244,330,260,308
1754273626607257000,0,244,332,261,309
1754273626609174733,0,244,333,262,309
1754273626611244996,0,244,335,263,310
1754273626613175289,0,244,336,264,310
1754273626615247410,0,244,337,265,310
1754273626617338250,0,244,338,265,311
1754273626619289160,0,245,341,266,311
1754273626621316698,0,245,342,266,312
1754273626623239591,0,245,344,267,312
1754273626625272040,0,246,345,267,313
1754273626627251168,0,246,346,267,315
1754273626629237260,0,246,347,267,315
1754273626631219559,0,247,349,268,316
1754273626633218272,0,248,350,268,317
1754273626635221212,0,249,352,268,318
1754273626637224503,0,250,353,269,319
1754273626639174104,0,251,354,269,320
1754273626641169354,0,252,355,269,321
1754273626643256231,0,253,356,270,322
1754273626645187678,0,254,357,270,322
1754273626647259143,0,255,357,271,323
1754273626649180998,0,256,358,271,325
1754273626651242569,0,258,359,271,326
1754273626653201108,0,259,360,272,327
1754273626655281802,0,260,360,273,328
1754273626657158977,0,262,360,273,330
1754273626659260032,0,263,360,273,331
1754273626661170617,0,264,360,273,332
1754273626663166187,0,266,360,274,334
1754273626665184759,0,267,360,274,335
1754273626667115676,0,268,360,275,336
1754273626669176850,0,270,360,275,337
1754273626671121633,0,271,360,275,339
1754273626673098808,0,273,360,276,340
1754273626675123374,0,274,360,276,341
1754273626677126912,0,275,360,276,342
1754273626679085579,0,276,360,277,343
1754273626681113168,0,277,360,277,344
1754273626683076916,0,279,360,278,346
1754273626685142429,0,280,360,278,346
1754273626687094630,0,281,361,279,348
1754273626689097984,0,282,361,279,349
1754273626691038321,0,282,362,279,349
1754273626693019893,0,283,362,280,350
1754273626695053966,0,284,363,281,351
1754273626697077330,0,285,364,281,352
1754273626699094289,0,285,365,282,352
1754273626701065484,0,286,366,283,353
1754273626703046886,0,286,367,284,354
1754273626705043373,0,286,368,285,354
1754273626707035018,0,287,369,285,355
1754273626709078147,0,287,370,287,356
1754273626711035430,0,287,372,288,356
1754273626713062805,0,288,373,288,357
1754273626715063285,0,288,375,289,357
1754273626717029484,0,287,376,290,358
1754273626719067184,0,288,377,291,358
1754273626721011370,0,288,379,292,358
1754273626723032531,0,287,381,293,359
1754273626725086497,0,288,382,294,359
1754273626727045298,0,288,384,295,360
1754273626728993917,0,288,385,296,360
1754273626731057383,0,288,387,297,361
1754273626732995803,0,288,389,299,361
1754273626735061361,0,288,390,299,362
1754273626736959597,0,289,391,301,362
1754273626739047516,0,289,393,301,363
1754273626740987659,0,289,395,303,364
1754273626742960884,0,289,397,304,364
1754273626745064573,0,289,398,305,364
1754273626746968132,0,290,400,306,366
1754273626748996908,0,290,402,307,366
1754273626750972057,0,291,403,308,367
1754273626752953914,0,291,405,309,368
1754273626754963093,0,293,407,309,369
1754273626756940562,0,293,408,310,370
1754273626758940679,0,294,410,311,371
1754273626760924372,0,295,411,312,372
1754273626762960862,0,296,412,312,373
1754273626764919681,0,297,414,313,374
1754273626766965752,0,298,415,314,376
1754273626768902858,0,299,416,315,377
1754273626770904848,0,300,417,315,378
1754273626773005219,0,301,417,316,380
1754273626774970080,0,303,418,316,381
1754273626776935766,0,304,418,317,383
1754273626778920424,0,305,418,318,384
1754273626780914133,0,306,419,318,386
1754273626782946190,0,308,420,319,387
1754273626784947197,0,309,420,320,389
1754273626786944300,0,311,421,320,390
1754273626788892562,0,312,421,321,392
1754273626790911443,0,314,422,322,393
1754273626792879409,0,316,422,322,395
1754273626794879967,0,317,423,322,396
1754273626796934887,0,319,423,323,398
1754273626798879969,0,320,424,324,399
1754273626800865945,0,321,424,324,400
1754273626802884548,0,322,424,325,402
1754273626804868634,0,323,425,326,403
1754273626806834357,0,325,425,326,405
1754273626808883302,0,326,425,327,406
1754273626810846745,0,327,426,328,407
1754273626812845588,0,328,426,328,408
1754273626814799788,0,329,427,329,410
1754273626816865571,0,330,427,330,411
1754273626818831544,0,331,428,330,412
1754273626820832779,0,332,429,331,413
1754273626822794209,0,333,429,332,414
1754273626824837646,0,335,430,333,414
1754273626826807322,0,336,431,334,416
1754273626828846812,0,337,432,335,417
1754273626830829142,0,338,433,336,417
1754273626832851714,0,338,434,337,418
1754273626834820644,0,339,435,338,419
1754273626836826697,0,340,436,339,420
1754273626838818882,0,340,437,341,421
1754273626840832814,0,340,438,342,421
1754273626842851952,0,340,440,343,422
1754273626844818764,0,340,441,345,422
1754273626846843563,0,340,442,346,423
1754273626848813633,0,340,443,348,423
1754273626850714470,0,340,445,349,424
1754273626852817041,0,340,446,350,425
1754273626854836635,0,340,448,351,426
1754273626856823799,0,340,449,352,426
1754273626858821935,0,340,450,354,427
1754273626860788194,0,340,451,355,427
1754273626862744334,0,340,452,356,428
1754273626864768933,0,340,454,357,429
1754273626866796267,0,341,456,358,429
1754273626868772379,0,341,457,359,430
1754273626870729747,0,341,459,360,431
1754273626872761886,0,341,460,361,432
1754273626874813085,0,342,462,362,432
1754273626876749387,0,342,463,363,433
1754273626878805595,0,343,465,364,434
1754273626880787435,0,344,467,364,435
1754273626882787646,0,344,468,365,436
1754273626884795294,0,345,469,366,437
1754273626886755689,0,345,471,367,438
1754273626888696854,0,346,472,368,439
1754273626890676618,0,347,473,368,440
1754273626892644286,0,348,474,368,441
1754273626894657821,0,348,475,370,441
1754273626896745776,0,349,476,370,443
1754273626898791849,0,350,477,371,444
1754273626900723408,0,351,478,372,445
1754273626902756335,0,352,479,373,446
1754273626904705371,0,353,480,373,448
1754273626906680221,0,354,481,373,449
1754273626908722195,0,355,482,374,450
1754273626910702031,0,356,483,375,452
1754273626912664886,0,357,484,375,453
1754273626914665787,0,358,485,376,454
1754273626916639325,0,360,486,377,455
1754273626918651344,0,361,487,377,456
1754273626920594313,0,362,488,378,458
1754273626922613301,0,364,489,379,459
1754273626924563826,0,365,490,379,461
1754273626926768866,0,366,491,380,462
1754273626928667488,0,368,491,380,463
1754273626930583517,0,370,492,381,465
1754273626932583866,0,371,493,382,466
1754273626934534814,0,373,493,382,467
1754273626936598681,0,375,494,383,468
1754273626938581846,0,376,495,383,470
1754273626940551908,0,377,495,384,471
1754273626942591132,0,379,496,385,472
1754273626944639591,0,380,497,386,474
1754273626946572844,0,382,498,386,475
1754273626948541535,0,383,498,387,476
1754273626950575400,0,384,499,388,477
1754273626952592794,0,386,500,389,478
1754273626954590652,0,387,501,389,479
1754273626956557954,0,388,502,390,481
1754273626958533335,0,389,503,391,482
1754273626960544371,0,391,504,392,483
1754273626962505590,0,391,505,393,484
1754273626964499998,0,392,506,394,485
1754273626966541192,0,393,508,395,486
1754273626968485034,0,394,509,396,487
1754273626970694949,0,394,510,397,488
1754273626972516224,0,395,512,398,489
1754273626974632915,0,395,513,399,490
1754273626976542658,0,395,514,400,491
1754273626978639823,0,396,516,401,492
1754273626980532204,0,396,517,402,493
1754273626982647873,0,396,519,403,494
1754273626984471364,0,396,520,404,495
1754273626986459644,0,397,522,405,496
1754273626988489409,0,397,524,406,497
1754273626990653662,0,397,526,407,497
1754273626992472006,0,397,527,408,498
1754273626994570965,0,397,529,409,499
1754273626996496926,0,397,531,410,500
1754273626998549016,0,397,532,411,501
1754273627000465502,0,398,534,412,502
1754273627002466012,0,398,536,413,503
1754273627004436312,0,398,538,414,504
1754273627006560311,0,399,540,415,505
1754273627008426255,0,399,541,416,506
1754273627010421182,0,400,543,417,507
1754273627012387909,0,400,545,418,508
1754273627014374515,0,401,548,418,510
1754273627016405091,0,402,549,419,511
1754273627018419325,0,402,551,420,512
1754273627020509591,0,404,552,421,513
1754273627022434270,0,404,554,422,515
1754273627024421029,0,405,555,423,516
1754273627026417941,0,406,556,423,518
1754273627028420227,0,408,557,424,519
1754273627030403585,0,409,559,425,520
1754273627032421380,0,410,560,426,522
1754273627034457124,0,411,561,427,523
1754273627036376818,0,412,562,428,525
1754273627038529760,0,414,564,429,526
1754273627040391731,0,416,564,429,528
1754273627042403682,0,417,565,430,530
1754273627044450132,0,418,566,431,531
1754273627046420885,0,419,566,431,533
1754273627048389267,0,420,567,432,534
1754273627050383660,0,422,568,433,536
1754273627052376617,0,424,568,433,538
1754273627054398976,0,425,569,434,540
1754273627056343211,0,427,570,435,541
1754273627058393122,0,427,570,435,543
1754273627060348140,0,430,571,436,544
1754273627062355584,0,431,572,436,546
1754273627064370016,0,433,572,437,548
1754273627066351712,0,434,573,438,549
1754273627068345292,0,436,574,439,550
1754273627070344698,0,437,574,439,552
1754273627072339713,0,439,575,441,553
1754273627074344476,0,440,575,442,555
1754273627076345372,0,441,576,442,556
1754273627078337881,0,443,576,444,557
1754273627080486292,0,444,577,445,559
1754273627082326056,0,445,578,446,560
1754273627084321917,0,446,580,447,561
1754273627086340267,0,447,580,449,562
1754273627088330145,0,447,581,450,563
1754273627090272152,0,448,582,452,564
1754273627092246839,0,448,583,453,565
1754273627094273251,0,449,584,455,566
1754273627096312788,0,449,585,456,567
1754273627098299393,0,450,586,458,568
1754273627100290421,0,450,587,459,569
1754273627102308053,0,450,589,461,569
1754273627104250732,0,451,590,463,569
1754273627106287387,0,451,591,464,570
1754273627108223850,0,451,593,466,571
1754273627110242356,0,451,596,468,572
1754273627112264036,0,451,597,470,573
1754273627114228365,0,451,599,472,574
1754273627116257947,0,451,600,474,574
1754273627118268419,0,451,602,476,575
1754273627120292043,0,451,603,478,576
1754273627122232715,0,451,605,480,577
1754273627124228476,0,451,607,482,577
1754273627126234920,0,451,609,483,578
1754273627128177502,0,451,610,485,579
1754273627130230953,0,451,613,486,580
1754273627132267191,0,451,615,488,581
1754273627134236224,0,451,617,489,582
1754273627136230013,0,451,618,489,582
1754273627138272437,0,452,620,490,584
1754273627140243388,0,452,622,491,585
1754273627142273706,0,454,624,491,586
1754273627144346740,0,454,625,492,587
1754273627146315933,0,454,626,492,588
1754273627148309926,0,455,628,492,589
1754273627150313539,0,456,629,492,591
1754273627152176536,0,458,631,493,592
1754273627154273388,0,459,632,493,593
1754273627156241266,0,460,632,494,595
1754273627158140617,0,461,633,494,596
1754273627160122856,0,463,633,495,597
1754273627162123002,0,464,633,495,599
1754273627164133848,0,466,634,496,600
1754273627166169319,0,467,634,496,602
1754273627168243651,0,468,634,496,603
1754273627170106044,0,470,634,496,605
1754273627172242694,0,472,634,497,606
1754273627174245933,0,474,635,498,608
1754273627176167179,0,475,635,498,609
1754273627178105663,0,477,635,499,610
1754273627180095749,0,479,635,499,612
1754273627182077546,0,480,635,500,614
1754273627184111112,0,482,635,501,615
1754273627186043134,0,483,635,502,616
1754273627188077149,0,485,635,502,617
1754273627190098148,0,487,635,503,619
1754273627192028617,0,488,635,504,620
1754273627194017410,0,489,635,505,621
1754273627196057843,0,491,636,505,623
1754273627198072301,0,492,636,506,623
1754273627200108279,0,493,636,506,624
1754273627202074403,0,494,637,507,625
1754273627204131360,0,495,637,508,626
1754273627206011324,0,496,638,508,627
1754273627208027718,0,497,638,509,628
1754273627209966332,0,497,638,510,629
1754273627212024991,0,498,639,511,629
1754273627213976233,0,499,640,512,630
1754273627215982860,0,499,640,512,631
1754273627217974185,0,500,640,513,631
1754273627219964505,0,500,641,514,632
1754273627222028562,0,500,642,516,632
1754273627224014026,0,500,643,517,632
1754273627226045186,0,500,645,519,633
1754273627227971930,0,500,645,519,633
1754273627230010198,0,500,646,520,634
1754273627232051216,0,500,647,522,634
1754273627233965569,0,500,648,523,634
1754273627236021934,0,500,650,525,635
1754273627238006678,0,500,652,527,635
1754273627239999514,0,500,653,528,636
1754273627241989528,0,500,654,529,636
1754273627243910047,0,500,656,530,636
1754273627245999835,0,500,658,532,637
1754273627247936249,0,500,660,534,637
1754273627250083161,0,500,661,534,637
1754273627252039711,0,500,663,536,638
1754273627253979151,0,500,664,537,638
1754273627255965336,0,501,666,537,638
1754273627257991610,0,501,667,539,639
1754273627259918993,0,501,669,539,639
1754273627261909657,0,502,670,541,640
1754273627263901093,0,502,672,541,641
1754273627265933176,0,502,674,542,641
1754273627267965588,0,503,675,543,642
1754273627269948611,0,503,676,544,643
1754273627271921641,0,504,678,545,644
1754273627273877960,0,505,679,546,645
1754273627275970651,0,505,680,546,646
1754273627277923883,0,506,681,547,646
1754273627279926650,0,507,682,548,647
1754273627281908775,0,508,682,548,649
1754273627283863063,0,509,683,549,650
1754273627285869072,0,510,683,550,651
1754273627287887664,0,510,684,550,652
1754273627289874532,0,512,684,551,653
1754273627291925916,0,513,684,552,654
1754273627293858639,0,514,684,553,656
1754273627295890217,0,516,684,553,657
1754273627297846864,0,517,684,554,658
1754273627299860025,0,518,684,555,660
1754273627301925930,0,520,684,555,661
1754273627303871220,0,521,684,556,662
1754273627305851905,0,523,684,557,664
1754273627307821868,0,525,683,557,665
1754273627309917873,0,526,683,558,666
1754273627311852314,0,528,682,558,667
1754273627313934767,0,530,682,559,668
1754273627315924141,0,531,682,559,670
1754273627318027097,0,533,682,559,671
1754273627319884908,0,534,682,559,672
1754273627321797117,0,536,682,559,673
1754273627323822194,0,537,682,559,674
1754273627325757895,0,539,683,560,675
1754273627327803343,0,540,683,560,676
1754273627329789891,0,542,684,560,676
1754273627331772287,0,543,684,561,677
1754273627333788325,0,544,684,561,678
1754273627335782412,0,545,685,562,678
1754273627337839949,0,546,686,562,679
1754273627339770100,0,547,686,562,680
1754273627341755513,0,548,687,563,680
1754273627343731709,0,549,688,563,680
1754273627345742737,0,549,688,564,681
1754273627347774218,0,550,689,564,681
1754273627349754649,0,551,690,565,681
1754273627351795901,0,551,691,566,682
1754273627353771877,0,551,692,566,682
1754273627355688584,0,551,694,567,682
1754273627357726984,0,551,695,568,682
1754273627359685918,0,552,696,568,683
1754273627361715988,0,552,698,569,683
1754273627363689791,0,552,699,570,683
1754273627365705069,0,552,700,570,683
1754273627367708484,0,552,702,571,684
1754273627369695359,0,552,704,572,684
1754273627371667318,0,552,706,573,684
1754273627373696525,0,552,708,574,685
1754273627375698107,0,552,709,574,685
1754273627377707307,0,552,711,575,685
1754273627379714012,0,553,713,576,686
1754273627381656173,0,553,715,576,686
1754273627383715547,0,553,717,577,687
1754273627385734801,0,554,718,578,687
1754273627387647644,0,554,721,578,687
1754273627389659062,0,555,722,579,688
1754273627391684708,0,555,724,579,689
1754273627393677834,0,556,726,580,690
1754273627395731363,0,556,728,581,690
1754273627397747755,0,557,730,581,691
1754273627399634762,0,558,732,582,692
1754273627401733585,0,558,734,583,694
1754273627403670428,0,559,736,583,694
1754273627405632964,0,560,738,584,695
1754273627407748695,0,561,739,584,697
1754273627409656345,0,562,740,585,698
1754273627411621801,0,564,742,586,699
1754273627413668686,0,565,744,587,701
1754273627415651373,0,566,745,588,702
1754273627417645571,0,567,746,588,704
1754273627419676854,0,569,748,589,705
1754273627421643817,0,570,749,590,707
1754273627423726491,0,572,750,590,709
1754273627425631348,0,573,751,591,710
1754273627427666133,0,575,751,592,712
1754273627429587333,0,576,752,592,714
1754273627431564446,0,578,754,593,716
1754273627433587829,0,579,754,594,717
1754273627435559091,0,581,755,595,719
1754273627437567950,0,583,756,596,721
1754273627439565074,0,585,757,596,723
1754273627441632047,0,587,758,597,724
1754273627443597190,0,588,758,598,726
1754273627445614115,0,590,759,598,728
1754273627447630424,0,592,760,599,730
1754273627449623565,0,593,761,600,731
1754273627451552079,0,595,761,601,733
1754273627453649342,0,596,762,602,735
1754273627455711389,0,598,763,602,737
1754273627457702398,0,600,763,603,738
1754273627459642949,0,601,764,604,740
1754273627461810726,0,603,764,605,742
1754273627463788038,0,604,764,605,744
1754273627465756902,0,606,765,606,745
1754273627467572659,0,607,766,607,746
1754273627469483853,0,608,767,608,748
1754273627471497099,0,610,768,609,749
1754273627473647187,0,611,769,610,751
1754273627475587801,0,612,770,611,752
1754273627477616279,0,613,770,612,753
1754273627479591155,0,614,771,613,754
1754273627481573328,0,615,773,614,756
1754273627483652183,0,615,774,614,757
1754273627485608618,0,616,776,616,758
1754273627487522429,0,616,777,617,759
1754273627489529946,0,617,777,618,760
1754273627491547403,0,617,779,619,761
1754273627493555877,0,617,781,620,761
1754273627495497787,0,617,782,621,763
1754273627497492349,0,617,784,622,764
1754273627499488636,0,617,786,624,765
1754273627501557735,0,617,788,625,765
1754273627503633104,0,617,790,626,766
1754273627505626775,0,617,791,627,767
1754273627507496055,0,617,793,629,768
1754273627509568852,0,617,795,630,769
1754273627511502886,0,617,796,631,770
1754273627513493843,0,617,798,633,770
1754273627515489868,0,617,800,634,771
1754273627517469506,0,617,802,635,772
1754273627519449647,0,617,803,637,773
1754273627521534283,0,618,805,638,774
1754273627523631506,0,618,807,640,775
1754273627525496856,0,618,809,641,776
1754273627527563120,0,619,812,642,777
1754273627529582191,0,620,814,643,778
1754273627531631443,0,620,816,644,779
1754273627533561955,0,621,817,645,780
1754273627535560181,0,622,819,646,781
1754273627537422352,0,623,821,647,782
1754273627539524646,0,624,822,648,784
1754273627541405006,0,625,824,648,785
1754273627543706005,0,626,824,650,787
1754273627545479800,0,627,826,650,788
1754273627547569659,0,628,827,651,789
1754273627549440866,0,630,827,652,791
1754273627551565705,0,631,829,653,793
1754273627553428052,0,632,830,653,794
1754273627555519946,0,634,830,654,796
1754273627557490087,0,635,830,655,797
1754273627559612624,0,637,831,656,799
1754273627561472579,0,639,831,657,801
1754273627563369223,0,640,831,658,802
1754273627565467449,0,642,831,658,804
1754273627567411246,0,644,831,660,806
1754273627569400763,0,645,831,660,807
1754273627571402327,0,647,831,661,809
1754273627573383766,0,649,831,662,810
1754273627575390193,0,650,831,663,813
1754273627577406260,0,652,831,664,814
1754273627579395496,0,653,831,665,815
1754273627581509057,0,655,831,666,817
1754273627583397586,0,656,832,666,818
1754273627585406861,0,658,832,667,820
1754273627587370493,0,659,832,668,821
1754273627589447822,0,661,832,669,822
1754273627591379902,0,662,833,670,823
1754273627593356995,0,664,833,671,824
1754273627595328663,0,665,834,672,825
1754273627597347300,0,666,834,672,827
1754273627599298458,0,667,835,673,827
1754273627601320052,0,668,836,674,828
1754273627603279619,0,669,837,675,829
1754273627605354449,0,670,837,676,829
1754273627607288904,0,671,838,677,830
1754273627609328705,0,672,839,679,831
1754273627611251186,0,673,840,680,831
1754273627613318608,0,673,842,681,832
1754273627615377344,0,674,843,683,832
1754273627617387819,0,675,844,684,832
1754273627619274664,0,675,845,685,833
1754273627621298510,0,675,846,686,833
1754273627623299376,0,675,848,688,834
1754273627625322055,0,676,849,689,834
1754273627627289701,0,676,851,690,834
1754273627629250078,0,676,853,691,835
1754273627631232183,0,676,855,692,835
1754273627633240759,0,676,857,693,836
1754273627635255428,0,676,858,694,836
1754273627637253139,0,676,860,695,836
1754273627639222428,0,676,862,696,837
1754273627641215480,0,676,864,697,837
1754273627643226402,0,676,866,697,838
1754273627645188783,0,676,868,698,838
1754273627647211991,0,677,870,699,839
1754273627649153622,0,677,872,700,839
1754273627651183557,0,677,874,701,840
1754273627653259257,0,678,876,702,841
1754273627655209482,0,678,878,703,842
1754273627657209884,0,679,879,704,842
1754273627659200974,0,679,882,704,843
1754273627661216112,0,680,884,705,844
1754273627663179812,0,681,885,706,845
1754273627665177376,0,682,887,707,846
1754273627667193497,0,683,889,708,848
1754273627669207881,0,684,891,709,849
1754273627671219919,0,685,892,709,850
1754273627673154680,0,687,894,710,851
1754273627675164129,0,687,895,711,852
1754273627677153993,0,689,896,712,854
1754273627679268542,0,690,898,713,855
1754273627681118069,0,693,899,714,857
1754273627683079085,0,693,900,714,858
1754273627685137998,0,695,901,716,860
1754273627687095356,0,697,902,716,862
1754273627689131689,0,699,902,717,864
1754273627691246635,0,700,903,718,866
1754273627693236689,0,702,904,719,867
1754273627695141825,0,704,904,720,869
1754273627697071089,0,706,905,721,871
1754273627699073118,0,707,905,722,873
1754273627701083909,0,708,905,723,875
1754273627703074034,0,710,905,724,877
1754273627705098112,0,712,906,724,878
1754273627707099126,0,714,906,725,880
1754273627709097064,0,716,906,726,882
1754273627711103477,0,717,907,727,884
1754273627713059424,0,719,907,728,885
1754273627715023570,0,721,907,729,887
1754273627717025090,0,722,908,730,888
1754273627719022030,0,724,908,730,890
1754273627721072448,0,725,909,731,892
1754273627723019503,0,726,909,732,893
1754273627725069828,0,728,909,732,895
1754273627727098994,0,729,909,733,896
1754273627729041275,0,729,910,734,897
1754273627731020004,0,730,910,735,899
1754273627733023417,0,731,911,736,900
1754273627735042377,0,732,911,737,901
1754273627737062359,0,733,912,737,902
1754273627739086619,0,733,913,738,903
1754273627741066094,0,734,913,739,904
1754273627742972529,0,734,914,740,905
1754273627744975281,0,734,914,740,906
1754273627747038818,0,735,915,741,907
1754273627748981419,0,735,916,743,907
1754273627751044739,0,735,917,743,908
1754273627752984673,0,735,919,744,909
1754273627754980474,0,735,920,745,909
1754273627756970711,0,735,921,746,910
1754273627758974259,0,735,922,747,910
1754273627760995685,0,735,924,748,911
1754273627762979222,0,735,926,749,912
1754273627764944184,0,735,927,750,912
1754273627766989408,0,735,929,751,913
1754273627769035118,0,735,930,752,913
1754273627771007218,0,735,932,752,913
1754273627773026648,0,736,934,753,914
1754273627775041534,0,736,936,754,914
1754273627776973255,0,736,937,755,914
1754273627778964090,0,736,940,756,915
1754273627780994578,0,736,941,757,916
1754273627783003562,0,737,943,758,916
1754273627785010164,0,737,946,760,917
1754273627787000491,0,738,948,761,918
1754273627788965070,0,738,949,762,919
1754273627790967493,0,739,951,762,919
1754273627792922544,0,740,953,763,920
1754273627794997522,0,741,955,764,921
1754273627796950602,0,742,956,765,921
1754273627798985960,0,742,958,766,922
1754273627800889509,0,744,959,767,923
1754273627802914064,0,744,961,767,924
1754273627804884645,0,746,962,768,925
1754273627806911332,0,747,963,770,926
1754273627808928306,0,748,965,770,927
1754273627810872538,0,749,966,771,929
1754273627812916197,0,749,967,773,930
1754273627814920190,0,751,968,773,932
1754273627816882531,0,752,969,774,933
1754273627818868236,0,753,970,775,934
1754273627820933597,0,755,971,776,936
1754273627822894678,0,756,972,777,937
1754273627824874573,0,757,972,777,939
1754273627826831647,0,759,973,778,940
1754273627828823110,0,761,973,779,941
1754273627830827868,0,762,973,780,943
1754273627832861109,0,764,973,781,944
1754273627834788207,0,766,974,782,946
1754273627836846685,0,767,973,782,948
1754273627838808521,0,769,974,783,949
1754273627840827596,0,771,973,784,951
1754273627842851692,0,773,973,785,953
1754273627844813633,0,774,973,786,955
1754273627846816429,0,776,973,787,956
1754273627848833761,0,778,973,787,958
1754273627850757041,0,779,973,788,959
1754273627852776250,0,780,973,789,960
1754273627854730213,0,782,973,790,962
1754273627856769662,0,783,973,791,963
1754273627858742962,0,785,974,792,964
1754273627860761466,0,785,974,793,965
1754273627862769019,0,787,974,794,966
1754273627864811902,0,788,975,794,967
1754273627866744252,0,789,975,796,968
1754273627868773725,0,790,976,797,969
1754273627870790257,0,791,976,798,970
1754273627872806901,0,792,977,799,970
1754273627874732853,0,793,978,800,971
1754273627876749574,0,794,979,800,972
1754273627878719373,0,795,980,801,973
1754273627880720792,0,796,982,802,973
1754273627882768546,0,796,982,803,974
1754273627884693482,0,797,985,804,974
1754273627886691767,0,798,986,805,974
1754273627888757265,0,799,987,806,975
1754273627890723543,0,799,989,807,976
1754273627892702611,0,800,991,808,976
1754273627894741461,0,801,993,808,976
1754273627896719686,0,801,994,810,976
1754273627898697517,0,801,995,810,977
1754273627900720115,0,802,997,811,977
1754273627902695168,0,802,999,813,977
1754273627904688482,0,803,1002,813,978
1754273627906728687,0,803,1004,814,978
1754273627908670241,0,803,1005,815,979
1754273627910640589,0,804,1008,816,979
1754273627912637010,0,804,1009,817,980
1754273627914683593,0,805,1011,817,981
1754273627916664995,0,806,1014,819,981
1754273627918660851,0,806,1015,819,982
1754273627920755895,0,807,1017,820,983
1754273627922718210,0,808,1020,821,983
1754273627924650549,0,809,1021,822,984
1754273627926647257,0,810,1023,823,985
1754273627928652800,0,811,1025,824,986
1754273627930666843,0,812,1028,825,987
1754273627932640604,0,812,1030,826,989
1754273627934651407,0,814,1032,827,990
1754273627936645526,0,815,1034,828,991
1754273627938634802,0,816,1037,829,992
1754273627940601541,0,817,1038,829,994
1754273627942669107,0,819,1039,830,995
1754273627944570210,0,820,1040,831,996
1754273627946589781,0,822,1042,832,998
1754273627948559138,0,823,1043,833,1000
1754273627950607558,0,825,1044,833,1002
1754273627952568663,0,827,1045,834,1003
1754273627954587538,0,828,1046,835,1005
1754273627956709227,0,830,1046,836,1007
1754273627958703454,0,831,1047,837,1008
1754273627960656601,0,833,1048,837,1010
1754273627962665815,0,834,1048,838,1012
1754273627964686678,0,836,1049,839,1014
1754273627966661999,0,837,1049,840,1016
1754273627968595376,0,839,1050,841,1018
1754273627970475350,0,840,1050,842,1020
1754273627972480770,0,842,1051,843,1022
1754273627974499130,0,844,1052,843,1024
1754273627976473818,0,845,1052,844,1026
1754273627978487055,0,847,1053,845,1028
1754273627980530045,0,848,1053,846,1030
1754273627982518022,0,850,1053,847,1032
1754273627984519720,0,851,1054,848,1033
1754273627986508682,0,853,1054,849,1035
1754273627988473593,0,855,1055,849,1037
1754273627990571321,0,855,1055,850,1038
1754273627992489077,0,856,1056,851,1040
1754273627994619942,0,858,1057,852,1041
1754273627996422968,0,859,1057,853,1042
1754273627998668946,0,860,1058,854,1044
1754273628000455418,0,861,1058,855,1045
1754273628002529395,0,861,1059,856,1047
1754273628004470710,0,862,1060,857,1047
1754273628006614387,0,863,1061,858,1049
1754273628008493924,0,864,1063,859,1049
1754273628010564332,0,865,1064,859,1050
1754273628012422729,0,866,1066,860,1051
1754273628014586807,0,866,1067,861,1052
1754273628016410435,0,867,1069,862,1053
1754273628018572944,0,867,1070,863,1054
1754273628020409299,0,867,1072,864,1054
1754273628022442852,0,867,1074,866,1055
1754273628024469351,0,867,1075,866,1056
1754273628026517642,0,867,1077,867,1057
1754273628028430439,0,867,1079,868,1058
1754273628030579984,0,868,1081,869,1059
1754273628032404562,0,868,1083,870,1059
1754273628034404220,0,868,1085,871,1060
1754273628036380233,0,868,1087,872,1061
1754273628038342907,0,869,1088,873,1061
1754273628040371526,0,869,1090,874,1062
1754273628042336326,0,869,1093,875,1063
1754273628044398107,0,870,1094,876,1064
1754273628046447885,0,870,1096,877,1065
1754273628048371010,0,871,1098,878,1065
1754273628050448630,0,871,1100,879,1066
1754273628052370084,0,872,1101,880,1067
1754273628054412412,0,873,1103,882,1068
1754273628056336241,0,873,1105,884,1070
1754273628058370741,0,874,1106,884,1071
1754273628060339042,0,875,1108,886,1072
1754273628062388370,0,876,1109,887,1073
1754273628064329349,0,877,1110,887,1074
1754273628066298237,0,878,1112,888,1075
1754273628068294976,0,879,1113,889,1077
1754273628070327952,0,880,1114,890,1079
1754273628072384462,0,881,1115,891,1080
1754273628074386303,0,882,1115,891,1081
1754273628076302250,0,883,1116,892,1082
1754273628078322964,0,884,1116,893,1083
1754273628080285935,0,886,1117,894,1085
1754273628082304096,0,887,1117,895,1087
1754273628084289427,0,888,1118,896,1088
1754273628086318244,0,890,1118,897,1089
1754273628088323497,0,891,1119,898,1091
1754273628090324080,0,892,1120,899,1093
1754273628092323270,0,894,1120,900,1094
1754273628094294847,0,895,1121,901,1096
1754273628096304415,0,897,1121,902,1097
1754273628098311432,0,898,1122,903,1099
1754273628100295979,0,900,1122,904,1100
1754273628102286421,0,901,1122,905,1102
1754273628104293008,0,902,1123,906,1103
1754273628106276152,0,904,1123,907,1105
1754273628107331754,0,904,1124,908,1106
1754273628109291396,0,906,1124,909,1107
1754273628111311350,0,907,1124,910,1109
1754273628113374086,0,908,1125,911,1110
1754273628115312566,0,909,1126,912,1111
1754273628117320745,0,910,1127,913,1112
1754273628119247969,0,911,1127,914,1113
1754273628121257315,0,912,1128,915,1114
1754273628123233132,0,913,1129,916,1115
1754273628125196972,0,914,1130,917,1117
1754273628127195374,0,915,1132,918,1117
1754273628129227023,0,916,1133,919,1118
1754273628131245036,0,916,1134,920,1119
1754273628133284613,0,917,1136,921,1120
1754273628135271251,0,917,1137,923,1121
1754273628137235550,0,917,1138,923,1122
1754273628139216271,0,918,1140,924,1123
1754273628141145246,0,918,1142,925,1123
1754273628143182812,0,918,1143,927,1124
1754273628145261092,0,918,1145,928,1124
1754273628147168986,0,918,1147,929,1125
1754273628149139974,0,918,1149,930,1126
1754273628151158331,0,919,1150,932,1127
1754273628153144929,0,919,1152,933,1127
1754273628155155197,0,919,1153,934,1128
1754273628157195452,0,920,1155,936,1129
1754273628159251498,0,920,1157,937,1130
1754273628161271973,0,920,1158,938,1130
1754273628163253838,0,921,1159,938,1131
1754273628165156668,0,921,1161,940,1132
1754273628167146566,0,921,1162,941,1133
1754273628169132181,0,922,1163,942,1134
1754273628171137364,0,922,1164,943,1135
1754273628173068637,0,923,1165,944,1136
1754273628175099206,0,923,1167,944,1137
1754273628177130729,0,924,1168,946,1138
1754273628179153726,0,925,1169,947,1139
1754273628181121090,0,926,1170,948,1140
1754273628183110356,0,927,1171,949,1141
1754273628185094690,0,928,1171,950,1142
1754273628187144733,0,929,1173,951,1143
1754273628189094003,0,930,1173,952,1144
1754273628191106242,0,931,1174,953,1146
1754273628193112070,0,932,1174,954,1147
1754273628195163504,0,933,1175,955,1148
1754273628197177216,0,935,1175,956,1150
1754273628199141160,0,936,1176,957,1151
1754273628201106031,0,938,1176,958,1152
1754273628203109081,0,939,1177,959,1153
1754273628205034594,0,940,1177,960,1154
1754273628207056030,0,942,1177,961,1156
1754273628209086273,0,944,1177,962,1157
1754273628211164127,0,945,1177,963,1159
1754273628213091833,0,946,1178,964,1160
1754273628215070833,0,948,1178,965,1161
1754273628217062381,0,949,1178,966,1162
1754273628219055809,0,951,1178,967,1164
1754273628221018114,0,952,1179,968,1165
1754273628223115636,0,953,1179,969,1165
1754273628225035909,0,954,1179,970,1167
1754273628227087254,0,956,1179,971,1168
1754273628229030071,0,957,1180,972,1169
1754273628231033805,0,959,1181,972,1170
1754273628233069756,0,960,1181,973,1171
1754273628234968339,0,961,1182,974,1172
1754273628236949100,0,962,1183,975,1172
1754273628238982828,0,964,1183,976,1173
1754273628240977988,0,965,1184,977,1174
1754273628243018750,0,966,1185,978,1174
1754273628244955631,0,967,1186,979,1175
1754273628247005245,0,968,1186,980,1176
1754273628248992234,0,969,1188,981,1176
1754273628250991107,0,970,1189,982,1177
1754273628253042528,0,971,1191,982,1178
1754273628254969482,0,971,1192,983,1178
1754273628256989684,0,972,1194,985,1179
1754273628258925577,0,973,1195,986,1179
1754273628260945166,0,974,1197,987,1179
1754273628262899454,0,975,1199,988,1180
1754273628264903398,0,975,1201,989,1180
1754273628266897231,0,976,1202,989,1181
1754273628268953196,0,977,1204,991,1182
1754273628270922054,0,978,1206,992,1182
1754273628272937011,0,979,1208,993,1183
1754273628274944790,0,980,1210,993,1183
1754273628276928380,0,981,1212,994,1184
1754273628278955933,0,982,1214,995,1185
1754273628280928916,0,983,1216,996,1185
1754273628282950974,0,984,1218,997,1186
1754273628284904185,0,985,1220,998,1187
1754273628286914500,0,987,1222,999,1188
1754273628288859463,0,988,1224,1000,1189
1754273628290971190,0,988,1227,1001,1189
1754273628292890323,0,989,1228,1001,1191
1754273628294967109,0,991,1231,1002,1192
1754273628296909648,0,993,1233,1004,1193
1754273628298918704,0,994,1235,1004,1194
1754273628300902949,0,995,1237,1005,1195
1754273628302932020,0,995,1239,1006,1196
1754273628304922325,0,997,1242,1007,1197
1754273628306940657,0,999,1244,1008,1199
1754273628308865843,0,1001,1246,1009,1200
1754273628310881389,0,1003,1248,1010,1201
1754273628312889081,0,1004,1249,1011,1203
1754273628314882702,0,1006,1251,1012,1204
1754273628316970935,0,1008,1253,1013,1206
1754273628318857175,0,1010,1255,1014,1208
1754273628320879776,0,1012,1257,1014,1209
1754273628322844794,0,1015,1258,1015,1211
1754273628324847772,0,1017,1260,1016,1213
1754273628326937214,0,1019,1262,1017,1215
1754273628328937768,0,1021,1263,1017,1217
1754273628330867473,0,1023,1264,1018,1219
1754273628332829301,0,1025,1266,1018,1221
1754273628334804598,0,1027,1268,1019,1223
1754273628336840793,0,1029,1269,1019,1225
1754273628338863013,0,1031,1271,1020,1228
1754273628340823379,0,1033,1272,1020,1230
1754273628342907882,0,1035,1273,1020,1231
1754273628344857596,0,1037,1274,1021,1234
1754273628346813697,0,1039,1275,1021,1236
1754273628348792414,0,1042,1277,1022,1238
1754273628350809074,0,1044,1278,1022,1240
1754273628352810961,0,1046,1279,1022,1242
1754273628354784815,0,1047,1280,1023,1244
1754273628356821172,0,1049,1281,1024,1246
1754273628358757189,0,1051,1282,1024,1249
1754273628360808723,0,1053,1283,1024,1250
1754273628362784854,0,1055,1284,1025,1252
1754273628364792941,0,1057,1285,1026,1255
1754273628366766320,0,1058,1286,1027,1256
1754273628368775638,0,1059,1287,1027,1258
1754273628370690318,0,1061,1289,1028,1260
1754273628372766291,0,1062,1290,1029,1262
1754273628374727800,0,1063,1291,1030,1264
1754273628376749397,0,1065,1292,1031,1266
1754273628378728596,0,1066,1293,1032,1268
1754273628380850433,0,1066,1294,1033,1270
1754273628382872662,0,1067,1295,1034,1271
1754273628384817092,0,1067,1297,1035,1273
1754273628386738929,0,1067,1298,1037,1274
1754273628388714945,0,1067,1299,1038,1276
1754273628390708237,0,1067,1301,1039,1277
1754273628392718823,0,1067,1302,1041,1279
1754273628394683483,0,1067,1304,1043,1280
1754273628396665899,0,1066,1305,1045,1282
1754273628398765454,0,1065,1306,1046,1283
1754273628400770207,0,1065,1308,1048,1285
1754273628402701573,0,1064,1310,1050,1285
1754273628404713061,0,1063,1311,1052,1287
1754273628406757454,0,1062,1313,1054,1288
1754273628408700423,0,1061,1314,1056,1289
1754273628410714201,0,1060,1315,1057,1291
1754273628412664851,0,1060,1317,1059,1292
1754273628414772211,0,1059,1318,1061,1293
1754273628416646764,0,1059,1319,1063,1294
1754273628418682938,0,1058,1321,1066,1296
1754273628420609450,0,1058,1322,1068,1297
1754273628422656651,0,1057,1323,1070,1298
1754273628424638151,0,1057,1324,1071,1299
1754273628426716430,0,1057,1326,1074,1300
1754273628428807319,0,1056,1327,1076,1301
1754273628430756963,0,1056,1328,1078,1303
1754273628432856399,0,1056,1328,1080,1304
1754273628434737971,0,1056,1329,1081,1305
1754273628436590517,0,1056,1330,1083,1306
1754273628438565670,0,1056,1330,1084,1307
1754273628440651334,0,1056,1331,1086,1309
1754273628442557163,0,1057,1332,1087,1310
1754273628444592678,0,1057,1333,1088,1311
1754273628446563980,0,1057,1334,1089,1312
1754273628448600129,0,1058,1334,1091,1314
1754273628450541751,0,1058,1335,1092,1315
1754273628452555839,0,1059,1335,1094,1316
1754273628454568291,0,1059,1336,1095,1317
1754273628456552953,0,1060,1336,1096,1318
1754273628458545014,0,1060,1336,1097,1320
1754273628460538164,0,1061,1337,1099,1321
1754273628462559404,0,1063,1336,1100,1322
1754273628464534365,0,1064,1337,1101,1323
1754273628466548302,0,1065,1337,1102,1324
1754273628468578199,0,1066,1337,1103,1325
1754273628470563563,0,1068,1337,1105,1327
1754273628472523403,0,1069,1337,1105,1327
1754273628474547681,0,1070,1337,1107,1328
1754273628476490251,0,1071,1337,1108,1329
1754273628478508097,0,1073,1337,1109,1330
1754273628480497418,0,1074,1337,1109,1331
1754273628482521019,0,1075,1337,1111,1332
1754273628484562211,0,1076,1337,1111,1333
1754273628486600134,0,1077,1337,1113,1334
1754273628488550019,0,1078,1338,1114,1334
1754273628490440676,0,1080,1338,1115,1335
1754273628492441774,0,1081,1338,1116,1336
1754273628494462638,0,1082,1338,1117,1336
1754273628496450311,0,1083,1339,1118,1337
1754273628498495667,0,1083,1339,1119,1337
1754273628500492340,0,1085,1339,1120,1337
1754273628502455026,0,1086,1339,1121,1337
1754273628504573222,0,1087,1340,1122,1339
1754273628506573241,0,1088,1340,1123,1339
1754273628508501343,0,1089,1341,1125,1339
1754273628510499509,0,1089,1342,1126,1339
1754273628512465343,0,1091,1343,1127,1340
1754273628514433124,0,1091,1343,1128,1340
1754273628516410876,0,1091,1344,1129,1340
1754273628518411567,0,1092,1345,1130,1340
1754273628520457569,0,1093,1346,1131,1341
1754273628522548031,0,1093,1347,1132,1341
1754273628524420956,0,1093,1348,1133,1341
1754273628526557013,0,1094,1349,1134,1341
1754273628528428897,0,1095,1350,1135,1341
1754273628530834871,0,1095,1351,1136,1341
1754273628532493895,0,1096,1352,1136,1341
1754273628534628713,0,1097,1354,1138,1342
1754273628536356247,0,1097,1355,1139,1342
1754273628538370648,0,1098,1356,1140,1342
1754273628540330881,0,1099,1358,1141,1342
1754273628542451060,0,1099,1360,1142,1343
1754273628544387803,0,1100,1361,1142,1343
1754273628546435637,0,1101,1362,1143,1343
1754273628548384172,0,1102,1364,1144,1344
1754273628550446455,0,1103,1365,1145,1344
1754273628552383179,0,1104,1367,1145,1344
1754273628554381574,0,1105,1370,1145,1345
1754273628556369398,0,1106,1370,1146,1346
1754273628558384048,0,1106,1372,1146,1346
1754273628560348443,0,1107,1374,1146,1347
1754273628562428939,0,1108,1375,1146,1348
1754273628564351133,0,1109,1377,1146,1348
1754273628566497263,0,1110,1378,1146,1348
1754273628568368337,0,1110,1382,1146,1349
1754273628570361777,0,1111,1383,1146,1350
1754273628572377788,0,1113,1384,1146,1351
1754273628574387291,0,1113,1385,1146,1352
1754273628576378532,0,1114,1386,1146,1354
1754273628578402808,0,1115,1387,1146,1355
1754273628580350534,0,1117,1387,1146,1356
1754273628582389580,0,1118,1388,1146,1356
1754273628584299631,0,1119,1388,1146,1358
1754273628586333853,0,1120,1389,1146,1358
1754273628588324272,0,1121,1389,1146,1361
1754273628590356588,0,1122,1389,1146,1362
1754273628592323579,0,1123,1389,1146,1363
1754273628594295925,0,1124,1389,1146,1365
1754273628596311765,0,1125,1389,1146,1366
1754273628598295136,0,1126,1389,1146,1367
1754273628600384068,0,1127,1389,1146,1369
1754273628602421939,0,1127,1389,1146,1370
1754273628604283815,0,1128,1389,1146,1372
1754273628606373694,0,1129,1389,1146,1373
1754273628608265693,0,1130,1389,1147,1374
1754273628610249503,0,1130,1389,1147,1376
1754273628612210753,0,1131,1389,1147,1377
1754273628614272713,0,1131,1389,1148,1378
1754273628616314966,0,1132,1389,1148,1379
1754273628618311488,0,1132,1389,1149,1381
1754273628620362890,0,1132,1390,1150,1381
1754273628622393536,0,1132,1390,1150,1383
1754273628623378003,0,1132,1390,1150,1383
1754273628625389885,0,1132,1390,1151,1384
1754273628627354396,0,1132,1390,1152,1385
1754273628629368563,0,1132,1390,1153,1386
1754273628631316633,0,1132,1391,1153,1387
1754273628633371247,0,1132,1391,1155,1388
1754273628635307557,0,1131,1391,1155,1388
1754273628637263553,0,1131,1392,1156,1389
1754273628639279151,0,1131,1392,1157,1390
1754273628641217149,0,1131,1393,1157,1390
1754273628643245348,0,1131,1394,1158,1390
1754273628645228659,0,1130,1394,1159,1391
1754273628647254253,0,1130,1395,1160,1392
1754273628649225456,0,1129,1396,1160,1392
1754273628651257259,0,1129,1397,1161,1392
1754273628653194609,0,1129,1398,1162,1392
1754273628655267165,0,1128,1398,1163,1392
1754273628657183168,0,1128,1399,1164,1393
1754273628659219120,0,1128,1400,1165,1393
1754273628661164326,0,1128,1400,1165,1393
1754273628663167818,0,1128,1401,1167,1394
1754273628665100367,0,1128,1402,1168,1394
1754273628667144932,0,1128,1403,1169,1394
1754273628669141407,0,1128,1404,1169,1394
1754273628671174845,0,1128,1405,1171,1395
1754273628673186310,0,1128,1406,1172,1395
1754273628675264905,0,1128,1407,1172,1395
1754273628677258635,0,1129,1408,1173,1395
1754273628679218885,0,1129,1409,1174,1396
1754273628681201622,0,1129,1410,1175,1396
1754273628683165058,0,1129,1411,1177,1397
1754273628685159454,0,1129,1412,1178,1397
1754273628687090468,0,1130,1413,1178,1397
1754273628689106296,0,1130,1414,1180,1398
1754273628691081850,0,1131,1415,1180,1398
1754273628693093227,0,1132,1416,1182,1398
1754273628695134113,0,1132,1417,1183,1399
1754273628697102808,0,1133,1418,1184,1400
1754273628699122475,0,1134,1418,1185,1400
1754273628701095231,0,1135,1419,1186,1401
1754273628703095064,0,1136,1421,1187,1401
1754273628705115183,0,1137,1421,1188,1402
1754273628707065660,0,1138,1422,1189,1402
1754273628709046916,0,1140,1423,1190,1403
1754273628711083774,0,1141,1424,1191,1404
1754273628713092626,0,1142,1425,1192,1405
1754273628715071785,0,1144,1426,1193,1405
1754273628717092749,0,1145,1427,1193,1406
1754273628719074430,0,1147,1427,1194,1407
1754273628721082499,0,1148,1428,1194,1407
1754273628723108461,0,1150,1429,1195,1408
1754273628725096662,0,1151,1430,1195,1409
1754273628727085376,0,1153,1431,1196,1410
1754273628729112484,0,1154,1432,1196,1411
1754273628731025473,0,1155,1433,1196,1412
1754273628733060947,0,1156,1433,1196,1413
1754273628735027562,0,1158,1434,1196,1414
1754273628737061695,0,1159,1434,1197,1415
1754273628739006791,0,1160,1435,1197,1415
1754273628741026507,0,1162,1436,1197,1417
1754273628743005670,0,1163,1436,1197,1418
1754273628744995586,0,1164,1437,1197,1418
1754273628746980290,0,1165,1437,1198,1419
1754273628749034842,0,1167,1437,1198,1420
1754273628751015466,0,1168,1437,1198,1421
1754273628753040873,0,1169,1438,1198,1422
1754273628755036731,0,1170,1438,1198,1423
1754273628757026771,0,1170,1438,1198,1424
1754273628759010236,0,1171,1438,1199,1425
1754273628760984842,0,1172,1438,1199,1426
1754273628762946074,0,1172,1438,1199,1427
1754273628765007086,0,1172,1438,1199,1428
1754273628766975042,0,1172,1438,1200,1429
1754273628768977296,0,1173,1438,1200,1429
1754273628771138001,0,1172,1438,1200,1430
1754273628772959096,0,1172,1438,1200,1431
1754273628774941428,0,1172,1438,1200,1432
1754273628776935271,0,1172,1439,1201,1433
1754273628778933007,0,1172,1439,1202,1434
1754273628780893951,0,1171,1439,1202,1434
1754273628782898908,0,1171,1440,1203,1435
1754273628784891137,0,1170,1440,1204,1435
1754273628786894439,0,1170,1440,1204,1436
1754273628788923422,0,1170,1441,1205,1437
1754273628790980592,0,1170,1442,1205,1437
1754273628792956131,0,1169,1442,1206,1437
1754273628794942353,0,1168,1443,1207,1438
1754273628796928958,0,1168,1444,1207,1438
1754273628798923305,0,1168,1445,1208,1439
1754273628800925700,0,1168,1446,1208,1439
1754273628802910979,0,1168,1447,1209,1439
1754273628804915523,0,1168,1449,1209,1439
1754273628806870056,0,1168,1450,1210,1440
1754273628808878811,0,1168,1451,1211,1440
1754273628810877844,0,1168,1453,1212,1440
1754273628812863665,0,1168,1455,1212,1441
1754273628814879857,0,1168,1456,1213,1441
1754273628816935870,0,1168,1457,1214,1441
1754273628819006394,0,1168,1459,1214,1441
1754273628820918140,0,1168,1461,1215,1442
1754273628822893518,0,1169,1462,1215,1442
1754273628824864322,0,1169,1464,1216,1442
1754273628826912460,0,1170,1466,1216,1443
1754273628828846056,0,1170,1467,1218,1443
1754273628830883116,0,1171,1469,1219,1444
1754273628832862762,0,1171,1470,1219,1444
1754273628834912084,0,1172,1472,1220,1445
1754273628836842047,0,1173,1473,1221,1446
1754273628838921391,0,1174,1475,1221,1446
1754273628840871807,0,1175,1476,1223,1447
1754273628842839703,0,1175,1477,1223,1448
1754273628844895149,0,1176,1478,1224,1449
1754273628846825610,0,1177,1479,1224,1449
1754273628848807428,0,1178,1480,1225,1450
1754273628850828142,0,1178,1480,1226,1451
1754273628852826819,0,1179,1480,1227,1452
1754273628854773917,0,1179,1481,1227,1453
1754273628856771219,0,1179,1481,1228,1454
1754273628858783163,0,1179,1481,1229,1455
1754273628860896790,0,1179,1481,1229,1457
1754273628862752688,0,1180,1481,1230,1458
1754273628864743738,0,1180,1481,1231,1459
1754273628866848110,0,1181,1481,1232,1460
1754273628868769236,0,1181,1481,1232,1461
1754273628870740574,0,1181,1481,1233,1463
1754273628872857903,0,1182,1481,1233,1464
1754273628874804494,0,1182,1480,1233,1465
1754273628876774528,0,1183,1480,1234,1467
1754273628878799257,0,1183,1480,1233,1468
1754273628880804498,0,1183,1480,1234,1469
1754273628882751348,0,1184,1480,1234,1470
1754273628884754798,0,1184,1480,1234,1471
1754273628886738293,0,1185,1479,1235,1472
1754273628888710879,0,1186,1480,1235,1473
1754273628890684362,0,1186,1479,1236,1474
1754273628892759567,0,1187,1479,1236,1475
1754273628894661449,0,1187,1480,1237,1476
1754273628896751790,0,1187,1480,1237,1477
1754273628898712933,0,1189,1480,1238,1477
1754273628900731343,0,1189,1480,1238,1478
1754273628902685340,0,1190,1481,1239,1479
1754273628904678763,0,1191,1481,1240,1479
1754273628906757414,0,1192,1482,1240,1480
1754273628908669680,0,1193,1483,1241,1480
1754273628910765480,0,1194,1484,1242,1481
1754273628912681695,0,1194,1485,1243,1481
1754273628914668714,0,1195,1485,1243,1482
1754273628916760998,0,1196,1486,1244,1482
1754273628918637549,0,1196,1487,1245,1482
1754273628920678855,0,1197,1488,1245,1483
1754273628922708071,0,1198,1489,1246,1483
1754273628924690414,0,1198,1490,1247,1483
1754273628926731652,0,1199,1491,1248,1483
1754273628928674577,0,1200,1492,1249,1483
1754273628930727281,0,1200,1492,1250,1483
1754273628932665059,0,1201,1494,1250,1484
1754273628934672196,0,1201,1495,1252,1484
1754273628936643635,0,1201,1496,1252,1484
1754273628938612849,0,1201,1498,1253,1484
1754273628940666614,0,1201,1499,1254,1485
1754273628942621260,0,1201,1500,1255,1485
1754273628944599444,0,1202,1501,1256,1485
1754273628946634375,0,1202,1502,1257,1485
1754273628948549901,0,1202,1503,1258,1486
1754273628950553615,0,1202,1505,1258,1486
1754273628952577053,0,1202,1506,1259,1486
1754273628954642596,0,1202,1506,1260,1487
1754273628956618683,0,1203,1508,1261,1487
1754273628958565728,0,1203,1509,1262,1488
1754273628960725835,0,1203,1510,1262,1488
1754273628962567924,0,1203,1510,1262,1489
1754273628964528963,0,1204,1511,1263,1489
1754273628966587565,0,1204,1511,1263,1490
1754273628968701954,0,1204,1511,1263,1491
1754273628970591352,0,1205,1511,1264,1491
1754273628972598545,0,1205,1511,1263,1492
1754273628974675711,0,1206,1512,1263,1493
1754273628976721196,0,1207,1512,1263,1494
1754273628978579678,0,1207,1512,1264,1495
1754273628980558150,0,1208,1512,1264,1495
1754273628982504233,0,1209,1513,1264,1496
1754273628984504150,0,1210,1513,1264,1497
1754273628986497145,0,1211,1513,1264,1498
1754273628988507119,0,1212,1514,1264,1499
1754273628990472613,0,1213,1514,1264,1500
1754273628992565337,0,1215,1515,1264,1501
1754273628994484658,0,1216,1517,1264,1501
1754273628996474667,0,1217,1517,1264,1502
1754273628998516734,0,1218,1519,1264,1503
1754273629000525271,0,1220,1519,1266,1504
1754273629002508505,0,1221,1520,1266,1504
1754273629004591959,0,1222,1521,1266,1505
1754273629006570471,0,1224,1522,1266,1506
1754273629008567980,0,1225,1523,1266,1507
1754273629010492719,0,1226,1524,1267,1508
1754273629012510618,0,1228,1526,1267,1508
1754273629014527607,0,1229,1528,1268,1509
1754273629016556881,0,1230,1529,1268,1510
1754273629018523099,0,1232,1530,1269,1510
1754273629020519425,0,1233,1531,1269,1511
1754273629022490556,0,1234,1533,1270,1512
1754273629024468826,0,1235,1535,1271,1513
1754273629026724831,0,1236,1536,1271,1514
1754273629028477331,0,1238,1538,1272,1514
1754273629030523196,0,1238,1539,1272,1515
1754273629032443229,0,1240,1541,1273,1516
1754273629034434584,0,1241,1542,1274,1517
1754273629036551118,0,1242,1545,1275,1518
1754273629038679694,0,1243,1547,1276,1519
1754273629040469180,0,1245,1548,1277,1520
1754273629042765127,0,1245,1550,1277,1521
1754273629044484684,0,1246,1553,1278,1522
1754273629046606953,0,1247,1554,1279,1523
1754273629048396182,0,1248,1555,1280,1524
1754273629050425501,0,1249,1557,1281,1525
1754273629052434586,0,1250,1558,1282,1526
1754273629054520374,0,1251,1560,1282,1527
1754273629056350974,0,1251,1562,1284,1528
1754273629058515145,0,1253,1564,1285,1530
1754273629060408463,0,1253,1566,1285,1531
1754273629062546545,0,1254,1568,1286,1532
1754273629064365252,0,1255,1569,1287,1534
1754273629066323623,0,1256,1572,1288,1535
1754273629068381040,0,1257,1574,1289,1536
1754273629070338547,0,1258,1576,1290,1538
1754273629072382481,0,1259,1577,1291,1539
1754273629074426592,0,1260,1579,1292,1541
1754273629076351480,0,1260,1581,1293,1543
1754273629078380622,0,1261,1583,1294,1544
1754273629080336221,0,1262,1584,1295,1546
1754273629082309273,0,1263,1586,1296,1547
1754273629084311306,0,1264,1587,1297,1549
1754273629086307506,0,1265,1589,1298,1551
1754273629088352400,0,1266,1590,1299,1552
1754273629090315775,0,1267,1591,1300,1554
1754273629092325849,0,1267,1592,1300,1556
1754273629094311636,0,1268,1594,1301,1558
1754273629096292550,0,1269,1595,1302,1559
1754273629098309847,0,1270,1596,1303,1561
1754273629100312375,0,1271,1597,1304,1563
1754273629102280936,0,1272,1598,1305,1564
1754273629104264193,0,1273,1599,1306,1566
1754273629106294600,0,1274,1600,1307,1568
1754273629108347806,0,1274,1601,1308,1570
1754273629110295294,0,1275,1602,1308,1572
1754273629112336789,0,1276,1604,1310,1573
1754273629114299413,0,1276,1605,1310,1575
1754273629116266879,0,1277,1606,1312,1577
1754273629118306537,0,1278,1606,1313,1579
1754273629120251837,0,1278,1607,1314,1581
1754273629122354496,0,1279,1608,1314,1582
1754273629124334902,0,1280,1608,1315,1584
1754273629126350092,0,1281,1609,1316,1585
1754273629128335321,0,1281,1610,1317,1587
1754273629130251505,0,1282,1610,1318,1588
1754273629132293255,0,1283,1611,1319,1590
1754273629134249157,0,1283,1612,1320,1591
1754273629135284057,0,1283,1612,1321,1592
1754273629137270233,0,1284,1612,1321,1594
1754273629139254643,0,1284,1613,1322,1595
1754273629141263198,0,1285,1613,1323,1597
1754273629143328794,0,1285,1614,1324,1598
1754273629145263137,0,1285,1615,1325,1599
1754273629147229995,0,1285,1616,1326,1601
1754273629149252146,0,1285,1616,1327,1602
1754273629151204756,0,1285,1617,1328,1603
1754273629153185094,0,1286,1618,1329,1604
1754273629155172813,0,1286,1619,1330,1605
1754273629157216812,0,1286,1620,1331,1606
1754273629159147654,0,1286,1620,1332,1607
1754273629161153273,0,1287,1621,1333,1608
1754273629163162380,0,1287,1622,1334,1609
1754273629165171476,0,1287,1623,1335,1610
1754273629167162237,0,1287,1624,1337,1611
1754273629169171920,0,1288,1625,1338,1611
1754273629171148423,0,1288,1626,1339,1612
1754273629173137108,0,1288,1627,1340,1613
1754273629175134246,0,1289,1628,1341,1614
1754273629177186784,0,1289,1629,1342,1615
1754273629179173648,0,1290,1631,1343,1616
1754273629181155840,0,1290,1632,1344,1616
1754273629183186660,0,1291,1633,1346,1617
1754273629185144646,0,1291,1634,1347,1618
1754273629187141459,0,1292,1637,1348,1618
1754273629189055557,0,1293,1638,1349,1619
1754273629191103378,0,1294,1640,1351,1620
1754273629193111216,0,1295,1641,1351,1620
1754273629195170305,0,1295,1643,1353,1621
1754273629197148470,0,1296,1644,1354,1622
1754273629199201682,0,1296,1646,1355,1623
1754273629201113996,0,1297,1648,1356,1624
1754273629203144302,0,1298,1649,1357,1624
1754273629205107212,0,1299,1651,1358,1625
1754273629207068654,0,1300,1652,1359,1626
1754273629209102381,0,1301,1653,1360,1627
1754273629211089692,0,1301,1655,1361,1628
1754273629213036387,0,1302,1656,1363,1629
1754273629215073045,0,1303,1657,1364,1630
1754273629217141827,0,1304,1658,1365,1631
1754273629219156636,0,1305,1659,1366,1632
1754273629221173522,0,1306,1660,1367,1633
1754273629223219560,0,1307,1661,1368,1634
1754273629225123921,0,1309,1662,1369,1635
1754273629227187207,0,1310,1663,1370,1636
1754273629229099365,0,1311,1664,1371,1637
1754273629231143449,0,1312,1665,1372,1639
1754273629233080771,0,1314,1666,1373,1640
1754273629235130787,0,1315,1668,1373,1641
1754273629237137696,0,1315,1669,1374,1642
1754273629239120671,0,1317,1670,1375,1643
1754273629241068039,0,1319,1671,1376,1645
1754273629243104190,0,1320,1672,1377,1646
1754273629245124864,0,1322,1672,1378,1647
1754273629247150188,0,1323,1673,1379,1649
1754273629249088341,0,1325,1674,1380,1650
1754273629251080962,0,1327,1675,1381,1652
1754273629253073440,0,1328,1676,1382,1653
1754273629255047067,0,1330,1676,1383,1654
1754273629257050218,0,1332,1677,1384,1655
1754273629258998924,0,1334,1678,1384,1656
1754273629261093459,0,1336,1679,1385,1658
1754273629263099017,0,1337,1679,1386,1659
1754273629265110441,0,1339,1681,1387,1660
1754273629267077456,0,1340,1681,1388,1661
1754273629269107659,0,1342,1682,1389,1663
1754273629271003777,0,1344,1683,1390,1664
1754273629273019631,0,1345,1684,1391,1665
1754273629275032031,0,1347,1685,1392,1666
1754273629276992598,0,1348,1685,1393,1667
1754273629279001692,0,1350,1686,1394,1668
1754273629281013644,0,1351,1688,1395,1670
1754273629283048382,0,1352,1689,1396,1671
1754273629285084350,0,1353,1690,1397,1672
1754273629287087524,0,1354,1691,1398,1673
1754273629289032249,0,1355,1692,1399,1674
1754273629291078444,0,1356,1693,1400,1675
1754273629293076051,0,1357,1695,1401,1676
1754273629295097251,0,1357,1696,1401,1677
1754273629296944060,0,1357,1697,1402,1678
1754273629299016900,0,1358,1698,1403,1679
1754273629300948006,0,1358,1699,1404,1680
1754273629303026323,0,1358,1700,1405,1681
1754273629304923799,0,1358,1701,1405,1682
1754273629306969933,0,1358,1703,1407,1683
1754273629308946609,0,1358,1704,1407,1684
1754273629311068725,0,1358,1705,1408,1685
1754273629312960346,0,1359,1707,1409,1686
1754273629314970987,0,1359,1708,1410,1687
1754273629316937712,0,1359,1709,1411,1688
1754273629318996371,0,1359,1710,1412,1689
1754273629320927443,0,1360,1712,1413,1690
1754273629322985278,0,1360,1713,1413,1690
1754273629325008424,0,1361,1714,1415,1692
1754273629327060904,0,1361,1716,1416,1693
1754273629328981394,0,1362,1717,1417,1693
1754273629331178302,0,1362,1718,1418,1694
1754273629333056648,0,1363,1719,1419,1695
1754273629335069487,0,1363,1720,1420,1696
1754273629336909909,0,1364,1721,1420,1697
1754273629338884393,0,1364,1722,1421,1698
1754273629340847598,0,1365,1723,1422,1699
1754273629342893731,0,1366,1724,1423,1701
1754273629344870888,0,1367,1725,1424,1702
1754273629346864538,0,1368,1726,1425,1702
1754273629348942077,0,1368,1727,1426,1703
1754273629350831658,0,1369,1728,1426,1705
1754273629352911177,0,1370,1729,1428,1706
1754273629354864288,0,1371,1730,1428,1707
1754273629356880693,0,1372,1731,1429,1708
1754273629358897630,0,1373,1731,1430,1709
1754273629360859890,0,1374,1732,1431,1710
1754273629362875028,0,1375,1733,1432,1711
1754273629364909791,0,1376,1734,1433,1712
1754273629366850372,0,1376,1735,1434,1713
1754273629368815467,0,1377,1736,1435,1715
1754273629370769111,0,1379,1736,1435,1715
1754273629372845050,0,1380,1737,1436,1716
1754273629374781612,0,1381,1738,1437,1717
1754273629376786368,0,1382,1738,1438,1719
1754273629378741865,0,1383,1739,1439,1720
1754273629380814469,0,1384,1740,1440,1720
1754273629382751616,0,1385,1741,1441,1722
1754273629384743697,0,1386,1742,1441,1723
1754273629386736337,0,1388,1742,1442,1723
1754273629388723290,0,1389,1743,1444,1725
1754273629390689175,0,1390,1744,1444,1726
1754273629392734259,0,1391,1745,1445,1727
1754273629394717477,0,1393,1745,1446,1728
1754273629396758446,0,1393,1746,1448,1730
1754273629398722164,0,1395,1747,1449,1730
1754273629400693195,0,1396,1748,1449,1732
1754273629402742740,0,1397,1749,1450,1732
1754273629404750674,0,1398,1750,1451,1733
1754273629406734642,0,1399,1751,1452,1735
1754273629408678795,0,1400,1752,1453,1736
1754273629410704524,0,1401,1753,1454,1736
1754273629412690764,0,1402,1754,1455,1737
1754273629414683892,0,1403,1755,1455,1739
1754273629416684852,0,1404,1756,1456,1739
1754273629418686920,0,1404,1756,1457,1740
1754273629420674701,0,1405,1757,1458,1741
1754273629422749112,0,1406,1758,1459,1742
1754273629424760927,0,1406,1759,1460,1743
1754273629426725566,0,1407,1760,1461,1744
1754273629428648293,0,1407,1761,1462,1745
1754273629430596403,0,1408,1762,1462,1746
1754273629432583955,0,1408,1763,1463,1747
1754273629434637371,0,1408,1763,1464,1748
1754273629436613378,0,1409,1764,1465,1748
1754273629438613029,0,1409,1765,1466,1749
1754273629440645867,0,1409,1766,1467,1750
1754273629442648040,0,1410,1767,1468,1751
1754273629444691650,0,1410,1767,1469,1752
1754273629446652992,0,1411,1768,1470,1753
1754273629448627686,0,1411,1769,1471,1753
1754273629450708831,0,1412,1770,1472,1754
1754273629452601256,0,1412,1771,1473,1755
1754273629454690184,0,1413,1771,1474,1755
1754273629456825637,0,1413,1772,1475,1757
1754273629458673480,0,1414,1773,1476,1758
1754273629460679600,0,1415,1774,1476,1759
1754273629462743532,0,1415,1775,1478,1759
1754273629464806839,0,1415,1776,1478,1760
1754273629466762526,0,1416,1777,1479,1761
1754273629468869337,0,1416,1777,1480,1762
1754273629470625790,0,1417,1778,1481,1763
1754273629472593181,0,1418,1779,1482,1764
1754273629474620612,0,1418,1780,1483,1765
1754273629476692027,0,1419,1781,1483,1765
1754273629478570604,0,1420,1781,1484,1766
1754273629480681253,0,1421,1782,1485,1767
1754273629482696459,0,1421,1783,1486,1768
1754273629484768749,0,1422,1784,1487,1769
1754273629486664963,0,1423,1784,1488,1770
1754273629488674534,0,1424,1784,1489,1771
1754273629490595701,0,1424,1785,1490,1771
1754273629492648050,0,1426,1786,1491,1772
1754273629494625314,0,1426,1787,1491,1773
1754273629496692401,0,1428,1788,1492,1774
1754273629498614372,0,1428,1788,1493,1775
1754273629500567858,0,1429,1789,1494,1776
1754273629502660208,0,1430,1790,1495,1777
1754273629504583917,0,1431,1791,1496,1777
1754273629506637608,0,1432,1791,1497,1778
1754273629508574797,0,1433,1792,1498,1779
1754273629510571700,0,1434,1792,1499,1780
1754273629512580591,0,1435,1793,1500,1780
1754273629514509227,0,1436,1794,1501,1781
1754273629516543017,0,1436,1794,1502,1782
1754273629518599865,0,1437,1795,1503,1783
1754273629520635445,0,1438,1795,1504,1784
1754273629522540482,0,1439,1796,1504,1785
1754273629524527557,0,1440,1797,1506,1785
1754273629526462362,0,1441,1797,1507,1785
1754273629528571073,0,1442,1797,1507,1787
1754273629530443344,0,1443,1798,1508,1788
1754273629532446115,0,1443,1799,1509,1788
1754273629534437765,0,1444,1799,1510,1789
1754273629536439959,0,1445,1800,1511,1790
1754273629538486544,0,1446,1800,1512,1790
1754273629540480928,0,1447,1801,1513,1791
1754273629542572628,0,1448,1801,1513,1792
1754273629544446910,0,1449,1801,1514,1792
1754273629546396996,0,1449,1802,1515,1793
1754273629548364017,0,1450,1803,1516,1793
1754273629550484751,0,1451,1803,1517,1794
1754273629552492936,0,1452,1804,1517,1795
1754273629554477578,0,1453,1804,1518,1795
1754273629556475816,0,1454,1805,1519,1796
1754273629558579652,0,1454,1805,1520,1797
1754273629560456931,0,1455,1805,1520,1797
1754273629562573952,0,1456,1806,1522,1798
1754273629564519392,0,1456,1807,1523,1799
1754273629566482748,0,1457,1807,1523,1799
1754273629568516106,0,1457,1808,1524,1800
1754273629570487388,0,1458,1809,1525,1800
1754273629572455245,0,1458,1810,1525,1800
1754273629574541317,0,1459,1811,1526,1801
1754273629576505133,0,1459,1812,1527,1802
1754273629578455880,0,1459,1812,1527,1802
1754273629580369109,0,1460,1813,1528,1802
1754273629582364410,0,1460,1814,1528,1803
1754273629584430338,0,1460,1815,1529,1804
1754273629586368863,0,1461,1816,1530,1804
1754273629588487360,0,1461,1816,1530,1804
1754273629590392205,0,1462,1817,1531,1805
1754273629592462254,0,1462,1818,1531,1806
1754273629594374415,0,1462,1818,1532,1806
1754273629596446930,0,1463,1819,1532,1807
1754273629598381473,0,1463,1820,1533,1807
1754273629600333728,0,1464,1821,1533,1808
1754273629602358640,0,1464,1821,1534,1809
1754273629604322830,0,1464,1822,1534,1809
1754273629606336488,0,1465,1823,1534,1810
1754273629608307185,0,1465,1824,1535,1810
1754273629610418474,0,1466,1825,1535,1811
1754273629612289166,0,1467,1826,1536,1812
1754273629614475314,0,1467,1826,1536,1812
1754273629616313493,0,1467,1827,1537,1813
1754273629618466938,0,1468,1828,1538,1813
1754273629620349859,0,1469,1828,1538,1814
1754273629622347821,0,1469,1829,1539,1815
1754273629624308227,0,1469,1830,1539,1816
1754273629625373931,0,1470,1830,1539,1816
1754273629627348834,0,1470,1831,1540,1816
1754273629629402056,0,1470,1832,1540,1817
1754273629631366884,0,1471,1832,1541,1818
1754273629633425369,0,1471,1832,1541,1819
1754273629635341493,0,1472,1832,1541,1819
1754273629637387387,0,1472,1832,1542,1820
1754273629639305020,0,1473,1833,1542,1821
1754273629641299909,0,1473,1832,1543,1821
1754273629643279785,0,1473,1832,1543,1822
1754273629645335135,0,1473,1832,1543,1823
1754273629647332908,0,1473,1832,1544,1824
1754273629649348498,0,1474,1832,1544,1824
1754273629651348830,0,1474,1832,1545,1825
1754273629653319120,0,1474,1832,1545,1825
1754273629655405328,0,1473,1832,1546,1826
1754273629657358210,0,1474,1832,1546,1827
1754273629659373992,0,1474,1832,1547,1827
1754273629661265982,0,1473,1832,1547,1828
1754273629663310295,0,1473,1831,1548,1828
1754273629665349338,0,1473,1831,1548,1829
1754273629667367938,0,1473,1831,1549,1829
1754273629669260762,0,1473,1830,1549,1829
1754273629671346449,0,1473,1830,1550,1830
1754273629673228359,0,1473,1830,1550,1831
1754273629675319419,0,1473,1830,1551,1831
1754273629677238390,0,1473,1830,1552,1831
1754273629679240343,0,1473,1830,1552,1831
1754273629681244220,0,1473,1830,1553,1832
1754273629683329763,0,1473,1830,1554,1832
1754273629685334525,0,1473,1830,1554,1832
1754273629687207624,0,1473,1831,1555,1832
1754273629689153620,0,1473,1831,1556,1832
1754273629691275452,0,1473,1831,1556,1832
1754273629693131206,0,1473,1832,1556,1833
1754273629695141549,0,1473,1832,1557,1833
1754273629697245127,0,1473,1832,1557,1833
1754273629699191793,0,1473,1833,1558,1833
1754273629701145643,0,1473,1833,1558,1833
1754273629703099275,0,1473,1834,1559,1833
1754273629705102136,0,1473,1834,1559,1833
1754273629707315535,0,1473,1835,1559,1833
1754273629709258491,0,1473,1836,1560,1833
1754273629711289798,0,1473,1836,1560,1833
1754273629713216046,0,1473,1837,1561,1833
1754273629715201140,0,1473,1837,1561,1833
1754273629717181358,0,1473,1838,1561,1833
1754273629719270569,0,1473,1838,1562,1833
1754273629721255066,0,1473,1838,1562,1833
1754273629723129296,0,1473,1839,1562,1833
1754273629725056907,0,1473,1839,1562,1833
1754273629727064073,0,1473,1840,1562,1833
1754273629729024950,0,1474,1840,1562,1833
1754273629731059390,0,1474,1840,1562,1833
1754273629733023411,0,1474,1841,1562,1833
1754273629735020204,0,1474,1841,1562,1833
1754273629737049438,0,1475,1841,1562,1833
1754273629739107392,0,1475,1841,1562,1833
1754273629741070668,0,1476,1841,1562,1834
1754273629743054305,0,1476,1841,1562,1833
1754273629745015520,0,1477,1841,1562,1834
1754273629746987744,0,1478,1841,1562,1834
1754273629748978636,0,1479,1841,1562,1834
1754273629750978975,0,1480,1841,1562,1834
1754273629752993452,0,1480,1841,1562,1834
1754273629755005756,0,1482,1841,1562,1835
1754273629756999956,0,1483,1840,1562,1835
1754273629759093433,0,1483,1840,1562,1835
1754273629761027883,0,1484,1840,1562,1836
1754273629763021699,0,1485,1840,1562,1836
1754273629765093383,0,1486,1840,1562,1837
1754273629767060248,0,1486,1840,1562,1837
1754273629768982438,0,1487,1840,1562,1837
1754273629771017619,0,1487,1840,1563,1837
1754273629773079192,0,1487,1840,1563,1838
1754273629775017777,0,1488,1840,1563,1838
1754273629776953739,0,1488,1840,1564,1838
1754273629778922829,0,1488,1840,1564,1838
1754273629781010480,0,1488,1840,1564,1838
1754273629782982189,0,1488,1840,1565,1838
1754273629784983443,0,1488,1840,1565,1839
1754273629786965689,0,1488,1840,1565,1839
1754273629789037804,0,1488,1840,1565,1839
1754273629791050695,0,1487,1840,1566,1839
1754273629792978332,0,1487,1840,1566,1839
1754273629794919665,0,1487,1840,1566,1840
1754273629796930814,0,1487,1840,1566,1840
1754273629798954308,0,1487,1840,1566,1840
1754273629800978724,0,1486,1840,1566,1840
1754273629802973143,0,1486,1840,1566,1840
1754273629804956708,0,1486,1840,1566,1840
1754273629806985213,0,1485,1840,1566,1840
1754273629808924395,0,1485,1840,1566,1841
1754273629810945256,0,1485,1840,1566,1841
1754273629812971247,0,1484,1840,1566,1841
1754273629815019718,0,1484,1840,1566,1841
1754273629816894493,0,1484,1840,1565,1841
1754273629818989525,0,1483,1840,1565,1841
1754273629820877763,0,1483,1840,1565,1841
1754273629822995462,0,1483,1840,1565,1841
1754273629824871360,0,1483,1840,1565,1841
1754273629826976264,0,1483,1840,1564,1841
1754273629828880641,0,1483,1840,1564,1841
1754273629830952640,0,1483,1840,1564,1841
1754273629832838403,0,1483,1840,1564,1841
1754273629834950625,0,1483,1840,1564,1841
1754273629836862262,0,1483,1840,1564,1841
1754273629838963053,0,1483,1840,1565,1841
1754273629840997886,0,1483,1840,1565,1841
1754273629843001186,0,1483,1841,1565,1841
1754273629844920463,0,1483,1841,1565,1841
1754273629846845182,0,1483,1841,1565,1841
1754273629848817316,0,1483,1841,1565,1841
1754273629850829904,0,1483,1841,1565,1841
1754273629852810256,0,1483,1841,1565,1841
1754273629854842635,0,1483,1842,1565,1841
1754273629856815303,0,1483,1842,1565,1841
1754273629858881705,0,1483,1842,1565,1841
1754273629860813658,0,1483,1842,1566,1841
1754273629862815768,0,1483,1843,1566,1841
1754273629864805254,0,1483,1843,1566,1841
1754273629866873255,0,1483,1843,1566,1841
1754273629868859185,0,1483,1843,1566,1841
1754273629870853556,0,1483,1844,1566,1841
1754273629872824360,0,1483,1844,1566,1841
1754273629874821096,0,1483,1844,1566,1841
1754273629876796333,0,1483,1845,1566,1841
1754273629878855307,0,1483,1845,1566,1841
1754273629880879615,0,1483,1845,1566,1842
1754273629882840746,0,1483,1845,1566,1841
1754273629884840566,0,1483,1846,1566,1842
1754273629886779645,0,1483,1846,1566,1842
1754273629888734482,0,1483,1846,1566,1842
1754273629890764434,0,1483,1846,1566,1842
1754273629892828194,0,1483,1846,1566,1842
1754273629894764505,0,1483,1846,1566,1842
1754273629896729565,0,1483,1847,1566,1842
1754273629898761801,0,1483,1847,1566,1842
1754273629900736463,0,1483,1847,1566,1842
1754273629902734946,0,1483,1847,1566,1842
1754273629904781703,0,1483,1848,1566,1842
1754273629906807289,0,1483,1848,1566,1842
1754273629908740006,0,1483,1848,1566,1842
1754273629910707343,0,1483,1848,1566,1842
1754273629912717039,0,1483,1848,1566,1842
1754273629914718002,0,1483,1848,1566,1842
1754273629916700839,0,1484,1848,1566,1842
1754273629918697637,0,1483,1847,1566,1843
1754273629920754104,0,1483,1848,1566,1843
1754273629922707180,0,1483,1847,1566,1843
1754273629924679405,0,1483,1847,1566,1843
1754273629926727129,0,1483,1847,1566,1843
1754273629928693939,0,1483,1847,1566,1843
1754273629930639516,0,1484,1846,1565,1844
1754273629932655250,0,1483,1846,1565,1844
1754273629934681512,0,1483,1846,1565,1844
1754273629936640801,0,1483,1845,1566,1844
1754273629938620421,0,1483,1845,1566,1844
1754273629940647969,0,1483,1845,1565,1845
1754273629942686938,0,1483,1845,1566,1845
1754273629944631478,0,1483,1844,1566,1845
1754273629946675113,0,1483,1844,1566,1845
1754273629948602606,0,1483,1844,1566,1845
1754273629950642474,0,1483,1844,1566,1845
1754273629952681185,0,1483,1844,1566,1845
1754273629954666145,0,1483,1844,1566,1845
1754273629956657440,0,1483,1844,1566,1845
1754273629958676993,0,1483,1844,1566,1845
1754273629960658010,0,1483,1844,1566,1845
1754273629962710702,0,1483,1844,1566,1845
1754273629964694996,0,1483,1844,1566,1846
1754273629966656100,0,1483,1844,1567,1845
1754273629968570625,0,1483,1844,1567,1845
1754273629970590043,0,1483,1845,1567,1846
1754273629972577307,0,1483,1845,1567,1846
1754273629974550371,0,1483,1845,1567,1845
1754273629976652383,0,1483,1845,1567,1845
1754273629978625634,0,1483,1845,1567,1846
1754273629980685037,0,1483,1845,1568,1846
1754273629982636804,0,1483,1845,1568,1845
1754273629984646965,0,1483,1846,1568,1845
1754273629986585727,0,1483,1846,1569,1845
1754273629988651590,0,1483,1846,1569,1846
1754273629990582738,0,1483,1847,1569,1846
1754273629992782529,0,1483,1847,1569,1846
1754273629994546799,0,1483,1847,1569,1846
1754273629996613815,0,1483,1847,1570,1846
1754273629998512518,0,1483,1847,1570,1846
1754273630000632140,0,1483,1848,1570,1846
1754273630002535560,0,1483,1848,1570,1845
1754273630004542974,0,1483,1848,1570,1846
1754273630006591963,0,1483,1848,1570,1846
1754273630008614074,0,1483,1848,1570,1846
1754273630010584178,0,1483,1848,1570,1846
1754273630012569308,0,1483,1848,1570,1846
1754273630014607350,0,1483,1848,1570,1846
1754273630016575030,0,1483,1848,1570,1846
1754273630018596036,0,1484,1847,1570,1846
1754273630020536949,0,1483,1847,1570,1846
1754273630022560422,0,1483,1847,1570,1846
1754273630024521941,0,1483,1847,1569,1846
1754273630026604129,0,1483,1846,1569,1846
1754273630028519737,0,1483,1846,1569,1846
1754273630030553433,0,1483,1845,1569,1846
1754273630032515608,0,1483,1845,1569,1846
1754273630034539336,0,1483,1844,1568,1846
1754273630036613449,0,1483,1843,1568,1846
1754273630038528127,0,1483,1843,1568,1846
1754273630040557885,0,1483,1842,1568,1846
1754273630042472387,0,1483,1841,1568,1846
1754273630044452056,0,1483,1840,1568,1846
1754273630046424200,0,1483,1840,1568,1846
1754273630048531861,0,1483,1839,1568,1846
1754273630050420034,0,1483,1838,1568,1846
1754273630052391780,0,1483,1838,1568,1846
1754273630054572195,0,1483,1837,1568,1846
1754273630056526517,0,1482,1837,1568,1846
1754273630058577182,0,1482,1836,1568,1846
1754273630060477722,0,1482,1836,1568,1846
1754273630062607438,0,1482,1835,1568,1846
1754273630064420621,0,1482,1835,1568,1846
1754273630066351639,0,1482,1835,1568,1846
1754273630068374337,0,1482,1835,1569,1846
1754273630070487845,0,1482,1835,1569,1846
1754273630072453535,0,1482,1835,1569,1846
1754273630074554743,0,1482,1835,1569,1846
1754273630076442731,0,1482,1835,1569,1846
1754273630078456752,0,1482,1835,1570,1846
1754273630080462387,0,1482,1835,1570,1846
1754273630082659431,0,1482,1835,1570,1846
1754273630084498511,0,1482,1836,1570,1846
1754273630086694517,0,1482,1836,1570,1846
1754273630088470366,0,1482,1836,1571,1846
1754273630090582996,0,1482,1836,1571,1845
1754273630092405160,0,1482,1836,1571,1845
1754273630094353890,0,1482,1837,1571,1845
1754273630096363468,0,1482,1837,1571,1845
1754273630098408959,0,1482,1837,1571,1845
1754273630100348199,0,1482,1838,1571,1845
1754273630102362272,0,1482,1838,1571,1845
1754273630104392963,0,1482,1838,1571,1845
1754273630106369231,0,1482,1838,1571,1845
1754273630108361171,0,1482,1838,1570,1845
1754273630110373687,0,1482,1839,1570,1845
1754273630112292438,0,1482,1839,1569,1845
1754273630114309026,0,1482,1839,1569,1844
1754273630116309657,0,1482,1839,1569,1844
1754273630118312957,0,1482,1839,1568,1845
1754273630120291023,0,1482,1839,1568,1844
1754273630122328110,0,1482,1839,1568,1844
1754273630124263408,0,1482,1839,1568,1844
1754273630126299011,0,1482,1839,1567,1844
1754273630128276049,0,1482,1839,1567,1844
1754273630130279721,0,1482,1839,1567,1844
1754273630132280962,0,1482,1839,1567,1845
1754273630134297910,0,1482,1839,1566,1845
1754273630136245938,0,1482,1838,1566,1845
1754273630138265651,0,1482,1838,1566,1845
1754273630140242959,0,1482,1838,1566,1845
1754273630142247375,0,1482,1837,1566,1845
1754273630144250950,0,1482,1837,1566,1845
1754273630146317678,0,1482,1836,1566,1845
1754273630148282264,0,1482,1835,1566,1845
1754273630150273828,0,1482,1834,1567,1845
1754273630152228818,0,1482,1834,1567,1845
1754273630154274004,0,1482,1833,1567,1845
1754273630156259959,0,1482,1832,1567,1844
1754273630158291725,0,1482,1831,1568,1845
1754273630160254882,0,1482,1831,1568,1844
1754273630162251137,0,1482,1830,1568,1844
1754273630164261297,0,1482,1829,1569,1844
1754273630166344177,0,1482,1829,1569,1844
1754273630168297758,0,1482,1828,1569,1844
1754273630170331794,0,1481,1827,1569,1844
1754273630172331183,0,1481,1827,1569,1844
1754273630174339814,0,1481,1826,1569,1844
1754273630176384463,0,1481,1826,1569,1844
1754273630178351850,0,1481,1826,1569,1844
1754273630180355234,0,1480,1826,1569,1843
1754273630182286331,0,1480,1826,1569,1843
1754273630184395045,0,1480,1826,1569,1843
1754273630186317999,0,1479,1826,1569,1842
1754273630188294978,0,1479,1826,1569,1842
1754273630190268245,0,1478,1826,1569,1842
1754273630192144607,0,1478,1826,1569,1842
1754273630194270562,0,1477,1826,1569,1841
1754273630196233097,0,1476,1826,1569,1840
1754273630198228780,0,1476,1826,1569,1840
1754273630200223068,0,1475,1826,1568,1839
1754273630202172981,0,1474,1826,1568,1839
1754273630204142216,0,1473,1825,1568,1838
1754273630206156742,0,1472,1825,1568,1838
1754273630208283726,0,1471,1825,1568,1837
1754273630210292696,0,1470,1824,1568,1837
1754273630212158421,0,1469,1823,1568,1836
1754273630214272154,0,1467,1822,1568,1836
1754273630216213405,0,1466,1822,1568,1835
1754273630218190900,0,1465,1821,1568,1835
1754273630220216161,0,1464,1820,1568,1834
1754273630222206372,0,1463,1819,1567,1834
1754273630224172286,0,1463,1818,1567,1833
1754273630226230835,0,1462,1817,1567,1833
1754273630228194374,0,1462,1816,1567,1833
1754273630230528380,0,1461,1815,1567,1832
1754273630232145128,0,1460,1814,1567,1832
1754273630234134701,0,1460,1813,1567,1831
1754273630236091093,0,1460,1812,1567,1831
1754273630238186156,0,1460,1812,1566,1830
1754273630240250283,0,1460,1810,1566,1830
1754273630242139642,0,1460,1810,1566,1830
1754273630244108824,0,1460,1810,1566,1829
1754273630246103253,0,1461,1809,1565,1829
1754273630248013755,0,1461,1809,1565,1828
1754273630250063422,0,1461,1809,1564,1828
1754273630251995589,0,1461,1809,1564,1827
1754273630253985404,0,1461,1809,1564,1827
1754273630255995125,0,1462,1809,1563,1827
1754273630258012776,0,1462,1809,1563,1826
1754273630260009724,0,1462,1809,1563,1825
1754273630261957877,0,1462,1809,1562,1824
1754273630263927884,0,1463,1809,1562,1824
1754273630265959199,0,1463,1809,1562,1824
1754273630267966344,0,1463,1809,1561,1823
1754273630270046589,0,1463,1810,1561,1822
1754273630271986637,0,1463,1810,1560,1822
1754273630273952864,0,1463,1810,1560,1821
1754273630275956797,0,1463,1811,1559,1821
1754273630277935713,0,1463,1811,1558,1820
1754273630279926020,0,1463,1811,1558,1820
1754273630281976799,0,1463,1812,1558,1819
1754273630283963360,0,1463,1812,1557,1818
1754273630285951897,0,1463,1812,1557,1818
1754273630287955025,0,1463,1812,1556,1817
1754273630289952196,0,1463,1812,1556,1817
1754273630291978074,0,1463,1813,1556,1817
1754273630293984305,0,1463,1813,1555,1817
1754273630295962497,0,1463,1813,1555,1817
1754273630297963429,0,1463,1813,1554,1816
1754273630299964726,0,1463,1814,1554,1816
1754273630301940169,0,1463,1814,1553,1816
1754273630303951604,0,1463,1815,1553,1816
1754273630305980402,0,1463,1815,1552,1816
1754273630307971569,0,1463,1816,1551,1816
1754273630309961767,0,1463,1817,1551,1816
1754273630311939781,0,1464,1818,1550,1816
1754273630313893408,0,1464,1818,1550,1817
1754273630315899967,0,1465,1819,1549,1816
1754273630317864738,0,1465,1820,1549,1816
1754273630319879291,0,1466,1821,1549,1817
1754273630321958002,0,1467,1823,1549,1817
1754273630323928830,0,1468,1824,1548,1817
1754273630325942191,0,1468,1825,1548,1817
1754273630327934235,0,1469,1826,1548,1817
1754273630329892352,0,1470,1826,1547,1817
1754273630331827786,0,1471,1828,1547,1817
1754273630333850586,0,1471,1829,1547,1817
1754273630335894309,0,1472,1831,1546,1818
1754273630337935446,0,1473,1832,1546,1818
1754273630339875526,0,1474,1833,1545,1818
1754273630341928050,0,1474,1835,1545,1818
1754273630343899830,0,1475,1837,1544,1818
1754273630345908676,0,1476,1838,1544,1819
1754273630347832265,0,1477,1839,1543,1819
1754273630349919575,0,1477,1841,1542,1819
1754273630351875436,0,1478,1843,1542,1820
1754273630353895426,0,1479,1844,1541,1820
1754273630355932101,0,1479,1845,1541,1821
1754273630357858758,0,1480,1847,1541,1821
1754273630359860691,0,1481,1848,1540,1822
1754273630361904863,0,1482,1849,1540,1822
1754273630363861152,0,1483,1850,1540,1823
1754273630365952002,0,1483,1852,1540,1824
1754273630367866867,0,1484,1853,1540,1824
1754273630369872809,0,1485,1855,1540,1825
1754273630371870423,0,1486,1856,1540,1826
1754273630373964483,0,1487,1858,1540,1827
1754273630375871485,0,1488,1859,1541,1827
1754273630377787610,0,1489,1860,1540,1828
1754273630379852530,0,1490,1861,1541,1829
1754273630381766685,0,1491,1862,1540,1830
1754273630383791917,0,1492,1864,1540,1831
1754273630385720470,0,1493,1865,1540,1832
1754273630387735678,0,1494,1866,1540,1833
1754273630389751457,0,1495,1867,1540,1834
1754273630391786167,0,1496,1868,1540,1836
1754273630393846050,0,1497,1869,1540,1837
1754273630395887318,0,1498,1869,1540,1838
1754273630397790530,0,1499,1870,1540,1840
1754273630399857038,0,1500,1871,1540,1841
1754273630401790800,0,1500,1872,1541,1842
1754273630403782338,0,1501,1873,1541,1843
1754273630405743262,0,1501,1874,1541,1845
1754273630407724222,0,1502,1875,1541,1846
1754273630409692787,0,1502,1876,1541,1847
1754273630411703434,0,1502,1877,1541,1849
1754273630413685482,0,1502,1877,1542,1850
1754273630415696732,0,1502,1878,1542,1851
1754273630417739319,0,1502,1879,1542,1853
1754273630419799535,0,1502,1880,1543,1854
1754273630421769812,0,1502,1880,1543,1855
1754273630423811778,0,1502,1881,1543,1857
1754273630425835786,0,1502,1881,1544,1857
1754273630427707796,0,1502,1882,1544,1859
1754273630429750249,0,1502,1882,1545,1861
1754273630431862826,0,1502,1883,1545,1862
1754273630433617319,0,1502,1884,1546,1863
1754273630435660051,0,1502,1885,1547,1864
1754273630437611539,0,1502,1885,1547,1866
1754273630439612963,0,1502,1885,1548,1867
1754273630441580449,0,1502,1886,1549,1868
1754273630443659055,0,1502,1887,1550,1869
1754273630445648372,0,1502,1888,1550,1870
1754273630447689000,0,1502,1889,1551,1871
1754273630449664775,0,1502,1890,1553,1872
1754273630451696304,0,1502,1890,1554,1874
1754273630453750912,0,1502,1891,1555,1874
1754273630455898379,0,1502,1892,1556,1875
1754273630457736698,0,1502,1892,1558,1876
1754273630459834887,0,1502,1893,1559,1877
1754273630461600068,0,1502,1895,1560,1878
1754273630463708953,0,1503,1896,1562,1879
1754273630465594264,0,1503,1897,1563,1880
1754273630467705302,0,1503,1898,1565,1880
1754273630469671003,0,1503,1899,1566,1881
1754273630471786962,0,1503,1900,1568,1882
1754273630473642552,0,1504,1901,1569,1883
1754273630475752463,0,1504,1902,1570,1884
1754273630477684559,0,1504,1903,1572,1884
1754273630479739727,0,1505,1904,1573,1885
1754273630481586980,0,1505,1905,1575,1886
1754273630483613511,0,1505,1906,1576,1887
1754273630485577441,0,1506,1907,1578,1888
1754273630487634546,0,1506,1908,1579,1889
1754273630489645643,0,1507,1909,1581,1890
1754273630491600990,0,1507,1909,1582,1891
1754273630493627433,0,1508,1910,1583,1891
1754273630495549214,0,1509,1911,1584,1892
1754273630497559150,0,1509,1911,1585,1893
1754273630499615300,0,1510,1912,1586,1894
1754273630501653527,0,1511,1912,1587,1895
1754273630503608360,0,1511,1913,1588,1896
1754273630505553911,0,1512,1913,1588,1896
1754273630507546774,0,1513,1914,1589,1897
1754273630509567986,0,1513,1914,1589,1898
1754273630511627769,0,1514,1915,1590,1899
1754273630513531789,0,1515,1915,1591,1900
1754273630515512220,0,1516,1915,1591,1901
1754273630517516226,0,1517,1916,1592,1902
1754273630519522717,0,1518,1916,1592,1902
1754273630521484294,0,1519,1917,1593,1903
1754273630523511100,0,1520,1917,1593,1904
1754273630525496989,0,1521,1917,1594,1905
1754273630527504658,0,1522,1918,1595,1905
1754273630529670342,0,1523,1918,1595,1906
1754273630531620710,0,1525,1918,1595,1907
1754273630533886651,0,1526,1919,1596,1907
1754273630535640698,0,1527,1919,1596,1908
1754273630537547645,0,1528,1920,1597,1909
1754273630539495414,0,1529,1920,1597,1909
1754273630541587482,0,1531,1920,1597,1910
1754273630543537891,0,1532,1921,1598,1910
1754273630545641786,0,1533,1921,1598,1911
1754273630547557278,0,1534,1922,1598,1912
1754273630549654709,0,1536,1922,1599,1912
1754273630551543665,0,1537,1923,1599,1913
1754273630553620727,0,1538,1924,1599,1913
1754273630555559197,0,1540,1924,1600,1913
1754273630557625423,0,1541,1925,1600,1913
1754273630559567590,0,1542,1926,1601,1914
1754273630561602146,0,1543,1927,1601,1915
1754273630563521463,0,1544,1927,1601,1915
1754273630565665651,0,1545,1928,1602,1915
1754273630567509259,0,1546,1930,1602,1916
1754273630569602061,0,1547,1931,1602,1916
1754273630571398913,0,1548,1932,1603,1917
1754273630573433969,0,1549,1934,1603,1917
1754273630575443554,0,1550,1935,1603,1917
1754273630577432211,0,1550,1936,1604,1918
1754273630579436913,0,1551,1937,1604,1919
1754273630581426264,0,1551,1939,1605,1919
1754273630583404180,0,1551,1940,1605,1920
1754273630585377108,0,1551,1941,1605,1920
1754273630587377585,0,1551,1942,1605,1920
1754273630589347940,0,1552,1944,1606,1921
1754273630591435602,0,1552,1945,1606,1921
1754273630593394426,0,1552,1947,1607,1922
1754273630595445415,0,1552,1948,1607,1923
1754273630597360656,0,1552,1950,1608,1923
1754273630599370695,0,1552,1951,1608,1924
1754273630601351762,0,1552,1954,1609,1925
1754273630603334099,0,1552,1954,1609,1925
1754273630605398648,0,1552,1956,1610,1926
1754273630607485918,0,1552,1957,1611,1927
1754273630609304625,0,1552,1959,1611,1928
1754273630611318694,0,1552,1960,1612,1928
1754273630613303795,0,1552,1962,1612,1929
1754273630615283115,0,1553,1963,1612,1930
1754273630617312229,0,1553,1965,1613,1931
1754273630619301752,0,1553,1966,1613,1932
1754273630621345646,0,1553,1968,1614,1933
1754273630623364823,0,1554,1969,1614,1934
1754273630625354444,0,1554,1971,1615,1935
1754273630627315108,0,1554,1972,1615,1936
1754273630629272615,0,1555,1973,1615,1938
1754273630631546898,0,1555,1974,1616,1939
1754273630633329874,0,1555,1976,1616,1940
1754273630635366060,0,1556,1977,1617,1942
1754273630637344369,0,1557,1977,1617,1943
1754273630639616418,0,1557,1978,1617,1944
1754273630641374040,0,1558,1979,1618,1946
1754273630643282990,0,1558,1979,1618,1947
1754273630645269607,0,1559,1979,1618,1949
1754273630647368656,0,1560,1980,1619,1950
1754273630649311705,0,1560,1980,1619,1952
1754273630651601492,0,1561,1980,1620,1953
1754273630653310221,0,1561,1980,1620,1955
1754273630655280019,0,1562,1980,1621,1956
1754273630657216378,0,1562,1980,1621,1958
1754273630659256714,0,1563,1980,1622,1959
1754273630661268108,0,1564,1980,1623,1961
1754273630663270058,0,1565,1980,1623,1962
1754273630665263094,0,1566,1980,1624,1963
1754273630667302068,0,1566,1980,1624,1965
1754273630669219073,0,1567,1980,1625,1966
1754273630671308805,0,1568,1980,1626,1967
1754273630673254660,0,1569,1980,1626,1968
1754273630675323439,0,1570,1980,1627,1970
1754273630677327817,0,1570,1980,1628,1971
1754273630679252029,0,1571,1980,1629,1972
1754273630681301672,0,1571,1980,1630,1973
1754273630683218161,0,1572,1980,1631,1974
1754273630685231558,0,1572,1980,1632,1975
1754273630687193995,0,1573,1980,1633,1975
1754273630689190328,0,1573,1980,1634,1976
1754273630691238273,0,1574,1980,1636,1977
1754273630693238686,0,1574,1980,1637,1977
1754273630695198707,0,1575,1980,1638,1979
1754273630697233201,0,1575,1981,1640,1980
1754273630699158610,0,1575,1981,1641,1980
1754273630701176070,0,1575,1981,1642,1980
1754273630703210783,0,1575,1982,1644,1981
1754273630705196110,0,1575,1982,1645,1981
1754273630707141777,0,1575,1983,1647,1982
1754273630709102492,0,1575,1983,1648,1982
1754273630711126514,0,1575,1984,1651,1982
1754273630713116266,0,1575,1984,1653,1982
1754273630715110968,0,1575,1985,1654,1982
1754273630717109889,0,1575,1985,1656,1983
1754273630719092099,0,1575,1986,1657,1983
1754273630721050996,0,1575,1988,1659,1983
1754273630723109220,0,1575,1989,1660,1983
1754273630725070584,0,1575,1990,1661,1983
1754273630727092689,0,1575,1991,1663,1983
1754273630729036423,0,1576,1992,1664,1983
1754273630731060933,0,1576,1993,1665,1983
1754273630733097599,0,1576,1994,1666,1983
1754273630735116243,0,1577,1996,1667,1983
1754273630737093229,0,1577,1997,1668,1983
1754273630739171089,0,1578,1998,1669,1983
1754273630741154471,0,1579,1999,1670,1983
1754273630743121953,0,1580,2001,1671,1984
1754273630745157665,0,1580,2002,1672,1984
1754273630747089256,0,1581,2003,1672,1984
1754273630749125510,0,1581,2005,1673,1984
1754273630751089839,0,1582,2005,1674,1985
1754273630753093986,0,1583,2006,1674,1985
1754273630755042438,0,1584,2007,1675,1986
1754273630757070287,0,1584,2009,1675,1986
1754273630759005509,0,1586,2009,1676,1987
1754273630761004089,0,1586,2010,1676,1987
1754273630763010359,0,1587,2011,1677,1988
1754273630765042776,0,1589,2012,1677,1989
1754273630767014184,0,1590,2012,1677,1989
1754273630769053590,0,1591,2013,1677,1990
1754273630771033017,0,1592,2014,1677,1990
1754273630773064034,0,1594,2014,1677,1991
1754273630775051132,0,1595,2015,1677,1992
1754273630776994489,0,1597,2015,1677,1993
1754273630778952633,0,1598,2016,1677,1994
1754273630781018307,0,1600,2016,1677,1995
1754273630782964158,0,1601,2017,1677,1995
1754273630784969931,0,1603,2017,1677,1996
1754273630786939649,0,1605,2018,1677,1997
1754273630788957608,0,1607,2018,1677,1998
1754273630790955129,0,1609,2019,1677,1999
1754273630792953729,0,1610,2019,1677,2000
1754273630794970447,0,1612,2020,1677,2001
1754273630796962399,0,1614,2020,1678,2003
1754273630798957679,0,1616,2020,1677,2003
1754273630801075457,0,1618,2021,1677,2004
1754273630803145025,0,1620,2021,1678,2005
1754273630804980389,0,1622,2022,1678,2006
1754273630806949404,0,1624,2022,1678,2007
1754273630808979128,0,1625,2023,1678,2008
1754273630811020756,0,1627,2024,1678,2009
1754273630813021897,0,1629,2024,1679,2010
1754273630814891243,0,1631,2025,1679,2011
1754273630817033904,0,1632,2026,1679,2011
1754273630819012319,0,1634,2027,1680,2012
1754273630821093228,0,1635,2028,1680,2013
1754273630823073519,0,1636,2029,1680,2014
1754273630825109136,0,1637,2031,1681,2015
1754273630827059900,0,1638,2032,1681,2016
1754273630828964828,0,1639,2033,1681,2016
1754273630831063688,0,1639,2034,1682,2017
1754273630832879796,0,1639,2036,1682,2018
1754273630834881687,0,1640,2037,1682,2018
1754273630836925826,0,1640,2039,1683,2018
1754273630839051869,0,1640,2040,1683,2019
1754273630840910192,0,1640,2041,1684,2020
1754273630843081056,0,1640,2043,1684,2021
1754273630844908130,0,1640,2044,1684,2022
1754273630846920269,0,1640,2046,1685,2022
1754273630848842563,0,1640,2047,1685,2023
1754273630850870057,0,1640,2049,1686,2024
1754273630852847178,0,1640,2050,1687,2024
1754273630854846833,0,1640,2052,1687,2025
1754273630856822855,0,1640,2053,1688,2026
1754273630858862949,0,1640,2055,1688,2027
1754273630860833263,0,1640,2056,1689,2028
1754273630862845781,0,1640,2058,1689,2028
1754273630864810476,0,1640,2060,1690,2030
1754273630866904086,0,1640,2061,1690,2030
1754273630868828009,0,1640,2063,1690,2031
1754273630870843440,0,1640,2064,1691,2032
1754273630872886041,0,1640,2065,1691,2033
1754273630874843946,0,1640,2067,1692,2034
1754273630876845798,0,1640,2068,1692,2035
1754273630878789024,0,1640,2069,1693,2036
1754273630880846626,0,1640,2070,1694,2038
1754273630882842015,0,1640,2071,1694,2038
1754273630884822591,0,1640,2072,1695,2040
1754273630886816231,0,1640,2073,1695,2041
1754273630888788850,0,1640,2074,1696,2043
1754273630890777955,0,1641,2075,1696,2044
1754273630892812270,0,1641,2075,1697,2045
1754273630894847771,0,1642,2076,1698,2046
1754273630896790144,0,1642,2076,1698,2048
1754273630898818333,0,1642,2076,1698,2049
1754273630900751115,0,1643,2076,1699,2051
1754273630902745872,0,1643,2077,1700,2052
1754273630904726507,0,1644,2077,1701,2053
1754273630906781702,0,1645,2077,1701,2055
1754273630908801059,0,1645,2077,1702,2056
1754273630910754821,0,1646,2077,1702,2058
1754273630912763971,0,1646,2077,1703,2059
1754273630914770269,0,1647,2077,1703,2060
1754273630916756401,0,1648,2077,1703,2061
1754273630918780607,0,1649,2078,1704,2063
1754273630920826439,0,1649,2078,1704,2064
1754273630922746308,0,1650,2078,1705,2065
1754273630924693553,0,1651,2078,1705,2066
1754273630926734351,0,1651,2078,1705,2067
1754273630928688075,0,1652,2078,1706,2068
1754273630930690395,0,1653,2078,1706,2069
1754273630932706978,0,1654,2078,1707,2070
1754273630934723323,0,1655,2079,1708,2071
1754273630936660662,0,1655,2079,1708,2072
1754273630938664858,0,1656,2079,1710,2073
1754273630940685934,0,1657,2079,1711,2074
1754273630942668482,0,1658,2080,1713,2074
1754273630944684118,0,1659,2081,1714,2075
1754273630946673517,0,1660,2081,1716,2075
1754273630948630110,0,1661,2082,1717,2076
1754273630950693295,0,1662,2084,1718,2076
1754273630952632977,0,1663,2084,1720,2077
1754273630954685972,0,1664,2085,1721,2077
1754273630956656798,0,1665,2086,1723,2078
1754273630958653705,0,1665,2087,1725,2078
1754273630960632703,0,1666,2089,1726,2078
1754273630962607339,0,1667,2090,1728,2079
1754273630964643027,0,1668,2091,1729,2079
1754273630966646014,0,1669,2092,1731,2079
1754273630968599010,0,1670,2094,1733,2080
1754273630970600852,0,1671,2095,1734,2080
1754273630972531895,0,1671,2097,1736,2080
1754273630974589562,0,1672,2098,1737,2080
1754273630976591619,0,1673,2100,1739,2080
1754273630978600528,0,1674,2101,1740,2081
1754273630980587190,0,1675,2103,1741,2081
1754273630982605462,0,1675,2105,1742,2082
1754273630984591889,0,1676,2106,1744,2083
1754273630986601915,0,1677,2107,1745,2083
1754273630988588915,0,1678,2109,1746,2083
1754273630990598103,0,1679,2111,1746,2084
1754273630992635661,0,1680,2112,1747,2084
1754273630994607065,0,1680,2113,1748,2085
1754273630996597115,0,1681,2115,1749,2086
1754273630998559614,0,1683,2116,1750,2087
1754273631000609964,0,1684,2118,1750,2087
1754273631002623919,0,1685,2119,1751,2088
1754273631004709235,0,1686,2120,1752,2089
1754273631006581640,0,1687,2121,1752,2090
1754273631008604322,0,1689,2122,1753,2091
1754273631010557146,0,1690,2123,1753,2092
1754273631012705179,0,1691,2124,1754,2093
1754273631014536507,0,1692,2125,1754,2094
1754273631016671917,0,1693,2126,1755,2095
1754273631018509411,0,1695,2126,1756,2096
1754273631020654752,0,1696,2127,1756,2097
1754273631022580823,0,1698,2127,1757,2099
1754273631024508956,0,1699,2128,1757,2100
1754273631026540829,0,1700,2128,1758,2101
1754273631028562449,0,1701,2128,1758,2103
1754273631030510949,0,1703,2128,1759,2104
1754273631032576583,0,1704,2128,1759,2105
1754273631034471180,0,1706,2128,1760,2106
1754273631036557170,0,1707,2128,1760,2107
1754273631038469276,0,1709,2129,1761,2108
1754273631040530084,0,1710,2129,1761,2110
1754273631042528910,0,1712,2129,1762,2111
1754273631044525350,0,1713,2130,1762,2112
1754273631046550273,0,1714,2130,1763,2113
1754273631048550002,0,1716,2130,1763,2115
1754273631050539025,0,1717,2131,1764,2116
1754273631052520635,0,1718,2132,1765,2117
1754273631054470751,0,1719,2132,1765,2117
1754273631056544655,0,1720,2133,1766,2119
1754273631058500580,0,1721,2133,1766,2120
1754273631060513196,0,1722,2134,1767,2121
1754273631062473302,0,1723,2136,1767,2122
1754273631064508041,0,1724,2137,1768,2123
1754273631066502499,0,1726,2138,1768,2123
1754273631068419962,0,1727,2139,1768,2124
1754273631070480271,0,1728,2140,1769,2125
1754273631072539449,0,1728,2141,1770,2125
1754273631074483721,0,1729,2143,1770,2126
1754273631076410461,0,1729,2144,1771,2127
1754273631078444330,0,1730,2146,1771,2128
1754273631080378406,0,1730,2147,1772,2128
1754273631082388178,0,1730,2149,1772,2129
1754273631084383774,0,1730,2150,1773,2130
1754273631086683493,0,1731,2152,1774,2130
1754273631088451594,0,1731,2153,1774,2131
1754273631090458159,0,1731,2155,1775,2131
1754273631092436046,0,1731,2157,1775,2132
1754273631094661772,0,1731,2158,1776,2133
1754273631096536279,0,1731,2160,1776,2133
1754273631098615324,0,1731,2162,1777,2134
1754273631100501438,0,1731,2163,1777,2135
1754273631102699143,0,1731,2165,1777,2136
1754273631104503854,0,1731,2167,1778,2136
1754273631106601136,0,1731,2169,1779,2137
1754273631108448431,0,1731,2170,1779,2138
1754273631110672537,0,1731,2172,1780,2139
1754273631112434601,0,1731,2174,1780,2140
1754273631114439346,0,1731,2175,1780,2140
1754273631116361432,0,1731,2177,1781,2142
1754273631118363412,0,1732,2179,1782,2143
1754273631120397035,0,1732,2180,1782,2143
1754273631122373195,0,1733,2182,1782,2145
1754273631124489543,0,1733,2184,1783,2146
1754273631126412495,0,1734,2185,1783,2147
1754273631128276197,0,1734,2186,1784,2148
1754273631130242538,0,1736,2189,1785,2149
1754273631132275034,0,1737,2190,1785,2151
1754273631134251533,0,1737,2191,1785,2152
1754273631136248692,0,1738,2192,1786,2153
1754273631138321713,0,1740,2193,1787,2155
1754273631140259426,0,1741,2194,1787,2156
1754273631142337711,0,1742,2195,1788,2157
1754273631144344168,0,1743,2196,1788,2159
1754273631146350125,0,1744,2197,1789,2161
1754273631148346309,0,1745,2197,1789,2162
1754273631150404934,0,1746,2198,1790,2164
1754273631152249948,0,1748,2199,1790,2166
1754273631154348956,0,1749,2199,1791,2167
1754273631156335057,0,1750,2200,1791,2169
1754273631158353417,0,1751,2200,1792,2171
1754273631160339131,0,1752,2200,1793,2173
1754273631162350227,0,1753,2200,1794,2174
1754273631164289980,0,1755,2200,1794,2176
1754273631166309359,0,1756,2200,1796,2177
1754273631168299369,0,1757,2200,1796,2179
1754273631170334957,0,1759,2200,1797,2180
1754273631172317501,0,1760,2200,1798,2182
1754273631174371489,0,1761,2200,1799,2183
1754273631176315983,0,1762,2200,1800,2185
1754273631178296008,0,1763,2200,1801,2186
1754273631180273603,0,1765,2200,1803,2187
1754273631182337397,0,1766,2199,1803,2189
1754273631184375551,0,1767,2200,1805,2190
1754273631186337773,0,1768,2200,1806,2191
1754273631188335341,0,1769,2200,1808,2192
1754273631190299922,0,1771,2200,1809,2193
1754273631192347185,0,1771,2200,1810,2194
1754273631194323279,0,1772,2200,1811,2195
1754273631196390779,0,1773,2201,1813,2196
1754273631198289647,0,1773,2201,1815,2197
1754273631200240584,0,1774,2201,1817,2198
1754273631202243163,0,1774,2202,1818,2198
1754273631204263718,0,1775,2203,1820,2199
1754273631206273371,0,1775,2204,1821,2200
1754273631208237290,0,1776,2204,1823,2200
1754273631210355624,0,1776,2206,1824,2201
1754273631212294483,0,1776,2206,1826,2201
1754273631214345280,0,1776,2207,1827,2201
1754273631216311774,0,1777,2209,1828,2201
1754273631218285114,0,1777,2210,1830,2202
1754273631220208909,0,1778,2210,1831,2202
1754273631222210848,0,1778,2213,1833,2202
1754273631224151001,0,1778,2214,1834,2203
1754273631226237541,0,1779,2215,1835,2203
1754273631228151036,0,1779,2217,1836,2203
1754273631230213994,0,1780,2219,1837,2203
1754273631232302763,0,1780,2221,1838,2204
1754273631234191951,0,1781,2222,1839,2204
1754273631236176694,0,1781,2224,1840,2204
1754273631238206082,0,1782,2224,1841,2204
1754273631240064427,0,1782,2227,1843,2205
1754273631242010683,0,1783,2228,1844,2205
1754273631244046616,0,1784,2229,1845,2206
1754273631246050092,0,1785,2231,1846,2206
1754273631248044621,0,1786,2232,1847,2206
1754273631250027837,0,1787,2234,1848,2207
1754273631252080365,0,1788,2235,1850,2207
1754273631254033877,0,1789,2237,1851,2208
1754273631256033166,0,1791,2239,1852,2209
1754273631258013913,0,1792,2240,1853,2209
1754273631260010743,0,1794,2241,1853,2210
1754273631262078004,0,1796,2244,1854,2211
1754273631264032161,0,1798,2245,1855,2211
1754273631266070928,0,1799,2246,1856,2212
1754273631267980671,0,1801,2247,1856,2213
1754273631270059694,0,1803,2248,1857,2215
1754273631271997684,0,1805,2249,1858,2216
1754273631274037761,0,1807,2250,1859,2217
1754273631275944633,0,1808,2251,1859,2217
1754273631278009544,0,1810,2251,1860,2219
1754273631279983827,0,1812,2252,1860,2220
1754273631282054538,0,1814,2252,1860,2222
1754273631284090571,0,1816,2253,1861,2223
1754273631286165518,0,1818,2253,1861,2224
1754273631288069912,0,1820,2253,1861,2225
1754273631290094944,0,1821,2254,1861,2227
1754273631292069461,0,1823,2254,1861,2228
1754273631294165161,0,1825,2254,1861,2230
1754273631296051870,0,1826,2254,1861,2231
1754273631298103683,0,1828,2254,1861,2232
1754273631300129468,0,1829,2254,1861,2234
1754273631302093857,0,1830,2254,1861,2235
1754273631303977727,0,1831,2254,1862,2236
1754273631305973553,0,1832,2254,1862,2238
1754273631307945537,0,1833,2254,1862,2239
1754273631309980221,0,1833,2254,1862,2241
1754273631311944205,0,1834,2254,1863,2242
1754273631313958871,0,1834,2255,1863,2243
1754273631315936007,0,1835,2255,1864,2244
1754273631317977423,0,1835,2255,1864,2246
1754273631320037489,0,1835,2255,1865,2246
1754273631321965109,0,1835,2256,1865,2247
1754273631323946173,0,1835,2256,1866,2248
1754273631325930765,0,1835,2257,1866,2249
1754273631327879306,0,1835,2257,1867,2250
1754273631329890779,0,1835,2258,1867,2251
1754273631332090146,0,1835,2259,1868,2252
1754273631334002370,0,1835,2260,1869,2252
1754273631335955693,0,1835,2261,1869,2253
1754273631338015308,0,1834,2262,1870,2253
1754273631339942140,0,1834,2262,1871,2254
1754273631341977029,0,1834,2264,1871,2255
1754273631343899094,0,1833,2265,1872,2255
1754273631345936403,0,1833,2266,1873,2256
1754273631347859162,0,1833,2268,1873,2256
1754273631349876497,0,1833,2269,1874,2257
1754273631351867750,0,1833,2270,1875,2257
1754273631353866135,0,1833,2272,1876,2258
1754273631355835878,0,1833,2273,1877,2258
1754273631357834830,0,1833,2275,1877,2258
1754273631359804948,0,1833,2276,1878,2259
1754273631361864322,0,1833,2278,1879,2259
1754273631363835431,0,1833,2280,1880,2259
1754273631365855393,0,1833,2281,1881,2260
1754273631367861585,0,1833,2283,1881,2260
1754273631369863201,0,1833,2284,1882,2261
1754273631371813317,0,1833,2286,1883,2262
1754273631373851983,0,1833,2288,1884,2262
1754273631375834900,0,1833,2289,1885,2263
1754273631377833464,0,1834,2291,1886,2263
1754273631379830181,0,1834,2292,1887,2264
1754273631381885589,0,1835,2294,1887,2265
1754273631383844533,0,1835,2296,1888,2265
1754273631385837202,0,1835,2297,1888,2266
1754273631387832329,0,1836,2298,1889,2267
1754273631389766904,0,1837,2300,1890,2268
1754273631391862552,0,1838,2301,1890,2269
1754273631393772632,0,1839,2302,1891,2270
1754273631395733738,0,1839,2303,1892,2271
1754273631397696263,0,1841,2304,1893,2272
1754273631399727946,0,1841,2304,1893,2273
1754273631401773920,0,1842,2305,1894,2274
1754273631403776851,0,1843,2306,1894,2276
1754273631405760946,0,1844,2306,1895,2277
1754273631407759565,0,1845,2307,1896,2278
1754273631409754493,0,1846,2307,1896,2279
1754273631411782098,0,1848,2307,1897,2281
1754273631413759360,0,1849,2307,1898,2282
1754273631415778420,0,1849,2307,1898,2283
1754273631417751867,0,1851,2307,1899,2285
1754273631419797319,0,1852,2307,1900,2286
1754273631421766330,0,1853,2307,1900,2287
1754273631423716578,0,1854,2307,1901,2289
1754273631425674697,0,1855,2307,1902,2290
1754273631427739441,0,1856,2306,1902,2291
1754273631429689643,0,1857,2306,1903,2293
1754273631431692808,0,1858,2306,1904,2294
1754273631433697154,0,1858,2306,1904,2295
1754273631435711095,0,1859,2306,1904,2296
1754273631437692125,0,1860,2305,1906,2297
1754273631439691743,0,1860,2305,1907,2297
1754273631441619832,0,1861,2305,1908,2300
1754273631443609891,0,1861,2304,1908,2300
1754273631445595077,0,1861,2304,1909,2301
1754273631447645098,0,1861,2304,1909,2302
1754273631449631285,0,1861,2303,1910,2303
1754273631451645811,0,1862,2303,1911,2304
1754273631453653345,0,1862,2303,1912,2305
1754273631455652689,0,1862,2302,1913,2305
1754273631457643632,0,1862,2302,1914,2306
1754273631459599636,0,1862,2302,1915,2306
1754273631461665439,0,1862,2302,1915,2307
1754273631463723874,0,1862,2302,1916,2307
1754273631465749476,0,1862,2303,1918,2307
1754273631467602266,0,1862,2303,1919,2308
1754273631469559609,0,1862,2304,1919,2308
1754273631471588897,0,1862,2304,1921,2308
1754273631473543454,0,1862,2305,1922,2308
1754273631475587322,0,1862,2306,1923,2308
1754273631477556295,0,1862,2306,1924,2308
1754273631479602521,0,1862,2308,1925,2308
1754273631481562024,0,1862,2309,1926,2308
1754273631483615781,0,1862,2310,1927,2308
1754273631485581259,0,1862,2311,1927,2308
1754273631487829619,0,1863,2312,1928,2308
1754273631489550073,0,1863,2314,1929,2308
1754273631491595142,0,1864,2315,1930,2308
1754273631493570901,0,1864,2317,1931,2308
1754273631495784490,0,1865,2318,1931,2308
1754273631497587377,0,1866,2320,1932,2308
1754273631499715139,0,1867,2321,1933,2308
1754273631501529536,0,1868,2323,1934,2308
1754273631503567466,0,1869,2324,1934,2308
1754273631505526904,0,1870,2326,1935,2308
1754273631507709256,0,1871,2328,1936,2308
1754273631509544830,0,1872,2329,1937,2308
1754273631511723781,0,1874,2331,1937,2308
1754273631513530395,0,1876,2333,1938,2308
1754273631515600190,0,1877,2335,1939,2309
1754273631517554370,0,1879,2336,1939,2309
1754273631519589109,0,1881,2338,1940,2309
1754273631521572892,0,1882,2340,1941,2310
1754273631523557341,0,1884,2342,1941,2310
1754273631525616631,0,1886,2344,1942,2311
1754273631527530128,0,1888,2345,1942,2312
1754273631529488716,0,1890,2347,1943,2312
1754273631531490343,0,1891,2348,1943,2313
1754273631533519986,0,1893,2350,1943,2314
1754273631535479400,0,1895,2351,1943,2314
1754273631537475332,0,1897,2352,1943,2315
1754273631539448521,0,1900,2353,1943,2317
1754273631541457025,0,1901,2354,1942,2318
1754273631543494149,0,1903,2355,1942,2318
1754273631545457923,0,1905,2356,1942,2320
1754273631547539833,0,1907,2357,1942,2321
1754273631549510130,0,1908,2358,1942,2322
1754273631551493136,0,1910,2359,1942,2323
1754273631553491677,0,1912,2360,1942,2325
1754273631555470017,0,1913,2360,1942,2326
1754273631557535320,0,1915,2361,1942,2328
1754273631559446105,0,1916,2361,1942,2330
1754273631561487722,0,1917,2362,1942,2331
1754273631563483080,0,1919,2363,1942,2332
1754273631565608135,0,1920,2363,1942,2334
1754273631567527758,0,1921,2363,1942,2336
1754273631569543912,0,1922,2364,1942,2337
1754273631571417726,0,1923,2364,1942,2338
1754273631573413463,0,1924,2364,1943,2340
1754273631575416623,0,1924,2365,1943,2341
1754273631577531996,0,1925,2365,1943,2343
1754273631579377214,0,1925,2365,1943,2344
1754273631581396832,0,1925,2366,1944,2345
1754273631583396465,0,1925,2366,1944,2347
1754273631585419550,0,1925,2366,1944,2349
1754273631587412570,0,1925,2367,1945,2350
1754273631589376875,0,1925,2367,1945,2351
1754273631591416265,0,1925,2367,1946,2353
1754273631593358828,0,1925,2368,1946,2354
1754273631595475440,0,1925,2368,1946,2355
1754273631597369949,0,1924,2368,1947,2356
1754273631599366307,0,1924,2369,1948,2357
1754273631601394064,0,1924,2369,1948,2358
1754273631603374325,0,1924,2370,1949,2359
1754273631605346144,0,1923,2371,1950,2361
1754273631607341841,0,1923,2371,1950,2361
1754273631609374487,0,1923,2372,1951,2362
1754273631611365423,0,1922,2373,1952,2363
1754273631613349234,0,1922,2374,1953,2364
1754273631615367055,0,1922,2375,1954,2364
1754273631617405854,0,1922,2376,1955,2365
1754273631619381457,0,1922,2378,1957,2366
1754273631621390294,0,1922,2379,1958,2366
1754273631623292731,0,1922,2381,1959,2367
1754273631625297151,0,1922,2382,1961,2368
1754273631627312420,0,1922,2384,1962,2368
1754273631629339657,0,1922,2385,1964,2369
1754273631631307129,0,1922,2387,1966,2369
1754273631633387336,0,1922,2389,1967,2370
1754273631635309302,0,1922,2390,1969,2370
1754273631637285805,0,1922,2392,1971,2371
1754273631639361503,0,1922,2393,1972,2371
1754273631641302743,0,1922,2395,1974,2372
1754273631643322204,0,1922,2397,1975,2372
1754273631645258907,0,1922,2399,1977,2373
1754273631647231964,0,1922,2400,1979,2373
1754273631649207884,0,1923,2402,1980,2374
1754273631651207088,0,1924,2405,1982,2375
1754273631653213434,0,1924,2406,1984,2376
1754273631655276387,0,1925,2408,1985,2377
1754273631657244532,0,1926,2410,1986,2377
1754273631659250162,0,1927,2412,1987,2378
1754273631661273802,0,1928,2414,1988,2379
1754273631663281453,0,1929,2415,1990,2380
1754273631665265339,0,1930,2417,1990,2381
1754273631667263130,0,1932,2419,1992,2382
1754273631669203345,0,1933,2420,1993,2383
1754273631671222677,0,1934,2422,1994,2384
1754273631673215375,0,1936,2423,1994,2385
1754273631675178136,0,1938,2424,1995,2387
1754273631677212992,0,1940,2425,1996,2388
1754273631679189826,0,1941,2426,1997,2389
1754273631681191083,0,1943,2427,1998,2391
1754273631683184159,0,1945,2428,1999,2392
1754273631685176679,0,1947,2429,1999,2394
1754273631687172059,0,1949,2430,2000,2395
1754273631689213628,0,1952,2431,2001,2396
1754273631691191965,0,1954,2431,2001,2398
1754273631693231410,0,1955,2432,2002,2399
1754273631695135071,0,1958,2432,2002,2401
1754273631697148687,0,1960,2433,2003,2403
1754273631699138819,0,1962,2434,2004,2404
1754273631701142733,0,1964,2434,2005,2406
1754273631703132254,0,1967,2435,2006,2407
1754273631705141749,0,1969,2435,2006,2409
1754273631707096406,0,1970,2436,2007,2411
1754273631709114450,0,1972,2436,2008,2412
1754273631711108020,0,1974,2437,2008,2414
1754273631713117822,0,1976,2437,2009,2415
1754273631715155388,0,1978,2438,2010,2417
1754273631717061312,0,1979,2438,2011,2418
1754273631719093957,0,1981,2438,2012,2420
1754273631721066893,0,1982,2438,2013,2421
1754273631723099430,0,1983,2439,2013,2422
1754273631725068646,0,1984,2439,2014,2424
1754273631727168594,0,1985,2440,2015,2425
1754273631729108211,0,1985,2440,2015,2427
1754273631731082698,0,1986,2441,2016,2428
1754273631733099118,0,1986,2441,2017,2429
1754273631735247186,0,1986,2442,2018,2430
1754273631737234915,0,1986,2442,2019,2431
1754273631739182393,0,1985,2443,2020,2433
1754273631741165046,0,1985,2444,2020,2433
1754273631743164796,0,1985,2445,2021,2435
1754273631745184053,0,1985,2446,2022,2436
1754273631747139781,0,1985,2447,2023,2436
1754273631749113437,0,1984,2448,2023,2437
1754273631751102476,0,1984,2450,2024,2438
1754273631753113869,0,1984,2451,2025,2439
1754273631755086521,0,1984,2453,2026,2439
1754273631757040268,0,1984,2454,2026,2440
1754273631759047300,0,1984,2456,2027,2440
1754273631761149632,0,1984,2457,2028,2441
1754273631763119539,0,1984,2459,2029,2442
1754273631765053964,0,1984,2461,2030,2442
1754273631767033011,0,1984,2463,2031,2443
1754273631769014779,0,1985,2465,2032,2443
1754273631771015044,0,1985,2466,2032,2444
1754273631772963685,0,1985,2468,2034,2444
1754273631774958152,0,1986,2470,2035,2445
1754273631776938324,0,1986,2472,2036,2446
1754273631778948898,0,1987,2473,2037,2446
1754273631781017553,0,1988,2475,2038,2447
1754273631782979490,0,1988,2477,2039,2448
1754273631785049553,0,1989,2479,2041,2448
1754273631787097492,0,1991,2481,2042,2449
1754273631789162816,0,1992,2483,2043,2450
1754273631791119564,0,1993,2485,2044,2451
1754273631793065038,0,1994,2487,2045,2452
1754273631795049461,0,1996,2488,2046,2453
1754273631797118595,0,1997,2490,2047,2454
1754273631799064810,0,1999,2492,2048,2455
1754273631801092284,0,2001,2494,2049,2456
1754273631803135671,0,2002,2496,2050,2457
1754273631805092254,0,2005,2498,2051,2458
1754273631807048689,0,2006,2499,2052,2460
1754273631809090414,0,2009,2501,2052,2461
1754273631811079436,0,2010,2503,2053,2462
1754273631813080360,0,2012,2505,2054,2464
1754273631815084009,0,2014,2507,2055,2465
1754273631817014407,0,2016,2508,2056,2467
1754273631819057217,0,2018,2510,2056,2469
1754273631821101140,0,2021,2512,2057,2470
1754273631823052284,0,2022,2513,2058,2471
1754273631825154046,0,2024,2514,2059,2473
1754273631827044915,0,2026,2516,2060,2475
1754273631829088783,0,2027,2517,2060,2477
1754273631830999121,0,2029,2517,2061,2478
1754273631833075372,0,2030,2518,2062,2480
1754273631835024311,0,2031,2519,2063,2482
1754273631837037692,0,2032,2520,2064,2484
1754273631839036737,0,2033,2520,2064,2486
1754273631841031820,0,2034,2521,2065,2488
1754273631843049786,0,2034,2521,2066,2489
1754273631844987224,0,2034,2521,2067,2492
1754273631846895052,0,2034,2522,2068,2494
1754273631848857997,0,2034,2521,2069,2495
1754273631850853271,0,2034,2521,2070,2497
1754273631852849283,0,2034,2521,2070,2499
1754273631854910784,0,2034,2522,2071,2501
1754273631856882870,0,2034,2521,2072,2504
1754273631858875663,0,2034,2521,2073,2505
1754273631860873671,0,2034,2521,2074,2507
1754273631862898273,0,2034,2521,2075,2508
1754273631864874243,0,2033,2521,2076,2510
1754273631866909449,0,2033,2521,2077,2512
1754273631868819640,0,2033,2522,2077,2513
1754273631870883899,0,2033,2522,2078,2516
1754273631872856929,0,2033,2523,2079,2516
1754273631874894568,0,2033,2523,2080,2518
1754273631876778795,0,2033,2524,2081,2519
1754273631878837764,0,2033,2525,2082,2520
1754273631880919905,0,2033,2526,2083,2521
1754273631882966680,0,2033,2527,2084,2522
1754273631884910841,0,2033,2528,2086,2522
1754273631886807178,0,2034,2529,2087,2523
1754273631888776139,0,2034,2530,2088,2524
1754273631890778624,0,2034,2532,2089,2525
1754273631892764976,0,2034,2533,2091,2525
1754273631894763080,0,2034,2535,2093,2526
1754273631896738744,0,2034,2536,2094,2526
1754273631898744536,0,2035,2538,2096,2527
1754273631900779910,0,2036,2540,2099,2527
1754273631902875564,0,2036,2542,2100,2527
1754273631904794810,0,2037,2544,2102,2529
1754273631906760205,0,2038,2545,2103,2529
1754273631908825455,0,2039,2547,2105,2529
1754273631910890435,0,2040,2548,2107,2530
1754273631912792417,0,2040,2550,2108,2530
1754273631914781620,0,2041,2552,2110,2531
1754273631916902426,0,2042,2554,2111,2531
1754273631918810794,0,2043,2556,2113,2532
1754273631920780397,0,2044,2557,2114,2532
1754273631922820217,0,2045,2558,2116,2533
1754273631924802694,0,2046,2560,2117,2533
1754273631926804170,0,2047,2562,2119,2534
1754273631928767703,0,2048,2564,2120,2535
1754273631930795227,0,2050,2565,2121,2536
1754273631932748858,0,2051,2567,2123,2536
1754273631934745124,0,2052,2568,2124,2537
1754273631936673768,0,2053,2570,2125,2538
1754273631938706177,0,2054,2570,2126,2539
1754273631940635576,0,2056,2572,2127,2540
1754273631942677101,0,2057,2572,2128,2542
1754273631944679004,0,2058,2573,2129,2543
1754273631946685634,0,2060,2574,2130,2545
1754273631948704352,0,2061,2575,2131,2546
1754273631950669275,0,2063,2575,2132,2547
1754273631952699100,0,2064,2576,2133,2548
1754273631954692711,0,2066,2577,2133,2549
1754273631956640636,0,2067,2577,2134,2550
1754273631958756214,0,2069,2578,2135,2551
1754273631960681825,0,2070,2578,2136,2553
1754273631962720081,0,2072,2578,2136,2555
1754273631964790524,0,2073,2578,2137,2557
1754273631966840938,0,2075,2578,2137,2558
1754273631968794897,0,2076,2578,2138,2559
1754273631970740899,0,2078,2578,2138,2560
1754273631972725033,0,2079,2578,2138,2561
1754273631974617912,0,2081,2578,2138,2563
1754273631976647549,0,2082,2578,2138,2564
1754273631978678568,0,2084,2578,2138,2566
1754273631980698446,0,2085,2578,2138,2567
1754273631982652647,0,2086,2578,2138,2568
1754273631984620916,0,2087,2578,2139,2569
1754273631986642199,0,2088,2579,2139,2570
1754273631988590068,0,2089,2579,2139,2571
1754273631990596156,0,2090,2579,2140,2572
1754273631992577912,0,2091,2580,2140,2573
1754273631994600120,0,2091,2580,2141,2574
1754273631996584813,0,2092,2580,2141,2575
1754273631998579922,0,2093,2581,2142,2576
1754273632000574735,0,2093,2582,2142,2577
1754273632002572261,0,2094,2583,2143,2577
1754273632004576662,0,2094,2584,2143,2578
1754273632006615419,0,2094,2585,2144,2578
1754273632008575021,0,2095,2586,2144,2579
1754273632010537120,0,2095,2587,2145,2580
1754273632012520683,0,2095,2589,2146,2580
1754273632014524226,0,2095,2590,2146,2581
1754273632016522850,0,2095,2592,2147,2581
1754273632018531730,0,2095,2593,2148,2582
1754273632020562132,0,2095,2595,2149,2582
1754273632022542443,0,2095,2597,2149,2582
1754273632024511564,0,2095,2598,2150,2583
1754273632026592075,0,2095,2600,2151,2583
1754273632028575908,0,2095,2601,2152,2583
1754273632030562206,0,2095,2603,2153,2584
1754273632032714886,0,2095,2605,2154,2584
1754273632034492830,0,2095,2607,2155,2585
1754273632036581144,0,2095,2608,2156,2585
1754273632038475136,0,2095,2610,2157,2586
1754273632040592153,0,2095,2612,2157,2586
1754273632042519369,0,2095,2614,2158,2587
1754273632044632151,0,2095,2615,2159,2588
1754273632046515179,0,2096,2617,2160,2589
1754273632048580638,0,2096,2620,2161,2589
1754273632050472154,0,2096,2621,2161,2590
1754273632052573536,0,2097,2623,2162,2591
1754273632054500318,0,2097,2625,2163,2592
1754273632056590239,0,2097,2627,2164,2593
1754273632058467704,0,2098,2629,2164,2593
1754273632060462693,0,2099,2630,2165,2595
1754273632062475104,0,2099,2632,2166,2596
1754273632064488515,0,2100,2634,2166,2597
1754273632066451238,0,2101,2635,2167,2598
1754273632068447635,0,2102,2636,2168,2599
1754273632070496548,0,2103,2638,2169,2600
1754273632072486682,0,2105,2639,2170,2602
1754273632074454579,0,2106,2641,2171,2603
1754273632076471177,0,2107,2642,2171,2604
1754273632078480903,0,2108,2643,2172,2606
1754273632080395069,0,2110,2644,2172,2607
1754273632082393317,0,2111,2645,2173,2609
1754273632084471902,0,2112,2645,2174,2610
1754273632086334823,0,2114,2646,2175,2612
1754273632088335699,0,2115,2647,2176,2613
1754273632090372799,0,2117,2647,2177,2615
1754273632092380683,0,2118,2648,2178,2617
1754273632094358001,0,2120,2648,2179,2618
1754273632096352735,0,2122,2648,2179,2620
1754273632098345037,0,2123,2648,2180,2622
1754273632100383953,0,2125,2648,2181,2623
1754273632102407655,0,2126,2648,2182,2625
1754273632104362166,0,2127,2648,2183,2627
1754273632106328282,0,2128,2648,2183,2628
1754273632108321858,0,2129,2647,2184,2630
1754273632110337395,0,2129,2647,2185,2631
1754273632112350531,0,2130,2646,2186,2633
1754273632114379249,0,2131,2646,2187,2634
1754273632116394053,0,2131,2646,2187,2636
1754273632118407352,0,2132,2645,2188,2637
1754273632120397458,0,2133,2645,2188,2639
1754273632122327103,0,2133,2644,2189,2639
1754273632124401153,0,2133,2645,2190,2641
1754273632126331125,0,2133,2645,2191,2642
1754273632128412358,0,2133,2645,2191,2643
1754273632130355058,0,2133,2645,2192,2644
1754273632132328605,0,2133,2645,2193,2645
1754273632134399762,0,2133,2646,2194,2645
1754273632136345187,0,2133,2646,2195,2646
1754273632138306793,0,2133,2647,2196,2647
1754273632140233777,0,2133,2648,2197,2647
1754273632142350261,0,2133,2649,2198,2648
1754273632144284398,0,2133,2650,2199,2648
1754273632146368816,0,2133,2651,2200,2649
1754273632148360572,0,2133,2652,2201,2649
1754273632150368674,0,2133,2654,2203,2649
1754273632152278798,0,2133,2656,2204,2650
1754273632154325548,0,2133,2657,2206,2650
1754273632156280366,0,2134,2658,2207,2650
1754273632158320766,0,2134,2661,2208,2650
1754273632160264863,0,2135,2663,2210,2650
1754273632162320544,0,2135,2664,2211,2651
1754273632164254102,0,2135,2666,2213,2650
1754273632166182706,0,2136,2667,2214,2651
1754273632168192493,0,2137,2669,2215,2651
1754273632170226583,0,2137,2672,2217,2651
1754273632172185937,0,2138,2673,2218,2651
1754273632174256028,0,2139,2675,2220,2652
1754273632176240850,0,2140,2677,2221,2652
1754273632178182946,0,2141,2679,2223,2652
1754273632180217146,0,2142,2680,2224,2652
1754273632182273336,0,2143,2682,2225,2653
1754273632184225115,0,2144,2684,2226,2653
1754273632186228328,0,2146,2686,2227,2654
1754273632188183751,0,2147,2688,2228,2655
1754273632190217973,0,2149,2690,2229,2656
1754273632192203863,0,2150,2691,2230,2656
1754273632194326710,0,2153,2694,2231,2657
1754273632196214491,0,2154,2695,2232,2658
1754273632198204752,0,2155,2696,2232,2658
1754273632200216940,0,2158,2699,2234,2660
1754273632202165720,0,2159,2700,2234,2661
1754273632204197572,0,2161,2702,2235,2662
1754273632206243949,0,2164,2704,2236,2663
1754273632208247465,0,2166,2705,2237,2665
1754273632210225160,0,2167,2707,2237,2666
1754273632212166831,0,2169,2708,2238,2667
1754273632214111136,0,2171,2709,2239,2668
1754273632216220318,0,2173,2710,2239,2670
1754273632218181227,0,2175,2711,2239,2671
1754273632220198949,0,2177,2712,2240,2673
1754273632222261617,0,2179,2713,2240,2674
1754273632224140011,0,2181,2714,2240,2676
1754273632226215948,0,2183,2715,2240,2677
1754273632228187213,0,2185,2715,2240,2680
1754273632230133020,0,2186,2716,2241,2680
1754273632232084687,0,2188,2717,2241,2683
1754273632234149554,0,2189,2717,2241,2684
1754273632236091901,0,2191,2718,2241,2687
1754273632238052522,0,2192,2718,2241,2687
1754273632240085346,0,2194,2718,2242,2689
1754273632242088824,0,2195,2719,2242,2691
1754273632244135570,0,2196,2719,2242,2693
1754273632246042588,0,2198,2720,2243,2695
1754273632248073761,0,2199,2720,2243,2696
1754273632250074096,0,2200,2720,2243,2699
1754273632252115431,0,2200,2721,2244,2701
1754273632254088247,0,2201,2721,2244,2701
1754273632256097209,0,2202,2722,2245,2704
1754273632258072243,0,2202,2722,2246,2705
1754273632260005712,0,2202,2722,2246,2707
1754273632262024684,0,2203,2723,2247,2707
1754273632264041632,0,2203,2724,2247,2709
1754273632266125595,0,2203,2724,2248,2710
1754273632268106338,0,2203,2725,2249,2712
1754273632270081970,0,2203,2726,2249,2713
1754273632272027005,0,2203,2727,2250,2714
1754273632274009925,0,2203,2728,2251,2715
1754273632276021915,0,2202,2729,2251,2716
1754273632278000498,0,2202,2730,2252,2717
1754273632280078115,0,2202,2731,2253,2718
1754273632282059473,0,2202,2733,2254,2719
1754273632283980374,0,2202,2734,2255,2720
1754273632286013696,0,2202,2736,2256,2720
1754273632288051103,0,2202,2737,2257,2721
1754273632289963981,0,2202,2739,2258,2722
1754273632291974096,0,2202,2741,2259,2723
1754273632294023357,0,2203,2742,2260,2724
1754273632296024830,0,2203,2744,2261,2724
1754273632297962926,0,2203,2746,2263,2725
1754273632299970882,0,2203,2748,2264,2726
1754273632301976589,0,2204,2749,2265,2726
1754273632304005904,0,2205,2751,2267,2727
1754273632305994747,0,2205,2753,2268,2728
1754273632308038652,0,2206,2755,2270,2729
1754273632309946855,0,2207,2757,2271,2729
1754273632311895279,0,2208,2759,2273,2730
1754273632313925699,0,2209,2761,2274,2731
1754273632315888005,0,2210,2763,2276,2731
1754273632317913823,0,2211,2765,2278,2732
1754273632319993435,0,2213,2766,2279,2733
1754273632321951171,0,2214,2769,2281,2735
1754273632323969156,0,2216,2771,2283,2735
1754273632325978688,0,2217,2773,2284,2736
1754273632327952064,0,2219,2775,2286,2737
1754273632329914377,0,2221,2777,2287,2738
1754273632331935387,0,2223,2779,2288,2740
1754273632333884330,0,2225,2781,2290,2741
1754273632335970889,0,2227,2783,2291,2743
1754273632337868313,0,2229,2785,2292,2744
1754273632339828415,0,2232,2786,2292,2745
1754273632341891599,0,2233,2788,2294,2746
1754273632343919130,0,2236,2790,2294,2748
1754273632345929496,0,2238,2791,2295,2750
1754273632347926379,0,2240,2793,2296,2751
1754273632349966796,0,2241,2794,2298,2753
1754273632351849207,0,2244,2796,2299,2754
1754273632353910224,0,2246,2797,2299,2756
1754273632355820356,0,2247,2798,2300,2758
1754273632357961746,0,2249,2799,2301,2760
1754273632359867868,0,2251,2800,2302,2762
1754273632361914225,0,2253,2801,2303,2764
1754273632363863856,0,2255,2802,2304,2765
1754273632365898251,0,2256,2802,2305,2767
1754273632367855024,0,2258,2803,2305,2769
1754273632369966288,0,2259,2803,2306,2771
1754273632371885043,0,2260,2803,2307,2773
1754273632373890869,0,2261,2804,2308,2774
1754273632375923796,0,2261,2804,2309,2776
1754273632377903488,0,2262,2804,2310,2778
1754273632379905225,0,2262,2803,2311,2780
1754273632381851735,0,2263,2804,2312,2782
1754273632383834634,0,2263,2804,2312,2784
1754273632385818067,0,2263,2804,2313,2786
1754273632387830125,0,2263,2804,2314,2787
1754273632389831421,0,2263,2803,2315,2789
1754273632391835576,0,2263,2804,2316,2790
1754273632393905025,0,2263,2804,2317,2792
1754273632395819549,0,2263,2804,2318,2794
1754273632397818892,0,2263,2804,2319,2795
1754273632399844173,0,2263,2804,2320,2796
1754273632401959857,0,2263,2805,2321,2798
1754273632403852765,0,2263,2805,2322,2799
1754273632405772399,0,2263,2806,2323,2800
1754273632407789495,0,2263,2806,2324,2801
1754273632409818090,0,2263,2807,2325,2802
1754273632411816344,0,2262,2808,2326,2803
1754273632413804584,0,2262,2809,2328,2804
1754273632415805346,0,2262,2810,2328,2804
1754273632417702002,0,2262,2811,2329,2805
1754273632419769781,0,2262,2813,2330,2806
1754273632421751548,0,2262,2814,2331,2807
1754273632423754682,0,2262,2816,2333,2807
1754273632425702552,0,2262,2817,2333,2807
1754273632427729744,0,2262,2818,2334,2808
1754273632429783583,0,2262,2820,2336,2808
1754273632431689717,0,2262,2822,2337,2809
1754273632433786290,0,2262,2823,2338,2809
1754273632435754539,0,2262,2825,2339,2809
1754273632437696396,0,2263,2827,2341,2809
1754273632439718901,0,2263,2829,2342,2810
1754273632441691585,0,2264,2830,2343,2810
1754273632443719784,0,2265,2832,2345,2811
1754273632445729412,0,2265,2834,2346,2811
1754273632447722548,0,2266,2836,2348,2812
1754273632449646577,0,2267,2838,2349,2812
1754273632451733669,0,2268,2840,2351,2813
1754273632453710785,0,2268,2842,2352,2813
1754273632455710398,0,2270,2844,2354,2814
1754273632457623752,0,2271,2846,2355,2815
1754273632459606791,0,2272,2848,2356,2815
1754273632461595508,0,2273,2849,2358,2816
1754273632463607357,0,2275,2851,2359,2817
1754273632465661312,0,2277,2853,2360,2818
1754273632467617913,0,2279,2855,2361,2819
1754273632469625062,0,2280,2856,2362,2820
1754273632471642590,0,2282,2858,2363,2821
1754273632473635739,0,2284,2859,2364,2822
1754273632475649656,0,2286,2860,2365,2823
1754273632477696864,0,2287,2861,2366,2825
1754273632479557300,0,2289,2862,2367,2826
1754273632481552571,0,2291,2863,2368,2827
1754273632483538942,0,2293,2864,2369,2828
1754273632485567497,0,2295,2865,2370,2829
1754273632487572663,0,2297,2865,2371,2831
1754273632489557331,0,2299,2866,2372,2833
1754273632491555859,0,2301,2866,2373,2834
1754273632493616431,0,2303,2867,2374,2836
1754273632495590882,0,2305,2867,2375,2837
1754273632497573182,0,2308,2867,2376,2839
1754273632499577419,0,2310,2867,2377,2840
1754273632501580474,0,2312,2868,2378,2842
1754273632503748119,0,2313,2868,2379,2843
1754273632505588337,0,2316,2868,2380,2845
1754273632507586536,0,2317,2868,2381,2847
1754273632509503588,0,2319,2868,2382,2849
1754273632511526404,0,2321,2868,2382,2850
1754273632513498042,0,2322,2868,2383,2851
1754273632515588396,0,2324,2868,2384,2853
1754273632517557374,0,2325,2867,2385,2854
1754273632519595437,0,2326,2867,2385,2856
1754273632521535876,0,2327,2867,2386,2857
1754273632523587752,0,2328,2866,2387,2858
1754273632525536270,0,2328,2866,2388,2859
1754273632527658223,0,2329,2865,2388,2861
1754273632529532817,0,2329,2865,2389,2862
1754273632531568411,0,2329,2865,2390,2863
1754273632533556813,0,2329,2864,2391,2864
1754273632535643732,0,2329,2864,2392,2864
1754273632537516194,0,2329,2864,2393,2865
1754273632539520125,0,2329,2864,2394,2866
1754273632541447872,0,2328,2864,2394,2867
1754273632543516378,0,2328,2864,2396,2867
1754273632545476135,0,2328,2864,2397,2868
1754273632547499511,0,2327,2865,2398,2868
1754273632549525318,0,2327,2865,2398,2869
1754273632551486923,0,2326,2866,2399,2869
1754273632553516128,0,2326,2867,2400,2869
1754273632555487451,0,2326,2867,2401,2869
1754273632557465477,0,2325,2868,2402,2869
1754273632559475733,0,2325,2869,2403,2869
1754273632561491453,0,2325,2871,2403,2870
1754273632563464851,0,2325,2872,2404,2869
1754273632565493743,0,2325,2873,2405,2870
1754273632567468170,0,2325,2875,2406,2869
1754273632569474862,0,2325,2876,2407,2869
1754273632571463212,0,2325,2878,2408,2869
1754273632573484250,0,2325,2879,2409,2869
1754273632575501323,0,2325,2881,2409,2869
1754273632577468223,0,2325,2883,2410,2869
1754273632579465654,0,2326,2885,2411,2869
1754273632581441847,0,2326,2886,2412,2870
1754273632583434549,0,2327,2888,2412,2869
1754273632585423116,0,2328,2890,2414,2870
1754273632587465069,0,2329,2892,2415,2870
1754273632589633946,0,2330,2894,2416,2870
1754273632591450384,0,2331,2895,2416,2870
1754273632593631236,0,2333,2897,2416,2870
1754273632595434719,0,2334,2899,2418,2870
1754273632597611006,0,2336,2901,2420,2871
1754273632599429139,0,2338,2903,2420,2871
1754273632601565884,0,2339,2905,2421,2872
1754273632603403105,0,2341,2907,2422,2873
1754273632605523088,0,2343,2908,2423,2874
1754273632607441992,0,2345,2910,2424,2875
1754273632609665786,0,2346,2912,2425,2875
1754273632611429892,0,2348,2913,2426,2876
1754273632613577290,0,2350,2914,2426,2877
1754273632615382842,0,2352,2915,2426,2878
1754273632617419502,0,2354,2917,2426,2880
1754273632619441659,0,2356,2917,2426,2881
1754273632621391286,0,2358,2918,2426,2882
1754273632623350729,0,2360,2919,2426,2883
1754273632625386939,0,2362,2919,2426,2885
1754273632627378265,0,2364,2919,2426,2886
1754273632629379508,0,2366,2920,2426,2888
1754273632631407062,0,2367,2920,2426,2889
1754273632633398892,0,2369,2920,2426,2891
1754273632635389473,0,2370,2920,2426,2892
1754273632637453455,0,2372,2920,2426,2894
1754273632639367303,0,2373,2920,2426,2896
1754273632641394675,0,2374,2919,2426,2897
1754273632643369971,0,2376,2919,2426,2899
1754273632645334522,0,2377,2919,2426,2900
1754273632647380003,0,2378,2919,2426,2902
1754273632649333766,0,2378,2918,2426,2903
1754273632651318689,0,2379,2918,2426,2905
1754273632653360092,0,2380,2917,2426,2906
1754273632655305037,0,2380,2917,2426,2908
1754273632657389740,0,2380,2917,2427,2909
1754273632659342959,0,2380,2917,2427,2911
1754273632661297629,0,2381,2917,2427,2912
1754273632663316512,0,2381,2917,2428,2913
1754273632665257491,0,2381,2917,2428,2914
1754273632667315424,0,2380,2917,2429,2915
1754273632669298316,0,2380,2918,2429,2916
1754273632671323904,0,2380,2918,2430,2917
1754273632673299113,0,2380,2919,2431,2918
1754273632675241540,0,2380,2919,2432,2919
1754273632677358920,0,2379,2920,2432,2919
1754273632679317002,0,2378,2920,2433,2920
1754273632681247466,0,2378,2921,2433,2920
1754273632683218213,0,2377,2923,2434,2921
1754273632685291382,0,2377,2924,2435,2921
1754273632687218619,0,2376,2925,2436,2922
1754273632689226925,0,2376,2927,2437,2922
1754273632691219577,0,2375,2928,2438,2922
1754273632693228460,0,2375,2929,2439,2923
1754273632695265772,0,2375,2931,2440,2923
1754273632697254777,0,2374,2933,2440,2923
1754273632699213243,0,2374,2934,2441,2924
1754273632701231656,0,2374,2936,2443,2924
1754273632703217562,0,2374,2938,2444,2924
1754273632705232709,0,2374,2939,2445,2924
1754273632707253450,0,2374,2942,2446,2925
1754273632709329354,0,2375,2943,2447,2925
1754273632711204049,0,2375,2945,2448,2925
1754273632713259191,0,2375,2947,2449,2926
1754273632715237016,0,2376,2949,2450,2926
1754273632717192862,0,2376,2950,2452,2926
1754273632719210163,0,2377,2952,2453,2927
1754273632721189371,0,2377,2954,2454,2927
1754273632723181173,0,2378,2956,2455,2927
1754273632725192385,0,2379,2958,2455,2928
1754273632727201008,0,2380,2959,2456,2929
1754273632729203702,0,2381,2961,2457,2929
1754273632731162522,0,2382,2962,2458,2930
1754273632733183706,0,2383,2964,2459,2931
1754273632735182943,0,2385,2965,2460,2932
1754273632737255156,0,2386,2966,2461,2933
1754273632739175178,0,2388,2967,2461,2934
1754273632741221141,0,2390,2968,2462,2935
1754273632743176817,0,2392,2969,2463,2936
1754273632745187093,0,2394,2969,2464,2937
1754273632747195709,0,2396,2970,2465,2938
1754273632749203181,0,2398,2970,2466,2939
1754273632751170530,0,2400,2971,2467,2940
1754273632753144319,0,2402,2971,2468,2942
1754273632755090199,0,2405,2972,2468,2943
1754273632757079040,0,2408,2972,2469,2944
1754273632759133262,0,2410,2972,2470,2946
1754273632761092288,0,2412,2972,2471,2947
1754273632763075397,0,2414,2973,2472,2949
1754273632765100490,0,2416,2973,2473,2951
1754273632767099742,0,2418,2973,2474,2952
1754273632769045113,0,2420,2972,2475,2954
1754273632771118464,0,2422,2972,2475,2955
1754273632773044857,0,2424,2972,2476,2956
1754273632775122347,0,2425,2972,2477,2958
1754273632777073751,0,2426,2971,2478,2959
1754273632779128033,0,2427,2971,2479,2960
1754273632781152984,0,2428,2971,2480,2962
1754273632783108663,0,2429,2970,2481,2963
1754273632785052649,0,2430,2970,2482,2964
1754273632787034537,0,2430,2969,2482,2965
1754273632789067114,0,2430,2969,2483,2966
1754273632791029419,0,2430,2969,2484,2967
1754273632793036765,0,2430,2969,2485,2968
1754273632795060712,0,2430,2969,2485,2969
1754273632797034917,0,2430,2969,2486,2969
1754273632799022754,0,2430,2969,2487,2969
1754273632800965672,0,2429,2969,2488,2970
1754273632802980949,0,2429,2969,2488,2970
1754273632805040918,0,2428,2969,2489,2971
1754273632807027334,0,2428,2970,2490,2971
1754273632809018409,0,2427,2970,2491,2972
1754273632811037505,0,2426,2971,2492,2972
1754273632813167762,0,2425,2971,2493,2972
1754273632815044818,0,2424,2972,2494,2972
1754273632817038997,0,2424,2973,2494,2973
1754273632819100709,0,2424,2974,2495,2973
1754273632821011805,0,2423,2976,2496,2973
1754273632823047974,0,2423,2977,2497,2973
1754273632824992135,0,2422,2978,2498,2973
1754273632826966657,0,2422,2979,2499,2973
1754273632829041831,0,2422,2981,2499,2973
1754273632830993166,0,2422,2982,2500,2973
1754273632833013051,0,2422,2984,2501,2974
1754273632834995143,0,2422,2985,2502,2974
1754273632837023515,0,2422,2987,2503,2974
1754273632838985963,0,2422,2989,2504,2974
1754273632840940086,0,2423,2991,2504,2974
1754273632842992003,0,2424,2992,2505,2974
1754273632845114734,0,2424,2994,2506,2974
1754273632847006624,0,2425,2995,2507,2974
1754273632849045338,0,2425,2997,2508,2975
1754273632850944041,0,2427,2999,2509,2975
1754273632852923897,0,2428,3001,2510,2975
1754273632854942034,0,2429,3003,2510,2976
1754273632856926049,0,2431,3004,2511,2976
1754273632858942895,0,2432,3006,2511,2977
1754273632860971184,0,2434,3008,2511,2977
1754273632862935333,0,2436,3009,2512,2978
1754273632864917829,0,2438,3011,2512,2978
1754273632866887885,0,2439,3012,2512,2979
1754273632868992779,0,2441,3013,2512,2980
1754273632871042810,0,2444,3014,2512,2980
1754273632872961323,0,2446,3015,2512,2982
1754273632874962625,0,2448,3016,2512,2982
1754273632876959239,0,2450,3017,2512,2984
1754273632878911586,0,2452,3017,2512,2985
1754273632880922565,0,2454,3018,2512,2986
1754273632882890236,0,2456,3018,2512,2987
1754273632884912842,0,2458,3018,2512,2988
1754273632886946890,0,2460,3018,2512,2989
1754273632888891717,0,2462,3018,2511,2991
1754273632890921003,0,2464,3018,2511,2992
1754273632892904106,0,2466,3018,2511,2994
1754273632894936090,0,2467,3018,2511,2994
1754273632896871970,0,2469,3018,2511,2997
1754273632898886484,0,2471,3019,2511,2998
1754273632900904008,0,2473,3019,2511,2999
1754273632902907631,0,2474,3019,2511,3000
1754273632904898780,0,2474,3020,2511,3001
1754273632906858480,0,2475,3019,2511,3002
1754273632908854640,0,2476,3020,2511,3004
1754273632910866018,0,2477,3019,2512,3005
1754273632912834737,0,2477,3020,2512,3007
1754273632914867327,0,2477,3020,2512,3008
1754273632916810636,0,2477,3020,2513,3008
1754273632918838896,0,2477,3020,2513,3009
1754273632920825414,0,2477,3020,2514,3011
1754273632922804254,0,2477,3020,2514,3012
1754273632924840238,0,2477,3020,2515,3012
1754273632926808707,0,2477,3020,2515,3013
1754273632928810960,0,2476,3020,2516,3014
1754273632930847279,0,2476,3020,2517,3015
1754273632932813833,0,2475,3021,2517,3015
1754273632934853154,0,2474,3021,2518,3016
1754273632936785387,0,2474,3022,2519,3017
1754273632938775515,0,2473,3022,2519,3017
1754273632940755350,0,2472,3024,2520,3018
1754273632942776990,0,2471,3025,2521,3019
1754273632944779150,0,2471,3026,2522,3019
1754273632946766519,0,2470,3027,2523,3019
1754273632948805013,0,2469,3028,2523,3020
1754273632950752694,0,2468,3029,2524,3020
1754273632952810243,0,2468,3031,2525,3020
1754273632954722210,0,2468,3032,2526,3021
1754273632956806402,0,2467,3034,2526,3021
1754273632958793731,0,2467,3035,2528,3021
1754273632960759660,0,2467,3037,2529,3022
1754273632962760186,0,2467,3038,2530,3022
1754273632964710982,0,2467,3040,2531,3022
1754273632966740084,0,2467,3042,2532,3023
1754273632968707035,0,2468,3045,2533,3023
1754273632970675241,0,2468,3046,2533,3023
1754273632972732553,0,2468,3048,2535,3024
1754273632974671532,0,2469,3050,2535,3024
1754273632976663501,0,2470,3051,2537,3024
1754273632978686518,0,2471,3053,2537,3025
1754273632980756122,0,2472,3054,2538,3025
1754273632982734907,0,2473,3056,2539,3026
1754273632984683989,0,2474,3057,2539,3027
1754273632986781854,0,2475,3058,2540,3027
1754273632988673490,0,2476,3059,2541,3028
1754273632990725299,0,2477,3060,2542,3029
1754273632992678463,0,2479,3061,2542,3030
1754273632994695896,0,2480,3062,2543,3031
1754273632996691943,0,2482,3063,2544,3032
1754273632998631188,0,2483,3063,2545,3033
1754273633000658769,0,2485,3063,2545,3034
1754273633002654959,0,2486,3064,2546,3035
1754273633004666273,0,2487,3064,2546,3036
1754273633006681030,0,2489,3064,2547,3037
1754273633008649854,0,2490,3064,2548,3038
1754273633010645290,0,2492,3063,2549,3039
1754273633012747210,0,2493,3063,2549,3041
1754273633014661639,0,2494,3063,2550,3042
1754273633016651121,0,2495,3063,2551,3043
1754273633018721561,0,2496,3062,2552,3044
1754273633020705667,0,2497,3061,2553,3045
1754273633022603150,0,2498,3060,2553,3047
1754273633024638409,0,2498,3060,2554,3048
1754273633026632551,0,2499,3059,2555,3049
1754273633028618577,0,2499,3058,2556,3050
1754273633030668718,0,2500,3057,2557,3052
1754273633032616533,0,2499,3056,2558,3052
1754273633034652138,0,2499,3055,2559,3054
1754273633036624785,0,2499,3055,2559,3054
1754273633038614383,0,2499,3054,2560,3056
1754273633040588202,0,2499,3053,2561,3056
1754273633042574941,0,2499,3053,2562,3057
1754273633044561859,0,2499,3053,2562,3057
1754273633046656294,0,2499,3052,2564,3058
1754273633048599273,0,2499,3053,2564,3058
1754273633050619781,0,2498,3053,2565,3059
1754273633052610453,0,2498,3053,2566,3059
1754273633054681928,0,2498,3053,2566,3059
1754273633056653691,0,2498,3053,2567,3060
1754273633058628517,0,2497,3054,2568,3060
1754273633060663517,0,2497,3055,2569,3060
1754273633062675391,0,2497,3055,2570,3060
1754273633064674166,0,2497,3056,2570,3060
1754273633066682370,0,2497,3057,2571,3060
1754273633068631207,0,2497,3058,2572,3060
1754273633070621194,0,2497,3060,2573,3060
1754273633072680260,0,2496,3061,2574,3060
1754273633074658545,0,2497,3062,2574,3060
1754273633076614821,0,2496,3064,2575,3060
1754273633078567806,0,2496,3065,2576,3060
1754273633080781609,0,2497,3067,2576,3060
1754273633082716472,0,2497,3068,2577,3060
1754273633084579325,0,2497,3070,2578,3060
1754273633086592763,0,2497,3071,2579,3060
1754273633088642575,0,2497,3073,2579,3060
1754273633090564054,0,2498,3075,2580,3060
1754273633092663579,0,2498,3076,2581,3060
1754273633094534559,0,2499,3078,2581,3060
1754273633096480278,0,2499,3079,2581,3060
1754273633098563159,0,2500,3081,2582,3061
1754273633100560528,0,2500,3082,2582,3060
1754273633102554749,0,2501,3084,2582,3061
1754273633104569822,0,2502,3085,2582,3061
1754273633106574190,0,2502,3086,2582,3061
1754273633108502921,0,2503,3087,2583,3062
1754273633110499916,0,2504,3088,2583,3062
1754273633112508972,0,2505,3089,2583,3062
1754273633114522345,0,2506,3090,2583,3063
1754273633116510612,0,2507,3091,2583,3063
1754273633118563121,0,2508,3092,2583,3064
1754273633120554529,0,2509,3092,2584,3065
1754273633122568312,0,2510,3093,2584,3066
1754273633124575157,0,2511,3093,2583,3066
1754273633126569293,0,2512,3093,2584,3067
1754273633128513304,0,2513,3093,2584,3068
1754273633130482964,0,2515,3093,2584,3068
1754273633132542220,0,2516,3093,2583,3069
1754273633134459389,0,2517,3093,2583,3070
1754273633136494015,0,2518,3093,2583,3071
1754273633138656086,0,2519,3093,2583,3072
1754273633140533314,0,2521,3093,2583,3073
1754273633142788756,0,2522,3093,2583,3074
1754273633144586688,0,2523,3092,2583,3075
1754273633146629851,0,2524,3092,2584,3076
1754273633148514848,0,2526,3092,2584,3077
1754273633150561153,0,2527,3092,2584,3078
1754273633152497365,0,2528,3092,2584,3079
1754273633154569466,0,2528,3092,2585,3080
1754273633156507451,0,2529,3092,2585,3081
1754273633158731170,0,2529,3092,2586,3082
1754273633160586897,0,2530,3092,2586,3083
1754273633162553137,0,2530,3092,2587,3083
1754273633164469255,0,2531,3092,2587,3084
1754273633166576484,0,2531,3092,2588,3085
1754273633168555991,0,2531,3093,2589,3086
1754273633170657131,0,2531,3093,2589,3086
1754273633172525841,0,2531,3093,2590,3087
1754273633174801632,0,2532,3093,2590,3087
1754273633176533953,0,2532,3094,2591,3088
1754273633178499420,0,2532,3094,2592,3088
1754273633180486301,0,2531,3095,2592,3089
1754273633182481974,0,2531,3096,2593,3089
1754273633184481434,0,2531,3097,2593,3090
1754273633186487049,0,2531,3097,2594,3090
1754273633188455664,0,2531,3099,2595,3091
1754273633190547947,0,2531,3099,2595,3091
1754273633192462893,0,2531,3101,2596,3091
1754273633194443664,0,2531,3102,2597,3092
1754273633196464151,0,2531,3104,2597,3092
1754273633198478905,0,2531,3105,2598,3093
1754273633200378676,0,2532,3106,2599,3093
1754273633202395219,0,2531,3108,2600,3093
1754273633204415732,0,2532,3109,2600,3093
1754273633206419566,0,2532,3111,2601,3093
1754273633208422076,0,2532,3113,2602,3093
1754273633210501538,0,2533,3114,2602,3094
1754273633212479018,0,2534,3116,2603,3094
1754273633214474787,0,2534,3118,2604,3095
1754273633216445389,0,2535,3119,2605,3095
1754273633218484052,0,2536,3121,2605,3096
1754273633220427000,0,2537,3123,2606,3096
1754273633222450324,0,2538,3125,2607,3097
1754273633224577662,0,2539,3127,2608,3097
1754273633226441969,0,2540,3128,2608,3098
1754273633228541309,0,2541,3130,2609,3098
1754273633230432806,0,2543,3132,2610,3100
1754273633232612388,0,2544,3133,2611,3100
1754273633234423094,0,2545,3135,2612,3101
1754273633236548195,0,2547,3136,2612,3102
1754273633238410722,0,2549,3138,2613,3103
1754273633240510500,0,2550,3139,2614,3104
1754273633242423925,0,2551,3140,2615,3105
1754273633244617981,0,2554,3141,2616,3106
1754273633246427884,0,2555,3142,2616,3107
1754273633248584596,0,2557,3142,2617,3108
1754273633250444736,0,2558,3142,2617,3110
1754273633252626191,0,2559,3143,2617,3111
1754273633254464209,0,2561,3143,2618,3113
1754273633256669268,0,2562,3143,2618,3114
1754273633258456573,0,2564,3143,2618,3115
1754273633260411597,0,2565,3143,2618,3116
1754273633262464800,0,2567,3143,2619,3118
1754273633264521607,0,2568,3143,2619,3119
1754273633266413954,0,2569,3143,2619,3121
1754273633268505609,0,2570,3143,2619,3122
1754273633270466716,0,2571,3143,2620,3124
1754273633272394842,0,2573,3143,2620,3125
1754273633274387746,0,2574,3143,2620,3127
1754273633276418928,0,2575,3143,2620,3128
1754273633278390156,0,2577,3144,2621,3129
1754273633280396342,0,2578,3144,2621,3131
1754273633282399012,0,2579,3144,2621,3132
1754273633284369471,0,2580,3144,2622,3133
1754273633286355906,0,2580,3144,2622,3135
1754273633288439454,0,2581,3145,2623,3136
1754273633290477315,0,2582,3145,2623,3137
1754273633292466358,0,2582,3145,2623,3138
1754273633294415014,0,2582,3146,2624,3139
1754273633296373204,0,2583,3147,2625,3140
1754273633298441529,0,2583,3147,2625,3141
1754273633300394514,0,2583,3148,2626,3141
1754273633302392765,0,2583,3149,2627,3142
1754273633304449967,0,2583,3151,2627,3143
1754273633306354846,0,2583,3152,2628,3144
1754273633308310686,0,2583,3153,2629,3144
1754273633310555006,0,2582,3154,2630,3145
1754273633312334640,0,2582,3156,2630,3146
1754273633314474833,0,2582,3157,2630,3146
1754273633316335734,0,2582,3159,2631,3147
1754273633318585373,0,2582,3160,2632,3147
1754273633320432055,0,2582,3162,2633,3148
1754273633322572036,0,2582,3164,2633,3148
1754273633324352234,0,2582,3165,2634,3148
1754273633326436921,0,2582,3167,2636,3149
1754273633328374269,0,2582,3168,2636,3149
1754273633330388095,0,2582,3170,2637,3150
1754273633332365058,0,2582,3172,2638,3150
1754273633334404141,0,2582,3173,2639,3151
1754273633336391230,0,2582,3175,2640,3151
1754273633338459334,0,2582,3177,2642,3152
1754273633340374553,0,2583,3178,2643,3152
1754273633342380581,0,2583,3179,2643,3153
1754273633344404794,0,2583,3182,2644,3154
1754273633346338271,0,2583,3183,2645,3155
1754273633348359916,0,2584,3184,2646,3155
1754273633350362847,0,2584,3186,2647,3156
1754273633352354173,0,2585,3187,2648,3157
1754273633354396244,0,2586,3189,2649,3158
1754273633356446665,0,2586,3190,2649,3158
1754273633358401850,0,2588,3191,2650,3160
1754273633360386063,0,2588,3191,2651,3161
1754273633362387638,0,2590,3192,2651,3162
1754273633364383508,0,2591,3193,2653,3163
1754273633366480322,0,2592,3194,2653,3164
1754273633368369991,0,2594,3195,2654,3165
1754273633370330865,0,2595,3195,2655,3166
1754273633372340296,0,2596,3195,2655,3168
1754273633374332357,0,2598,3196,2656,3169
1754273633376349805,0,2599,3196,2657,3170
1754273633377414132,0,2600,3196,2657,3171
1754273633379402960,0,2601,3196,2658,3172
1754273633381387042,0,2603,3196,2659,3173
1754273633383368526,0,2605,3196,2659,3175
1754273633385385336,0,2606,3196,2660,3176
1754273633387357929,0,2607,3196,2660,3177
1754273633389392131,0,2609,3195,2661,3179
1754273633391375444,0,2610,3195,2662,3180
1754273633393363444,0,2611,3195,2663,3181
1754273633395246807,0,2612,3194,2664,3183
1754273633397228415,0,2613,3194,2664,3184
1754273633399200573,0,2613,3194,2665,3185
1754273633401255924,0,2614,3194,2666,3186
1754273633403263993,0,2615,3193,2666,3187
1754273633405341656,0,2615,3193,2667,3189
1754273633407254239,0,2615,3192,2668,3190
1754273633409342541,0,2615,3192,2669,3190
1754273633411272070,0,2615,3192,2670,3191
1754273633413304739,0,2615,3191,2670,3192
1754273633415283262,0,2615,3191,2671,3193
1754273633417297815,0,2615,3191,2672,3193
1754273633419245884,0,2615,3191,2674,3194
1754273633421294264,0,2615,3191,2674,3194
1754273633423250262,0,2615,3191,2675,3195
1754273633425250499,0,2615,3191,2676,3195
1754273633427249280,0,2615,3191,2676,3195
1754273633429251214,0,2615,3192,2677,3196
1754273633431256209,0,2615,3192,2678,3196
1754273633433318736,0,2615,3193,2678,3196
1754273633435196641,0,2615,3194,2679,3196
1754273633437213517,0,2615,3195,2680,3196
1754273633439206764,0,2615,3196,2681,3196
1754273633441223656,0,2615,3196,2681,3197
1754273633443276592,0,2615,3198,2682,3197
1754273633445255845,0,2615,3199,2683,3197
1754273633447248079,0,2615,3200,2684,3197
1754273633449216336,0,2615,3202,2684,3197
1754273633451227459,0,2615,3203,2685,3197
1754273633453260504,0,2615,3205,2686,3197
1754273633455214637,0,2615,3206,2687,3197
1754273633457216067,0,2615,3207,2688,3197
1754273633459233786,0,2615,3209,2688,3198
1754273633461211276,0,2615,3211,2689,3198
1754273633463229732,0,2615,3212,2690,3198
1754273633465177380,0,2615,3214,2691,3198
1754273633467132127,0,2616,3216,2692,3198
1754273633469169269,0,2616,3217,2693,3198
1754273633471175108,0,2617,3219,2694,3198
1754273633473146477,0,2617,3220,2695,3198
1754273633475199915,0,2618,3222,2696,3199
1754273633477159262,0,2618,3223,2696,3199
1754273633479293786,0,2619,3225,2697,3200
1754273633481211545,0,2620,3226,2698,3200
1754273633483224939,0,2620,3227,2699,3200
1754273633485235757,0,2621,3228,2700,3201
1754273633487213563,0,2621,3228,2701,3201
1754273633489144582,0,2621,3229,2701,3202
1754273633491185201,0,2622,3229,2702,3203
1754273633493258364,0,2622,3229,2702,3204
1754273633495208963,0,2623,3230,2703,3205
1754273633497174874,0,2623,3229,2704,3206
1754273633499140209,0,2624,3229,2704,3206
1754273633501160268,0,2625,3229,2704,3207
1754273633503150268,0,2625,3229,2705,3208
1754273633505128095,0,2626,3229,2705,3209
1754273633507173189,0,2626,3228,2705,3210
1754273633509194581,0,2627,3227,2705,3212
1754273633511194383,0,2628,3227,2705,3212
1754273633513175077,0,2628,3226,2705,3214
1754273633515156825,0,2629,3225,2705,3215
1754273633517151076,0,2630,3224,2705,3216
1754273633519254766,0,2631,3224,2705,3217
1754273633521252093,0,2631,3223,2705,3218
1754273633523129221,0,2633,3222,2705,3219
1754273633525185247,0,2633,3221,2705,3220
1754273633527158219,0,2634,3220,2705,3221
1754273633529161780,0,2635,3220,2705,3222
1754273633531155773,0,2636,3219,2705,3222
1754273633533188464,0,2637,3219,2706,3223
1754273633535157232,0,2637,3218,2706,3224
1754273633537227995,0,2638,3218,2706,3224
1754273633539154472,0,2638,3218,2707,3225
1754273633541141012,0,2639,3218,2707,3226
1754273633543120714,0,2639,3218,2707,3226
1754273633545150359,0,2639,3218,2708,3226
1754273633547193622,0,2639,3218,2708,3227
1754273633549203358,0,2640,3219,2709,3227
1754273633551212252,0,2640,3219,2709,3227
1754273633553127629,0,2640,3219,2710,3227
1754273633555172378,0,2640,3220,2711,3227
1754273633557196021,0,2640,3221,2711,3227
1754273633559142829,0,2640,3222,2712,3227
1754273633561117676,0,2640,3222,2713,3227
1754273633563095007,0,2640,3223,2714,3227
1754273633565067056,0,2639,3225,2714,3227
1754273633567111529,0,2639,3226,2715,3227
1754273633569098537,0,2639,3227,2716,3227
1754273633571118672,0,2639,3228,2716,3227
1754273633573145316,0,2639,3229,2717,3227
1754273633575103830,0,2638,3231,2718,3227
1754273633577176445,0,2639,3232,2719,3227
1754273633579189246,0,2638,3233,2719,3227
1754273633581134518,0,2638,3234,2720,3227
1754273633583136523,0,2638,3237,2721,3227
1754273633585116276,0,2638,3238,2722,3228
1754273633587076972,0,2639,3240,2723,3227
1754273633589080657,0,2639,3241,2723,3227
1754273633591105116,0,2639,3242,2724,3227
1754273633593122389,0,2639,3244,2725,3228
1754273633595086090,0,2639,3245,2726,3227
1754273633597064761,0,2639,3246,2726,3228
1754273633599071236,0,2640,3247,2727,3228
1754273633601037419,0,2640,3248,2728,3228
1754273633603065950,0,2641,3249,2729,3228
1754273633605162920,0,2641,3251,2729,3229
1754273633607070191,0,2642,3252,2730,3229
1754273633609052410,0,2643,3253,2730,3229
1754273633611087043,0,2643,3254,2731,3230
1754273633613022433,0,2644,3254,2731,3230
1754273633615089101,0,2645,3255,2731,3231
1754273633617063674,0,2646,3256,2731,3232
1754273633619130310,0,2647,3256,2731,3232
1754273633621049061,0,2648,3256,2731,3233
1754273633623087026,0,2649,3257,2731,3234
1754273633625119731,0,2649,3257,2731,3235
1754273633627112610,0,2650,3256,2731,3235
1754273633629021163,0,2652,3256,2731,3236
1754273633631017809,0,2652,3256,2731,3237
1754273633633082674,0,2653,3256,2731,3238
1754273633635023813,0,2655,3255,2731,3240
1754273633637021298,0,2656,3255,2731,3241
1754273633639032125,0,2657,3254,2731,3241
1754273633640981050,0,2658,3254,2730,3242
1754273633643104343,0,2659,3253,2730,3243
1754273633645005356,0,2660,3253,2730,3245
1754273633647019863,0,2661,3252,2730,3245
1754273633649044898,0,2662,3252,2730,3246
1754273633651041834,0,2663,3251,2730,3247
1754273633653017089,0,2664,3251,2730,3248
1754273633655032190,0,2665,3251,2730,3249
1754273633657098936,0,2666,3251,2730,3250
1754273633658985768,0,2667,3251,2730,3250
1754273633660990232,0,2667,3251,2730,3251
1754273633662990412,0,2668,3251,2730,3252
1754273633665062738,0,2669,3251,2730,3252
1754273633667065334,0,2669,3251,2730,3253
1754273633669036271,0,2670,3251,2731,3253
1754273633671011875,0,2670,3252,2731,3254
1754273633673048130,0,2670,3252,2731,3254
1754273633675032805,0,2671,3252,2732,3254
1754273633677039458,0,2671,3253,2732,3255
1754273633678979956,0,2671,3253,2733,3255
1754273633681112513,0,2671,3254,2733,3255
1754273633683093173,0,2671,3254,2733,3255
1754273633685044686,0,2671,3255,2734,3255
1754273633687019990,0,2671,3255,2735,3256
1754273633689053904,0,2671,3256,2736,3256
1754273633691041660,0,2671,3257,2736,3255
1754273633692998144,0,2671,3257,2737,3255
1754273633695000040,0,2671,3258,2737,3255
1754273633697021878,0,2671,3259,2738,3256
1754273633699034459,0,2671,3260,2739,3256
1754273633701019984,0,2671,3261,2739,3256
1754273633702960704,0,2671,3262,2740,3256
1754273633704999762,0,2670,3263,2741,3256
1754273633706989568,0,2671,3264,2741,3256
1754273633708963011,0,2671,3265,2742,3256
1754273633711051350,0,2671,3266,2743,3255
1754273633713003030,0,2671,3268,2744,3256
1754273633714982586,0,2670,3268,2744,3256
1754273633717006652,0,2671,3270,2745,3256
1754273633718982037,0,2671,3270,2746,3256
1754273633720947153,0,2671,3271,2746,3256
1754273633722964856,0,2671,3273,2747,3256
1754273633724933238,0,2671,3273,2748,3256
1754273633726994648,0,2671,3274,2749,3256
1754273633728987898,0,2672,3275,2749,3256
1754273633730993493,0,2672,3276,2750,3256
1754273633733028279,0,2672,3276,2751,3257
1754273633734945062,0,2673,3277,2751,3257
1754273633736875598,0,2674,3278,2752,3257
1754273633738935727,0,2674,3279,2752,3258
1754273633740907212,0,2675,3279,2753,3258
1754273633742878287,0,2676,3280,2753,3259
1754273633744919829,0,2676,3281,2753,3259
1754273633746912078,0,2677,3281,2754,3260
1754273633748891700,0,2678,3281,2754,3261
1754273633750902348,0,2678,3281,2754,3261
1754273633752924024,0,2679,3281,2754,3262
1754273633754946292,0,2679,3281,2754,3263
1754273633756958540,0,2680,3281,2754,3264
1754273633758989948,0,2681,3281,2754,3264
1754273633760955130,0,2681,3281,2754,3265
1754273633762930784,0,2682,3281,2754,3266
1754273633764915828,0,2683,3281,2754,3267
1754273633766901251,0,2683,3281,2753,3268
1754273633768916929,0,2683,3281,2753,3269
1754273633770983538,0,2684,3281,2754,3270
1754273633773011144,0,2684,3281,2754,3271
1754273633774966604,0,2684,3280,2754,3272
1754273633777024443,0,2685,3280,2753,3273
1754273633778925904,0,2685,3279,2753,3273
1754273633780988009,0,2685,3279,2753,3274
1754273633782971745,0,2685,3278,2753,3275
1754273633784967650,0,2685,3278,2753,3275
1754273633786922820,0,2685,3277,2753,3276
1754273633788967933,0,2685,3277,2753,3276
1754273633790903527,0,2685,3276,2753,3277
1754273633792930719,0,2685,3276,2754,3277
1754273633794928457,0,2685,3276,2754,3278
1754273633796953503,0,2684,3275,2754,3278
1754273633798903832,0,2684,3275,2754,3278
1754273633800906835,0,2684,3275,2755,3279
1754273633802928716,0,2684,3275,2755,3279
1754273633805035366,0,2684,3275,2756,3279
1754273633806942012,0,2683,3275,2756,3280
1754273633808932388,0,2683,3275,2756,3280
1754273633810923544,0,2683,3275,2757,3280
1754273633812947784,0,2683,3275,2757,3280
1754273633814890364,0,2683,3275,2758,3280
1754273633816888783,0,2683,3276,2758,3280
1754273633818913483,0,2683,3276,2759,3280
1754273633820927701,0,2683,3276,2759,3280
1754273633822923482,0,2683,3276,2760,3280
1754273633824892796,0,2683,3276,2760,3280
1754273633826911925,0,2683,3277,2761,3280
1754273633828895890,0,2683,3277,2761,3280
1754273633830830993,0,2683,3278,2762,3280
1754273633832905096,0,2683,3278,2762,3280
1754273633834860282,0,2683,3279,2763,3280
1754273633836937833,0,2683,3280,2764,3280
1754273633838908696,0,2683,3281,2764,3280
1754273633840860762,0,2683,3281,2765,3280
1754273633842872409,0,2683,3282,2766,3280
1754273633844964903,0,2683,3283,2766,3280
1754273633846845887,0,2683,3284,2767,3281
1754273633848831593,0,2683,3285,2767,3280
1754273633850834293,0,2683,3285,2768,3280
1754273633852849187,0,2683,3286,2769,3280
1754273633854885021,0,2683,3287,2769,3281
1754273633856874035,0,2684,3288,2770,3281
1754273633858860725,0,2684,3289,2770,3281
1754273633860878913,0,2685,3290,2771,3280
1754273633862793341,0,2685,3291,2772,3281
1754273633864860178,0,2685,3292,2772,3281
1754273633866832447,0,2686,3294,2773,3281
1754273633868796393,0,2686,3295,2773,3281
1754273633870806163,0,2687,3296,2773,3281
1754273633872840891,0,2687,3297,2774,3281
1754273633874828974,0,2688,3298,2774,3281
1754273633876814487,0,2689,3300,2774,3282
1754273633878911421,0,2689,3301,2774,3282
1754273633880817326,0,2690,3302,2773,3282
1754273633882857122,0,2691,3303,2774,3282
1754273633884826869,0,2691,3305,2773,3282
1754273633886808392,0,2692,3305,2773,3283
1754273633888763248,0,2693,3307,2773,3283
1754273633890896252,0,2694,3308,2772,3283
1754273633892821377,0,2694,3308,2772,3284
1754273633894812049,0,2695,3309,2772,3284
1754273633896815638,0,2696,3310,2772,3285
1754273633898794803,0,2697,3310,2772,3286
1754273633900885957,0,2698,3311,2771,3286
1754273633902886591,0,2699,3311,2771,3287
1754273633904772045,0,2699,3311,2771,3288
1754273633906881622,0,2700,3311,2771,3289
1754273633908829249,0,2700,3312,2770,3289
1754273633910851271,0,2701,3312,2770,3290
1754273633912817950,0,2702,3312,2770,3291
1754273633914825008,0,2702,3312,2770,3292
1754273633916808954,0,2703,3312,2770,3293
1754273633918767662,0,2704,3312,2770,3294
1754273633920798721,0,2705,3312,2770,3295
1754273633922809163,0,2705,3313,2770,3296
1754273633924781431,0,2706,3313,2770,3297
1754273633926820903,0,2707,3313,2770,3298
1754273633928807751,0,2707,3313,2770,3299
1754273633930815350,0,2708,3313,2770,3300
1754273633932734640,0,2708,3314,2770,3301
1754273633934905221,0,2708,3314,2770,3302
1754273633936727314,0,2709,3314,2771,3303
1754273633938795346,0,2709,3315,2771,3304
1754273633940812558,0,2709,3315,2771,3305
1754273633942762169,0,2709,3315,2771,3305
1754273633944828110,0,2709,3315,2772,3306
1754273633946785038,0,2709,3316,2772,3307
1754273633948799855,0,2709,3316,2772,3308
1754273633950775044,0,2709,3317,2773,3308
1754273633952799218,0,2709,3317,2773,3309
1754273633954771830,0,2709,3318,2774,3310
1754273633956787172,0,2709,3318,2774,3310
1754273633958845395,0,2709,3318,2775,3311
1754273633960708008,0,2709,3318,2775,3312
1754273633962770536,0,2709,3319,2776,3312
1754273633964743589,0,2709,3319,2776,3312
1754273633966679262,0,2709,3319,2777,3313
1754273633968800180,0,2709,3320,2778,3314
1754273633970685144,0,2709,3320,2778,3314
1754273633972714436,0,2709,3320,2779,3314
1754273633974650040,0,2709,3321,2779,3315
1754273633976735987,0,2709,3321,2780,3315
1754273633978641223,0,2709,3322,2781,3316
1754273633980689471,0,2709,3323,2781,3316
1754273633982731562,0,2709,3323,2782,3316
1754273633984719268,0,2709,3324,2782,3317
1754273633986719172,0,2709,3324,2783,3317
1754273633988711551,0,2709,3325,2784,3318
1754273633990739771,0,2709,3326,2784,3318
1754273633992799181,0,2709,3326,2785,3318
1754273633994800907,0,2709,3327,2785,3319
1754273633996799032,0,2709,3328,2786,3319
1754273633998843519,0,2709,3329,2787,3319
1754273634000765488,0,2709,3329,2787,3319
1754273634002719307,0,2709,3330,2788,3319
1754273634004769951,0,2709,3331,2789,3320
1754273634006682447,0,2709,3332,2790,3320
1754273634008676224,0,2709,3332,2791,3320
1754273634010761098,0,2709,3333,2791,3320
1754273634012727703,0,2709,3334,2792,3321
1754273634014714878,0,2709,3335,2793,3321
1754273634016714627,0,2709,3336,2793,3322
1754273634018772469,0,2709,3336,2793,3322
1754273634020732093,0,2709,3337,2793,3323
1754273634022696448,0,2709,3338,2794,3323
1754273634024700173,0,2709,3338,2794,3324
1754273634026750554,0,2709,3339,2795,3324
1754273634028709081,0,2709,3339,2795,3325
1754273634030710484,0,2709,3339,2795,3325
1754273634032679936,0,2709,3339,2796,3326
1754273634034643165,0,2709,3339,2796,3327
1754273634036741055,0,2709,3339,2797,3327
1754273634038737957,0,2709,3339,2798,3327
1754273634040713551,0,2709,3339,2798,3328
1754273634042660646,0,2709,3339,2799,3328
1754273634044645119,0,2709,3340,2799,3329
1754273634046606415,0,2709,3340,2800,3330
1754273634048683822,0,2709,3340,2800,3330
1754273634050644092,0,2709,3340,2801,3331
1754273634052609815,0,2709,3340,2801,3332
1754273634054597204,0,2709,3340,2802,3332
1754273634056631420,0,2709,3340,2802,3333
1754273634058594164,0,2709,3340,2802,3333
1754273634060579507,0,2709,3340,2803,3333
1754273634062612938,0,2709,3340,2803,3334
1754273634064720473,0,2709,3341,2803,3335
1754273634066644614,0,2709,3341,2803,3335
1754273634068693761,0,2709,3341,2803,3336
1754273634070649803,0,2709,3341,2803,3336
1754273634072651943,0,2709,3341,2804,3337
1754273634074676779,0,2709,3341,2804,3337
1754273634076823564,0,2709,3341,2804,3337
1754273634078715495,0,2709,3341,2805,3338
1754273634080738889,0,2709,3342,2805,3338
1754273634082636263,0,2709,3342,2805,3339
1754273634084647018,0,2709,3342,2806,3339
1754273634086689774,0,2709,3342,2807,3339
1754273634088634653,0,2709,3342,2807,3339
1754273634090717440,0,2709,3342,2807,3340
1754273634092685479,0,2709,3342,2807,3340
1754273634094685496,0,2709,3343,2808,3340
1754273634096630699,0,2709,3343,2808,3340
1754273634098715661,0,2709,3343,2809,3341
1754273634100671176,0,2709,3344,2809,3341
1754273634102687346,0,2709,3344,2810,3341
1754273634104644677,0,2709,3344,2810,3341
1754273634106561703,0,2709,3344,2811,3341
1754273634108561552,0,2709,3345,2811,3341
1754273634110570892,0,2709,3345,2812,3342
1754273634112542989,0,2709,3345,2812,3342
1754273634114608028,0,2709,3345,2812,3342
1754273634116613841,0,2709,3345,2813,3342
1754273634118637151,0,2709,3345,2813,3342
1754273634120607150,0,2709,3346,2813,3342
1754273634122651298,0,2709,3346,2814,3343
1754273634124608854,0,2709,3346,2814,3342
1754273634126656273,0,2709,3346,2815,3343
1754273634128617974,0,2709,3346,2815,3343
1754273634130883598,0,2709,3346,2815,3343
1754273634132666616,0,2709,3346,2816,3343
1754273634134681500,0,2709,3346,2817,3342
1754273634136546562,0,2709,3346,2817,3343
1754273634138568218,0,2709,3346,2817,3343
1754273634140551500,0,2709,3346,2818,3343
1754273634142607704,0,2709,3347,2818,3343
1754273634144563732,0,2709,3347,2819,3342
1754273634146606306,0,2709,3347,2819,3342
1754273634148584451,0,2709,3347,2820,3343
1754273634150564641,0,2709,3347,2820,3343
1754273634152622637,0,2709,3347,2820,3343
1754273634154819815,0,2709,3347,2820,3343
1754273634156526642,0,2709,3347,2820,3343
1754273634158878051,0,2710,3348,2820,3343
1754273634160588719,0,2710,3348,2820,3343
1754273634162665343,0,2710,3348,2820,3343
1754273634164559330,0,2710,3349,2820,3343
1754273634166558469,0,2710,3350,2820,3343
1754273634168563692,0,2711,3350,2820,3343
1754273634170518570,0,2711,3351,2820,3343
1754273634172580219,0,2712,3352,2820,3343
1754273634174537872,0,2713,3352,2820,3343
1754273634176606260,0,2713,3354,2820,3343
1754273634178566713,0,2715,3354,2820,3343
1754273634180523726,0,2716,3355,2820,3343
1754273634182604685,0,2716,3356,2820,3343
1754273634184555752,0,2718,3357,2820,3343
1754273634186661170,0,2719,3359,2820,3343
1754273634188642817,0,2720,3360,2820,3343
1754273634190587503,0,2721,3360,2819,3343
1754273634192544382,0,2722,3362,2820,3343
1754273634194674410,0,2723,3362,2820,3343
1754273634196597568,0,2725,3364,2820,3344
1754273634198612606,0,2727,3365,2820,3344
1754273634200646874,0,2728,3366,2820,3344
1754273634202565547,0,2729,3367,2820,3344
1754273634204535506,0,2730,3367,2820,3345
1754273634206545816,0,2731,3368,2820,3345
1754273634208774235,0,2733,3368,2820,3346
1754273634210484480,0,2734,3369,2820,3347
1754273634212605961,0,2735,3369,2820,3347
1754273634214487506,0,2736,3369,2820,3348
1754273634216636706,0,2738,3369,2820,3348
1754273634218532876,0,2739,3369,2820,3349
1754273634220581420,0,2740,3369,2820,3350
1754273634222546158,0,2742,3369,2820,3351
1754273634224655802,0,2743,3369,2821,3352
1754273634226568667,0,2744,3369,2821,3352
1754273634228598473,0,2745,3369,2821,3353
1754273634230487115,0,2746,3369,2821,3354
1754273634232551515,0,2747,3369,2821,3355
1754273634234491394,0,2748,3369,2822,3356
1754273634236540227,0,2749,3370,2822,3357
1754273634238476497,0,2751,3371,2822,3357
1754273634240585718,0,2751,3371,2823,3358
1754273634242484246,0,2752,3372,2823,3359
1754273634244636951,0,2753,3373,2823,3360
1754273634246514869,0,2753,3374,2823,3361
1754273634248483304,0,2754,3375,2824,3361
1754273634250464362,0,2755,3376,2824,3362
1754273634252465829,0,2755,3377,2824,3363
1754273634254529232,0,2756,3379,2825,3363
1754273634256516723,0,2756,3380,2825,3364
1754273634258529847,0,2757,3381,2825,3365
1754273634260560475,0,2757,3383,2826,3366
1754273634262580663,0,2758,3384,2826,3366
1754273634264544632,0,2759,3386,2827,3367
1754273634266534253,0,2759,3387,2828,3368
1754273634268567652,0,2760,3389,2828,3368
1754273634270509887,0,2760,3390,2828,3369
1754273634272499831,0,2761,3391,2829,3370
1754273634274469958,0,2761,3393,2829,3370
1754273634276431915,0,2761,3395,2830,3371
1754273634278462748,0,2762,3396,2830,3372
1754273634280462621,0,2762,3397,2831,3373
1754273634282507700,0,2762,3399,2831,3374
1754273634284492450,0,2762,3400,2832,3374
1754273634286510049,0,2762,3402,2832,3375
1754273634288498378,0,2762,3403,2833,3376
1754273634290521932,0,2762,3404,2833,3377
1754273634292509070,0,2762,3406,2834,3378
1754273634294623528,0,2762,3407,2834,3379
1754273634296521429,0,2762,3408,2835,3380
1754273634298497074,0,2762,3409,2835,3381
1754273634300467587,0,2762,3410,2836,3381
1754273634302447381,0,2762,3411,2836,3383
1754273634304420381,0,2762,3411,2837,3384
1754273634306400504,0,2762,3411,2837,3385
1754273634308420627,0,2762,3412,2838,3386
1754273634310489668,0,2762,3411,2838,3387
1754273634312481687,0,2762,3411,2839,3388
1754273634314594690,0,2762,3411,2839,3389
1754273634316495355,0,2762,3411,2840,3391
1754273634318664790,0,2762,3411,2840,3391
1754273634320503021,0,2762,3410,2841,3393
1754273634322728647,0,2762,3410,2841,3394
1754273634324492694,0,2762,3410,2842,3395
1754273634326632861,0,2762,3409,2842,3396
1754273634328563675,0,2762,3409,2843,3398
1754273634330488655,0,2762,3409,2843,3398
1754273634332477902,0,2762,3408,2844,3400
1754273634334444173,0,2763,3409,2845,3401
1754273634336434313,0,2763,3408,2846,3402
1754273634338422969,0,2763,3409,2846,3403
1754273634340435572,0,2763,3409,2847,3404
1754273634342448437,0,2763,3409,2848,3404
1754273634344474505,0,2764,3409,2849,3405
1754273634346476266,0,2764,3410,2850,3406
1754273634348489027,0,2764,3410,2850,3406
1754273634350449848,0,2764,3410,2851,3407
1754273634352474935,0,2765,3411,2852,3408
1754273634354466203,0,2765,3412,2853,3408
1754273634356391487,0,2766,3412,2854,3409
1754273634358410645,0,2766,3413,2855,3409
1754273634360408272,0,2766,3414,2856,3410
1754273634362382779,0,2767,3415,2856,3410
1754273634364384050,0,2767,3416,2857,3410
1754273634366419210,0,2768,3417,2858,3411
1754273634368383690,0,2768,3418,2859,3411
1754273634370391860,0,2769,3420,2860,3411
1754273634372361812,0,2769,3421,2861,3411
1754273634374398989,0,2770,3422,2861,3412
1754273634376376795,0,2770,3423,2862,3412
1754273634378418027,0,2771,3425,2863,3412
1754273634380370902,0,2771,3426,2864,3412
1754273634382360655,0,2772,3428,2865,3413
1754273634384347033,0,2772,3429,2865,3413
1754273634386359643,0,2773,3431,2866,3414
1754273634388298892,0,2774,3432,2867,3414
1754273634390353191,0,2775,3433,2868,3414
1754273634392331037,0,2776,3434,2868,3414
1754273634394378874,0,2777,3436,2869,3415
1754273634396357347,0,2777,3437,2870,3415
1754273634398349154,0,2779,3438,2870,3416
1754273634400382109,0,2779,3440,2871,3416
1754273634402396556,0,2780,3441,2871,3417
1754273634404316262,0,2782,3442,2872,3417
1754273634406287547,0,2783,3443,2873,3418
1754273634408327149,0,2784,3444,2873,3418
1754273634410319851,0,2785,3444,2874,3419
1754273634412284178,0,2786,3445,2875,3420
1754273634414309120,0,2787,3446,2875,3421
1754273634416275241,0,2788,3446,2876,3421
1754273634418319814,0,2790,3446,2876,3422
1754273634420301693,0,2791,3446,2877,3423
1754273634422367795,0,2792,3446,2878,3424
1754273634424325238,0,2793,3446,2879,3425
1754273634426301561,0,2794,3446,2879,3426
1754273634428291437,0,2796,3446,2879,3427
1754273634430315669,0,2798,3446,2880,3428
1754273634432276722,0,2799,3446,2880,3429
1754273634434326843,0,2800,3447,2881,3430
1754273634436285599,0,2801,3447,2881,3431
1754273634438301953,0,2802,3447,2882,3432
1754273634440283928,0,2803,3447,2883,3434
1754273634442295521,0,2804,3447,2883,3435
1754273634444306133,0,2806,3447,2884,3436
1754273634446300662,0,2807,3447,2884,3437
1754273634448256527,0,2808,3448,2885,3438
1754273634450294437,0,2809,3448,2885,3439
1754273634452309500,0,2811,3448,2886,3439
1754273634454315172,0,2812,3448,2886,3440
1754273634456255853,0,2813,3449,2887,3441
1754273634458305460,0,2814,3449,2888,3442
1754273634460308904,0,2815,3450,2888,3443
1754273634462384439,0,2815,3450,2889,3443
1754273634464269926,0,2816,3450,2889,3444
1754273634466281700,0,2817,3451,2890,3445
1754273634468296329,0,2817,3451,2890,3445
1754273634470415450,0,2818,3452,2891,3446
1754273634472302358,0,2818,3452,2891,3446
1754273634474284737,0,2819,3454,2892,3447
1754273634476310874,0,2819,3455,2892,3448
1754273634478262981,0,2820,3456,2893,3448
1754273634480223473,0,2820,3457,2893,3449
1754273634482269821,0,2821,3458,2894,3449
1754273634484267854,0,2821,3458,2894,3449
1754273634486269070,0,2821,3461,2895,3450
1754273634488273127,0,2821,3461,2895,3450
1754273634490262543,0,2821,3463,2896,3451
1754273634492248385,0,2821,3464,2896,3451
1754273634494277651,0,2821,3467,2897,3452
1754273634496237074,0,2821,3468,2898,3452
1754273634498248208,0,2821,3469,2898,3452
1754273634500317593,0,2821,3470,2898,3452
1754273634502263628,0,2821,3472,2899,3453
1754273634504255351,0,2821,3473,2900,3453
1754273634506250229,0,2821,3475,2901,3453
1754273634508270105,0,2821,3476,2901,3454
1754273634510303084,0,2821,3478,2902,3455
1754273634512323034,0,2821,3479,2902,3455
1754273634514350795,0,2821,3481,2903,3455
1754273634516335668,0,2821,3482,2903,3456
1754273634518324989,0,2821,3483,2904,3457
1754273634520319259,0,2821,3484,2904,3458
1754273634522350480,0,2821,3485,2905,3459
1754273634524330852,0,2821,3486,2905,3459
1754273634526532011,0,2821,3486,2905,3460
1754273634528338724,0,2821,3487,2905,3461
1754273634530319249,0,2821,3487,2905,3462
1754273634532332584,0,2821,3488,2905,3462
1754273634534269881,0,2821,3488,2905,3464
1754273634536319664,0,2821,3488,2905,3465
1754273634538287458,0,2821,3488,2905,3466
1754273634540290245,0,2821,3488,2905,3466
1754273634542262672,0,2821,3488,2905,3467
1754273634544229743,0,2821,3488,2905,3469
1754273634546206688,0,2822,3488,2905,3469
1754273634548212330,0,2823,3488,2906,3471
1754273634550235362,0,2823,3489,2906,3471
1754273634552240102,0,2823,3489,2906,3472
1754273634554223307,0,2824,3489,2907,3474
1754273634556331646,0,2825,3489,2907,3475
1754273634558280733,0,2826,3489,2907,3476
1754273634560256680,0,2826,3489,2907,3476
1754273634562248789,0,2827,3489,2908,3477
1754273634564231694,0,2827,3489,2908,3478
1754273634566197583,0,2828,3489,2909,3479
1754273634568201123,0,2828,3489,2909,3481
1754273634570179525,0,2828,3489,2909,3481
1754273634572168826,0,2828,3489,2910,3482
1754273634574214249,0,2828,3489,2911,3483
1754273634576190925,0,2828,3489,2911,3483
1754273634578308987,0,2829,3489,2912,3484
1754273634580193914,0,2829,3489,2913,3485
1754273634582233106,0,2829,3489,2913,3486
1754273634584183595,0,2829,3490,2914,3486
1754273634586243980,0,2829,3490,2915,3487
1754273634588113956,0,2829,3490,2915,3487
1754273634590201322,0,2829,3490,2916,3488
1754273634592259379,0,2829,3490,2917,3488
1754273634594291000,0,2829,3490,2918,3488
1754273634596193778,0,2829,3490,2919,3489
1754273634598290852,0,2829,3490,2920,3489
1754273634600231353,0,2829,3490,2921,3489
1754273634602220709,0,2829,3490,2922,3490
1754273634604299871,0,2829,3490,2922,3490
1754273634606301361,0,2829,3490,2923,3490
1754273634608259472,0,2829,3490,2924,3490
1754273634610335058,0,2829,3490,2925,3490
1754273634612244138,0,2829,3490,2926,3491
1754273634614274621,0,2829,3490,2927,3491
1754273634616242496,0,2829,3490,2928,3491
1754273634618248057,0,2829,3490,2929,3491
1754273634620286286,0,2829,3490,2930,3491
1754273634622258202,0,2829,3490,2931,3491
1754273634624313692,0,2829,3490,2932,3492
1754273634626156408,0,2829,3491,2933,3492
1754273634628139278,0,2829,3491,2934,3492
1754273634630210195,0,2829,3491,2935,3492
1754273634632158662,0,2829,3492,2935,3492
1754273634634116796,0,2829,3492,2936,3492
1754273634636159849,0,2830,3492,2937,3492
1754273634638099287,0,2830,3493,2937,3492
1754273634640135397,0,2830,3493,2938,3492
1754273634642203417,0,2830,3494,2938,3492
1754273634644160899,0,2831,3494,2939,3492
1754273634646164945,0,2831,3495,2939,3492
1754273634648225292,0,2832,3496,2940,3492
1754273634650183735,0,2832,3496,2940,3492
1754273634652210827,0,2833,3497,2941,3492
1754273634654211230,0,2834,3497,2941,3492
1754273634656068986,0,2835,3498,2942,3492
1754273634658075930,0,2835,3498,2942,3492
1754273634660088540,0,2836,3499,2942,3492
1754273634662140536,0,2837,3499,2943,3492
1754273634664074673,0,2838,3499,2943,3492
1754273634666094631,0,2839,3500,2943,3492
1754273634668077255,0,2840,3500,2944,3492
1754273634670103116,0,2841,3500,2944,3492
1754273634672285789,0,2842,3501,2945,3492
1754273634674201392,0,2843,3502,2945,3492
1754273634676151748,0,2844,3502,2946,3492
1754273634678217237,0,2846,3503,2946,3492
1754273634680121478,0,2847,3504,2946,3492
1754273634682101451,0,2848,3504,2947,3492
1754273634684129818,0,2849,3505,2947,3492
1754273634686214271,0,2851,3506,2948,3493
1754273634688136638,0,2853,3506,2948,3493
1754273634690171962,0,2854,3507,2948,3493
1754273634692165305,0,2856,3507,2948,3493
1754273634694147736,0,2857,3508,2948,3494
1754273634696197619,0,2858,3508,2948,3494
1754273634698127110,0,2859,3508,2948,3494
1754273634700128263,0,2861,3509,2948,3495
1754273634702182180,0,2862,3509,2948,3495
1754273634704147473,0,2863,3510,2948,3495
1754273634706086272,0,2865,3510,2948,3495
1754273634708075624,0,2866,3511,2948,3496
1754273634710038568,0,2867,3511,2947,3496
1754273634712003740,0,2869,3512,2947,3497
1754273634714107297,0,2870,3513,2947,3497
1754273634716084012,0,2871,3514,2947,3498
1754273634718093897,0,2872,3514,2947,3498
1754273634719995681,0,2873,3515,2947,3499
1754273634722041675,0,2875,3516,2947,3500
1754273634724066860,0,2876,3517,2947,3500
1754273634726084499,0,2877,3518,2947,3500
1754273634728043997,0,2878,3519,2947,3501
1754273634730078811,0,2879,3520,2947,3502
1754273634732117893,0,2880,3521,2947,3502
1754273634734059163,0,2881,3522,2947,3503
1754273634735986977,0,2882,3524,2947,3504
1754273634737990991,0,2882,3525,2947,3504
1754273634740001075,0,2883,3526,2947,3505
1754273634742004004,0,2884,3527,2947,3505
1754273634744042514,0,2884,3529,2947,3506
1754273634746022185,0,2884,3530,2947,3507
1754273634747974237,0,2885,3531,2947,3508
1754273634749998090,0,2885,3533,2947,3508
1754273634752037989,0,2885,3534,2947,3509
1754273634754006532,0,2885,3535,2947,3510
1754273634755977958,0,2885,3537,2947,3511
1754273634758072253,0,2885,3538,2947,3512
1754273634760093198,0,2885,3540,2946,3513
1754273634762092266,0,2885,3541,2946,3514
1754273634764045136,0,2885,3542,2946,3515
1754273634766043325,0,2885,3544,2946,3516
1754273634767983099,0,2885,3545,2946,3517
1754273634770019392,0,2885,3546,2947,3518
1754273634772021478,0,2885,3548,2947,3519
1754273634773953884,0,2885,3549,2947,3520
1754273634775947261,0,2885,3550,2947,3521
1754273634777990544,0,2885,3551,2947,3522
1754273634779950378,0,2885,3552,2948,3523
1754273634781998792,0,2886,3553,2948,3525
1754273634783989656,0,2886,3554,2948,3526
1754273634785977354,0,2886,3555,2949,3527
1754273634788036289,0,2886,3556,2949,3528
1754273634790066918,0,2887,3557,2949,3530
1754273634791977514,0,2887,3558,2950,3531
1754273634794023000,0,2887,3559,2950,3532
1754273634796041693,0,2887,3560,2951,3533
1754273634798029337,0,2888,3561,2951,3535
1754273634800070049,0,2888,3561,2952,3536
1754273634802048060,0,2888,3562,2953,3537
1754273634804074715,0,2888,3562,2953,3539
1754273634806042034,0,2888,3562,2954,3540
1754273634807926151,0,2888,3562,2954,3542
1754273634809985674,0,2889,3563,2955,3543
1754273634811915432,0,2889,3563,2956,3544
1754273634813999775,0,2889,3563,2956,3545
1754273634815951863,0,2890,3563,2957,3547
1754273634817942422,0,2890,3562,2958,3548
1754273634819906537,0,2890,3563,2959,3549
1754273634821975429,0,2890,3562,2960,3551
1754273634823923898,0,2890,3562,2961,3552
1754273634825908583,0,2890,3562,2962,3553
1754273634827908986,0,2890,3562,2963,3554
1754273634829894606,0,2890,3562,2964,3555
1754273634831892595,0,2891,3562,2966,3556
1754273634833932193,0,2891,3562,2967,3557
1754273634835934013,0,2891,3562,2969,3558
1754273634837942124,0,2890,3561,2970,3559
1754273634839995190,0,2890,3561,2971,3559
1754273634841974887,0,2890,3561,2974,3560
1754273634843990820,0,2891,3561,2975,3561
1754273634845946777,0,2891,3561,2976,3562
1754273634847868247,0,2891,3561,2978,3562
1754273634849985517,0,2890,3561,2980,3563
1754273634851918648,0,2891,3561,2982,3563
1754273634853902608,0,2891,3561,2983,3564
1754273634855951530,0,2891,3561,2984,3564
1754273634857933254,0,2890,3562,2986,3565
1754273634859881141,0,2891,3562,2988,3565
1754273634861918455,0,2891,3562,2989,3565
1754273634863902616,0,2891,3562,2991,3565
1754273634865919839,0,2891,3563,2992,3565
1754273634867879389,0,2891,3563,2994,3565
1754273634869882082,0,2891,3563,2996,3565
1754273634871831986,0,2891,3563,2997,3565
1754273634873908502,0,2891,3564,2998,3565
1754273634875894206,0,2891,3564,2999,3565
1754273634877885216,0,2891,3565,3001,3566
1754273634879858451,0,2891,3565,3002,3566
1754273634881880450,0,2891,3566,3003,3565
1754273634883941453,0,2891,3566,3004,3566
1754273634885861611,0,2891,3566,3005,3565
1754273634887872408,0,2892,3567,3006,3565
1754273634889862320,0,2892,3567,3007,3565
1754273634891921585,0,2892,3568,3007,3565
1754273634893941466,0,2892,3568,3008,3565
1754273634895914503,0,2893,3568,3009,3566
1754273634897901975,0,2893,3568,3010,3565
1754273634899869416,0,2894,3568,3011,3566
1754273634901830463,0,2895,3568,3011,3566
1754273634903873612,0,2896,3568,3012,3566
1754273634905849394,0,2897,3568,3013,3566
1754273634907827413,0,2897,3568,3013,3566
1754273634909909995,0,2898,3568,3014,3566
1754273634911881031,0,2899,3568,3014,3566
1754273634913876361,0,2901,3567,3015,3567
1754273634915924166,0,2902,3567,3015,3567
1754273634917979902,0,2903,3567,3015,3567
1754273634919938319,0,2905,3566,3015,3567
1754273634921910136,0,2906,3566,3015,3567
1754273634923882102,0,2907,3566,3015,3568
1754273634925914276,0,2908,3566,3015,3568
1754273634927888547,0,2910,3566,3015,3568
1754273634930088488,0,2911,3566,3015,3568
1754273634931914257,0,2912,3566,3015,3568
1754273634933859876,0,2914,3566,3015,3568
1754273634935899099,0,2915,3566,3015,3568
1754273634937881820,0,2916,3566,3015,3568
1754273634939948849,0,2918,3566,3016,3568
1754273634941893984,0,2919,3566,3016,3568
1754273634943965204,0,2920,3567,3016,3568
1754273634945858985,0,2922,3567,3016,3568
1754273634947918369,0,2923,3567,3016,3568
1754273634949901597,0,2924,3567,3016,3568
1754273634951888551,0,2925,3567,3016,3568
1754273634953816852,0,2926,3567,3016,3569
1754273634955764868,0,2927,3567,3016,3568
1754273634957785635,0,2928,3568,3016,3569
1754273634959767523,0,2928,3568,3016,3569
1754273634961742161,0,2929,3568,3016,3569
1754273634963775683,0,2929,3568,3016,3569
1754273634965853448,0,2930,3569,3016,3568
1754273634967836318,0,2930,3569,3016,3569
1754273634969812872,0,2930,3569,3016,3569
1754273634971834271,0,2930,3570,3016,3569
1754273634973752812,0,2930,3570,3016,3569
1754273634975807716,0,2930,3571,3016,3569
1754273634977751416,0,2930,3571,3016,3569
1754273634979896438,0,2930,3572,3016,3569
1754273634981941149,0,2929,3572,3016,3569
1754273634983898329,0,2929,3572,3016,3569
1754273634985897550,0,2929,3573,3016,3569
1754273634987869636,0,2929,3573,3016,3569
1754273634989925088,0,2929,3574,3016,3569
1754273634991871774,0,2928,3574,3016,3569
1754273634993901121,0,2928,3574,3016,3569
1754273634995808667,0,2928,3574,3017,3569
1754273634997789106,0,2928,3574,3017,3569
1754273634999759761,0,2928,3575,3017,3569
1754273635001798426,0,2928,3575,3017,3569
1754273635003845457,0,2927,3575,3017,3569
1754273635005917031,0,2927,3575,3017,3569
1754273635007918599,0,2927,3575,3017,3570
1754273635009847786,0,2926,3575,3017,3570
1754273635011831889,0,2926,3575,3016,3570
1754273635013786421,0,2926,3574,3016,3570
1754273635015697482,0,2925,3574,3016,3570
1754273635017715762,0,2925,3574,3017,3570
1754273635019756461,0,2925,3574,3016,3570
1754273635021761665,0,2925,3573,3016,3570
1754273635023690251,0,2924,3573,3016,3570
1754273635025763292,0,2924,3573,3016,3570
1754273635027671500,0,2924,3572,3016,3570
1754273635029670420,0,2924,3572,3016,3570
1754273635031733194,0,2924,3572,3016,3570
1754273635033735746,0,2924,3571,3016,3570
1754273635035670767,0,2924,3571,3016,3570
1754273635037719756,0,2924,3571,3016,3570
1754273635039655916,0,2924,3571,3016,3570
1754273635041770923,0,2924,3571,3016,3570
1754273635043691280,0,2924,3571,3016,3570
1754273635045641886,0,2923,3570,3016,3570
1754273635047632557,0,2924,3570,3016,3570
1754273635049701307,0,2923,3570,3016,3570
1754273635051662773,0,2924,3571,3016,3570
1754273635053660603,0,2923,3570,3016,3570
1754273635055699641,0,2923,3570,3016,3570
1754273635057712393,0,2923,3571,3016,3570
1754273635059644808,0,2923,3570,3016,3570
1754273635061718148,0,2923,3571,3016,3570
1754273635063687339,0,2923,3570,3016,3570
1754273635065661158,0,2923,3571,3016,3570
1754273635067652048,0,2923,3571,3016,3570
1754273635069749927,0,2923,3571,3016,3570
1754273635071641573,0,2923,3571,3016,3570
1754273635073675629,0,2923,3571,3016,3570
1754273635075678414,0,2923,3571,3016,3570
1754273635077598101,0,2923,3570,3016,3570
1754273635079620394,0,2923,3571,3017,3570
1754273635081601283,0,2923,3570,3017,3570
1754273635083645628,0,2923,3570,3017,3570
1754273635085671601,0,2923,3570,3017,3570
1754273635087655720,0,2923,3570,3017,3570
1754273635089638896,0,2923,3569,3017,3570
1754273635091706037,0,2923,3569,3017,3570
1754273635093648802,0,2923,3568,3017,3570
1754273635095591939,0,2923,3568,3017,3570
1754273635097582534,0,2922,3567,3018,3570
1754273635099637280,0,2922,3566,3018,3570
1754273635101640128,0,2922,3566,3018,3570
1754273635103613685,0,2922,3565,3018,3570
1754273635105632507,0,2921,3564,3018,3570
1754273635107634086,0,2921,3563,3019,3570
1754273635109713540,0,2921,3562,3019,3570
1754273635111612842,0,2920,3561,3019,3570
1754273635113656765,0,2920,3560,3019,3570
1754273635115676397,0,2920,3559,3019,3570
1754273635117589549,0,2919,3558,3019,3570
1754273635119543771,0,2918,3557,3019,3570
1754273635121623828,0,2918,3556,3019,3570
1754273635123683718,0,2917,3554,3018,3570
1754273635125644281,0,2917,3553,3018,3570
1754273635127642238,0,2916,3552,3018,3570
1754273635129690214,0,2915,3551,3018,3570
1754273635131643851,0,2915,3549,3017,3570
1754273635133644108,0,2914,3548,3017,3570
1754273635135610502,0,2914,3547,3017,3570
1754273635137604119,0,2913,3546,3017,3570
1754273635139598832,0,2912,3545,3016,3570
1754273635141565617,0,2911,3545,3016,3570
1754273635143546968,0,2911,3544,3016,3570
1754273635145611280,0,2910,3543,3016,3570
1754273635147623525,0,2909,3543,3015,3569
1754273635149628549,0,2909,3543,3015,3569
1754273635151651398,0,2908,3542,3015,3569
1754273635153634891,0,2908,3542,3015,3569
1754273635155565448,0,2908,3543,3015,3568
1754273635157616920,0,2907,3542,3015,3568
1754273635159621130,0,2907,3542,3015,3567
1754273635161644403,0,2907,3542,3015,3567
1754273635163547730,0,2907,3542,3015,3566
1754273635165577367,0,2907,3542,3015,3566
1754273635167579994,0,2907,3542,3015,3565
1754273635169535501,0,2907,3543,3015,3564
1754273635171678683,0,2907,3543,3015,3564
1754273635173556933,0,2907,3542,3015,3563
1754273635175596331,0,2907,3543,3015,3562
1754273635177557249,0,2907,3543,3015,3562
1754273635179635567,0,2907,3543,3015,3561
1754273635181636262,0,2907,3543,3015,3560
1754273635183631128,0,2907,3543,3015,3560
1754273635185690363,0,2907,3543,3015,3559
1754273635187639043,0,2907,3543,3016,3559
1754273635189631692,0,2907,3542,3016,3559
1754273635191672557,0,2907,3542,3016,3558
1754273635193642276,0,2907,3542,3016,3558
1754273635195657433,0,2907,3542,3017,3558
1754273635197653783,0,2907,3541,3017,3557
1754273635199607962,0,2907,3540,3017,3558
1754273635201650675,0,2907,3539,3018,3558
1754273635203610407,0,2907,3538,3018,3558
1754273635205640519,0,2907,3537,3018,3558
1754273635207622368,0,2907,3536,3018,3558
1754273635209641161,0,2906,3535,3018,3558
1754273635211629226,0,2906,3533,3018,3558
1754273635213631321,0,2906,3531,3018,3558
1754273635215647132,0,2905,3530,3018,3558
1754273635217731969,0,2905,3528,3018,3557
1754273635219752529,0,2905,3527,3018,3557
1754273635221618231,0,2904,3525,3018,3557
1754273635223598090,0,2903,3523,3018,3557
1754273635225631403,0,2903,3521,3017,3557
1754273635227606482,0,2902,3520,3017,3556
1754273635229612960,0,2901,3518,3017,3556
1754273635231628608,0,2900,3516,3016,3556
1754273635233648711,0,2899,3514,3016,3555
1754273635235768705,0,2898,3512,3016,3555
1754273635237627493,0,2896,3510,3015,3554
1754273635239590863,0,2895,3508,3015,3553
1754273635241667020,0,2893,3507,3014,3553
1754273635243595365,0,2892,3505,3014,3552
1754273635245665929,0,2890,3504,3013,3551
1754273635247618214,0,2889,3502,3013,3550
1754273635249757115,0,2887,3500,3013,3549
1754273635251598658,0,2885,3499,3012,3548
1754273635253495765,0,2884,3498,3012,3546
1754273635255491482,0,2882,3496,3011,3545
1754273635257746325,0,2880,3495,3011,3544
1754273635259620596,0,2879,3494,3011,3543
1754273635261718258,0,2877,3493,3011,3541
1754273635263521061,0,2875,3491,3010,3540
1754273635265797242,0,2874,3491,3010,3538
1754273635267527961,0,2872,3490,3010,3537
1754273635269595820,0,2870,3489,3010,3535
1754273635271512030,0,2869,3488,3010,3533
1754273635273570050,0,2868,3487,3009,3531
1754273635275495055,0,2867,3487,3009,3530
1754273635277474751,0,2866,3485,3009,3528
1754273635279493577,0,2864,3484,3009,3526
1754273635281499145,0,2863,3483,3009,3524
1754273635283531373,0,2862,3482,3009,3522
1754273635285505598,0,2861,3481,3009,3520
1754273635287484488,0,2860,3480,3009,3519
1754273635289490357,0,2859,3479,3008,3517
1754273635291491584,0,2859,3477,3009,3515
1754273635293485875,0,2857,3476,3009,3513
1754273635295610252,0,2857,3474,3008,3511
1754273635297547043,0,2856,3474,3008,3510
1754273635299544310,0,2855,3472,3008,3508
1754273635301549517,0,2854,3471,3008,3506
1754273635303540106,0,2854,3469,3008,3504
1754273635305483038,0,2853,3467,3007,3503
1754273635307462334,0,2851,3466,3007,3501
1754273635309463623,0,2850,3464,3007,3500
1754273635311538419,0,2849,3462,3006,3498
1754273635313477227,0,2848,3460,3006,3497
1754273635315532991,0,2847,3458,3005,3495
1754273635317516157,0,2846,3457,3004,3494
1754273635319558463,0,2844,3454,3004,3492
1754273635321510209,0,2844,3452,3003,3491
1754273635323582050,0,2843,3450,3002,3489
1754273635325597223,0,2842,3448,3001,3488
1754273635327602655,0,2841,3446,3001,3486
1754273635329510050,0,2840,3444,3000,3485
1754273635331669679,0,2839,3442,2999,3483
1754273635333495982,0,2838,3440,2999,3482
1754273635335504593,0,2837,3438,2998,3480
1754273635337507275,0,2836,3435,2998,3480
1754273635339713804,0,2835,3433,2997,3477
1754273635341607863,0,2835,3431,2996,3477
1754273635343620301,0,2834,3429,2995,3475
1754273635345459039,0,2832,3426,2994,3474
1754273635347576251,0,2832,3424,2994,3471
1754273635349388637,0,2830,3422,2992,3471
1754273635351499471,0,2829,3420,2991,3469
1754273635353519649,0,2828,3418,2990,3468
1754273635355733385,0,2827,3416,2989,3466
1754273635357496171,0,2826,3414,2988,3465
1754273635359444924,0,2824,3412,2988,3463
1754273635361414199,0,2823,3410,2987,3461
1754273635363467343,0,2821,3409,2986,3459
1754273635365466600,0,2820,3408,2985,3457
1754273635367497476,0,2819,3405,2984,3455
1754273635369521574,0,2817,3404,2984,3454
1754273635371487787,0,2815,3402,2983,3452
1754273635373472156,0,2814,3400,2982,3450
1754273635375463796,0,2813,3398,2981,3448
1754273635377536999,0,2811,3396,2980,3446
1754273635379508100,0,2809,3395,2979,3444
1754273635381542612,0,2808,3393,2978,3442
1754273635383390781,0,2806,3391,2977,3439
1754273635385440580,0,2805,3390,2976,3439
1754273635387374881,0,2804,3388,2975,3437
1754273635389449505,0,2802,3387,2974,3434
1754273635391482651,0,2801,3385,2973,3431
1754273635393526674,0,2800,3384,2972,3429
1754273635395410632,0,2798,3382,2971,3427
1754273635397438398,0,2797,3381,2971,3426
1754273635399473017,0,2795,3379,2970,3423
1754273635401622520,0,2793,3378,2968,3421
1754273635403419275,0,2792,3376,2967,3419
1754273635405662369,0,2791,3376,2967,3418
1754273635407436729,0,2790,3373,2966,3416
1754273635409698089,0,2789,3373,2965,3413
1754273635411384683,0,2788,3371,2964,3411
1754273635413454255,0,2786,3370,2962,3409
1754273635415374130,0,2785,3368,2961,3407
1754273635417347086,0,2785,3367,2960,3405
1754273635419355341,0,2783,3365,2959,3403
1754273635421375861,0,2782,3364,2957,3401
1754273635423318924,0,2781,3362,2956,3399
1754273635425346611,0,2780,3361,2956,3398
1754273635427367402,0,2779,3360,2954,3396
1754273635429770671,0,2779,3358,2953,3394
1754273635431415694,0,2777,3357,2952,3392
1754273635433312905,0,2777,3355,2951,3391
1754273635435382470,0,2776,3354,2950,3389
1754273635437398320,0,2775,3352,2949,3387
1754273635439416484,0,2775,3351,2948,3385
1754273635441372161,0,2774,3350,2947,3384
1754273635443350555,0,2773,3348,2946,3382
1754273635445270391,0,2772,3347,2945,3381
1754273635447332877,0,2771,3346,2944,3379
1754273635449360760,0,2771,3345,2943,3378
1754273635451296681,0,2770,3343,2942,3376
1754273635453348511,0,2769,3342,2941,3374
1754273635455311137,0,2768,3341,2940,3373
1754273635457364046,0,2767,3340,2939,3371
1754273635459409372,0,2767,3339,2937,3370
1754273635461340985,0,2766,3338,2936,3368
1754273635463347250,0,2765,3337,2935,3367
1754273635465344390,0,2764,3337,2934,3366
1754273635467292530,0,2763,3336,2933,3364
1754273635469314255,0,2763,3335,2932,3363
1754273635471355681,0,2762,3334,2931,3361
1754273635473243649,0,2761,3334,2930,3360
1754273635475461269,0,2760,3333,2929,3359
1754273635477400149,0,2759,3332,2928,3358
1754273635479366229,0,2759,3331,2926,3356
1754273635481406216,0,2758,3330,2925,3355
1754273635483383381,0,2757,3330,2924,3354
1754273635485350408,0,2756,3329,2923,3353
1754273635487422421,0,2755,3328,2922,3352
1754273635489513548,0,2754,3327,2921,3351
1754273635491318061,0,2754,3326,2920,3349
1754273635493329892,0,2753,3325,2919,3348
1754273635495349215,0,2752,3324,2918,3347
1754273635497227367,0,2751,3323,2917,3346
1754273635499220363,0,2750,3322,2916,3345
1754273635501262274,0,2749,3321,2914,3344
1754273635503230286,0,2748,3320,2913,3343
1754273635505357364,0,2747,3319,2912,3342
1754273635507325978,0,2747,3318,2911,3341
1754273635509317514,0,2746,3317,2910,3340
1754273635511296326,0,2745,3316,2909,3340
1754273635513298250,0,2744,3315,2908,3339
1754273635515347619,0,2743,3314,2907,3338
1754273635517224139,0,2742,3313,2906,3337
1754273635519235166,0,2741,3312,2905,3336
1754273635521244219,0,2740,3311,2903,3335
1754273635523245574,0,2739,3310,2902,3334
1754273635525275209,0,2738,3309,2901,3333
1754273635527225715,0,2738,3308,2900,3333
1754273635529257792,0,2737,3307,2899,3332
1754273635531277866,0,2736,3306,2897,3331
1754273635533237317,0,2735,3305,2896,3330
1754273635535290008,0,2735,3304,2895,3329
1754273635537346264,0,2734,3303,2894,3328
1754273635539206201,0,2733,3302,2893,3328
1754273635541261699,0,2733,3301,2892,3327
1754273635543238823,0,2732,3300,2891,3326
1754273635545232020,0,2732,3299,2890,3325
1754273635547256264,0,2731,3298,2888,3324
1754273635549241790,0,2730,3297,2887,3323
1754273635551197281,0,2729,3296,2886,3322
1754273635553287147,0,2728,3295,2885,3321
1754273635555259557,0,2728,3295,2884,3320
1754273635557212329,0,2727,3293,2883,3319
1754273635559195816,0,2727,3292,2881,3318
1754273635561230638,0,2726,3291,2880,3318
1754273635563223930,0,2725,3290,2879,3317
1754273635565181608,0,2725,3289,2878,3316
1754273635567216213,0,2723,3288,2877,3315
1754273635569231005,0,2722,3287,2875,3314
1754273635571214250,0,2722,3286,2874,3313
1754273635573190254,0,2721,3285,2873,3312
1754273635575291552,0,2720,3284,2872,3311
1754273635577192335,0,2720,3283,2871,3310
1754273635579218007,0,2719,3282,2870,3309
1754273635581230462,0,2718,3281,2868,3308
1754273635583192183,0,2717,3280,2867,3307
1754273635585150569,0,2717,3279,2866,3306
1754273635587178289,0,2716,3277,2865,3305
1754273635589165922,0,2715,3276,2864,3304
1754273635591148132,0,2714,3275,2862,3303
1754273635593136548,0,2713,3274,2861,3302
1754273635595284775,0,2712,3273,2860,3301
1754273635597123472,0,2711,3272,2859,3300
1754273635599178238,0,2710,3271,2857,3299
1754273635601143989,0,2709,3269,2856,3298
1754273635603192574,0,2708,3268,2855,3297
1754273635605164471,0,2707,3267,2854,3296
1754273635607223270,0,2706,3265,2852,3295
1754273635609150120,0,2705,3264,2851,3294
1754273635611164847,0,2704,3263,2850,3293
1754273635613129485,0,2703,3262,2849,3292
1754273635615128731,0,2701,3260,2847,3291
1754273635617234289,0,2700,3259,2846,3289
1754273635619162264,0,2699,3258,2844,3288
1754273635621128599,0,2697,3257,2843,3287
1754273635623165476,0,2696,3255,2842,3286
1754273635625176738,0,2694,3254,2841,3285
1754273635627164010,0,2693,3253,2840,3284
1754273635629147078,0,2691,3252,2838,3283
1754273635631094249,0,2690,3251,2837,3282
1754273635633099270,0,2688,3249,2836,3281
1754273635635050180,0,2686,3248,2834,3279
1754273635637095998,0,2685,3247,2833,3278
1754273635639043318,0,2683,3245,2832,3277
1754273635641091639,0,2682,3244,2831,3276
1754273635643107043,0,2680,3243,2829,3275
1754273635645122430,0,2679,3241,2828,3274
1754273635647077593,0,2678,3240,2827,3272
1754273635649135421,0,2676,3238,2825,3271
1754273635651114502,0,2675,3237,2824,3270
1754273635653076306,0,2674,3236,2823,3268
1754273635655153098,0,2672,3234,2821,3267
1754273635657178626,0,2671,3233,2820,3266
1754273635659117735,0,2670,3232,2819,3265
1754273635661131820,0,2668,3231,2817,3263
1754273635663051542,0,2667,3229,2816,3262
1754273635665044039,0,2666,3229,2815,3261
1754273635667152969,0,2665,3227,2814,3259
1754273635669107746,0,2664,3226,2812,3258
1754273635671110346,0,2663,3225,2811,3256
1754273635673075653,0,2662,3224,2809,3255
1754273635675056216,0,2661,3223,2808,3254
1754273635677070191,0,2660,3222,2807,3253
1754273635679072479,0,2659,3220,2806,3251
1754273635681146093,0,2658,3219,2804,3250
1754273635683064207,0,2657,3218,2803,3249
1754273635685072011,0,2656,3217,2801,3248
1754273635687108460,0,2655,3215,2800,3246
1754273635689067244,0,2654,3214,2798,3244
1754273635691046753,0,2653,3212,2797,3243
1754273635693031893,0,2652,3211,2796,3242
1754273635695044585,0,2651,3210,2794,3240
1754273635697085768,0,2650,3208,2793,3239
1754273635699084987,0,2650,3206,2791,3238
1754273635700998346,0,2649,3205,2790,3236
1754273635703006318,0,2648,3204,2788,3235
1754273635705035609,0,2647,3202,2787,3234
1754273635707018598,0,2646,3200,2786,3233
1754273635709125559,0,2645,3199,2785,3231
1754273635711033748,0,2645,3197,2783,3230
1754273635713052171,0,2644,3196,2782,3228
1754273635715069327,0,2643,3194,2781,3227
1754273635717040145,0,2643,3192,2780,3226
1754273635718990080,0,2641,3190,2778,3225
1754273635721002310,0,2641,3189,2776,3224
1754273635723004484,0,2640,3187,2775,3222
1754273635725026289,0,2639,3185,2774,3220
1754273635727011761,0,2637,3184,2772,3219
1754273635729045437,0,2637,3182,2771,3218
1754273635731010818,0,2635,3180,2769,3217
1754273635732978108,0,2635,3179,2768,3215
1754273635734993227,0,2633,3177,2766,3214
1754273635736986412,0,2632,3176,2765,3212
1754273635739049954,0,2631,3175,2764,3211
1754273635740997308,0,2630,3173,2762,3209
1754273635742962479,0,2628,3171,2760,3208
1754273635744952229,0,2627,3170,2759,3206
1754273635747034280,0,2626,3168,2758,3205
1754273635749067037,0,2624,3167,2756,3203
1754273635751036130,0,2623,3165,2755,3201
1754273635752999521,0,2622,3163,2753,3200
1754273635755052865,0,2620,3162,2752,3198
1754273635757124579,0,2619,3161,2751,3197
1754273635758974700,0,2617,3159,2749,3195
1754273635760989800,0,2615,3157,2748,3194
1754273635763019323,0,2614,3156,2746,3192
1754273635764954599,0,2612,3154,2745,3191
1754273635767027717,0,2610,3153,2743,3189
1754273635768956948,0,2608,3151,2742,3187
1754273635771045820,0,2607,3149,2740,3185
1754273635773182796,0,2605,3148,2739,3184
1754273635775017566,0,2603,3146,2737,3182
1754273635777008674,0,2601,3144,2736,3180
1754273635779035439,0,2599,3143,2734,3179
1754273635780998997,0,2597,3141,2733,3177
1754273635783022594,0,2595,3139,2731,3176
1754273635784986182,0,2593,3137,2730,3174
1754273635787038824,0,2591,3135,2729,3172
1754273635788917017,0,2589,3133,2728,3171
1754273635790929114,0,2587,3131,2726,3169
1754273635792952842,0,2586,3129,2725,3168
1754273635794989261,0,2584,3127,2723,3166
1754273635796991349,0,2582,3126,2722,3165
1754273635798982867,0,2580,3124,2721,3163
1754273635800956801,0,2578,3122,2719,3161
1754273635802931306,0,2576,3120,2717,3159
1754273635804978387,0,2574,3119,2716,3157
1754273635807003953,0,2573,3117,2715,3156
1754273635808987154,0,2571,3115,2713,3154
1754273635810966819,0,2569,3113,2711,3153
1754273635813068235,0,2568,3111,2710,3151
1754273635815033906,0,2567,3110,2708,3149
1754273635817182166,0,2565,3108,2707,3147
1754273635818985817,0,2564,3106,2705,3145
1754273635821019525,0,2562,3104,2704,3144
1754273635823049451,0,2561,3103,2702,3142
1754273635824981938,0,2560,3101,2701,3140
1754273635827054486,0,2559,3099,2700,3138
1754273635828992541,0,2557,3098,2698,3136
1754273635831011457,0,2556,3097,2696,3134
1754273635832933887,0,2555,3095,2695,3133
1754273635834949029,0,2554,3094,2694,3131
1754273635836948170,0,2553,3093,2692,3129
1754273635839042962,0,2552,3092,2690,3127
1754273635840947018,0,2551,3091,2688,3126
1754273635842961985,0,2550,3090,2687,3124
1754273635844954018,0,2549,3089,2685,3122
1754273635846951800,0,2548,3088,2684,3120
1754273635848947070,0,2548,3087,2682,3118
1754273635850908782,0,2547,3086,2681,3117
1754273635852946853,0,2547,3085,2679,3115
1754273635854919891,0,2546,3084,2678,3113
1754273635856933753,0,2545,3082,2676,3112
1754273635858935359,0,2544,3081,2675,3110
1754273635860919013,0,2544,3080,2672,3108
1754273635862906862,0,2543,3078,2671,3106
1754273635864900045,0,2542,3077,2669,3104
1754273635866908938,0,2541,3076,2667,3103
1754273635868878458,0,2540,3074,2666,3101
1754273635870971208,0,2539,3073,2665,3100
1754273635872897301,0,2538,3071,2663,3098
1754273635874886293,0,2537,3070,2661,3097
1754273635876855804,0,2536,3068,2659,3095
1754273635878866871,0,2534,3066,2658,3094
1754273635880886528,0,2533,3064,2656,3093
1754273635882887094,0,2532,3062,2654,3091
1754273635884876188,0,2530,3060,2653,3090
1754273635886900267,0,2529,3058,2651,3088
1754273635888927087,0,2527,3056,2649,3087
1754273635890884849,0,2525,3054,2648,3086
1754273635892847478,0,2524,3051,2646,3085
1754273635894904696,0,2522,3049,2644,3083
1754273635896894511,0,2520,3047,2643,3082
1754273635898889353,0,2518,3044,2641,3080
1754273635900972827,0,2516,3041,2640,3079
1754273635902864985,0,2514,3039,2638,3078
1754273635904885141,0,2511,3036,2636,3076
1754273635906905101,0,2509,3034,2634,3075
1754273635908937566,0,2507,3032,2633,3074
1754273635910926718,0,2506,3029,2631,3072
1754273635912921350,0,2503,3027,2630,3071
1754273635914949519,0,2501,3025,2627,3069
1754273635916907923,0,2500,3023,2626,3068
1754273635918976387,0,2497,3021,2624,3066
1754273635920952778,0,2496,3020,2623,3065
1754273635922959626,0,2493,3018,2621,3063
1754273635924912999,0,2492,3016,2620,3061
1754273635926979846,0,2490,3015,2619,3059
1754273635929010390,0,2488,3013,2616,3057
1754273635930941425,0,2487,3012,2615,3056
1754273635932900468,0,2485,3010,2613,3054
1754273635934917076,0,2484,3009,2611,3052
1754273635936866817,0,2482,3008,2610,3050
1754273635938853202,0,2481,3006,2608,3048
1754273635940856626,0,2480,3005,2607,3046
1754273635942854373,0,2478,3004,2605,3044
1754273635944874632,0,2477,3003,2603,3042
1754273635946840236,0,2476,3002,2601,3040
1754273635948835376,0,2474,3000,2600,3038
1754273635950913922,0,2474,2999,2598,3036
1754273635952866386,0,2472,2998,2596,3034
1754273635954879683,0,2471,2997,2595,3032
1754273635956876035,0,2470,2995,2594,3030
1754273635958884726,0,2469,2994,2592,3028
1754273635960861390,0,2467,2993,2591,3026
1754273635962874262,0,2466,2992,2589,3023
1754273635964839405,0,2466,2991,2587,3021
1754273635966760913,0,2465,2990,2586,3019
1754273635968803580,0,2463,2989,2584,3017
1754273635970842074,0,2462,2987,2582,3015
1754273635972814014,0,2461,2986,2581,3014
1754273635974814836,0,2460,2984,2579,3012
1754273635976851744,0,2459,2983,2577,3010
1754273635978858643,0,2458,2982,2575,3008
1754273635980865224,0,2457,2980,2573,3007
1754273635982868522,0,2456,2978,2572,3005
1754273635984852969,0,2454,2977,2570,3003
1754273635986842982,0,2453,2975,2568,3002
1754273635988862171,0,2452,2974,2567,3001
1754273635990792169,0,2451,2972,2565,3000
1754273635992858279,0,2449,2970,2563,2998
1754273635994817372,0,2448,2968,2562,2996
1754273635996857563,0,2447,2966,2560,2995
1754273635998818068,0,2445,2964,2558,2993
1754273636000837697,0,2444,2962,2556,2992
1754273636002800763,0,2442,2961,2554,2990
1754273636004855978,0,2440,2959,2553,2989
1754273636006862720,0,2438,2956,2551,2988
1754273636008859911,0,2437,2955,2549,2986
1754273636010800498,0,2435,2953,2547,2985
1754273636012787384,0,2433,2951,2545,2983
1754273636014750192,0,2431,2949,2544,2982
1754273636016850953,0,2429,2948,2542,2981
1754273636018864844,0,2428,2945,2540,2979
1754273636020820869,0,2426,2944,2538,2978
1754273636022823963,0,2424,2942,2536,2976
1754273636024792746,0,2423,2940,2535,2975
1754273636026801447,0,2421,2939,2533,2973
1754273636028802168,0,2420,2937,2531,2972
1754273636030809201,0,2418,2936,2530,2970
1754273636032739055,0,2417,2935,2528,2969
1754273636034865833,0,2416,2933,2526,2968
1754273636036863033,0,2414,2932,2524,2967
1754273636038888406,0,2413,2931,2523,2965
1754273636040848733,0,2412,2929,2521,2964
1754273636042946358,0,2411,2928,2519,2962
1754273636044871868,0,2409,2927,2518,2960
1754273636046904271,0,2408,2926,2516,2958
1754273636048732223,0,2407,2926,2515,2957
1754273636050752424,0,2405,2924,2513,2955
1754273636052720955,0,2403,2923,2512,2953
1754273636054759812,0,2402,2922,2510,2951
1754273636056683225,0,2400,2921,2509,2950
1754273636058731099,0,2399,2920,2508,2948
1754273636060726331,0,2398,2919,2506,2946
1754273636062774458,0,2396,2917,2505,2945
1754273636064707283,0,2395,2915,2503,2943
1754273636066728881,0,2394,2914,2502,2941
1754273636068707585,0,2393,2913,2501,2939
1754273636070769231,0,2391,2911,2499,2938
1754273636072717187,0,2389,2909,2498,2937
1754273636074689080,0,2388,2909,2497,2936
1754273636076798188,0,2386,2907,2495,2934
1754273636078739717,0,2385,2906,2494,2933
1754273636080677693,0,2383,2904,2493,2931
1754273636082710680,0,2382,2903,2491,2929
1754273636084730497,0,2380,2901,2490,2928
1754273636086695251,0,2379,2900,2488,2927
1754273636088714021,0,2377,2898,2488,2925
1754273636090736959,0,2375,2897,2486,2924
1754273636092667835,0,2374,2895,2485,2922
1754273636094709355,0,2372,2894,2484,2921
1754273636096706801,0,2371,2892,2482,2920
1754273636098705637,0,2369,2891,2482,2918
1754273636100704689,0,2368,2889,2480,2917
1754273636102711170,0,2366,2887,2479,2915
1754273636104821075,0,2365,2886,2478,2914
1754273636106666902,0,2364,2885,2476,2912
1754273636108670078,0,2362,2883,2475,2911
1754273636110811717,0,2361,2882,2474,2910
1754273636112669938,0,2360,2880,2473,2909
1754273636114741110,0,2359,2879,2472,2907
1754273636116679392,0,2359,2878,2471,2906
1754273636118708335,0,2358,2877,2470,2904
1754273636120677850,0,2357,2875,2468,2903
1754273636122766483,0,2356,2874,2468,2901
1754273636124759871,0,2355,2873,2467,2900
1754273636126656845,0,2354,2871,2466,2898
1754273636128645931,0,2354,2870,2465,2898
1754273636130632927,0,2353,2869,2464,2896
1754273636132660784,0,2353,2867,2462,2895
1754273636134680518,0,2352,2866,2461,2893
1754273636136636066,0,2352,2865,2460,2892
1754273636138637196,0,2351,2864,2459,2890
1754273636140703747,0,2350,2862,2458,2889
1754273636142652259,0,2350,2861,2457,2887
1754273636144677298,0,2349,2859,2456,2886
1754273636146668050,0,2349,2858,2454,2884
1754273636148621670,0,2348,2857,2453,2883
1754273636150643174,0,2347,2855,2452,2882
1754273636152671033,0,2346,2853,2450,2881
1754273636154627493,0,2346,2852,2449,2879
1754273636156637063,0,2345,2850,2447,2878
1754273636158707851,0,2345,2849,2446,2876
1754273636160655572,0,2344,2848,2445,2875
1754273636162754426,0,2343,2846,2443,2873
1754273636164651578,0,2342,2844,2441,2872
1754273636166725948,0,2342,2843,2440,2870
1754273636168626940,0,2341,2842,2439,2869
1754273636170637166,0,2340,2840,2437,2868
1754273636172629528,0,2339,2838,2436,2866
1754273636174714870,0,2338,2836,2435,2865
1754273636176649466,0,2337,2835,2433,2864
1754273636178664766,0,2336,2833,2432,2862
1754273636180652644,0,2334,2832,2431,2861
1754273636182609680,0,2333,2830,2430,2859
1754273636184534123,0,2331,2829,2428,2857
1754273636186563406,0,2330,2827,2427,2856
1754273636188699732,0,2328,2826,2426,2855
1754273636190673825,0,2327,2824,2424,2853
1754273636192607232,0,2325,2822,2423,2852
1754273636194679300,0,2324,2821,2422,2850
1754273636196578174,0,2323,2819,2420,2849
1754273636198592516,0,2321,2818,2419,2847
1754273636200603739,0,2319,2816,2416,2846
1754273636202580485,0,2318,2815,2416,2844
1754273636204555953,0,2316,2813,2414,2843
1754273636206556433,0,2314,2812,2412,2841
1754273636208573620,0,2312,2810,2411,2840
1754273636210585613,0,2311,2809,2410,2838
1754273636212587587,0,2309,2807,2408,2836
1754273636214577624,0,2308,2806,2407,2835
1754273636216583176,0,2306,2805,2405,2833
1754273636218588374,0,2304,2804,2404,2832
1754273636220583080,0,2302,2802,2403,2830
1754273636222575040,0,2301,2801,2402,2829
1754273636224638591,0,2299,2800,2400,2827
1754273636226602383,0,2297,2799,2399,2826
1754273636228665693,0,2295,2798,2398,2824
1754273636230585670,0,2294,2797,2397,2822
1754273636232552104,0,2292,2796,2396,2821
1754273636234563809,0,2291,2795,2394,2819
1754273636236522918,0,2289,2794,2393,2818
1754273636238549543,0,2288,2793,2392,2816
1754273636240586908,0,2287,2792,2391,2815
1754273636242536428,0,2285,2791,2390,2813
1754273636244552117,0,2284,2789,2388,2812
1754273636246554344,0,2282,2788,2387,2810
1754273636248512527,0,2281,2787,2386,2809
1754273636250564018,0,2280,2785,2385,2808
1754273636252500141,0,2278,2784,2384,2807
1754273636254510956,0,2277,2783,2383,2806
1754273636256511071,0,2275,2781,2382,2804
1754273636258545413,0,2274,2780,2381,2803
1754273636260499291,0,2272,2779,2379,2802
1754273636262511894,0,2271,2777,2378,2800
1754273636264591327,0,2270,2776,2377,2799
1754273636266576919,0,2268,2774,2376,2797
1754273636268612671,0,2268,2773,2375,2796
1754273636270719116,0,2266,2771,2374,2795
1754273636272523730,0,2265,2770,2372,2794
1754273636274578604,0,2264,2768,2371,2792
1754273636276453171,0,2262,2766,2370,2791
1754273636278534863,0,2261,2765,2369,2790
1754273636280463252,0,2260,2763,2368,2788
1754273636282651505,0,2259,2762,2367,2787
1754273636284499802,0,2258,2760,2365,2786
1754273636286675436,0,2257,2758,2364,2785
1754273636288604713,0,2255,2756,2363,2783
1754273636290700298,0,2254,2755,2362,2782
1754273636292606365,0,2253,2753,2361,2781
1754273636294667599,0,2251,2751,2359,2779
1754273636296626272,0,2250,2749,2358,2778
1754273636298579882,0,2249,2747,2357,2777
1754273636300575298,0,2247,2745,2356,2775
1754273636302578296,0,2246,2744,2355,2774
1754273636304509669,0,2245,2742,2353,2773
1754273636306530465,0,2243,2740,2352,2771
1754273636308469655,0,2242,2738,2351,2770
1754273636310489123,0,2240,2736,2350,2768
1754273636312473574,0,2239,2734,2349,2767
1754273636314477730,0,2238,2732,2348,2766
1754273636316530502,0,2236,2731,2347,2764
1754273636318508920,0,2235,2728,2346,2763
1754273636320549757,0,2234,2727,2345,2761
1754273636322463084,0,2232,2725,2344,2759
1754273636324476159,0,2231,2723,2343,2758
1754273636326420388,0,2230,2722,2342,2756
1754273636328424847,0,2229,2720,2341,2754
1754273636330396772,0,2227,2718,2339,2753
1754273636332452167,0,2226,2717,2338,2751
1754273636334483393,0,2224,2715,2336,2749
1754273636336485845,0,2223,2714,2335,2747
1754273636338470671,0,2222,2712,2334,2745
1754273636340505585,0,2220,2711,2332,2744
1754273636342493888,0,2218,2709,2331,2742
1754273636344590253,0,2217,2708,2330,2740
1754273636346432728,0,2216,2706,2328,2738
1754273636348362611,0,2214,2704,2327,2736
1754273636350373477,0,2213,2703,2325,2735
1754273636352390880,0,2211,2701,2324,2733
1754273636354459291,0,2210,2700,2323,2731
1754273636356590525,0,2209,2698,2321,2729
1754273636358435744,0,2207,2697,2320,2727
1754273636360585237,0,2206,2695,2319,2725
1754273636362414012,0,2204,2694,2317,2723
1754273636364452475,0,2203,2693,2315,2721
1754273636366426477,0,2202,2691,2314,2719
1754273636368548372,0,2200,2690,2312,2717
1754273636370435992,0,2199,2688,2311,2716
1754273636372517487,0,2198,2687,2309,2714
1754273636374441315,0,2196,2686,2307,2712
1754273636376599627,0,2195,2684,2305,2711
1754273636378429006,0,2194,2683,2304,2709
1754273636380614883,0,2193,2682,2303,2707
1754273636382443440,0,2192,2680,2301,2705
1754273636384384348,0,2191,2679,2300,2704
1754273636386445317,0,2190,2677,2298,2702
1754273636388424908,0,2189,2676,2297,2700
1754273636390459623,0,2188,2674,2295,2698
1754273636392512191,0,2187,2673,2294,2696
1754273636394465346,0,2186,2671,2292,2695
1754273636396456316,0,2185,2669,2291,2693
1754273636398397007,0,2183,2667,2289,2692
1754273636400353766,0,2182,2665,2288,2690
1754273636402404914,0,2181,2664,2286,2688
1754273636404450746,0,2180,2662,2285,2687
1754273636406435668,0,2179,2660,2283,2686
1754273636408428872,0,2178,2658,2281,2684
1754273636410452355,0,2176,2656,2279,2682
1754273636412383959,0,2175,2654,2277,2681
1754273636414367688,0,2174,2652,2276,2680
1754273636416384305,0,2173,2651,2275,2678
1754273636418374304,0,2171,2650,2272,2676
1754273636420346889,0,2170,2648,2271,2675
1754273636422384449,0,2168,2646,2269,2673
1754273636424366353,0,2167,2645,2268,2672
1754273636426348777,0,2166,2643,2266,2670
1754273636428357420,0,2165,2642,2264,2669
1754273636430345895,0,2163,2640,2263,2667
1754273636432347952,0,2162,2638,2261,2666
1754273636434411657,0,2161,2637,2259,2664
1754273636436381259,0,2160,2636,2258,2663
1754273636438341817,0,2158,2634,2256,2661
1754273636440306969,0,2157,2633,2254,2660
1754273636442307027,0,2155,2631,2253,2659
1754273636444315288,0,2154,2630,2252,2657
1754273636446406147,0,2153,2629,2250,2655
1754273636448314261,0,2151,2627,2249,2654
1754273636450474291,0,2150,2626,2248,2652
1754273636452321648,0,2148,2624,2246,2650
1754273636454320032,0,2147,2623,2245,2649
1754273636456294709,0,2145,2621,2243,2647
1754273636458422037,0,2143,2620,2242,2645
1754273636460336989,0,2142,2618,2241,2644
1754273636462339849,0,2140,2616,2240,2642
1754273636464375009,0,2139,2615,2239,2641
1754273636466340915,0,2137,2613,2237,2639
1754273636468329794,0,2136,2611,2236,2638
1754273636470425879,0,2134,2610,2235,2636
1754273636472346734,0,2133,2608,2233,2635
1754273636474351735,0,2131,2606,2232,2633
1754273636476378884,0,2129,2605,2231,2632
1754273636478374126,0,2128,2603,2229,2630
1754273636480405301,0,2126,2601,2228,2629
1754273636482352269,0,2124,2599,2227,2627
1754273636484368841,0,2123,2597,2226,2626
1754273636486392313,0,2121,2595,2224,2624
1754273636488360324,0,2119,2593,2223,2622
1754273636490386444,0,2118,2591,2222,2621
1754273636492431898,0,2116,2590,2220,2619
1754273636494389967,0,2114,2587,2220,2618
1754273636496367157,0,2112,2586,2218,2616
1754273636498398882,0,2111,2584,2216,2615
1754273636500373041,0,2109,2582,2216,2613
1754273636502293595,0,2108,2580,2214,2611
1754273636504264712,0,2106,2579,2214,2610
1754273636506282556,0,2104,2577,2213,2609
1754273636508308368,0,2102,2574,2211,2607
1754273636510348785,0,2101,2573,2210,2605
1754273636512400152,0,2099,2571,2209,2604
1754273636514374434,0,2097,2569,2208,2602
1754273636516385835,0,2096,2567,2206,2600
1754273636518341382,0,2095,2565,2205,2598
1754273636520336680,0,2093,2563,2204,2597
1754273636522371715,0,2091,2561,2202,2595
1754273636524383938,0,2090,2559,2201,2593
1754273636526314261,0,2088,2557,2199,2592
1754273636528293874,0,2087,2555,2198,2590
1754273636530221815,0,2086,2553,2196,2588
1754273636532281431,0,2084,2551,2195,2586
1754273636534360474,0,2083,2549,2194,2584
1754273636536304391,0,2082,2547,2192,2583
1754273636538297361,0,2081,2545,2191,2581
1754273636540227342,0,2079,2543,2189,2579
1754273636542289915,0,2078,2541,2188,2577
1754273636544308670,0,2077,2539,2186,2575
1754273636546282136,0,2075,2536,2185,2573
1754273636548292450,0,2074,2534,2184,2571
1754273636550312405,0,2073,2532,2182,2569
1754273636552336657,0,2072,2530,2181,2567
1754273636553315057,0,2071,2529,2180,2566
1754273636555271786,0,2070,2526,2179,2564
1754273636557256305,0,2069,2524,2177,2563
1754273636559235318,0,2067,2522,2175,2560
1754273636561305976,0,2066,2520,2174,2559
1754273636563291832,0,2065,2518,2172,2557
1754273636565259574,0,2063,2516,2171,2555
1754273636567247030,0,2062,2513,2169,2552
1754273636569268134,0,2060,2511,2168,2550
1754273636571277231,0,2059,2509,2166,2548
1754273636573266515,0,2057,2506,2165,2546
1754273636575210544,0,2056,2504,2163,2544
1754273636577321235,0,2054,2502,2162,2542
1754273636579244297,0,2053,2500,2160,2539
1754273636581302837,0,2051,2498,2159,2537
1754273636583294319,0,2049,2496,2157,2535
1754273636585354506,0,2048,2494,2156,2533
1754273636587308351,0,2046,2493,2154,2531
1754273636589426905,0,2044,2491,2152,2529
1754273636591362970,0,2043,2489,2151,2526
1754273636593261212,0,2041,2487,2149,2524
1754273636595299653,0,2039,2485,2147,2522
1754273636597334560,0,2037,2483,2145,2520
1754273636599217409,0,2035,2481,2143,2518
1754273636601168439,0,2034,2479,2142,2516
1754273636603136107,0,2032,2477,2140,2513
1754273636605176252,0,2030,2475,2138,2511
1754273636607285185,0,2028,2473,2136,2509
1754273636609181155,0,2026,2471,2134,2507
1754273636611249263,0,2024,2469,2132,2505
1754273636613173857,0,2022,2468,2130,2503
1754273636615193842,0,2018,2466,2128,2500
1754273636617187743,0,2016,2464,2127,2498
1754273636619207852,0,2014,2462,2124,2496
1754273636621214146,0,2012,2460,2123,2494
1754273636623226538,0,2010,2458,2120,2492
1754273636625225738,0,2008,2456,2118,2489
1754273636627275449,0,2006,2454,2116,2488
1754273636629184811,0,2004,2452,2114,2485
1754273636631156991,0,2002,2450,2112,2483
1754273636633240562,0,2000,2448,2110,2481
1754273636635147515,0,1998,2446,2108,2479
1754273636637166017,0,1996,2444,2107,2477
1754273636639252549,0,1995,2442,2105,2475
1754273636641169992,0,1993,2440,2103,2473
1754273636643160117,0,1991,2438,2102,2471
1754273636645196474,0,1989,2436,2100,2469
1754273636647276942,0,1988,2434,2098,2467
1754273636649230290,0,1986,2432,2095,2465
1754273636651214622,0,1985,2430,2093,2463
1754273636653210080,0,1983,2428,2092,2461
1754273636655101934,0,1982,2426,2090,2458
1754273636657099348,0,1980,2424,2088,2457
1754273636659113037,0,1979,2423,2086,2454
1754273636661163115,0,1978,2421,2084,2452
1754273636663094551,0,1976,2419,2083,2451
1754273636665162347,0,1975,2418,2081,2449
1754273636667127349,0,1975,2416,2079,2447
1754273636669102673,0,1973,2415,2078,2445
1754273636671166032,0,1972,2413,2076,2443
1754273636673075916,0,1971,2411,2075,2441
1754273636675033942,0,1970,2410,2073,2439
1754273636677103499,0,1970,2409,2071,2437
1754273636679046530,0,1968,2407,2070,2435
1754273636681104495,0,1968,2406,2068,2433
1754273636683054283,0,1966,2404,2066,2431
1754273636685092476,0,1966,2403,2064,2429
1754273636687057167,0,1964,2400,2063,2427
1754273636689125249,0,1963,2399,2061,2425
1754273636691085191,0,1962,2397,2059,2423
1754273636693065965,0,1961,2396,2058,2421
1754273636695063419,0,1960,2394,2056,2419
1754273636697076846,0,1959,2392,2055,2417
1754273636699060705,0,1958,2391,2053,2415
1754273636701098092,0,1958,2390,2051,2414
1754273636703154549,0,1956,2388,2050,2412
1754273636705096305,0,1955,2386,2048,2410
1754273636707125867,0,1955,2386,2046,2408
1754273636709131972,0,1954,2383,2045,2406
1754273636711109652,0,1952,2382,2043,2404
1754273636713065770,0,1951,2381,2042,2403
1754273636715160875,0,1950,2379,2040,2401
1754273636717120549,0,1949,2378,2038,2399
1754273636719134016,0,1947,2376,2036,2398
1754273636721055029,0,1947,2375,2035,2396
1754273636723072998,0,1945,2374,2032,2394
1754273636725064032,0,1944,2372,2031,2393
1754273636727124772,0,1943,2371,2030,2391
1754273636729094774,0,1942,2369,2028,2390
1754273636731056915,0,1941,2368,2026,2388
1754273636733012027,0,1939,2367,2025,2386
1754273636735055299,0,1938,2366,2023,2385
1754273636737058873,0,1936,2364,2022,2384
1754273636739048680,0,1935,2362,2020,2382
1754273636741045216,0,1933,2362,2019,2380
1754273636743053450,0,1932,2360,2017,2379
1754273636745046889,0,1930,2358,2015,2377
1754273636747017138,0,1928,2356,2014,2376
1754273636749017651,0,1927,2354,2012,2374
1754273636751039360,0,1925,2353,2010,2373
1754273636753028867,0,1923,2351,2008,2371
1754273636755058941,0,1921,2349,2007,2370
1754273636757028215,0,1919,2347,2005,2368
1754273636759059534,0,1918,2345,2004,2367
1754273636761016611,0,1916,2343,2002,2365
1754273636762991637,0,1914,2342,2001,2363
1754273636765034245,0,1913,2340,1999,2362
1754273636767045881,0,1911,2338,1998,2361
1754273636769000626,0,1909,2336,1996,2360
1754273636770998963,0,1908,2335,1995,2358
1754273636772970317,0,1906,2333,1994,2357
1754273636774965179,0,1905,2332,1993,2356
1754273636776936249,0,1903,2331,1991,2354
1754273636778977091,0,1902,2329,1990,2353
1754273636780994576,0,1900,2328,1988,2351
1754273636782988234,0,1899,2326,1987,2350
1754273636785016661,0,1897,2325,1985,2349
1754273636787007260,0,1896,2324,1984,2347
1754273636788988928,0,1894,2323,1982,2346
1754273636791096506,0,1892,2321,1981,2344
1754273636792996488,0,1891,2320,1979,2343
1754273636794975277,0,1890,2319,1978,2342
1754273636796928173,0,1888,2317,1977,2340
1754273636798945924,0,1887,2316,1975,2339
1754273636800961279,0,1886,2315,1974,2337
1754273636802951299,0,1884,2314,1972,2336
1754273636804961545,0,1883,2313,1971,2334
1754273636806938821,0,1882,2311,1970,2333
1754273636808949032,0,1881,2310,1969,2331
1754273636810951045,0,1880,2309,1967,2330
1754273636812964572,0,1878,2308,1966,2329
1754273636814922555,0,1877,2307,1965,2327
1754273636816968487,0,1876,2306,1963,2325
1754273636819022241,0,1875,2305,1962,2324
1754273636821050224,0,1874,2304,1960,2322
1754273636822973763,0,1872,2302,1959,2321
1754273636825056105,0,1871,2301,1958,2319
1754273636826983160,0,1871,2300,1956,2318
1754273636828947957,0,1870,2298,1954,2316
1754273636831009924,0,1868,2297,1953,2315
1754273636832934044,0,1867,2296,1951,2313
1754273636834943419,0,1866,2294,1950,2312
1754273636837071719,0,1865,2293,1949,2311
1754273636839044604,0,1864,2291,1947,2309
1754273636841014993,0,1863,2290,1946,2308
1754273636843021158,0,1862,2288,1945,2307
1754273636845083113,0,1861,2287,1944,2305
1754273636846943790,0,1860,2284,1942,2304
1754273636848914782,0,1859,2284,1941,2302
1754273636850967569,0,1858,2282,1940,2301
1754273636852917774,0,1858,2281,1939,2300
1754273636854931483,0,1856,2279,1938,2299
1754273636856955556,0,1855,2278,1937,2297
1754273636858960633,0,1855,2276,1935,2296
1754273636860973727,0,1854,2275,1934,2295
1754273636862962369,0,1853,2273,1932,2293
1754273636865010700,0,1852,2271,1931,2292
1754273636866928018,0,1851,2270,1929,2291
1754273636868890365,0,1850,2268,1928,2289
1754273636870961906,0,1849,2267,1926,2288
1754273636872986253,0,1848,2266,1925,2287
1754273636874908298,0,1846,2264,1924,2285
1754273636876878690,0,1845,2263,1922,2284
1754273636878963281,0,1844,2262,1921,2283
1754273636880873130,0,1843,2260,1919,2281
1754273636882990709,0,1842,2259,1918,2280
1754273636884890311,0,1841,2257,1916,2279
1754273636887011423,0,1840,2255,1915,2277
1754273636888925722,0,1838,2254,1914,2276
1754273636891063655,0,1837,2253,1913,2274
1754273636892933564,0,1836,2251,1912,2273
1754273636894899051,0,1834,2250,1910,2272
1754273636896868898,0,1833,2248,1909,2270
1754273636898877261,0,1831,2247,1907,2269
1754273636900863434,0,1830,2245,1906,2267
1754273636902963194,0,1828,2242,1904,2265
1754273636904947960,0,1826,2241,1903,2264
1754273636907048780,0,1825,2239,1902,2263
1754273636908890613,0,1823,2238,1901,2261
1754273636910908496,0,1821,2236,1899,2260
1754273636912891186,0,1819,2234,1898,2258
1754273636914868998,0,1817,2233,1897,2257
1754273636916888182,0,1815,2231,1895,2256
1754273636918943691,0,1813,2230,1894,2254
1754273636920894437,0,1811,2228,1892,2252
1754273636922890538,0,1809,2226,1891,2251
1754273636924854310,0,1806,2225,1890,2249
1754273636926847857,0,1805,2223,1889,2248
1754273636928917065,0,1802,2221,1887,2246
1754273636930894918,0,1800,2219,1886,2245
1754273636932896013,0,1799,2217,1885,2243
1754273636934868130,0,1797,2215,1884,2241
1754273636936921329,0,1794,2213,1882,2240
1754273636938930828,0,1792,2210,1881,2238
1754273636940818326,0,1791,2210,1879,2237
1754273636942865906,0,1788,2208,1878,2236
1754273636944847620,0,1787,2206,1876,2234
1754273636946901517,0,1785,2204,1875,2233
1754273636948903020,0,1784,2202,1873,2230
1754273636950887340,0,1782,2201,1872,2229
1754273636952948986,0,1780,2199,1871,2227
1754273636954831442,0,1779,2197,1869,2226
1754273636956890189,0,1777,2195,1868,2224
1754273636958843746,0,1776,2193,1866,2222
1754273636960858379,0,1774,2191,1865,2221
1754273636962791424,0,1772,2189,1864,2219
1754273636964808824,0,1771,2188,1862,2217
1754273636966890769,0,1770,2186,1861,2215
1754273636968837084,0,1768,2184,1860,2213
1754273636970789247,0,1767,2182,1858,2211
1754273636972817917,0,1765,2180,1856,2209
1754273636974812933,0,1763,2178,1855,2208
1754273636976794431,0,1763,2176,1853,2206
1754273636978865635,0,1761,2174,1851,2204
1754273636980817766,0,1760,2173,1849,2202
1754273636982812848,0,1759,2171,1848,2200
1754273636984819356,0,1758,2169,1847,2198
1754273636986811939,0,1757,2167,1844,2196
1754273636988904363,0,1755,2165,1844,2195
1754273636990925671,0,1754,2163,1842,2193
1754273636992832575,0,1753,2161,1840,2190
1754273636994830030,0,1751,2159,1839,2189
1754273636996825479,0,1750,2157,1837,2187
1754273636998823140,0,1749,2155,1835,2185
1754273637000802560,0,1748,2153,1834,2183
1754273637002810075,0,1746,2152,1834,2181
1754273637004823046,0,1745,2149,1831,2179
1754273637006848806,0,1744,2147,1830,2177
1754273637008777344,0,1743,2146,1829,2175
1754273637010877213,0,1741,2144,1827,2173
1754273637012793325,0,1740,2142,1826,2171
1754273637014832265,0,1738,2140,1825,2168
1754273637016811249,0,1737,2138,1824,2166
1754273637018827253,0,1735,2136,1822,2164
1754273637020791424,0,1734,2134,1820,2162
1754273637022787213,0,1732,2132,1819,2160
1754273637024754302,0,1731,2130,1817,2158
1754273637026786631,0,1729,2128,1816,2156
1754273637028763225,0,1728,2127,1814,2154
1754273637030764928,0,1726,2125,1813,2152
1754273637032807600,0,1725,2123,1811,2150
1754273637034823810,0,1724,2121,1809,2148
1754273637036729180,0,1722,2120,1809,2146
1754273637038772321,0,1721,2118,1807,2144
1754273637040729149,0,1719,2116,1806,2142
1754273637042757279,0,1718,2114,1804,2140
1754273637044716965,0,1717,2113,1803,2138
1754273637046686762,0,1715,2111,1802,2136
1754273637048745099,0,1713,2109,1800,2134
1754273637050715755,0,1712,2107,1798,2132
1754273637052752516,0,1710,2105,1797,2130
1754273637054747340,0,1708,2104,1795,2128
1754273637056700157,0,1707,2102,1794,2126
1754273637058731826,0,1705,2101,1792,2124
1754273637060767696,0,1704,2099,1790,2123
1754273637062755915,0,1702,2098,1789,2120
1754273637064798486,0,1701,2096,1788,2118
1754273637066792329,0,1699,2095,1786,2116
1754273637068744399,0,1697,2093,1785,2115
1754273637070772396,0,1696,2092,1783,2113
1754273637072743356,0,1695,2091,1782,2111
1754273637074701867,0,1693,2089,1780,2109
1754273637076734627,0,1691,2088,1779,2107
1754273637078757424,0,1689,2086,1777,2105
1754273637080805083,0,1688,2085,1776,2104
1754273637082706998,0,1686,2084,1774,2103
1754273637084717777,0,1685,2082,1773,2101
1754273637086716174,0,1683,2080,1771,2099
1754273637088746180,0,1681,2079,1770,2097
1754273637090765487,0,1679,2077,1768,2096
1754273637092737048,0,1677,2076,1767,2094
1754273637094750111,0,1675,2075,1765,2093
1754273637096744809,0,1674,2073,1763,2091
1754273637098771991,0,1672,2071,1762,2089
1754273637100665122,0,1670,2070,1760,2088
1754273637102648346,0,1668,2068,1759,2086
1754273637104710314,0,1667,2067,1758,2084
1754273637106686739,0,1665,2065,1756,2083
1754273637108660615,0,1664,2064,1754,2081
1754273637110711413,0,1662,2062,1753,2080
1754273637112666917,0,1661,2060,1752,2078
1754273637114684891,0,1659,2059,1750,2077
1754273637116680184,0,1658,2057,1749,2075
1754273637118668955,0,1657,2055,1747,2073
1754273637120633326,0,1655,2054,1745,2072
1754273637122754814,0,1654,2052,1744,2070
1754273637124736510,0,1653,2050,1742,2069
1754273637126840197,0,1652,2048,1741,2068
1754273637128786474,0,1651,2046,1739,2066
1754273637130775059,0,1650,2045,1738,2065
1754273637132774748,0,1649,2043,1736,2063
1754273637134727192,0,1647,2041,1734,2062
1754273637136704579,0,1646,2040,1733,2060
1754273637138628234,0,1645,2039,1732,2059
1754273637140719083,0,1645,2037,1730,2057
1754273637142633810,0,1644,2036,1728,2056
1754273637144614618,0,1643,2034,1727,2054
1754273637146616283,0,1642,2033,1726,2053
1754273637148667582,0,1641,2032,1724,2051
1754273637150625395,0,1641,2030,1723,2049
1754273637152662970,0,1640,2029,1722,2048
1754273637154650572,0,1639,2028,1720,2046
1754273637156728747,0,1638,2026,1719,2045
1754273637158726739,0,1638,2025,1717,2044
1754273637160767035,0,1637,2024,1715,2042
1754273637162647635,0,1636,2022,1714,2040
1754273637164686409,0,1636,2021,1713,2038
1754273637166613535,0,1635,2020,1711,2037
1754273637168610335,0,1634,2018,1710,2036
1754273637170599686,0,1632,2017,1708,2034
1754273637172826249,0,1632,2016,1707,2033
1754273637174688862,0,1631,2014,1706,2031
1754273637176730209,0,1629,2013,1704,2030
1754273637178626843,0,1628,2012,1703,2028
1754273637180632426,0,1626,2010,1702,2027
1754273637182614695,0,1625,2009,1700,2025
1754273637184660220,0,1625,2008,1699,2024
1754273637186699379,0,1624,2006,1698,2023
1754273637188620433,0,1622,2005,1696,2021
1754273637190604703,0,1621,2003,1695,2019
1754273637192689326,0,1620,2002,1693,2018
1754273637194726025,0,1619,2000,1691,2017
1754273637196823305,0,1617,1999,1690,2015
1754273637198595689,0,1616,1998,1689,2014
1754273637200795198,0,1615,1996,1687,2012
1754273637202661953,0,1612,1995,1686,2011
1754273637204656293,0,1612,1993,1684,2009
1754273637206637465,0,1610,1992,1683,2008
1754273637208647559,0,1609,1991,1681,2006
1754273637210602417,0,1607,1989,1680,2005
1754273637212599642,0,1605,1988,1678,2004
1754273637214569742,0,1603,1985,1677,2002
1754273637216566488,0,1601,1984,1675,2001
1754273637218608586,0,1599,1983,1674,1999
1754273637220597982,0,1597,1981,1672,1998
1754273637222571349,0,1595,1980,1671,1997
1754273637224593736,0,1593,1978,1670,1995
1754273637226575348,0,1591,1977,1668,1994
1754273637228559919,0,1588,1976,1667,1992
1754273637230588608,0,1586,1974,1665,1991
1754273637232536162,0,1584,1973,1663,1989
1754273637234558078,0,1583,1971,1662,1988
1754273637236560273,0,1581,1971,1661,1987
1754273637238516924,0,1579,1969,1659,1985
1754273637240538530,0,1577,1968,1657,1984
1754273637242483473,0,1575,1967,1656,1982
1754273637244487644,0,1573,1966,1655,1981
1754273637246618209,0,1571,1965,1653,1980
1754273637248544924,0,1571,1963,1652,1977
1754273637250560874,0,1569,1962,1650,1976
1754273637252515252,0,1568,1961,1648,1975
1754273637254677964,0,1567,1960,1646,1973
1754273637256524034,0,1565,1958,1645,1972
1754273637258661957,0,1564,1957,1644,1970
1754273637260625648,0,1562,1956,1643,1968
1754273637262731169,0,1561,1954,1641,1967
1754273637264535180,0,1560,1953,1640,1966
1754273637266618527,0,1559,1952,1639,1964
1754273637268552802,0,1558,1950,1637,1963
1754273637270703450,0,1556,1949,1636,1961
1754273637272581960,0,1555,1947,1635,1960
1754273637274546202,0,1554,1946,1633,1959
1754273637276490382,0,1554,1944,1632,1958
1754273637278547473,0,1552,1943,1631,1956
1754273637280512831,0,1551,1941,1630,1955
1754273637282631251,0,1550,1940,1628,1953
1754273637284626290,0,1549,1938,1627,1952
1754273637286582894,0,1548,1936,1625,1951
1754273637288548841,0,1547,1934,1624,1950
1754273637290682156,0,1546,1933,1623,1948
1754273637292513621,0,1545,1931,1622,1947
1754273637294468297,0,1545,1929,1621,1946
1754273637296458306,0,1544,1927,1619,1944
1754273637298443196,0,1543,1925,1618,1943
1754273637300486311,0,1542,1923,1617,1941
1754273637302474366,0,1542,1922,1616,1940
1754273637304527314,0,1541,1920,1615,1939
1754273637306504121,0,1541,1918,1614,1937
1754273637308429309,0,1540,1916,1613,1936
1754273637310494742,0,1540,1914,1612,1934
1754273637312496932,0,1539,1912,1611,1933
1754273637314469110,0,1538,1910,1609,1932
1754273637316437572,0,1538,1908,1608,1930
1754273637318560879,0,1537,1906,1606,1929
1754273637320508249,0,1536,1904,1605,1927
1754273637322536873,0,1535,1903,1604,1926
1754273637324507105,0,1535,1901,1603,1925
1754273637326587834,0,1534,1899,1601,1923
1754273637328571816,0,1533,1897,1600,1921
1754273637330602856,0,1532,1895,1599,1920
1754273637332561517,0,1531,1893,1598,1918
1754273637334637316,0,1530,1891,1597,1916
1754273637336618654,0,1529,1890,1596,1914
1754273637338535988,0,1528,1888,1596,1913
1754273637340466228,0,1527,1887,1595,1912
1754273637342500929,0,1526,1885,1594,1910
1754273637344530947,0,1524,1884,1592,1909
1754273637346500197,0,1523,1883,1592,1907
1754273637348451319,0,1521,1881,1591,1905
1754273637350490775,0,1519,1880,1590,1904
1754273637352473577,0,1518,1879,1589,1901
1754273637354464415,0,1516,1878,1588,1899
1754273637356656831,0,1514,1877,1587,1898
1754273637358513116,0,1513,1876,1586,1896
1754273637360514268,0,1511,1874,1585,1894
1754273637362418163,0,1509,1873,1584,1892
1754273637364429525,0,1507,1873,1583,1890
1754273637366399858,0,1506,1871,1582,1888
1754273637368466027,0,1504,1871,1581,1887
1754273637370480945,0,1502,1870,1579,1885
1754273637372419954,0,1500,1869,1578,1883
1754273637374469167,0,1498,1869,1577,1881
1754273637376453211,0,1497,1868,1576,1879
1754273637378514183,0,1495,1867,1574,1878
1754273637380527116,0,1493,1867,1573,1876
1754273637382452926,0,1491,1865,1572,1875
1754273637384440545,0,1490,1865,1570,1873
1754273637386424225,0,1488,1864,1569,1871
1754273637388402894,0,1486,1863,1568,1870
1754273637390461454,0,1485,1862,1566,1868
1754273637392465038,0,1483,1861,1565,1867
1754273637394474981,0,1482,1861,1563,1865
1754273637396403830,0,1481,1860,1562,1864
1754273637398406201,0,1479,1859,1561,1862
1754273637400427134,0,1478,1858,1559,1861
1754273637402493820,0,1477,1857,1558,1859
1754273637404419015,0,1477,1856,1556,1858
1754273637406449527,0,1476,1855,1555,1857
1754273637408453714,0,1475,1854,1553,1856
1754273637410468106,0,1474,1853,1552,1855
1754273637412545688,0,1473,1852,1550,1853
1754273637414488945,0,1472,1851,1549,1852
1754273637416462871,0,1472,1851,1547,1851
1754273637418634014,0,1471,1850,1546,1850
1754273637420519450,0,1470,1849,1544,1849
1754273637422622346,0,1470,1848,1543,1849
1754273637424507729,0,1470,1847,1541,1848
1754273637426616041,0,1469,1846,1540,1846
1754273637428426363,0,1469,1845,1538,1846
1754273637430592272,0,1469,1843,1537,1845
1754273637432421870,0,1468,1842,1535,1844
1754273637434627652,0,1468,1840,1534,1843
1754273637436377520,0,1468,1839,1533,1843
1754273637438511110,0,1467,1838,1531,1842
1754273637440367077,0,1467,1837,1530,1841
1754273637442560224,0,1467,1835,1528,1841
1754273637444405048,0,1466,1833,1527,1840
1754273637446724975,0,1466,1832,1526,1839
1754273637448361054,0,1466,1831,1524,1838
1754273637450617269,0,1465,1829,1522,1838
1754273637452402238,0,1465,1827,1520,1837
1754273637454365540,0,1464,1826,1519,1836
1754273637456483211,0,1463,1825,1517,1835
1754273637458391207,0,1463,1823,1516,1834
1754273637460355224,0,1462,1822,1515,1834
1754273637462354125,0,1461,1820,1514,1833
1754273637464367609,0,1460,1818,1513,1832
1754273637466387387,0,1458,1817,1512,1831
1754273637468398487,0,1457,1815,1511,1830
1754273637470365967,0,1456,1813,1510,1829
1754273637472386065,0,1455,1811,1509,1828
1754273637474470742,0,1454,1810,1508,1827
1754273637476357701,0,1452,1809,1507,1826
1754273637478358189,0,1451,1807,1506,1825
1754273637480351399,0,1449,1806,1506,1824
1754273637482330553,0,1448,1805,1505,1823
1754273637484390082,0,1446,1804,1505,1822
1754273637486360776,0,1444,1803,1504,1821
1754273637488374491,0,1443,1802,1504,1820
1754273637490359454,0,1442,1801,1504,1818
1754273637492366782,0,1439,1800,1503,1817
1754273637494385371,0,1438,1800,1503,1816
1754273637496351919,0,1436,1799,1502,1814
1754273637498448087,0,1434,1798,1502,1813
1754273637500537660,0,1431,1797,1502,1811
1754273637502329187,0,1429,1796,1501,1810
1754273637504365421,0,1427,1796,1501,1808
1754273637506296190,0,1425,1795,1501,1807
1754273637508288898,0,1423,1794,1501,1806
1754273637510368550,0,1421,1793,1500,1804
1754273637512358934,0,1418,1792,1500,1803
1754273637514320241,0,1416,1791,1499,1801
1754273637516327436,0,1414,1790,1499,1800
1754273637518297291,0,1412,1790,1498,1799
1754273637520316678,0,1410,1789,1498,1797
1754273637522319636,0,1408,1788,1497,1796
1754273637524284074,0,1406,1787,1497,1795
1754273637526262982,0,1404,1786,1496,1793
1754273637528255946,0,1402,1785,1496,1792
1754273637530250746,0,1400,1784,1495,1791
1754273637532224613,0,1399,1784,1494,1789
1754273637534262979,0,1398,1783,1493,1788
1754273637536246084,0,1396,1781,1492,1787
1754273637538293778,0,1395,1780,1491,1785
1754273637540300706,0,1394,1779,1490,1785
1754273637542253638,0,1393,1777,1488,1784
1754273637544226301,0,1392,1776,1487,1782
1754273637546282212,0,1391,1774,1487,1781
1754273637548245684,0,1390,1772,1485,1780
1754273637550203731,0,1389,1771,1484,1779
1754273637552223613,0,1389,1769,1483,1778
1754273637554213213,0,1388,1767,1482,1777
1754273637556264970,0,1388,1765,1480,1776
1754273637558273386,0,1387,1763,1478,1775
1754273637560220268,0,1387,1762,1477,1773
1754273637562237306,0,1387,1759,1476,1773
1754273637564305636,0,1387,1757,1475,1772
1754273637566205345,0,1387,1756,1472,1771
1754273637568225412,0,1387,1754,1472,1770
1754273637569240835,0,1387,1753,1471,1769
1754273637571252662,0,1387,1751,1469,1768
1754273637573239616,0,1387,1749,1468,1767
1754273637575225722,0,1387,1747,1466,1766
1754273637577309971,0,1387,1745,1464,1765
1754273637579297431,0,1388,1743,1462,1764
1754273637581343910,0,1388,1741,1461,1762
1754273637583261278,0,1388,1740,1460,1761
1754273637585261704,0,1388,1738,1458,1760
1754273637587256447,0,1387,1736,1457,1758
1754273637589229373,0,1387,1734,1455,1757
1754273637591244532,0,1387,1732,1454,1755
1754273637593207570,0,1387,1731,1453,1754
1754273637595229807,0,1386,1729,1452,1753
1754273637597218344,0,1386,1727,1450,1752
1754273637599226924,0,1385,1726,1449,1750
1754273637601258112,0,1385,1724,1447,1749
1754273637603224230,0,1384,1722,1446,1747
1754273637605189294,0,1383,1721,1445,1746
1754273637607209499,0,1382,1719,1444,1744
1754273637609240029,0,1380,1718,1442,1742
1754273637611191203,0,1379,1716,1441,1740
1754273637613221388,0,1378,1715,1440,1738
1754273637615168806,0,1376,1713,1439,1737
1754273637617152739,0,1374,1712,1438,1735
1754273637619255158,0,1372,1710,1437,1733
1754273637621179571,0,1371,1708,1436,1731
1754273637623263294,0,1368,1707,1435,1729
1754273637625195480,0,1366,1705,1435,1727
1754273637627147224,0,1364,1704,1434,1725
1754273637629181960,0,1362,1702,1433,1723
1754273637631200570,0,1359,1701,1432,1722
1754273637633242695,0,1357,1700,1431,1720
1754273637635224076,0,1354,1699,1430,1718
1754273637637191143,0,1352,1698,1429,1716
1754273637639199332,0,1349,1697,1428,1715
1754273637641142048,0,1346,1696,1428,1713
1754273637643129899,0,1344,1694,1427,1711
1754273637645128608,0,1341,1694,1425,1709
1754273637647118500,0,1339,1693,1424,1707
1754273637649119520,0,1336,1692,1423,1705
1754273637651129065,0,1334,1691,1422,1703
1754273637653195188,0,1331,1690,1420,1702
1754273637655117522,0,1329,1690,1419,1700
1754273637657175810,0,1327,1689,1418,1698
1754273637659154460,0,1324,1688,1417,1696
1754273637661159303,0,1322,1687,1415,1694
1754273637663089970,0,1322,1686,1414,1693
1754273637665071894,0,1320,1685,1413,1691
1754273637667067286,0,1318,1684,1411,1689
1754273637669084181,0,1316,1684,1410,1688
1754273637671095453,0,1315,1683,1408,1686
1754273637673103329,0,1315,1682,1407,1685
1754273637675148443,0,1314,1681,1406,1683
1754273637677097717,0,1313,1680,1404,1682
1754273637679141776,0,1311,1679,1403,1681
1754273637681150361,0,1311,1678,1401,1679
1754273637683104078,0,1310,1677,1400,1678
1754273637685175132,0,1309,1676,1399,1677
1754273637687103522,0,1308,1675,1397,1675
1754273637689112714,0,1308,1673,1396,1674
1754273637691099107,0,1307,1672,1394,1673
1754273637693099867,0,1307,1671,1392,1672
1754273637695073614,0,1306,1669,1390,1671
1754273637697102785,0,1306,1668,1388,1670
1754273637699142513,0,1305,1665,1387,1669
1754273637701095234,0,1305,1663,1385,1668
1754273637703133448,0,1304,1661,1383,1667
1754273637705090480,0,1304,1660,1382,1666
1754273637707173921,0,1304,1658,1380,1665
1754273637709149902,0,1304,1656,1378,1664
1754273637711076397,0,1303,1654,1377,1664
1754273637713057339,0,1303,1652,1376,1663
1754273637715121172,0,1303,1651,1374,1662
1754273637717064171,0,1303,1648,1373,1661
1754273637719220798,0,1303,1647,1371,1660
1754273637721090659,0,1302,1645,1370,1659
1754273637723063652,0,1302,1643,1368,1658
1754273637725042603,0,1302,1641,1366,1657
1754273637727074540,0,1302,1639,1365,1656
1754273637729088238,0,1302,1637,1363,1655
1754273637731090492,0,1301,1634,1362,1654
1754273637733079640,0,1301,1633,1360,1653
1754273637735034785,0,1300,1631,1359,1652
1754273637737054043,0,1299,1629,1358,1651
1754273637739127540,0,1298,1627,1356,1650
1754273637741103096,0,1297,1625,1355,1648
1754273637743094722,0,1296,1624,1354,1646
1754273637745046024,0,1295,1622,1352,1645
1754273637747114211,0,1293,1620,1351,1644
1754273637749070672,0,1292,1619,1350,1642
1754273637751099519,0,1290,1617,1349,1640
1754273637753044476,0,1288,1616,1348,1639
1754273637755064554,0,1287,1614,1347,1637
1754273637757090472,0,1284,1613,1346,1636
1754273637759009871,0,1282,1612,1345,1634
1754273637761030565,0,1280,1610,1345,1633
1754273637763028743,0,1278,1609,1344,1631
1754273637765041761,0,1275,1608,1344,1630
1754273637767013808,0,1273,1607,1344,1627
1754273637769011349,0,1271,1606,1343,1626
1754273637771057779,0,1268,1605,1343,1624
1754273637773063601,0,1266,1604,1343,1622
1754273637775022403,0,1263,1604,1343,1620
1754273637777020505,0,1261,1602,1343,1618
1754273637779015680,0,1259,1601,1343,1617
1754273637781004411,0,1256,1599,1343,1615
1754273637783069463,0,1254,1598,1343,1613
1754273637785040010,0,1251,1598,1342,1611
1754273637787025173,0,1249,1597,1342,1609
1754273637789038255,0,1247,1596,1342,1608
1754273637791097173,0,1244,1595,1341,1606
1754273637793020015,0,1243,1594,1341,1604
1754273637795042044,0,1240,1593,1340,1603
1754273637797023728,0,1238,1592,1340,1601
1754273637799058424,0,1236,1591,1339,1599
1754273637801059976,0,1234,1590,1337,1597
1754273637803117647,0,1232,1589,1336,1596
1754273637805053028,0,1231,1588,1335,1594
1754273637807011090,0,1229,1587,1334,1592
1754273637808969118,0,1227,1586,1333,1591
1754273637811005181,0,1225,1585,1332,1589
1754273637813011848,0,1223,1584,1330,1588
1754273637814995936,0,1221,1583,1329,1587
1754273637817033982,0,1220,1582,1327,1585
1754273637819010240,0,1219,1580,1326,1584
1754273637820998851,0,1218,1579,1324,1583
1754273637823012299,0,1217,1578,1323,1581
1754273637825052873,0,1216,1577,1321,1580
1754273637827017017,0,1215,1575,1319,1579
1754273637829042570,0,1215,1574,1318,1578
1754273637830994972,0,1215,1572,1316,1577
1754273637833048927,0,1214,1570,1314,1575
1754273637835048734,0,1214,1568,1313,1574
1754273637837026223,0,1214,1566,1311,1573
1754273637839054323,0,1214,1565,1309,1572
1754273637840990071,0,1214,1563,1307,1571
1754273637843009933,0,1214,1560,1305,1570
1754273637845082919,0,1215,1559,1303,1569
1754273637846975813,0,1215,1557,1301,1568
1754273637848955407,0,1215,1555,1300,1567
1754273637850987420,0,1215,1553,1298,1566
1754273637852948380,0,1215,1550,1296,1565
1754273637854972218,0,1215,1548,1294,1564
1754273637856989236,0,1215,1546,1293,1563
1754273637858979293,0,1215,1544,1291,1562
1754273637860945239,0,1214,1541,1289,1560
1754273637862965893,0,1214,1539,1287,1559
1754273637865011519,0,1214,1537,1286,1558
1754273637866981818,0,1213,1535,1284,1557
1754273637869006726,0,1213,1532,1282,1555
1754273637871031219,0,1212,1529,1281,1554
1754273637872952529,0,1211,1528,1279,1553
1754273637875005109,0,1210,1526,1278,1552
1754273637877003021,0,1210,1523,1277,1550
1754273637879010418,0,1208,1521,1275,1548
1754273637881001200,0,1207,1519,1274,1547
1754273637883050822,0,1206,1517,1273,1545
1754273637885010715,0,1204,1515,1271,1544
1754273637887031844,0,1203,1513,1270,1542
1754273637888990303,0,1202,1511,1269,1540
1754273637890977848,0,1200,1509,1268,1538
1754273637892913750,0,1198,1508,1267,1537
1754273637895027908,0,1196,1505,1266,1534
1754273637897047791,0,1194,1503,1264,1533
1754273637898968961,0,1192,1502,1264,1531
1754273637900958235,0,1190,1500,1262,1529
1754273637902930361,0,1189,1499,1262,1527
1754273637904934181,0,1187,1497,1261,1525
1754273637906974060,0,1185,1496,1260,1523
1754273637909015120,0,1183,1494,1259,1521
1754273637911064446,0,1181,1492,1259,1518
1754273637913003727,0,1178,1491,1258,1516
1754273637914960297,0,1176,1489,1257,1514
1754273637916937878,0,1174,1488,1256,1512
1754273637918928591,0,1171,1486,1255,1510
1754273637920944416,0,1169,1485,1255,1508
1754273637922924147,0,1167,1483,1253,1506
1754273637924906048,0,1164,1482,1252,1504
1754273637926957702,0,1162,1480,1251,1501
1754273637928893252,0,1160,1478,1250,1499
1754273637930895580,0,1158,1477,1249,1497
1754273637932900251,0,1156,1475,1248,1495
1754273637934868519,0,1154,1474,1247,1493
1754273637936890024,0,1153,1473,1246,1491
1754273637938890106,0,1151,1472,1244,1489
1754273637940931805,0,1149,1471,1243,1486
1754273637942985092,0,1147,1469,1242,1484
1754273637944939272,0,1145,1468,1240,1482
1754273637946913821,0,1144,1467,1239,1480
1754273637949002757,0,1142,1466,1238,1478
1754273637950912152,0,1141,1465,1236,1476
1754273637952866853,0,1139,1463,1235,1475
1754273637954947892,0,1138,1462,1234,1473
1754273637956918363,0,1137,1461,1232,1471
1754273637958870670,0,1136,1460,1230,1469
1754273637960981570,0,1135,1459,1229,1467
1754273637962873155,0,1134,1458,1227,1466
1754273637964949462,0,1134,1456,1225,1464
1754273637966989072,0,1133,1455,1223,1462
1754273637968882052,0,1132,1454,1222,1461
1754273637970908322,0,1131,1452,1220,1459
1754273637972873935,0,1130,1450,1218,1457
1754273637974862275,0,1130,1449,1216,1456
1754273637976896562,0,1129,1448,1215,1454
1754273637978887426,0,1128,1446,1213,1453
1754273637980880599,0,1128,1444,1212,1451
1754273637982898916,0,1127,1442,1210,1450
1754273637984889143,0,1126,1441,1208,1449
1754273637986881635,0,1126,1438,1206,1447
1754273637988890037,0,1125,1437,1204,1446
1754273637990889377,0,1125,1435,1202,1445
1754273637992911732,0,1124,1433,1200,1444
1754273637994874795,0,1123,1431,1198,1442
1754273637996866084,0,1122,1429,1196,1441
1754273637998884737,0,1121,1427,1194,1440
1754273638000848515,0,1120,1425,1192,1438
1754273638002843299,0,1120,1423,1190,1437
1754273638004862992,0,1119,1421,1188,1436
1754273638006885833,0,1118,1418,1186,1434
1754273638008856401,0,1116,1416,1185,1433
1754273638010891029,0,1115,1414,1183,1432
1754273638012816994,0,1114,1412,1181,1430
1754273638014843743,0,1113,1410,1179,1429
1754273638016846336,0,1111,1408,1177,1427
1754273638018849854,0,1110,1406,1176,1426
1754273638020886884,0,1108,1403,1174,1424
1754273638022850602,0,1107,1401,1172,1423
1754273638024813243,0,1106,1399,1171,1421
1754273638026761571,0,1104,1396,1169,1420
1754273638028831000,0,1102,1394,1167,1418
1754273638030797242,0,1100,1392,1166,1417
1754273638032825999,0,1098,1390,1164,1415
1754273638034799172,0,1097,1387,1163,1414
1754273638036775403,0,1094,1385,1161,1412
1754273638038801519,0,1092,1383,1160,1410
1754273638040790158,0,1090,1381,1158,1409
1754273638042800994,0,1087,1378,1157,1407
1754273638044790378,0,1085,1375,1156,1405
1754273638046827188,0,1083,1373,1155,1403
1754273638048731828,0,1080,1371,1153,1401
1754273638050752313,0,1077,1370,1151,1399
1754273638052803629,0,1075,1368,1150,1398
1754273638054817687,0,1073,1366,1148,1396
1754273638056804635,0,1070,1364,1147,1393
1754273638058821237,0,1068,1363,1145,1392
1754273638060747328,0,1065,1361,1144,1390
1754273638062813411,0,1063,1360,1143,1388
1754273638064832494,0,1060,1358,1141,1386
1754273638066782189,0,1059,1356,1139,1384
1754273638068900483,0,1057,1355,1138,1382
1754273638070878243,0,1054,1353,1137,1379
1754273638072877525,0,1052,1352,1136,1377
1754273638074917034,0,1050,1350,1134,1375
1754273638076853379,0,1047,1349,1133,1373
1754273638078786668,0,1045,1347,1132,1370
1754273638080861170,0,1043,1345,1131,1368
1754273638082837239,0,1041,1344,1129,1366
1754273638084870960,0,1039,1342,1128,1364
1754273638086826378,0,1037,1340,1127,1362
1754273638088836425,0,1035,1339,1126,1360
1754273638090825035,0,1033,1337,1124,1357
1754273638092834971,0,1031,1335,1123,1356
1754273638094885367,0,1030,1333,1121,1353
1754273638096880634,0,1028,1331,1120,1351
1754273638098811955,0,1027,1329,1118,1349
1754273638100781093,0,1025,1328,1117,1347
1754273638102862396,0,1024,1326,1116,1345
1754273638104921646,0,1022,1324,1115,1343
1754273638106816588,0,1021,1321,1112,1341
1754273638108881331,0,1020,1319,1112,1339
1754273638110842403,0,1019,1318,1110,1337
1754273638112950616,0,1017,1315,1108,1335
1754273638114867231,0,1016,1313,1107,1333
1754273638116803310,0,1015,1310,1105,1331
1754273638118802285,0,1014,1309,1105,1329
1754273638120797969,0,1013,1307,1103,1327
1754273638122798735,0,1011,1304,1102,1325
1754273638124811719,0,1010,1303,1100,1323
1754273638126864654,0,1009,1301,1099,1321
1754273638128866406,0,1007,1298,1097,1319
1754273638130772421,0,1005,1295,1094,1317
1754273638132816986,0,1005,1294,1094,1315
1754273638134717845,0,1004,1292,1092,1314
1754273638136730495,0,1003,1290,1090,1312
1754273638138777554,0,1001,1288,1089,1310
1754273638140730529,0,1000,1285,1087,1308
1754273638142800434,0,999,1283,1086,1306
1754273638144753174,0,998,1280,1084,1305
1754273638146728844,0,997,1278,1082,1303
1754273638148772248,0,996,1277,1081,1300
1754273638150772159,0,995,1274,1079,1299
1754273638152697057,0,995,1273,1078,1297
1754273638154696663,0,994,1271,1076,1295
1754273638156765443,0,993,1268,1074,1293
1754273638158659255,0,992,1266,1072,1291
1754273638160655337,0,990,1264,1070,1289
1754273638162708584,0,989,1262,1068,1287
1754273638164783091,0,988,1260,1066,1285
1754273638166894180,0,987,1256,1065,1283
1754273638168721263,0,985,1256,1063,1281
1754273638170787315,0,984,1254,1061,1279
1754273638172718096,0,982,1251,1060,1277
1754273638174853033,0,981,1250,1058,1275
1754273638176930117,0,980,1248,1056,1273
1754273638178732506,0,978,1246,1054,1271
1754273638180696045,0,977,1244,1053,1269
1754273638182739716,0,975,1242,1051,1267
1754273638184733043,0,974,1240,1050,1265
1754273638186787639,0,973,1238,1049,1263
1754273638188686884,0,971,1237,1047,1261
1754273638190776198,0,969,1235,1045,1258
1754273638192772700,0,968,1233,1044,1256
1754273638194779892,0,966,1231,1042,1254
1754273638196851630,0,964,1229,1040,1252
1754273638198819175,0,962,1227,1038,1250
1754273638200749214,0,960,1226,1037,1248
1754273638202793689,0,958,1224,1035,1246
1754273638204728796,0,956,1222,1033,1244
1754273638206766512,0,954,1221,1031,1242
1754273638208821202,0,952,1219,1030,1239
1754273638210804482,0,950,1217,1028,1237
1754273638212731277,0,948,1216,1027,1235
1754273638214734853,0,945,1214,1025,1233
1754273638216715089,0,943,1212,1024,1231
1754273638218719917,0,941,1210,1022,1229
1754273638220738941,0,939,1209,1020,1227
1754273638222726780,0,937,1207,1019,1225
1754273638224754219,0,935,1205,1017,1223
1754273638226680467,0,933,1203,1015,1221
1754273638228612732,0,931,1201,1013,1218
1754273638230681751,0,929,1200,1012,1216
1754273638232673860,0,926,1198,1010,1214
1754273638234737550,0,924,1196,1008,1212
1754273638236673354,0,922,1194,1007,1210
1754273638238634417,0,920,1192,1005,1208
1754273638240637998,0,918,1190,1003,1206
1754273638242642652,0,917,1188,1002,1204
1754273638244639993,0,915,1186,1000,1202
1754273638246622263,0,913,1184,999,1200
1754273638248652427,0,911,1182,997,1199
1754273638250593957,0,910,1180,995,1197
1754273638252548684,0,908,1178,994,1195
1754273638254614116,0,907,1176,992,1193
1754273638256603779,0,905,1174,991,1191
1754273638258651864,0,903,1172,989,1189
1754273638260662045,0,902,1170,988,1187
1754273638262618909,0,901,1168,986,1185
1754273638264553658,0,899,1166,984,1184
1754273638266705126,0,898,1164,982,1182
1754273638268634998,0,897,1162,980,1180
1754273638270647946,0,895,1159,978,1178
1754273638272556008,0,894,1157,977,1176
1754273638274572113,0,893,1155,975,1174
1754273638276521785,0,891,1153,973,1172
1754273638278623087,0,890,1151,971,1171
1754273638280554821,0,889,1149,970,1169
1754273638282679765,0,888,1147,968,1167
1754273638284562982,0,886,1145,967,1165
1754273638286559261,0,885,1143,965,1163
1754273638288534849,0,884,1141,963,1161
1754273638290622693,0,883,1139,961,1159
1754273638292584569,0,882,1136,960,1157
1754273638294645021,0,880,1135,958,1156
1754273638296582864,0,879,1132,956,1154
1754273638298531119,0,878,1130,954,1152
1754273638300480044,0,876,1128,952,1150
1754273638302483244,0,875,1126,951,1148
1754273638304518303,0,873,1125,949,1146
1754273638306612016,0,871,1123,947,1144
1754273638308541352,0,870,1121,946,1142
1754273638310539344,0,868,1119,943,1140
1754273638312537228,0,867,1118,942,1139
1754273638314527821,0,866,1116,940,1137
1754273638316561891,0,865,1115,939,1135
1754273638318582520,0,863,1113,937,1132
1754273638320512391,0,862,1112,935,1130
1754273638322555361,0,860,1110,933,1129
1754273638324542042,0,859,1109,932,1126
1754273638326588444,0,857,1108,930,1124
1754273638328527271,0,855,1107,929,1123
1754273638330499788,0,854,1105,927,1121
1754273638332674739,0,852,1104,925,1119
1754273638334500656,0,850,1102,923,1117
1754273638336527873,0,848,1101,922,1115
1754273638338534331,0,846,1100,920,1113
1754273638340595861,0,844,1099,918,1111
1754273638342522876,0,843,1097,917,1109
1754273638344509755,0,841,1096,915,1107
1754273638346538366,0,839,1095,914,1104
1754273638348433430,0,837,1094,912,1102
1754273638350424275,0,835,1092,911,1101
1754273638352475377,0,833,1091,909,1099
1754273638354475037,0,832,1089,907,1097
1754273638356549270,0,830,1088,906,1095
1754273638358488100,0,828,1087,904,1093
1754273638360505944,0,826,1085,902,1092
1754273638362528030,0,824,1084,901,1090
1754273638364464242,0,822,1082,899,1089
1754273638366508792,0,820,1080,897,1087
1754273638368499092,0,819,1079,895,1086
1754273638370587170,0,817,1077,894,1084
1754273638372411082,0,815,1075,892,1082
1754273638374482268,0,814,1073,890,1081
1754273638376436625,0,812,1071,889,1080
1754273638378465838,0,810,1069,887,1079
1754273638380423650,0,809,1067,886,1077
1754273638382480873,0,808,1065,884,1076
1754273638384457255,0,806,1064,883,1074
1754273638386430411,0,805,1061,880,1073
1754273638388445479,0,804,1059,878,1072
1754273638390440268,0,803,1058,877,1070
1754273638392429798,0,802,1056,875,1069
1754273638394587187,0,801,1054,873,1068
1754273638396519086,0,800,1052,871,1066
1754273638398505837,0,799,1050,870,1065
1754273638400470873,0,798,1047,868,1063
1754273638402476701,0,796,1045,866,1062
1754273638404549072,0,795,1043,865,1060
1754273638406618991,0,793,1041,863,1059
1754273638408475235,0,792,1039,861,1058
1754273638410567913,0,791,1037,860,1056
1754273638412421943,0,790,1034,858,1054
1754273638414427658,0,788,1032,857,1053
1754273638416454543,0,786,1030,855,1051
1754273638418645698,0,785,1027,853,1049
1754273638420455198,0,784,1025,852,1049
1754273638422479631,0,782,1023,850,1047
1754273638424409725,0,780,1021,848,1046
1754273638426673883,0,779,1018,846,1044
1754273638428375224,0,778,1016,845,1042
1754273638430407346,0,776,1014,843,1040
1754273638432386835,0,774,1012,841,1039
1754273638434437221,0,773,1010,840,1037
1754273638436407721,0,771,1007,838,1035
1754273638438470062,0,769,1005,836,1033
1754273638440454587,0,767,1003,835,1031
1754273638442382343,0,765,1001,833,1029
1754273638444430443,0,763,998,832,1027
1754273638446387421,0,761,997,830,1025
1754273638448379888,0,759,994,829,1023
1754273638450383032,0,757,993,827,1020
1754273638452420172,0,755,992,826,1018
1754273638454415479,0,752,990,824,1016
1754273638456419478,0,750,988,822,1014
1754273638458437567,0,748,986,821,1012
1754273638460412036,0,746,984,819,1010
1754273638462368280,0,744,982,818,1008
1754273638464349229,0,742,980,816,1006
1754273638466338715,0,739,978,815,1003
1754273638468412330,0,737,976,813,1001
1754273638470408316,0,735,974,812,998
1754273638472364014,0,732,973,810,996
1754273638474342398,0,729,971,809,994
1754273638476358026,0,727,969,807,992
1754273638478344494,0,725,967,806,989
1754273638480339164,0,722,965,804,987
1754273638482353027,0,720,963,803,985
1754273638484336128,0,718,961,801,983
1754273638486382952,0,715,958,800,980
1754273638488404334,0,713,957,799,978
1754273638490440370,0,711,954,797,976
1754273638492377151,0,709,952,795,974
1754273638494355235,0,707,950,794,971
1754273638496357783,0,704,948,792,969
1754273638498371170,0,703,945,790,967
1754273638500371014,0,701,943,788,965
1754273638502356647,0,699,941,787,962
1754273638504356370,0,697,938,786,961
1754273638506354396,0,695,936,784,958
1754273638508659033,0,693,934,782,956
1754273638510372556,0,692,931,780,953
1754273638512541567,0,690,929,779,952
1754273638514314411,0,688,926,777,950
1754273638516822408,0,687,924,776,948
1754273638518271490,0,685,921,774,946
1754273638520319966,0,683,918,773,944
1754273638522410333,0,681,916,771,942
1754273638524354522,0,680,913,769,940
1754273638526394930,0,678,910,767,937
1754273638528315378,0,677,907,765,935
1754273638530322647,0,675,905,764,933
1754273638532296785,0,675,902,762,931
1754273638534322332,0,673,899,760,930
1754273638536310610,0,672,897,758,928
1754273638538359479,0,670,894,757,925
1754273638540556459,0,669,891,755,922
1754273638542269774,0,667,888,753,921
1754273638544318167,0,666,885,752,920
1754273638546321466,0,664,883,751,918
1754273638548288425,0,663,880,750,914
1754273638550256261,0,661,877,748,913
1754273638552250276,0,659,875,746,911
1754273638554255252,0,657,872,744,908
1754273638556291485,0,656,869,743,906
1754273638558290697,0,654,866,741,904
1754273638560275786,0,652,864,739,901
1754273638562273447,0,650,861,737,898
1754273638564283734,0,649,858,736,896
1754273638566244663,0,647,856,734,892
1754273638568278362,0,646,853,732,891
1754273638570282620,0,643,851,730,888
1754273638572201143,0,642,848,729,885
1754273638574224752,0,641,846,727,883
1754273638576290252,0,639,844,725,880
1754273638578287186,0,637,842,724,877
1754273638580324625,0,635,840,722,874
1754273638582319917,0,633,837,720,871
1754273638584259175,0,631,835,719,869
1754273638586263568,0,629,833,717,866
1754273638588385657,0,627,830,715,863
1754273638590314736,0,625,828,713,860
1754273638592245765,0,624,827,712,859
1754273638594217276,0,621,824,710,854
1754273638596291714,0,618,823,708,850
1754273638598311018,0,617,822,707,850
1754273638600353033,0,614,820,704,845
1754273638602631800,0,614,819,704,845
1754273638604337642,0,611,816,701,841
1754273638606252783,0,609,814,699,838
1754273638608326191,0,605,813,697,834
1754273638610297422,0,604,811,696,833
1754273638612228687,0,603,810,695,831
1754273638614265652,0,599,808,692,828
1754273638616227002,0,596,807,690,824
1754273638618210026,0,596,806,689,824
1754273638620264256,0,592,804,686,819
1754273638622299113,0,592,803,685,819
1754273638624389918,0,589,802,681,815
1754273638626284193,0,587,801,679,813
1754273638628289832,0,585,799,677,810
1754273638630222890,0,583,798,675,808
1754273638632314276,0,581,796,673,806
1754273638634244096,0,579,795,671,804
1754273638636250285,0,578,794,669,802
1754273638638222128,0,576,792,667,800
1754273638640275551,0,574,791,665,798
1754273638642245337,0,573,790,663,796
1754273638644271011,0,571,789,660,794
1754273638646295819,0,570,787,658,792
1754273638648206869,0,568,786,655,790
1754273638650165896,0,566,784,653,787
1754273638652189652,0,566,783,652,786
1754273638654185456,0,564,781,649,784
1754273638656185231,0,564,780,648,784
1754273638658175278,0,562,777,646,781
1754273638660184282,0,560,776,644,779
1754273638662259767,0,559,775,642,778
1754273638664237081,0,558,773,640,777
1754273638666249630,0,557,771,638,775
1754273638668269574,0,556,769,636,774
1754273638670347463,0,555,768,634,773
1754273638672283982,0,553,765,631,771
1754273638674280037,0,552,764,629,770
1754273638676287126,0,551,763,626,769
1754273638678190218,0,550,760,625,768
1754273638680188327,0,549,758,623,766
1754273638682188599,0,548,756,621,765
1754273638684165449,0,547,754,620,764
1754273638686171856,0,545,752,618,763
1754273638688180761,0,545,751,616,761
1754273638690223105,0,543,749,614,760
1754273638692221983,0,542,746,613,759
1754273638694232398,0,541,744,611,758
1754273638696210285,0,540,742,609,757
1754273638698145855,0,539,740,608,755
1754273638700126821,0,537,738,606,754
1754273638702160415,0,536,737,604,752
1754273638704093069,0,535,735,602,751
1754273638706084377,0,533,733,601,750
1754273638708127611,0,532,730,599,748
1754273638710140846,0,531,728,598,747
1754273638712104821,0,529,726,596,746
1754273638714110443,0,527,724,594,744
1754273638716165244,0,525,722,593,743
1754273638718186805,0,524,720,592,741
1754273638720166817,0,522,718,590,740
1754273638722194932,0,520,716,589,738
1754273638724133686,0,518,715,587,736
1754273638726166685,0,516,713,586,735
1754273638728089237,0,514,711,585,733
1754273638730121935,0,512,709,584,731
1754273638732155988,0,510,708,583,730
1754273638734125422,0,508,706,581,728
1754273638736120680,0,506,704,580,726
1754273638738099689,0,504,703,579,724
1754273638740267993,0,502,702,578,723
1754273638742128923,0,499,700,577,721
1754273638744153789,0,497,699,576,719
1754273638746205557,0,495,697,575,717
1754273638748142401,0,492,696,574,715
1754273638750146069,0,490,695,572,713
1754273638752122590,0,488,694,571,711
1754273638754160668,0,486,692,570,709
1754273638756074321,0,483,691,569,707
1754273638758106624,0,481,690,568,705
1754273638760065806,0,479,688,567,703
1754273638762172376,0,476,687,566,701
1754273638764130740,0,474,686,565,699
1754273638766143545,0,472,685,564,697
1754273638768112356,0,470,683,562,695
1754273638770055020,0,467,682,562,693
1754273638772182048,0,465,681,561,691
1754273638774098088,0,463,679,559,689
1754273638776055142,0,461,678,558,687
1754273638778019792,0,459,676,556,686
1754273638780024730,0,457,675,555,684
1754273638782027276,0,455,674,554,682
1754273638784041049,0,453,672,552,680
1754273638786080338,0,452,670,551,678
1754273638788077815,0,450,667,549,677
1754273638790088720,0,448,665,548,675
1754273638792020642,0,446,663,546,673
1754273638794017096,0,444,661,545,671
1754273638796030733,0,443,660,543,669
1754273638798000746,0,441,658,541,668
1754273638800022841,0,440,655,540,667
1754273638802033523,0,438,653,538,665
1754273638804085717,0,437,651,537,663
1754273638806082135,0,436,648,535,662
1754273638808036388,0,434,646,534,660
1754273638810002456,0,433,644,532,659
1754273638812016777,0,433,641,530,657
1754273638814001594,0,431,639,528,656
1754273638816095320,0,431,637,526,654
1754273638818065972,0,430,634,525,652
1754273638820086518,0,429,632,523,651
1754273638822058840,0,428,629,521,649
1754273638824075991,0,427,626,519,647
1754273638826029357,0,426,625,518,646
1754273638828011004,0,426,622,516,644
1754273638830052107,0,425,621,514,643
1754273638832016293,0,425,617,512,641
1754273638834056486,0,424,616,511,639
1754273638835994675,0,423,613,509,637
1754273638838027883,0,422,612,507,635
1754273638840014322,0,422,607,506,634
1754273638842045033,0,421,606,504,632
1754273638844023090,0,420,604,503,630
1754273638846136716,0,419,602,501,628
1754273638847990238,0,419,598,499,626
1754273638849936502,0,418,597,497,624
1754273638851932677,0,417,594,496,622
1754273638854021126,0,416,591,495,620
1754273638856009938,0,415,589,493,617
1754273638857993603,0,414,586,491,616
1754273638860020313,0,413,584,490,614
1754273638861980705,0,412,582,488,611
1754273638863988414,0,410,580,487,609
1754273638866071573,0,409,577,485,607
1754273638868077397,0,408,575,483,604
1754273638870005452,0,406,573,482,603
1754273638871943158,0,405,572,481,600
1754273638873972792,0,403,570,479,598
1754273638876004245,0,402,568,478,595
1754273638877975020,0,400,567,477,593
1754273638880052698,0,398,565,475,590
1754273638881989178,0,397,564,474,588
1754273638883982552,0,395,561,472,586
1754273638886024025,0,392,560,471,583
1754273638887964653,0,390,559,470,581
1754273638889931436,0,389,558,468,578
1754273638891898159,0,386,557,467,576
1754273638893907470,0,384,555,466,573
1754273638895918685,0,382,554,465,571
1754273638897891069,0,380,553,464,569
1754273638899999290,0,378,552,463,566
1754273638901956750,0,376,551,462,564
1754273638904025531,0,374,550,461,562
1754273638905978405,0,372,549,460,560
1754273638907983601,0,370,546,459,557
1754273638909941573,0,368,545,459,555
1754273638912000250,0,366,544,458,553
1754273638914011120,0,364,543,457,550
1754273638915975975,0,362,542,456,548
1754273638917931141,0,361,541,455,547
1754273638919908908,0,359,540,454,544
1754273638921987673,0,357,539,453,542
1754273638923960266,0,356,537,451,540
1754273638925945373,0,354,536,450,538
1754273638927907909,0,353,535,449,536
1754273638929944308,0,351,534,447,535
1754273638931924702,0,350,532,445,533
1754273638933939844,0,348,531,444,532
1754273638935974233,0,347,529,442,530
1754273638937922571,0,346,528,440,528
1754273638939996958,0,345,526,438,527
1754273638941987130,0,343,524,437,525
1754273638943900458,0,342,522,435,524
1754273638945963574,0,341,520,433,522
1754273638947907583,0,341,518,431,521
1754273638949929422,0,340,516,430,520
1754273638951932281,0,339,514,428,518
1754273638953906476,0,339,513,426,517
1754273638955929985,0,338,510,423,516
1754273638957964048,0,338,509,422,514
1754273638960055012,0,338,507,419,513
1754273638961956993,0,338,504,417,512
1754273638963918373,0,337,502,414,510
1754273638965874899,0,337,500,412,509
1754273638967885751,0,337,499,410,508
1754273638969881571,0,337,497,408,507
1754273638971825066,0,337,495,406,505
1754273638973885579,0,336,493,404,504
1754273638975828584,0,335,491,402,503
1754273638977882717,0,335,489,400,502
1754273638979854100,0,335,487,398,500
1754273638981903962,0,333,485,396,499
1754273638983912440,0,333,484,394,497
1754273638985924865,0,332,482,392,496
1754273638987887304,0,331,480,390,495
1754273638989869660,0,331,478,388,493
1754273638991828856,0,330,477,386,491
1754273638993836356,0,329,475,384,490
1754273638995823626,0,328,473,382,488
1754273638997870999,0,326,471,380,487
1754273638999868366,0,326,469,379,485
1754273639001894655,0,324,467,377,484
1754273639003859171,0,323,466,375,482
1754273639005867093,0,321,464,374,480
1754273639007862067,0,320,462,373,479
1754273639009895127,0,318,460,371,477
1754273639011996326,0,317,459,368,475
1754273639013881998,0,315,458,368,474
1754273639015871566,0,312,456,366,472
1754273639017860293,0,310,454,365,470
1754273639019847842,0,308,453,363,468
1754273639021857483,0,306,451,362,466
1754273639023860014,0,304,450,360,464
1754273639025793519,0,302,450,359,463
1754273639027825191,0,301,449,358,460
1754273639029841367,0,297,448,357,458
1754273639031852194,0,296,447,355,457
1754273639033843334,0,294,445,354,455
1754273639035827360,0,289,444,353,453
1754273639037771002,0,287,443,352,451
1754273639039809988,0,286,442,351,449
1754273639041701862,0,284,441,350,448
1754273639043789297,0,281,439,349,446
1754273639045718181,0,279,438,347,444
1754273639047776346,0,277,437,346,441
1754273639049768174,0,274,436,345,441
1754273639051816769,0,272,435,344,439
1754273639053777909,0,270,434,343,437
1754273639055851266,0,268,433,343,435
1754273639057769665,0,265,432,343,434
1754273639059927726,0,263,431,342,432
1754273639061762691,0,261,429,342,430
1754273639063787112,0,259,428,342,429
1754273639065800442,0,257,427,342,428
1754273639067757258,0,255,426,342,426
1754273639069786118,0,253,424,342,425
1754273639071787938,0,251,423,342,423
1754273639073749816,0,249,422,342,422
1754273639075737607,0,247,420,342,420
1754273639077679797,0,246,418,342,419
1754273639079780720,0,244,418,342,418
1754273639081786453,0,242,416,341,417
1754273639083813007,0,241,414,341,415
1754273639085752882,0,239,413,340,414
1754273639087796266,0,238,411,339,413
1754273639089786813,0,237,409,338,412
1754273639091795045,0,235,407,337,410
1754273639093712554,0,234,405,336,409
1754273639095781187,0,233,403,335,408
1754273639097706283,0,231,401,334,406
1754273639099846265,0,231,399,332,405
1754273639101785867,0,230,397,331,404
1754273639103805984,0,229,394,329,403
1754273639105786729,0,228,392,328,402
1754273639107786637,0,227,390,326,401
1754273639109736492,0,227,388,324,400
1754273639111786879,0,227,386,322,398
1754273639113742135,0,226,383,320,397
1754273639115710463,0,226,381,319,396
1754273639117704987,0,225,379,316,395
1754273639119707395,0,224,376,315,393
1754273639121724716,0,224,374,312,392
1754273639123706479,0,224,371,310,391
1754273639125737160,0,223,369,308,389
1754273639127797874,0,222,367,306,387
1754273639129732300,0,222,365,304,386
1754273639131671455,0,221,362,302,385
1754273639133637751,0,220,360,300,383
1754273639135760135,0,219,358,298,381
1754273639137784387,0,219,356,296,379
1754273639139883363,0,218,354,295,378
1754273639141764980,0,217,353,293,376
1754273639143787321,0,216,350,291,374
1754273639145833825,0,215,348,290,373
1754273639147821681,0,214,346,288,371
1754273639149678669,0,213,345,286,369
1754273639151664593,0,212,343,284,367
1754273639153668779,0,211,341,282,365
1754273639155661143,0,210,340,280,363
1754273639157651653,0,209,338,279,361
1754273639159705389,0,207,336,277,359
1754273639161682218,0,206,336,275,357
1754273639163719413,0,205,335,273,355
1754273639165683726,0,203,333,272,352
1754273639167728199,0,201,332,270,350
1754273639169690239,0,200,330,268,348
1754273639171642302,0,198,329,267,345
1754273639173763259,0,197,328,265,343
1754273639175667514,0,195,327,263,341
1754273639177680556,0,194,326,261,339
1754273639179715755,0,192,325,260,336
1754273639181744137,0,191,323,258,334
1754273639183675944,0,189,322,256,332
1754273639185693442,0,187,321,255,330
1754273639187654650,0,185,320,253,328
1754273639189778455,0,184,319,252,326
1754273639191725465,0,182,318,250,324
1754273639193627979,0,180,318,249,322
1754273639195615932,0,179,317,247,320
1754273639197671081,0,177,316,246,318
1754273639199605373,0,175,315,244,317
1754273639201686097,0,173,314,242,315
1754273639203621535,0,172,313,241,312
1754273639205706769,0,169,312,240,310
1754273639207613953,0,167,310,239,308
1754273639209614376,0,166,309,237,307
1754273639211620491,0,164,309,236,305
1754273639213634654,0,162,308,234,303
1754273639215611963,0,160,307,233,302
1754273639217596000,0,158,306,231,300
1754273639219570724,0,156,305,229,299
1754273639221684051,0,154,303,228,298
1754273639223592568,0,152,302,226,296
1754273639225626073,0,150,301,226,295
1754273639227608117,0,149,300,224,294
1754273639229575935,0,147,299,223,293
1754273639231583325,0,145,298,221,292
1754273639233596945,0,144,296,220,291
1754273639235662091,0,143,295,218,289
1754273639237561088,0,141,293,216,288
1754273639239626163,0,140,291,216,287
1754273639241578305,0,138,290,213,286
1754273639243525310,0,137,288,213,285
1754273639245585617,0,136,286,211,284
1754273639247619306,0,134,284,210,283
1754273639249547978,0,133,283,208,282
1754273639251607814,0,131,280,207,281
1754273639253568770,0,130,278,205,280
1754273639255733488,0,129,276,204,279
1754273639257691660,0,128,274,201,278
1754273639259601337,0,127,271,200,277
1754273639261602861,0,125,269,199,276
1754273639263580503,0,124,268,197,275
1754273639265592898,0,123,266,195,274
1754273639267562545,0,122,264,194,273
1754273639269611599,0,122,261,192,272
1754273639271570233,0,121,259,190,270
1754273639273574353,0,120,257,189,270
1754273639275546464,0,119,255,188,268
1754273639277511998,0,118,252,187,268
1754273639279575798,0,118,251,185,266
1754273639281553618,0,117,249,184,265
1754273639283658003,0,115,246,182,263
1754273639285580288,0,115,243,181,262
1754273639287594712,0,114,241,180,260
1754273639289539288,0,113,239,178,259
1754273639291690827,0,112,237,177,257
1754273639293563991,0,111,235,176,256
1754273639295663605,0,109,233,175,254
1754273639297581971,0,108,231,174,253
1754273639299704234,0,107,229,173,251
1754273639301538030,0,105,228,172,249
1754273639303568446,0,104,226,171,248
1754273639305553486,0,102,224,170,245
1754273639307639153,0,101,223,169,243
1754273639309562911,0,100,221,169,241
1754273639311614872,0,98,220,168,240
1754273639313531688,0,96,218,167,238
1754273639315554024,0,94,217,166,236
1754273639317545830,0,93,215,166,234
1754273639319530307,0,91,214,165,231
1754273639321573245,0,90,212,164,229
1754273639323526129,0,88,211,163,227
1754273639325563683,0,87,209,162,225
1754273639327522282,0,85,208,161,223
1754273639329618447,0,83,207,161,221
1754273639331559938,0,82,205,160,219
1754273639333552516,0,80,204,159,216
1754273639335527418,0,79,203,158,215
1754273639337521194,0,77,201,157,212
1754273639339528072,0,75,200,156,210
1754273639341527096,0,74,199,154,208
1754273639343522272,0,73,198,153,206
1754273639345503426,0,71,196,152,204
1754273639347476163,0,70,195,151,202
1754273639349494844,0,68,194,149,200
1754273639351474086,0,67,193,148,198
1754273639353595131,0,65,192,146,196
1754273639355503217,0,64,191,145,194
1754273639357924091,0,63,190,143,193
1754273639359502088,0,61,188,142,190
1754273639361578501,0,60,187,140,188
1754273639363505995,0,59,186,139,186
1754273639365580566,0,58,184,137,185
1754273639367592451,0,57,183,135,183
1754273639369634056,0,56,182,134,181
1754273639371536976,0,54,180,132,180
1754273639373593520,0,53,179,131,178
1754273639375533625,0,52,177,129,177
1754273639377617398,0,51,176,127,175
1754273639379611438,0,49,174,126,174
1754273639381666116,0,48,173,124,172
1754273639383690161,0,46,171,122,171
1754273639385590794,0,45,169,120,169
1754273639387562723,0,43,168,119,168
1754273639389587611,0,42,166,117,167
1754273639391481507,0,40,164,115,165
1754273639393450962,0,39,162,113,164
1754273639395469209,0,37,161,112,163
1754273639397535915,0,35,159,111,161
1754273639399573154,0,33,157,109,160
1754273639401478459,0,32,155,108,159
1754273639403396797,0,30,153,106,158
1754273639405414960,0,29,152,105,157
1754273639407465026,0,27,149,103,156
1754273639409460169,0,25,147,101,154
1754273639411450356,0,24,146,99,153
1754273639413517810,0,22,144,98,152
1754273639415460071,0,20,142,96,151
1754273639417418129,0,18,140,94,149
1754273639419475030,0,17,138,92,148
1754273639421401504,0,15,136,91,146
1754273639423477665,0,13,135,89,145
1754273639425448224,0,12,133,87,144
1754273639427458262,0,10,131,86,142
1754273639429473679,0,9,129,84,141
1754273639431456041,0,7,128,82,139
1754273639433453076,0,5,126,80,138
1754273639435451217,0,3,124,79,136
1754273639437409036,0,2,123,77,135
1754273639439530482,0,1,121,76,133
1754273639441463663,0,-1,120,74,131
1754273639443479899,0,-2,118,72,130
1754273639445455241,0,-3,116,71,128
1754273639447448606,0,-5,115,69,126
1754273639449425348,0,-6,113,68,125
1754273639451436496,0,-7,111,67,123
1754273639453423103,0,-8,110,65,122
1754273639455412028,0,-10,109,64,120
1754273639457528352,0,-11,107,62,118
1754273639459412439,0,-12,105,61,116
1754273639461498618,0,-12,104,60,115
1754273639463429934,0,-14,102,58,113
1754273639465413499,0,-15,100,58,111
1754273639467337393,0,-15,99,57,109
1754273639469369282,0,-17,98,56,107
1754273639471352039,0,-17,96,54,106
1754273639473534886,0,-18,95,53,104
1754273639475440788,0,-19,93,52,102
1754273639477412565,0,-21,92,51,101
1754273639479405203,0,-23,90,51,99
1754273639481416942,0,-23,89,50,97
1754273639483397213,0,-25,87,49,96
1754273639485450941,0,-25,85,48,94
1754273639487424013,0,-27,84,48,93
1754273639489379097,0,-28,82,47,91
1754273639491380620,0,-29,81,46,89
1754273639493382020,0,-30,79,45,87
1754273639495355320,0,-31,78,44,86
1754273639497393317,0,-32,77,42,84
1754273639499372391,0,-33,76,41,82
1754273639501397025,0,-35,75,40,81
1754273639503418479,0,-36,74,38,79
1754273639505381171,0,-37,73,37,77
1754273639507373177,0,-38,71,35,75
1754273639509360517,0,-39,70,34,74
1754273639511343251,0,-40,69,33,72
1754273639513358905,0,-41,69,31,71
1754273639515336561,0,-42,68,29,69
1754273639517343803,0,-43,67,28,67
1754273639519381686,0,-44,65,26,66
1754273639521403206,0,-45,65,25,65
1754273639523354577,0,-47,64,24,63
1754273639525334096,0,-48,63,22,61
1754273639527417958,0,-50,62,21,60
1754273639529313359,0,-51,60,19,59
1754273639531383226,0,-53,59,18,56
1754273639533301120,0,-55,58,16,55
1754273639535301521,0,-56,56,14,53
1754273639537340256,0,-58,56,13,52
1754273639539333974,0,-60,55,11,51
1754273639541308528,0,-63,53,9,49
1754273639543263937,0,-65,52,8,47
1754273639545320546,0,-67,50,6,46
1754273639547276380,0,-69,48,5,45
1754273639549265891,0,-71,47,3,44
1754273639551343012,0,-73,46,1,42
1754273639553344746,0,-75,43,0,41
1754273648885719170,0,40,249,0,190
1754273648887731319,0,40,251,1,194
1754273648889759501,0,40,255,2,197
1754273648891768471,0,40,257,3,201
1754273648893752483,0,40,260,5,204
1754273648895784231,0,40,264,6,208
1754273648897716728,0,40,266,8,211
1754273648899796053,0,40,269,10,215
1754273648901679655,0,40,271,12,218
1754273648903735005,0,40,275,13,222
1754273648905687784,0,41,277,17,225
1754273648907740400,0,41,280,20,228
1754273648909659570,0,42,284,22,232
1754273648911786184,0,43,286,24,235
1754273648913709934,0,44,289,28,238
1754273648915766185,0,45,292,31,242
1754273648917732304,0,46,295,34,245
1754273648919740147,0,47,299,37,248
1754273648921741578,0,49,301,41,251
1754273648923666438,0,51,304,44,254
1754273648925671676,0,53,308,46,257
1754273648927698450,0,54,311,51,260
1754273648929663892,0,57,314,54,263
1754273648931707999,0,59,318,56,266
1754273648933711801,0,61,321,61,269
1754273648935673465,0,64,325,64,272
1754273648937676369,0,66,328,67,275
1754273648939664852,0,68,332,73,278
1754273648941823222,0,72,335,75,281
1754273648943685289,0,74,338,81,284
1754273648945659707,0,77,342,85,287
1754273648947687376,0,80,345,86,290
1754273648949656144,0,83,349,93,292
1754273648951684898,0,86,352,94,296
1754273648953618850,0,89,355,98,299
1754273648955599130,0,92,358,102,301
1754273648957669115,0,95,361,106,304
1754273648959625961,0,99,364,109,307
1754273648961601578,0,103,367,112,310
1754273648963621327,0,106,370,116,313
1754273648965624272,0,109,373,119,317
1754273648967695718,0,113,375,123,320
1754273648969636598,0,116,377,127,323
1754273648971625178,0,119,379,130,326
1754273648973599808,0,123,381,134,329
1754273648975651895,0,126,382,137,332
1754273648977620831,0,130,384,140,335
1754273648979713864,0,133,385,143,338
1754273648981777026,0,137,386,147,341
1754273648983665676,0,140,387,150,344
1754273648985628957,0,144,387,153,348
1754273648987659235,0,147,388,156,350
1754273648989661241,0,151,388,159,354
1754273648991630763,0,154,388,161,357
1754273648993620711,0,158,388,164,360
1754273648995643835,0,161,388,166,363
1754273648997639886,0,165,388,169,366
1754273648999719925,0,168,388,171,368
1754273649001624933,0,171,388,173,371
1754273649003584809,0,174,387,176,374
1754273649005578953,0,178,387,178,377
1754273649007651323,0,180,387,180,380
1754273649009603427,0,184,387,182,382
1754273649011633971,0,187,387,184,384
1754273649013633188,0,190,388,186,386
1754273649015792234,0,193,388,188,389
1754273649017734375,0,195,389,189,391
1754273649019682336,0,199,389,191,393
1754273649021624254,0,201,390,193,394
1754273649023721316,0,205,391,195,396
1754273649025631283,0,207,392,197,397
1754273649027765122,0,210,393,199,399
1754273649029559647,0,212,395,202,400
1754273649031810446,0,214,396,204,401
1754273649033565681,0,217,398,206,402
1754273649035756043,0,219,399,208,403
1754273649037597708,0,222,402,210,404
1754273649039670615,0,224,404,212,405
1754273649041648490,0,226,406,214,406
1754273649043662831,0,228,409,217,406
1754273649045598281,0,230,411,219,407
1754273649047599737,0,232,414,221,407
1754273649049529657,0,234,417,223,408
1754273649051574345,0,236,419,226,409
1754273649053544936,0,238,423,228,409
1754273649055551681,0,240,426,231,410
1754273649057566589,0,241,430,233,410
1754273649059574675,0,243,433,236,411
1754273649061538761,0,244,436,238,412
1754273649063543435,0,246,440,240,412
1754273649065523007,0,246,443,242,413
1754273649067524663,0,246,447,244,413
1754273649069494421,0,247,450,246,414
1754273649071567094,0,247,452,248,415
1754273649073552957,0,247,455,250,416
1754273649075502821,0,247,458,252,417
1754273649077459930,0,246,462,254,418
1754273649079503426,0,246,465,256,419
1754273649081473896,0,246,468,258,420
1754273649083472678,0,245,470,259,421
1754273649085468479,0,245,473,260,423
1754273649087515614,0,244,476,262,424
1754273649089632116,0,243,478,263,426
1754273649091609187,0,242,481,264,428
1754273649093700893,0,242,482,265,430
1754273649095700001,0,241,485,267,432
1754273649097703057,0,241,486,267,434
1754273649099473372,0,241,488,268,436
1754273649101495346,0,241,490,269,438
1754273649103495373,0,241,491,271,441
1754273649105494230,0,241,492,272,443
1754273649107511203,0,242,493,273,445
1754273649109714697,0,242,493,273,448
1754273649111490266,0,243,494,274,450
1754273649113483446,0,244,494,275,453
1754273649115489977,0,246,495,276,455
1754273649117540881,0,247,494,277,458
1754273649119465059,0,249,494,278,461
1754273649121495301,0,250,494,279,464
1754273649123492968,0,252,494,280,467
1754273649125452329,0,254,494,281,470
1754273649127424492,0,256,494,282,472
1754273649129633276,0,258,493,283,475
1754273649131477864,0,260,493,284,478
1754273649133470239,0,262,493,285,480
1754273649135457627,0,265,493,286,483
1754273649137472087,0,267,492,288,485
1754273649139599020,0,269,492,288,488
1754273649141551603,0,272,492,290,490
1754273649143504898,0,274,492,291,492
1754273649145605539,0,277,492,292,495
1754273649147580595,0,279,492,293,496
1754273649149579199,0,282,492,294,498
1754273649151504121,0,284,492,295,500
1754273649153552134,0,287,492,297,501
1754273649155499956,0,289,493,298,503
1754273649157479814,0,291,493,299,504
1754273649159584451,0,294,494,300,505
1754273649161657174,0,296,494,302,506
1754273649163647883,0,298,495,303,508
1754273649165540488,0,300,496,305,508
1754273649167541922,0,302,497,306,509
1754273649169477318,0,304,498,308,510
1754273649171449895,0,306,499,309,510
1754273649173457796,0,308,500,311,511
1754273649175393734,0,311,502,313,511
1754273649177455064,0,314,503,315,512
1754273649179631264,0,316,504,316,512
1754273649181492954,0,318,506,318,512
1754273649183477928,0,320,508,320,512
1754273649185503196,0,321,509,321,513
1754273649187627481,0,323,511,323,513
1754273649189593954,0,325,513,325,513
1754273649191667909,0,326,516,326,513
1754273649193538447,0,328,518,328,513
1754273649195668879,0,330,520,330,513
1754273649197458090,0,331,522,331,513
1754273649199490716,0,333,523,333,514
1754273649201584882,0,335,527,334,514
1754273649203707957,0,337,528,336,514
1754273649205431426,0,339,530,337,514
1754273649207856674,0,340,534,338,514
1754273649209389369,0,342,535,340,515
1754273649211455178,0,343,538,342,515
1754273649213447538,0,344,541,343,516
1754273649215412098,0,346,543,345,516
1754273649217434251,0,348,548,346,518
1754273649219383968,0,349,550,347,518
1754273649221370517,0,350,553,349,518
1754273649223420516,0,352,555,350,519
1754273649225410087,0,353,558,351,520
1754273649227446556,0,354,560,352,521
1754273649229403512,0,356,564,354,523
1754273649231421564,0,357,566,355,524
1754273649233386607,0,359,569,356,525
1754273649235383334,0,360,572,357,526
1754273649237499426,0,362,573,358,528
1754273649239501527,0,363,576,359,529
1754273649241534901,0,365,578,359,532
1754273649243478443,0,366,581,360,533
1754273649245521099,0,368,583,361,535
1754273649247449444,0,369,586,361,537
1754273649249449213,0,371,587,361,538
1754273649251483761,0,372,588,361,542
1754273649253434657,0,374,590,362,544
1754273649255363610,0,375,592,362,545
1754273649257418898,0,377,594,363,548
1754273649259385091,0,378,596,363,551
1754273649261385139,0,380,598,364,552
1754273649263354039,0,381,599,364,555
1754273649265727365,0,383,601,365,557
1754273649267381337,0,385,602,365,560
1754273649269415488,0,387,604,366,563
1754273649271338077,0,389,605,367,565
1754273649273338894,0,391,606,367,568
1754273649275323080,0,392,608,368,570
1754273649277349754,0,394,609,368,572
1754273649279289058,0,396,612,368,575
1754273649281346760,0,398,613,370,578
1754273649283309840,0,400,615,371,580
1754273649285318644,0,402,616,372,583
1754273649287314292,0,404,618,373,585
1754273649289359639,0,406,619,374,588
1754273649291384514,0,408,621,375,590
1754273649293413100,0,410,623,376,593
1754273649295387505,0,412,625,377,596
1754273649297390883,0,414,627,378,598
1754273649299266767,0,416,629,379,601
1754273649301320381,0,418,631,380,603
1754273649303291211,0,419,633,382,605
1754273649305265811,0,421,635,383,608
1754273649307334722,0,422,637,385,610
1754273649309244569,0,424,639,386,612
1754273649311307241,0,425,642,387,614
1754273649313379976,0,427,644,389,616
1754273649315337808,0,427,646,391,618
1754273649317343732,0,428,649,393,621
1754273649319314543,0,429,652,395,623
1754273649321216089,0,429,654,397,625
1754273649323230576,0,430,657,399,627
1754273649325249030,0,429,660,401,628
1754273649327276812,0,430,662,403,631
1754273649329234459,0,429,665,406,632
1754273649331262961,0,429,668,408,634
1754273649333314292,0,428,671,411,636
1754273649335295673,0,427,674,413,638
1754273649337336937,0,426,676,416,640
1754273649339282265,0,425,680,419,642
1754273649341357853,0,424,682,422,644
1754273649343286606,0,423,685,424,645
1754273649345248283,0,422,688,427,647
1754273649347223132,0,420,691,430,649
1754273649349244813,0,419,694,432,651
1754273649351199382,0,419,697,435,653
1754273649353186021,0,418,699,437,655
1754273649355197189,0,417,702,440,658
1754273649357206128,0,416,705,442,660
1754273649359150278,0,415,708,445,662
1754273649361251505,0,414,710,447,664
1754273649363185713,0,413,713,450,666
1754273649365359343,0,412,715,452,668
1754273649367221053,0,411,718,454,671
1754273649369254703,0,411,720,456,673
1754273649371196934,0,411,722,458,675
1754273649373258361,0,410,724,460,678
1754273649375189222,0,410,726,462,680
1754273649377266942,0,410,728,464,683
1754273649379167235,0,410,729,466,685
1754273649381205595,0,411,731,468,688
1754273649383258203,0,411,732,470,690
1754273649385300076,0,412,734,471,693
1754273649387260346,0,412,735,473,695
1754273649389350888,0,413,736,475,698
1754273649391236910,0,414,737,477,701
1754273649393165031,0,414,738,479,704
1754273649395179800,0,415,738,480,706
1754273649397163676,0,417,739,482,709
1754273649399164786,0,418,740,483,712
1754273649401188276,0,419,740,485,715
1754273649403178766,0,420,741,487,717
1754273649405210291,0,421,741,489,719
1754273649407216478,0,423,742,490,722
1754273649409200254,0,425,742,492,724
1754273649411179514,0,426,743,493,727
1754273649413241401,0,428,743,495,729
1754273649415204570,0,430,743,496,731
1754273649417217314,0,432,743,498,734
1754273649419106940,0,434,743,499,736
1754273649421157955,0,435,744,502,738
1754273649423311038,0,437,744,504,740
1754273649425164067,0,439,744,505,742
1754273649427161676,0,441,745,507,744
1754273649429206521,0,442,745,509,745
1754273649431295303,0,444,746,511,747
1754273649433114235,0,445,746,513,749
1754273649435114261,0,447,746,515,750
1754273649437157983,0,448,747,517,751
1754273649439134044,0,450,747,519,753
1754273649441130310,0,451,748,521,754
1754273649443134364,0,452,749,524,755
1754273649445124470,0,453,749,526,756
1754273649447138202,0,454,750,528,757
1754273649449158625,0,454,751,531,758
1754273649451139304,0,455,751,533,759
1754273649453155283,0,455,752,536,760
1754273649455159946,0,456,754,538,761
1754273649457129604,0,456,755,541,761
1754273649459143553,0,456,756,543,761
1754273649461093305,0,457,758,545,761
1754273649463091182,0,457,760,548,763
1754273649465070420,0,458,762,550,763
1754273649467096074,0,458,764,551,764
1754273649469049379,0,458,765,555,764
1754273649471093829,0,459,767,557,765
1754273649473087043,0,459,769,559,765
1754273649475086751,0,460,771,561,765
1754273649477132166,0,460,773,563,765
1754273649479036018,0,460,776,565,766
1754273649481052247,0,461,777,566,766
1754273649483095714,0,462,780,568,767
1754273649485101539,0,463,782,570,767
1754273649487151794,0,464,785,571,768
1754273649489067031,0,465,788,573,768
1754273649491108137,0,466,790,574,769
1754273649493049161,0,467,792,576,770
1754273649495116090,0,468,795,577,770
1754273649497070799,0,469,798,579,771
1754273649499085768,0,471,801,580,772
1754273649501047587,0,472,802,581,773
1754273649503020467,0,474,804,583,774
1754273649505018819,0,476,807,584,775
1754273649507061287,0,478,809,585,776
1754273649509087405,0,479,812,586,777
1754273649511061838,0,481,814,587,778
1754273649513122413,0,483,816,587,779
1754273649515052566,0,485,819,588,781
1754273649517074766,0,487,821,589,782
1754273649519063634,0,489,823,589,784
1754273649521128078,0,492,824,590,786
1754273649523076015,0,494,826,590,787
1754273649525083756,0,496,828,591,789
1754273649527063939,0,499,829,591,791
1754273649529100678,0,502,831,592,793
1754273649531083318,0,504,833,592,795
1754273649533029975,0,507,834,593,797
1754273649535060678,0,509,836,593,799
1754273649537068274,0,511,837,594,801
1754273649539051530,0,514,838,594,803
1754273649541086402,0,517,840,595,806
1754273649543056721,0,519,841,596,808
1754273649545044631,0,521,842,596,810
1754273649546962249,0,524,843,597,813
1754273649549016338,0,526,844,597,815
1754273649551009509,0,529,845,598,817
1754273649552968798,0,531,845,599,820
1754273649554998855,0,533,846,599,821
1754273649557049846,0,536,847,600,824
1754273649559000172,0,538,848,601,826
1754273649561037012,0,540,849,602,828
1754273649563116782,0,542,850,602,830
1754273649565015551,0,544,851,603,832
1754273649567010409,0,546,852,604,835
1754273649569042677,0,547,853,605,837
1754273649571105097,0,549,854,606,839
1754273649572938676,0,551,855,607,841
1754273649574949957,0,551,856,609,843
1754273649576954997,0,553,857,610,844
1754273649579127767,0,554,858,611,846
1754273649581050798,0,555,860,612,848
1754273649583101433,0,556,861,614,850
1754273649585062553,0,557,862,614,851
1754273649587100181,0,558,863,616,853
1754273649589049542,0,559,865,617,854
1754273649591095294,0,559,866,618,856
1754273649593011098,0,560,868,620,857
1754273649595110986,0,560,870,621,859
1754273649597038796,0,560,871,623,860
1754273649599006864,0,560,873,624,861
1754273649601015048,0,560,874,626,863
1754273649603028956,0,560,876,627,864
1754273649604971395,0,560,878,629,865
1754273649607013503,0,560,880,631,867
1754273649609034268,0,560,882,632,868
1754273649611021529,0,560,884,634,869
1754273649613088081,0,560,886,636,870
1754273649614987287,0,560,888,638,871
1754273649616966530,0,560,890,640,872
1754273649618994919,0,560,893,641,873
1754273649620988954,0,560,895,642,874
1754273649622961966,0,560,898,644,876
1754273649625009736,0,561,900,645,877
1754273649626927976,0,561,902,646,878
1754273649628896459,0,562,905,648,879
1754273649630929062,0,562,907,649,880
1754273649632987825,0,563,909,651,881
1754273649634932142,0,564,912,652,883
1754273649636908015,0,564,914,653,884
1754273649638985426,0,565,917,655,885
1754273649640928256,0,566,919,656,886
1754273649642954555,0,567,921,658,888
1754273649644935630,0,568,923,659,889
1754273649646923442,0,570,925,661,891
1754273649648903782,0,571,927,662,892
1754273649650926367,0,572,929,664,894
1754273649652941394,0,574,931,665,896
1754273649654928562,0,576,933,667,898
1754273649656908937,0,578,935,668,899
1754273649658899713,0,579,936,669,901
1754273649660923778,0,581,938,671,903
1754273649662890338,0,584,940,672,905
1754273649664914324,0,586,941,673,907
1754273649666941048,0,588,943,674,909
1754273649669001362,0,590,944,676,911
1754273649670954623,0,592,945,677,913
1754273649672987200,0,594,946,679,915
1754273649674939978,0,596,947,680,917
1754273649677027500,0,599,948,681,919
1754273649678983023,0,601,949,682,921
1754273649680979964,0,603,949,684,923
1754273649682933504,0,606,949,685,925
1754273649684917892,0,608,950,687,927
1754273649686867304,0,610,950,688,929
1754273649688918800,0,613,950,689,931
1754273649690870464,0,616,951,691,933
1754273649692965853,0,618,951,692,935
1754273649694885934,0,620,952,694,938
1754273649696901332,0,622,952,695,940
1754273649698945950,0,624,953,697,942
1754273649700904049,0,626,954,698,943
1754273649702929482,0,629,955,699,946
1754273649704953229,0,631,955,701,948
1754273649706934511,0,634,956,702,949
1754273649708812190,0,636,958,704,951
1754273649710869678,0,638,959,705,953
1754273649712835474,0,641,960,706,955
1754273649714960994,0,643,962,708,956
1754273649716946846,0,645,963,709,957
1754273649718901278,0,647,964,710,959
1754273649720866345,0,648,965,712,960
1754273649722897068,0,651,967,713,962
1754273649724866458,0,652,969,715,962
1754273649726918441,0,654,970,716,964
1754273649728883402,0,656,972,718,965
1754273649730908131,0,658,974,719,966
1754273649732871876,0,659,976,721,967
1754273649734893345,0,661,978,722,968
1754273649736865062,0,662,981,724,969
1754273649738907936,0,664,983,725,970
1754273649740855572,0,666,985,727,971
1754273649742900896,0,667,988,728,972
1754273649744818175,0,668,990,730,973
1754273649746905961,0,669,993,731,974
1754273649748911010,0,670,994,733,975
1754273649750891035,0,672,997,734,976
1754273649752947458,0,673,1000,736,977
1754273649754891272,0,674,1003,737,978
1754273649756834742,0,675,1005,739,979
1754273649758882143,0,676,1008,740,980
1754273649760847702,0,677,1011,742,981
1754273649762814356,0,678,1014,744,982
1754273649764852344,0,679,1017,745,984
1754273649766832456,0,681,1020,746,985
1754273649768893605,0,682,1023,748,986
1754273649770854822,0,684,1026,750,987
1754273649772802815,0,686,1029,751,989
1754273649774844767,0,687,1032,752,991
1754273649776761835,0,689,1035,753,992
1754273649778773906,0,691,1038,754,993
1754273649780827731,0,693,1040,755,995
1754273649782774975,0,694,1043,757,997
1754273649784814347,0,696,1046,758,999
1754273649786841070,0,698,1048,760,1001
1754273649788856932,0,700,1051,761,1003
1754273649790814602,0,702,1054,763,1005
1754273649792854994,0,704,1056,764,1007
1754273649794772816,0,706,1058,766,1009
1754273649796774096,0,708,1060,767,1012
1754273649798832728,0,710,1062,769,1014
1754273649800836727,0,712,1064,770,1016
1754273649802808531,0,715,1065,772,1019
1754273649804803294,0,717,1067,773,1021
1754273649806886500,0,720,1069,774,1024
1754273649808916694,0,722,1071,775,1027
1754273649810947171,0,724,1073,776,1029
1754273649812860655,0,726,1074,777,1032
1754273649814801398,0,729,1076,778,1035
1754273649816754192,0,731,1077,779,1037
1754273649818724662,0,733,1079,780,1040
1754273649820755451,0,735,1081,781,1043
1754273649822753492,0,738,1082,782,1045
1754273649824797278,0,740,1083,783,1048
1754273649826792220,0,743,1085,784,1050
1754273649828775406,0,747,1086,785,1053
1754273649830747470,0,748,1087,786,1056
1754273649832779833,0,750,1089,787,1058
1754273649834765834,0,753,1090,788,1061
1754273649836823328,0,755,1091,789,1064
1754273649838718373,0,758,1093,790,1066
1754273649840851116,0,760,1094,792,1069
1754273649842901489,0,762,1095,793,1071
1754273649844844241,0,764,1097,794,1074
1754273649846694480,0,766,1099,796,1076
1754273649848682799,0,768,1100,797,1079
1754273649850682104,0,771,1101,799,1081
1754273649852658746,0,772,1102,800,1082
1754273649854697313,0,774,1104,802,1084
1754273649856712712,0,776,1106,804,1086
1754273649858694557,0,777,1108,805,1088
1754273649860654022,0,778,1109,807,1090
1754273649862684290,0,779,1111,809,1092
1754273649864655146,0,780,1114,810,1094
1754273649866705433,0,781,1115,813,1096
1754273649868727676,0,782,1117,815,1098
1754273649870692540,0,783,1119,817,1100
1754273649872702446,0,784,1120,819,1101
1754273649874693703,0,784,1123,821,1103
1754273649876787805,0,784,1126,823,1105
1754273649878728551,0,785,1127,826,1107
1754273649880697022,0,785,1130,828,1109
1754273649882715588,0,785,1132,831,1110
1754273649884690699,0,785,1133,833,1112
1754273649886694523,0,786,1135,835,1113
1754273649888692816,0,786,1137,838,1115
1754273649890801677,0,786,1139,840,1116
1754273649892641387,0,786,1141,842,1117
1754273649894651926,0,786,1143,845,1119
1754273649896695476,0,786,1145,848,1120
1754273649898707961,0,786,1148,850,1122
1754273649900686402,0,787,1149,853,1123
1754273649902701622,0,787,1152,855,1125
1754273649904708114,0,787,1154,857,1126
1754273649906740078,0,788,1155,859,1128
1754273649908720018,0,788,1157,861,1129
1754273649910648279,0,789,1160,863,1131
1754273649912719806,0,789,1161,865,1133
1754273649914631673,0,790,1163,867,1134
1754273649916672975,0,790,1165,869,1136
1754273649918652399,0,791,1166,870,1137
1754273649920665341,0,792,1168,872,1139
1754273649922570444,0,794,1170,874,1141
1754273649924619666,0,795,1171,875,1143
1754273649926633939,0,797,1173,876,1144
1754273649928660021,0,798,1174,878,1146
1754273649930686504,0,800,1176,879,1147
1754273649932687610,0,802,1177,880,1149
1754273649934652885,0,803,1178,883,1151
1754273649936612597,0,804,1179,884,1153
1754273649938698873,0,806,1181,885,1155
1754273649940630859,0,808,1182,887,1157
1754273649942641171,0,810,1183,888,1158
1754273649944624462,0,812,1184,889,1160
1754273649946580978,0,815,1185,890,1162
1754273649948613179,0,817,1186,892,1164
1754273649950615455,0,819,1186,893,1166
1754273649952601771,0,822,1188,895,1168
1754273649954648586,0,824,1188,896,1170
1754273649956555819,0,827,1189,897,1172
1754273649958697570,0,829,1190,899,1173
1754273649960547113,0,832,1191,900,1175
1754273649962642511,0,834,1191,902,1177
1754273649964647840,0,836,1192,903,1179
1754273649966648594,0,838,1193,905,1180
1754273649968571839,0,840,1194,906,1182
1754273649970696704,0,842,1194,908,1184
1754273649972618959,0,845,1195,909,1185
1754273649974564929,0,847,1196,911,1187
1754273649976552862,0,849,1197,912,1188
1754273649978688316,0,851,1197,914,1190
1754273649980535582,0,853,1198,915,1191
1754273649982663399,0,855,1199,917,1192
1754273649984584785,0,857,1200,918,1194
1754273649986589677,0,858,1201,920,1195
1754273649988496340,0,860,1202,920,1196
1754273649990583808,0,862,1203,922,1197
1754273649992562077,0,863,1204,924,1199
1754273649994681857,0,865,1206,926,1200
1754273649996539005,0,867,1207,927,1201
1754273649998489010,0,867,1209,929,1202
1754273650000506959,0,869,1210,930,1203
1754273650002544864,0,870,1212,931,1204
1754273650004515695,0,871,1214,933,1205
1754273650006580702,0,873,1216,935,1206
1754273650008520714,0,874,1218,936,1207
1754273650010590458,0,875,1220,938,1208
1754273650012561091,0,876,1222,939,1208
1754273650014538900,0,877,1224,941,1209
1754273650016516631,0,879,1227,942,1210
1754273650018529817,0,880,1229,944,1211
1754273650020512065,0,881,1231,946,1212
1754273650022518575,0,881,1234,947,1213
1754273650024529419,0,882,1237,949,1214
1754273650026555356,0,883,1239,951,1215
1754273650028531108,0,884,1242,952,1216
1754273650030499829,0,885,1244,953,1217
1754273650032521697,0,886,1247,955,1218
1754273650034490017,0,887,1250,956,1219
1754273650036515248,0,888,1252,958,1220
1754273650038607375,0,889,1255,959,1221
1754273650040476457,0,889,1257,960,1223
1754273650042523131,0,890,1260,961,1224
1754273650044728705,0,891,1262,962,1225
1754273650046529926,0,892,1264,964,1227
1754273650048595994,0,893,1266,965,1228
1754273650050485452,0,894,1268,966,1230
1754273650052636377,0,895,1270,967,1231
1754273650054507079,0,896,1272,967,1233
1754273650056591407,0,898,1273,968,1235
1754273650058557294,0,899,1275,969,1236
1754273650060455159,0,900,1277,970,1238
1754273650062442338,0,902,1278,971,1240
1754273650064488872,0,903,1279,972,1242
1754273650066429843,0,905,1281,972,1244
1754273650068590343,0,906,1282,973,1246
1754273650070492530,0,908,1283,973,1248
1754273650072551947,0,910,1284,975,1250
1754273650074523012,0,911,1285,976,1253
1754273650076557396,0,912,1285,977,1255
1754273650078481137,0,914,1285,977,1257
1754273650080489897,0,916,1285,979,1259
1754273650082481929,0,917,1285,980,1261
1754273650084477782,0,919,1285,981,1263
1754273650086507015,0,921,1285,982,1266
1754273650088512878,0,923,1285,983,1268
1754273650090499987,0,924,1285,984,1270
1754273650092418844,0,925,1285,985,1272
1754273650094492809,0,927,1284,986,1275
1754273650096460543,0,929,1284,987,1277
1754273650098468229,0,930,1284,988,1279
1754273650100569235,0,931,1284,990,1280
1754273650102494145,0,932,1284,991,1282
1754273650104483774,0,933,1283,992,1284
1754273650106521603,0,934,1284,994,1286
1754273650108406588,0,935,1284,995,1287
1754273650110510033,0,936,1284,996,1289
1754273650112466256,0,936,1284,997,1290
1754273650114455968,0,937,1285,999,1292
1754273650116449483,0,937,1285,1000,1293
1754273650118428185,0,937,1286,1001,1294
1754273650120403482,0,937,1286,1003,1295
1754273650122631496,0,937,1287,1004,1296
1754273650124413541,0,937,1287,1006,1297
1754273650126534600,0,937,1288,1007,1298
1754273650128360240,0,937,1289,1008,1298
1754273650130566327,0,937,1290,1010,1299
1754273650132405619,0,937,1291,1011,1300
1754273650134403863,0,936,1292,1013,1300
1754273650136366909,0,936,1293,1014,1300
1754273650138449792,0,936,1295,1016,1301
1754273650140436402,0,936,1296,1017,1301
1754273650142608922,0,935,1297,1019,1301
1754273650144372769,0,935,1298,1020,1301
1754273650146403325,0,935,1300,1022,1302
1754273650148427498,0,935,1301,1023,1302
1754273650150622405,0,934,1303,1024,1302
1754273650152358794,0,934,1304,1026,1303
1754273650154597930,0,934,1305,1027,1303
1754273650156393589,0,934,1307,1029,1303
1754273650158328582,0,934,1308,1030,1303
1754273650160340352,0,934,1310,1031,1304
1754273650162348355,0,934,1311,1033,1304
1754273650164371274,0,935,1313,1034,1304
1754273650166361821,0,935,1315,1035,1305
1754273650168369770,0,935,1316,1037,1305
1754273650170349523,0,936,1317,1038,1306
1754273650172387116,0,937,1319,1039,1306
1754273650174353699,0,937,1320,1041,1306
1754273650176373533,0,938,1321,1042,1307
1754273650178368815,0,939,1323,1043,1308
1754273650180381308,0,940,1324,1044,1308
1754273650182441417,0,941,1325,1045,1309
1754273650184423745,0,942,1326,1046,1310
1754273650186393840,0,944,1328,1046,1311
1754273650188339815,0,945,1328,1047,1312
1754273650190373838,0,946,1329,1048,1313
1754273650192390271,0,948,1330,1049,1313
1754273650194330680,0,950,1330,1049,1314
1754273650196359316,0,951,1330,1050,1315
1754273650198362696,0,953,1330,1051,1316
1754273650200456943,0,955,1331,1051,1317
1754273650202384061,0,957,1331,1051,1319
1754273650204389570,0,959,1331,1052,1320
1754273650206368527,0,960,1331,1052,1321
1754273650208666443,0,962,1331,1053,1322
1754273650210342562,0,964,1331,1054,1323
1754273650212428155,0,965,1331,1054,1324
1754273650214360561,0,967,1331,1055,1326
1754273650216428567,0,968,1331,1055,1327
1754273650218369503,0,970,1330,1055,1328
1754273650220556625,0,972,1330,1056,1329
1754273650222419271,0,973,1330,1056,1330
1754273650224364498,0,975,1330,1057,1331
1754273650226416001,0,976,1329,1057,1332
1754273650228367344,0,978,1329,1057,1334
1754273650230361482,0,979,1329,1058,1334
1754273650232345298,0,980,1328,1059,1335
1754273650234348680,0,982,1328,1059,1336
1754273650236274642,0,983,1328,1059,1337
1754273650238282358,0,984,1328,1060,1337
1754273650240276787,0,984,1328,1060,1337
1754273650242306753,0,985,1329,1061,1339
1754273650244265971,0,985,1329,1062,1340
1754273650246325666,0,986,1329,1062,1340
1754273650248318758,0,986,1330,1063,1341
1754273650250320919,0,986,1330,1064,1341
1754273650252261771,0,986,1331,1065,1341
1754273650253239446,0,986,1332,1065,1342
1754273650255367225,0,986,1332,1065,1342
1754273650257609476,0,986,1333,1066,1342
1754273650259365547,0,985,1335,1067,1342
1754273650261390596,0,985,1336,1068,1343
1754273650263344413,0,985,1337,1069,1343
1754273650265371590,0,985,1338,1070,1343
1754273650267346131,0,985,1340,1071,1343
1754273650269328517,0,984,1341,1072,1343
1754273650271337682,0,984,1343,1074,1343
1754273650273209015,0,984,1345,1075,1343
1754273650275331010,0,984,1347,1076,1343
1754273650277244347,0,984,1349,1077,1343
1754273650279267504,0,984,1351,1078,1344
1754273650281207254,0,984,1353,1079,1344
1754273650283214637,0,984,1355,1080,1344
1754273650285255965,0,984,1357,1081,1344
1754273650287230280,0,983,1359,1081,1344
1754273650289235434,0,984,1361,1082,1345
1754273650291230717,0,983,1363,1083,1345
1754273650293321338,0,984,1365,1084,1345
1754273650295224810,0,984,1366,1084,1346
1754273650297267743,0,984,1368,1085,1346
1754273650299283584,0,984,1370,1086,1347
1754273650301293534,0,984,1371,1086,1348
1754273650303320167,0,984,1372,1087,1348
1754273650305246046,0,984,1374,1087,1349
1754273650307215952,0,984,1375,1088,1350
1754273650309213159,0,985,1377,1088,1351
1754273650311331738,0,985,1377,1089,1352
1754273650313190947,0,986,1380,1089,1354
1754273650315211219,0,986,1380,1090,1355
1754273650317191565,0,987,1381,1090,1356
1754273650319212189,0,987,1382,1090,1357
1754273650321153164,0,988,1383,1091,1359
1754273650323199880,0,988,1383,1091,1360
1754273650325170215,0,989,1384,1092,1361
1754273650327230944,0,990,1384,1092,1363
1754273650329215110,0,991,1385,1093,1364
1754273650331246564,0,991,1385,1093,1366
1754273650333235148,0,992,1385,1093,1367
1754273650335200288,0,993,1385,1094,1369
1754273650337205447,0,994,1385,1094,1371
1754273650339220166,0,995,1385,1094,1372
1754273650341302934,0,996,1385,1094,1374
1754273650343216046,0,997,1385,1095,1375
1754273650345220817,0,999,1385,1095,1377
1754273650347272162,0,1000,1385,1095,1379
1754273650349215467,0,1001,1385,1096,1380
1754273650351162406,0,1003,1386,1096,1382
1754273650353319479,0,1005,1386,1097,1383
1754273650355267706,0,1006,1386,1097,1384
1754273650357274638,0,1008,1386,1098,1385
1754273650359206597,0,1010,1387,1098,1387
1754273650361171710,0,1011,1388,1099,1388
1754273650363104094,0,1013,1388,1099,1389
1754273650365143198,0,1015,1389,1100,1390
1754273650367138353,0,1016,1390,1101,1391
1754273650369215705,0,1017,1391,1101,1392
1754273650371190805,0,1019,1392,1102,1393
1754273650373151424,0,1020,1393,1103,1394
1754273650375189630,0,1021,1395,1103,1395
1754273650377188354,0,1022,1396,1104,1396
1754273650379162271,0,1023,1397,1105,1397
1754273650381149338,0,1024,1399,1106,1398
1754273650383154949,0,1025,1400,1107,1398
1754273650385142841,0,1025,1402,1108,1398
1754273650387120921,0,1026,1404,1109,1399
1754273650389124382,0,1026,1405,1110,1400
1754273650391123317,0,1027,1407,1111,1400
1754273650393174991,0,1028,1409,1112,1401
1754273650395101163,0,1028,1411,1113,1401
1754273650397181376,0,1028,1413,1114,1402
1754273650399247369,0,1028,1414,1115,1403
1754273650401183316,0,1028,1416,1116,1403
1754273650403130497,0,1028,1418,1117,1404
1754273650405046832,0,1028,1420,1119,1405
1754273650407091586,0,1028,1422,1120,1405
1754273650409119257,0,1028,1424,1121,1406
1754273650411096453,0,1028,1426,1123,1406
1754273650413155530,0,1028,1428,1124,1407
1754273650415154006,0,1028,1430,1125,1408
1754273650417107971,0,1028,1432,1127,1409
1754273650419170231,0,1028,1434,1128,1410
1754273650421165966,0,1028,1436,1129,1411
1754273650423142769,0,1028,1438,1130,1412
1754273650425093871,0,1029,1440,1131,1413
1754273650427053699,0,1029,1442,1133,1414
1754273650429030774,0,1029,1444,1134,1415
1754273650431110275,0,1030,1446,1135,1417
1754273650433078077,0,1031,1448,1136,1418
1754273650435168872,0,1032,1450,1136,1419
1754273650437052986,0,1033,1452,1137,1420
1754273650439094886,0,1034,1454,1138,1422
1754273650441084192,0,1036,1455,1139,1423
1754273650443089508,0,1037,1457,1140,1425
1754273650445100975,0,1038,1459,1141,1427
1754273650447253882,0,1040,1460,1142,1428
1754273650449170414,0,1042,1462,1142,1430
1754273650451176984,0,1043,1463,1142,1432
1754273650453107883,0,1045,1465,1143,1434
1754273650455122708,0,1047,1466,1143,1435
1754273650457058571,0,1049,1468,1143,1437
1754273650459041434,0,1051,1469,1143,1439
1754273650461082355,0,1053,1470,1143,1441
1754273650463057867,0,1055,1472,1143,1443
1754273650465141691,0,1057,1473,1144,1445
1754273650467078551,0,1059,1474,1144,1447
1754273650469093387,0,1060,1475,1144,1448
1754273650471057423,0,1063,1477,1144,1450
1754273650473035435,0,1064,1478,1145,1452
1754273650475004900,0,1067,1479,1145,1454
1754273650477088596,0,1069,1480,1146,1456
1754273650479070428,0,1071,1481,1147,1458
1754273650481132975,0,1073,1483,1148,1460
1754273650483027648,0,1075,1484,1149,1462
1754273650485016564,0,1077,1485,1149,1463
1754273650487043522,0,1079,1486,1150,1465
1754273650489008350,0,1081,1487,1151,1467
1754273650491072064,0,1083,1489,1152,1469
1754273650493102805,0,1085,1490,1153,1471
1754273650495027514,0,1087,1492,1155,1472
1754273650497140233,0,1088,1493,1156,1474
1754273650499100474,0,1090,1494,1157,1476
1754273650501000560,0,1092,1496,1158,1478
1754273650503122399,0,1094,1497,1158,1479
1754273650505052059,0,1096,1498,1160,1481
1754273650507014596,0,1097,1500,1161,1483
1754273650509053044,0,1099,1501,1161,1484
1754273650511011272,0,1100,1503,1163,1486
1754273650513045476,0,1102,1504,1164,1487
1754273650515001918,0,1103,1506,1165,1489
1754273650517027550,0,1104,1508,1166,1490
1754273650519042815,0,1106,1511,1168,1491
1754273650521080288,0,1107,1513,1169,1493
1754273650522958841,0,1108,1515,1170,1495
1754273650524981800,0,1109,1517,1171,1496
1754273650526985721,0,1111,1520,1172,1497
1754273650529003968,0,1112,1521,1173,1498
1754273650530983522,0,1113,1523,1175,1500
1754273650532997631,0,1114,1526,1176,1501
1754273650534988559,0,1115,1529,1178,1503
1754273650537031708,0,1117,1530,1179,1504
1754273650539015443,0,1118,1533,1181,1505
1754273650541086349,0,1119,1536,1182,1507
1754273650543003279,0,1120,1538,1184,1508
1754273650545109808,0,1121,1541,1185,1509
1754273650546937249,0,1122,1544,1187,1511
1754273650548932960,0,1123,1547,1188,1512
1754273650550945227,0,1124,1549,1189,1514
1754273650552918940,0,1126,1553,1191,1515
1754273650554980431,0,1126,1555,1192,1517
1754273650556938667,0,1127,1557,1193,1518
1754273650559029944,0,1128,1560,1194,1520
1754273650560937366,0,1130,1563,1196,1522
1754273650562966511,0,1131,1566,1197,1524
1754273650564910534,0,1132,1568,1198,1525
1754273650566927621,0,1134,1572,1200,1527
1754273650568894176,0,1135,1574,1201,1529
1754273650570977008,0,1136,1577,1203,1531
1754273650572921804,0,1138,1579,1204,1533
1754273650574953274,0,1139,1581,1205,1535
1754273650576953116,0,1141,1584,1207,1537
1754273650578919723,0,1142,1586,1208,1539
1754273650580916811,0,1144,1588,1209,1541
1754273650582961567,0,1146,1590,1211,1543
1754273650584893427,0,1147,1592,1212,1546
1754273650586920696,0,1149,1594,1213,1548
1754273650588921915,0,1151,1597,1215,1550
1754273650590994052,0,1153,1599,1215,1553
1754273650592939329,0,1155,1601,1217,1555
1754273650594997734,0,1156,1604,1218,1558
1754273650596930515,0,1158,1606,1219,1560
1754273650598996710,0,1160,1608,1221,1562
1754273650600919140,0,1162,1610,1222,1565
1754273650602946937,0,1164,1612,1224,1567
1754273650604925661,0,1166,1613,1225,1570
1754273650606917133,0,1168,1615,1226,1573
1754273650608885512,0,1170,1617,1228,1575
1754273650610954396,0,1172,1619,1229,1578
1754273650612913207,0,1174,1620,1231,1580
1754273650614930756,0,1176,1622,1233,1583
1754273650616986630,0,1178,1623,1234,1586
1754273650618849971,0,1180,1625,1236,1588
1754273650620908552,0,1182,1627,1237,1590
1754273650622960960,0,1184,1628,1239,1593
1754273650624903488,0,1186,1630,1241,1595
1754273650626877618,0,1187,1632,1243,1598
1754273650628886063,0,1189,1633,1244,1601
1754273650630788969,0,1190,1636,1246,1603
1754273650632864143,0,1191,1637,1248,1605
1754273650634850101,0,1193,1639,1250,1608
1754273650636964830,0,1196,1640,1252,1610
1754273650638868098,0,1197,1642,1254,1612
1754273650640891558,0,1199,1643,1257,1615
1754273650642902480,0,1201,1645,1259,1617
1754273650644882152,0,1202,1647,1261,1619
1754273650646857516,0,1204,1648,1263,1621
1754273650648915799,0,1205,1650,1267,1623
1754273650650896664,0,1207,1652,1269,1626
1754273650652907781,0,1208,1654,1271,1628
1754273650654901906,0,1210,1656,1274,1630
1754273650656905864,0,1210,1658,1276,1632
1754273650658840777,0,1212,1660,1278,1634
1754273650660887257,0,1213,1662,1281,1636
1754273650662828817,0,1214,1664,1283,1638
1754273650664943113,0,1216,1668,1286,1640
1754273650666849765,0,1217,1670,1288,1642
1754273650668909371,0,1218,1672,1291,1644
1754273650670950434,0,1219,1674,1293,1646
1754273650672881681,0,1220,1677,1296,1648
1754273650674855106,0,1221,1679,1298,1650
1754273650676841659,0,1223,1682,1301,1651
1754273650678943267,0,1224,1684,1303,1653
1754273650680822206,0,1225,1687,1305,1655
1754273650682831185,0,1227,1689,1307,1657
1754273650684784544,0,1228,1692,1309,1659
1754273650686815566,0,1229,1694,1312,1660
1754273650688808269,0,1231,1697,1314,1662
1754273650690827861,0,1232,1699,1316,1664
1754273650692813256,0,1233,1701,1318,1666
1754273650694902585,0,1235,1704,1320,1668
1754273650696847643,0,1236,1706,1322,1669
1754273650698842567,0,1238,1708,1324,1671
1754273650700872994,0,1239,1711,1325,1673
1754273650702804986,0,1241,1713,1327,1675
1754273650704766449,0,1243,1715,1329,1677
1754273650706829990,0,1245,1717,1330,1680
1754273650708800378,0,1246,1719,1332,1681
1754273650710755109,0,1249,1721,1334,1684
1754273650712804109,0,1250,1722,1335,1686
1754273650714845901,0,1253,1725,1337,1688
1754273650716753653,0,1255,1727,1339,1690
1754273650718787754,0,1258,1728,1341,1692
1754273650720753581,0,1260,1730,1342,1694
1754273650722872158,0,1262,1732,1344,1696
1754273650724782134,0,1265,1733,1345,1698
1754273650726832711,0,1267,1735,1347,1701
1754273650728741175,0,1270,1736,1349,1703
1754273650730764478,0,1272,1738,1350,1705
1754273650732790463,0,1275,1740,1351,1707
1754273650734762920,0,1278,1742,1353,1709
1754273650736767327,0,1281,1743,1354,1711
1754273650738775326,0,1283,1745,1356,1714
1754273650740760197,0,1286,1746,1357,1716
1754273650742815075,0,1289,1748,1358,1718
1754273650744716729,0,1292,1749,1360,1720
1754273650746784785,0,1294,1751,1361,1722
1754273650748744303,0,1297,1752,1363,1724
1754273650750713041,0,1299,1754,1364,1726
1754273650752792659,0,1302,1755,1366,1728
1754273650754758746,0,1304,1756,1367,1730
1754273650756779259,0,1307,1758,1369,1733
1754273650758734278,0,1309,1760,1371,1735
1754273650760788763,0,1311,1761,1372,1737
1754273650762780234,0,1314,1763,1373,1739
1754273650764815969,0,1315,1764,1375,1741
1754273650766769368,0,1317,1766,1377,1743
1754273650768747389,0,1319,1768,1378,1745
1754273650770735094,0,1321,1769,1379,1747
1754273650772751276,0,1322,1771,1381,1749
1754273650774672588,0,1325,1772,1383,1750
1754273650776652820,0,1326,1774,1384,1753
1754273650778745676,0,1328,1776,1386,1753
1754273650780714777,0,1330,1778,1387,1755
1754273650782658009,0,1331,1780,1389,1757
1754273650784698095,0,1333,1782,1391,1759
1754273650786758687,0,1335,1784,1393,1761
1754273650788714431,0,1336,1785,1395,1763
1754273650790710778,0,1337,1787,1397,1764
1754273650792723847,0,1339,1790,1399,1766
1754273650794663151,0,1340,1792,1401,1768
1754273650796694466,0,1341,1794,1402,1770
1754273650798675715,0,1342,1797,1404,1771
1754273650800664833,0,1343,1799,1406,1773
1754273650802695024,0,1344,1801,1408,1774
1754273650804724278,0,1345,1804,1410,1776
1754273650806744623,0,1345,1805,1412,1778
1754273650808685148,0,1346,1808,1414,1779
1754273650810693035,0,1347,1810,1416,1781
1754273650812690845,0,1348,1813,1419,1783
1754273650814649720,0,1349,1816,1421,1785
1754273650816731230,0,1350,1818,1423,1785
1754273650818782148,0,1351,1820,1425,1788
1754273650820751964,0,1352,1823,1427,1790
1754273650822693116,0,1352,1825,1429,1792
1754273650824736636,0,1353,1827,1431,1793
1754273650826697359,0,1354,1829,1433,1795
1754273650828638915,0,1355,1831,1435,1797
1754273650830691840,0,1357,1833,1436,1798
1754273650832685598,0,1358,1836,1438,1800
1754273650834652896,0,1358,1838,1440,1802
1754273650836662899,0,1360,1839,1441,1804
1754273650838702694,0,1361,1841,1443,1806
1754273650840691746,0,1363,1843,1445,1808
1754273650842681609,0,1364,1845,1447,1810
1754273650844683031,0,1365,1846,1449,1812
1754273650846628916,0,1367,1848,1450,1814
1754273650848575832,0,1369,1848,1452,1815
1754273650850602514,0,1370,1850,1453,1817
1754273650852605134,0,1372,1851,1455,1820
1754273650854603893,0,1373,1852,1456,1821
1754273650856644062,0,1375,1853,1457,1823
1754273650858636854,0,1377,1854,1458,1826
1754273650860559593,0,1379,1855,1460,1828
1754273650862600891,0,1381,1857,1461,1829
1754273650864600944,0,1383,1858,1463,1831
1754273650866576188,0,1385,1859,1464,1833
1754273650868610197,0,1387,1860,1465,1836
1754273650870620352,0,1389,1861,1467,1838
1754273650872589107,0,1392,1862,1469,1841
1754273650874579882,0,1394,1864,1470,1842
1754273650876656904,0,1396,1865,1471,1844
1754273650878627090,0,1398,1865,1473,1846
1754273650880615383,0,1400,1867,1474,1848
1754273650882624398,0,1402,1868,1476,1850
1754273650884777679,0,1404,1869,1477,1852
1754273650886591472,0,1406,1869,1479,1854
1754273650888683695,0,1408,1870,1480,1855
1754273650890612821,0,1410,1871,1482,1857
1754273650892706565,0,1412,1872,1483,1859
1754273650894590874,0,1414,1873,1484,1861
1754273650896650012,0,1415,1874,1486,1863
1754273650898569497,0,1417,1875,1487,1864
1754273650900787556,0,1419,1877,1489,1866
1754273650902571032,0,1421,1878,1490,1868
1754273650904566356,0,1422,1879,1492,1869
1754273650906614407,0,1423,1880,1493,1870
1754273650908568553,0,1425,1882,1495,1872
1754273650910639152,0,1426,1883,1496,1873
1754273650912549001,0,1427,1884,1498,1874
1754273650914510582,0,1428,1885,1499,1876
1754273650916542259,0,1428,1887,1501,1877
1754273650918615624,0,1429,1888,1503,1878
1754273650920568489,0,1430,1890,1504,1880
1754273650922495261,0,1431,1891,1506,1881
1754273650924592332,0,1432,1893,1507,1882
1754273650926584631,0,1433,1894,1509,1883
1754273650928521175,0,1434,1896,1511,1884
1754273650930537378,0,1434,1898,1512,1885
1754273650932547611,0,1435,1900,1514,1886
1754273650934482410,0,1436,1901,1515,1887
1754273650936514513,0,1437,1904,1517,1888
1754273650938567761,0,1437,1905,1519,1890
1754273650940551362,0,1438,1907,1520,1891
1754273650942620518,0,1439,1909,1522,1891
1754273650944550807,0,1440,1911,1524,1893
1754273650946504854,0,1441,1913,1525,1894
1754273650948482953,0,1442,1915,1527,1895
1754273650950653956,0,1443,1917,1528,1896
1754273650952498185,0,1443,1919,1530,1897
1754273650954560820,0,1444,1921,1532,1898
1754273650956539492,0,1445,1923,1533,1899
1754273650958571006,0,1446,1925,1534,1901
1754273650960527176,0,1447,1926,1536,1902
1754273650962646273,0,1448,1928,1538,1903
1754273650964585494,0,1449,1930,1539,1904
1754273650966716839,0,1450,1932,1540,1905
1754273650968520768,0,1451,1934,1542,1907
1754273650970537122,0,1452,1935,1544,1908
1754273650972431856,0,1454,1937,1545,1910
1754273650974606538,0,1455,1938,1547,1911
1754273650976476893,0,1456,1940,1548,1912
1754273650978527285,0,1457,1941,1549,1913
1754273650980511219,0,1459,1942,1551,1915
1754273650982673217,0,1460,1944,1553,1916
1754273650984481582,0,1462,1945,1554,1918
1754273650986522007,0,1463,1946,1556,1920
1754273650988480156,0,1465,1947,1557,1921
1754273650990459499,0,1467,1949,1558,1923
1754273650992623048,0,1469,1950,1560,1924
1754273650994495323,0,1470,1951,1561,1926
1754273650996490177,0,1472,1953,1563,1928
1754273650998551599,0,1474,1954,1564,1929
1754273651000469050,0,1476,1954,1566,1931
1754273651002427839,0,1478,1956,1567,1933
1754273651004426563,0,1479,1958,1568,1934
1754273651006441576,0,1481,1959,1570,1936
1754273651008461423,0,1484,1960,1571,1938
1754273651010499212,0,1486,1961,1573,1940
1754273651012487940,0,1488,1963,1574,1941
1754273651014444214,0,1490,1964,1576,1943
1754273651016442724,0,1492,1965,1577,1945
1754273651018479246,0,1495,1966,1578,1947
1754273651020466914,0,1497,1968,1580,1948
1754273651022501619,0,1499,1969,1581,1950
1754273651024453330,0,1502,1971,1583,1952
1754273651026504285,0,1503,1972,1584,1953
1754273651028463949,0,1505,1973,1585,1955
1754273651030454043,0,1507,1975,1587,1956
1754273651032517131,0,1509,1976,1588,1958
1754273651034465512,0,1511,1977,1589,1960
1754273651036610479,0,1513,1979,1591,1961
1754273651038454061,0,1515,1980,1592,1962
1754273651040664543,0,1517,1982,1594,1964
1754273651042421785,0,1518,1983,1595,1966
1754273651044669641,0,1520,1984,1596,1967
1754273651046482655,0,1521,1986,1598,1968
1754273651048684490,0,1523,1989,1599,1970
1754273651050385334,0,1525,1991,1601,1972
1754273651052617104,0,1526,1992,1601,1973
1754273651054416205,0,1528,1994,1604,1975
1754273651056700015,0,1529,1996,1604,1976
1754273651058463702,0,1530,1998,1606,1977
1754273651060685662,0,1532,1999,1608,1980
1754273651062402574,0,1533,2002,1609,1981
1754273651064640101,0,1534,2004,1610,1983
1754273651066380131,0,1535,2005,1612,1983
1754273651068361019,0,1536,2008,1613,1985
1754273651070412182,0,1537,2010,1614,1986
1754273651072347928,0,1538,2012,1616,1988
1754273651074407131,0,1539,2014,1617,1989
1754273651076407259,0,1540,2016,1618,1991
1754273651078403837,0,1541,2018,1620,1992
1754273651080376647,0,1542,2020,1621,1994
1754273651082365246,0,1543,2023,1623,1995
1754273651084384685,0,1544,2025,1624,1997
1754273651086415480,0,1544,2027,1625,1998
1754273651088365188,0,1546,2029,1627,2000
1754273651090329797,0,1547,2032,1628,2002
1754273651092356785,0,1548,2034,1629,2003
1754273651094400322,0,1549,2036,1631,2005
1754273651096398859,0,1550,2038,1632,2006
1754273651098381984,0,1552,2040,1634,2008
1754273651100369463,0,1553,2043,1635,2010
1754273651102340780,0,1554,2045,1636,2011
1754273651104404156,0,1555,2047,1638,2013
1754273651106377037,0,1556,2049,1639,2015
1754273651108344253,0,1557,2051,1640,2017
1754273651110404177,0,1558,2053,1641,2018
1754273651112332392,0,1560,2055,1643,2020
1754273651114404932,0,1561,2056,1644,2022
1754273651116377445,0,1562,2058,1645,2024
1754273651118351649,0,1563,2060,1646,2026
1754273651120378203,0,1565,2061,1647,2028
1754273651122395103,0,1566,2063,1650,2030
1754273651124395222,0,1567,2064,1651,2032
1754273651126321784,0,1569,2066,1653,2034
1754273651128313921,0,1570,2068,1654,2036
1754273651130373579,0,1571,2069,1655,2038
1754273651132369645,0,1572,2070,1656,2040
1754273651134323091,0,1574,2072,1658,2042
1754273651136352295,0,1575,2073,1659,2044
1754273651138402598,0,1576,2075,1660,2046
1754273651140301442,0,1578,2076,1662,2048
1754273651142312073,0,1580,2077,1663,2050
1754273651144376967,0,1581,2079,1665,2052
1754273651146390363,0,1583,2080,1666,2054
1754273651148297577,0,1585,2082,1667,2057
1754273651150379670,0,1586,2084,1668,2059
1754273651152296650,0,1587,2085,1670,2060
1754273651154361484,0,1589,2086,1671,2063
1754273651156322837,0,1590,2087,1672,2064
1754273651158368478,0,1591,2088,1674,2067
1754273651160291891,0,1593,2090,1675,2068
1754273651162369165,0,1595,2091,1676,2070
1754273651164320906,0,1596,2092,1677,2072
1754273651166387920,0,1597,2093,1679,2074
1754273651168348970,0,1599,2094,1681,2075
1754273651170378526,0,1600,2095,1682,2078
1754273651172303748,0,1602,2097,1683,2079
1754273651174310191,0,1603,2098,1685,2081
1754273651176282878,0,1604,2099,1686,2083
1754273651178297439,0,1606,2100,1688,2084
1754273651180291633,0,1607,2102,1689,2086
1754273651182292689,0,1608,2103,1691,2088
1754273651184307799,0,1609,2104,1692,2089
1754273651186300964,0,1610,2105,1694,2091
1754273651188298966,0,1610,2107,1695,2092
1754273651190323139,0,1611,2108,1697,2094
1754273651192388124,0,1612,2109,1698,2095
1754273651194255789,0,1613,2111,1699,2097
1754273651196200972,0,1614,2111,1701,2098
1754273651198249891,0,1615,2113,1702,2099
1754273651200220106,0,1616,2114,1704,2101
1754273651202213914,0,1617,2116,1705,2102
1754273651204218596,0,1617,2117,1706,2103
1754273651206196779,0,1618,2118,1708,2104
1754273651208198707,0,1619,2120,1709,2105
1754273651210256803,0,1619,2121,1711,2106
1754273651212223276,0,1620,2123,1712,2107
1754273651214278284,0,1621,2124,1714,2108
1754273651216207802,0,1621,2126,1715,2110
1754273651218217818,0,1621,2127,1717,2111
1754273651220234619,0,1622,2128,1718,2112
1754273651222212342,0,1622,2130,1719,2113
1754273651224282307,0,1622,2131,1721,2114
1754273651226263813,0,1623,2132,1722,2116
1754273651228242742,0,1623,2134,1724,2117
1754273651230193111,0,1624,2135,1725,2118
1754273651232242554,0,1624,2137,1726,2119
1754273651234243672,0,1625,2138,1727,2120
1754273651236209700,0,1625,2139,1728,2121
1754273651238204527,0,1627,2140,1730,2123
1754273651240239611,0,1628,2142,1731,2124
1754273651242194253,0,1629,2143,1733,2124
1754273651244217603,0,1630,2144,1734,2126
1754273651246199362,0,1631,2145,1735,2127
1754273651248242024,0,1633,2146,1737,2128
1754273651250226959,0,1634,2147,1738,2129
1754273651252184159,0,1636,2149,1740,2130
1754273651254208240,0,1637,2149,1741,2132
1754273651256216696,0,1638,2150,1742,2133
1754273651258241027,0,1640,2152,1744,2134
1754273651260207545,0,1640,2152,1744,2135
1754273651262233358,0,1643,2154,1746,2136
1754273651264250270,0,1644,2154,1747,2137
1754273651266208194,0,1646,2156,1749,2139
1754273651268170364,0,1647,2156,1751,2140
1754273651269177759,0,1648,2157,1751,2141
1754273651271359533,0,1650,2158,1753,2142
1754273651273256424,0,1651,2159,1754,2143
1754273651275219111,0,1653,2160,1755,2144
1754273651277215272,0,1655,2161,1756,2145
1754273651279261112,0,1656,2162,1758,2147
1754273651281236371,0,1658,2163,1759,2148
1754273651283252790,0,1660,2163,1760,2149
1754273651285257836,0,1662,2164,1761,2150
1754273651287211569,0,1663,2165,1763,2151
1754273651289304040,0,1665,2166,1764,2152
1754273651291178233,0,1667,2167,1765,2153
1754273651293133795,0,1668,2168,1766,2155
1754273651295266612,0,1670,2169,1768,2156
1754273651297159125,0,1671,2170,1768,2157
1754273651299187685,0,1673,2171,1769,2158
1754273651301162130,0,1674,2172,1770,2160
1754273651303190416,0,1676,2173,1772,2161
1754273651305223770,0,1677,2174,1773,2162
1754273651307207803,0,1679,2175,1774,2163
1754273651309108042,0,1680,2176,1775,2164
1754273651311210324,0,1681,2177,1776,2166
1754273651313153443,0,1683,2178,1777,2166
1754273651315104599,0,1684,2179,1778,2168
1754273651317112140,0,1686,2180,1779,2169
1754273651319114943,0,1687,2181,1780,2171
1754273651321144752,0,1688,2182,1781,2172
1754273651323137590,0,1690,2183,1782,2173
1754273651325093818,0,1691,2184,1783,2174
1754273651327156857,0,1692,2185,1784,2175
1754273651329159630,0,1693,2186,1785,2176
1754273651331088532,0,1694,2187,1786,2177
1754273651333155683,0,1695,2188,1787,2178
1754273651335079073,0,1696,2188,1788,2179
1754273651337133095,0,1696,2189,1789,2180
1754273651339098136,0,1697,2190,1790,2181
1754273651341130074,0,1698,2190,1791,2182
1754273651343127945,0,1699,2191,1792,2183
1754273651345154607,0,1700,2192,1793,2184
1754273651347146800,0,1701,2193,1794,2185
1754273651349102603,0,1702,2194,1796,2186
1754273651351117691,0,1702,2195,1797,2187
1754273651353156267,0,1703,2196,1798,2188
1754273651355166618,0,1704,2198,1799,2188
1754273651357194433,0,1705,2199,1800,2189
1754273651359156022,0,1705,2200,1801,2190
1754273651361157794,0,1706,2201,1803,2192
1754273651363131343,0,1707,2202,1804,2193
1754273651365062040,0,1708,2203,1805,2194
1754273651367092858,0,1708,2204,1805,2194
1754273651369123558,0,1709,2206,1806,2195
1754273651371084187,0,1710,2207,1807,2196
1754273651373116620,0,1711,2209,1808,2197
1754273651375079733,0,1712,2210,1809,2198
1754273651377148049,0,1712,2212,1810,2199
1754273651379124438,0,1713,2214,1810,2200
1754273651381125160,0,1714,2215,1811,2201
1754273651383133384,0,1715,2217,1811,2202
1754273651385157175,0,1716,2219,1812,2203
1754273651387077054,0,1717,2221,1813,2204
1754273651389042972,0,1717,2223,1813,2205
1754273651391037710,0,1718,2225,1814,2206
1754273651393052978,0,1719,2226,1815,2207
1754273651395026729,0,1720,2228,1816,2208
1754273651397049502,0,1721,2230,1817,2209
1754273651399004176,0,1722,2231,1817,2210
1754273651400982616,0,1723,2233,1818,2211
1754273651403084105,0,1724,2234,1819,2212
1754273651405040874,0,1725,2236,1820,2213
1754273651407088059,0,1726,2238,1821,2215
1754273651409068719,0,1727,2239,1822,2216
1754273651411203671,0,1728,2241,1822,2217
1754273651413072415,0,1730,2242,1823,2218
1754273651415049769,0,1731,2245,1824,2220
1754273651416980200,0,1732,2247,1824,2221
1754273651418986238,0,1734,2248,1825,2222
1754273651421027510,0,1735,2249,1825,2224
1754273651423119577,0,1737,2251,1826,2225
1754273651425115834,0,1738,2252,1827,2227
1754273651427227751,0,1740,2254,1827,2228
1754273651429103900,0,1741,2255,1828,2229
1754273651431022104,0,1743,2256,1829,2231
1754273651433003432,0,1744,2257,1829,2232
1754273651435051803,0,1746,2258,1830,2234
1754273651437017376,0,1747,2259,1830,2236
1754273651439020865,0,1749,2260,1831,2237
1754273651440974370,0,1751,2261,1831,2239
1754273651443095091,0,1752,2262,1832,2240
1754273651445000903,0,1754,2263,1833,2242
1754273651447011857,0,1756,2264,1833,2244
1754273651448984063,0,1757,2265,1834,2245
1754273651450999739,0,1759,2266,1835,2247
1754273651453120054,0,1760,2267,1836,2249
1754273651455010808,0,1761,2268,1837,2250
1754273651456972509,0,1763,2268,1837,2252
1754273651458979038,0,1765,2270,1839,2253
1754273651460958723,0,1766,2271,1839,2255
1754273651462979697,0,1768,2272,1840,2256
1754273651465035236,0,1769,2273,1841,2258
1754273651467049133,0,1770,2274,1842,2259
1754273651469000080,0,1771,2275,1843,2261
1754273651471023594,0,1772,2276,1844,2262
1754273651472993573,0,1773,2277,1846,2264
1754273651475008998,0,1774,2278,1847,2265
1754273651477002968,0,1775,2279,1848,2266
1754273651479010581,0,1776,2280,1850,2268
1754273651481001311,0,1777,2281,1851,2269
1754273651483007824,0,1778,2282,1853,2271
1754273651484989903,0,1778,2283,1853,2272
1754273651487096953,0,1778,2284,1855,2273
1754273651489063328,0,1779,2286,1856,2274
1754273651491045227,0,1779,2287,1857,2276
1754273651493099376,0,1779,2288,1859,2277
1754273651495041546,0,1779,2289,1860,2278
1754273651497054889,0,1780,2291,1861,2279
1754273651499059786,0,1780,2292,1863,2280
1754273651501093275,0,1780,2293,1864,2281
1754273651503140374,0,1780,2295,1865,2283
1754273651505152755,0,1781,2296,1866,2284
1754273651507033212,0,1781,2297,1867,2285
1754273651509050048,0,1781,2299,1869,2286
1754273651511026455,0,1782,2301,1870,2287
1754273651513015830,0,1782,2303,1872,2288
1754273651514992876,0,1783,2304,1873,2289
1754273651517003053,0,1783,2306,1874,2290
1754273651518991258,0,1784,2307,1876,2291
1754273651521009720,0,1785,2309,1877,2292
1754273651523018934,0,1785,2311,1879,2293
1754273651525022432,0,1786,2312,1880,2294
1754273651527051554,0,1787,2314,1882,2296
1754273651529001816,0,1788,2316,1883,2297
1754273651531053408,0,1789,2317,1885,2297
1754273651533120032,0,1790,2318,1886,2299
1754273651535036555,0,1791,2320,1887,2300
1754273651537003109,0,1793,2322,1888,2301
1754273651539008886,0,1794,2323,1890,2302
1754273651540980623,0,1796,2325,1891,2304
1754273651542976997,0,1797,2326,1892,2305
1754273651545012523,0,1799,2328,1894,2306
1754273651546913169,0,1800,2330,1895,2307
1754273651549003164,0,1802,2331,1896,2309
1754273651550992393,0,1804,2332,1897,2310
1754273651552981080,0,1805,2334,1899,2311
1754273651555031101,0,1807,2335,1900,2313
1754273651556959619,0,1809,2336,1902,2314
1754273651558983604,0,1811,2338,1902,2315
1754273651560958927,0,1813,2340,1904,2317
1754273651562960925,0,1815,2341,1904,2318
1754273651564974535,0,1817,2342,1907,2320
1754273651566981165,0,1819,2343,1908,2321
1754273651568996714,0,1822,2344,1909,2323
1754273651570934335,0,1824,2345,1910,2324
1754273651572948761,0,1826,2347,1911,2326
1754273651574974742,0,1828,2348,1912,2327
1754273651577005085,0,1830,2349,1913,2329
1754273651578976769,0,1832,2350,1914,2330
1754273651580945125,0,1834,2352,1915,2332
1754273651582958254,0,1837,2353,1915,2333
1754273651584961147,0,1839,2354,1916,2335
1754273651586959152,0,1841,2355,1917,2336
1754273651588930611,0,1843,2356,1918,2337
1754273651590962608,0,1845,2358,1919,2338
1754273651592919168,0,1847,2359,1920,2340
1754273651594925450,0,1849,2360,1921,2341
1754273651596934664,0,1851,2361,1923,2343
1754273651598916390,0,1853,2362,1924,2345
1754273651600896246,0,1854,2364,1925,2346
1754273651602895730,0,1855,2365,1926,2348
1754273651604872274,0,1857,2366,1927,2349
1754273651606859732,0,1859,2367,1928,2350
1754273651608883460,0,1860,2369,1930,2352
1754273651610856200,0,1861,2370,1931,2354
1754273651612897698,0,1863,2371,1932,2355
1754273651614852729,0,1864,2372,1932,2356
1754273651616905857,0,1865,2374,1933,2358
1754273651618857257,0,1867,2376,1934,2359
1754273651620855529,0,1868,2377,1935,2360
1754273651622766315,0,1868,2379,1935,2361
1754273651624822861,0,1869,2381,1936,2362
1754273651626789134,0,1871,2382,1936,2364
1754273651628888310,0,1872,2384,1937,2365
1754273651630827873,0,1873,2386,1937,2366
1754273651632841419,0,1874,2388,1937,2368
1754273651634785118,0,1875,2389,1938,2369
1754273651636827368,0,1876,2391,1938,2370
1754273651638837627,0,1877,2393,1939,2371
1754273651640901321,0,1878,2395,1940,2373
1754273651642775197,0,1879,2397,1940,2374
1754273651644823284,0,1880,2400,1941,2376
1754273651646737038,0,1881,2401,1942,2377
1754273651648809632,0,1882,2404,1943,2378
1754273651650803287,0,1882,2406,1944,2380
1754273651652844303,0,1883,2408,1945,2381
1754273651654814279,0,1884,2410,1946,2383
1754273651656941793,0,1885,2412,1947,2384
1754273651659042200,0,1886,2415,1948,2385
1754273651660958620,0,1887,2417,1949,2387
1754273651662946565,0,1888,2419,1950,2388
1754273651664886437,0,1888,2421,1951,2389
1754273651667034878,0,1889,2423,1952,2391
1754273651668838572,0,1890,2425,1954,2393
1754273651670868264,0,1890,2427,1955,2394
1754273651672858995,0,1891,2429,1956,2395
1754273651674928882,0,1892,2431,1958,2397
1754273651676812629,0,1892,2433,1959,2399
1754273651678849824,0,1893,2434,1961,2401
1754273651680823237,0,1894,2436,1962,2402
1754273651682769450,0,1895,2438,1963,2404
1754273651684843969,0,1896,2439,1965,2406
1754273651686874480,0,1897,2441,1966,2407
1754273651688804482,0,1897,2442,1967,2409
1754273651690782569,0,1897,2444,1969,2411
1754273651692777614,0,1898,2445,1970,2413
1754273651694787954,0,1899,2446,1971,2415
1754273651696704358,0,1899,2447,1973,2417
1754273651698788133,0,1900,2448,1974,2419
1754273651700760657,0,1900,2450,1975,2421
1754273651702783131,0,1901,2451,1977,2422
1754273651704769021,0,1901,2452,1978,2425
1754273651706738517,0,1902,2453,1979,2427
1754273651708728868,0,1903,2454,1980,2428
1754273651710757408,0,1904,2455,1982,2430
1754273651712804025,0,1905,2456,1983,2432
1754273651714795199,0,1906,2456,1985,2435
1754273651716667873,0,1907,2457,1986,2436
1754273651718726005,0,1908,2458,1988,2438
1754273651720655250,0,1909,2459,1989,2440
1754273651722716308,0,1910,2460,1991,2442
1754273651724703212,0,1911,2460,1992,2444
1754273651726769087,0,1912,2461,1994,2445
1754273651728710657,0,1913,2462,1995,2447
1754273651730794301,0,1914,2462,1996,2449
1754273651732722963,0,1915,2463,1998,2451
1754273651734734702,0,1917,2463,1999,2452
1754273651736707472,0,1918,2464,2000,2454
1754273651738685618,0,1919,2464,2001,2455
1754273651740791171,0,1920,2465,2003,2457
1754273651742751085,0,1922,2465,2004,2458
1754273651744710035,0,1923,2466,2005,2460
1754273651746678833,0,1924,2466,2007,2461
1754273651748736415,0,1925,2466,2008,2462
1754273651750739605,0,1927,2466,2009,2464
1754273651752729001,0,1928,2468,2011,2465
1754273651754683888,0,1929,2468,2012,2466
1754273651756751930,0,1931,2469,2014,2467
1754273651758696238,0,1932,2470,2015,2468
1754273651760737681,0,1933,2471,2017,2470
1754273651762644718,0,1934,2471,2019,2471
1754273651764641711,0,1935,2472,2020,2471
1754273651766633171,0,1936,2473,2022,2472
1754273651768705645,0,1938,2474,2023,2473
1754273651770766146,0,1939,2475,2024,2474
1754273651772628775,0,1940,2476,2026,2475
1754273651774661916,0,1941,2478,2027,2476
1754273651776633730,0,1943,2479,2028,2476
1754273651778621386,0,1944,2480,2030,2477
1754273651780655077,0,1945,2482,2031,2478
1754273651782616978,0,1946,2483,2032,2478
1754273651784611057,0,1947,2485,2034,2479
1754273651786582962,0,1948,2486,2036,2479
1754273651788612436,0,1949,2488,2037,2480
1754273651790646856,0,1950,2489,2038,2481
1754273651792615442,0,1951,2491,2040,2481
1754273651794771187,0,1952,2493,2041,2482
1754273651796776627,0,1954,2495,2043,2483
1754273651798775202,0,1955,2496,2044,2483
1754273651800695130,0,1955,2498,2045,2484
1754273651802695685,0,1957,2500,2047,2485
1754273651804690263,0,1958,2502,2048,2485
1754273651806592346,0,1960,2504,2049,2486
1754273651808637692,0,1961,2506,2051,2487
1754273651810642328,0,1962,2509,2052,2488
1754273651812635124,0,1964,2510,2053,2488
1754273651814605439,0,1965,2513,2054,2489
1754273651816588217,0,1967,2515,2056,2489
1754273651818596408,0,1969,2517,2057,2491
1754273651820652344,0,1970,2519,2058,2492
1754273651822604024,0,1972,2521,2060,2493
1754273651824628838,0,1973,2522,2061,2494
1754273651826699362,0,1975,2524,2062,2495
1754273651828580832,0,1976,2525,2063,2496
1754273651830661906,0,1978,2527,2064,2498
1754273651832643217,0,1980,2529,2065,2499
1754273651834651803,0,1982,2531,2066,2500
1754273651836575396,0,1984,2532,2067,2501
1754273651838616351,0,1986,2532,2068,2504
1754273651840638111,0,1987,2535,2068,2505
1754273651842609685,0,1989,2536,2069,2507
1754273651844616658,0,1991,2537,2070,2508
1754273651846601459,0,1992,2539,2071,2510
1754273651848567778,0,1994,2540,2071,2511
1754273651850561550,0,1996,2541,2072,2513
1754273651852525774,0,1998,2544,2072,2516
1754273651854592524,0,1999,2544,2073,2517
1754273651856552630,0,2001,2545,2074,2519
1754273651858594911,0,2003,2546,2075,2521
1754273651860608539,0,2005,2548,2075,2523
1754273651862607501,0,2007,2549,2076,2524
1754273651864655821,0,2009,2550,2077,2526
1754273651866624051,0,2011,2552,2077,2529
1754273651868609231,0,2012,2553,2077,2530
1754273651870584385,0,2014,2554,2078,2532
1754273651872594321,0,2016,2555,2078,2534
1754273651874623348,0,2017,2557,2079,2535
1754273651876651046,0,2019,2558,2079,2537
1754273651878606206,0,2022,2559,2080,2539
1754273651880634931,0,2023,2560,2081,2540
1754273651882535658,0,2025,2562,2081,2543
1754273651884620834,0,2026,2563,2082,2545
1754273651886526199,0,2028,2565,2082,2546
1754273651888567701,0,2029,2566,2083,2548
1754273651890625976,0,2030,2568,2084,2549
1754273651892591080,0,2032,2569,2085,2551
1754273651894588011,0,2033,2571,2085,2552
1754273651896592670,0,2034,2573,2086,2553
1754273651898533040,0,2035,2575,2087,2556
1754273651900443342,0,2036,2577,2088,2557
1754273651902497162,0,2038,2579,2089,2559
1754273651904608867,0,2039,2581,2090,2560
1754273651906626695,0,2040,2583,2092,2561
1754273651908591576,0,2041,2585,2093,2563
1754273651910538046,0,2041,2587,2094,2564
1754273651912488357,0,2042,2589,2095,2566
1754273651914509268,0,2043,2592,2096,2567
1754273651916474044,0,2044,2594,2098,2568
1754273651918603383,0,2045,2596,2099,2570
1754273651920671160,0,2045,2598,2101,2572
1754273651922531089,0,2046,2602,2102,2573
1754273651924591373,0,2047,2603,2103,2574
1754273651926545203,0,2047,2605,2104,2576
1754273651928547540,0,2048,2607,2105,2577
1754273651930540619,0,2049,2609,2106,2579
1754273651932470465,0,2049,2611,2108,2580
1754273651934505761,0,2050,2613,2109,2582
1754273651936575334,0,2051,2615,2110,2583
1754273651938525157,0,2052,2617,2111,2585
1754273651940523710,0,2053,2620,2113,2586
1754273651942753005,0,2053,2622,2114,2588
1754273651944535196,0,2054,2623,2115,2590
1754273651946542105,0,2055,2625,2116,2592
1754273651948557114,0,2055,2627,2118,2593
1754273651950715090,0,2056,2629,2119,2595
1754273651952413566,0,2057,2629,2120,2597
1754273651954602374,0,2058,2631,2122,2599
1754273651956432745,0,2059,2632,2123,2600
1754273651958649123,0,2060,2633,2125,2602
1754273651960413096,0,2061,2635,2127,2604
1754273651962438758,0,2062,2636,2128,2606
1754273651964515484,0,2064,2637,2130,2608
1754273651966738312,0,2065,2637,2131,2610
1754273651968412363,0,2066,2638,2132,2610
1754273651970465085,0,2068,2639,2134,2613
1754273651972426294,0,2069,2641,2136,2615
1754273651974575272,0,2070,2641,2137,2617
1754273651976451908,0,2071,2642,2138,2619
1754273651978537211,0,2072,2643,2139,2621
1754273651980467873,0,2073,2644,2140,2623
1754273651982427095,0,2075,2644,2142,2625
1754273651984453450,0,2076,2645,2143,2627
1754273651986498079,0,2077,2645,2144,2629
1754273651988447231,0,2078,2645,2145,2631
1754273651990427934,0,2079,2645,2146,2632
1754273651992482106,0,2080,2646,2148,2634
1754273651994472080,0,2081,2646,2149,2636
1754273651996567593,0,2082,2645,2151,2637
1754273651998436002,0,2083,2645,2152,2639
1754273652000459236,0,2084,2645,2154,2640
1754273652002467791,0,2085,2646,2155,2642
1754273652004458197,0,2086,2646,2156,2643
1754273652006413361,0,2087,2646,2158,2645
1754273652008437665,0,2087,2646,2159,2646
1754273652010496238,0,2088,2646,2161,2647
1754273652012440197,0,2089,2646,2162,2648
1754273652014430194,0,2090,2647,2164,2650
1754273652016505919,0,2090,2647,2165,2651
1754273652018393454,0,2091,2648,2167,2652
1754273652020473547,0,2091,2649,2168,2652
1754273652022428181,0,2092,2650,2170,2653
1754273652024458966,0,2092,2650,2171,2654
1754273652026445078,0,2092,2651,2172,2655
1754273652028441119,0,2093,2652,2174,2655
1754273652030391941,0,2093,2653,2176,2656
1754273652032492741,0,2093,2654,2177,2656
1754273652034519400,0,2093,2655,2179,2657
1754273652036414446,0,2093,2656,2180,2658
1754273652038370170,0,2093,2657,2181,2658
1754273652040408179,0,2093,2660,2183,2658
1754273652042433910,0,2093,2661,2185,2659
1754273652044399537,0,2094,2662,2186,2659
1754273652046446017,0,2094,2664,2187,2660
1754273652048430846,0,2094,2665,2188,2660
1754273652050422879,0,2095,2667,2190,2660
1754273652052353599,0,2095,2669,2191,2661
1754273652054391598,0,2096,2671,2192,2661
1754273652056334543,0,2097,2673,2193,2661
1754273652058347000,0,2097,2675,2195,2662
1754273652060391903,0,2097,2677,2196,2662
1754273652062386396,0,2098,2679,2197,2662
1754273652064362602,0,2099,2681,2199,2663
1754273652066379941,0,2100,2683,2200,2663
1754273652068386551,0,2101,2685,2201,2664
1754273652070378931,0,2103,2687,2202,2665
1754273652072311510,0,2104,2689,2204,2665
1754273652074407074,0,2105,2691,2205,2666
1754273652076404627,0,2107,2693,2206,2667
1754273652078331734,0,2108,2695,2208,2667
1754273652080283544,0,2110,2697,2209,2668
1754273652082298969,0,2111,2699,2210,2669
1754273652084321220,0,2113,2700,2211,2670
1754273652086297452,0,2115,2702,2212,2671
1754273652088347149,0,2116,2703,2212,2672
1754273652090348530,0,2118,2704,2213,2674
1754273652092343788,0,2120,2705,2214,2675
1754273652094295769,0,2122,2706,2215,2676
1754273652096339920,0,2123,2706,2215,2678
1754273652098357103,0,2126,2707,2216,2679
1754273652100392081,0,2127,2707,2216,2681
1754273652102374697,0,2129,2707,2217,2682
1754273652104344872,0,2131,2708,2218,2684
1754273652106330329,0,2133,2708,2218,2685
1754273652108315055,0,2134,2708,2219,2687
1754273652110291729,0,2136,2708,2219,2689
1754273652112335955,0,2138,2708,2219,2690
1754273652114361287,0,2140,2708,2220,2692
1754273652116353821,0,2142,2708,2220,2693
1754273652118284654,0,2144,2709,2221,2695
1754273652120376889,0,2146,2709,2221,2697
1754273652122366261,0,2149,2709,2222,2699
1754273652124382299,0,2150,2710,2223,2700
1754273652126312589,0,2151,2710,2223,2702
1754273652128412711,0,2153,2711,2223,2703
1754273652130248899,0,2155,2712,2224,2705
1754273652132260863,0,2155,2712,2224,2705
1754273652134255522,0,2158,2713,2226,2708
1754273652136263518,0,2159,2714,2226,2709
1754273652138278616,0,2160,2715,2227,2710
1754273652140317254,0,2161,2715,2227,2710
1754273652142284587,0,2162,2717,2228,2712
1754273652144312730,0,2163,2718,2229,2713
1754273652146338324,0,2163,2720,2229,2714
1754273652148347852,0,2164,2721,2230,2715
1754273652150298657,0,2165,2722,2231,2716
1754273652152322413,0,2165,2724,2231,2717
1754273652153272033,0,2165,2725,2232,2717
1754273652155260770,0,2166,2726,2233,2718
1754273652157267061,0,2166,2728,2234,2719
1754273652159340221,0,2166,2730,2234,2720
1754273652161303571,0,2166,2732,2235,2721
1754273652163302710,0,2166,2734,2236,2722
1754273652165349355,0,2166,2736,2237,2723
1754273652167345683,0,2166,2738,2238,2723
1754273652169238285,0,2166,2740,2239,2724
1754273652171217239,0,2166,2742,2240,2725
1754273652173275452,0,2166,2744,2241,2725
1754273652175260593,0,2166,2746,2242,2726
1754273652177248135,0,2166,2748,2243,2727
1754273652179265164,0,2166,2750,2244,2728
1754273652181263902,0,2166,2751,2245,2729
1754273652183262247,0,2167,2754,2246,2730
1754273652185240609,0,2167,2756,2247,2731
1754273652187264331,0,2167,2757,2248,2732
1754273652189242475,0,2167,2760,2249,2733
1754273652191224977,0,2168,2761,2250,2734
1754273652193256198,0,2168,2763,2251,2735
1754273652195224899,0,2168,2765,2252,2736
1754273652197239424,0,2169,2767,2254,2737
1754273652199230735,0,2170,2769,2255,2738
1754273652201234971,0,2171,2770,2256,2740
1754273652203272699,0,2171,2772,2257,2741
1754273652205248788,0,2172,2773,2258,2742
1754273652207253609,0,2174,2775,2259,2744
1754273652209232227,0,2175,2776,2260,2745
1754273652211257823,0,2176,2778,2262,2747
1754273652213272279,0,2177,2779,2263,2748
1754273652215242337,0,2179,2780,2263,2750
1754273652217453861,0,2180,2781,2264,2751
1754273652219236248,0,2182,2783,2265,2753
1754273652221235590,0,2183,2783,2266,2755
1754273652223290168,0,2185,2785,2267,2757
1754273652225222130,0,2186,2785,2268,2758
1754273652227249631,0,2188,2786,2269,2760
1754273652229179276,0,2190,2787,2270,2762
1754273652231256427,0,2192,2788,2271,2764
1754273652233240299,0,2194,2789,2272,2766
1754273652235185901,0,2196,2789,2274,2767
1754273652237151562,0,2198,2790,2275,2769
1754273652239118943,0,2200,2791,2276,2771
1754273652241167339,0,2202,2791,2277,2773
1754273652243176822,0,2203,2792,2278,2774
1754273652245169186,0,2205,2792,2279,2776
1754273652247155163,0,2207,2792,2280,2778
1754273652249120640,0,2209,2793,2282,2779
1754273652251133087,0,2210,2793,2283,2781
1754273652253132684,0,2212,2793,2284,2783
1754273652255146624,0,2214,2794,2285,2784
1754273652257124029,0,2216,2794,2286,2786
1754273652259092191,0,2217,2795,2288,2787
1754273652261107577,0,2219,2795,2289,2789
1754273652263146684,0,2221,2796,2290,2790
1754273652265049508,0,2222,2797,2291,2792
1754273652267119672,0,2224,2798,2292,2793
1754273652269105429,0,2226,2798,2294,2794
1754273652271110759,0,2227,2799,2295,2795
1754273652273099165,0,2228,2800,2296,2797
1754273652275104249,0,2229,2801,2297,2798
1754273652277126281,0,2230,2802,2299,2799
1754273652279179122,0,2231,2803,2299,2800
1754273652281100181,0,2232,2805,2301,2801
1754273652283089377,0,2232,2806,2302,2802
1754273652285130517,0,2232,2807,2303,2803
1754273652287112395,0,2232,2809,2304,2803
1754273652289090459,0,2233,2811,2305,2805
1754273652291066885,0,2233,2812,2306,2805
1754273652293128646,0,2233,2814,2308,2806
1754273652295114652,0,2233,2816,2309,2807
1754273652297126039,0,2233,2818,2310,2807
1754273652299101660,0,2233,2820,2311,2808
1754273652301210040,0,2233,2822,2313,2809
1754273652303134800,0,2233,2824,2314,2809
1754273652305052115,0,2234,2826,2315,2810
1754273652307081094,0,2234,2828,2316,2810
1754273652309093267,0,2235,2830,2318,2811
1754273652311091022,0,2235,2833,2319,2812
1754273652313065368,0,2236,2835,2320,2813
1754273652315081977,0,2237,2837,2321,2814
1754273652317077052,0,2238,2840,2322,2815
1754273652319044080,0,2239,2842,2324,2816
1754273652321136890,0,2240,2844,2325,2816
1754273652323060004,0,2241,2847,2326,2817
1754273652325040804,0,2243,2849,2327,2819
1754273652327094525,0,2244,2852,2328,2819
1754273652329077692,0,2246,2854,2329,2821
1754273652331048758,0,2247,2856,2330,2822
1754273652333124180,0,2250,2859,2332,2823
1754273652335043328,0,2251,2861,2333,2824
1754273652337036426,0,2254,2864,2334,2826
1754273652339035237,0,2256,2866,2335,2827
1754273652341051302,0,2258,2869,2336,2828
1754273652343043977,0,2260,2871,2338,2830
1754273652345084295,0,2263,2874,2338,2831
1754273652347120561,0,2266,2876,2340,2833
1754273652349073541,0,2268,2878,2341,2835
1754273652351067543,0,2271,2880,2342,2837
1754273652353054966,0,2274,2883,2342,2838
1754273652355070588,0,2278,2885,2343,2841
1754273652357020744,0,2281,2887,2344,2842
1754273652359060464,0,2284,2889,2345,2844
1754273652361021667,0,2286,2891,2346,2846
1754273652363044034,0,2289,2893,2346,2847
1754273652365064825,0,2292,2895,2347,2850
1754273652367031804,0,2294,2897,2348,2851
1754273652369028990,0,2297,2898,2348,2855
1754273652371014544,0,2300,2900,2349,2857
1754273652373007405,0,2302,2902,2350,2859
1754273652374968067,0,2305,2903,2350,2860
1754273652377031197,0,2307,2905,2351,2863
1754273652378969692,0,2310,2906,2352,2865
1754273652381015782,0,2312,2907,2352,2867
1754273652383052509,0,2314,2909,2353,2870
1754273652384998823,0,2316,2910,2354,2872
1754273652387022666,0,2318,2911,2355,2874
1754273652388999010,0,2321,2913,2355,2877
1754273652390995986,0,2323,2914,2356,2879
1754273652392964333,0,2325,2915,2357,2881
1754273652394943650,0,2326,2917,2358,2884
1754273652396941389,0,2328,2918,2359,2886
1754273652398964854,0,2330,2920,2360,2889
1754273652400994713,0,2332,2922,2362,2891
1754273652402941692,0,2334,2923,2362,2893
1754273652404996344,0,2336,2925,2363,2896
1754273652406985990,0,2338,2927,2365,2898
1754273652409033719,0,2340,2929,2366,2900
1754273652411067748,0,2341,2931,2368,2902
1754273652413113097,0,2343,2933,2369,2904
1754273652415185011,0,2344,2935,2370,2907
1754273652417003189,0,2346,2937,2371,2910
1754273652418963659,0,2348,2939,2373,2911
1754273652421026432,0,2349,2941,2374,2913
1754273652423088300,0,2350,2943,2375,2915
1754273652425041165,0,2352,2946,2376,2917
1754273652427040719,0,2352,2948,2377,2919
1754273652429061450,0,2353,2950,2379,2921
1754273652430980150,0,2354,2953,2380,2923
1754273652433073339,0,2355,2955,2382,2925
1754273652435033470,0,2356,2957,2384,2927
1754273652436998269,0,2356,2960,2385,2928
1754273652438990362,0,2357,2962,2387,2930
1754273652440998348,0,2358,2964,2389,2932
1754273652442969966,0,2358,2967,2391,2934
1754273652444975764,0,2359,2969,2392,2936
1754273652446997303,0,2359,2972,2394,2937
1754273652448975247,0,2360,2974,2397,2938
1754273652450971822,0,2360,2977,2398,2940
1754273652452919663,0,2361,2979,2400,2942
1754273652454984889,0,2361,2981,2402,2944
1754273652456996878,0,2362,2984,2404,2946
1754273652458952288,0,2362,2986,2405,2948
1754273652461006948,0,2363,2988,2407,2950
1754273652463017385,0,2363,2990,2409,2952
1754273652465008279,0,2364,2992,2411,2954
1754273652467024057,0,2365,2995,2412,2956
1754273652469039889,0,2365,2997,2415,2958
1754273652471014312,0,2366,2999,2416,2960
1754273652473040454,0,2366,3001,2419,2962
1754273652474991716,0,2367,3003,2421,2964
1754273652477015223,0,2367,3005,2423,2966
1754273652479052136,0,2368,3007,2426,2968
1754273652481036837,0,2369,3008,2427,2969
1754273652483036695,0,2370,3010,2430,2971
1754273652485079696,0,2371,3011,2432,2973
1754273652487012588,0,2372,3013,2433,2975
1754273652489064702,0,2373,3014,2435,2977
1754273652491017355,0,2374,3015,2437,2979
1754273652493105154,0,2375,3017,2439,2982
1754273652495034957,0,2376,3018,2441,2983
1754273652497055485,0,2378,3019,2444,2986
1754273652499110048,0,2379,3020,2445,2988
1754273652501022023,0,2381,3021,2448,2990
1754273652502926960,0,2382,3022,2450,2992
1754273652505026268,0,2384,3023,2452,2994
1754273652507053301,0,2385,3025,2454,2996
1754273652509059609,0,2387,3026,2455,2998
1754273652510999571,0,2389,3027,2457,3001
1754273652513064987,0,2391,3028,2459,3002
1754273652514989226,0,2393,3029,2460,3004
1754273652517005707,0,2395,3030,2462,3006
1754273652519014988,0,2397,3031,2464,3008
1754273652520955978,0,2399,3033,2466,3010
1754273652523028627,0,2400,3033,2467,3012
1754273652524941699,0,2402,3035,2468,3014
1754273652526976288,0,2405,3035,2470,3015
1754273652528930951,0,2407,3037,2472,3017
1754273652530965912,0,2409,3038,2473,3019
1754273652532939530,0,2411,3038,2475,3021
1754273652535011625,0,2412,3039,2476,3022
1754273652536907251,0,2415,3040,2478,3024
1754273652538954654,0,2416,3041,2480,3026
1754273652540904025,0,2418,3041,2481,3027
1754273652542925678,0,2420,3042,2483,3029
1754273652544962622,0,2421,3044,2484,3030
1754273652547025952,0,2423,3044,2486,3032
1754273652548894755,0,2424,3045,2487,3033
1754273652550941845,0,2425,3045,2488,3034
1754273652552885242,0,2426,3046,2490,3036
1754273652554954102,0,2428,3046,2492,3037
1754273652556904033,0,2429,3047,2493,3038
1754273652558929454,0,2430,3048,2495,3039
1754273652560907523,0,2431,3048,2497,3041
1754273652562944386,0,2432,3049,2498,3042
1754273652564900024,0,2433,3050,2500,3043
1754273652567006749,0,2435,3051,2501,3044
1754273652568997739,0,2436,3052,2504,3045
1754273652570949324,0,2437,3053,2505,3046
1754273652572894906,0,2438,3054,2507,3047
1754273652574904212,0,2438,3055,2508,3047
1754273652576910860,0,2440,3056,2510,3048
1754273652578895980,0,2441,3057,2511,3049
1754273652580864263,0,2442,3058,2513,3050
1754273652582879068,0,2444,3060,2514,3051
1754273652584878319,0,2445,3061,2515,3052
1754273652586897139,0,2446,3063,2517,3052
1754273652588905750,0,2447,3064,2518,3053
1754273652590868876,0,2448,3065,2519,3054
1754273652592834702,0,2450,3067,2520,3055
1754273652594862605,0,2451,3069,2521,3056
1754273652596769515,0,2453,3070,2522,3056
1754273652598807706,0,2453,3071,2523,3057
1754273652600759296,0,2455,3073,2524,3057
1754273652602782777,0,2456,3075,2525,3058
1754273652604766437,0,2458,3077,2526,3059
1754273652606862496,0,2459,3079,2527,3060
1754273652608797182,0,2462,3082,2529,3060
1754273652610793337,0,2462,3085,2530,3061
1754273652612862490,0,2464,3087,2531,3062
1754273652614735572,0,2466,3089,2532,3063
1754273652616842643,0,2467,3090,2533,3064
1754273652618739176,0,2470,3094,2534,3065
1754273652620721409,0,2472,3095,2536,3065
1754273652622753350,0,2474,3098,2537,3066
1754273652624727682,0,2476,3100,2538,3067
1754273652626774968,0,2478,3102,2539,3068
1754273652628725629,0,2479,3105,2540,3069
1754273652630719655,0,2481,3107,2541,3070
1754273652632731980,0,2483,3109,2542,3071
1754273652634753848,0,2485,3112,2543,3072
1754273652636798575,0,2487,3114,2545,3073
1754273652638730851,0,2489,3116,2546,3075
1754273652640771905,0,2491,3118,2547,3076
1754273652642821823,0,2493,3120,2548,3078
1754273652644704284,0,2495,3123,2549,3079
1754273652646746221,0,2497,3124,2550,3081
1754273652648696892,0,2499,3125,2551,3082
1754273652650787764,0,2501,3127,2553,3084
1754273652652721234,0,2502,3129,2553,3086
1754273652654701962,0,2504,3130,2555,3087
1754273652656706500,0,2506,3132,2556,3089
1754273652658768701,0,2508,3133,2557,3091
1754273652660720764,0,2509,3135,2558,3093
1754273652662799202,0,2511,3136,2559,3095
1754273652664724196,0,2513,3138,2560,3097
1754273652666715924,0,2515,3139,2561,3099
1754273652668644633,0,2516,3140,2562,3101
1754273652670726445,0,2518,3141,2563,3103
1754273652672714594,0,2520,3142,2564,3105
1754273652674734497,0,2522,3143,2565,3108
1754273652676796387,0,2523,3144,2566,3110
1754273652678741750,0,2525,3146,2567,3112
1754273652680720518,0,2526,3147,2567,3114
1754273652682730458,0,2528,3148,2569,3116
1754273652684725143,0,2529,3149,2570,3119
1754273652686738574,0,2530,3149,2571,3121
1754273652688736999,0,2532,3151,2572,3123
1754273652690679647,0,2533,3152,2573,3125
1754273652692648022,0,2535,3153,2574,3127
1754273652694670892,0,2536,3154,2575,3129
1754273652696660225,0,2538,3155,2576,3131
1754273652698681930,0,2539,3157,2577,3133
1754273652700767824,0,2540,3158,2578,3135
1754273652702823600,0,2542,3159,2580,3137
1754273652704865621,0,2543,3161,2581,3139
1754273652706695272,0,2544,3162,2582,3141
1754273652708753781,0,2545,3164,2584,3143
1754273652710742496,0,2547,3165,2585,3145
1754273652712673161,0,2548,3167,2587,3147
1754273652714736466,0,2549,3168,2588,3148
1754273652716667162,0,2550,3170,2589,3150
1754273652718642618,0,2551,3172,2590,3151
1754273652720684223,0,2553,3174,2591,3153
1754273652722753022,0,2554,3175,2593,3155
1754273652724733908,0,2555,3177,2594,3156
1754273652726694675,0,2556,3179,2595,3158
1754273652728772654,0,2556,3181,2596,3159
1754273652730794560,0,2557,3183,2598,3161
1754273652732670855,0,2558,3185,2599,3162
1754273652734732642,0,2559,3187,2600,3164
1754273652736782144,0,2559,3189,2602,3165
1754273652738728760,0,2559,3191,2603,3167
1754273652740734480,0,2560,3193,2604,3168
1754273652742681470,0,2560,3195,2606,3170
1754273652744732403,0,2560,3196,2607,3171
1754273652746815392,0,2561,3198,2608,3172
1754273652748750879,0,2562,3200,2610,3174
1754273652750713042,0,2562,3202,2611,3175
1754273652752689997,0,2562,3204,2613,3176
1754273652754659258,0,2563,3205,2614,3178
1754273652756631400,0,2563,3207,2616,3179
1754273652758684289,0,2564,3209,2617,3181
1754273652760659770,0,2565,3210,2619,3182
1754273652762626017,0,2565,3211,2620,3183
1754273652764798138,0,2566,3213,2622,3185
1754273652766621687,0,2566,3215,2623,3186
1754273652768584259,0,2567,3216,2624,3188
1754273652770679936,0,2568,3217,2626,3190
1754273652772638624,0,2568,3218,2627,3191
1754273652774624151,0,2569,3220,2629,3192
1754273652776511433,0,2570,3221,2630,3194
1754273652778517082,0,2571,3222,2631,3196
1754273652780548222,0,2572,3223,2633,3197
1754273652782607772,0,2573,3224,2634,3199
1754273652784625624,0,2573,3226,2636,3200
1754273652786577163,0,2574,3226,2637,3202
1754273652788594999,0,2576,3227,2638,3204
1754273652790582106,0,2577,3228,2640,3206
1754273652792590590,0,2579,3229,2642,3207
1754273652794650563,0,2580,3229,2643,3209
1754273652796637774,0,2581,3230,2645,3210
1754273652798800639,0,2582,3231,2646,3212
1754273652800537616,0,2584,3232,2647,3213
1754273652802605778,0,2585,3232,2648,3215
1754273652804600591,0,2586,3233,2650,3217
1754273652806606012,0,2588,3234,2651,3218
1754273652808484788,0,2589,3234,2652,3220
1754273652810442966,0,2591,3236,2653,3221
1754273652812574674,0,2592,3236,2655,3223
1754273652814502140,0,2594,3237,2656,3225
1754273652816616820,0,2595,3238,2657,3226
1754273652818549528,0,2597,3239,2659,3227
1754273652820537596,0,2599,3240,2660,3228
1754273652822620213,0,2600,3240,2661,3230
1754273652824567874,0,2602,3241,2663,3231
1754273652826431417,0,2603,3242,2664,3232
1754273652828510980,0,2605,3243,2665,3234
1754273652830510383,0,2607,3244,2667,3235
1754273652832523013,0,2608,3245,2668,3236
1754273652834578656,0,2610,3246,2670,3237
1754273652836427362,0,2611,3247,2671,3238
1754273652838575596,0,2613,3248,2672,3239
1754273652840491705,0,2614,3249,2675,3240
1754273652842497690,0,2616,3250,2676,3241
1754273652844517271,0,2617,3251,2677,3242
1754273652846495677,0,2619,3253,2678,3243
1754273652848401156,0,2620,3254,2679,3244
1754273652850483581,0,2622,3254,2681,3245
1754273652852607211,0,2623,3256,2682,3246
1754273652854474764,0,2624,3257,2683,3247
1754273652856503663,0,2625,3258,2685,3248
1754273652858440809,0,2626,3259,2686,3249
1754273652860429177,0,2627,3260,2688,3250
1754273652862491921,0,2628,3262,2689,3250
1754273652864785318,0,2630,3263,2690,3251
1754273652866479956,0,2631,3264,2692,3252
1754273652868550450,0,2632,3266,2693,3253
1754273652870380991,0,2633,3267,2695,3254
1754273652872529667,0,2634,3268,2696,3255
1754273652874408166,0,2636,3270,2697,3255
1754273652876533442,0,2637,3272,2699,3256
1754273652878390150,0,2638,3273,2700,3257
1754273652880450552,0,2638,3275,2701,3258
1754273652882537304,0,2640,3277,2702,3259
1754273652884569892,0,2641,3279,2704,3260
1754273652886473829,0,2642,3281,2705,3261
1754273652888563047,0,2643,3282,2706,3262
1754273652890531337,0,2644,3284,2708,3262
1754273652892517574,0,2645,3286,2709,3263
1754273652894532665,0,2646,3288,2710,3264
1754273652896577669,0,2647,3290,2711,3265
1754273652898535287,0,2648,3293,2712,3266
1754273652900506298,0,2649,3295,2714,3268
1754273652902481624,0,2650,3297,2715,3269
1754273652904477385,0,2651,3299,2716,3270
1754273652906522306,0,2652,3301,2718,3271
1754273652908490066,0,2654,3303,2719,3272
1754273652910542233,0,2655,3305,2720,3273
1754273652912451582,0,2657,3307,2722,3275
1754273652914486847,0,2658,3309,2723,3276
1754273652916438212,0,2659,3310,2724,3277
1754273652918446235,0,2661,3312,2725,3279
1754273652920526833,0,2662,3314,2727,3280
1754273652922464130,0,2664,3315,2728,3281
1754273652924442623,0,2665,3318,2729,3283
1754273652926446395,0,2667,3319,2729,3285
1754273652928468614,0,2668,3321,2730,3286
1754273652930496434,0,2670,3323,2731,3288
1754273652932416035,0,2672,3324,2732,3289
1754273652934643671,0,2673,3326,2733,3291
1754273652936454979,0,2675,3327,2734,3293
1754273652938413244,0,2677,3329,2735,3295
1754273652940540019,0,2679,3330,2736,3297
1754273652942524470,0,2681,3331,2737,3298
1754273652944448964,0,2683,3332,2738,3300
1754273652946515806,0,2685,3333,2739,3302
1754273652948444982,0,2687,3334,2739,3304
1754273652950586254,0,2689,3336,2741,3306
1754273652952410888,0,2691,3337,2742,3308
1754273652954490993,0,2693,3338,2742,3310
1754273652956334619,0,2695,3339,2744,3312
1754273652958450528,0,2697,3340,2745,3313
1754273652960361050,0,2698,3342,2746,3316
1754273652962501629,0,2700,3343,2747,3318
1754273652964444598,0,2702,3344,2748,3319
1754273652966562593,0,2704,3345,2749,3321
1754273652968365169,0,2705,3347,2750,3323
1754273652970305733,0,2707,3347,2751,3325
1754273652972408829,0,2708,3349,2752,3327
1754273652974313278,0,2710,3350,2753,3329
1754273652976339763,0,2711,3351,2755,3331
1754273652978371027,0,2713,3352,2756,3333
1754273652980358890,0,2714,3353,2757,3334
1754273652982425564,0,2716,3354,2758,3336
1754273652984410555,0,2717,3355,2759,3337
1754273652986417956,0,2718,3356,2759,3339
1754273652988354711,0,2719,3357,2761,3340
1754273652990379532,0,2720,3359,2762,3342
1754273652992334874,0,2721,3360,2763,3344
1754273652994379170,0,2722,3361,2764,3345
1754273652996340980,0,2723,3362,2766,3347
1754273652998332456,0,2725,3365,2766,3348
1754273653000303118,0,2725,3366,2768,3350
1754273653002335526,0,2726,3368,2769,3351
1754273653004345485,0,2727,3370,2770,3352
1754273653006323082,0,2727,3372,2772,3354
1754273653008390035,0,2728,3374,2773,3355
1754273653010367408,0,2728,3376,2774,3356
1754273653012393146,0,2728,3378,2776,3358
1754273653014407325,0,2729,3380,2777,3359
1754273653016423923,0,2729,3382,2779,3360
1754273653018343835,0,2729,3384,2780,3361
1754273653020477588,0,2730,3387,2781,3363
1754273653022295724,0,2730,3389,2782,3364
1754273653024281233,0,2731,3391,2784,3365
1754273653026295222,0,2732,3393,2785,3367
1754273653028313452,0,2732,3396,2786,3368
1754273653030302186,0,2733,3398,2787,3369
1754273653032296881,0,2734,3401,2788,3370
1754273653034277108,0,2734,3403,2789,3372
1754273653036257153,0,2735,3405,2791,3373
1754273653038305426,0,2736,3408,2792,3374
1754273653040301820,0,2736,3410,2793,3376
1754273653042342287,0,2737,3412,2794,3377
1754273653044287305,0,2738,3414,2796,3378
1754273653046329163,0,2739,3416,2797,3380
1754273653048317371,0,2741,3418,2799,3381
1754273653050262733,0,2742,3420,2800,3383
1754273653052246221,0,2743,3422,2801,3385
1754273653054227251,0,2744,3424,2802,3386
1754273653056203807,0,2745,3427,2804,3388
1754273653058272065,0,2747,3428,2805,3390
1754273653060252523,0,2748,3430,2807,3391
1754273653062237031,0,2750,3432,2808,3393
1754273653064236002,0,2751,3434,2809,3395
1754273653066204916,0,2752,3435,2811,3397
1754273653068218760,0,2754,3437,2812,3398
1754273653070209757,0,2756,3439,2813,3401
1754273653072279104,0,2757,3440,2814,3403
1754273653074209109,0,2759,3442,2815,3404
1754273653076180165,0,2760,3443,2817,3406
1754273653078194142,0,2762,3444,2817,3408
1754273653080204917,0,2763,3446,2819,3411
1754273653082217329,0,2765,3447,2820,3412
1754273653084208276,0,2767,3448,2822,3414
1754273653086234378,0,2768,3450,2823,3417
1754273653088236139,0,2770,3451,2824,3419
1754273653090191228,0,2772,3452,2826,3421
1754273653092188271,0,2773,3453,2827,3423
1754273653094194140,0,2775,3454,2828,3425
1754273653096219798,0,2776,3455,2830,3427
1754273653098203891,0,2777,3456,2831,3429
1754273653100244604,0,2779,3458,2832,3431
1754273653102234964,0,2780,3458,2834,3433
1754273653104252062,0,2782,3459,2835,3435
1754273653106251313,0,2784,3460,2836,3437
1754273653108220164,0,2785,3462,2837,3439
1754273653110199328,0,2786,3463,2839,3441
1754273653112274732,0,2788,3464,2840,3443
1754273653114163851,0,2789,3465,2842,3445
1754273653116185438,0,2790,3466,2843,3447
1754273653118151520,0,2792,3467,2844,3449
1754273653120190707,0,2793,3468,2845,3450
1754273653122199184,0,2795,3469,2846,3452
1754273653124204962,0,2796,3470,2848,3454
1754273653126158835,0,2798,3471,2849,3455
1754273653128170911,0,2800,3472,2851,3457
1754273653130227458,0,2800,3473,2852,3459
1754273653132185289,0,2802,3474,2854,3460
1754273653134211618,0,2803,3476,2855,3462
1754273653136159482,0,2805,3477,2857,3463
1754273653138144137,0,2806,3478,2858,3464
1754273653140161688,0,2806,3479,2860,3466
1754273653142158702,0,2808,3480,2862,3467
1754273653144114832,0,2809,3482,2864,3469
1754273653146165393,0,2810,3483,2865,3470
1754273653148142077,0,2812,3484,2867,3471
1754273653150141939,0,2812,3485,2868,3471
1754273653152164475,0,2813,3487,2870,3473
1754273653154165100,0,2815,3488,2872,3474
1754273653156178303,0,2816,3489,2874,3475
1754273653158165933,0,2817,3490,2875,3477
1754273653160178259,0,2818,3490,2877,3478
1754273653162198512,0,2820,3492,2879,3479
1754273653164107418,0,2820,3492,2880,3480
1754273653166164928,0,2821,3494,2882,3481
1754273653168125719,0,2823,3495,2884,3482
1754273653170139788,0,2823,3497,2886,3483
1754273653172124136,0,2825,3498,2888,3484
1754273653174145002,0,2826,3499,2890,3485
1754273653176098059,0,2827,3500,2891,3486
1754273653178165743,0,2828,3502,2892,3487
1754273653180148091,0,2829,3503,2894,3488
1754273653182141387,0,2829,3505,2895,3489
1754273653184103165,0,2830,3506,2897,3490
1754273653186091088,0,2832,3508,2898,3491
1754273653188122376,0,2833,3509,2900,3492
1754273653190085885,0,2834,3510,2901,3493
1754273653192144722,0,2835,3512,2903,3494
1754273653194098000,0,2835,3513,2904,3495
1754273653196105422,0,2836,3514,2905,3496
1754273653198104280,0,2838,3516,2907,3497
1754273653200147582,0,2839,3517,2908,3498
1754273653202174161,0,2840,3518,2909,3499
1754273653204130755,0,2842,3520,2911,3501
1754273653206158984,0,2842,3520,2911,3501
1754273653208087497,0,2844,3522,2913,3502
1754273653210095535,0,2844,3523,2915,3503
1754273653212056603,0,2846,3525,2916,3504
1754273653214086009,0,2847,3526,2916,3505
1754273653216033516,0,2848,3527,2918,3506
1754273653218015790,0,2850,3528,2919,3508
1754273653220063610,0,2851,3529,2920,3509
1754273653222049069,0,2853,3530,2922,3510
1754273653224078863,0,2854,3531,2922,3511
1754273653226073177,0,2856,3532,2924,3512
1754273653228045978,0,2857,3533,2925,3514
1754273653230085761,0,2858,3534,2926,3515
1754273653232070752,0,2859,3535,2927,3516
1754273653234084609,0,2860,3536,2928,3517
1754273653236099751,0,2862,3537,2930,3519
1754273653238042292,0,2863,3538,2930,3520
1754273653240038007,0,2864,3539,2932,3521
1754273653242036782,0,2866,3540,2933,3522
1754273653244015459,0,2867,3541,2935,3524
1754273653246068383,0,2868,3542,2935,3525
1754273653247987548,0,2870,3543,2936,3526
1754273653250069040,0,2871,3544,2937,3528
1754273653251967991,0,2872,3544,2938,3529
1754273653254027822,0,2873,3545,2939,3530
1754273653256047206,0,2875,3546,2940,3531
1754273653258076003,0,2876,3547,2941,3533
1754273653259982607,0,2878,3548,2942,3534
1754273653262061826,0,2879,3549,2943,3536
1754273653264011514,0,2881,3549,2944,3537
1754273653266099860,0,2882,3550,2945,3538
1754273653268001887,0,2884,3551,2946,3539
1754273653270078057,0,2885,3552,2947,3540
1754273653271961447,0,2886,3553,2948,3542
1754273653274061564,0,2887,3553,2949,3543
1754273653275984709,0,2889,3554,2950,3544
1754273653278006155,0,2890,3555,2951,3545
1754273653280035601,0,2892,3556,2952,3546
1754273653282058111,0,2892,3557,2954,3548
1754273653284038721,0,2894,3558,2955,3549
1754273653286215947,0,2895,3559,2956,3550
1754273653288060065,0,2897,3560,2957,3551
1754273653289978740,0,2898,3561,2957,3552
1754273653291984223,0,2899,3562,2959,3553
1754273653294059282,0,2900,3563,2960,3554
1754273653295978440,0,2901,3564,2961,3555
1754273653298023568,0,2903,3566,2962,3556
1754273653299991085,0,2904,3567,2963,3557
1754273653301971755,0,2905,3568,2964,3558
1754273653304028228,0,2906,3569,2965,3559
1754273653306082546,0,2907,3570,2966,3560
1754273653308015186,0,2908,3571,2967,3561
1754273653310021006,0,2908,3572,2968,3562
1754273653312000353,0,2909,3574,2969,3563
1754273653313983769,0,2910,3575,2970,3564
1754273653316016671,0,2911,3575,2971,3565
1754273653317963248,0,2912,3577,2972,3566
1754273653319920520,0,2912,3579,2973,3566
1754273653321974481,0,2913,3579,2974,3567
1754273653323936241,0,2913,3581,2975,3568
1754273653325949008,0,2914,3582,2976,3569
1754273653327956889,0,2914,3584,2977,3570
1754273653329953050,0,2915,3585,2978,3571
1754273653331989567,0,2915,3586,2980,3572
1754273653333979539,0,2915,3589,2981,3573
1754273653336005069,0,2916,3590,2982,3574
1754273653337998193,0,2916,3592,2983,3575
1754273653339972100,0,2917,3593,2984,3576
1754273653341916851,0,2917,3594,2985,3576
1754273653343895884,0,2918,3595,2986,3577
1754273653346071555,0,2919,3597,2987,3578
1754273653348000133,0,2919,3598,2988,3579
1754273653349996735,0,2920,3599,2989,3579
1754273653351922106,0,2920,3601,2990,3581
1754273653353985812,0,2921,3602,2991,3582
1754273653355949294,0,2922,3604,2992,3583
1754273653358031303,0,2923,3605,2994,3584
1754273653359978281,0,2924,3606,2995,3585
1754273653361947334,0,2925,3608,2996,3586
1754273653363938006,0,2926,3609,2997,3587
1754273653365935041,0,2927,3610,2998,3589
1754273653367973187,0,2928,3612,2999,3590
1754273653369997699,0,2929,3613,3000,3591
1754273653372008204,0,2930,3614,3001,3593
1754273653373989693,0,2932,3616,3002,3594
1754273653376056839,0,2933,3617,3003,3595
1754273653378020796,0,2934,3618,3004,3596
1754273653379970438,0,2935,3620,3005,3597
1754273653381975426,0,2936,3622,3006,3599
1754273653383933437,0,2938,3623,3007,3601
1754273653386037174,0,2939,3624,3008,3602
1754273653387997692,0,2940,3625,3009,3603
1754273653389957269,0,2941,3626,3010,3604
1754273653391939970,0,2942,3627,3011,3606
1754273653393911911,0,2944,3629,3012,3607
1754273653395885035,0,2945,3630,3013,3608
1754273653397885872,0,2946,3631,3014,3610
1754273653399935477,0,2948,3632,3015,3611
1754273653401900815,0,2949,3633,3015,3613
1754273653403913588,0,2950,3634,3017,3614
1754273653405923481,0,2951,3635,3018,3615
1754273653407936515,0,2952,3636,3019,3617
1754273653409908893,0,2953,3637,3020,3618
1754273653411910557,0,2955,3638,3021,3620
1754273653413835485,0,2956,3639,3022,3621
1754273653415896331,0,2957,3640,3023,3622
1754273653417934562,0,2959,3641,3025,3624
1754273653419908608,0,2960,3642,3026,3625
1754273653421868900,0,2962,3643,3027,3626
1754273653423935714,0,2962,3644,3028,3627
1754273653425849795,0,2964,3645,3029,3629
1754273653427908207,0,2965,3646,3030,3630
1754273653429929496,0,2966,3647,3031,3632
1754273653431935882,0,2967,3648,3033,3633
1754273653433924692,0,2969,3649,3034,3634
1754273653435881616,0,2969,3650,3035,3636
1754273653437827201,0,2971,3652,3036,3637
1754273653439865673,0,2972,3653,3037,3638
1754273653441921596,0,2973,3654,3039,3639
1754273653443919199,0,2974,3655,3040,3640
1754273653445867298,0,2975,3656,3041,3642
1754273653447949298,0,2976,3657,3043,3643
1754273653449963074,0,2977,3658,3044,3643
1754273653451971817,0,2978,3659,3045,3645
1754273653453894140,0,2978,3660,3046,3646
1754273653455970626,0,2979,3660,3048,3647
1754273653457907416,0,2981,3661,3049,3648
1754273653459945157,0,2982,3662,3050,3649
1754273653461903918,0,2983,3663,3051,3650
1754273653463903416,0,2984,3664,3053,3652
1754273653465884588,0,2985,3664,3054,3653
1754273653467895202,0,2986,3665,3055,3654
1754273653469868226,0,2987,3666,3056,3655
1754273653471911192,0,2988,3667,3057,3656
1754273653473907916,0,2989,3668,3058,3657
1754273653475826792,0,2990,3669,3059,3658
1754273653477870153,0,2991,3670,3061,3659
1754273653479884233,0,2992,3671,3062,3660
1754273653481859519,0,2993,3672,3063,3661
1754273653483871960,0,2994,3673,3064,3662
1754273653485839679,0,2995,3674,3065,3663
1754273653487891983,0,2996,3675,3067,3663
1754273653489869982,0,2997,3676,3068,3664
1754273653491813504,0,2998,3677,3069,3665
1754273653493813988,0,2999,3678,3070,3666
1754273653495817276,0,2999,3679,3071,3667
1754273653497838802,0,3001,3680,3073,3668
1754273653499818532,0,3001,3681,3074,3669
1754273653501845790,0,3003,3684,3075,3670
1754273653503838157,0,3004,3685,3077,3671
1754273653505904549,0,3005,3686,3077,3672
1754273653507807252,0,3005,3687,3078,3673
1754273653509837215,0,3006,3689,3079,3674
1754273653511833830,0,3007,3690,3081,3675
1754273653513828116,0,3008,3691,3081,3676
1754273653515831712,0,3009,3693,3082,3677
1754273653517820682,0,3011,3694,3083,3677
1754273653519825997,0,3012,3695,3084,3678
1754273653521822456,0,3013,3696,3085,3679
1754273653523790139,0,3014,3698,3086,3680
1754273653525827035,0,3015,3699,3086,3681
1754273653527829390,0,3016,3700,3087,3682
1754273653529834153,0,3018,3701,3088,3683
1754273653531862413,0,3019,3703,3088,3684
1754273653533838897,0,3020,3704,3089,3685
1754273653535844348,0,3021,3706,3089,3686
1754273653537775925,0,3022,3707,3090,3687
1754273653539842128,0,3023,3708,3090,3688
1754273653541895654,0,3024,3709,3091,3689
1754273653543813648,0,3026,3710,3091,3690
1754273653545854663,0,3027,3712,3092,3692
1754273653547843802,0,3028,3713,3092,3693
1754273653549814588,0,3029,3714,3092,3694
1754273653551823927,0,3031,3716,3093,3695
1754273653553745935,0,3032,3717,3093,3696
1754273653555783660,0,3033,3718,3094,3697
1754273653557821448,0,3034,3719,3095,3698
1754273653559831163,0,3034,3720,3095,3700
1754273653561797150,0,3036,3721,3096,3701
1754273653563742314,0,3037,3722,3097,3702
1754273653565747719,0,3039,3724,3098,3703
1754273653567743791,0,3040,3724,3098,3705
1754273653569820912,0,3041,3726,3099,3707
1754273653571790141,0,3042,3727,3099,3708
1754273653573797502,0,3043,3728,3100,3709
1754273653575772310,0,3045,3729,3100,3710
1754273653577697505,0,3047,3730,3101,3711
1754273653579729273,0,3047,3731,3102,3713
1754273653581661679,0,3048,3732,3102,3714
1754273653583749815,0,3049,3733,3103,3715
1754273653585718270,0,3050,3734,3104,3716
1754273653587618652,0,3051,3735,3105,3718
1754273653589696914,0,3052,3736,3106,3719
1754273653591733388,0,3053,3737,3106,3720
1754273653593709605,0,3053,3738,3107,3721
1754273653595657634,0,3054,3739,3108,3723
1754273653597667681,0,3055,3740,3109,3724
1754273653599699367,0,3055,3742,3110,3725
1754273653601692050,0,3056,3742,3111,3726
1754273653603699037,0,3056,3744,3112,3728
1754273653605689325,0,3057,3744,3113,3729
1754273653607710958,0,3057,3745,3114,3730
1754273653609637057,0,3058,3747,3115,3731
1754273653611627169,0,3058,3748,3116,3733
1754273653613654054,0,3058,3749,3118,3734
1754273653615678992,0,3059,3750,3119,3735
1754273653617687438,0,3059,3751,3119,3736
1754273653619660866,0,3059,3752,3121,3737
1754273653621670762,0,3059,3753,3122,3738
1754273653623712829,0,3059,3754,3123,3739
1754273653625748680,0,3059,3755,3124,3741
1754273653627702051,0,3060,3756,3126,3742
1754273653629659839,0,3060,3757,3127,3743
1754273653631694926,0,3060,3758,3128,3744
1754273653633590854,0,3060,3759,3129,3745
1754273653635612222,0,3060,3760,3130,3746
1754273653637608040,0,3059,3761,3131,3748
1754273653639674645,0,3060,3762,3133,3749
1754273653641607323,0,3060,3762,3134,3750
1754273653643680272,0,3060,3763,3135,3751
1754273653645613981,0,3060,3764,3136,3752
1754273653647725064,0,3060,3765,3137,3753
1754273653649658521,0,3060,3765,3138,3754
1754273653651671104,0,3060,3766,3140,3755
1754273653653692267,0,3060,3767,3140,3757
1754273653655700923,0,3060,3768,3142,3758
1754273653657582091,0,3060,3768,3143,3758
1754273653659616806,0,3060,3769,3144,3760
1754273653661555738,0,3060,3770,3146,3760
1754273653663663985,0,3060,3771,3146,3762
1754273653665696151,0,3060,3772,3148,3763
1754273653667741817,0,3060,3772,3149,3764
1754273653669692157,0,3060,3773,3150,3765
1754273653671717338,0,3060,3773,3151,3766
1754273653673655262,0,3060,3774,3153,3767
1754273653675625732,0,3060,3775,3154,3767
1754273653677710996,0,3060,3775,3155,3768
1754273653679706009,0,3060,3776,3156,3769
1754273653681634800,0,3060,3777,3157,3770
1754273653683611885,0,3060,3777,3158,3771
1754273653685719657,0,3060,3778,3159,3772
1754273653687625750,0,3060,3779,3160,3772
1754273653689698633,0,3060,3779,3162,3773
1754273653691693557,0,3060,3780,3162,3774
1754273653693716777,0,3060,3781,3164,3775
1754273653695680943,0,3060,3782,3165,3776
1754273653697716024,0,3060,3783,3166,3777
1754273653699723510,0,3060,3783,3167,3777
1754273653701661280,0,3060,3784,3168,3778
1754273653703654170,0,3060,3785,3169,3779
1754273653705654307,0,3060,3786,3170,3779
1754273653707601131,0,3060,3787,3171,3780
1754273653709589023,0,3060,3787,3173,3781
1754273653711579430,0,3060,3788,3174,3781
1754273653713571360,0,3060,3789,3175,3782
1754273653715613455,0,3060,3790,3176,3783
1754273653717612942,0,3060,3790,3177,3784
1754273653719672336,0,3060,3791,3178,3784
1754273653721629284,0,3060,3792,3180,3785
1754273653723695837,0,3060,3793,3181,3785
1754273653725765448,0,3060,3794,3182,3786
1754273653727510708,0,3060,3795,3183,3787
1754273653729477406,0,3060,3795,3183,3787
1754273653731443751,0,3060,3796,3184,3788
1754273653733567031,0,3061,3797,3185,3789
1754273653735502951,0,3061,3798,3186,3789
1754273653737530061,0,3061,3798,3187,3790
1754273653739577742,0,3061,3799,3188,3791
1754273653741573746,0,3062,3800,3189,3791
1754273653743558128,0,3062,3801,3189,3792
1754273653745623356,0,3062,3801,3190,3793
1754273653747521109,0,3063,3802,3191,3793
1754273653749668840,0,3064,3803,3191,3794
1754273653751551903,0,3064,3803,3191,3795
1754273653753709863,0,3065,3804,3192,3796
1754273653755509150,0,3066,3805,3192,3796
1754273653757506987,0,3066,3806,3193,3797
1754273653759431888,0,3067,3806,3193,3798
1754273653761434478,0,3068,3807,3194,3799
1754273653763469667,0,3069,3808,3194,3799
1754273653765456693,0,3069,3808,3195,3800
1754273653767486229,0,3070,3808,3195,3800
1754273653769533263,0,3071,3809,3196,3801
1754273653771474891,0,3072,3809,3196,3802
1754273653773535530,0,3073,3809,3196,3803
1754273653775453919,0,3074,3810,3197,3803
1754273653777443884,0,3074,3810,3197,3804
1754273653779483848,0,3075,3810,3197,3805
1754273653781476884,0,3076,3811,3197,3806
1754273653783488825,0,3077,3811,3198,3806
1754273653785513645,0,3078,3811,3198,3807
1754273653787589493,0,3078,3812,3198,3807
1754273653789550592,0,3079,3812,3199,3808
1754273653791577825,0,3080,3812,3199,3809
1754273653793444852,0,3080,3812,3199,3809
1754273653795425803,0,3081,3813,3200,3810
1754273653797437027,0,3082,3813,3200,3811
1754273653799505397,0,3083,3813,3200,3811
1754273653801463937,0,3083,3813,3201,3812
1754273653803620658,0,3084,3814,3201,3813
1754273653805460335,0,3085,3814,3201,3813
1754273653807549120,0,3085,3814,3201,3813
1754273653809464250,0,3086,3814,3202,3814
1754273653811677375,0,3086,3814,3202,3815
1754273653813467794,0,3087,3815,3202,3815
1754273653815477629,0,3087,3816,3203,3815
1754273653817470446,0,3087,3816,3203,3816
1754273653819445030,0,3088,3816,3204,3816
1754273653821532562,0,3088,3816,3204,3817
1754273653823554412,0,3088,3817,3205,3817
1754273653825509457,0,3088,3817,3205,3818
1754273653827729139,0,3088,3818,3206,3818
1754273653829485753,0,3088,3819,3207,3818
1754273653831666231,0,3088,3819,3207,3819
1754273653833515314,0,3088,3820,3208,3819
1754273653835593266,0,3088,3820,3209,3819
1754273653837428183,0,3088,3821,3210,3820
1754273653839609552,0,3088,3822,3211,3820
1754273653841438002,0,3088,3823,3212,3820
1754273653843435745,0,3088,3824,3212,3821
1754273653845512098,0,3088,3824,3213,3821
1754273653847505406,0,3088,3826,3214,3821
1754273653849423658,0,3088,3827,3215,3821
1754273653851390839,0,3088,3828,3216,3822
1754273653853436429,0,3088,3829,3217,3822
1754273653855431921,0,3088,3830,3217,3823
1754273653857449814,0,3088,3831,3218,3823
1754273653859425249,0,3088,3832,3219,3823
1754273653861425024,0,3088,3834,3219,3824
1754273653863398519,0,3088,3835,3220,3824
1754273653865484701,0,3088,3836,3220,3825
1754273653867438278,0,3088,3837,3221,3825
1754273653869458512,0,3088,3838,3221,3826
1754273653871419843,0,3088,3839,3222,3826
1754273653873436799,0,3089,3841,3222,3827
1754273653875400867,0,3089,3841,3223,3827
1754273653877376622,0,3089,3842,3223,3828
1754273653879466170,0,3090,3843,3223,3828
1754273653881429421,0,3090,3843,3224,3829
1754273653883394068,0,3090,3844,3224,3830
1754273653885387839,0,3091,3844,3225,3831
1754273653887367285,0,3091,3845,3225,3831
1754273653889409903,0,3092,3845,3225,3832
1754273653891385081,0,3092,3845,3225,3833
1754273653893494444,0,3093,3846,3226,3833
1754273653895453944,0,3093,3846,3226,3835
1754273653897769855,0,3093,3846,3227,3836
1754273653899380269,0,3094,3846,3227,3836
1754273653901407856,0,3094,3846,3227,3837
1754273653903410730,0,3095,3846,3227,3838
1754273653905341785,0,3095,3846,3228,3839
1754273653907359295,0,3096,3846,3228,3840
1754273653909500609,0,3096,3845,3228,3841
1754273653911347186,0,3096,3845,3228,3842
1754273653913320428,0,3097,3845,3228,3842
1754273653915360650,0,3097,3845,3228,3843
1754273653917367390,0,3098,3845,3229,3844
1754273653919395040,0,3098,3845,3229,3845
1754273653921403329,0,3098,3845,3229,3846
1754273653923429860,0,3099,3846,3229,3847
1754273653925403437,0,3099,3846,3229,3847
1754273653927358070,0,3099,3846,3229,3848
1754273653929427299,0,3099,3847,3229,3849
1754273653931325558,0,3099,3847,3230,3849
1754273653933267025,0,3099,3848,3230,3850
1754273653935351779,0,3100,3848,3231,3850
1754273653937331979,0,3100,3849,3231,3851
1754273653939385397,0,3100,3849,3231,3852
1754273653941346276,0,3100,3850,3232,3852
1754273653943300229,0,3100,3850,3232,3852
1754273653945241508,0,3100,3851,3232,3853
1754273653947294141,0,3100,3851,3233,3853
1754273653949306215,0,3100,3853,3234,3854
1754273653951331128,0,3100,3853,3234,3854
1754273653953384350,0,3100,3854,3235,3854
1754273653955306900,0,3100,3854,3236,3855
1754273653957270502,0,3100,3855,3237,3855
1754273653959332046,0,3100,3856,3238,3855
1754273653961328354,0,3100,3857,3238,3855
1754273653963320848,0,3100,3858,3239,3855
1754273653965362151,0,3100,3859,3240,3856
1754273653967453967,0,3100,3860,3240,3856
1754273653969322229,0,3100,3861,3241,3856
1754273653971361427,0,3100,3862,3242,3857
1754273653973284845,0,3100,3863,3243,3857
1754273653975360727,0,3100,3864,3244,3857
1754273653977289314,0,3100,3865,3245,3857
1754273653979353829,0,3100,3866,3246,3858
1754273653981219107,0,3100,3867,3247,3858
1754273653983274930,0,3100,3868,3248,3858
1754273653985236952,0,3100,3869,3248,3859
1754273653987233280,0,3100,3869,3249,3860
1754273653989309225,0,3100,3870,3250,3860
1754273653991405631,0,3100,3871,3251,3860
1754273653993354715,0,3100,3872,3252,3861
1754273653995327837,0,3100,3873,3253,3862
1754273653997336876,0,3100,3873,3254,3862
1754273653999276636,0,3100,3875,3254,3863
1754273654001387270,0,3100,3875,3255,3863
1754273654003313888,0,3100,3876,3255,3864
1754273654005270490,0,3100,3877,3256,3865
1754273654007299132,0,3100,3877,3256,3865
1754273654009294018,0,3100,3878,3256,3867
1754273654011273004,0,3100,3879,3257,3868
1754273654013239075,0,3100,3880,3257,3868
1754273654015287749,0,3100,3880,3257,3869
1754273654017254179,0,3100,3881,3257,3870
1754273654019265222,0,3100,3882,3258,3870
1754273654021271690,0,3100,3882,3258,3871
1754273654023332341,0,3100,3883,3258,3872
1754273654025269059,0,3100,3885,3258,3873
1754273654027202170,0,3100,3885,3258,3874
1754273654029244533,0,3100,3885,3258,3874
1754273654031221305,0,3100,3886,3258,3875
1754273654033199634,0,3100,3887,3258,3876
1754273654035218826,0,3100,3888,3258,3876
1754273654037221449,0,3100,3888,3258,3877
1754273654039208358,0,3100,3889,3258,3878
1754273654041300212,0,3100,3890,3258,3879
1754273654043291332,0,3100,3891,3259,3880
1754273654045238488,0,3100,3892,3259,3880
1754273654047164335,0,3100,3893,3259,3881
1754273654049239832,0,3100,3894,3259,3882
1754273654051167650,0,3100,3895,3260,3883
1754273654053113119,0,3100,3896,3260,3884
1754273654055172934,0,3100,3897,3260,3885
1754273654057212699,0,3100,3898,3260,3886
1754273654059189014,0,3100,3899,3261,3886
1754273654061141859,0,3100,3900,3261,3887
1754273654063224287,0,3100,3900,3261,3888
1754273654065220358,0,3100,3901,3262,3889
1754273654067230374,0,3100,3902,3262,3890
1754273654069127593,0,3100,3903,3263,3891
1754273654071219658,0,3100,3904,3264,3892
1754273654073259575,0,3100,3905,3265,3893
1754273654075289491,0,3100,3906,3265,3893
1754273654077217729,0,3100,3907,3266,3894
1754273654079192017,0,3100,3907,3266,3895
1754273654081129537,0,3100,3908,3267,3896
1754273654083080098,0,3100,3909,3268,3897
1754273654085190611,0,3100,3910,3268,3898
1754273654087150928,0,3100,3911,3268,3899
1754273654089239189,0,3100,3912,3269,3900
1754273654091140462,0,3100,3913,3270,3900
1754273654093152815,0,3100,3914,3270,3901
1754273654095169809,0,3100,3915,3271,3902
1754273654097168756,0,3100,3916,3272,3903
1754273654099158432,0,3100,3916,3273,3904
1754273654101122378,0,3100,3917,3274,3904
1754273654103138852,0,3100,3918,3274,3905
1754273654105075931,0,3100,3919,3275,3906
1754273654107121881,0,3100,3920,3276,3907
1754273654109094057,0,3100,3921,3276,3908
1754273654111151069,0,3100,3922,3277,3908
1754273654113078566,0,3100,3923,3277,3909
1754273654115117544,0,3100,3923,3278,3910
1754273654117069996,0,3100,3924,3279,3911
1754273654119059366,0,3100,3925,3279,3912
1754273654121104547,0,3100,3926,3280,3913
1754273654123118166,0,3100,3927,3281,3913
1754273654125094207,0,3100,3927,3281,3914
1754273654127108063,0,3100,3928,3282,3915
1754273654129049227,0,3100,3929,3282,3916
1754273654131099619,0,3101,3930,3283,3917
1754273654133112965,0,3100,3930,3284,3918
1754273654135122825,0,3100,3932,3284,3919
1754273654137164022,0,3100,3933,3285,3919
1754273654139097922,0,3100,3933,3286,3920
1754273654141030091,0,3100,3934,3287,3921
1754273654143141246,0,3100,3934,3288,3922
1754273654145077143,0,3100,3935,3289,3923
1754273654147029494,0,3100,3936,3290,3923
1754273654149102727,0,3100,3937,3290,3924
1754273654151060430,0,3100,3937,3291,3925
1754273654153042566,0,3100,3938,3292,3926
1754273654155194657,0,3100,3939,3293,3927
1754273654157054568,0,3101,3940,3294,3928
1754273654159011036,0,3100,3941,3295,3928
1754273654161039660,0,3100,3941,3295,3929
1754273654163034182,0,3101,3942,3296,3930
1754273654165123423,0,3100,3943,3297,3931
1754273654167069973,0,3100,3944,3298,3932
1754273654169061602,0,3101,3944,3298,3933
1754273654171020497,0,3101,3945,3299,3934
1754273654173041057,0,3100,3946,3300,3934
1754273654175112909,0,3100,3946,3301,3935
1754273654177092005,0,3101,3947,3302,3936
1754273654179040432,0,3100,3948,3303,3937
1754273654181040470,0,3101,3948,3303,3937
1754273654182991883,0,3101,3949,3304,3938
1754273654184971224,0,3101,3950,3305,3939
1754273654187030259,0,3101,3951,3306,3940
1754273654189017802,0,3101,3952,3307,3941
1754273654191028410,0,3100,3952,3308,3942
1754273654193002255,0,3101,3953,3309,3942
1754273654195010589,0,3101,3954,3310,3943
1754273654196970110,0,3100,3955,3311,3944
1754273654198955267,0,3101,3956,3312,3945
1754273654201025197,0,3101,3956,3313,3946
1754273654203037430,0,3101,3957,3313,3947
1754273654205073704,0,3100,3958,3314,3947
1754273654207073184,0,3101,3958,3315,3948
1754273654208990164,0,3101,3960,3316,3949
1754273654210956420,0,3100,3960,3317,3950
1754273654212982608,0,3101,3961,3318,3950
1754273654214987629,0,3101,3962,3319,3951
1754273654217017466,0,3101,3963,3320,3952
1754273654219088315,0,3100,3964,3320,3953
1754273654221035522,0,3101,3964,3321,3954
1754273654222995483,0,3101,3965,3322,3955
1754273654224977072,0,3101,3966,3323,3955
1754273654227006482,0,3100,3966,3323,3956
1754273654228987960,0,3101,3967,3324,3956
1754273654231087799,0,3101,3968,3324,3957
1754273654232974864,0,3100,3969,3325,3958
1754273654234999238,0,3100,3969,3326,3959
1754273654237041192,0,3101,3970,3326,3960
1754273654238987415,0,3100,3971,3326,3960
1754273654241022933,0,3101,3971,3327,3961
1754273654243076705,0,3101,3971,3327,3963
1754273654245044605,0,3101,3972,3328,3964
1754273654246989650,0,3100,3972,3328,3964
1754273654248928132,0,3101,3972,3329,3965
1754273654250959321,0,3101,3972,3329,3966
1754273654253039201,0,3101,3973,3330,3967
1754273654254990670,0,3101,3973,3331,3967
1754273654257013666,0,3100,3973,3331,3968
1754273654258958495,0,3101,3973,3332,3969
1754273654260953115,0,3100,3973,3332,3970
1754273654262962786,0,3101,3973,3333,3971
1754273654264962344,0,3101,3973,3333,3971
1754273654266973320,0,3101,3973,3334,3971
1754273654268983669,0,3101,3973,3335,3972
1754273654270902427,0,3101,3973,3335,3973
1754273654272907677,0,3100,3973,3336,3974
1754273654274876327,0,3101,3974,3337,3974
1754273654276910783,0,3101,3973,3337,3974
1754273654278938020,0,3101,3973,3338,3975
1754273654280959656,0,3101,3974,3339,3976
1754273654282947394,0,3101,3973,3339,3976
1754273654284917878,0,3101,3974,3340,3976
1754273654286925690,0,3101,3974,3341,3977
1754273654288955232,0,3101,3974,3341,3977
1754273654290972095,0,3101,3974,3342,3977
1754273654292973181,0,3101,3974,3343,3978
1754273654294857594,0,3101,3974,3344,3978
1754273654296886089,0,3101,3975,3344,3978
1754273654298854628,0,3101,3975,3346,3979
1754273654300919716,0,3101,3976,3346,3979
1754273654302895230,0,3101,3976,3347,3979
1754273654304887667,0,3101,3977,3347,3979
1754273654306842559,0,3101,3977,3348,3979
1754273654308923198,0,3101,3978,3348,3980
1754273654310918909,0,3101,3978,3350,3980
1754273654312923419,0,3101,3979,3350,3980
1754273654314857988,0,3101,3979,3351,3980
1754273654316866542,0,3101,3980,3352,3980
1754273654318890968,0,3101,3981,3353,3980
1754273654320870375,0,3101,3981,3353,3980
1754273654322925879,0,3101,3982,3354,3981
1754273654324885536,0,3101,3983,3354,3981
1754273654326954202,0,3101,3983,3355,3981
1754273654328881713,0,3100,3984,3356,3981
1754273654330907967,0,3100,3984,3356,3981
1754273654332900653,0,3100,3985,3356,3981
1754273654334911711,0,3101,3985,3357,3981
1754273654336908723,0,3100,3986,3357,3981
1754273654338878322,0,3101,3986,3357,3981
1754273654340937450,0,3100,3986,3357,3981
1754273654342924256,0,3100,3987,3357,3981
1754273654344998704,0,3101,3987,3357,3981
1754273654346879787,0,3101,3987,3357,3981
1754273654348866718,0,3101,3987,3357,3981
1754273654350906148,0,3101,3987,3357,3981
1754273654352901374,0,3100,3987,3357,3981
1754273654354873078,0,3101,3987,3357,3981
1754273654356859929,0,3101,3987,3357,3981
1754273654358883830,0,3101,3987,3357,3982
1754273654360878766,0,3101,3987,3357,3982
1754273654362900824,0,3101,3986,3357,3982
1754273654364856771,0,3101,3986,3356,3982
1754273654366889742,0,3100,3986,3356,3983
1754273654368863842,0,3101,3986,3356,3983
1754273654370845185,0,3101,3985,3356,3983
1754273654372847884,0,3101,3985,3356,3983
1754273654374936701,0,3101,3984,3357,3984
1754273654376866268,0,3101,3984,3357,3984
1754273654378863585,0,3100,3983,3357,3984
1754273654380858807,0,3101,3983,3357,3985
1754273654382908298,0,3101,3982,3357,3985
1754273654384891683,0,3101,3982,3357,3985
1754273654386877311,0,3100,3981,3357,3985
1754273654388862476,0,3101,3981,3357,3985
1754273654390849714,0,3101,3980,3357,3985
1754273654392818140,0,3101,3980,3358,3986
1754273654394826762,0,3101,3980,3358,3986
1754273654396860099,0,3101,3979,3358,3986
1754273654398934696,0,3101,3979,3358,3986
1754273654400973154,0,3101,3980,3358,3986
1754273654402820241,0,3100,3979,3358,3986
1754273654404929930,0,3101,3979,3359,3986
1754273654406868303,0,3101,3979,3359,3986
1754273654408922874,0,3101,3980,3359,3986
1754273654410914030,0,3101,3980,3359,3986
1754273654412898256,0,3100,3980,3360,3986
1754273654414843155,0,3101,3980,3360,3986
1754273654416842327,0,3100,3980,3360,3986
1754273654418843999,0,3101,3980,3360,3986
1754273654420940387,0,3101,3980,3360,3986
1754273654422856060,0,3100,3980,3360,3986
1754273654424853732,0,3101,3980,3360,3986
1754273654426855680,0,3100,3980,3359,3986
1754273654428811048,0,3101,3980,3359,3986
1754273654430779078,0,3101,3980,3359,3986
1754273654432811770,0,3100,3980,3359,3986
1754273654434824911,0,3101,3980,3359,3986
1754273654436855421,0,3101,3980,3359,3986
1754273654438805971,0,3101,3980,3359,3986
1754273654440821375,0,3101,3980,3359,3986
1754273654442802797,0,3101,3980,3359,3986
1754273654444817203,0,3100,3980,3359,3986
1754273654446791867,0,3101,3980,3359,3986
1754273654448833715,0,3101,3980,3359,3986
1754273654450878296,0,3101,3979,3359,3986
1754273654452751679,0,3100,3979,3359,3986
1754273654454829313,0,3101,3979,3359,3986
1754273654456817907,0,3100,3979,3359,3986
1754273654458767916,0,3101,3979,3359,3986
1754273654460836640,0,3100,3978,3359,3986
1754273654462778332,0,3101,3978,3359,3986
1754273654464797408,0,3101,3977,3360,3986
1754273654466836534,0,3101,3977,3360,3986
1754273654468805988,0,3100,3977,3360,3986
1754273654470818622,0,3100,3976,3360,3986
1754273654472822255,0,3100,3975,3360,3986
1754273654474776323,0,3100,3975,3361,3986
1754273654476765192,0,3100,3974,3361,3986
1754273654478746511,0,3101,3973,3361,3986
1754273654480708731,0,3101,3972,3361,3986
1754273654482781544,0,3101,3971,3361,3986
1754273654484777390,0,3101,3971,3361,3986
1754273654486781504,0,3101,3970,3361,3986
1754273654488739787,0,3100,3969,3362,3986
1754273654490772295,0,3100,3968,3361,3986
1754273654492735573,0,3101,3966,3361,3986
1754273654494742532,0,3100,3965,3361,3986
1754273654496720245,0,3101,3964,3361,3986
1754273654498703997,0,3101,3963,3361,3986
1754273654500707356,0,3101,3963,3361,3986
1754273654502708413,0,3100,3962,3361,3986
1754273654504717396,0,3100,3961,3361,3986
1754273654506786930,0,3101,3960,3361,3986
1754273654508731732,0,3100,3959,3361,3986
1754273654510724498,0,3101,3958,3361,3986
1754273654512747416,0,3100,3958,3361,3986
1754273654514722011,0,3100,3957,3360,3986
1754273654516770270,0,3100,3956,3360,3986
1754273654518729996,0,3100,3955,3360,3986
1754273654520777855,0,3100,3955,3360,3986
1754273654522772533,0,3100,3954,3360,3986
1754273654524740696,0,3100,3953,3360,3986
1754273654526780848,0,3100,3952,3360,3985
1754273654528785805,0,3101,3952,3360,3985
1754273654530783397,0,3100,3951,3360,3985
1754273654532785928,0,3100,3950,3360,3985
1754273654534751624,0,3100,3949,3360,3984
1754273654536728495,0,3100,3948,3360,3984
1754273654538739179,0,3100,3948,3360,3984
1754273654540820682,0,3100,3947,3360,3983
1754273654542749670,0,3100,3946,3360,3983
1754273654544789516,0,3100,3945,3360,3982
1754273654546757926,0,3100,3944,3360,3982
1754273654548755829,0,3100,3943,3360,3981
1754273654550719424,0,3100,3941,3360,3980
1754273654552713510,0,3100,3941,3360,3980
1754273654554711872,0,3100,3939,3360,3979
1754273654556690876,0,3100,3938,3360,3978
1754273654558632929,0,3100,3937,3360,3978
1754273654560619491,0,3100,3935,3360,3977
1754273654562631324,0,3100,3934,3360,3976
1754273654564671188,0,3100,3933,3360,3975
1754273654566718737,0,3100,3932,3360,3974
1754273654568688324,0,3100,3930,3360,3974
1754273654570664510,0,3100,3929,3360,3972
1754273654572667753,0,3100,3928,3360,3972
1754273654574610241,0,3100,3927,3360,3971
1754273654576722366,0,3100,3925,3360,3970
1754273654578614710,0,3100,3924,3360,3969
1754273654580724094,0,3100,3923,3360,3967
1754273654582710194,0,3100,3921,3360,3967
1754273654584690661,0,3100,3920,3360,3965
1754273654586572343,0,3100,3919,3360,3964
1754273654588601994,0,3100,3918,3360,3963
1754273654590578631,0,3100,3916,3360,3961
1754273654592629788,0,3100,3915,3360,3960
1754273654594703445,0,3100,3914,3360,3959
1754273654596597825,0,3100,3912,3360,3958
1754273654598666827,0,3101,3911,3361,3956
1754273654600606221,0,3101,3910,3360,3955
1754273654602642200,0,3101,3908,3360,3954
1754273654604602862,0,3101,3907,3360,3953
1754273654606684125,0,3102,3906,3360,3952
1754273654608607387,0,3102,3905,3360,3950
1754273654610661949,0,3103,3903,3359,3949
1754273654612643111,0,3103,3902,3359,3948
1754273654614646730,0,3104,3901,3359,3946
1754273654616640260,0,3105,3900,3358,3945
1754273654618651616,0,3105,3898,3358,3944
1754273654620560396,0,3106,3897,3358,3942
1754273654622655953,0,3107,3896,3357,3941
1754273654624662388,0,3107,3894,3357,3939
1754273654626642864,0,3108,3894,3356,3938
1754273654628652278,0,3109,3892,3356,3936
1754273654630640279,0,3110,3890,3355,3935
1754273654632703978,0,3111,3889,3354,3934
1754273654634637311,0,3113,3887,3354,3933
1754273654636685469,0,3113,3887,3353,3931
1754273654638615527,0,3115,3885,3353,3930
1754273654640679444,0,3116,3883,3352,3928
1754273654642497625,0,3117,3882,3352,3927
1754273654644501110,0,3118,3881,3351,3926
1754273654646521169,0,3120,3880,3351,3924
1754273654648505960,0,3121,3878,3350,3923
1754273654650515983,0,3123,3878,3349,3922
1754273654652516043,0,3125,3876,3349,3920
1754273654654517272,0,3126,3875,3348,3919
1754273654656496164,0,3128,3873,3348,3918
1754273654658512628,0,3129,3872,3347,3916
1754273654660523799,0,3131,3871,3347,3915
1754273654662596709,0,3132,3870,3346,3913
1754273654664582227,0,3133,3869,3346,3912
1754273654666510001,0,3134,3867,3345,3910
1754273654668467809,0,3135,3866,3345,3909
1754273654670490060,0,3136,3865,3344,3908
1754273654672633820,0,3137,3864,3343,3906
1754273654674531151,0,3137,3863,3343,3905
1754273654676719671,0,3137,3862,3342,3904
1754273654678568399,0,3137,3861,3341,3902
1754273654680532908,0,3137,3859,3341,3901
1754273654682490822,0,3137,3858,3340,3900
1754273654684472800,0,3137,3857,3340,3898
1754273654686461781,0,3136,3856,3339,3897
1754273654688524245,0,3136,3856,3338,3896
1754273654690533691,0,3135,3854,3338,3894
1754273654692783420,0,3134,3853,3337,3893
1754273654694471268,0,3133,3853,3336,3892
1754273654696628805,0,3132,3852,3336,3891
1754273654698504527,0,3131,3851,3335,3889
1754273654700749183,0,3130,3850,3334,3888
1754273654702529749,0,3128,3849,3334,3887
1754273654704668389,0,3127,3849,3333,3886
1754273654706502157,0,3125,3848,3332,3884
1754273654708490937,0,3123,3847,3332,3883
1754273654710508169,0,3122,3846,3331,3882
1754273654712519849,0,3120,3846,3331,3881
1754273654714590614,0,3119,3845,3330,3880
1754273654716454331,0,3117,3845,3329,3879
1754273654718431499,0,3115,3845,3328,3878
1754273654720411132,0,3113,3844,3327,3877
1754273654722443814,0,3112,3844,3326,3876
1754273654724423112,0,3111,3844,3325,3875
1754273654726444076,0,3109,3844,3325,3874
1754273654728493655,0,3107,3843,3324,3873
1754273654730474541,0,3106,3843,3323,3872
1754273654732515997,0,3105,3842,3323,3871
1754273654734459866,0,3104,3842,3322,3870
1754273654736427097,0,3103,3841,3321,3869
1754273654738412260,0,3102,3841,3320,3868
1754273654740366119,0,3101,3840,3319,3868
1754273654742543014,0,3100,3840,3318,3867
1754273654744487931,0,3099,3839,3318,3865
1754273654746451255,0,3098,3838,3317,3864
1754273654748494035,0,3097,3837,3316,3863
1754273654750523174,0,3097,3837,3315,3862
1754273654752530391,0,3096,3835,3315,3862
1754273654754685848,0,3095,3834,3314,3862
1754273654756576904,0,3095,3833,3313,3861
1754273654758736558,0,3095,3832,3312,3860
1754273654760566091,0,3094,3830,3311,3860
1754273654762690338,0,3094,3829,3311,3859
1754273654764498976,0,3093,3827,3310,3859
1754273654766694916,0,3093,3826,3309,3858
1754273654768489263,0,3093,3824,3309,3858
1754273654770693075,0,3092,3822,3308,3857
1754273654772592104,0,3092,3821,3307,3856
1754273654774593548,0,3092,3819,3306,3855
1754273654776416249,0,3091,3817,3305,3855
1754273654778485928,0,3091,3815,3304,3855
1754273654780414053,0,3090,3813,3303,3854
1754273654782351511,0,3090,3810,3303,3854
1754273654784401505,0,3090,3808,3302,3853
1754273654786397411,0,3089,3806,3301,3852
1754273654788402431,0,3088,3804,3300,3852
1754273654790355347,0,3088,3802,3299,3851
1754273654792351873,0,3087,3800,3299,3850
1754273654794462936,0,3087,3798,3298,3849
1754273654796383081,0,3086,3796,3297,3848
1754273654798400117,0,3085,3795,3296,3847
1754273654800402098,0,3084,3793,3296,3846
1754273654802357516,0,3083,3791,3295,3845
1754273654804378409,0,3083,3789,3294,3844
1754273654806396215,0,3081,3788,3293,3843
1754273654808395700,0,3081,3787,3292,3841
1754273654810407735,0,3080,3785,3291,3840
1754273654812387636,0,3079,3784,3290,3838
1754273654814329673,0,3078,3783,3290,3837
1754273654816318992,0,3077,3782,3289,3836
1754273654818315252,0,3076,3781,3288,3833
1754273654820333176,0,3075,3780,3287,3832
1754273654822313625,0,3074,3779,3286,3830
1754273654824384565,0,3073,3779,3285,3829
1754273654826357500,0,3072,3778,3284,3827
1754273654828357019,0,3071,3777,3283,3826
1754273654830342982,0,3070,3776,3282,3823
1754273654832358707,0,3069,3775,3282,3822
1754273654834361332,0,3068,3775,3281,3820
1754273654836336554,0,3067,3774,3280,3819
1754273654838455948,0,3066,3774,3279,3817
1754273654840625741,0,3065,3773,3278,3815
1754273654842464021,0,3064,3773,3277,3813
1754273654844338624,0,3063,3772,3276,3811
1754273654846455456,0,3062,3771,3275,3809
1754273654848545566,0,3061,3771,3275,3808
1754273654850302481,0,3059,3769,3273,3806
1754273654852311548,0,3058,3769,3272,3803
1754273654854286745,0,3057,3768,3271,3802
1754273654856313198,0,3056,3766,3270,3801
1754273654858362722,0,3055,3765,3269,3799
1754273654860328930,0,3053,3764,3268,3798
1754273654862318977,0,3052,3763,3268,3796
1754273654864309188,0,3050,3762,3266,3795
1754273654866299305,0,3049,3760,3266,3794
1754273654868322246,0,3048,3759,3265,3793
1754273654870317412,0,3046,3758,3264,3791
1754273654872384320,0,3045,3756,3262,3790
1754273654874374102,0,3042,3754,3262,3789
1754273654876290562,0,3040,3752,3261,3788
1754273654878238694,0,3039,3750,3260,3786
1754273654880270866,0,3038,3749,3259,3785
1754273654882315053,0,3036,3747,3258,3784
1754273654884299774,0,3034,3745,3257,3783
1754273654886315136,0,3033,3744,3256,3781
1754273654888288490,0,3030,3742,3255,3780
1754273654890314331,0,3028,3740,3254,3779
1754273654892256208,0,3027,3738,3253,3778
1754273654894261329,0,3025,3736,3252,3777
1754273654896387943,0,3023,3733,3251,3776
1754273654898275293,0,3022,3732,3250,3774
1754273654900338518,0,3020,3730,3249,3773
1754273654902373774,0,3018,3729,3248,3773
1754273654904317941,0,3015,3725,3246,3771
1754273654906258671,0,3013,3724,3245,3770
1754273654908262440,0,3012,3722,3245,3769
1754273654910315978,0,3010,3720,3244,3768
1754273654912294366,0,3009,3718,3243,3767
1754273654914345595,0,3007,3716,3242,3766
1754273654916301162,0,3005,3714,3241,3765
1754273654918288473,0,3004,3712,3240,3764
1754273654920255181,0,3002,3710,3239,3762
1754273654922245006,0,3001,3708,3238,3761
1754273654924251589,0,3000,3707,3237,3759
1754273654926267540,0,2999,3706,3236,3758
1754273654928248769,0,2998,3704,3234,3757
1754273654930276421,0,2996,3702,3233,3755
1754273654932273563,0,2995,3701,3232,3754
1754273654933293383,0,2995,3700,3231,3753
1754273654935308414,0,2994,3699,3231,3751
1754273654937300385,0,2993,3697,3230,3750
1754273654939272833,0,2993,3696,3228,3748
1754273654941307224,0,2992,3694,3227,3746
1754273654943281462,0,2992,3693,3226,3744
1754273654945216581,0,2991,3692,3225,3743
1754273654947238597,0,2990,3690,3224,3741
1754273654949210231,0,2989,3689,3223,3739
1754273654951269085,0,2989,3688,3222,3738
1754273654953225970,0,2988,3687,3221,3736
1754273654955238998,0,2988,3685,3220,3734
1754273654957331717,0,2987,3684,3219,3732
1754273654959230896,0,2986,3682,3218,3730
1754273654961267345,0,2986,3681,3216,3728
1754273654963233302,0,2985,3680,3215,3726
1754273654965236449,0,2984,3679,3214,3724
1754273654967283518,0,2983,3677,3213,3722
1754273654969174599,0,2983,3676,3212,3720
1754273654971200783,0,2982,3674,3211,3718
1754273654973162123,0,2981,3673,3210,3717
1754273654975182176,0,2979,3672,3209,3715
1754273654977154605,0,2978,3670,3208,3713
1754273654979182720,0,2977,3669,3206,3711
1754273654981190626,0,2976,3667,3205,3709
1754273654983182913,0,2975,3666,3204,3708
1754273654985220949,0,2974,3664,3203,3705
1754273654987176043,0,2973,3663,3202,3704
1754273654989270731,0,2971,3661,3200,3702
1754273654991147967,0,2970,3660,3199,3700
1754273654993104010,0,2969,3659,3197,3698
1754273654995150445,0,2968,3657,3196,3696
1754273654997136576,0,2967,3656,3195,3695
1754273654999246455,0,2965,3654,3194,3693
1754273655001129030,0,2964,3652,3192,3691
1754273655003144486,0,2962,3650,3191,3690
1754273655005128235,0,2961,3649,3191,3689
1754273655007240811,0,2959,3647,3189,3687
1754273655009145309,0,2957,3646,3188,3685
1754273655011209851,0,2956,3644,3187,3684
1754273655013171318,0,2954,3643,3186,3683
1754273655015134298,0,2952,3642,3185,3681
1754273655017148520,0,2951,3640,3183,3679
1754273655019155834,0,2949,3639,3183,3678
1754273655021173419,0,2948,3638,3181,3677
1754273655023091868,0,2946,3637,3180,3675
1754273655025115472,0,2944,3636,3179,3674
1754273655027088460,0,2943,3635,3177,3672
1754273655029152285,0,2941,3633,3176,3671
1754273655031135677,0,2940,3632,3175,3669
1754273655033214273,0,2939,3631,3174,3668
1754273655035147792,0,2937,3630,3172,3666
1754273655037111909,0,2936,3629,3171,3665
1754273655039104912,0,2934,3628,3170,3663
1754273655041149225,0,2933,3627,3169,3662
1754273655043194713,0,2932,3626,3167,3661
1754273655045172800,0,2931,3626,3166,3659
1754273655047111463,0,2929,3624,3165,3658
1754273655049077165,0,2928,3624,3164,3657
1754273655051134066,0,2928,3623,3162,3655
1754273655053080132,0,2926,3621,3161,3654
1754273655055082356,0,2925,3620,3160,3652
1754273655057065951,0,2924,3620,3159,3651
1754273655059141069,0,2924,3618,3158,3650
1754273655061102672,0,2923,3617,3156,3649
1754273655063101217,0,2922,3616,3155,3648
1754273655065024335,0,2921,3614,3154,3646
1754273655067087653,0,2920,3613,3153,3645
1754273655069042584,0,2920,3612,3152,3644
1754273655071071847,0,2919,3610,3150,3643
1754273655073068700,0,2918,3608,3149,3641
1754273655075129661,0,2917,3606,3148,3640
1754273655077126133,0,2917,3605,3146,3639
1754273655079153050,0,2916,3603,3145,3638
1754273655081065911,0,2915,3601,3144,3636
1754273655083033235,0,2914,3599,3142,3636
1754273655085083467,0,2913,3597,3141,3634
1754273655087080291,0,2913,3595,3140,3633
1754273655089088933,0,2912,3593,3139,3632
1754273655091051565,0,2911,3591,3137,3631
1754273655093047179,0,2910,3589,3136,3629
1754273655095050877,0,2909,3587,3135,3628
1754273655097047271,0,2908,3584,3133,3627
1754273655099073707,0,2907,3582,3133,3626
1754273655101069512,0,2906,3580,3131,3625
1754273655103042625,0,2905,3578,3130,3623
1754273655105084580,0,2904,3576,3128,3622
1754273655107043532,0,2903,3574,3127,3621
1754273655109063672,0,2902,3573,3126,3620
1754273655111075075,0,2901,3571,3125,3618
1754273655113028709,0,2900,3570,3123,3617
1754273655115066065,0,2899,3568,3122,3616
1754273655117043259,0,2898,3566,3120,3614
1754273655119080207,0,2897,3565,3119,3613
1754273655121038573,0,2895,3563,3118,3611
1754273655123054681,0,2894,3562,3116,3610
1754273655125058483,0,2893,3560,3115,3608
1754273655127000961,0,2892,3559,3113,3606
1754273655129034800,0,2891,3557,3112,3605
1754273655131034589,0,2890,3556,3111,3603
1754273655133055395,0,2888,3555,3109,3601
1754273655135030101,0,2887,3553,3108,3600
1754273655137034692,0,2886,3551,3107,3598
1754273655139012180,0,2885,3550,3105,3596
1754273655141063493,0,2884,3549,3104,3594
1754273655143005100,0,2882,3548,3103,3593
1754273655145045766,0,2881,3546,3101,3591
1754273655146998965,0,2879,3545,3100,3589
1754273655148996139,0,2878,3544,3099,3587
1754273655150970817,0,2876,3542,3097,3585
1754273655153100106,0,2875,3541,3096,3583
1754273655155015590,0,2873,3540,3094,3581
1754273655157094540,0,2872,3539,3092,3580
1754273655159020575,0,2870,3538,3092,3578
1754273655161031770,0,2869,3536,3090,3577
1754273655162982346,0,2867,3535,3088,3575
1754273655164959494,0,2866,3534,3087,3574
1754273655166971330,0,2864,3532,3085,3572
1754273655168968738,0,2863,3531,3084,3570
1754273655171003315,0,2861,3530,3083,3568
1754273655173005335,0,2859,3528,3081,3566
1754273655174999152,0,2858,3527,3080,3565
1754273655177025347,0,2856,3526,3078,3563
1754273655179062113,0,2855,3524,3077,3561
1754273655181048604,0,2853,3523,3076,3559
1754273655183100068,0,2850,3521,3074,3558
1754273655185016904,0,2849,3520,3073,3556
1754273655187095725,0,2847,3518,3071,3555
1754273655189136082,0,2846,3516,3070,3553
1754273655191039287,0,2844,3515,3069,3552
1754273655192983179,0,2842,3513,3067,3551
1754273655195033193,0,2841,3511,3065,3549
1754273655196998212,0,2840,3509,3064,3547
1754273655198966520,0,2838,3508,3062,3546
1754273655201004505,0,2836,3506,3061,3544
1754273655202985579,0,2835,3504,3059,3543
1754273655204940379,0,2833,3502,3058,3541
1754273655206987212,0,2832,3500,3056,3540
1754273655209049148,0,2831,3499,3055,3538
1754273655211027351,0,2829,3497,3054,3537
1754273655213024252,0,2828,3496,3052,3536
1754273655215025863,0,2827,3494,3051,3534
1754273655217001060,0,2826,3493,3049,3532
1754273655219041175,0,2824,3492,3048,3531
1754273655221060424,0,2823,3490,3047,3530
1754273655223059459,0,2822,3490,3045,3528
1754273655224908935,0,2821,3489,3044,3527
1754273655226977211,0,2820,3487,3042,3525
1754273655228971454,0,2819,3486,3041,3523
1754273655231008599,0,2818,3485,3039,3522
1754273655233012435,0,2817,3483,3038,3520
1754273655234973708,0,2816,3482,3036,3519
1754273655236949376,0,2815,3481,3035,3517
1754273655238991602,0,2814,3480,3033,3516
1754273655240929588,0,2813,3478,3032,3514
1754273655243003834,0,2813,3477,3030,3512
1754273655244975161,0,2812,3476,3028,3511
1754273655247038271,0,2811,3474,3027,3509
1754273655248997984,0,2811,3473,3026,3508
1754273655251019153,0,2810,3472,3024,3506
1754273655252887516,0,2809,3471,3023,3505
1754273655254889686,0,2808,3469,3021,3503
1754273655256978993,0,2808,3468,3020,3502
1754273655258879637,0,2807,3466,3018,3500
1754273655260879419,0,2806,3465,3017,3499
1754273655262928313,0,2805,3463,3015,3497
1754273655264836173,0,2804,3462,3014,3496
1754273655266833786,0,2803,3460,3012,3495
1754273655268830678,0,2802,3458,3010,3493
1754273655270857891,0,2801,3457,3009,3492
1754273655272855665,0,2800,3454,3007,3490
1754273655274847295,0,2798,3452,3006,3489
1754273655276826091,0,2797,3450,3004,3487
1754273655278861656,0,2795,3448,3003,3487
1754273655280895025,0,2793,3446,3001,3485
1754273655282806707,0,2791,3443,2999,3484
1754273655284849300,0,2791,3441,2998,3482
1754273655286813136,0,2788,3439,2997,3481
1754273655288883729,0,2786,3436,2995,3479
1754273655290863814,0,2785,3434,2994,3478
1754273655292873681,0,2782,3431,2991,3477
1754273655294870695,0,2779,3429,2990,3475
1754273655296888693,0,2777,3427,2989,3474
1754273655298874733,0,2774,3424,2987,3473
1754273655300881453,0,2772,3421,2985,3471
1754273655302870299,0,2769,3418,2984,3469
1754273655304862793,0,2768,3416,2982,3468
1754273655306841223,0,2766,3414,2981,3466
1754273655308810752,0,2763,3411,2979,3465
1754273655310862649,0,2760,3408,2978,3463
1754273655312852984,0,2758,3406,2976,3461
1754273655314835581,0,2755,3403,2975,3459
1754273655316852046,0,2752,3401,2973,3458
1754273655318862989,0,2750,3398,2972,3456
1754273655320818312,0,2747,3396,2970,3454
1754273655322857076,0,2745,3394,2969,3452
1754273655324837366,0,2742,3392,2967,3450
1754273655326800907,0,2739,3390,2965,3448
1754273655328842322,0,2737,3388,2964,3445
1754273655330815650,0,2734,3386,2962,3443
1754273655332818980,0,2732,3384,2960,3441
1754273655334799280,0,2730,3383,2958,3439
1754273655336753066,0,2728,3380,2956,3437
1754273655338791081,0,2726,3379,2955,3435
1754273655340788039,0,2723,3376,2953,3432
1754273655342800578,0,2721,3375,2952,3430
1754273655344782296,0,2719,3372,2950,3427
1754273655346792143,0,2718,3371,2949,3425
1754273655348783428,0,2716,3369,2947,3423
1754273655350796848,0,2714,3367,2945,3420
1754273655352758036,0,2712,3366,2943,3418
1754273655354793563,0,2711,3365,2942,3415
1754273655356780575,0,2710,3362,2940,3413
1754273655358752452,0,2708,3360,2938,3410
1754273655360741796,0,2707,3360,2936,3408
1754273655362757704,0,2705,3358,2935,3406
1754273655364745675,0,2704,3356,2933,3403
1754273655366793740,0,2703,3355,2931,3400
1754273655368778267,0,2702,3353,2930,3398
1754273655370730842,0,2700,3352,2928,3396
1754273655372718412,0,2700,3350,2926,3393
1754273655374741462,0,2698,3348,2924,3391
1754273655376763738,0,2698,3347,2923,3389
1754273655378739734,0,2697,3345,2921,3387
1754273655380703065,0,2696,3343,2919,3384
1754273655382714729,0,2695,3341,2917,3382
1754273655384807446,0,2694,3339,2916,3380
1754273655386763020,0,2693,3338,2914,3378
1754273655388763172,0,2692,3336,2912,3375
1754273655390744686,0,2692,3334,2910,3374
1754273655392740186,0,2691,3333,2908,3371
1754273655394758140,0,2690,3331,2907,3369
1754273655396752747,0,2689,3330,2905,3367
1754273655398744413,0,2688,3328,2903,3366
1754273655400761948,0,2687,3326,2901,3363
1754273655402784188,0,2686,3325,2899,3361
1754273655404741638,0,2685,3323,2897,3360
1754273655406733954,0,2685,3321,2896,3358
1754273655408739127,0,2684,3319,2894,3356
1754273655410785882,0,2683,3318,2892,3354
1754273655412761494,0,2682,3316,2891,3352
1754273655414743102,0,2681,3314,2889,3350
1754273655416698354,0,2680,3313,2887,3349
1754273655418708554,0,2679,3311,2885,3347
1754273655420691319,0,2679,3310,2883,3345
1754273655422664110,0,2678,3308,2881,3343
1754273655424709806,0,2677,3306,2879,3342
1754273655426707184,0,2676,3305,2877,3340
1754273655428679343,0,2675,3304,2876,3338
1754273655430784166,0,2673,3302,2874,3337
1754273655432652679,0,2672,3301,2872,3335
1754273655434625716,0,2671,3299,2870,3333
1754273655436652094,0,2670,3298,2869,3332
1754273655438683095,0,2668,3296,2866,3330
1754273655440638130,0,2667,3295,2865,3329
1754273655442689628,0,2665,3293,2864,3327
1754273655444646968,0,2664,3291,2861,3325
1754273655446655043,0,2663,3290,2860,3324
1754273655448662496,0,2662,3289,2858,3322
1754273655450732353,0,2660,3287,2856,3321
1754273655452703050,0,2658,3286,2854,3319
1754273655454627129,0,2657,3285,2852,3318
1754273655456707203,0,2655,3283,2850,3316
1754273655458678468,0,2654,3282,2847,3315
1754273655460716152,0,2652,3281,2846,3313
1754273655462680392,0,2650,3279,2844,3312
1754273655464656173,0,2649,3278,2843,3310
1754273655466684209,0,2647,3277,2841,3309
1754273655468618611,0,2645,3276,2839,3307
1754273655470638478,0,2643,3275,2837,3306
1754273655472626986,0,2642,3274,2835,3304
1754273655474658219,0,2640,3273,2833,3303
1754273655476620955,0,2638,3271,2831,3301
1754273655478630414,0,2637,3271,2829,3300
1754273655480672886,0,2636,3269,2827,3298
1754273655482634346,0,2634,3268,2825,3297
1754273655484659394,0,2632,3267,2823,3295
1754273655486593628,0,2631,3266,2822,3294
1754273655488598201,0,2630,3265,2820,3293
1754273655490630622,0,2628,3264,2818,3292
1754273655492646783,0,2627,3262,2816,3290
1754273655494643410,0,2626,3261,2814,3288
1754273655496591093,0,2625,3260,2812,3287
1754273655498647216,0,2624,3259,2810,3287
1754273655500927357,0,2622,3258,2808,3285
1754273655502645582,0,2621,3257,2806,3284
1754273655504656275,0,2620,3255,2804,3283
1754273655506692204,0,2619,3254,2802,3281
1754273655508528743,0,2618,3253,2800,3280
1754273655510547620,0,2616,3251,2798,3279
1754273655512644122,0,2615,3250,2796,3278
1754273655514527991,0,2615,3249,2794,3277
1754273655516570181,0,2613,3247,2793,3276
1754273655518564069,0,2612,3246,2791,3274
1754273655520744881,0,2611,3245,2788,3273
1754273655522582041,0,2610,3243,2787,3272
1754273655524515692,0,2609,3241,2785,3270
1754273655526559567,0,2607,3240,2783,3270
1754273655528519999,0,2607,3239,2781,3269
1754273655530564151,0,2606,3237,2779,3267
1754273655532588728,0,2604,3236,2778,3266
1754273655534591858,0,2603,3234,2775,3264
1754273655536570768,0,2602,3233,2774,3263
1754273655538516052,0,2601,3232,2772,3262
1754273655540529619,0,2600,3230,2770,3261
1754273655542524756,0,2599,3229,2768,3259
1754273655544505880,0,2597,3228,2766,3258
1754273655546532578,0,2596,3227,2763,3257
1754273655548625028,0,2595,3226,2761,3256
1754273655550534503,0,2594,3225,2759,3255
1754273655552550832,0,2593,3223,2757,3254
1754273655554602806,0,2592,3222,2756,3252
1754273655556569966,0,2590,3220,2754,3251
1754273655558492839,0,2589,3219,2752,3249
1754273655560491307,0,2588,3218,2750,3249
1754273655562508839,0,2587,3216,2748,3247
1754273655564532595,0,2586,3215,2746,3246
1754273655566545564,0,2585,3214,2744,3245
1754273655568514425,0,2584,3212,2742,3243
1754273655570565542,0,2582,3211,2740,3242
1754273655572583785,0,2581,3209,2738,3241
1754273655574589926,0,2579,3208,2736,3239
1754273655576520872,0,2578,3206,2734,3238
1754273655578511494,0,2577,3205,2732,3236
1754273655580478481,0,2575,3204,2730,3235
1754273655582574275,0,2574,3202,2729,3234
1754273655584523736,0,2572,3201,2727,3232
1754273655586497619,0,2571,3199,2726,3231
1754273655588533776,0,2569,3197,2724,3230
1754273655590544328,0,2568,3196,2723,3228
1754273655592466032,0,2567,3195,2721,3227
1754273655594506941,0,2565,3193,2720,3226
1754273655596524888,0,2564,3192,2719,3224
1754273655598638390,0,2563,3190,2717,3223
1754273655600588694,0,2561,3189,2716,3221
1754273655602714057,0,2560,3187,2715,3220
1754273655604529160,0,2559,3186,2713,3218
1754273655606663454,0,2557,3184,2712,3217
1754273655608474369,0,2556,3183,2711,3216
1754273655610533345,0,2555,3181,2710,3214
1754273655612446848,0,2553,3179,2709,3213
1754273655614556981,0,2551,3178,2708,3211
1754273655616523186,0,2550,3177,2707,3210
1754273655618634230,0,2548,3175,2705,3208
1754273655620486962,0,2547,3174,2704,3207
1754273655622457069,0,2545,3172,2703,3205
1754273655624530323,0,2543,3171,2702,3204
1754273655626493291,0,2542,3169,2701,3202
1754273655628465095,0,2540,3168,2700,3201
1754273655630418307,0,2538,3167,2699,3199
1754273655632436915,0,2536,3165,2698,3198
1754273655634413568,0,2535,3164,2696,3196
1754273655636441646,0,2533,3162,2695,3195
1754273655638412977,0,2531,3161,2694,3193
1754273655640401140,0,2530,3159,2693,3192
1754273655642520129,0,2529,3158,2691,3190
1754273655644481053,0,2527,3156,2690,3188
1754273655646501045,0,2525,3155,2689,3187
1754273655648445996,0,2524,3153,2688,3185
1754273655650548760,0,2522,3152,2686,3184
1754273655652569831,0,2521,3150,2685,3182
1754273655654474764,0,2519,3149,2683,3181
1754273655656536987,0,2517,3147,2682,3179
1754273655658461008,0,2516,3146,2681,3178
1754273655660436372,0,2514,3144,2679,3176
1754273655662441925,0,2513,3143,2678,3175
1754273655664639346,0,2511,3141,2676,3173
1754273655666463099,0,2510,3140,2675,3172
1754273655668529691,0,2508,3138,2674,3170
1754273655670421060,0,2507,3137,2672,3169
1754273655672479514,0,2505,3135,2670,3168
1754273655674430076,0,2505,3133,2669,3166
1754273655676601276,0,2503,3132,2667,3165
1754273655678433263,0,2502,3130,2666,3163
1754273655680559564,0,2501,3128,2664,3162
1754273655682422471,0,2499,3126,2662,3160
1754273655684397297,0,2498,3125,2660,3158
1754273655686432080,0,2496,3124,2659,3157
1754273655688471050,0,2495,3122,2657,3156
1754273655690436022,0,2493,3120,2655,3154
1754273655692582879,0,2492,3119,2654,3153
1754273655694447029,0,2490,3117,2653,3151
1754273655696721758,0,2489,3115,2651,3150
1754273655698391158,0,2487,3113,2649,3148
1754273655700485082,0,2486,3112,2648,3146
1754273655702364662,0,2485,3110,2646,3145
1754273655704364385,0,2483,3108,2645,3143
1754273655706400074,0,2481,3106,2644,3142
1754273655708407944,0,2480,3104,2642,3140
1754273655710386510,0,2479,3102,2641,3139
1754273655712382989,0,2478,3100,2639,3137
1754273655714446048,0,2476,3099,2637,3135
1754273655716400704,0,2475,3097,2636,3134
1754273655718409846,0,2474,3095,2634,3132
1754273655720422919,0,2472,3093,2633,3131
1754273655722405555,0,2471,3091,2631,3129
1754273655724413177,0,2469,3089,2630,3127
1754273655726373911,0,2468,3087,2628,3126
1754273655728360335,0,2466,3086,2627,3124
1754273655730350339,0,2466,3084,2626,3122
1754273655732338970,0,2464,3082,2624,3121
1754273655734362935,0,2463,3079,2623,3119
1754273655736368513,0,2461,3078,2622,3117
1754273655738377663,0,2460,3076,2621,3115
1754273655740343468,0,2459,3074,2620,3114
1754273655742336934,0,2458,3072,2618,3112
1754273655744344810,0,2456,3070,2617,3110
1754273655746351571,0,2455,3069,2616,3108
1754273655748400960,0,2453,3067,2615,3106
1754273655750370402,0,2452,3065,2614,3104
1754273655752343454,0,2451,3063,2612,3102
1754273655754344222,0,2449,3062,2611,3100
1754273655756290918,0,2448,3060,2610,3099
1754273655758271321,0,2446,3058,2608,3097
1754273655760293358,0,2445,3056,2607,3095
1754273655762340867,0,2443,3054,2606,3093
1754273655764365331,0,2441,3052,2604,3091
1754273655766326360,0,2439,3050,2603,3089
1754273655768294055,0,2438,3048,2602,3087
1754273655770326416,0,2436,3046,2600,3086
1754273655772638346,0,2434,3045,2599,3084
1754273655774341276,0,2432,3042,2598,3082
1754273655776256973,0,2431,3040,2596,3080
1754273655778357932,0,2429,3038,2595,3078
1754273655780298375,0,2427,3036,2593,3076
1754273655782277876,0,2425,3035,2592,3074
1754273655784300214,0,2423,3033,2591,3072
1754273655786320844,0,2422,3031,2589,3070
1754273655788287274,0,2420,3029,2588,3068
1754273655790276802,0,2418,3027,2586,3066
1754273655792319384,0,2416,3025,2584,3064
1754273655794292830,0,2414,3023,2582,3062
1754273655796335558,0,2412,3021,2580,3060
1754273655798399889,0,2410,3020,2578,3058
1754273655800337607,0,2409,3018,2577,3056
1754273655802266921,0,2407,3016,2575,3054
1754273655804434365,0,2405,3014,2573,3052
1754273655806401980,0,2402,3012,2571,3050
1754273655808308491,0,2401,3010,2569,3048
1754273655810316465,0,2399,3008,2568,3046
1754273655812368898,0,2397,3006,2566,3044
1754273655814338361,0,2395,3004,2564,3042
1754273655816286113,0,2394,3002,2562,3040
1754273655818336182,0,2393,3000,2561,3038
1754273655820305869,0,2391,2998,2559,3036
1754273655822296616,0,2389,2996,2557,3035
1754273655824269241,0,2388,2994,2555,3033
1754273655826321478,0,2387,2992,2553,3031
1754273655828241733,0,2385,2990,2551,3029
1754273655830322495,0,2383,2988,2549,3027
1754273655832266894,0,2382,2986,2547,3025
1754273655834242802,0,2380,2984,2545,3023
1754273655836200520,0,2379,2982,2544,3021
1754273655838252307,0,2377,2980,2542,3019
1754273655840211008,0,2375,2978,2540,3016
1754273655842219630,0,2374,2976,2539,3015
1754273655844237050,0,2372,2974,2537,3013
1754273655846283947,0,2371,2972,2535,3011
1754273655848145441,0,2369,2970,2533,3009
1754273655850129784,0,2367,2968,2532,3007
1754273655852154937,0,2366,2966,2530,3005
1754273655854182411,0,2364,2964,2528,3003
1754273655856203123,0,2363,2963,2527,3002
1754273655858229132,0,2360,2960,2524,3000
1754273655860193922,0,2359,2958,2522,2997
1754273655862211934,0,2357,2956,2520,2995
1754273655864211937,0,2356,2954,2519,2993
1754273655866316399,0,2354,2952,2517,2991
1754273655868232953,0,2352,2950,2515,2989
1754273655870154030,0,2351,2948,2513,2988
1754273655871211583,0,2350,2947,2513,2986
1754273655873128977,0,2348,2946,2511,2984
1754273655875149287,0,2346,2944,2510,2982
1754273655877164338,0,2345,2942,2508,2981
1754273655879210836,0,2343,2940,2506,2979
1754273655881132963,0,2342,2938,2504,2977
1754273655883167789,0,2340,2936,2502,2975
1754273655885201892,0,2338,2934,2500,2973
1754273655887204911,0,2337,2933,2498,2971
1754273655889170409,0,2335,2931,2497,2969
1754273655891227903,0,2333,2929,2495,2968
1754273655893209431,0,2331,2927,2493,2966
1754273655895219026,0,2330,2925,2491,2964
1754273655897170875,0,2328,2924,2490,2962
1754273655899197220,0,2327,2922,2488,2960
1754273655901141111,0,2325,2920,2486,2958
1754273655903162518,0,2323,2918,2484,2956
1754273655905169447,0,2322,2916,2483,2954
1754273655907202044,0,2320,2914,2481,2952
1754273655909197948,0,2318,2912,2480,2950
1754273655911184884,0,2317,2910,2478,2948
1754273655913167124,0,2315,2908,2476,2946
1754273655915189838,0,2313,2906,2474,2943
1754273655917157377,0,2312,2904,2472,2941
1754273655919169579,0,2310,2902,2470,2939
1754273655921107708,0,2308,2900,2468,2937
1754273655923164833,0,2307,2898,2466,2936
1754273655925136707,0,2305,2896,2464,2934
1754273655927121043,0,2303,2894,2462,2933
1754273655929189515,0,2301,2892,2460,2930
1754273655931104778,0,2300,2890,2459,2928
1754273655933118052,0,2298,2889,2457,2926
1754273655935101445,0,2296,2887,2455,2924
1754273655937112258,0,2295,2885,2454,2922
1754273655939233935,0,2293,2883,2452,2920
1754273655941186494,0,2291,2881,2450,2918
1754273655943138084,0,2289,2880,2448,2916
1754273655945090654,0,2288,2878,2446,2914
1754273655947074733,0,2287,2876,2445,2912
1754273655949069366,0,2285,2874,2443,2910
1754273655951169706,0,2284,2872,2441,2908
1754273655953052476,0,2282,2871,2439,2906
1754273655955115417,0,2281,2869,2437,2904
1754273655957105529,0,2279,2867,2436,2902
1754273655959061651,0,2278,2865,2434,2900
1754273655961077111,0,2275,2864,2432,2898
1754273655963065999,0,2274,2862,2431,2896
1754273655965109346,0,2272,2860,2429,2894
1754273655967071563,0,2271,2858,2427,2892
1754273655969086192,0,2269,2857,2426,2890
1754273655971019994,0,2268,2856,2424,2888
1754273655973072096,0,2267,2854,2423,2887
1754273655975039264,0,2266,2852,2420,2885
1754273655977042835,0,2264,2851,2419,2883
1754273655979058782,0,2263,2849,2416,2881
1754273655981057235,0,2262,2848,2415,2879
1754273655983063964,0,2261,2847,2414,2877
1754273655985075172,0,2260,2845,2412,2875
1754273655987031738,0,2259,2844,2410,2873
1754273655989077451,0,2258,2843,2410,2871
1754273655991039374,0,2257,2841,2407,2870
1754273655993202490,0,2256,2840,2406,2868
1754273655995062011,0,2255,2838,2405,2866
1754273655997077041,0,2253,2836,2403,2864
1754273655999039457,0,2252,2835,2402,2863
1754273656001057892,0,2251,2834,2401,2861
1754273656003030858,0,2250,2832,2399,2859
1754273656005028573,0,2249,2830,2398,2857
1754273656007039452,0,2248,2829,2396,2856
1754273656009083651,0,2247,2827,2394,2854
1754273656011052774,0,2246,2825,2391,2852
1754273656013059305,0,2245,2824,2390,2850
1754273656015035451,0,2244,2822,2388,2849
1754273656017086420,0,2243,2821,2386,2848
1754273656019046207,0,2242,2819,2384,2846
1754273656021010584,0,2241,2817,2382,2844
1754273656023062342,0,2239,2816,2380,2843
1754273656025070610,0,2239,2814,2378,2841
1754273656027072410,0,2237,2812,2377,2839
1754273656029010391,0,2236,2810,2375,2838
1754273656031022294,0,2235,2808,2374,2836
1754273656032988276,0,2234,2806,2372,2835
1754273656034973825,0,2232,2805,2371,2833
1754273656036960104,0,2231,2803,2369,2831
1754273656038960895,0,2230,2802,2368,2830
1754273656040954975,0,2229,2800,2366,2828
1754273656043025952,0,2227,2799,2364,2827
1754273656045040767,0,2225,2797,2363,2825
1754273656047105789,0,2223,2795,2361,2824
1754273656049018497,0,2222,2794,2359,2822
1754273656051077104,0,2220,2793,2358,2821
1754273656053014248,0,2218,2791,2356,2819
1754273656055116733,0,2216,2789,2355,2818
1754273656057034451,0,2215,2787,2353,2816
1754273656059070656,0,2213,2785,2351,2814
1754273656061012276,0,2211,2784,2350,2813
1754273656063025922,0,2209,2782,2349,2811
1754273656065049962,0,2207,2781,2347,2810
1754273656066995074,0,2205,2779,2346,2809
1754273656069026830,0,2203,2778,2344,2807
1754273656071010940,0,2201,2776,2342,2806
1754273656072995382,0,2199,2774,2341,2804
1754273656075010879,0,2197,2772,2339,2803
1754273656076980734,0,2195,2771,2338,2801
1754273656078964295,0,2193,2769,2336,2800
1754273656081081801,0,2191,2767,2335,2798
1754273656083097608,0,2189,2766,2333,2796
1754273656084974196,0,2187,2764,2331,2794
1754273656086950940,0,2184,2762,2330,2793
1754273656088990002,0,2182,2760,2328,2791
1754273656091017144,0,2181,2758,2327,2790
1754273656093027515,0,2179,2756,2326,2788
1754273656094997869,0,2177,2755,2324,2786
1754273656096938989,0,2175,2753,2323,2785
1754273656098936972,0,2173,2751,2321,2783
1754273656100895012,0,2172,2750,2320,2781
1754273656102944189,0,2170,2747,2318,2779
1754273656104938838,0,2168,2746,2316,2778
1754273656106917121,0,2165,2743,2315,2776
1754273656108937170,0,2164,2742,2313,2774
1754273656110923770,0,2162,2739,2311,2773
1754273656112976758,0,2161,2737,2310,2771
1754273656115009525,0,2158,2735,2308,2769
1754273656116947515,0,2156,2732,2307,2767
1754273656118940163,0,2155,2731,2305,2766
1754273656121014285,0,2153,2728,2304,2764
1754273656122929348,0,2150,2726,2303,2762
1754273656124949382,0,2149,2725,2301,2761
1754273656127012694,0,2148,2723,2300,2758
1754273656128996431,0,2146,2721,2299,2757
1754273656130963804,0,2144,2718,2297,2755
1754273656132947872,0,2142,2715,2296,2753
1754273656134939548,0,2141,2715,2295,2751
1754273656136927455,0,2139,2713,2293,2749
1754273656139018564,0,2138,2711,2292,2747
1754273656140936828,0,2137,2709,2290,2745
1754273656143031635,0,2136,2707,2289,2744
1754273656145039346,0,2134,2705,2287,2742
1754273656146965646,0,2133,2703,2286,2740
1754273656148967477,0,2132,2701,2284,2738
1754273656151024171,0,2130,2699,2283,2736
1754273656153013392,0,2129,2697,2281,2734
1754273656154919481,0,2128,2695,2280,2732
1754273656156923205,0,2126,2693,2278,2730
1754273656158902483,0,2125,2691,2277,2728
1754273656160887439,0,2124,2689,2275,2726
1754273656162914650,0,2123,2687,2274,2723
1754273656164912839,0,2121,2685,2272,2721
1754273656166906468,0,2120,2683,2271,2719
1754273656168920957,0,2118,2681,2269,2717
1754273656170985953,0,2117,2679,2268,2715
1754273656172898280,0,2115,2677,2266,2714
1754273656174853491,0,2114,2675,2265,2711
1754273656176853697,0,2113,2673,2263,2709
1754273656178885389,0,2111,2671,2262,2707
1754273656180887026,0,2110,2669,2260,2705
1754273656182872881,0,2108,2667,2259,2703
1754273656184859003,0,2107,2665,2257,2701
1754273656186888791,0,2105,2663,2256,2699
1754273656188876776,0,2104,2661,2254,2697
1754273656190864004,0,2102,2658,2253,2694
1754273656192841155,0,2101,2656,2251,2693
1754273656194906910,0,2099,2653,2249,2691
1754273656196866717,0,2098,2652,2248,2688
1754273656198852607,0,2096,2650,2246,2686
1754273656200868853,0,2094,2647,2244,2685
1754273656202867491,0,2093,2645,2243,2683
1754273656204877099,0,2091,2643,2241,2680
1754273656206853350,0,2089,2641,2240,2678
1754273656208867709,0,2087,2639,2239,2676
1754273656210977580,0,2085,2637,2237,2674
1754273656212797521,0,2084,2635,2235,2672
1754273656214846805,0,2082,2633,2234,2671
1754273656216813762,0,2080,2630,2232,2668
1754273656218864842,0,2078,2629,2230,2666
1754273656220844545,0,2076,2626,2228,2664
1754273656222865322,0,2075,2624,2227,2662
1754273656224854168,0,2073,2622,2225,2660
1754273656226877822,0,2071,2620,2223,2658
1754273656228856893,0,2069,2618,2221,2656
1754273656230884944,0,2067,2616,2219,2654
1754273656232890859,0,2065,2614,2217,2652
1754273656234878001,0,2063,2611,2215,2650
1754273656236846725,0,2061,2610,2214,2647
1754273656238904972,0,2059,2608,2212,2645
1754273656240838133,0,2057,2605,2210,2643
1754273656242855863,0,2055,2603,2208,2641
1754273656244815253,0,2053,2601,2206,2639
1754273656246827512,0,2051,2599,2204,2638
1754273656248794579,0,2049,2597,2202,2635
1754273656250789565,0,2047,2595,2199,2634
1754273656252849141,0,2046,2593,2197,2632
1754273656254758425,0,2044,2590,2195,2629
1754273656256797424,0,2041,2588,2193,2628
1754273656258775141,0,2040,2586,2191,2626
1754273656260829228,0,2038,2584,2189,2623
1754273656262835300,0,2036,2582,2187,2621
1754273656264857447,0,2034,2580,2186,2618
1754273656266773997,0,2032,2578,2183,2616
1754273656268755052,0,2030,2576,2181,2615
1754273656270838135,0,2028,2573,2179,2613
1754273656272808632,0,2027,2572,2177,2611
1754273656274705612,0,2024,2569,2175,2609
1754273656276777660,0,2023,2567,2173,2607
1754273656278755105,0,2021,2565,2171,2604
1754273656280762123,0,2018,2562,2169,2601
1754273656282768043,0,2016,2560,2166,2600
1754273656284778507,0,2014,2558,2165,2598
1754273656286808994,0,2013,2556,2162,2596
1754273656288750301,0,2011,2554,2161,2594
1754273656290804210,0,2009,2552,2159,2591
1754273656292797611,0,2007,2550,2157,2589
1754273656294762236,0,2005,2548,2155,2587
1754273656296746002,0,2004,2545,2153,2585
1754273656298719676,0,2002,2543,2152,2583
1754273656300749460,0,2001,2541,2150,2580
1754273656302769959,0,1999,2539,2148,2578
1754273656304819602,0,1998,2537,2147,2576
1754273656306805191,0,1996,2535,2145,2573
1754273656308775646,0,1995,2533,2143,2572
1754273656310714785,0,1993,2531,2142,2568
1754273656312734066,0,1992,2528,2140,2567
1754273656314822929,0,1991,2526,2138,2565
1754273656316761649,0,1989,2524,2136,2561
1754273656318701526,0,1987,2522,2135,2560
1754273656320731889,0,1986,2521,2133,2558
1754273656322826184,0,1985,2518,2132,2556
1754273656324808321,0,1983,2516,2130,2553
1754273656326747368,0,1981,2514,2129,2551
1754273656328753288,0,1980,2512,2127,2549
1754273656330749166,0,1978,2510,2125,2547
1754273656332747906,0,1977,2508,2123,2545
1754273656334725862,0,1975,2506,2122,2543
1754273656336680046,0,1974,2504,2120,2539
1754273656338712101,0,1972,2502,2118,2537
1754273656340665632,0,1971,2500,2116,2536
1754273656342634686,0,1970,2498,2114,2533
1754273656344761755,0,1969,2496,2113,2531
1754273656346694990,0,1967,2494,2111,2529
1754273656348645304,0,1966,2492,2110,2526
1754273656350695674,0,1965,2490,2108,2524
1754273656352678105,0,1963,2488,2107,2522
1754273656354692261,0,1962,2486,2105,2520
1754273656356646082,0,1961,2484,2103,2518
1754273656358681288,0,1960,2482,2102,2516
1754273656360635606,0,1958,2480,2100,2513
1754273656362697728,0,1957,2479,2098,2511
1754273656364674123,0,1955,2477,2095,2509
1754273656366656709,0,1955,2475,2094,2507
1754273656368653291,0,1953,2473,2092,2505
1754273656370637728,0,1952,2472,2090,2503
1754273656372699619,0,1950,2471,2088,2500
1754273656374595728,0,1949,2469,2086,2498
1754273656376600325,0,1948,2468,2085,2496
1754273656378644544,0,1946,2466,2083,2494
1754273656380645806,0,1944,2465,2082,2493
1754273656382654308,0,1943,2464,2080,2491
1754273656384657218,0,1942,2463,2078,2489
1754273656386642067,0,1940,2461,2077,2487
1754273656388629576,0,1939,2460,2075,2485
1754273656390593910,0,1937,2460,2073,2483
1754273656392565064,0,1935,2458,2071,2481
1754273656394590272,0,1934,2457,2070,2479
1754273656396601505,0,1933,2456,2068,2477
1754273656398725286,0,1931,2455,2066,2475
1754273656400592881,0,1929,2453,2064,2473
1754273656402668134,0,1928,2453,2062,2471
1754273656404632001,0,1926,2452,2060,2470
1754273656406672741,0,1925,2450,2058,2468
1754273656408636389,0,1923,2449,2056,2466
1754273656410668528,0,1922,2448,2055,2465
1754273656412657624,0,1920,2447,2052,2463
1754273656414794740,0,1919,2447,2051,2462
1754273656416625519,0,1917,2446,2049,2460
1754273656418654701,0,1916,2445,2047,2459
1754273656420591791,0,1914,2444,2045,2457
1754273656422594912,0,1913,2443,2044,2456
1754273656424643411,0,1911,2442,2042,2454
1754273656426665008,0,1910,2441,2040,2453
1754273656428710402,0,1909,2440,2038,2451
1754273656430753970,0,1907,2438,2036,2450
1754273656432608415,0,1906,2437,2034,2449
1754273656434794050,0,1904,2436,2032,2447
1754273656436669025,0,1903,2434,2030,2446
1754273656438728486,0,1902,2433,2029,2445
1754273656440521731,0,1901,2432,2027,2444
1754273656442631962,0,1899,2430,2025,2443
1754273656444561616,0,1898,2428,2024,2442
1754273656446597225,0,1896,2426,2023,2441
1754273656448568424,0,1895,2425,2021,2440
1754273656450658890,0,1894,2423,2019,2439
1754273656452644791,0,1893,2422,2017,2438
1754273656454651113,0,1892,2420,2016,2436
1754273656456654515,0,1892,2418,2014,2435
1754273656458711204,0,1890,2417,2012,2434
1754273656460677443,0,1889,2415,2010,2433
1754273656462662183,0,1888,2413,2009,2432
1754273656464594900,0,1887,2411,2007,2431
1754273656466763208,0,1886,2409,2005,2430
1754273656468629683,0,1885,2407,2004,2429
1754273656470699832,0,1884,2406,2002,2427
1754273656472597966,0,1883,2404,2001,2426
1754273656474578732,0,1881,2402,1999,2425
1754273656476609922,0,1880,2400,1998,2424
1754273656478549331,0,1879,2397,1996,2423
1754273656480660514,0,1878,2396,1995,2422
1754273656482627275,0,1877,2394,1993,2421
1754273656484549686,0,1875,2392,1992,2419
1754273656486574385,0,1874,2390,1991,2418
1754273656488531536,0,1873,2388,1989,2416
1754273656490603646,0,1872,2387,1989,2415
1754273656492615909,0,1871,2385,1987,2414
1754273656494591300,0,1869,2383,1986,2412
1754273656496606719,0,1867,2381,1984,2411
1754273656498564757,0,1865,2379,1983,2409
1754273656500633988,0,1865,2377,1982,2408
1754273656502452760,0,1863,2376,1981,2406
1754273656504558926,0,1862,2374,1980,2404
1754273656506542383,0,1860,2372,1980,2403
1754273656508753473,0,1858,2371,1978,2401
1754273656510562631,0,1856,2369,1977,2399
1754273656512593628,0,1855,2368,1977,2398
1754273656514427729,0,1853,2367,1976,2396
1754273656516458814,0,1851,2366,1976,2394
1754273656518460484,0,1849,2365,1975,2392
1754273656520489005,0,1847,2364,1974,2390
1754273656522477574,0,1845,2363,1974,2389
1754273656524623479,0,1843,2361,1973,2387
1754273656526622793,0,1840,2360,1972,2385
1754273656528574860,0,1838,2359,1971,2383
1754273656530533131,0,1837,2358,1971,2381
1754273656532572398,0,1835,2357,1970,2380
1754273656534578904,0,1833,2356,1969,2378
1754273656536561026,0,1831,2354,1968,2376
1754273656538564065,0,1829,2353,1967,2374
1754273656540448565,0,1828,2352,1967,2372
1754273656542510050,0,1826,2350,1966,2371
1754273656544525600,0,1824,2349,1964,2369
1754273656546475942,0,1822,2347,1962,2367
1754273656548491233,0,1821,2346,1962,2365
1754273656550468158,0,1819,2344,1960,2363
1754273656552501779,0,1817,2342,1959,2362
1754273656554445195,0,1815,2340,1957,2360
1754273656556560233,0,1814,2338,1956,2359
1754273656558534283,0,1812,2336,1954,2357
1754273656560602494,0,1810,2334,1952,2356
1754273656562582670,0,1808,2332,1951,2354
1754273656564569780,0,1807,2330,1949,2352
1754273656566572661,0,1805,2328,1948,2351
1754273656568598716,0,1803,2326,1946,2350
1754273656570509260,0,1802,2324,1944,2348
1754273656572598802,0,1800,2322,1943,2346
1754273656574710886,0,1799,2320,1942,2345
1754273656576530235,0,1797,2318,1941,2344
1754273656578658846,0,1796,2315,1939,2343
1754273656580526473,0,1795,2314,1938,2341
1754273656582812873,0,1793,2311,1936,2340
1754273656584501429,0,1792,2310,1934,2338
1754273656586684460,0,1791,2307,1932,2336
1754273656588463057,0,1789,2305,1931,2335
1754273656590697486,0,1788,2303,1929,2333
1754273656592464106,0,1787,2301,1926,2332
1754273656594558543,0,1786,2299,1925,2330
1754273656596327208,0,1785,2297,1924,2329
1754273656598520493,0,1784,2295,1922,2327
1754273656600412938,0,1782,2292,1920,2325
1754273656602587063,0,1781,2290,1919,2323
1754273656604385685,0,1780,2288,1917,2321
1754273656606404691,0,1779,2286,1915,2320
1754273656608492977,0,1778,2284,1914,2318
1754273656610578501,0,1777,2283,1913,2316
1754273656612385903,0,1776,2281,1911,2314
1754273656614667218,0,1774,2279,1909,2313
1754273656616388436,0,1773,2277,1908,2311
1754273656618312462,0,1772,2275,1906,2309
1754273656620311360,0,1771,2273,1904,2307
1754273656622386262,0,1770,2271,1902,2305
1754273656624354607,0,1768,2269,1901,2303
1754273656626409169,0,1767,2268,1899,2301
1754273656628382894,0,1766,2266,1897,2299
1754273656630423169,0,1763,2264,1896,2297
1754273656632385960,0,1763,2262,1894,2295
1754273656634366498,0,1761,2260,1893,2293
1754273656636400081,0,1760,2259,1891,2291
1754273656638367729,0,1758,2257,1889,2289
1754273656640365892,0,1757,2255,1888,2287
1754273656642337671,0,1755,2254,1887,2285
1754273656644307104,0,1754,2252,1885,2283
1754273656646340671,0,1752,2250,1883,2281
1754273656648391379,0,1750,2249,1882,2279
1754273656650367899,0,1748,2247,1881,2277
1754273656652333412,0,1746,2246,1879,2275
1754273656654371444,0,1744,2244,1877,2272
1754273656656324033,0,1742,2241,1875,2271
1754273656658330277,0,1740,2240,1873,2268
1754273656660304121,0,1738,2238,1872,2266
1754273656662321775,0,1735,2236,1870,2264
1754273656664415795,0,1733,2234,1869,2262
1754273656666366693,0,1731,2232,1867,2260
1754273656668343949,0,1729,2230,1866,2258
1754273656670353716,0,1727,2228,1864,2256
1754273656672373917,0,1725,2226,1862,2254
1754273656674388869,0,1723,2224,1861,2252
1754273656676310394,0,1721,2222,1859,2250
1754273656678357653,0,1718,2220,1858,2248
1754273656680313824,0,1716,2218,1856,2246
1754273656682342146,0,1714,2216,1855,2244
1754273656684267698,0,1712,2213,1853,2242
1754273656686262109,0,1709,2210,1851,2240
1754273656688259672,0,1706,2209,1849,2238
1754273656690301766,0,1704,2206,1848,2236
1754273656692354534,0,1701,2204,1846,2234
1754273656694288375,0,1699,2202,1844,2233
1754273656696295311,0,1696,2199,1842,2231
1754273656698359089,0,1694,2197,1840,2229
1754273656700316323,0,1692,2195,1839,2227
1754273656702345472,0,1689,2192,1837,2225
1754273656704321820,0,1687,2190,1836,2223
1754273656706368249,0,1684,2187,1834,2221
1754273656708347252,0,1682,2185,1832,2219
1754273656710335519,0,1680,2183,1831,2217
1754273656712327675,0,1678,2180,1829,2215
1754273656714336717,0,1676,2178,1828,2213
1754273656716255588,0,1674,2176,1826,2211
1754273656718395007,0,1672,2173,1824,2209
1754273656720335327,0,1671,2172,1823,2208
1754273656722310737,0,1668,2169,1820,2205
1754273656724357789,0,1666,2166,1818,2203
1754273656726351140,0,1664,2164,1817,2201
1754273656728312190,0,1663,2161,1815,2199
1754273656730336408,0,1661,2159,1813,2197
1754273656732394293,0,1659,2156,1811,2195
1754273656734392180,0,1657,2154,1810,2193
1754273656736372564,0,1656,2153,1809,2192
1754273656738492479,0,1653,2149,1806,2189
1754273656740384706,0,1652,2148,1806,2188
1754273656742394181,0,1650,2145,1803,2184
1754273656744469550,0,1648,2142,1802,2182
1754273656746832713,0,1646,2140,1800,2180
1754273656748379374,0,1645,2138,1798,2178
1754273656750778290,0,1643,2135,1797,2175
1754273656752411119,0,1641,2133,1795,2173
1754273656754454182,0,1640,2131,1793,2171
1754273656756430576,0,1638,2129,1791,2167
1754273656758401602,0,1637,2126,1789,2165
1754273656760269155,0,1635,2124,1788,2163
1754273656762365229,0,1633,2122,1787,2160
1754273656764385620,0,1632,2120,1785,2158
1754273656766367170,0,1630,2118,1783,2156
1754273656768302046,0,1629,2116,1782,2153
1754273656770286595,0,1627,2113,1780,2151
1754273656772256838,0,1625,2111,1778,2149
1754273656774234236,0,1624,2111,1777,2148
1754273656776275006,0,1622,2107,1775,2144
1754273656778172112,0,1620,2105,1773,2142
1754273656780278195,0,1619,2103,1772,2139
1754273656782300372,0,1617,2101,1770,2137
1754273656784245941,0,1615,2099,1768,2135
1754273656786229839,0,1613,2097,1767,2132
1754273656788236501,0,1612,2095,1765,2130
1754273656790171195,0,1610,2093,1763,2128
1754273656792254864,0,1609,2092,1762,2127
1754273656794163381,0,1607,2090,1760,2123
1754273656796244166,0,1605,2088,1758,2121
1754273656798232432,0,1603,2086,1756,2118
1754273656800247231,0,1602,2084,1754,2116
1754273656802208618,0,1600,2081,1753,2114
1754273656804211682,0,1598,2079,1751,2111
1754273656806220572,0,1597,2077,1749,2109
1754273656808221111,0,1595,2075,1747,2106
1754273656810178761,0,1593,2073,1745,2105
1754273656812175843,0,1591,2071,1744,2103
1754273656814197222,0,1589,2069,1742,2100
1754273656816156905,0,1588,2067,1740,2098
1754273656818177750,0,1586,2065,1738,2096
1754273656820151591,0,1584,2064,1736,2094
1754273656822201278,0,1583,2062,1735,2091
1754273656824141837,0,1581,2060,1733,2089
1754273656826136950,0,1579,2057,1731,2087
1754273656828125502,0,1577,2057,1729,2085
1754273656830117175,0,1575,2055,1728,2083
1754273656832114927,0,1573,2053,1726,2081
1754273656834156448,0,1571,2051,1724,2079
1754273656836167854,0,1570,2049,1723,2076
1754273656838159143,0,1569,2047,1721,2074
1754273656840274338,0,1567,2045,1719,2072
1754273656842268585,0,1566,2043,1718,2070
1754273656844212379,0,1564,2041,1716,2068
1754273656846190093,0,1563,2040,1714,2066
1754273656848139790,0,1562,2038,1712,2064
1754273656850093143,0,1561,2037,1711,2062
1754273656852083929,0,1560,2034,1709,2060
1754273656854077557,0,1559,2033,1707,2058
1754273656856154400,0,1558,2031,1705,2056
1754273656858126608,0,1557,2030,1703,2054
1754273656860151487,0,1556,2028,1702,2052
1754273656862111000,0,1556,2026,1700,2050
1754273656864079442,0,1555,2024,1698,2048
1754273656866131733,0,1554,2022,1697,2046
1754273656868098289,0,1553,2021,1695,2044
1754273656870157582,0,1552,2019,1693,2042
1754273656872102224,0,1551,2017,1691,2041
1754273656874097562,0,1550,2015,1690,2039
1754273656876144100,0,1549,2014,1688,2037
1754273656878092841,0,1548,2013,1686,2035
1754273656880117053,0,1547,2011,1684,2034
1754273656882087203,0,1546,2010,1682,2032
1754273656884078536,0,1545,2009,1680,2030
1754273656886044501,0,1544,2007,1678,2028
1754273656888073930,0,1543,2006,1677,2027
1754273656890034892,0,1542,2004,1675,2025
1754273656892026933,0,1540,2003,1673,2023
1754273656894049810,0,1540,2002,1671,2021
1754273656896073241,0,1538,2000,1669,2019
1754273656898195587,0,1536,1999,1668,2018
1754273656900137450,0,1535,1998,1666,2016
1754273656902108542,0,1534,1996,1664,2015
1754273656904083246,0,1532,1995,1662,2013
1754273656906129664,0,1530,1994,1660,2011
1754273656908092279,0,1529,1992,1658,2010
1754273656910087099,0,1527,1992,1656,2008
1754273656912058250,0,1525,1990,1655,2006
1754273656914006548,0,1524,1989,1653,2005
1754273656916036361,0,1523,1988,1651,2003
1754273656918039289,0,1520,1985,1648,2001
1754273656920056685,0,1518,1984,1646,2000
1754273656922064804,0,1516,1983,1645,1998
1754273656924074970,0,1514,1982,1643,1997
1754273656926095118,0,1512,1981,1641,1995
1754273656928100664,0,1510,1980,1640,1993
1754273656930071673,0,1508,1979,1638,1992
1754273656931989407,0,1506,1977,1636,1991
1754273656934023316,0,1505,1976,1634,1989
1754273656936022201,0,1502,1975,1633,1988
1754273656938079150,0,1501,1974,1631,1986
1754273656940058739,0,1499,1972,1629,1985
1754273656942070383,0,1496,1971,1627,1984
1754273656944108234,0,1494,1969,1625,1982
1754273656946112247,0,1492,1968,1624,1981
1754273656948087570,0,1489,1966,1622,1980
1754273656950112788,0,1487,1964,1620,1979
1754273656951999205,0,1485,1963,1618,1976
1754273656953994699,0,1483,1961,1617,1975
1754273656955949831,0,1480,1959,1615,1974
1754273656957996873,0,1478,1958,1614,1972
1754273656959976379,0,1476,1956,1612,1971
1754273656962001982,0,1474,1954,1610,1969
1754273656964009714,0,1472,1953,1608,1968
1754273656965978478,0,1470,1951,1606,1967
1754273656967981634,0,1468,1949,1605,1965
1754273656969994805,0,1466,1947,1603,1964
1754273656971937659,0,1464,1945,1601,1962
1754273656973932388,0,1462,1943,1599,1961
1754273656975999373,0,1460,1941,1598,1960
1754273656977998019,0,1459,1939,1596,1958
1754273656979941170,0,1456,1937,1595,1957
1754273656981996318,0,1455,1935,1593,1955
1754273656983987608,0,1453,1933,1592,1954
1754273656986055811,0,1451,1930,1590,1953
1754273656987980003,0,1449,1928,1589,1951
1754273656990000560,0,1447,1926,1588,1949
1754273656991992408,0,1445,1924,1586,1948
1754273656993988800,0,1443,1922,1585,1946
1754273656995999813,0,1443,1919,1584,1945
1754273656997933868,0,1441,1917,1583,1943
1754273656999948306,0,1439,1914,1582,1942
1754273657001995993,0,1437,1912,1580,1940
1754273657003918647,0,1435,1910,1579,1938
1754273657005932894,0,1434,1907,1578,1936
1754273657007939310,0,1432,1905,1578,1935
1754273657009981097,0,1430,1903,1577,1934
1754273657012066771,0,1428,1900,1576,1931
1754273657014048020,0,1427,1898,1576,1929
1754273657016035904,0,1425,1895,1575,1927
1754273657017988317,0,1424,1893,1575,1927
1754273657019945994,0,1422,1890,1574,1924
1754273657021949934,0,1421,1888,1573,1922
1754273657023940134,0,1419,1886,1572,1920
1754273657025994933,0,1417,1884,1572,1919
1754273657028023103,0,1416,1881,1571,1916
1754273657029974011,0,1414,1879,1570,1914
1754273657031984179,0,1412,1876,1569,1913
1754273657034298109,0,1411,1874,1569,1911
1754273657036020795,0,1409,1871,1568,1909
1754273657037953153,0,1407,1869,1567,1907
1754273657039931245,0,1406,1867,1566,1905
1754273657041905534,0,1405,1864,1565,1902
1754273657043930689,0,1403,1862,1564,1901
1754273657045895330,0,1401,1859,1562,1898
1754273657047906337,0,1399,1857,1561,1896
1754273657049924336,0,1398,1855,1561,1894
1754273657051893614,0,1396,1852,1558,1891
1754273657053963737,0,1394,1850,1557,1890
1754273657055931497,0,1392,1848,1555,1886
1754273657057917521,0,1390,1847,1554,1885
1754273657059924498,0,1388,1845,1552,1883
1754273657061916166,0,1386,1843,1550,1881
1754273657063931065,0,1385,1841,1548,1878
1754273657065930198,0,1383,1839,1547,1876
1754273657067948210,0,1381,1838,1545,1872
1754273657069894733,0,1379,1836,1543,1871
1754273657071913646,0,1377,1834,1541,1868
1754273657073915660,0,1375,1833,1539,1866
1754273657075971322,0,1373,1832,1537,1863
1754273657077890195,0,1372,1830,1536,1860
1754273657079907086,0,1370,1829,1534,1858
1754273657081866745,0,1368,1827,1532,1855
1754273657083883798,0,1366,1826,1530,1853
1754273657085908785,0,1365,1825,1528,1850
1754273657087876414,0,1363,1824,1526,1848
1754273657089896825,0,1361,1823,1525,1845
1754273657091867294,0,1359,1822,1522,1843
1754273657093864257,0,1357,1820,1520,1841
1754273657095872857,0,1356,1819,1518,1838
1754273657097893978,0,1354,1818,1516,1835
1754273657099848259,0,1352,1817,1514,1833
1754273657101890451,0,1350,1815,1512,1831
1754273657103863119,0,1348,1814,1510,1829
1754273657105883465,0,1346,1812,1508,1827
1754273657107882594,0,1345,1810,1506,1825
1754273657109871840,0,1343,1809,1504,1823
1754273657111764092,0,1342,1807,1502,1821
1754273657113856190,0,1340,1806,1500,1819
1754273657115824585,0,1338,1805,1498,1817
1754273657117827072,0,1337,1804,1495,1815
1754273657119734569,0,1335,1802,1493,1813
1754273657121822728,0,1333,1800,1491,1812
1754273657123804918,0,1332,1798,1489,1810
1754273657125847569,0,1331,1797,1486,1808
1754273657127814443,0,1329,1795,1484,1807
1754273657129878831,0,1328,1793,1482,1805
1754273657131839120,0,1327,1791,1480,1803
1754273657133854964,0,1325,1789,1478,1802
1754273657135837837,0,1324,1787,1476,1800
1754273657137804429,0,1322,1785,1473,1799
1754273657139817817,0,1321,1784,1471,1797
1754273657141827888,0,1320,1782,1469,1796
1754273657143733219,0,1318,1780,1466,1795
1754273657145803982,0,1317,1778,1464,1793
1754273657147736736,0,1316,1776,1462,1792
1754273657149825290,0,1315,1774,1460,1791
1754273657151791227,0,1314,1771,1457,1789
1754273657153929418,0,1313,1769,1455,1788
1754273657155881675,0,1312,1767,1453,1785
1754273657157923048,0,1310,1765,1452,1785
1754273657159930690,0,1309,1763,1450,1784
1754273657161847111,0,1307,1761,1447,1782
1754273657163770028,0,1306,1759,1446,1780
1754273657165746090,0,1305,1757,1443,1779
1754273657167771068,0,1303,1755,1441,1777
1754273657169786960,0,1302,1754,1439,1776
1754273657171760987,0,1301,1752,1437,1774
1754273657173761457,0,1300,1750,1435,1773
1754273657175828069,0,1298,1749,1433,1771
1754273657177854040,0,1297,1747,1431,1770
1754273657179824977,0,1296,1746,1429,1768
1754273657181858312,0,1294,1744,1428,1767
1754273657183758326,0,1292,1743,1426,1765
1754273657185800815,0,1291,1741,1425,1763
1754273657187737162,0,1289,1740,1423,1761
1754273657189743967,0,1287,1738,1422,1760
1754273657191786846,0,1286,1737,1420,1758
1754273657193800905,0,1284,1735,1419,1756
1754273657195760585,0,1282,1734,1417,1754
1754273657197812530,0,1280,1732,1416,1753
1754273657199738075,0,1278,1730,1415,1751
1754273657201713449,0,1276,1729,1414,1750
1754273657203792544,0,1274,1727,1413,1748
1754273657205952850,0,1272,1726,1411,1746
1754273657207834636,0,1270,1725,1410,1744
1754273657209770608,0,1268,1723,1409,1743
1754273657211689050,0,1267,1721,1408,1741
1754273657213758989,0,1264,1720,1407,1739
1754273657215704812,0,1263,1719,1406,1737
1754273657217643499,0,1261,1717,1405,1735
1754273657219706247,0,1259,1715,1404,1733
1754273657221675609,0,1256,1714,1403,1731
1754273657223682786,0,1254,1713,1401,1730
1754273657225669063,0,1252,1711,1400,1728
1754273657227739123,0,1250,1710,1399,1726
1754273657229695208,0,1247,1708,1398,1724
1754273657231620996,0,1245,1707,1396,1722
1754273657233658476,0,1243,1705,1395,1720
1754273657235747160,0,1241,1704,1393,1719
1754273657237622781,0,1239,1702,1392,1717
1754273657239651488,0,1237,1701,1390,1715
1754273657241648914,0,1235,1699,1388,1714
1754273657243651795,0,1232,1697,1386,1712
1754273657245685321,0,1231,1695,1384,1711
1754273657247727470,0,1228,1694,1383,1709
1754273657249711461,0,1226,1692,1381,1707
1754273657251714183,0,1224,1690,1380,1706
1754273657253682272,0,1223,1688,1378,1704
1754273657255714543,0,1221,1686,1376,1702
1754273657257667588,0,1220,1684,1375,1701
1754273657259749986,0,1218,1682,1373,1699
1754273657261600077,0,1217,1680,1372,1697
1754273657263676664,0,1216,1678,1370,1696
1754273657265664350,0,1214,1677,1368,1694
1754273657267691050,0,1213,1675,1366,1693
1754273657269634307,0,1212,1673,1364,1691
1754273657271691534,0,1211,1671,1362,1689
1754273657273646752,0,1210,1669,1360,1688
1754273657275599039,0,1209,1666,1358,1687
1754273657277631483,0,1208,1664,1357,1685
1754273657279651933,0,1206,1662,1355,1683
1754273657281582449,0,1205,1659,1353,1681
1754273657283640806,0,1204,1658,1351,1680
1754273657285586705,0,1203,1655,1350,1678
1754273657287580662,0,1202,1653,1348,1677
1754273657289579044,0,1201,1651,1346,1675
1754273657291592714,0,1200,1649,1344,1673
1754273657293607255,0,1199,1647,1342,1671
1754273657295655832,0,1197,1645,1341,1670
1754273657297602488,0,1196,1642,1339,1668
1754273657299603267,0,1196,1641,1337,1666
1754273657301608344,0,1195,1639,1335,1665
1754273657303692739,0,1193,1637,1334,1663
1754273657305749785,0,1192,1634,1333,1661
1754273657307720823,0,1191,1632,1331,1659
1754273657309686317,0,1190,1630,1329,1658
1754273657311833088,0,1189,1628,1328,1656
1754273657313764556,0,1188,1626,1326,1654
1754273657315695015,0,1187,1624,1325,1652
1754273657317700099,0,1187,1622,1324,1650
1754273657319669423,0,1185,1620,1322,1648
1754273657321783528,0,1184,1619,1321,1646
1754273657323771589,0,1183,1617,1320,1644
1754273657325778008,0,1182,1616,1319,1642
1754273657327697473,0,1181,1614,1318,1640
1754273657329703839,0,1179,1612,1316,1638
1754273657331711414,0,1178,1610,1315,1636
1754273657333695029,0,1177,1609,1314,1633
1754273657335682861,0,1176,1607,1313,1631
1754273657337763861,0,1174,1606,1312,1629
1754273657339681474,0,1172,1605,1311,1627
1754273657341714463,0,1171,1602,1310,1625
1754273657343700016,0,1170,1601,1309,1623
1754273657345657838,0,1168,1599,1308,1620
1754273657347702244,0,1167,1598,1307,1618
1754273657349673069,0,1165,1597,1307,1616
1754273657351657565,0,1164,1596,1306,1615
1754273657353638119,0,1162,1594,1305,1612
1754273657355628639,0,1161,1593,1304,1610
1754273657357564449,0,1160,1592,1303,1609
1754273657359612444,0,1158,1591,1302,1607
1754273657361734758,0,1157,1589,1300,1604
1754273657363543385,0,1156,1588,1300,1602
1754273657365518851,0,1154,1586,1298,1600
1754273657367519629,0,1153,1585,1297,1598
1754273657369601595,0,1152,1584,1295,1596
1754273657371613774,0,1150,1582,1294,1595
1754273657373610013,0,1149,1581,1293,1593
1754273657375612532,0,1147,1579,1291,1591
1754273657377707541,0,1146,1578,1289,1589
1754273657379592302,0,1145,1577,1288,1587
1754273657381667204,0,1143,1575,1286,1586
1754273657383548935,0,1142,1573,1284,1584
1754273657385690652,0,1141,1572,1283,1582
1754273657387552057,0,1140,1569,1281,1581
1754273657389545004,0,1139,1567,1279,1579
1754273657391481444,0,1138,1566,1277,1577
1754273657393574191,0,1137,1564,1276,1576
1754273657395509755,0,1136,1562,1274,1574
1754273657397546067,0,1136,1560,1272,1573
1754273657399634104,0,1135,1558,1270,1572
1754273657401539353,0,1134,1556,1269,1570
1754273657403487936,0,1134,1555,1267,1568
1754273657405558840,0,1133,1553,1264,1567
1754273657407534953,0,1132,1550,1262,1565
1754273657409487616,0,1132,1548,1261,1563
1754273657411545391,0,1131,1547,1258,1562
1754273657413498999,0,1130,1545,1257,1561
1754273657415558096,0,1129,1542,1255,1560
1754273657417524680,0,1129,1540,1253,1558
1754273657419520700,0,1128,1538,1251,1557
1754273657421656337,0,1127,1537,1249,1555
1754273657423568747,0,1126,1535,1247,1554
1754273657425604490,0,1125,1532,1245,1552
1754273657427589968,0,1124,1530,1244,1551
1754273657429659018,0,1124,1529,1242,1549
1754273657431531940,0,1122,1527,1240,1547
1754273657433560851,0,1121,1524,1238,1546
1754273657435519111,0,1120,1522,1236,1544
1754273657437589625,0,1119,1520,1234,1542
1754273657439557222,0,1117,1519,1232,1541
1754273657441563463,0,1116,1517,1230,1539
1754273657443544852,0,1114,1514,1229,1537
1754273657445507078,0,1114,1513,1227,1535
1754273657447607763,0,1112,1511,1224,1534
1754273657449527945,0,1111,1510,1223,1532
1754273657451469288,0,1108,1508,1221,1530
1754273657453491678,0,1107,1506,1219,1528
1754273657455474458,0,1105,1504,1217,1526
1754273657457440973,0,1104,1503,1215,1524
1754273657459438260,0,1103,1502,1214,1522
1754273657461507927,0,1101,1501,1212,1520
1754273657463503179,0,1099,1499,1211,1519
1754273657465558675,0,1098,1498,1209,1517
1754273657467481658,0,1095,1497,1208,1515
1754273657469507747,0,1094,1495,1206,1512
1754273657471484188,0,1092,1494,1204,1510
1754273657473580406,0,1091,1492,1203,1509
1754273657475582122,0,1089,1492,1201,1507
1754273657477494016,0,1087,1490,1200,1505
1754273657479609665,0,1085,1489,1199,1503
1754273657481488161,0,1083,1488,1197,1501
1754273657483421239,0,1081,1486,1196,1499
1754273657485476896,0,1079,1485,1195,1498
1754273657487470608,0,1077,1484,1194,1496
1754273657489463070,0,1075,1482,1192,1494
1754273657491541036,0,1074,1481,1191,1492
1754273657493483218,0,1072,1480,1190,1490
1754273657495452705,0,1070,1478,1188,1489
1754273657497489042,0,1069,1477,1187,1487
1754273657499488048,0,1067,1475,1186,1485
1754273657501455347,0,1065,1474,1185,1483
1754273657503446291,0,1064,1473,1183,1482
1754273657505480124,0,1063,1472,1182,1480
1754273657507482193,0,1061,1470,1180,1479
1754273657509473454,0,1060,1469,1179,1477
1754273657511465372,0,1059,1467,1178,1475
1754273657513456935,0,1058,1466,1176,1474
1754273657515498318,0,1057,1464,1174,1472
1754273657517419800,0,1056,1463,1172,1471
1754273657519434978,0,1054,1461,1171,1469
1754273657521472619,0,1053,1460,1170,1468
1754273657523389950,0,1052,1458,1168,1466
1754273657525592703,0,1051,1456,1166,1465
1754273657527421178,0,1050,1455,1165,1464
1754273657529697207,0,1049,1453,1163,1462
1754273657531402054,0,1048,1451,1162,1461
1754273657533486363,0,1047,1449,1160,1460
1754273657535394775,0,1046,1448,1159,1458
1754273657537414608,0,1045,1446,1157,1457
1754273657539370972,0,1044,1444,1156,1455
1754273657541364185,0,1043,1442,1154,1454
1754273657543350617,0,1043,1441,1152,1453
1754273657545363958,0,1042,1439,1150,1452
1754273657547318765,0,1041,1437,1149,1450
1754273657549387397,0,1040,1436,1147,1449
1754273657551346495,0,1039,1433,1145,1448
1754273657553381561,0,1037,1433,1144,1446
1754273657555310258,0,1036,1429,1142,1445
1754273657557387737,0,1035,1428,1140,1443
1754273657559379660,0,1034,1427,1139,1442
1754273657561268129,0,1032,1424,1137,1441
1754273657563339032,0,1031,1423,1136,1439
1754273657565352731,0,1029,1420,1134,1438
1754273657567369951,0,1028,1419,1133,1436
1754273657569382108,0,1026,1417,1131,1435
1754273657571347121,0,1024,1415,1130,1433
1754273657573337652,0,1023,1413,1129,1431
1754273657575321362,0,1021,1412,1127,1430
1754273657577329984,0,1019,1410,1126,1428
1754273657579348589,0,1017,1408,1124,1426
1754273657581470658,0,1015,1406,1122,1425
1754273657583384701,0,1013,1404,1120,1423
1754273657585386856,0,1011,1402,1120,1422
1754273657587347145,0,1009,1400,1118,1420
1754273657589314374,0,1007,1398,1117,1418
1754273657591328803,0,1005,1396,1116,1417
1754273657593366128,0,1002,1394,1115,1415
1754273657595338711,0,1000,1391,1114,1413
1754273657597387093,0,998,1391,1114,1411
1754273657599329161,0,996,1389,1112,1410
1754273657601313513,0,994,1387,1112,1408
1754273657603359898,0,993,1385,1111,1406
1754273657605321003,0,990,1384,1111,1404
1754273657607316469,0,988,1382,1110,1403
1754273657609348404,0,985,1380,1110,1401
1754273657611308655,0,983,1377,1109,1399
1754273657613354259,0,981,1375,1109,1397
1754273657615288878,0,978,1373,1108,1395
1754273657617327513,0,976,1371,1108,1393
1754273657619323438,0,974,1369,1107,1391
1754273657621286647,0,971,1367,1106,1389
1754273657623318332,0,969,1365,1106,1388
1754273657625363287,0,967,1363,1105,1386
1754273657627345793,0,965,1361,1104,1384
1754273657629253482,0,963,1359,1103,1382
1754273657631263657,0,961,1357,1102,1380
1754273657633211842,0,958,1355,1101,1378
1754273657635248511,0,956,1353,1100,1376
1754273657637259418,0,954,1350,1099,1374
1754273657639246338,0,952,1348,1097,1373
1754273657641289581,0,950,1346,1096,1370
1754273657643234371,0,948,1344,1095,1369
1754273657645228573,0,947,1342,1093,1367
1754273657647224106,0,945,1339,1092,1365
1754273657649301611,0,943,1337,1090,1363
1754273657651291964,0,942,1335,1088,1361
1754273657653306312,0,940,1333,1087,1359
1754273657655217048,0,939,1331,1086,1357
1754273657657227308,0,938,1328,1084,1355
1754273657659194882,0,937,1326,1082,1353
1754273657661223882,0,935,1324,1081,1351
1754273657663283111,0,934,1322,1079,1349
1754273657665226221,0,933,1319,1078,1347
1754273657667205673,0,932,1317,1076,1345
1754273657669194774,0,931,1315,1074,1343
1754273657671166401,0,929,1313,1071,1341
1754273657673226749,0,928,1310,1070,1339
1754273657675198223,0,927,1308,1068,1337
1754273657677252347,0,926,1306,1066,1335
1754273657679178251,0,925,1304,1064,1333
1754273657681205812,0,924,1302,1062,1331
1754273657683250133,0,923,1299,1060,1328
1754273657685218663,0,921,1298,1058,1326
1754273657687234962,0,920,1295,1056,1324
1754273657689207101,0,919,1293,1055,1322
1754273657691158361,0,917,1291,1053,1320
1754273657693232402,0,916,1289,1051,1317
1754273657695220929,0,915,1287,1050,1315
1754273657697208593,0,913,1285,1048,1313
1754273657699180703,0,912,1283,1046,1311
1754273657701220148,0,910,1281,1044,1308
1754273657703241483,0,909,1279,1042,1306
1754273657705294125,0,907,1276,1040,1304
1754273657707122695,0,905,1274,1038,1302
1754273657709092888,0,903,1272,1036,1300
1754273657711158934,0,901,1270,1034,1297
1754273657713147508,0,899,1268,1032,1295
1754273657715147672,0,897,1265,1031,1293
1754273657717147677,0,895,1263,1029,1291
1754273657719126622,0,893,1261,1026,1289
1754273657721127189,0,891,1259,1025,1286
1754273657723202197,0,889,1257,1023,1284
1754273657725163324,0,887,1255,1021,1282
1754273657727144652,0,885,1253,1019,1280
1754273657729086338,0,883,1251,1018,1277
1754273657731148826,0,881,1249,1015,1275
1754273657733163729,0,878,1247,1013,1273
1754273657735129963,0,876,1245,1011,1271
1754273657737154418,0,873,1243,1009,1268
1754273657739107268,0,871,1241,1008,1266
1754273657741086755,0,869,1238,1005,1264
1754273657743136080,0,867,1236,1004,1261
1754273657745081141,0,865,1235,1002,1259
1754273657747143191,0,862,1233,1000,1257
1754273657749114725,0,860,1231,998,1255
1754273657751127909,0,858,1228,996,1253
1754273657753099839,0,856,1227,995,1250
1754273657755105856,0,854,1225,993,1248
1754273657757161438,0,851,1223,991,1246
1754273657759210217,0,849,1221,989,1244
1754273657761167880,0,847,1220,988,1242
1754273657763085229,0,845,1218,985,1239
1754273657765086219,0,842,1216,983,1237
1754273657767076350,0,840,1214,981,1235
1754273657769150270,0,839,1212,979,1233
1754273657771137122,0,836,1211,977,1231
1754273657773090240,0,834,1209,976,1228
1754273657775056321,0,833,1207,974,1227
1754273657777059124,0,831,1205,972,1225
1754273657779018170,0,829,1203,970,1223
1754273657781066715,0,827,1201,968,1221
1754273657783071192,0,825,1199,967,1218
1754273657785076519,0,823,1197,965,1215
1754273657787076831,0,821,1195,963,1213
1754273657789073502,0,819,1193,961,1212
1754273657791039819,0,818,1191,959,1209
1754273657793081859,0,816,1188,957,1208
1754273657795075730,0,814,1186,955,1205
1754273657797042878,0,813,1184,953,1203
1754273657799099778,0,811,1182,951,1200
1754273657801081406,0,809,1179,949,1199
1754273657803082930,0,808,1177,948,1196
1754273657805066487,0,806,1175,946,1195
1754273657807123229,0,805,1173,943,1193
1754273657809097506,0,803,1171,941,1192
1754273657811082103,0,803,1169,940,1189
1754273657813090917,0,801,1167,938,1188
1754273657815074093,0,799,1164,936,1185
1754273657817068956,0,797,1162,934,1184
1754273657819141822,0,795,1159,932,1181
1754273657821095714,0,793,1157,930,1179
1754273657823136927,0,791,1155,928,1177
1754273657825070628,0,789,1152,926,1176
1754273657827136924,0,787,1150,924,1174
1754273657829137876,0,785,1148,922,1172
1754273657830986890,0,784,1145,920,1170
1754273657832980345,0,782,1143,918,1168
1754273657834980677,0,780,1141,916,1166
1754273657837111532,0,778,1138,915,1164
1754273657839201775,0,777,1135,913,1162
1754273657841055248,0,775,1133,911,1159
1754273657843101602,0,773,1131,909,1157
1754273657845110312,0,772,1128,907,1155
1754273657847157234,0,770,1125,905,1153
1754273657848971595,0,769,1123,903,1151
1754273657850985502,0,767,1121,901,1149
1754273657852951926,0,765,1118,899,1147
1754273657855017819,0,763,1116,897,1145
1754273657857044074,0,762,1114,895,1142
1754273657859106132,0,760,1111,893,1140
1754273657861061815,0,759,1109,892,1138
1754273657863080477,0,757,1106,890,1136
1754273657865053958,0,756,1104,888,1132
1754273657867101596,0,754,1101,886,1131
1754273657869025310,0,752,1099,884,1129
1754273657871050709,0,751,1097,883,1127
1754273657873001428,0,749,1095,880,1124
1754273657875052637,0,748,1093,878,1122
1754273657877036795,0,746,1091,876,1120
1754273657879036193,0,745,1088,874,1118
1754273657881009632,0,743,1087,872,1115
1754273657883023479,0,741,1085,870,1113
1754273657884998529,0,739,1083,868,1110
1754273657887014752,0,738,1081,866,1108
1754273657889032114,0,736,1079,864,1105
1754273657891026359,0,734,1078,862,1103
1754273657893084830,0,732,1076,860,1100
1754273657895089071,0,730,1074,859,1098
1754273657896996741,0,729,1073,857,1095
1754273657898999558,0,727,1072,855,1093
1754273657900967777,0,725,1070,853,1091
1754273657903050114,0,723,1069,851,1088
1754273657905058753,0,721,1067,849,1086
1754273657906970090,0,719,1066,847,1084
1754273657908988174,0,717,1065,845,1081
1754273657910985042,0,715,1063,843,1080
1754273657912965573,0,713,1061,841,1078
1754273657914920764,0,712,1060,839,1075
1754273657916901500,0,709,1059,838,1073
1754273657918933790,0,708,1058,836,1071
1754273657920959102,0,705,1057,835,1069
1754273657922963671,0,703,1055,833,1067
1754273657924936567,0,702,1054,831,1065
1754273657926916184,0,699,1052,830,1062
1754273657928955666,0,698,1051,828,1060
1754273657930888554,0,695,1049,826,1059
1754273657933025263,0,694,1047,824,1056
1754273657934934188,0,691,1046,822,1054
1754273657936948496,0,690,1044,821,1052
1754273657938976177,0,687,1043,819,1050
1754273657940981803,0,685,1041,817,1049
1754273657942930972,0,682,1040,815,1048
1754273657944908076,0,682,1038,813,1046
1754273657946960426,0,680,1036,811,1044
1754273657948911941,0,678,1035,809,1043
1754273657950891017,0,676,1033,807,1041
1754273657952941016,0,675,1031,806,1040
1754273657954945998,0,674,1029,804,1038
1754273657956955987,0,673,1027,802,1037
1754273657958954570,0,671,1025,800,1035
1754273657960949820,0,670,1023,798,1033
1754273657962923081,0,668,1020,796,1032
1754273657964972348,0,667,1018,794,1030
1754273657967023917,0,665,1016,792,1029
1754273657968979048,0,664,1014,790,1027
1754273657970962668,0,662,1012,788,1025
1754273657972979409,0,661,1010,786,1024
1754273657975048784,0,659,1007,784,1022
1754273657976976101,0,658,1005,782,1021
1754273657979019859,0,657,1003,780,1019
1754273657981005417,0,655,1000,779,1018
1754273657983005770,0,654,998,777,1016
1754273657984994287,0,652,996,775,1015
1754273657987001243,0,651,994,773,1013
1754273657988986960,0,650,992,771,1012
1754273657990903618,0,648,990,769,1010
1754273657992861714,0,647,988,767,1008
1754273657994862717,0,646,986,765,1007
1754273657996844652,0,644,984,763,1005
1754273657998856608,0,643,981,761,1004
1754273658000828645,0,642,979,759,1002
1754273658002988810,0,641,977,758,1000
1754273658004963559,0,639,975,756,998
1754273658006996325,0,638,973,754,996
1754273658009010023,0,637,970,753,994
1754273658010876420,0,635,968,752,992
1754273658012831969,0,634,967,752,991
1754273658014861706,0,632,965,750,989
1754273658016803399,0,631,963,749,987
1754273658018857355,0,630,961,748,985
1754273658020855403,0,628,959,747,983
1754273658022852293,0,626,958,746,981
1754273658024869734,0,625,956,745,979
1754273658026862357,0,623,955,744,977
1754273658028830560,0,622,953,743,975
1754273658030877094,0,620,951,742,973
1754273658032857845,0,618,950,741,971
1754273658034855219,0,616,949,741,969
1754273658036862340,0,615,947,740,967
1754273658038915651,0,613,945,739,964
1754273658040818220,0,610,944,738,962
1754273658042835825,0,609,942,738,961
1754273658044815933,0,606,941,737,958
1754273658046825470,0,604,940,736,956
1754273658048820324,0,602,938,735,953
1754273658050844013,0,600,937,734,952
1754273658052812605,0,598,935,733,950
1754273658054805827,0,596,934,732,948
1754273658056828512,0,594,933,731,946
1754273658058795071,0,592,931,730,944
1754273658060831520,0,590,929,729,942
1754273658062847901,0,588,928,728,940
1754273658064791930,0,586,927,726,938
1754273658066846781,0,584,926,725,936
1754273658068832954,0,582,924,724,934
1754273658070764094,0,580,922,722,933
1754273658072816845,0,578,921,721,931
1754273658074791465,0,576,919,719,929
1754273658076802813,0,574,918,717,927
1754273658078731473,0,573,916,715,925
1754273658080800369,0,571,914,714,923
1754273658082836103,0,570,913,712,921
1754273658084802391,0,568,911,710,921
1754273658086778945,0,566,909,708,919
1754273658088724630,0,565,907,707,917
1754273658090749211,0,564,905,705,915
1754273658092723392,0,562,903,703,914
1754273658094674013,0,561,901,701,912
1754273658096788329,0,560,899,700,911
1754273658098678260,0,559,897,698,909
1754273658100898172,0,558,895,696,907
1754273658102670943,0,556,892,694,906
1754273658104751810,0,555,890,693,904
1754273658106747075,0,554,888,690,903
1754273658108792716,0,552,886,689,901
1754273658110725077,0,551,884,686,899
1754273658112682485,0,550,881,684,898
1754273658114698320,0,549,879,683,896
1754273658116705094,0,547,877,681,894
1754273658118758252,0,546,874,679,893
1754273658120836233,0,545,872,677,891
1754273658122799104,0,544,869,675,889
1754273658124769029,0,542,866,674,888
1754273658126808517,0,541,864,672,886
1754273658128689004,0,540,862,669,884
1754273658130724504,0,539,859,668,883
1754273658132727374,0,537,857,666,881
1754273658134737986,0,536,855,665,879
1754273658136711764,0,535,852,662,877
1754273658138776574,0,533,850,661,875
1754273658140788526,0,531,847,659,873
1754273658142816805,0,530,845,657,872
1754273658144847992,0,528,843,654,870
1754273658146816686,0,526,841,652,867
1754273658148739750,0,524,839,651,865
1754273658150755421,0,522,837,650,863
1754273658152872047,0,520,834,647,861
1754273658154751112,0,519,832,647,859
1754273658156653890,0,517,830,645,857
1754273658158681873,0,515,829,644,855
1754273658160655565,0,513,827,643,853
1754273658162680401,0,510,825,641,851
1754273658164659840,0,509,824,640,848
1754273658166655274,0,507,823,639,846
1754273658168638226,0,504,822,638,844
1754273658170623890,0,502,820,636,842
1754273658172611550,0,500,819,635,839
1754273658174627072,0,497,817,634,837
1754273658176661086,0,495,816,633,835
1754273658178729387,0,492,814,632,832
1754273658180728659,0,490,812,631,830
1754273658182713669,0,488,811,630,828
1754273658184635775,0,485,809,630,826
1754273658186679182,0,483,808,629,823
1754273658188605784,0,481,806,628,821
1754273658190636979,0,478,804,627,819
1754273658192754853,0,475,803,627,817
1754273658194664253,0,473,802,626,815
1754273658196684107,0,470,800,625,813
1754273658198691528,0,468,798,625,811
1754273658200662435,0,466,796,624,808
1754273658202710419,0,464,795,623,806
1754273658204698155,0,461,793,622,804
1754273658206635689,0,460,792,620,802
1754273658208631320,0,458,790,619,800
1754273658210571228,0,456,790,618,799
1754273658212568484,0,454,788,617,797
1754273658214557249,0,453,786,615,795
1754273658216635685,0,451,785,614,793
1754273658218633616,0,449,783,612,791
1754273658220536529,0,448,782,611,789
1754273658222584534,0,446,780,609,787
1754273658224590654,0,445,779,607,786
1754273658226623724,0,444,777,605,784
1754273658228596909,0,442,777,603,783
1754273658230734840,0,441,775,602,781
1754273658232588837,0,441,773,600,779
1754273658234869977,0,440,772,597,777
1754273658236644256,0,439,770,596,776
1754273658238594673,0,438,769,593,774
1754273658240588637,0,437,766,591,773
1754273658242607942,0,437,764,590,771
1754273658244529103,0,436,764,588,770
1754273658246543411,0,435,761,586,769
1754273658248515816,0,435,759,583,767
1754273658250531763,0,434,757,581,766
1754273658252548954,0,433,755,579,765
1754273658254585667,0,433,753,577,763
1754273658256602327,0,431,751,575,761
1754273658258553296,0,431,749,573,760
1754273658260582199,0,430,747,571,759
1754273658262575615,0,430,745,569,757
1754273658264569025,0,429,742,567,756
1754273658266616380,0,428,740,565,754
1754273658268518599,0,427,738,563,753
1754273658270597305,0,426,737,562,751
1754273658272529602,0,425,735,560,750
1754273658274513311,0,424,732,558,748
1754273658276522554,0,423,731,556,747
1754273658278571740,0,422,728,554,745
1754273658280524447,0,420,727,552,745
1754273658282483531,0,419,724,550,743
1754273658284468438,0,418,724,548,741
1754273658286525407,0,417,722,546,739
1754273658288474465,0,416,720,544,738
1754273658290543944,0,414,717,542,736
1754273658292502474,0,412,716,541,735
1754273658294493932,0,411,715,540,733
1754273658296505493,0,409,713,538,731
1754273658298513813,0,407,712,537,730
1754273658300514834,0,405,711,535,728
1754273658302464274,0,403,709,534,726
1754273658304429259,0,401,707,533,724
1754273658306435135,0,399,707,531,722
1754273658308445367,0,397,705,530,721
1754273658310455458,0,395,704,528,719
1754273658312593341,0,393,702,526,717
1754273658314527990,0,391,701,525,715
1754273658316728034,0,389,700,524,713
1754273658318432604,0,386,699,522,711
1754273658320688167,0,384,697,521,709
1754273658322511594,0,382,696,520,707
1754273658324842904,0,380,695,519,706
1754273658326486907,0,377,694,518,704
1754273658328553929,0,375,693,517,702
1754273658330472894,0,373,691,516,700
1754273658332513426,0,371,690,515,698
1754273658334471711,0,369,689,514,696
1754273658336654715,0,366,688,513,695
1754273658338458248,0,364,686,512,693
1754273658340543944,0,362,685,511,691
1754273658342431531,0,360,684,511,689
1754273658344503249,0,358,683,510,687
1754273658346437618,0,356,682,509,686
1754273658348681909,0,354,680,508,684
1754273658350607971,0,353,679,507,682
1754273658352518578,0,351,678,506,681
1754273658354512853,0,349,676,505,679
1754273658356496743,0,347,675,504,678
1754273658358467884,0,346,673,502,676
1754273658360479364,0,344,672,501,675
1754273658362497629,0,343,670,500,673
1754273658364420919,0,341,668,498,672
1754273658366410051,0,340,666,497,670
1754273658368454318,0,338,665,496,669
1754273658370383465,0,337,663,495,667
1754273658372358605,0,336,660,493,666
1754273658374459881,0,333,659,492,665
1754273658376447527,0,333,657,490,663
1754273658378440254,0,332,655,488,662
1754273658380429239,0,331,653,486,661
1754273658382437109,0,330,650,485,659
1754273658384395560,0,329,648,483,658
1754273658386374251,0,328,646,482,657
1754273658388391889,0,328,643,480,655
1754273658390394559,0,327,641,478,654
1754273658392368328,0,326,639,477,652
1754273658394433370,0,325,637,475,651
1754273658396459855,0,324,634,473,650
1754273658398571090,0,323,632,471,648
1754273658400444085,0,322,630,469,647
1754273658402758307,0,321,628,467,645
1754273658404410241,0,320,626,466,644
1754273658406668698,0,319,623,464,642
1754273658408440914,0,318,621,462,641
1754273658410434813,0,316,619,461,639
1754273658412392522,0,315,617,459,638
1754273658414395688,0,314,615,457,636
1754273658416377276,0,311,612,456,634
1754273658418396801,0,310,609,454,633
1754273658420404578,0,309,607,453,631
1754273658422441698,0,307,605,452,629
1754273658424452897,0,304,603,450,628
1754273658426373992,0,303,601,449,626
1754273658428416509,0,302,598,448,624
1754273658430359204,0,299,596,447,622
1754273658432405229,0,298,593,446,620
1754273658434425409,0,296,592,445,618
1754273658436443210,0,294,590,444,616
1754273658438367481,0,291,588,443,614
1754273658440345906,0,290,586,442,612
1754273658442349001,0,289,585,442,610
1754273658444356940,0,287,583,441,608
1754273658446346378,0,285,582,440,606
1754273658448415398,0,283,580,439,603
1754273658450342496,0,281,578,438,601
1754273658452315130,0,279,577,438,599
1754273658454336527,0,277,575,437,597
1754273658456337754,0,274,574,436,594
1754273658458357419,0,272,572,435,592
1754273658460389983,0,270,571,434,589
1754273658462351895,0,268,570,433,587
1754273658464347677,0,266,568,432,585
1754273658466375728,0,264,566,431,583
1754273658468345558,0,262,564,430,581
1754273658470323297,0,260,562,429,578
1754273658472356024,0,257,560,428,576
1754273658474381000,0,255,558,427,574
1754273658476350025,0,253,556,425,571
1754273658478310216,0,251,554,424,569
1754273658480433141,0,249,552,422,568
1754273658482367124,0,247,550,421,566
1754273658484341223,0,245,546,419,564
1754273658486259834,0,242,544,417,562
1754273658488283477,0,240,542,415,560
1754273658490257150,0,238,539,414,557
1754273658492274328,0,236,536,412,555
1754273658494285129,0,233,534,410,553
1754273658496334430,0,231,531,408,551
1754273658498312379,0,229,529,407,549
1754273658500278509,0,227,526,405,547
1754273658502317132,0,226,523,403,545
1754273658504264659,0,224,521,401,543
1754273658506304037,0,222,518,400,541
1754273658508291654,0,220,515,398,539
1754273658510369134,0,218,512,396,537
1754273658512367048,0,216,509,394,535
1754273658514412337,0,215,507,392,533
1754273658516384582,0,213,504,390,531
1754273658518309024,0,211,501,388,529
1754273658520324675,0,210,498,386,527
1754273658522304554,0,209,495,383,525
1754273658524311211,0,207,492,381,523
1754273658526448244,0,205,489,379,521
1754273658528298806,0,203,486,377,519
1754273658530336157,0,202,483,376,516
1754273658532319016,0,200,481,374,514
1754273658534350357,0,199,478,372,511
1754273658536315807,0,198,477,371,511
1754273658538304696,0,196,472,368,507
1754273658540323710,0,195,470,366,505
1754273658542321356,0,194,466,364,502
1754273658544360613,0,193,465,363,501
1754273658546313041,0,191,461,360,498
1754273658548340396,0,189,458,358,495
1754273658550320595,0,188,454,356,493
1754273658552351048,0,186,451,354,490
1754273658554421815,0,185,449,353,487
1754273658556473887,0,184,447,351,487
1754273658558382824,0,181,442,349,482
1754273658560421711,0,179,439,347,481
1754273658562359282,0,178,436,345,478
1754273658564416173,0,176,432,343,476
1754273658566370435,0,174,430,341,472
1754273658568352081,0,172,426,340,469
1754273658570411746,0,170,423,338,466
1754273658572396476,0,168,421,336,464
1754273658574399068,0,166,418,334,461
1754273658576327451,0,164,416,332,459
1754273658578333173,0,162,413,330,456
1754273658580332403,0,159,411,328,454
1754273658582309395,0,157,409,326,450
1754273658584336994,0,154,406,324,447
1754273658586428302,0,152,404,322,445
1754273658588377855,0,150,402,320,441
1754273658590401431,0,147,399,319,440
1754273658592395366,0,145,397,317,435
1754273658594359927,0,142,395,315,432
1754273658596373429,0,140,393,313,429
1754273658598357056,0,137,391,311,426
1754273658600318220,0,135,389,309,425
1754273658602256459,0,132,387,307,421
1754273658604225737,0,130,385,305,418
1754273658606206708,0,127,383,303,415
1754273658608169223,0,124,381,301,412
1754273658610212580,0,123,380,300,412
1754273658612168378,0,119,377,297,406
1754273658614257687,0,118,376,296,405
1754273658616212614,0,114,373,293,400
1754273658618269786,0,113,372,293,399
1754273658620235555,0,109,369,289,395
1754273658622316804,0,108,369,288,393
1754273658624238236,0,104,365,285,389
1754273658626234362,0,101,363,283,386
1754273658628221982,0,98,361,281,383
1754273658630289343,0,96,359,278,381
1754273658632159524,0,93,357,276,378
1754273658634162144,0,92,355,276,378
1754273658636149802,0,88,353,273,374
1754273658638173436,0,86,350,271,372
1754273658640163568,0,84,347,269,369
1754273658642147865,0,81,345,266,367
1754273658644144445,0,79,342,265,364
1754273658646112482,0,77,340,263,362
1754273658648154102,0,74,337,260,359
1754273658650201262,0,72,335,258,357
1754273658652170499,0,70,332,254,354
1754273658654157686,0,68,329,253,352
1754273658656148249,0,65,327,251,350
1754273658658129556,0,63,323,248,348
1754273658660116327,0,61,320,246,345
1754273658662217088,0,59,318,244,343
1754273658664265062,0,57,315,241,341
1754273658666135252,0,55,311,239,338
1754273658668157378,0,53,309,237,336
1754273658670121941,0,51,305,235,334
1754273658672115729,0,49,302,232,332
1754273658674106930,0,47,300,230,330
1754273658676141692,0,45,296,227,328
1754273658678104788,0,42,293,225,325
1754273658680152468,0,40,290,222,323
1754273658682190702,0,38,286,219,321
1754273658684112156,0,36,283,217,319
1754273658686144447,0,34,278,215,317
1754273658688138298,0,32,275,212,315
1754273658690068864,0,31,271,210,311
1754273658692035690,0,29,268,207,309
1754273658694082392,0,27,265,205,306
1754273658696108337,0,26,261,203,304
1754273658698114479,0,24,258,201,302
1754273658700070522,0,23,255,198,299
1754273658702055788,0,22,251,196,297
1754273658704039814,0,21,249,194,294
1754273658706072903,0,20,246,192,292
1754273658708096171,0,18,243,190,289
1754273658710153764,0,17,241,188,286
1754273658712054716,0,17,239,186,283
1754273658714103063,0,15,237,184,280
1754273658716102707,0,14,234,182,278
1754273658718044773,0,13,232,181,275
1754273658720095699,0,12,230,179,272
1754273658722061043,0,11,229,177,269
1754273658724021421,0,10,226,175,266
1754273658725976732,0,9,225,173,263
1754273658728001269,0,8,224,171,260
1754273658730069657,0,6,223,169,257
1754273658732084925,0,5,221,167,254
1754273658734135384,0,3,220,164,251
1754273658736124152,0,2,218,162,247
1754273658738073540,0,1,217,160,244
1754273658740082067,0,-1,215,158,241
1754273658742110141,0,-2,214,156,238
1754273658744128139,0,-3,212,154,235
1754273658746129357,0,-5,211,152,232
1754273658748025992,0,-7,210,149,229
1754273658750035522,0,-8,208,148,226
1754273658752002403,0,-10,207,145,223
1754273658754144194,0,-12,206,143,220
1754273658756040313,0,-13,204,141,217
1754273658758060054,0,-15,203,139,215
1754273658760057300,0,-16,202,137,212
1754273658762073276,0,-18,201,135,209
1754273658764065655,0,-19,199,133,207
1754273658766003318,0,-21,198,131,204
1754273658768035245,0,-22,197,129,201
1754273658770048311,0,-24,195,126,199
1754273658772062003,0,-25,194,124,197
1754273658774026106,0,-27,193,122,194
1754273658775947751,0,-29,191,119,192
1754273658777990995,0,-31,190,117,190
1754273658780019598,0,-32,188,114,188
1754273658782101669,0,-34,187,112,186
1754273658784021358,0,-36,185,111,184
1754273658786011461,0,-38,184,108,182
1754273658788052205,0,-40,182,106,180
1754273658790061686,0,-41,181,104,178
1754273658792071604,0,-43,179,101,177
1754273658794099453,0,-44,178,99,175
1754273658796092274,0,-46,177,96,173
1754273658798072156,0,-48,176,93,172
1754273658800034784,0,-49,175,91,170
1754273658802045234,0,-51,173,89,169
1754273658803993013,0,-52,172,86,167
1754273658806088894,0,-53,171,84,165
1754273658808065065,0,-54,170,81,164
1754273658810025422,0,-55,168,79,163
1754273658812022058,0,-56,167,76,161
1754273658814023022,0,-58,166,74,160
1754273658816054162,0,-59,165,72,159
1754273658818054344,0,-60,163,70,158
1754273658820040306,0,-61,162,67,157
1754273658822072646,0,-62,162,65,156
1754273658824035284,0,-63,160,63,155
1754273658826082530,0,-64,159,61,153
1754273658828133514,0,-65,158,59,152
1754273658830082378,0,-66,156,57,151
1754273658832061459,0,-67,155,55,150
1754273658833992510,0,-68,153,53,149
1754273658835997627,0,-69,152,51,148
1754273658838044684,0,-70,151,49,147
1754273658840048833,0,-71,150,48,146
1754273658842065692,0,-71,148,46,145
1754273658844068560,0,-73,147,44,144
1754273658846079320,0,-73,146,42,143
1754273658848026714,0,-74,145,40,142
1754273658850027924,0,-75,143,38,141
1754273658851962488,0,-76,142,36,140
1754273658853992514,0,-77,141,34,139
1754273658855986603,0,-78,140,33,137
1754273658857863260,0,-79,138,30,137
1754273658859903459,0,-79,137,29,136
1754273658861950471,0,-80,136,28,135
1754273658863912071,0,-81,135,26,134
1754273658865886266,0,-82,133,25,132
1754273658867937131,0,-83,132,23,131
1754273658869963449,0,-84,131,22,130
1754273658872011608,0,-85,130,21,130
1754273658873953859,0,-87,128,19,128
1754273658875915877,0,-88,127,18,127
1754273658877864516,0,-89,126,17,126
1754273658879898056,0,-90,124,17,125
1754273658881850553,0,-91,124,15,124
1754273658883857503,0,-94,122,15,123
1754273658885851723,0,-95,121,15,122
1754273658887862410,0,-96,120,14,121
1754273658889897351,0,-97,118,14,119
1754273658891972389,0,-98,117,14,118
1754273658893861724,0,-99,116,14,117
1754273658895890168,0,-102,115,14,116
1754273658897820970,0,-103,114,14,115
1754273658899868291,0,-104,112,14,114
1754273658901893962,0,-106,111,14,112
1754273658903863924,0,-108,110,14,111
1754273658905871035,0,-109,109,14,110
1754273658907845109,0,-111,107,14,108
1754273658909949002,0,-111,106,14,107
1754273658911989912,0,-112,105,14,106
1754273658914155783,0,-114,104,14,105
1754273658915893881,0,-116,102,14,104
1754273658917822287,0,-118,101,14,102
1754273658919810497,0,-118,100,13,102
1754273658921947732,0,-120,99,13,101
1754273658923863752,0,-122,98,12,99
1754273658925901582,0,-123,97,11,98
1754273658927781288,0,-124,96,10,97
1754273658929792292,0,-125,95,9,95
1754273658931812513,0,-127,94,8,94
1754273658933859541,0,-128,93,7,93
1754273658935800783,0,-129,91,6,92
1754273658937993696,0,-131,90,5,91
1754273658939864754,0,-132,89,3,89
1754273658941931634,0,-133,88,2,88
1754273658943866642,0,-134,87,0,87
1754273668383950420,0,-63,347,0,313
1754273668385964043,0,-65,349,6,318
1754273668387933872,0,-68,351,11,322
1754273668389969085,0,-70,353,17,325
1754273668392057367,0,-73,354,23,329
1754273668394042251,0,-75,356,29,332
1754273668395962453,0,-78,357,35,335
1754273668397982347,0,-80,358,41,338
1754273668399953489,0,-82,359,48,341
1754273668401947215,0,-85,359,54,343
1754273668404003757,0,-88,360,60,346
1754273668405982219,0,-90,360,67,348
1754273668407922157,0,-93,360,73,350
1754273668409992023,0,-94,359,80,353
1754273668411990402,0,-96,359,87,355
1754273668413967808,0,-97,359,94,357
1754273668415912911,0,-98,358,101,359
1754273668417927278,0,-99,356,108,361
1754273668419886633,0,-100,356,113,363
1754273668421875955,0,-100,355,120,364
1754273668423854929,0,-100,354,127,366
1754273668425905783,0,-100,353,134,367
1754273668427895732,0,-100,351,140,368
1754273668429921916,0,-100,350,147,369
1754273668431900517,0,-99,348,154,370
1754273668433863512,0,-98,346,160,371
1754273668435890162,0,-97,345,166,372
1754273668437886562,0,-96,344,171,373
1754273668439915032,0,-94,342,177,373
1754273668441910540,0,-93,341,183,373
1754273668443921181,0,-90,340,188,374
1754273668446026467,0,-88,338,193,374
1754273668447973299,0,-85,337,197,374
1754273668450016549,0,-82,336,202,374
1754273668452008978,0,-79,336,206,374
1754273668453923153,0,-77,335,210,373
1754273668455905683,0,-74,334,214,373
1754273668457883213,0,-71,333,217,373
1754273668459906244,0,-68,332,220,372
1754273668461954772,0,-64,332,223,371
1754273668463926592,0,-60,331,226,371
1754273668465923171,0,-56,331,228,370
1754273668467882252,0,-53,331,231,369
1754273668469927338,0,-49,331,233,368
1754273668471875143,0,-44,331,235,368
1754273668473895995,0,-40,331,237,367
1754273668475905846,0,-36,331,238,366
1754273668477903497,0,-32,332,239,364
1754273668479897816,0,-27,333,240,364
1754273668481857212,0,-23,334,241,363
1754273668483900575,0,-18,335,242,362
1754273668485862607,0,-13,336,243,360
1754273668488072015,0,-9,336,244,360
1754273668489921172,0,-4,338,245,359
1754273668492003880,0,1,340,245,358
1754273668493978336,0,6,341,246,357
1754273668495928344,0,11,343,246,355
1754273668497908783,0,16,345,247,354
1754273668499950799,0,20,347,248,353
1754273668501879656,0,25,349,248,352
1754273668503929165,0,30,351,249,352
1754273668505852910,0,34,354,249,351
1754273668507944164,0,39,356,250,350
1754273668509858878,0,44,358,251,350
1754273668511896380,0,48,361,251,349
1754273668513893129,0,53,363,251,349
1754273668515855269,0,57,366,252,349
1754273668517901891,0,62,369,252,349
1754273668519856283,0,66,372,252,350
1754273668521934853,0,71,375,253,350
1754273668523895845,0,75,377,253,350
1754273668525877226,0,79,381,254,351
1754273668527906562,0,83,383,254,351
1754273668529892649,0,87,386,255,352
1754273668531885319,0,91,389,255,353
1754273668533848378,0,95,392,256,353
1754273668535855301,0,99,395,256,354
1754273668537868577,0,103,398,256,356
1754273668539829883,0,107,401,257,357
1754273668541826343,0,111,404,257,358
1754273668543862057,0,115,407,257,359
1754273668545807952,0,118,410,258,361
1754273668547822316,0,122,413,258,363
1754273668549932893,0,125,416,258,364
1754273668551919494,0,129,418,259,366
1754273668553899948,0,133,421,259,368
1754273668555798899,0,136,424,259,370
1754273668557853414,0,139,427,260,372
1754273668559921286,0,143,430,260,374
1754273668561804094,0,146,433,260,376
1754273668563728081,0,149,436,261,379
1754273668565748647,0,152,439,261,381
1754273668567753160,0,155,442,261,384
1754273668569819742,0,157,445,262,386
1754273668571796088,0,160,448,262,389
1754273668573764019,0,163,450,262,392
1754273668575756908,0,165,453,262,395
1754273668577851161,0,167,456,262,398
1754273668579800670,0,170,459,262,400
1754273668581746673,0,172,462,263,404
1754273668583736099,0,174,465,263,407
1754273668585882447,0,177,468,264,410
1754273668587894839,0,179,471,264,413
1754273668589770295,0,180,474,264,416
1754273668591799725,0,182,477,264,419
1754273668593785400,0,185,479,265,422
1754273668595761124,0,186,482,265,426
1754273668597752414,0,187,484,265,429
1754273668599713194,0,189,487,266,432
1754273668601699202,0,191,490,266,435
1754273668603731518,0,192,493,266,439
1754273668605710616,0,193,496,266,441
1754273668607689149,0,193,499,267,445
1754273668609715807,0,194,502,267,449
1754273668611719059,0,195,505,267,452
1754273668613752783,0,195,508,268,455
1754273668615707919,0,195,511,268,459
1754273668617757999,0,195,514,269,462
1754273668619718529,0,196,516,269,465
1754273668621745210,0,196,519,270,469
1754273668623707769,0,196,521,270,472
1754273668625696121,0,197,524,271,475
1754273668627733422,0,198,526,272,478
1754273668629778325,0,198,528,272,482
1754273668631742092,0,199,530,273,485
1754273668633775274,0,200,532,273,488
1754273668635718341,0,200,534,274,492
1754273668637781119,0,201,535,275,495
1754273668639763470,0,202,537,276,498
1754273668641760966,0,204,538,277,501
1754273668643723388,0,205,540,278,504
1754273668645717443,0,207,541,279,507
1754273668647704600,0,208,542,280,510
1754273668649700065,0,210,544,281,513
1754273668651707457,0,211,545,282,516
1754273668653748003,0,212,548,284,519
1754273668655727378,0,213,549,285,521
1754273668657748941,0,215,550,287,524
1754273668659702922,0,217,551,289,527
1754273668661683180,0,219,553,290,529
1754273668663631298,0,221,554,292,532
1754273668665650423,0,223,556,294,534
1754273668667624295,0,225,557,296,537
1754273668669664654,0,227,559,298,539
1754273668671594189,0,229,561,300,541
1754273668673601219,0,231,564,302,544
1754273668675636006,0,233,565,304,546
1754273668677586047,0,236,567,307,548
1754273668679606494,0,238,570,309,550
1754273668681586638,0,240,572,312,552
1754273668683623989,0,242,574,314,554
1754273668685580753,0,245,576,317,556
1754273668687604555,0,247,578,320,557
1754273668689588898,0,249,581,322,559
1754273668691656533,0,252,584,325,561
1754273668693643467,0,254,587,328,563
1754273668695621039,0,256,589,331,564
1754273668697618177,0,259,592,334,566
1754273668699646652,0,261,596,337,567
1754273668701616247,0,263,599,341,569
1754273668703654515,0,265,602,344,570
1754273668705624637,0,267,605,347,571
1754273668707630310,0,269,608,350,573
1754273668709582161,0,272,612,353,575
1754273668711642124,0,274,615,357,576
1754273668713591336,0,276,618,360,578
1754273668715647507,0,278,621,363,580
1754273668717662365,0,280,624,366,582
1754273668719709261,0,282,627,370,583
1754273668721584385,0,285,630,371,585
1754273668723611673,0,287,632,375,587
1754273668725602595,0,289,635,377,589
1754273668727765195,0,291,638,381,591
1754273668729620128,0,294,641,383,593
1754273668731733327,0,296,643,387,595
1754273668733527146,0,298,646,388,598
1754273668735655168,0,300,648,391,600
1754273668737557111,0,302,651,394,602
1754273668739656854,0,304,653,396,604
1754273668741564114,0,306,656,399,607
1754273668743631475,0,309,658,400,609
1754273668745556663,0,311,660,403,612
1754273668747611132,0,314,662,405,614
1754273668749545586,0,317,664,407,617
1754273668751723407,0,319,665,409,619
1754273668753555551,0,321,666,411,622
1754273668755659649,0,323,668,413,625
1754273668757661469,0,325,669,415,627
1754273668759643369,0,327,671,416,630
1754273668761658038,0,330,672,418,633
1754273668763615304,0,332,673,420,636
1754273668765650984,0,333,674,422,638
1754273668767694236,0,338,675,423,641
1754273668769661090,0,339,676,425,644
1754273668771552020,0,343,677,427,646
1754273668773507485,0,345,679,428,649
1754273668775500326,0,347,680,430,652
1754273668777504020,0,349,681,432,655
1754273668779488009,0,352,682,433,657
1754273668781508204,0,354,683,435,660
1754273668783494356,0,356,684,436,662
1754273668785481269,0,359,686,437,665
1754273668787502565,0,360,687,439,667
1754273668789476803,0,363,689,441,669
1754273668791507399,0,364,690,442,672
1754273668793531140,0,366,692,444,674
1754273668795515775,0,367,694,445,676
1754273668797614503,0,369,695,447,678
1754273668799529526,0,369,697,449,680
1754273668801649761,0,370,699,450,682
1754273668803629262,0,371,701,452,684
1754273668805675129,0,372,704,454,686
1754273668807618432,0,372,706,455,688
1754273668809594577,0,372,709,457,689
1754273668811557541,0,372,711,458,691
1754273668813628771,0,372,713,460,693
1754273668815562671,0,372,716,462,694
1754273668817796380,0,371,718,464,696
1754273668819506505,0,371,721,465,698
1754273668821749058,0,370,724,467,700
1754273668823504751,0,370,726,469,701
1754273668825582164,0,369,729,471,703
1754273668827525364,0,368,732,473,704
1754273668829637529,0,368,735,475,706
1754273668831430635,0,368,738,477,708
1754273668833637324,0,367,740,479,709
1754273668835449635,0,367,743,481,711
1754273668837615403,0,366,745,483,712
1754273668839475088,0,366,748,485,714
1754273668841476176,0,365,751,487,716
1754273668843458226,0,365,753,489,717
1754273668845492415,0,365,756,491,719
1754273668847467126,0,365,759,493,721
1754273668849421771,0,365,762,495,723
1754273668851412882,0,366,764,496,724
1754273668853434748,0,366,766,498,726
1754273668855451812,0,366,769,500,728
1754273668857423511,0,367,771,502,730
1754273668859412570,0,367,773,504,732
1754273668861426048,0,368,775,505,734
1754273668863496624,0,368,777,507,736
1754273668865475477,0,369,778,509,738
1754273668867541599,0,370,780,510,741
1754273668869506354,0,371,781,512,743
1754273668871492933,0,372,782,513,745
1754273668873519907,0,373,784,515,748
1754273668875487836,0,374,785,517,750
1754273668877471758,0,375,786,518,752
1754273668879368806,0,376,788,520,755
1754273668881381734,0,378,788,522,757
1754273668883593908,0,379,789,523,759
1754273668885435531,0,381,790,525,761
1754273668887441130,0,383,790,527,764
1754273668889445821,0,384,791,528,766
1754273668891443231,0,386,792,530,769
1754273668893453496,0,388,792,531,771
1754273668895436834,0,390,793,533,773
1754273668897461643,0,392,794,534,775
1754273668899467268,0,394,795,536,778
1754273668901485861,0,396,796,537,780
1754273668903582809,0,398,796,539,782
1754273668905440008,0,400,797,541,784
1754273668907360728,0,402,798,542,787
1754273668909537166,0,404,799,544,789
1754273668911440001,0,406,800,545,791
1754273668913495063,0,408,801,547,793
1754273668915387423,0,410,802,549,794
1754273668917461345,0,412,802,550,796
1754273668919358321,0,413,802,552,798
1754273668921480647,0,414,803,554,800
1754273668923417867,0,416,805,555,801
1754273668925503983,0,417,806,557,803
1754273668927384246,0,418,807,559,804
1754273668929394608,0,419,808,560,805
1754273668931380413,0,419,810,562,807
1754273668933398454,0,420,811,563,808
1754273668935399687,0,421,813,565,810
1754273668937406965,0,422,814,566,811
1754273668939388587,0,423,816,568,812
1754273668941442457,0,423,817,570,813
1754273668943407274,0,424,819,571,814
1754273668945410359,0,425,821,573,815
1754273668947398228,0,426,823,574,816
1754273668949368846,0,426,824,576,817
1754273668951366983,0,427,825,577,818
1754273668953423642,0,428,828,579,819
1754273668955367005,0,428,829,581,820
1754273668957409586,0,429,832,582,821
1754273668959394957,0,429,834,584,821
1754273668961397460,0,430,836,586,822
1754273668963386296,0,430,839,588,823
1754273668965372305,0,431,841,589,824
1754273668967349978,0,431,844,590,824
1754273668969324586,0,431,845,592,826
1754273668971284864,0,431,848,594,827
1754273668973304523,0,432,850,595,827
1754273668975279741,0,432,853,597,829
1754273668977316444,0,432,855,598,829
1754273668979324359,0,433,857,600,831
1754273668981355523,0,434,859,601,832
1754273668983385393,0,434,862,603,833
1754273668985361941,0,435,864,604,834
1754273668987336607,0,436,866,606,835
1754273668989383658,0,437,869,608,836
1754273668991396136,0,438,871,609,838
1754273668993263856,0,439,873,611,839
1754273668995310552,0,441,875,612,841
1754273668997319269,0,442,877,614,842
1754273668999292609,0,443,879,615,843
1754273669001335866,0,445,880,617,845
1754273669003324346,0,447,882,618,847
1754273669005310122,0,448,884,619,849
1754273669007352451,0,450,885,621,850
1754273669009362085,0,452,887,622,852
1754273669011283283,0,454,889,624,854
1754273669013323153,0,456,890,625,856
1754273669015367296,0,459,892,627,857
1754273669017263616,0,461,894,628,860
1754273669019255283,0,463,895,629,862
1754273669021292721,0,465,897,631,864
1754273669023269877,0,468,898,632,866
1754273669025332050,0,470,899,633,868
1754273669027294445,0,473,900,634,871
1754273669029313238,0,475,902,636,872
1754273669031315960,0,478,903,638,875
1754273669033212411,0,481,905,639,877
1754273669035249737,0,483,906,640,879
1754273669037260440,0,486,906,641,881
1754273669039253391,0,489,909,642,883
1754273669041238716,0,491,910,644,885
1754273669043264439,0,494,911,645,887
1754273669045231381,0,497,912,646,890
1754273669047225685,0,499,913,648,892
1754273669049240432,0,502,914,649,894
1754273669051225797,0,505,916,650,896
1754273669053232027,0,507,918,652,898
1754273669055206706,0,509,919,653,900
1754273669057238773,0,512,920,655,902
1754273669059218666,0,514,921,656,904
1754273669061156630,0,516,923,657,906
1754273669063212066,0,518,924,659,908
1754273669065174531,0,520,927,661,910
1754273669067165408,0,522,927,662,911
1754273669069199627,0,524,929,663,913
1754273669071164785,0,525,930,665,915
1754273669073210511,0,527,932,667,917
1754273669075182393,0,528,934,668,918
1754273669077240582,0,530,936,670,920
1754273669079191635,0,531,938,671,921
1754273669081189210,0,532,940,672,922
1754273669083174213,0,533,942,674,924
1754273669085159347,0,534,945,675,926
1754273669087169507,0,535,946,677,927
1754273669089172220,0,537,949,678,928
1754273669091189946,0,538,951,680,930
1754273669093224635,0,538,954,681,931
1754273669095233950,0,539,956,683,933
1754273669097172295,0,540,958,684,934
1754273669099162853,0,541,961,686,936
1754273669101173188,0,542,964,687,937
1754273669103192600,0,543,966,689,939
1754273669105185792,0,544,969,691,940
1754273669107158484,0,545,972,692,942
1754273669109170682,0,545,975,694,943
1754273669111129014,0,546,978,696,945
1754273669113157360,0,547,981,697,947
1754273669115111376,0,548,983,698,948
1754273669117155571,0,549,986,700,950
1754273669119165735,0,549,989,702,952
1754273669121127681,0,551,992,703,953
1754273669123103349,0,551,994,704,955
1754273669125137209,0,552,997,706,957
1754273669127146122,0,554,1000,708,959
1754273669129063162,0,555,1003,709,961
1754273669131043477,0,556,1005,710,962
1754273669133047886,0,558,1008,712,964
1754273669135088419,0,559,1011,714,967
1754273669137079211,0,560,1013,716,969
1754273669139136688,0,562,1016,717,971
1754273669141095949,0,563,1018,719,973
1754273669143123506,0,565,1021,721,975
1754273669145068997,0,566,1023,722,978
1754273669147174574,0,567,1026,724,980
1754273669149107624,0,569,1028,725,982
1754273669151082178,0,571,1030,727,985
1754273669153035637,0,573,1032,728,987
1754273669155153386,0,574,1034,730,990
1754273669157132672,0,576,1036,732,992
1754273669159083743,0,579,1038,733,995
1754273669161075969,0,580,1040,735,997
1754273669163180521,0,583,1041,736,1000
1754273669165119499,0,585,1043,738,1003
1754273669167210200,0,587,1045,739,1005
1754273669169144194,0,589,1046,741,1008
1754273669171097093,0,591,1048,742,1010
1754273669173095712,0,593,1049,744,1013
1754273669175146520,0,596,1051,745,1016
1754273669177182895,0,598,1052,747,1018
1754273669179053520,0,600,1053,749,1021
1754273669181105725,0,602,1055,751,1024
1754273669183115944,0,605,1056,752,1026
1754273669185054789,0,607,1057,753,1029
1754273669187098513,0,609,1058,754,1032
1754273669189056520,0,611,1059,756,1034
1754273669191086120,0,613,1060,757,1037
1754273669193066866,0,616,1061,759,1039
1754273669195047355,0,618,1062,761,1041
1754273669197111184,0,620,1063,762,1044
1754273669199105866,0,622,1065,764,1046
1754273669201111073,0,624,1066,765,1049
1754273669203028537,0,625,1067,767,1050
1754273669205080201,0,627,1068,769,1052
1754273669207126152,0,628,1069,771,1054
1754273669209053186,0,631,1071,773,1056
1754273669211076134,0,633,1072,774,1059
1754273669213058059,0,635,1074,776,1060
1754273669215028302,0,637,1075,777,1062
1754273669217025516,0,638,1076,779,1064
1754273669219034820,0,640,1078,781,1066
1754273669221039366,0,641,1079,783,1068
1754273669223019686,0,643,1081,785,1070
1754273669225106866,0,644,1082,786,1071
1754273669227111457,0,646,1084,788,1072
1754273669229068463,0,647,1086,790,1074
1754273669231112712,0,648,1088,792,1076
1754273669233102024,0,650,1089,794,1077
1754273669235058558,0,651,1091,795,1078
1754273669237017264,0,652,1094,798,1080
1754273669239022238,0,653,1095,800,1081
1754273669241043021,0,654,1097,802,1081
1754273669243102459,0,655,1100,804,1083
1754273669245016710,0,656,1102,806,1084
1754273669247075047,0,657,1104,808,1085
1754273669249055513,0,658,1106,811,1087
1754273669251003016,0,659,1109,813,1088
1754273669253011253,0,659,1111,815,1089
1754273669255000956,0,660,1114,817,1090
1754273669257013908,0,662,1116,819,1091
1754273669258973314,0,663,1119,822,1093
1754273669260992201,0,664,1121,824,1094
1754273669262999791,0,665,1124,826,1095
1754273669265005859,0,667,1127,828,1096
1754273669267001850,0,668,1129,829,1098
1754273669268976993,0,669,1132,831,1099
1754273669270988494,0,670,1135,832,1100
1754273669272970693,0,672,1137,834,1102
1754273669275021073,0,673,1140,836,1104
1754273669276890438,0,675,1143,837,1105
1754273669279011369,0,676,1145,838,1106
1754273669280943420,0,677,1148,840,1108
1754273669282947816,0,679,1150,841,1110
1754273669284940084,0,681,1152,844,1112
1754273669286972041,0,683,1155,844,1113
1754273669288955200,0,684,1157,847,1116
1754273669290955680,0,687,1159,849,1117
1754273669292958662,0,689,1161,850,1120
1754273669294978528,0,691,1163,851,1121
1754273669296981006,0,693,1165,853,1123
1754273669298978872,0,695,1167,855,1126
1754273669300959212,0,698,1169,857,1128
1754273669302973755,0,700,1171,858,1130
1754273669304934285,0,702,1173,859,1131
1754273669306939588,0,705,1175,860,1134
1754273669308922207,0,707,1176,861,1136
1754273669310972789,0,709,1178,862,1138
1754273669312908968,0,712,1180,864,1141
1754273669314992710,0,714,1181,865,1143
1754273669317029931,0,717,1183,867,1146
1754273669319166454,0,720,1185,867,1148
1754273669321020304,0,722,1186,870,1151
1754273669323014525,0,724,1186,871,1153
1754273669324977135,0,727,1188,873,1155
1754273669327005377,0,729,1190,873,1157
1754273669328982818,0,731,1191,874,1159
1754273669331005746,0,734,1192,876,1162
1754273669332981816,0,736,1194,878,1165
1754273669334998446,0,739,1195,879,1167
1754273669336968921,0,741,1196,880,1170
1754273669338960549,0,743,1197,883,1172
1754273669340971315,0,745,1199,884,1174
1754273669342983683,0,747,1200,886,1176
1754273669344942513,0,749,1201,888,1180
1754273669346933618,0,751,1202,889,1181
1754273669348893600,0,753,1204,890,1183
1754273669350864369,0,755,1205,891,1185
1754273669352932338,0,757,1207,893,1187
1754273669354977486,0,758,1208,894,1189
1754273669356988048,0,760,1210,896,1192
1754273669358948824,0,762,1211,897,1194
1754273669360930528,0,763,1213,899,1195
1754273669362920978,0,765,1215,900,1197
1754273669364972961,0,766,1217,902,1199
1754273669366962152,0,768,1219,903,1201
1754273669368884380,0,769,1221,905,1202
1754273669370827113,0,771,1223,907,1204
1754273669372820568,0,772,1225,909,1206
1754273669374830037,0,773,1227,910,1207
1754273669376896442,0,774,1230,912,1209
1754273669378851835,0,776,1232,914,1210
1754273669380803018,0,777,1235,915,1212
1754273669382843744,0,778,1237,917,1214
1754273669384853484,0,779,1240,919,1215
1754273669386839938,0,780,1243,920,1217
1754273669388857295,0,781,1245,922,1218
1754273669390854842,0,782,1248,923,1220
1754273669392847727,0,783,1250,925,1221
1754273669394805573,0,784,1253,927,1223
1754273669396837337,0,785,1256,929,1225
1754273669398836374,0,786,1258,930,1226
1754273669400827110,0,787,1261,932,1228
1754273669402802813,0,788,1263,934,1229
1754273669404831216,0,789,1266,936,1231
1754273669406867883,0,790,1269,938,1232
1754273669408814787,0,791,1272,940,1234
1754273669410901230,0,792,1274,941,1236
1754273669412867525,0,793,1277,943,1238
1754273669414851115,0,795,1279,946,1240
1754273669416852193,0,796,1281,948,1241
1754273669418893097,0,797,1283,949,1243
1754273669420853187,0,799,1285,951,1245
1754273669422860458,0,799,1287,952,1247
1754273669424841585,0,801,1289,954,1249
1754273669426860723,0,802,1291,956,1251
1754273669428785691,0,803,1292,958,1253
1754273669430859118,0,804,1294,959,1255
1754273669432871115,0,805,1296,961,1257
1754273669434850533,0,806,1297,963,1260
1754273669436931687,0,808,1298,964,1262
1754273669438922180,0,810,1299,966,1264
1754273669440876251,0,811,1300,967,1266
1754273669442851242,0,813,1302,969,1269
1754273669444905562,0,814,1303,971,1272
1754273669446867855,0,816,1304,973,1274
1754273669448872031,0,818,1305,974,1276
1754273669450889294,0,820,1306,976,1278
1754273669452778186,0,821,1306,977,1281
1754273669454740649,0,823,1307,979,1283
1754273669456664065,0,825,1308,981,1286
1754273669458704198,0,827,1308,982,1288
1754273669460712636,0,829,1309,984,1290
1754273669462862687,0,831,1310,986,1293
1754273669464801796,0,832,1311,988,1295
1754273669466746996,0,834,1311,989,1297
1754273669468783384,0,836,1312,991,1299
1754273669470673467,0,838,1313,993,1301
1754273669472759222,0,839,1314,995,1303
1754273669474790508,0,841,1315,996,1305
1754273669476678831,0,842,1315,998,1307
1754273669478710932,0,844,1316,999,1309
1754273669480725760,0,846,1318,1001,1311
1754273669482756461,0,847,1319,1003,1312
1754273669484765405,0,849,1320,1004,1314
1754273669486801053,0,851,1321,1006,1316
1754273669488832374,0,853,1323,1008,1317
1754273669490757210,0,854,1324,1009,1319
1754273669492631987,0,855,1325,1011,1320
1754273669494690511,0,857,1327,1013,1322
1754273669496664379,0,858,1329,1014,1323
1754273669498656676,0,860,1331,1016,1324
1754273669500653983,0,861,1333,1018,1325
1754273669502717817,0,863,1335,1020,1327
1754273669504688768,0,864,1337,1022,1328
1754273669506654988,0,865,1339,1023,1329
1754273669508700166,0,867,1341,1024,1330
1754273669510666415,0,867,1343,1026,1331
1754273669512659006,0,869,1345,1028,1332
1754273669514757819,0,870,1348,1029,1333
1754273669516622445,0,871,1350,1031,1334
1754273669518572240,0,873,1353,1032,1335
1754273669520611527,0,874,1355,1034,1336
1754273669522577065,0,875,1358,1036,1337
1754273669524576113,0,877,1361,1037,1337
1754273669526686053,0,878,1363,1039,1340
1754273669528636651,0,880,1366,1041,1340
1754273669530819010,0,881,1369,1042,1341
1754273669532622946,0,883,1371,1044,1343
1754273669534920438,0,884,1374,1045,1344
1754273669536737755,0,886,1377,1047,1345
1754273669538652557,0,887,1380,1049,1346
1754273669540622845,0,888,1383,1050,1348
1754273669542605301,0,890,1385,1052,1349
1754273669544645747,0,892,1389,1053,1350
1754273669546659373,0,893,1391,1055,1352
1754273669548601634,0,895,1394,1056,1354
1754273669550641777,0,897,1396,1058,1355
1754273669552593721,0,898,1399,1059,1357
1754273669554580491,0,900,1401,1061,1358
1754273669556639498,0,902,1403,1063,1360
1754273669558599045,0,904,1406,1064,1362
1754273669560584363,0,907,1408,1066,1364
1754273669562598507,0,909,1410,1067,1366
1754273669564558598,0,911,1412,1069,1368
1754273669566597236,0,913,1414,1071,1370
1754273669568622612,0,915,1416,1072,1372
1754273669570575133,0,918,1418,1074,1374
1754273669572629088,0,920,1421,1076,1377
1754273669574620067,0,922,1422,1077,1379
1754273669576576754,0,925,1424,1079,1381
1754273669578589861,0,927,1426,1080,1384
1754273669580546508,0,930,1427,1081,1386
1754273669582586318,0,932,1429,1082,1389
1754273669584626044,0,935,1431,1083,1391
1754273669586664722,0,938,1432,1084,1394
1754273669588688012,0,940,1434,1086,1396
1754273669590565458,0,943,1436,1087,1398
1754273669592590487,0,945,1437,1088,1401
1754273669594582358,0,948,1439,1089,1404
1754273669596722842,0,950,1440,1090,1406
1754273669598625456,0,953,1442,1092,1409
1754273669600589839,0,956,1443,1093,1411
1754273669602512945,0,958,1445,1095,1413
1754273669604686958,0,961,1446,1096,1416
1754273669606509596,0,964,1448,1098,1418
1754273669608593278,0,966,1449,1099,1421
1754273669610473042,0,968,1451,1101,1423
1754273669612611724,0,971,1452,1103,1426
1754273669614526067,0,973,1454,1104,1428
1754273669616536945,0,975,1456,1106,1431
1754273669618546791,0,978,1457,1107,1433
1754273669620760811,0,981,1459,1109,1435
1754273669622644091,0,983,1461,1110,1438
1754273669624568982,0,985,1462,1112,1440
1754273669626475037,0,987,1465,1113,1442
1754273669628502568,0,989,1466,1115,1444
1754273669630456560,0,991,1468,1116,1447
1754273669632504957,0,993,1470,1118,1448
1754273669634595527,0,994,1473,1119,1450
1754273669636573691,0,995,1475,1121,1452
1754273669638508194,0,997,1477,1123,1454
1754273669640461901,0,998,1479,1125,1456
1754273669642463402,0,1000,1482,1127,1458
1754273669644528008,0,1001,1484,1128,1460
1754273669646483617,0,1002,1487,1130,1461
1754273669648453183,0,1004,1489,1132,1463
1754273669650462752,0,1005,1492,1134,1465
1754273669652503308,0,1006,1494,1135,1467
1754273669654477702,0,1007,1497,1136,1468
1754273669656467171,0,1009,1499,1138,1470
1754273669658496623,0,1010,1502,1140,1472
1754273669660545815,0,1011,1505,1142,1474
1754273669662460263,0,1012,1508,1143,1476
1754273669664497696,0,1012,1512,1145,1477
1754273669666456363,0,1013,1514,1147,1479
1754273669668450274,0,1015,1518,1149,1481
1754273669670481770,0,1016,1521,1150,1483
1754273669672419141,0,1017,1523,1152,1484
1754273669674517059,0,1017,1527,1154,1486
1754273669676424555,0,1019,1530,1156,1488
1754273669678821317,0,1019,1532,1157,1490
1754273669680542916,0,1021,1536,1159,1492
1754273669682603097,0,1022,1538,1161,1494
1754273669684429463,0,1022,1541,1162,1496
1754273669686542220,0,1023,1544,1164,1498
1754273669688436230,0,1025,1546,1166,1500
1754273669690573365,0,1026,1549,1167,1503
1754273669692448286,0,1027,1551,1169,1504
1754273669694566968,0,1029,1554,1171,1507
1754273669696471148,0,1030,1556,1172,1509
1754273669698607985,0,1031,1559,1174,1511
1754273669700444065,0,1033,1560,1176,1513
1754273669702613196,0,1034,1564,1178,1516
1754273669704457974,0,1036,1566,1180,1519
1754273669706600682,0,1038,1567,1181,1521
1754273669708431741,0,1040,1569,1183,1523
1754273669710404557,0,1041,1573,1185,1526
1754273669712412126,0,1043,1575,1187,1529
1754273669714419337,0,1045,1576,1188,1531
1754273669716425095,0,1046,1578,1190,1534
1754273669718483466,0,1049,1580,1191,1536
1754273669720395447,0,1051,1582,1193,1539
1754273669722456389,0,1052,1584,1194,1542
1754273669724402742,0,1054,1585,1196,1545
1754273669726346463,0,1057,1587,1198,1547
1754273669728358465,0,1058,1589,1200,1550
1754273669730419921,0,1060,1591,1201,1553
1754273669732353182,0,1062,1592,1203,1555
1754273669734398202,0,1064,1594,1205,1558
1754273669736413602,0,1066,1595,1207,1561
1754273669738389122,0,1069,1597,1209,1563
1754273669740367827,0,1071,1598,1210,1566
1754273669742433134,0,1073,1600,1212,1568
1754273669744406526,0,1075,1602,1214,1571
1754273669746361294,0,1077,1605,1215,1574
1754273669748406342,0,1079,1606,1217,1576
1754273669750399679,0,1081,1608,1219,1579
1754273669752453448,0,1083,1610,1220,1581
1754273669754368891,0,1084,1611,1222,1584
1754273669756362230,0,1086,1613,1224,1586
1754273669758502179,0,1088,1615,1226,1588
1754273669760337060,0,1090,1616,1228,1590
1754273669762306229,0,1092,1618,1230,1593
1754273669764331262,0,1093,1620,1232,1595
1754273669766297878,0,1095,1621,1235,1597
1754273669768596027,0,1096,1623,1237,1599
1754273669770415537,0,1097,1625,1239,1602
1754273669772808884,0,1098,1626,1242,1604
1754273669774331026,0,1099,1626,1243,1605
1754273669776509007,0,1100,1630,1246,1608
1754273669778299021,0,1101,1632,1248,1610
1754273669780302328,0,1102,1634,1250,1612
1754273669782385561,0,1103,1634,1253,1613
1754273669784359368,0,1104,1638,1256,1615
1754273669786348918,0,1105,1640,1258,1617
1754273669788315910,0,1106,1641,1261,1619
1754273669790358480,0,1106,1643,1263,1621
1754273669792321334,0,1107,1645,1267,1623
1754273669794337383,0,1108,1647,1269,1624
1754273669796300935,0,1109,1648,1272,1626
1754273669798360310,0,1110,1651,1274,1628
1754273669800377152,0,1111,1651,1277,1630
1754273669802333544,0,1112,1654,1279,1631
1754273669804348180,0,1113,1657,1281,1633
1754273669806357665,0,1114,1658,1284,1635
1754273669808339053,0,1115,1660,1286,1636
1754273669810352364,0,1116,1662,1289,1638
1754273669812352979,0,1118,1664,1291,1640
1754273669814358969,0,1119,1666,1293,1641
1754273669816347699,0,1120,1669,1296,1643
1754273669817325936,0,1120,1669,1297,1644
1754273669819342743,0,1122,1671,1299,1645
1754273669821349364,0,1124,1673,1301,1647
1754273669823327073,0,1125,1675,1303,1649
1754273669825350045,0,1126,1678,1306,1651
1754273669827363563,0,1128,1680,1307,1652
1754273669829418156,0,1129,1682,1309,1654
1754273669831286534,0,1131,1684,1311,1656
1754273669833295277,0,1133,1686,1313,1658
1754273669835304382,0,1134,1688,1315,1659
1754273669837332051,0,1136,1690,1317,1661
1754273669839332840,0,1138,1693,1319,1663
1754273669841268462,0,1140,1694,1321,1665
1754273669843322279,0,1142,1696,1322,1666
1754273669845327065,0,1144,1699,1325,1668
1754273669847311177,0,1147,1700,1326,1670
1754273669849295736,0,1149,1702,1328,1671
1754273669851287571,0,1151,1704,1330,1673
1754273669853271928,0,1153,1706,1331,1675
1754273669855302365,0,1156,1708,1333,1677
1754273669857362088,0,1158,1710,1335,1679
1754273669859307572,0,1160,1712,1337,1681
1754273669861346035,0,1162,1713,1338,1683
1754273669863314627,0,1164,1715,1340,1685
1754273669865313696,0,1167,1717,1342,1687
1754273669867321469,0,1169,1719,1344,1689
1754273669869290234,0,1171,1720,1346,1691
1754273669871240963,0,1174,1722,1348,1693
1754273669873269421,0,1177,1723,1349,1695
1754273669875290916,0,1179,1725,1351,1696
1754273669877356682,0,1182,1727,1353,1699
1754273669879285200,0,1184,1728,1354,1701
1754273669881331418,0,1187,1730,1356,1702
1754273669883258279,0,1188,1733,1357,1705
1754273669885197997,0,1190,1734,1359,1707
1754273669887296585,0,1193,1736,1361,1709
1754273669889216350,0,1195,1737,1363,1711
1754273669891174429,0,1198,1739,1364,1713
1754273669893178237,0,1200,1741,1365,1715
1754273669895185136,0,1203,1743,1368,1716
1754273669897162185,0,1205,1745,1370,1718
1754273669899161230,0,1208,1747,1371,1720
1754273669901260963,0,1210,1749,1372,1722
1754273669903238187,0,1212,1751,1374,1724
1754273669905304529,0,1215,1753,1376,1726
1754273669907224683,0,1217,1755,1378,1728
1754273669909338502,0,1219,1757,1379,1730
1754273669911238225,0,1221,1761,1381,1732
1754273669913249140,0,1224,1762,1382,1734
1754273669915149119,0,1226,1764,1384,1736
1754273669917271347,0,1228,1767,1385,1738
1754273669919194417,0,1230,1769,1387,1740
1754273669921198073,0,1232,1772,1389,1742
1754273669923217456,0,1234,1775,1391,1744
1754273669925191230,0,1236,1777,1392,1746
1754273669927183693,0,1238,1780,1394,1748
1754273669929312690,0,1240,1783,1396,1750
1754273669931297383,0,1242,1785,1398,1752
1754273669933186766,0,1244,1788,1399,1753
1754273669935206349,0,1246,1791,1401,1755
1754273669937196116,0,1248,1794,1402,1758
1754273669939168561,0,1249,1797,1404,1759
1754273669941206319,0,1251,1799,1405,1762
1754273669943168825,0,1254,1802,1407,1764
1754273669945116847,0,1255,1805,1408,1766
1754273669947144650,0,1257,1807,1410,1768
1754273669949187337,0,1259,1811,1411,1770
1754273669951179629,0,1261,1814,1413,1772
1754273669953165249,0,1263,1817,1414,1774
1754273669955167230,0,1265,1820,1416,1776
1754273669957160237,0,1266,1823,1418,1779
1754273669959260637,0,1268,1826,1419,1781
1754273669961250806,0,1270,1828,1422,1783
1754273669963209706,0,1271,1831,1424,1785
1754273669965171223,0,1273,1834,1425,1788
1754273669967216769,0,1275,1837,1427,1790
1754273669969110546,0,1276,1840,1428,1793
1754273669971149987,0,1278,1843,1429,1795
1754273669973074474,0,1280,1845,1431,1798
1754273669975094014,0,1281,1848,1433,1800
1754273669977132095,0,1283,1850,1435,1803
1754273669979131400,0,1285,1852,1436,1805
1754273669981157790,0,1286,1854,1438,1808
1754273669983170365,0,1288,1857,1439,1811
1754273669985133042,0,1290,1859,1441,1813
1754273669987128505,0,1291,1861,1442,1815
1754273669989103546,0,1293,1863,1444,1819
1754273669991129454,0,1295,1865,1446,1820
1754273669993118118,0,1296,1867,1448,1823
1754273669995106416,0,1298,1869,1449,1827
1754273669997147635,0,1299,1870,1451,1829
1754273669999194692,0,1301,1871,1452,1832
1754273670001143988,0,1302,1873,1454,1835
1754273670003212929,0,1304,1875,1455,1838
1754273670005137410,0,1306,1877,1457,1841
1754273670007156280,0,1308,1878,1458,1843
1754273670009184414,0,1309,1880,1460,1846
1754273670011121105,0,1311,1881,1461,1849
1754273670013183864,0,1313,1883,1463,1851
1754273670015064366,0,1314,1885,1465,1854
1754273670017019385,0,1315,1886,1467,1855
1754273670019084595,0,1316,1888,1469,1860
1754273670021024227,0,1318,1889,1470,1862
1754273670023054085,0,1319,1890,1472,1863
1754273670025029360,0,1321,1891,1474,1866
1754273670027088606,0,1323,1893,1476,1869
1754273670029024452,0,1324,1895,1478,1872
1754273670031143466,0,1326,1896,1480,1873
1754273670033074657,0,1328,1898,1481,1877
1754273670035173319,0,1329,1899,1483,1878
1754273670037064347,0,1331,1901,1485,1880
1754273670039089962,0,1333,1903,1487,1882
1754273670041090202,0,1335,1904,1488,1884
1754273670043104380,0,1336,1906,1490,1888
1754273670045097821,0,1338,1908,1492,1889
1754273670047071290,0,1340,1910,1494,1891
1754273670049068898,0,1341,1911,1496,1893
1754273670051058599,0,1342,1913,1498,1895
1754273670053111605,0,1344,1914,1500,1897
1754273670055002061,0,1345,1916,1502,1898
1754273670057036830,0,1346,1918,1504,1900
1754273670059029096,0,1347,1920,1506,1902
1754273670061026605,0,1349,1922,1508,1904
1754273670063065096,0,1350,1924,1510,1905
1754273670065089629,0,1351,1925,1513,1907
1754273670067042066,0,1352,1927,1514,1909
1754273670069052676,0,1354,1929,1516,1910
1754273670071002866,0,1355,1931,1519,1912
1754273670073077288,0,1357,1933,1522,1913
1754273670075054634,0,1358,1935,1524,1914
1754273670077091239,0,1359,1937,1526,1916
1754273670078963410,0,1361,1939,1528,1917
1754273670081020496,0,1362,1941,1531,1919
1754273670082999634,0,1364,1943,1533,1920
1754273670084984603,0,1365,1945,1535,1922
1754273670086957320,0,1367,1947,1537,1923
1754273670089023258,0,1368,1949,1540,1925
1754273670091053314,0,1369,1951,1542,1926
1754273670093018808,0,1371,1953,1544,1928
1754273670095009057,0,1372,1954,1546,1929
1754273670096984817,0,1374,1957,1548,1931
1754273670098978081,0,1375,1960,1550,1933
1754273670100984553,0,1377,1962,1553,1934
1754273670102948172,0,1378,1964,1555,1935
1754273670104986459,0,1380,1966,1557,1937
1754273670107018215,0,1381,1968,1559,1939
1754273670109049339,0,1383,1970,1561,1940
1754273670110969373,0,1385,1972,1563,1942
1754273670112949622,0,1386,1974,1564,1944
1754273670114982168,0,1388,1976,1566,1946
1754273670116981912,0,1390,1977,1568,1948
1754273670118907848,0,1392,1980,1570,1949
1754273670120933950,0,1394,1981,1571,1951
1754273670122956470,0,1396,1983,1573,1953
1754273670124942865,0,1398,1985,1575,1954
1754273670126943531,0,1399,1988,1577,1956
1754273670128905639,0,1401,1990,1579,1958
1754273670130941346,0,1402,1991,1581,1960
1754273670132923035,0,1404,1993,1582,1962
1754273670134989069,0,1407,1995,1584,1964
1754273670136972781,0,1407,1997,1586,1966
1754273670139026679,0,1411,1999,1588,1968
1754273670140923174,0,1412,2000,1589,1970
1754273670142978727,0,1414,2002,1591,1972
1754273670144956609,0,1416,2004,1593,1974
1754273670146941919,0,1418,2005,1595,1976
1754273670149048256,0,1421,2007,1597,1977
1754273670150953003,0,1424,2009,1598,1981
1754273670153036401,0,1425,2011,1600,1983
1754273670155049031,0,1427,2012,1601,1984
1754273670157012308,0,1430,2014,1603,1987
1754273670158995628,0,1433,2016,1605,1989
1754273670160971505,0,1435,2018,1607,1991
1754273670162977847,0,1436,2020,1609,1993
1754273670164921952,0,1438,2021,1611,1995
1754273670166896920,0,1441,2023,1612,1997
1754273670168867880,0,1443,2025,1614,1999
1754273670170877082,0,1444,2027,1616,2001
1754273670172876397,0,1446,2029,1617,2003
1754273670174859075,0,1448,2031,1619,2005
1754273670176901667,0,1450,2033,1620,2007
1754273670178853654,0,1453,2034,1622,2009
1754273670180893793,0,1455,2036,1624,2011
1754273670182923382,0,1457,2038,1625,2013
1754273670184866727,0,1459,2040,1627,2015
1754273670186908266,0,1461,2042,1629,2017
1754273670188840513,0,1463,2044,1631,2019
1754273670190856878,0,1465,2045,1633,2021
1754273670192863495,0,1467,2047,1634,2023
1754273670194881577,0,1469,2049,1636,2025
1754273670196880933,0,1471,2051,1638,2026
1754273670198836103,0,1474,2053,1640,2029
1754273670200901755,0,1475,2055,1641,2030
1754273670202859926,0,1477,2057,1643,2032
1754273670204920910,0,1479,2058,1645,2034
1754273670206886793,0,1480,2060,1646,2036
1754273670208874616,0,1483,2062,1648,2038
1754273670210868656,0,1484,2064,1651,2039
1754273670212839622,0,1486,2066,1653,2041
1754273670214915431,0,1488,2068,1654,2043
1754273670216954970,0,1489,2070,1656,2045
1754273670218859887,0,1491,2073,1657,2046
1754273670220868273,0,1492,2075,1659,2048
1754273670223020968,0,1494,2077,1661,2050
1754273670224870654,0,1496,2079,1663,2052
1754273670226856524,0,1498,2081,1664,2054
1754273670228883709,0,1499,2084,1666,2056
1754273670230852965,0,1501,2086,1668,2058
1754273670232911084,0,1502,2089,1670,2060
1754273670234990018,0,1504,2091,1671,2061
1754273670236957814,0,1505,2093,1673,2063
1754273670238902597,0,1506,2096,1675,2066
1754273670240876941,0,1508,2098,1676,2067
1754273670242896923,0,1509,2101,1678,2069
1754273670244911713,0,1511,2104,1680,2071
1754273670246907515,0,1512,2106,1682,2073
1754273670248823546,0,1514,2108,1683,2074
1754273670250842919,0,1515,2111,1685,2076
1754273670252818487,0,1517,2114,1687,2078
1754273670254850991,0,1519,2116,1689,2080
1754273670256851553,0,1520,2119,1690,2082
1754273670258902540,0,1522,2121,1692,2084
1754273670260837439,0,1524,2124,1694,2086
1754273670262799559,0,1526,2127,1696,2088
1754273670264803644,0,1527,2129,1697,2090
1754273670266848341,0,1529,2132,1698,2092
1754273670268835001,0,1531,2134,1700,2094
1754273670270831271,0,1533,2136,1701,2096
1754273670272897642,0,1534,2139,1703,2098
1754273670274870405,0,1536,2141,1705,2101
1754273670276832963,0,1538,2143,1706,2103
1754273670278866384,0,1540,2146,1707,2105
1754273670280825149,0,1542,2148,1709,2106
1754273670282901550,0,1544,2150,1711,2109
1754273670284857213,0,1546,2152,1712,2111
1754273670286834396,0,1548,2154,1714,2113
1754273670288795354,0,1551,2156,1715,2116
1754273670290764977,0,1553,2158,1717,2118
1754273670292872253,0,1555,2160,1718,2121
1754273670294862564,0,1557,2162,1720,2123
1754273670296864827,0,1559,2164,1721,2125
1754273670298796981,0,1561,2166,1723,2128
1754273670300835312,0,1563,2168,1724,2130
1754273670302833110,0,1565,2170,1726,2133
1754273670304810362,0,1567,2171,1727,2135
1754273670306771352,0,1570,2173,1729,2137
1754273670308817336,0,1571,2175,1730,2140
1754273670310828476,0,1573,2177,1732,2142
1754273670312820621,0,1575,2178,1734,2145
1754273670314830847,0,1577,2180,1735,2147
1754273670316732978,0,1580,2182,1737,2149
1754273670318736759,0,1582,2183,1739,2151
1754273670320740741,0,1583,2185,1740,2154
1754273670322794908,0,1586,2187,1742,2156
1754273670324729748,0,1588,2189,1744,2158
1754273670326753005,0,1590,2190,1746,2161
1754273670328738379,0,1592,2192,1747,2164
1754273670330782752,0,1593,2194,1749,2166
1754273670332734065,0,1595,2196,1751,2168
1754273670334725057,0,1597,2198,1753,2171
1754273670336753946,0,1599,2199,1754,2174
1754273670338702519,0,1601,2201,1756,2176
1754273670340697865,0,1602,2203,1758,2178
1754273670342692025,0,1604,2205,1760,2180
1754273670344737478,0,1606,2206,1761,2182
1754273670346718769,0,1608,2208,1763,2184
1754273670348711876,0,1609,2210,1765,2186
1754273670350769547,0,1610,2212,1767,2188
1754273670352729141,0,1611,2214,1769,2190
1754273670354683713,0,1613,2216,1771,2192
1754273670356692346,0,1614,2218,1773,2194
1754273670358721308,0,1616,2220,1774,2196
1754273670360694579,0,1617,2222,1776,2198
1754273670362693434,0,1618,2224,1778,2200
1754273670364668085,0,1619,2226,1779,2201
1754273670366692180,0,1621,2228,1781,2203
1754273670368643616,0,1622,2230,1783,2205
1754273670370696061,0,1624,2232,1784,2207
1754273670372649200,0,1625,2234,1786,2209
1754273670374617433,0,1626,2236,1788,2210
1754273670376675254,0,1627,2238,1789,2213
1754273670378682102,0,1629,2240,1791,2214
1754273670380688249,0,1630,2242,1793,2216
1754273670382675818,0,1631,2245,1795,2218
1754273670384628787,0,1633,2248,1797,2220
1754273670386622635,0,1634,2250,1798,2222
1754273670388674631,0,1636,2252,1800,2223
1754273670390636852,0,1637,2254,1802,2225
1754273670392653048,0,1638,2256,1803,2227
1754273670394668770,0,1640,2258,1805,2229
1754273670396734075,0,1641,2260,1807,2231
1754273670398617351,0,1643,2262,1808,2232
1754273670400674192,0,1644,2264,1810,2234
1754273670402634663,0,1646,2266,1811,2236
1754273670404690780,0,1648,2268,1813,2238
1754273670406684700,0,1649,2270,1815,2240
1754273670408526363,0,1651,2273,1816,2242
1754273670410626773,0,1652,2275,1818,2243
1754273670412577386,0,1654,2277,1820,2246
1754273670414561556,0,1656,2279,1821,2247
1754273670416629246,0,1657,2282,1823,2249
1754273670418579736,0,1659,2284,1824,2251
1754273670420548598,0,1661,2286,1826,2253
1754273670422572233,0,1662,2288,1828,2255
1754273670424603505,0,1664,2290,1830,2257
1754273670426560349,0,1666,2292,1831,2259
1754273670428605068,0,1668,2294,1833,2261
1754273670430561696,0,1669,2296,1835,2263
1754273670432623249,0,1671,2298,1836,2265
1754273670434590963,0,1673,2300,1838,2267
1754273670436708690,0,1674,2302,1839,2270
1754273670438613112,0,1676,2304,1841,2272
1754273670440679201,0,1678,2306,1843,2273
1754273670442607921,0,1680,2307,1845,2276
1754273670444675939,0,1682,2309,1846,2278
1754273670446627812,0,1684,2311,1848,2280
1754273670448578119,0,1686,2312,1850,2282
1754273670450547437,0,1688,2314,1852,2284
1754273670452630176,0,1689,2316,1853,2286
1754273670454578339,0,1691,2318,1855,2288
1754273670456521283,0,1693,2319,1857,2290
1754273670458551468,0,1695,2321,1859,2292
1754273670460584349,0,1696,2323,1861,2294
1754273670462600100,0,1698,2325,1862,2297
1754273670464608682,0,1700,2326,1864,2299
1754273670466555421,0,1702,2327,1866,2301
1754273670468589182,0,1703,2329,1868,2303
1754273670470522033,0,1705,2331,1869,2305
1754273670472541103,0,1707,2332,1871,2307
1754273670474553152,0,1708,2334,1873,2309
1754273670476480328,0,1710,2335,1875,2311
1754273670478566145,0,1711,2337,1877,2313
1754273670480532387,0,1713,2338,1879,2315
1754273670482533732,0,1714,2340,1881,2317
1754273670484556138,0,1716,2342,1882,2319
1754273670486541065,0,1717,2343,1884,2321
1754273670488466596,0,1718,2345,1886,2323
1754273670490505784,0,1720,2347,1887,2325
1754273670492547391,0,1721,2348,1889,2327
1754273670494524750,0,1722,2350,1890,2329
1754273670496477696,0,1724,2351,1893,2331
1754273670498513622,0,1725,2353,1894,2332
1754273670500511045,0,1726,2354,1896,2335
1754273670502523034,0,1728,2356,1898,2336
1754273670504460959,0,1729,2358,1900,2338
1754273670506451773,0,1731,2359,1902,2340
1754273670508483823,0,1732,2361,1903,2341
1754273670510542414,0,1734,2363,1904,2343
1754273670512425812,0,1735,2364,1907,2344
1754273670514730091,0,1737,2366,1909,2346
1754273670516477629,0,1738,2368,1911,2348
1754273670518458786,0,1740,2369,1913,2350
1754273670520475484,0,1742,2371,1914,2351
1754273670522720337,0,1744,2373,1916,2353
1754273670524505417,0,1745,2375,1918,2355
1754273670526621553,0,1747,2377,1920,2356
1754273670528510592,0,1748,2378,1922,2357
1754273670530674892,0,1750,2380,1924,2360
1754273670532508699,0,1751,2382,1925,2361
1754273670534487860,0,1752,2384,1927,2362
1754273670536438270,0,1754,2386,1929,2364
1754273670538611472,0,1755,2387,1931,2366
1754273670540468530,0,1757,2388,1933,2367
1754273670542470358,0,1759,2391,1935,2369
1754273670544429681,0,1760,2393,1936,2370
1754273670546563434,0,1762,2394,1938,2372
1754273670548420021,0,1763,2396,1941,2374
1754273670550539038,0,1765,2397,1942,2375
1754273670552388676,0,1767,2399,1944,2377
1754273670554388104,0,1769,2400,1945,2379
1754273670556333056,0,1770,2402,1947,2380
1754273670558371267,0,1772,2404,1948,2382
1754273670560355043,0,1773,2405,1950,2384
1754273670562461139,0,1774,2407,1952,2385
1754273670564410607,0,1776,2409,1954,2387
1754273670566382212,0,1777,2411,1955,2388
1754273670568414103,0,1778,2412,1957,2390
1754273670570466745,0,1779,2414,1958,2392
1754273670572375084,0,1780,2415,1959,2393
1754273670574372232,0,1781,2417,1961,2395
1754273670576388928,0,1782,2417,1963,2396
1754273670578401807,0,1783,2419,1964,2398
1754273670580528903,0,1783,2420,1965,2399
1754273670582355459,0,1784,2421,1967,2401
1754273670584555010,0,1785,2421,1968,2403
1754273670586392221,0,1786,2423,1970,2405
1754273670588521489,0,1787,2424,1971,2406
1754273670590409087,0,1787,2424,1972,2408
1754273670592648681,0,1788,2425,1973,2409
1754273670594435158,0,1789,2426,1975,2411
1754273670596630866,0,1789,2426,1976,2413
1754273670598475411,0,1790,2427,1978,2414
1754273670600645460,0,1791,2428,1979,2416
1754273670602466923,0,1792,2428,1980,2417
1754273670604559416,0,1793,2429,1981,2419
1754273670606499297,0,1793,2430,1983,2420
1754273670608611507,0,1794,2431,1984,2422
1754273670610420605,0,1795,2432,1985,2424
1754273670612575419,0,1796,2432,1986,2425
1754273670614398348,0,1797,2433,1988,2426
1754273670616553176,0,1798,2433,1990,2428
1754273670618391797,0,1799,2434,1991,2429
1754273670620579011,0,1799,2435,1992,2430
1754273670622439602,0,1800,2436,1994,2432
1754273670624362905,0,1801,2437,1995,2433
1754273670626392625,0,1802,2438,1996,2434
1754273670628397675,0,1803,2439,1998,2435
1754273670630373855,0,1804,2440,1999,2436
1754273670632413539,0,1806,2441,2000,2437
1754273670634335759,0,1807,2442,2002,2439
1754273670636288642,0,1807,2444,2003,2439
1754273670638305128,0,1809,2445,2005,2441
1754273670640287978,0,1810,2446,2006,2442
1754273670642272393,0,1812,2447,2008,2442
1754273670644287638,0,1813,2449,2009,2443
1754273670646278453,0,1814,2450,2010,2444
1754273670648319948,0,1816,2452,2012,2445
1754273670650334126,0,1817,2453,2013,2446
1754273670652324113,0,1819,2454,2014,2447
1754273670654343603,0,1820,2456,2016,2448
1754273670656281163,0,1822,2458,2017,2449
1754273670658324529,0,1824,2460,2018,2449
1754273670660358130,0,1825,2461,2020,2450
1754273670662285723,0,1827,2463,2021,2451
1754273670664311727,0,1829,2465,2022,2451
1754273670666378932,0,1830,2466,2023,2452
1754273670668301023,0,1832,2468,2024,2453
1754273670670382354,0,1834,2469,2025,2454
1754273670672283177,0,1836,2471,2027,2456
1754273670674326529,0,1838,2473,2028,2456
1754273670676304221,0,1839,2475,2029,2458
1754273670678327332,0,1841,2477,2030,2458
1754273670680330480,0,1843,2479,2031,2460
1754273670682289259,0,1845,2481,2032,2461
1754273670684305068,0,1848,2483,2032,2462
1754273670685273693,0,1849,2484,2032,2462
1754273670687255206,0,1851,2486,2034,2463
1754273670689343462,0,1853,2488,2036,2464
1754273670691301427,0,1855,2491,2036,2465
1754273670693377338,0,1857,2493,2037,2467
1754273670695295524,0,1859,2495,2038,2468
1754273670697333838,0,1860,2497,2039,2469
1754273670699300858,0,1863,2499,2040,2471
1754273670701334069,0,1864,2501,2040,2472
1754273670703322174,0,1866,2503,2041,2473
1754273670705312270,0,1869,2505,2042,2475
1754273670707218816,0,1871,2507,2043,2476
1754273670709371664,0,1872,2509,2044,2478
1754273670711219728,0,1875,2511,2044,2479
1754273670713264353,0,1877,2513,2045,2481
1754273670715218608,0,1879,2516,2046,2483
1754273670717291876,0,1881,2518,2047,2484
1754273670719378783,0,1883,2519,2047,2486
1754273670721386330,0,1885,2521,2048,2488
1754273670723315903,0,1887,2523,2049,2489
1754273670725229516,0,1889,2525,2049,2492
1754273670727346102,0,1891,2527,2050,2493
1754273670729298540,0,1893,2529,2051,2495
1754273670731268479,0,1895,2531,2052,2497
1754273670733267775,0,1896,2533,2052,2499
1754273670735243453,0,1898,2534,2053,2500
1754273670737234139,0,1901,2537,2054,2504
1754273670739253826,0,1902,2539,2055,2506
1754273670741208455,0,1904,2540,2055,2508
1754273670743393811,0,1906,2543,2056,2510
1754273670745215302,0,1907,2544,2057,2512
1754273670747294677,0,1909,2546,2058,2514
1754273670749173141,0,1911,2548,2058,2517
1754273670751211576,0,1913,2550,2060,2519
1754273670753238764,0,1914,2551,2061,2522
1754273670755197526,0,1915,2553,2062,2523
1754273670757179333,0,1917,2555,2063,2525
1754273670759210241,0,1918,2557,2064,2527
1754273670761258683,0,1920,2559,2065,2530
1754273670763215046,0,1921,2561,2066,2533
1754273670765205383,0,1922,2563,2068,2534
1754273670767219046,0,1923,2565,2069,2537
1754273670769227943,0,1924,2567,2070,2539
1754273670771250962,0,1925,2569,2071,2542
1754273670773240228,0,1926,2571,2073,2544
1754273670775167170,0,1927,2573,2074,2546
1754273670777229360,0,1928,2575,2075,2548
1754273670779102414,0,1928,2578,2076,2550
1754273670781157911,0,1929,2580,2077,2552
1754273670783152357,0,1930,2582,2078,2555
1754273670785145768,0,1931,2584,2078,2557
1754273670787122506,0,1932,2586,2079,2558
1754273670789102932,0,1933,2588,2080,2560
1754273670791155844,0,1933,2590,2081,2562
1754273670793192747,0,1934,2592,2081,2564
1754273670795232885,0,1935,2594,2082,2566
1754273670797142983,0,1935,2596,2083,2568
1754273670799220252,0,1936,2598,2084,2570
1754273670801225765,0,1936,2600,2085,2572
1754273670803244741,0,1938,2602,2086,2574
1754273670805225638,0,1938,2605,2088,2576
1754273670807130478,0,1939,2607,2089,2578
1754273670809132811,0,1940,2609,2090,2580
1754273670811102692,0,1941,2611,2092,2581
1754273670813141967,0,1942,2613,2093,2583
1754273670815186005,0,1943,2615,2095,2585
1754273670817140904,0,1944,2618,2096,2587
1754273670819139325,0,1945,2621,2099,2589
1754273670821096425,0,1947,2623,2101,2591
1754273670823117435,0,1948,2625,2102,2593
1754273670825126890,0,1949,2628,2104,2595
1754273670827175133,0,1950,2630,2105,2597
1754273670829163262,0,1952,2632,2107,2598
1754273670831124943,0,1953,2634,2108,2600
1754273670833112722,0,1954,2636,2110,2603
1754273670835180164,0,1955,2638,2112,2604
1754273670837118131,0,1956,2641,2114,2606
1754273670839146887,0,1957,2643,2115,2608
1754273670841178607,0,1959,2644,2117,2610
1754273670843109260,0,1960,2647,2119,2612
1754273670845107434,0,1962,2649,2121,2614
1754273670847031431,0,1963,2651,2123,2616
1754273670849053115,0,1964,2652,2125,2618
1754273670851045786,0,1966,2654,2127,2620
1754273670853061427,0,1967,2656,2129,2622
1754273670855112400,0,1969,2658,2131,2624
1754273670857131268,0,1970,2661,2133,2626
1754273670859089325,0,1972,2662,2134,2629
1754273670861091421,0,1974,2664,2136,2630
1754273670863095941,0,1975,2666,2138,2632
1754273670865063269,0,1977,2667,2140,2635
1754273670867143651,0,1978,2669,2142,2637
1754273670869073249,0,1980,2670,2143,2639
1754273670871132759,0,1982,2672,2145,2641
1754273670873090079,0,1984,2673,2147,2643
1754273670875135527,0,1985,2675,2149,2645
1754273670877039680,0,1987,2676,2151,2647
1754273670879051725,0,1988,2678,2153,2649
1754273670881054315,0,1990,2679,2155,2652
1754273670883047663,0,1991,2680,2157,2653
1754273670885021018,0,1993,2682,2159,2656
1754273670886996853,0,1995,2683,2161,2658
1754273670889103805,0,1997,2684,2162,2660
1754273670891037835,0,1998,2685,2165,2662
1754273670893075396,0,2000,2686,2166,2664
1754273670895040192,0,2001,2687,2168,2666
1754273670897108227,0,2003,2689,2170,2668
1754273670899007693,0,2004,2690,2172,2670
1754273670901016814,0,2005,2691,2173,2672
1754273670903043793,0,2007,2692,2175,2674
1754273670905075245,0,2008,2693,2177,2675
1754273670907054676,0,2010,2694,2179,2678
1754273670909062544,0,2011,2695,2181,2679
1754273670911048431,0,2013,2696,2183,2681
1754273670913089954,0,2014,2697,2185,2683
1754273670915024056,0,2015,2698,2187,2685
1754273670917011158,0,2016,2700,2188,2686
1754273670919021510,0,2017,2701,2190,2688
1754273670921001924,0,2018,2702,2191,2690
1754273670923040559,0,2019,2703,2193,2691
1754273670925030707,0,2022,2705,2195,2693
1754273670927073614,0,2023,2706,2196,2694
1754273670929084623,0,2024,2707,2198,2696
1754273670931135072,0,2026,2708,2200,2697
1754273670933041790,0,2026,2710,2202,2699
1754273670934980507,0,2027,2711,2203,2700
1754273670937030090,0,2028,2713,2205,2701
1754273670938979098,0,2029,2714,2207,2703
1754273670940994344,0,2030,2715,2209,2704
1754273670943000582,0,2031,2717,2210,2705
1754273670945066009,0,2033,2719,2212,2706
1754273670947019307,0,2034,2720,2214,2708
1754273670949069713,0,2034,2722,2216,2709
1754273670950989498,0,2035,2723,2217,2710
1754273670953103592,0,2036,2725,2219,2711
1754273670954975851,0,2038,2727,2221,2712
1754273670957016701,0,2039,2728,2222,2713
1754273670959013450,0,2040,2730,2224,2714
1754273670960991166,0,2040,2732,2225,2716
1754273670963011736,0,2041,2734,2227,2717
1754273670964937804,0,2043,2736,2229,2718
1754273670967040014,0,2043,2737,2230,2719
1754273670968930098,0,2045,2739,2232,2720
1754273670971002907,0,2046,2741,2234,2722
1754273670973008868,0,2047,2743,2236,2723
1754273670974936836,0,2048,2744,2237,2724
1754273670976945564,0,2049,2745,2239,2725
1754273670978924966,0,2051,2747,2241,2726
1754273670980947302,0,2052,2749,2242,2727
1754273670982968997,0,2054,2750,2244,2729
1754273670985009977,0,2055,2751,2246,2730
1754273670987100363,0,2057,2752,2247,2732
1754273670989019892,0,2058,2754,2249,2733
1754273670991067122,0,2060,2755,2250,2734
1754273670993049160,0,2062,2757,2252,2735
1754273670995022238,0,2064,2758,2253,2737
1754273670997055971,0,2066,2759,2255,2738
1754273670998907913,0,2068,2761,2257,2739
1754273671000933857,0,2070,2763,2257,2741
1754273671003006082,0,2072,2764,2259,2743
1754273671004926434,0,2074,2765,2261,2744
1754273671006985550,0,2076,2767,2262,2746
1754273671009025909,0,2078,2768,2263,2747
1754273671010976284,0,2080,2770,2264,2749
1754273671012948376,0,2082,2772,2266,2750
1754273671014951150,0,2085,2773,2266,2752
1754273671017037311,0,2086,2775,2267,2753
1754273671018964899,0,2089,2776,2268,2755
1754273671021008439,0,2091,2778,2269,2757
1754273671022951627,0,2094,2780,2270,2758
1754273671024964844,0,2096,2781,2271,2760
1754273671026994495,0,2098,2783,2272,2762
1754273671028984614,0,2100,2785,2273,2763
1754273671030872636,0,2102,2787,2274,2765
1754273671032888433,0,2104,2789,2275,2766
1754273671034830091,0,2107,2791,2276,2767
1754273671036844745,0,2109,2793,2277,2769
1754273671038860665,0,2111,2795,2278,2771
1754273671040933678,0,2113,2797,2279,2772
1754273671042918864,0,2115,2799,2280,2774
1754273671045009399,0,2117,2801,2281,2775
1754273671046999407,0,2119,2803,2283,2777
1754273671048998645,0,2121,2805,2284,2779
1754273671050948436,0,2123,2807,2285,2780
1754273671052960563,0,2125,2810,2286,2782
1754273671054921097,0,2127,2812,2288,2784
1754273671056947865,0,2129,2815,2289,2786
1754273671058911688,0,2130,2817,2291,2787
1754273671060975638,0,2132,2820,2292,2789
1754273671063016364,0,2133,2822,2294,2791
1754273671064996051,0,2135,2824,2295,2792
1754273671066967447,0,2136,2827,2296,2794
1754273671068953013,0,2137,2830,2298,2796
1754273671070980164,0,2139,2832,2299,2798
1754273671072954761,0,2140,2835,2300,2800
1754273671074986259,0,2141,2837,2302,2801
1754273671076959954,0,2143,2840,2303,2803
1754273671078955208,0,2144,2843,2305,2805
1754273671080858565,0,2145,2845,2306,2807
1754273671082844866,0,2147,2847,2308,2809
1754273671084871423,0,2148,2849,2309,2810
1754273671086822479,0,2149,2852,2310,2812
1754273671088824737,0,2150,2854,2312,2814
1754273671090812557,0,2151,2856,2313,2816
1754273671092780883,0,2152,2858,2315,2818
1754273671094819008,0,2153,2861,2316,2821
1754273671096786973,0,2154,2863,2318,2822
1754273671098799257,0,2155,2864,2319,2825
1754273671100807523,0,2157,2866,2321,2827
1754273671102867435,0,2158,2868,2322,2829
1754273671104888901,0,2159,2870,2323,2831
1754273671106807221,0,2160,2872,2324,2834
1754273671108865136,0,2161,2874,2326,2836
1754273671110804674,0,2163,2875,2327,2838
1754273671112782252,0,2164,2877,2328,2841
1754273671114800410,0,2165,2879,2329,2843
1754273671116778311,0,2166,2880,2331,2845
1754273671118820816,0,2167,2882,2332,2848
1754273671120753283,0,2168,2883,2334,2850
1754273671122790836,0,2170,2885,2335,2852
1754273671124790472,0,2171,2886,2336,2855
1754273671126807540,0,2172,2888,2338,2857
1754273671128828206,0,2174,2890,2339,2859
1754273671130840497,0,2175,2891,2341,2862
1754273671132759169,0,2176,2892,2342,2864
1754273671134779252,0,2178,2894,2344,2866
1754273671136730696,0,2179,2895,2346,2869
1754273671138777000,0,2180,2897,2347,2871
1754273671140799492,0,2181,2898,2349,2873
1754273671142745361,0,2182,2900,2350,2875
1754273671144737547,0,2184,2901,2352,2877
1754273671146762637,0,2185,2903,2353,2879
1754273671148773285,0,2187,2904,2355,2882
1754273671150754252,0,2188,2905,2356,2883
1754273671152737184,0,2189,2907,2358,2885
1754273671154775566,0,2191,2908,2359,2888
1754273671156801733,0,2192,2910,2361,2890
1754273671158743202,0,2194,2911,2363,2892
1754273671160725511,0,2195,2913,2364,2894
1754273671162758171,0,2196,2914,2366,2896
1754273671164817735,0,2197,2915,2368,2897
1754273671166818254,0,2199,2917,2370,2899
1754273671168823886,0,2201,2918,2371,2901
1754273671170744482,0,2202,2920,2373,2903
1754273671172737222,0,2204,2921,2375,2905
1754273671174770214,0,2205,2923,2376,2907
1754273671176769783,0,2207,2924,2378,2908
1754273671178692382,0,2208,2926,2380,2910
1754273671180684915,0,2209,2927,2382,2911
1754273671182684481,0,2211,2929,2383,2913
1754273671184696409,0,2213,2930,2385,2914
1754273671186693035,0,2214,2932,2387,2916
1754273671188714599,0,2216,2934,2389,2918
1754273671190724221,0,2217,2935,2391,2919
1754273671192686024,0,2219,2937,2392,2921
1754273671194678193,0,2221,2938,2395,2922
1754273671196693385,0,2222,2940,2397,2924
1754273671198707873,0,2223,2942,2399,2925
1754273671200793347,0,2225,2943,2400,2927
1754273671202749712,0,2227,2945,2402,2928
1754273671204657380,0,2228,2946,2404,2929
1754273671206726112,0,2230,2948,2405,2931
1754273671208723640,0,2231,2949,2407,2932
1754273671210715974,0,2233,2951,2409,2934
1754273671212676066,0,2234,2953,2410,2935
1754273671214605390,0,2236,2954,2412,2936
1754273671216724179,0,2237,2956,2414,2937
1754273671218686828,0,2238,2957,2415,2938
1754273671220766873,0,2239,2959,2416,2939
1754273671222696392,0,2241,2961,2419,2941
1754273671224671542,0,2242,2962,2421,2942
1754273671226670539,0,2244,2964,2423,2944
1754273671228674552,0,2245,2965,2424,2945
1754273671230728094,0,2246,2967,2426,2947
1754273671232745936,0,2248,2969,2428,2948
1754273671234634354,0,2249,2970,2429,2949
1754273671236681243,0,2251,2971,2431,2951
1754273671238713269,0,2253,2973,2433,2953
1754273671240720880,0,2254,2975,2434,2954
1754273671242693349,0,2256,2976,2436,2955
1754273671244681200,0,2257,2978,2438,2957
1754273671246659895,0,2258,2979,2440,2959
1754273671248613723,0,2260,2980,2441,2960
1754273671250625872,0,2261,2982,2443,2961
1754273671252542505,0,2263,2983,2444,2963
1754273671254571444,0,2264,2984,2446,2964
1754273671256585898,0,2266,2986,2448,2966
1754273671258555608,0,2268,2988,2450,2968
1754273671260603422,0,2269,2989,2452,2969
1754273671262576233,0,2271,2990,2453,2970
1754273671264685962,0,2272,2991,2455,2971
1754273671266572219,0,2274,2992,2456,2973
1754273671268598896,0,2275,2994,2458,2974
1754273671270531751,0,2278,2995,2460,2976
1754273671272612325,0,2280,2996,2461,2977
1754273671274478186,0,2281,2997,2462,2979
1754273671276659564,0,2283,2998,2463,2980
1754273671278567358,0,2285,2999,2465,2982
1754273671280621720,0,2286,3000,2466,2983
1754273671282671137,0,2288,3002,2467,2985
1754273671284596879,0,2289,3003,2468,2986
1754273671286640366,0,2291,3004,2469,2988
1754273671288650870,0,2292,3006,2470,2989
1754273671290675760,0,2294,3006,2471,2991
1754273671292612828,0,2295,3008,2473,2992
1754273671294627987,0,2297,3008,2474,2994
1754273671296591125,0,2299,3010,2475,2995
1754273671298502098,0,2300,3011,2476,2996
1754273671300516069,0,2302,3013,2477,2998
1754273671302582303,0,2303,3013,2478,2999
1754273671304520983,0,2305,3015,2479,3001
1754273671306489647,0,2307,3016,2480,3002
1754273671308584284,0,2308,3017,2481,3002
1754273671310519504,0,2310,3018,2482,3004
1754273671312532386,0,2312,3020,2483,3005
1754273671314532438,0,2313,3021,2484,3007
1754273671316529844,0,2315,3023,2485,3008
1754273671318491756,0,2316,3024,2486,3009
1754273671320466214,0,2318,3025,2488,3010
1754273671322513766,0,2319,3027,2489,3012
1754273671324516219,0,2321,3029,2490,3013
1754273671326511750,0,2322,3030,2491,3014
1754273671328509708,0,2323,3032,2492,3015
1754273671330571436,0,2325,3034,2494,3016
1754273671332559830,0,2326,3036,2495,3017
1754273671334624544,0,2327,3038,2496,3019
1754273671336545218,0,2329,3040,2497,3020
1754273671338585064,0,2330,3041,2498,3021
1754273671340510682,0,2331,3045,2500,3023
1754273671342535627,0,2333,3047,2501,3024
1754273671344663528,0,2334,3048,2502,3025
1754273671346622734,0,2335,3050,2504,3026
1754273671348604229,0,2336,3052,2505,3028
1754273671350645707,0,2337,3054,2506,3029
1754273671352556252,0,2338,3057,2508,3030
1754273671354556235,0,2340,3058,2508,3031
1754273671356506271,0,2341,3059,2510,3033
1754273671358494207,0,2342,3061,2511,3034
1754273671360480178,0,2343,3063,2512,3036
1754273671362501865,0,2344,3065,2513,3037
1754273671364476612,0,2345,3067,2514,3038
1754273671366496702,0,2346,3069,2515,3040
1754273671368514050,0,2347,3070,2516,3041
1754273671370479509,0,2348,3072,2517,3043
1754273671372457354,0,2350,3073,2518,3044
1754273671374467758,0,2351,3075,2519,3046
1754273671376468967,0,2352,3076,2520,3047
1754273671378461612,0,2353,3078,2521,3049
1754273671380498242,0,2354,3079,2522,3051
1754273671382557522,0,2356,3081,2524,3052
1754273671384528099,0,2357,3082,2524,3054
1754273671386521733,0,2358,3084,2526,3056
1754273671388457352,0,2359,3085,2527,3057
1754273671390390330,0,2361,3087,2528,3059
1754273671392409003,0,2362,3088,2530,3061
1754273671394443237,0,2363,3090,2531,3063
1754273671396471077,0,2365,3091,2532,3065
1754273671398459445,0,2367,3092,2533,3066
1754273671400475910,0,2367,3093,2534,3068
1754273671402468494,0,2370,3095,2535,3070
1754273671404465821,0,2370,3096,2537,3071
1754273671406463824,0,2372,3097,2538,3073
1754273671408458532,0,2373,3099,2539,3075
1754273671410437561,0,2374,3100,2540,3077
1754273671412498172,0,2376,3101,2541,3078
1754273671414439218,0,2377,3102,2542,3080
1754273671416489444,0,2378,3104,2543,3081
1754273671418447926,0,2380,3105,2545,3083
1754273671420436705,0,2380,3106,2546,3085
1754273671422439016,0,2382,3108,2547,3086
1754273671424425493,0,2383,3109,2548,3088
1754273671426441072,0,2384,3111,2550,3090
1754273671428413419,0,2386,3112,2551,3091
1754273671430475055,0,2387,3114,2553,3093
1754273671432418981,0,2388,3115,2554,3094
1754273671434467436,0,2389,3117,2555,3096
1754273671436879540,0,2391,3118,2557,3098
1754273671438488640,0,2392,3120,2559,3099
1754273671440541685,0,2393,3121,2560,3100
1754273671442363199,0,2395,3123,2562,3102
1754273671444332632,0,2395,3124,2563,3104
1754273671446331680,0,2397,3125,2565,3105
1754273671448357651,0,2398,3126,2566,3107
1754273671450345820,0,2399,3128,2567,3108
1754273671452341194,0,2400,3129,2569,3110
1754273671454406894,0,2401,3131,2570,3111
1754273671456322637,0,2402,3132,2572,3113
1754273671458399242,0,2405,3134,2573,3114
1754273671460501169,0,2406,3135,2575,3116
1754273671462442819,0,2407,3137,2576,3117
1754273671464552011,0,2409,3138,2578,3119
1754273671466453097,0,2410,3140,2579,3120
1754273671468444280,0,2411,3141,2581,3122
1754273671470457294,0,2412,3142,2582,3123
1754273671472482487,0,2414,3144,2584,3124
1754273671474441954,0,2415,3145,2585,3126
1754273671476355715,0,2417,3147,2587,3127
1754273671478446833,0,2418,3148,2589,3128
1754273671480495964,0,2420,3149,2590,3130
1754273671482486571,0,2421,3150,2592,3131
1754273671484466851,0,2423,3152,2593,3133
1754273671486449327,0,2424,3153,2595,3135
1754273671488414856,0,2425,3154,2595,3135
1754273671490368951,0,2427,3156,2597,3137
1754273671492379052,0,2429,3157,2599,3139
1754273671494373699,0,2430,3159,2600,3140
1754273671496438029,0,2432,3160,2602,3142
1754273671498473701,0,2434,3162,2603,3143
1754273671500550228,0,2435,3163,2604,3145
1754273671502432973,0,2437,3164,2606,3146
1754273671504358470,0,2439,3165,2607,3148
1754273671506497554,0,2441,3166,2608,3149
1754273671508377061,0,2443,3168,2610,3150
1754273671510526528,0,2445,3168,2611,3151
1754273671512400271,0,2446,3170,2613,3153
1754273671514376859,0,2448,3171,2614,3154
1754273671516407460,0,2450,3172,2616,3156
1754273671518373622,0,2452,3174,2617,3157
1754273671520375917,0,2453,3175,2618,3159
1754273671522384865,0,2454,3175,2618,3159
1754273671524463073,0,2456,3177,2620,3161
1754273671526393999,0,2458,3178,2621,3163
1754273671528404464,0,2459,3179,2623,3164
1754273671530452501,0,2461,3180,2623,3166
1754273671532399589,0,2462,3182,2624,3167
1754273671534328969,0,2464,3183,2625,3168
1754273671536298608,0,2465,3184,2627,3169
1754273671538317327,0,2466,3185,2628,3170
1754273671540333484,0,2468,3186,2629,3172
1754273671542341605,0,2469,3187,2630,3173
1754273671544263803,0,2471,3188,2631,3174
1754273671546301316,0,2472,3189,2632,3175
1754273671548260871,0,2474,3190,2634,3177
1754273671550292254,0,2474,3191,2635,3178
1754273671552290195,0,2476,3192,2636,3180
1754273671554268615,0,2477,3193,2638,3181
1754273671556431141,0,2478,3194,2639,3182
1754273671558384532,0,2479,3195,2640,3184
1754273671560356812,0,2480,3196,2640,3184
1754273671562351091,0,2482,3197,2642,3185
1754273671564368874,0,2483,3199,2644,3187
1754273671566335560,0,2484,3200,2645,3188
1754273671568357943,0,2485,3201,2646,3189
1754273671570331749,0,2486,3203,2647,3191
1754273671572350783,0,2487,3204,2649,3192
1754273671574349195,0,2488,3205,2650,3193
1754273671576342097,0,2489,3206,2651,3194
1754273671578339614,0,2490,3207,2652,3195
1754273671580352847,0,2491,3208,2653,3196
1754273671582361411,0,2492,3210,2655,3197
1754273671584346764,0,2492,3211,2656,3198
1754273671586333795,0,2493,3212,2657,3199
1754273671588340861,0,2494,3214,2659,3201
1754273671590348469,0,2494,3215,2659,3201
1754273671592321546,0,2495,3216,2660,3203
1754273671594363155,0,2496,3217,2661,3204
1754273671596333036,0,2496,3219,2662,3205
1754273671598355603,0,2497,3220,2664,3206
1754273671600340665,0,2498,3222,2665,3207
1754273671602358609,0,2499,3223,2666,3208
1754273671604334485,0,2500,3225,2666,3209
1754273671606351621,0,2501,3226,2667,3210
1754273671608327540,0,2502,3228,2668,3211
1754273671610321325,0,2503,3229,2669,3212
1754273671612327959,0,2504,3230,2671,3213
1754273671614340487,0,2505,3232,2671,3214
1754273671616300141,0,2506,3233,2674,3215
1754273671618322903,0,2507,3236,2674,3217
1754273671620321823,0,2508,3237,2675,3218
1754273671622351441,0,2510,3239,2676,3219
1754273671624327487,0,2511,3240,2677,3220
1754273671626310593,0,2513,3241,2678,3221
1754273671628341323,0,2514,3243,2678,3222
1754273671630333580,0,2516,3244,2679,3223
1754273671632298263,0,2517,3246,2680,3225
1754273671634320995,0,2518,3247,2681,3226
1754273671636255679,0,2520,3248,2681,3227
1754273671638204297,0,2521,3249,2682,3228
1754273671640315392,0,2523,3251,2682,3229
1754273671642315410,0,2524,3252,2683,3231
1754273671644292043,0,2526,3253,2684,3232
1754273671646295604,0,2528,3254,2684,3234
1754273671648291363,0,2529,3255,2685,3235
1754273671650284486,0,2530,3256,2686,3236
1754273671652303356,0,2531,3257,2687,3237
1754273671654300509,0,2533,3258,2688,3239
1754273671656355884,0,2534,3259,2688,3240
1754273671658303625,0,2536,3260,2689,3241
1754273671660279981,0,2537,3260,2690,3243
1754273671662276565,0,2538,3260,2691,3245
1754273671664243002,0,2539,3261,2692,3246
1754273671666227796,0,2540,3261,2693,3247
1754273671668172316,0,2541,3261,2694,3248
1754273671670273822,0,2542,3261,2696,3250
1754273671672256981,0,2543,3261,2697,3251
1754273671674194455,0,2543,3262,2698,3253
1754273671676127463,0,2544,3262,2699,3254
1754273671678131515,0,2544,3261,2701,3255
1754273671680090917,0,2545,3261,2702,3257
1754273671682160276,0,2545,3262,2703,3258
1754273671684143042,0,2545,3262,2704,3259
1754273671686186237,0,2546,3262,2705,3260
1754273671688129172,0,2546,3263,2706,3261
1754273671690164694,0,2546,3263,2707,3262
1754273671692192666,0,2547,3264,2708,3264
1754273671694155037,0,2548,3265,2709,3265
1754273671696195157,0,2548,3266,2711,3265
1754273671698136252,0,2549,3267,2712,3266
1754273671700109053,0,2550,3268,2713,3268
1754273671702162783,0,2551,3269,2715,3268
1754273671704203639,0,2552,3271,2716,3269
1754273671706179805,0,2553,3273,2717,3270
1754273671708183372,0,2554,3274,2718,3270
1754273671710301448,0,2555,3276,2720,3271
1754273671712192970,0,2556,3278,2721,3272
1754273671714166958,0,2557,3280,2723,3272
1754273671716164099,0,2559,3282,2724,3273
1754273671718272304,0,2560,3284,2725,3274
1754273671720146958,0,2561,3286,2727,3274
1754273671722153507,0,2563,3288,2728,3275
1754273671724100154,0,2564,3290,2729,3275
1754273671726026710,0,2566,3293,2730,3276
1754273671727981080,0,2568,3296,2731,3276
1754273671729982004,0,2570,3298,2732,3277
1754273671732004791,0,2571,3300,2734,3278
1754273671734007218,0,2574,3303,2735,3278
1754273671735984060,0,2576,3305,2736,3279
1754273671738025956,0,2578,3308,2737,3280
1754273671740025660,0,2580,3310,2738,3281
1754273671742009910,0,2583,3313,2739,3282
1754273671744035860,0,2585,3315,2740,3283
1754273671746159149,0,2587,3318,2741,3283
1754273671748182229,0,2590,3320,2741,3284
1754273671749997117,0,2592,3323,2742,3285
1754273671752015062,0,2594,3326,2742,3287
1754273671754110577,0,2597,3328,2743,3288
1754273671756056722,0,2600,3331,2744,3289
1754273671758065469,0,2602,3333,2744,3291
1754273671760060351,0,2605,3335,2745,3292
1754273671762021876,0,2608,3338,2745,3293
1754273671763982354,0,2610,3340,2746,3295
1754273671766093628,0,2613,3343,2746,3297
1754273671768074822,0,2616,3346,2747,3298
1754273671770098029,0,2618,3348,2747,3300
1754273671772075329,0,2621,3350,2748,3302
1754273671774092501,0,2624,3352,2749,3304
1754273671776089153,0,2626,3355,2749,3306
1754273671778045608,0,2629,3357,2749,3308
1754273671780104412,0,2632,3359,2749,3310
1754273671782013411,0,2635,3361,2750,3312
1754273671783998919,0,2637,3362,2750,3314
1754273671786094801,0,2640,3365,2750,3317
1754273671788092097,0,2642,3367,2750,3319
1754273671789996461,0,2644,3369,2750,3322
1754273671791964826,0,2647,3371,2751,3324
1754273671793940449,0,2649,3373,2751,3327
1754273671795997131,0,2651,3375,2751,3329
1754273671797945818,0,2653,3377,2752,3331
1754273671799953783,0,2656,3379,2752,3334
1754273671802017517,0,2658,3380,2753,3336
1754273671804043505,0,2660,3382,2753,3339
1754273671806167748,0,2662,3384,2754,3341
1754273671808023323,0,2663,3385,2755,3344
1754273671809992460,0,2665,3387,2755,3347
1754273671812004233,0,2666,3388,2756,3349
1754273671814077817,0,2667,3389,2756,3352
1754273671815960767,0,2668,3391,2757,3354
1754273671818011626,0,2669,3393,2758,3357
1754273671820063338,0,2670,3394,2759,3359
1754273671822027070,0,2670,3396,2759,3362
1754273671823963741,0,2671,3397,2760,3364
1754273671825941046,0,2671,3398,2761,3367
1754273671827962991,0,2671,3399,2763,3369
1754273671830056304,0,2671,3401,2764,3372
1754273671832031598,0,2671,3402,2765,3374
1754273671834094214,0,2671,3403,2766,3376
1754273671836061184,0,2671,3404,2767,3378
1754273671837992181,0,2671,3405,2769,3381
1754273671839992286,0,2670,3407,2770,3383
1754273671841904154,0,2670,3408,2772,3385
1754273671843953909,0,2670,3409,2773,3387
1754273671846128829,0,2670,3410,2775,3390
1754273671847952665,0,2670,3411,2777,3391
1754273671849933147,0,2669,3412,2779,3394
1754273671851970016,0,2669,3413,2781,3396
1754273671853859656,0,2669,3414,2783,3397
1754273671856015982,0,2669,3415,2784,3399
1754273671858028256,0,2669,3416,2787,3401
1754273671860027713,0,2669,3417,2789,3403
1754273671861977993,0,2669,3418,2791,3404
1754273671863984447,0,2669,3419,2793,3406
1754273671865990473,0,2669,3420,2796,3408
1754273671867955463,0,2669,3422,2798,3409
1754273671869971894,0,2669,3423,2801,3411
1754273671871996334,0,2669,3424,2804,3412
1754273671874046602,0,2669,3425,2807,3413
1754273671875920645,0,2669,3427,2809,3415
1754273671877950177,0,2670,3428,2812,3416
1754273671879917034,0,2670,3429,2815,3417
1754273671882003092,0,2670,3431,2818,3419
1754273671883870392,0,2671,3432,2821,3420
1754273671885969128,0,2671,3433,2823,3421
1754273671887940123,0,2672,3434,2826,3423
1754273671889943646,0,2673,3436,2829,3424
1754273671891884302,0,2674,3437,2832,3425
1754273671893905054,0,2675,3438,2835,3426
1754273671895881678,0,2676,3439,2837,3427
1754273671898020940,0,2677,3440,2840,3428
1754273671899958725,0,2678,3441,2842,3429
1754273671901984113,0,2679,3443,2845,3430
1754273671904022332,0,2680,3444,2847,3432
1754273671905956689,0,2681,3445,2849,3433
1754273671907826786,0,2683,3446,2851,3434
1754273671910005255,0,2684,3447,2853,3435
1754273671912054580,0,2686,3449,2855,3436
1754273671913915884,0,2687,3450,2856,3437
1754273671915931729,0,2688,3451,2858,3438
1754273671917967587,0,2690,3452,2859,3439
1754273671919930493,0,2692,3452,2861,3440
1754273671921962036,0,2693,3454,2862,3441
1754273671923919586,0,2695,3454,2863,3443
1754273671926028610,0,2697,3455,2865,3444
1754273671927873652,0,2699,3456,2866,3445
1754273671929897596,0,2700,3457,2867,3446
1754273671931926739,0,2702,3457,2868,3447
1754273671933898494,0,2704,3458,2870,3448
1754273671935963222,0,2706,3458,2870,3449
1754273671937878332,0,2708,3458,2872,3450
1754273671939925382,0,2710,3459,2873,3451
1754273671941922079,0,2713,3459,2874,3453
1754273671943884352,0,2715,3459,2876,3453
1754273671945932575,0,2717,3460,2877,3454
1754273671947936314,0,2719,3460,2879,3455
1754273671950002661,0,2721,3460,2879,3456
1754273671951998574,0,2725,3460,2880,3458
1754273671953926632,0,2727,3460,2882,3459
1754273671955934119,0,2729,3461,2883,3460
1754273671957856205,0,2731,3461,2884,3461
1754273671959844884,0,2733,3461,2885,3462
1754273671961855202,0,2736,3461,2885,3462
1754273671963874715,0,2738,3461,2886,3463
1754273671965813642,0,2740,3461,2887,3464
1754273671967962400,0,2742,3461,2888,3465
1754273671969824142,0,2744,3461,2888,3466
1754273671971771007,0,2745,3461,2889,3466
1754273671973848160,0,2746,3461,2890,3467
1754273671975801997,0,2747,3461,2890,3468
1754273671977825959,0,2748,3461,2891,3469
1754273671979859001,0,2749,3461,2892,3469
1754273671981827313,0,2749,3462,2893,3470
1754273671983903898,0,2750,3462,2893,3470
1754273671985801284,0,2750,3462,2894,3471
1754273671987861425,0,2750,3462,2896,3471
1754273671989821071,0,2750,3462,2896,3472
1754273671991835990,0,2750,3463,2897,3472
1754273671993813849,0,2750,3463,2898,3473
1754273671995861185,0,2750,3464,2899,3473
1754273671997811244,0,2750,3465,2900,3473
1754273671999811987,0,2750,3466,2901,3473
1754273672001812531,0,2750,3467,2902,3473
1754273672003781670,0,2750,3468,2903,3474
1754273672005741038,0,2750,3469,2903,3474
1754273672007814852,0,2750,3471,2904,3474
1754273672009703988,0,2750,3472,2905,3474
1754273672011856275,0,2750,3473,2906,3474
1754273672013789561,0,2750,3474,2907,3474
1754273672015809178,0,2750,3476,2907,3474
1754273672017770640,0,2750,3478,2908,3475
1754273672019798863,0,2750,3479,2909,3475
1754273672021873381,0,2750,3481,2910,3475
1754273672023785926,0,2750,3483,2911,3475
1754273672025804763,0,2750,3484,2911,3475
1754273672027848698,0,2750,3486,2912,3475
1754273672029778544,0,2750,3488,2912,3476
1754273672031834426,0,2751,3490,2913,3476
1754273672033808487,0,2751,3490,2913,3476
1754273672035818735,0,2751,3492,2913,3477
1754273672037815370,0,2752,3494,2913,3477
1754273672039786734,0,2753,3496,2914,3477
1754273672041836607,0,2754,3497,2914,3478
1754273672043939654,0,2754,3499,2914,3479
1754273672045681267,0,2756,3500,2914,3479
1754273672047694245,0,2757,3502,2914,3480
1754273672049666192,0,2757,3503,2914,3481
1754273672051824713,0,2758,3505,2915,3482
1754273672053812980,0,2760,3506,2915,3482
1754273672055689710,0,2761,3507,2915,3484
1754273672057648078,0,2762,3508,2915,3485
1754273672059675763,0,2764,3509,2916,3486
1754273672061686826,0,2765,3510,2916,3487
1754273672063715526,0,2766,3511,2916,3488
1754273672065631057,0,2768,3511,2916,3489
1754273672067586320,0,2769,3511,2917,3490
1754273672069599068,0,2771,3511,2917,3491
1754273672071583334,0,2772,3511,2918,3493
1754273672073624001,0,2773,3511,2918,3494
1754273672075695275,0,2774,3511,2918,3495
1754273672077652296,0,2775,3511,2918,3496
1754273672079681507,0,2777,3511,2919,3498
1754273672081593718,0,2777,3511,2919,3499
1754273672083638862,0,2779,3511,2919,3501
1754273672085603247,0,2779,3511,2920,3502
1754273672087601400,0,2780,3511,2920,3503
1754273672089627913,0,2780,3510,2920,3505
1754273672091568516,0,2781,3510,2920,3506
1754273672093607700,0,2782,3510,2921,3507
1754273672095612349,0,2782,3510,2921,3508
1754273672097671166,0,2782,3509,2921,3510
1754273672099687475,0,2783,3509,2922,3511
1754273672101678462,0,2783,3509,2922,3512
1754273672103657385,0,2783,3508,2922,3513
1754273672105524001,0,2783,3508,2922,3514
1754273672107528086,0,2783,3508,2923,3515
1754273672109584644,0,2783,3507,2923,3516
1754273672111566571,0,2783,3507,2924,3517
1754273672113595246,0,2783,3506,2925,3517
1754273672115572307,0,2783,3506,2925,3518
1754273672117658426,0,2783,3506,2926,3519
1754273672119631705,0,2783,3506,2927,3519
1754273672121757217,0,2783,3506,2927,3520
1754273672123650998,0,2783,3506,2928,3520
1754273672125615597,0,2783,3506,2929,3521
1754273672127595587,0,2783,3507,2930,3521
1754273672129679717,0,2783,3507,2931,3521
1754273672131524905,0,2783,3508,2932,3521
1754273672133675283,0,2783,3508,2933,3522
1754273672135550522,0,2783,3509,2934,3522
1754273672137672139,0,2783,3510,2935,3522
1754273672139576907,0,2783,3510,2936,3522
1754273672141572762,0,2784,3512,2937,3522
1754273672143480284,0,2784,3513,2938,3522
1754273672145519962,0,2784,3514,2940,3522
1754273672147503866,0,2785,3515,2941,3522
1754273672149682585,0,2785,3517,2942,3522
1754273672151508791,0,2786,3518,2943,3522
1754273672153638410,0,2787,3520,2944,3522
1754273672155566994,0,2788,3521,2945,3522
1754273672157678246,0,2789,3523,2947,3522
1754273672159516160,0,2790,3525,2948,3522
1754273672161496803,0,2791,3527,2949,3522
1754273672163554606,0,2792,3529,2950,3522
1754273672165492347,0,2793,3530,2951,3522
1754273672167530814,0,2795,3532,2952,3522
1754273672169604570,0,2797,3534,2953,3522
1754273672171499523,0,2798,3536,2954,3523
1754273672173590599,0,2800,3538,2955,3523
1754273672175516843,0,2801,3540,2955,3523
1754273672177628648,0,2803,3541,2956,3523
1754273672179509595,0,2805,3542,2956,3523
1754273672181501715,0,2806,3544,2957,3524
1754273672183503945,0,2808,3545,2958,3524
1754273672185481578,0,2810,3547,2959,3525
1754273672187632630,0,2812,3548,2959,3525
1754273672189529858,0,2814,3549,2960,3526
1754273672191527031,0,2816,3550,2960,3527
1754273672193539090,0,2818,3551,2961,3528
1754273672195570250,0,2821,3552,2961,3529
1754273672197486006,0,2822,3553,2961,3530
1754273672199501413,0,2825,3554,2962,3531
1754273672201470673,0,2827,3555,2962,3532
1754273672203574804,0,2829,3555,2962,3533
1754273672205537674,0,2831,3556,2962,3534
1754273672207534915,0,2833,3556,2962,3536
1754273672209475734,0,2834,3557,2962,3537
1754273672211650074,0,2836,3557,2962,3538
1754273672213447245,0,2838,3557,2962,3539
1754273672215705046,0,2840,3557,2962,3541
1754273672217457104,0,2842,3556,2962,3542
1754273672219524631,0,2843,3556,2962,3544
1754273672221406460,0,2844,3556,2963,3545
1754273672223519290,0,2846,3555,2963,3546
1754273672225417325,0,2847,3555,2963,3548
1754273672227519370,0,2848,3555,2964,3549
1754273672229562222,0,2849,3555,2964,3551
1754273672231742685,0,2850,3555,2964,3552
1754273672233437267,0,2851,3555,2964,3553
1754273672235736434,0,2853,3555,2964,3555
1754273672237434949,0,2853,3555,2965,3556
1754273672239704281,0,2854,3555,2965,3557
1754273672241425821,0,2854,3555,2965,3558
1754273672243464341,0,2855,3555,2965,3559
1754273672245422620,0,2854,3555,2966,3560
1754273672247458731,0,2855,3556,2966,3561
1754273672249455071,0,2855,3556,2967,3562
1754273672251446428,0,2855,3557,2967,3563
1754273672253437847,0,2855,3557,2968,3564
1754273672255420770,0,2855,3557,2968,3565
1754273672257435210,0,2854,3558,2969,3565
1754273672259387513,0,2855,3559,2970,3566
1754273672261339133,0,2854,3559,2970,3566
1754273672263339218,0,2854,3560,2971,3567
1754273672265428818,0,2854,3561,2971,3567
1754273672267367862,0,2855,3562,2972,3568
1754273672269407836,0,2854,3563,2973,3568
1754273672271377632,0,2854,3564,2974,3569
1754273672273393132,0,2854,3564,2975,3569
1754273672275408139,0,2854,3565,2976,3569
1754273672277416175,0,2854,3566,2977,3570
1754273672279408978,0,2854,3567,2978,3570
1754273672281413279,0,2855,3569,2979,3570
1754273672283426563,0,2854,3570,2980,3570
1754273672285481930,0,2854,3570,2981,3570
1754273672287420907,0,2855,3571,2982,3571
1754273672289439546,0,2854,3572,2983,3571
1754273672291394825,0,2854,3573,2984,3571
1754273672293456965,0,2855,3574,2985,3571
1754273672295378088,0,2855,3575,2986,3572
1754273672297383743,0,2855,3576,2987,3572
1754273672299417385,0,2855,3577,2988,3572
1754273672301386933,0,2855,3578,2989,3573
1754273672303386527,0,2855,3579,2990,3573
1754273672305374092,0,2855,3580,2991,3573
1754273672307386427,0,2856,3581,2992,3574
1754273672309627995,0,2856,3582,2994,3574
1754273672311364203,0,2856,3583,2995,3574
1754273672313466131,0,2856,3583,2996,3575
1754273672315360498,0,2857,3584,2997,3575
1754273672317429752,0,2858,3584,2997,3576
1754273672319411841,0,2858,3585,2998,3577
1754273672321386115,0,2859,3585,2998,3577
1754273672323342047,0,2859,3585,2999,3577
1754273672325426320,0,2860,3586,3000,3578
1754273672327368260,0,2862,3586,3000,3578
1754273672329461969,0,2863,3586,3001,3579
1754273672331361891,0,2864,3586,3001,3580
1754273672333351889,0,2864,3586,3002,3580
1754273672335316947,0,2865,3586,3002,3581
1754273672337357890,0,2866,3586,3003,3582
1754273672339299515,0,2867,3585,3004,3583
1754273672341310746,0,2867,3585,3004,3583
1754273672343367726,0,2868,3585,3004,3584
1754273672345379023,0,2869,3585,3005,3585
1754273672347293335,0,2870,3585,3005,3586
1754273672349325738,0,2870,3585,3005,3586
1754273672351348285,0,2871,3584,3005,3587
1754273672353261878,0,2872,3584,3005,3587
1754273672355354069,0,2873,3584,3006,3588
1754273672357311789,0,2874,3584,3006,3589
1754273672359296511,0,2875,3583,3006,3589
1754273672361228710,0,2875,3583,3007,3589
1754273672363200171,0,2876,3582,3007,3590
1754273672365273488,0,2876,3582,3007,3590
1754273672367226413,0,2876,3582,3007,3591
1754273672369328917,0,2876,3581,3008,3591
1754273672371258161,0,2876,3581,3008,3591
1754273672373347042,0,2876,3580,3008,3592
1754273672375241246,0,2876,3580,3009,3592
1754273672377323044,0,2876,3580,3009,3592
1754273672379248932,0,2876,3580,3010,3592
1754273672381249662,0,2876,3579,3010,3592
1754273672383266949,0,2876,3579,3011,3592
1754273672385254443,0,2876,3579,3011,3592
1754273672387266272,0,2876,3579,3012,3593
1754273672389295987,0,2876,3579,3012,3593
1754273672391283653,0,2876,3579,3012,3593
1754273672393275381,0,2876,3580,3013,3593
1754273672395288643,0,2876,3580,3014,3593
1754273672397295608,0,2876,3580,3014,3593
1754273672399308574,0,2876,3580,3014,3593
1754273672401323596,0,2876,3580,3015,3593
1754273672403275071,0,2876,3581,3015,3593
1754273672405250683,0,2876,3582,3015,3593
1754273672407308002,0,2876,3582,3016,3593
1754273672409254003,0,2876,3583,3017,3593
1754273672411222099,0,2876,3584,3017,3593
1754273672413345676,0,2876,3584,3017,3593
1754273672415281915,0,2876,3585,3018,3593
1754273672417377545,0,2876,3586,3018,3593
1754273672419261424,0,2877,3588,3018,3593
1754273672421259904,0,2877,3589,3019,3593
1754273672423266811,0,2877,3590,3019,3593
1754273672425284444,0,2877,3591,3019,3593
1754273672427250538,0,2877,3593,3019,3593
1754273672429148900,0,2878,3594,3019,3593
1754273672431095821,0,2878,3595,3019,3593
1754273672433169157,0,2878,3596,3019,3593
1754273672435184533,0,2878,3597,3019,3594
1754273672437171093,0,2879,3598,3019,3594
1754273672439110155,0,2879,3599,3019,3594
1754273672441215164,0,2880,3599,3019,3594
1754273672443158674,0,2880,3600,3019,3594
1754273672445214743,0,2881,3601,3019,3594
1754273672447202962,0,2882,3602,3019,3594
1754273672449224117,0,2882,3602,3019,3594
1754273672451159604,0,2883,3603,3019,3594
1754273672453170084,0,2883,3604,3019,3594
1754273672455195275,0,2884,3604,3019,3595
1754273672457317144,0,2885,3605,3019,3595
1754273672459227285,0,2885,3605,3019,3595
1754273672461215950,0,2886,3605,3019,3596
1754273672463315536,0,2887,3605,3019,3596
1754273672465218096,0,2888,3605,3019,3597
1754273672467134850,0,2889,3605,3020,3597
1754273672469158543,0,2889,3605,3020,3598
1754273672471201079,0,2891,3605,3020,3598
1754273672473135041,0,2892,3604,3020,3599
1754273672475151674,0,2892,3604,3020,3600
1754273672477177122,0,2894,3604,3020,3600
1754273672479163160,0,2895,3604,3020,3601
1754273672481093366,0,2896,3603,3020,3601
1754273672483150114,0,2897,3603,3020,3602
1754273672485199628,0,2898,3602,3020,3603
1754273672487161680,0,2898,3602,3020,3603
1754273672489140618,0,2899,3601,3020,3604
1754273672491152670,0,2899,3601,3020,3605
1754273672493131603,0,2900,3600,3020,3605
1754273672495136107,0,2900,3600,3020,3606
1754273672497137512,0,2901,3599,3020,3606
1754273672499144372,0,2901,3599,3020,3607
1754273672501120177,0,2902,3599,3020,3607
1754273672503119790,0,2902,3598,3020,3607
1754273672505093764,0,2902,3598,3021,3608
1754273672507081351,0,2902,3598,3021,3608
1754273672509089208,0,2902,3597,3021,3608
1754273672511101660,0,2903,3597,3021,3608
1754273672513123444,0,2903,3598,3021,3609
1754273672515135316,0,2903,3597,3022,3609
1754273672517117542,0,2903,3598,3022,3609
1754273672519143829,0,2903,3598,3022,3609
1754273672521090628,0,2903,3598,3023,3609
1754273672523099929,0,2903,3599,3023,3610
1754273672525038686,0,2903,3599,3024,3610
1754273672527074954,0,2903,3599,3024,3610
1754273672529028188,0,2903,3600,3025,3610
1754273672531154668,0,2903,3601,3025,3610
1754273672533054308,0,2903,3601,3026,3610
1754273672535044542,0,2903,3603,3026,3609
1754273672537048513,0,2903,3604,3027,3610
1754273672539034105,0,2903,3605,3027,3610
1754273672541094741,0,2903,3606,3028,3610
1754273672543013600,0,2903,3607,3028,3609
1754273672545077233,0,2903,3609,3029,3610
1754273672546983281,0,2904,3610,3030,3610
1754273672549064028,0,2904,3611,3030,3610
1754273672551055683,0,2904,3613,3031,3610
1754273672553111207,0,2904,3614,3032,3610
1754273672555046731,0,2905,3616,3032,3610
1754273672557088746,0,2905,3617,3033,3610
1754273672559029054,0,2905,3618,3033,3610
1754273672561093884,0,2906,3620,3034,3610
1754273672563010799,0,2906,3622,3034,3610
1754273672565117096,0,2907,3623,3034,3610
1754273672567110540,0,2907,3624,3034,3610
1754273672569123368,0,2907,3625,3034,3610
1754273672571034066,0,2907,3625,3034,3610
1754273672573085706,0,2907,3627,3034,3610
1754273672575104330,0,2908,3627,3034,3611
1754273672576996073,0,2908,3627,3034,3611
1754273672579066989,0,2908,3628,3034,3611
1754273672580992594,0,2908,3628,3034,3612
1754273672582996770,0,2908,3629,3033,3612
1754273672585021342,0,2908,3629,3033,3613
1754273672587015873,0,2908,3629,3033,3614
1754273672589023886,0,2909,3629,3033,3614
1754273672590996960,0,2909,3628,3033,3615
1754273672593022942,0,2909,3628,3033,3616
1754273672594971207,0,2909,3628,3033,3617
1754273672597008597,0,2909,3627,3032,3618
1754273672599029782,0,2909,3627,3032,3619
1754273672600967212,0,2909,3626,3032,3619
1754273672603032618,0,2909,3625,3032,3620
1754273672605009287,0,2909,3624,3032,3621
1754273672607018232,0,2909,3623,3032,3622
1754273672609002828,0,2910,3622,3032,3623
1754273672610992694,0,2909,3620,3032,3624
1754273672612952770,0,2910,3618,3032,3624
1754273672614958041,0,2910,3618,3032,3625
1754273672617036297,0,2910,3617,3032,3626
1754273672618975973,0,2910,3614,3032,3627
1754273672621021961,0,2910,3613,3032,3627
1754273672622954980,0,2910,3612,3032,3628
1754273672624934517,0,2910,3610,3032,3628
1754273672626920817,0,2910,3609,3032,3629
1754273672629009303,0,2910,3607,3033,3629
1754273672630952573,0,2910,3605,3033,3629
1754273672632952201,0,2910,3603,3033,3630
1754273672634981165,0,2909,3602,3034,3630
1754273672636931605,0,2909,3600,3034,3630
1754273672639012035,0,2909,3599,3034,3630
1754273672640965982,0,2909,3597,3035,3630
1754273672643047700,0,2909,3596,3035,3630
1754273672644965732,0,2909,3595,3036,3630
1754273672646966740,0,2908,3594,3036,3630
1754273672648930092,0,2908,3593,3037,3630
1754273672650930420,0,2908,3592,3038,3630
1754273672652999459,0,2908,3591,3038,3630
1754273672654948596,0,2907,3589,3039,3630
1754273672656936390,0,2907,3589,3040,3629
1754273672658970485,0,2907,3587,3040,3629
1754273672660913216,0,2907,3585,3041,3628
1754273672662881414,0,2906,3585,3042,3628
1754273672664912597,0,2905,3584,3043,3627
1754273672666928506,0,2905,3583,3043,3627
1754273672669006256,0,2904,3581,3044,3626
1754273672670908046,0,2903,3580,3045,3625
1754273672672845480,0,2903,3579,3046,3625
1754273672674858607,0,2902,3578,3047,3623
1754273672676877688,0,2901,3577,3047,3623
1754273672678906252,0,2900,3576,3048,3622
1754273672680901410,0,2899,3575,3049,3621
1754273672682880656,0,2898,3575,3049,3620
1754273672684865633,0,2897,3574,3049,3618
1754273672686892825,0,2896,3573,3049,3617
1754273672688920235,0,2894,3573,3050,3616
1754273672690939762,0,2893,3572,3050,3614
1754273672692916842,0,2892,3571,3050,3613
1754273672694846743,0,2891,3571,3050,3612
1754273672696948853,0,2889,3570,3050,3611
1754273672698983807,0,2888,3570,3050,3609
1754273672700937720,0,2887,3569,3050,3608
1754273672702892718,0,2886,3568,3050,3607
1754273672704891803,0,2885,3568,3050,3606
1754273672706877493,0,2884,3567,3050,3605
1754273672708893699,0,2884,3567,3050,3603
1754273672710881890,0,2883,3566,3050,3602
1754273672712927742,0,2882,3565,3050,3601
1754273672715002997,0,2882,3565,3049,3600
1754273672716942693,0,2881,3564,3049,3598
1754273672718939841,0,2881,3563,3049,3597
1754273672720975032,0,2880,3562,3049,3596
1754273672722952318,0,2880,3562,3049,3595
1754273672724906912,0,2880,3561,3049,3594
1754273672726883054,0,2880,3559,3048,3593
1754273672728904248,0,2879,3558,3048,3592
1754273672730906635,0,2879,3557,3048,3591
1754273672732924571,0,2879,3556,3048,3590
1754273672734883088,0,2879,3555,3047,3589
1754273672736889244,0,2878,3554,3047,3588
1754273672738888857,0,2878,3552,3046,3587
1754273672740898314,0,2878,3550,3046,3586
1754273672742877455,0,2878,3549,3046,3585
1754273672744936262,0,2877,3547,3045,3584
1754273672746863563,0,2877,3545,3045,3583
1754273672748995509,0,2877,3544,3044,3583
1754273672750929960,0,2876,3542,3044,3582
1754273672752833149,0,2876,3540,3044,3581
1754273672754847689,0,2875,3537,3044,3580
1754273672756790242,0,2874,3535,3043,3579
1754273672758901323,0,2873,3533,3043,3578
1754273672760847817,0,2872,3531,3043,3577
1754273672762848007,0,2872,3529,3042,3577
1754273672764917322,0,2870,3527,3042,3576
1754273672766829816,0,2870,3524,3041,3576
1754273672768780706,0,2868,3522,3041,3575
1754273672770831544,0,2867,3520,3041,3574
1754273672772767851,0,2866,3518,3040,3573
1754273672774764868,0,2865,3516,3040,3572
1754273672776725537,0,2863,3514,3039,3570
1754273672778762226,0,2862,3513,3039,3569
1754273672780713154,0,2860,3511,3039,3568
1754273672782766817,0,2859,3509,3038,3566
1754273672784798207,0,2857,3507,3038,3565
1754273672786791822,0,2856,3505,3037,3564
1754273672788755467,0,2854,3503,3037,3562
1754273672790773607,0,2853,3501,3037,3560
1754273672792764851,0,2850,3500,3036,3559
1754273672794795900,0,2848,3499,3036,3558
1754273672796708125,0,2846,3497,3035,3556
1754273672798798785,0,2845,3496,3035,3554
1754273672800774281,0,2843,3494,3035,3553
1754273672802749315,0,2841,3493,3034,3551
1754273672804761569,0,2840,3492,3034,3549
1754273672806788839,0,2838,3491,3033,3547
1754273672808760905,0,2836,3490,3033,3545
1754273672810751286,0,2834,3490,3032,3544
1754273672812759121,0,2833,3489,3032,3541
1754273672814750082,0,2831,3489,3031,3539
1754273672816831271,0,2830,3488,3031,3537
1754273672818804394,0,2829,3487,3030,3535
1754273672820784363,0,2828,3486,3030,3533
1754273672822808831,0,2827,3485,3029,3531
1754273672824714052,0,2826,3485,3029,3529
1754273672826809004,0,2825,3483,3029,3528
1754273672828727357,0,2824,3482,3028,3526
1754273672830663278,0,2824,3481,3028,3524
1754273672832687307,0,2823,3480,3027,3522
1754273672834716188,0,2822,3479,3027,3520
1754273672836720980,0,2822,3478,3026,3518
1754273672838750997,0,2821,3477,3026,3516
1754273672840750081,0,2821,3476,3025,3514
1754273672842693250,0,2820,3474,3025,3513
1754273672844731390,0,2820,3473,3024,3511
1754273672846775683,0,2819,3472,3024,3509
1754273672848792158,0,2819,3470,3023,3508
1754273672850660815,0,2818,3469,3023,3506
1754273672852687728,0,2818,3467,3022,3505
1754273672854649346,0,2817,3465,3022,3503
1754273672856692841,0,2816,3464,3021,3502
1754273672858739154,0,2816,3462,3021,3500
1754273672860715569,0,2815,3460,3020,3499
1754273672862709000,0,2814,3458,3020,3498
1754273672864683993,0,2813,3456,3019,3496
1754273672866668354,0,2813,3454,3019,3495
1754273672868690004,0,2812,3452,3018,3494
1754273672870704188,0,2811,3450,3017,3493
1754273672872675974,0,2809,3448,3017,3492
1754273672874656570,0,2808,3446,3016,3490
1754273672876664720,0,2807,3444,3016,3489
1754273672878642672,0,2805,3442,3015,3488
1754273672880659125,0,2804,3440,3015,3487
1754273672882680529,0,2802,3438,3014,3485
1754273672884649332,0,2800,3436,3014,3484
1754273672886661321,0,2799,3434,3013,3483
1754273672888658391,0,2797,3432,3013,3481
1754273672890694761,0,2795,3430,3012,3480
1754273672892693765,0,2793,3428,3011,3479
1754273672894714568,0,2791,3425,3011,3477
1754273672896701083,0,2788,3423,3011,3476
1754273672898641134,0,2786,3421,3010,3474
1754273672900639412,0,2784,3419,3009,3473
1754273672902697886,0,2782,3417,3009,3472
1754273672904656309,0,2779,3415,3008,3470
1754273672906620051,0,2777,3413,3008,3468
1754273672908726015,0,2775,3411,3007,3466
1754273672910691696,0,2772,3410,3007,3465
1754273672912642286,0,2770,3408,3006,3463
1754273672914624965,0,2768,3406,3005,3462
1754273672916597937,0,2765,3404,3005,3460
1754273672918564546,0,2763,3402,3004,3458
1754273672920592544,0,2761,3400,3004,3456
1754273672922618049,0,2759,3398,3003,3454
1754273672924677449,0,2757,3396,3002,3452
1754273672926615461,0,2755,3395,3002,3451
1754273672928696517,0,2753,3393,3001,3448
1754273672930611875,0,2751,3392,3000,3447
1754273672932798893,0,2749,3390,3000,3445
1754273672934604029,0,2747,3388,2999,3443
1754273672936661418,0,2746,3387,2998,3441
1754273672938640545,0,2745,3385,2998,3439
1754273672940640945,0,2743,3383,2997,3437
1754273672942720728,0,2742,3382,2996,3435
1754273672944677667,0,2740,3380,2996,3433
1754273672946654987,0,2739,3378,2995,3431
1754273672948667309,0,2738,3377,2995,3428
1754273672950738218,0,2737,3375,2994,3426
1754273672952646126,0,2736,3373,2992,3424
1754273672954669871,0,2735,3372,2992,3422
1754273672956733005,0,2734,3370,2991,3420
1754273672958709096,0,2733,3368,2990,3418
1754273672960651133,0,2732,3367,2990,3416
1754273672962726987,0,2731,3365,2989,3414
1754273672964797089,0,2730,3362,2988,3412
1754273672966734710,0,2730,3361,2987,3410
1754273672968645319,0,2729,3360,2986,3408
1754273672970609436,0,2728,3358,2986,3406
1754273672972556994,0,2727,3356,2985,3404
1754273672974612035,0,2726,3355,2984,3402
1754273672976596795,0,2725,3353,2984,3400
1754273672978579790,0,2723,3351,2983,3398
1754273672980688652,0,2722,3349,2982,3396
1754273672982582907,0,2721,3347,2981,3394
1754273672984685930,0,2720,3345,2980,3392
1754273672986729697,0,2719,3343,2979,3391
1754273672988674694,0,2718,3341,2979,3389
1754273672990750674,0,2717,3339,2978,3387
1754273672992719880,0,2715,3337,2977,3385
1754273672994674112,0,2714,3335,2977,3383
1754273672996587469,0,2712,3333,2976,3381
1754273672998631575,0,2711,3332,2975,3380
1754273673000593334,0,2709,3329,2974,3378
1754273673002648299,0,2707,3327,2973,3376
1754273673004685075,0,2706,3325,2972,3374
1754273673006742873,0,2704,3323,2971,3372
1754273673008650691,0,2702,3321,2971,3371
1754273673010777276,0,2700,3319,2970,3369
1754273673012523499,0,2699,3317,2969,3367
1754273673014752507,0,2697,3315,2969,3365
1754273673016595845,0,2694,3313,2968,3363
1754273673018688574,0,2692,3311,2967,3362
1754273673020524065,0,2691,3310,2966,3360
1754273673022472291,0,2688,3308,2965,3358
1754273673024449851,0,2686,3306,2964,3356
1754273673026558565,0,2683,3304,2964,3354
1754273673028496202,0,2681,3302,2963,3353
1754273673030515735,0,2679,3300,2962,3351
1754273673032529675,0,2677,3298,2962,3349
1754273673034477527,0,2674,3296,2961,3347
1754273673036508221,0,2672,3295,2960,3345
1754273673038455579,0,2670,3293,2959,3343
1754273673040505691,0,2668,3290,2958,3341
1754273673042485205,0,2665,3289,2957,3340
1754273673044444365,0,2663,3287,2956,3338
1754273673046477986,0,2661,3285,2956,3336
1754273673048561340,0,2659,3284,2955,3334
1754273673050479898,0,2657,3282,2954,3332
1754273673052543020,0,2655,3281,2953,3330
1754273673054479644,0,2653,3279,2952,3328
1754273673056511933,0,2651,3277,2951,3326
1754273673058554258,0,2649,3276,2950,3325
1754273673060450407,0,2647,3275,2949,3322
1754273673062558481,0,2646,3273,2949,3320
1754273673064504880,0,2644,3271,2948,3318
1754273673066516783,0,2642,3269,2947,3316
1754273673068480893,0,2641,3268,2946,3314
1754273673070500575,0,2639,3266,2945,3313
1754273673072479495,0,2637,3264,2944,3311
1754273673074492651,0,2636,3262,2943,3309
1754273673076608411,0,2634,3261,2943,3307
1754273673078462957,0,2633,3259,2942,3305
1754273673080474654,0,2631,3258,2941,3303
1754273673082420522,0,2630,3256,2940,3301
1754273673084465357,0,2628,3254,2939,3299
1754273673086415159,0,2627,3252,2938,3297
1754273673088519347,0,2625,3250,2937,3296
1754273673090423291,0,2624,3249,2936,3294
1754273673092450614,0,2623,3247,2935,3292
1754273673094418184,0,2622,3245,2934,3290
1754273673096573046,0,2621,3243,2933,3288
1754273673098418734,0,2620,3241,2932,3287
1754273673100430302,0,2619,3239,2931,3285
1754273673102416173,0,2617,3237,2930,3283
1754273673104391893,0,2616,3236,2929,3282
1754273673106401253,0,2615,3233,2928,3280
1754273673108418009,0,2614,3231,2928,3278
1754273673110453567,0,2613,3229,2927,3276
1754273673112405459,0,2612,3227,2926,3275
1754273673114451008,0,2611,3226,2925,3273
1754273673116464784,0,2610,3224,2924,3271
1754273673118444687,0,2608,3221,2923,3269
1754273673120441408,0,2607,3220,2922,3267
1754273673122413809,0,2606,3218,2921,3266
1754273673124396437,0,2605,3216,2920,3264
1754273673126370080,0,2604,3214,2919,3262
1754273673128397606,0,2602,3212,2918,3260
1754273673130387060,0,2601,3211,2917,3259
1754273673132376335,0,2600,3209,2916,3257
1754273673134407103,0,2599,3207,2915,3255
1754273673136408076,0,2597,3206,2914,3253
1754273673138359326,0,2596,3204,2913,3251
1754273673140437494,0,2595,3203,2912,3249
1754273673142376428,0,2593,3201,2911,3248
1754273673144384316,0,2592,3200,2910,3246
1754273673146360335,0,2591,3198,2909,3244
1754273673148364854,0,2589,3197,2908,3242
1754273673150341973,0,2589,3196,2907,3240
1754273673152339948,0,2587,3195,2906,3239
1754273673154343717,0,2586,3193,2905,3237
1754273673156415464,0,2586,3192,2904,3235
1754273673158348601,0,2584,3190,2903,3234
1754273673160390977,0,2583,3189,2902,3232
1754273673162400604,0,2582,3188,2901,3229
1754273673164365427,0,2580,3187,2900,3228
1754273673166277033,0,2579,3186,2898,3226
1754273673168338036,0,2578,3185,2898,3225
1754273673170295769,0,2577,3184,2897,3223
1754273673172329548,0,2576,3183,2896,3222
1754273673174319326,0,2575,3182,2894,3220
1754273673176379751,0,2573,3181,2893,3218
1754273673178328550,0,2572,3180,2893,3216
1754273673180328931,0,2571,3179,2892,3215
1754273673182342120,0,2569,3178,2891,3213
1754273673184373117,0,2568,3177,2889,3211
1754273673186321609,0,2566,3176,2888,3209
1754273673188375054,0,2565,3175,2887,3208
1754273673190315468,0,2564,3174,2886,3206
1754273673192343548,0,2562,3173,2885,3205
1754273673194350364,0,2561,3171,2884,3202
1754273673196383736,0,2559,3170,2883,3202
1754273673198396700,0,2558,3169,2881,3199
1754273673200339172,0,2556,3168,2881,3198
1754273673202363034,0,2555,3167,2880,3198
1754273673204267557,0,2553,3165,2879,3196
1754273673206334830,0,2551,3164,2878,3195
1754273673208356902,0,2550,3162,2876,3194
1754273673210329861,0,2548,3161,2875,3192
1754273673212296192,0,2546,3159,2874,3191
1754273673214280637,0,2545,3159,2873,3191
1754273673216242005,0,2542,3156,2872,3189
1754273673218255768,0,2540,3155,2870,3187
1754273673220264859,0,2538,3153,2870,3187
1754273673222271071,0,2536,3151,2869,3185
1754273673224297898,0,2535,3149,2868,3184
1754273673226275387,0,2533,3148,2866,3183
1754273673228266723,0,2531,3146,2865,3182
1754273673230289228,0,2529,3144,2864,3181
1754273673232329379,0,2527,3142,2863,3180
1754273673234315188,0,2525,3140,2862,3178
1754273673236247983,0,2523,3138,2861,3177
1754273673238223339,0,2521,3135,2860,3177
1754273673240269527,0,2519,3133,2858,3176
1754273673242259493,0,2518,3132,2858,3175
1754273673244272163,0,2515,3129,2856,3172
1754273673246277374,0,2515,3128,2856,3172
1754273673248262461,0,2512,3124,2854,3171
1754273673250273456,0,2510,3122,2853,3170
1754273673252269403,0,2509,3120,2851,3167
1754273673254273953,0,2508,3119,2851,3167
1754273673256237508,0,2506,3116,2849,3165
1754273673258309763,0,2504,3113,2848,3164
1754273673260411156,0,2504,3112,2847,3164
1754273673262360165,0,2501,3110,2845,3161
1754273673264419225,0,2500,3107,2844,3160
1754273673266340953,0,2499,3105,2843,3158
1754273673268381525,0,2497,3103,2842,3157
1754273673270366076,0,2496,3101,2841,3155
1754273673272403574,0,2494,3099,2840,3154
1754273673274216495,0,2493,3098,2838,3152
1754273673276184141,0,2491,3097,2837,3150
1754273673278215804,0,2490,3095,2836,3149
1754273673280355741,0,2488,3093,2835,3146
1754273673282257765,0,2487,3092,2834,3145
1754273673284195724,0,2486,3091,2832,3143
1754273673286133100,0,2485,3090,2832,3142
1754273673288179207,0,2483,3089,2830,3139
1754273673290191755,0,2482,3087,2829,3137
1754273673292247356,0,2481,3086,2828,3135
1754273673294306327,0,2480,3085,2826,3133
1754273673296199002,0,2479,3084,2826,3132
1754273673298195582,0,2477,3082,2824,3129
1754273673300171692,0,2476,3082,2823,3128
1754273673302192288,0,2474,3080,2822,3125
1754273673304142381,0,2473,3078,2820,3123
1754273673306187518,0,2471,3078,2819,3121
1754273673308145902,0,2469,3075,2818,3119
1754273673310072471,0,2468,3074,2817,3117
1754273673311082348,0,2467,3073,2816,3116
1754273673313104362,0,2465,3072,2815,3114
1754273673315149923,0,2463,3070,2814,3112
1754273673317137639,0,2461,3068,2812,3110
1754273673319230670,0,2460,3067,2811,3109
1754273673321154891,0,2458,3064,2810,3107
1754273673323165837,0,2456,3061,2809,3105
1754273673325167734,0,2454,3059,2807,3103
1754273673327188825,0,2452,3058,2806,3101
1754273673329150759,0,2451,3054,2805,3099
1754273673331109452,0,2449,3053,2804,3097
1754273673333096574,0,2447,3050,2802,3095
1754273673335127313,0,2445,3048,2801,3093
1754273673337137290,0,2443,3045,2800,3092
1754273673339113822,0,2440,3042,2798,3090
1754273673341141314,0,2438,3039,2797,3088
1754273673343167362,0,2436,3037,2795,3086
1754273673345098643,0,2434,3032,2794,3085
1754273673347138133,0,2432,3031,2793,3083
1754273673349083801,0,2429,3028,2792,3081
1754273673351102012,0,2427,3025,2790,3079
1754273673353069969,0,2424,3022,2789,3078
1754273673355230589,0,2422,3019,2787,3076
1754273673357128219,0,2419,3016,2786,3074
1754273673359058963,0,2417,3013,2785,3072
1754273673361060063,0,2414,3010,2784,3071
1754273673363156040,0,2412,3007,2782,3068
1754273673365060695,0,2410,3005,2781,3066
1754273673367138112,0,2407,3002,2780,3065
1754273673369122839,0,2403,2999,2779,3062
1754273673371132457,0,2401,2996,2777,3060
1754273673373112356,0,2398,2993,2775,3058
1754273673375160799,0,2396,2991,2774,3055
1754273673377142322,0,2394,2988,2773,3053
1754273673379139165,0,2391,2986,2771,3050
1754273673381177017,0,2389,2983,2770,3048
1754273673383047294,0,2386,2981,2768,3046
1754273673385037389,0,2384,2979,2767,3043
1754273673387021278,0,2381,2976,2766,3041
1754273673388992128,0,2379,2973,2764,3038
1754273673391020195,0,2377,2971,2763,3035
1754273673393030284,0,2374,2969,2762,3033
1754273673395036770,0,2372,2966,2760,3030
1754273673397083395,0,2370,2963,2759,3027
1754273673399059903,0,2367,2961,2757,3025
1754273673401097007,0,2365,2958,2756,3022
1754273673403045488,0,2362,2956,2754,3019
1754273673405083315,0,2360,2953,2753,3016
1754273673407072269,0,2357,2951,2751,3013
1754273673409068968,0,2355,2948,2750,3011
1754273673411114583,0,2352,2946,2749,3008
1754273673413038905,0,2350,2943,2747,3005
1754273673415023642,0,2347,2941,2746,3002
1754273673416983605,0,2345,2938,2744,3000
1754273673419026673,0,2342,2935,2743,2997
1754273673421013975,0,2340,2933,2742,2994
1754273673423006605,0,2337,2930,2740,2991
1754273673425012978,0,2335,2928,2739,2989
1754273673427069294,0,2332,2926,2737,2986
1754273673429055374,0,2329,2923,2736,2983
1754273673431022673,0,2327,2920,2734,2980
1754273673433066981,0,2324,2918,2733,2977
1754273673435088249,0,2321,2915,2731,2975
1754273673437058907,0,2319,2913,2730,2972
1754273673439005339,0,2316,2910,2729,2969
1754273673441030953,0,2313,2908,2727,2967
1754273673442979030,0,2311,2906,2726,2964
1754273673445058971,0,2308,2903,2724,2961
1754273673446970777,0,2306,2900,2723,2959
1754273673448953643,0,2303,2897,2722,2956
1754273673451008611,0,2300,2894,2720,2953
1754273673452988225,0,2297,2892,2719,2950
1754273673455009835,0,2295,2889,2717,2947
1754273673456934138,0,2292,2886,2716,2944
1754273673459039161,0,2290,2883,2714,2942
1754273673460996874,0,2287,2880,2712,2939
1754273673463061092,0,2285,2877,2711,2937
1754273673465013371,0,2282,2874,2710,2934
1754273673467079500,0,2280,2871,2708,2932
1754273673468988319,0,2277,2868,2707,2929
1754273673471006521,0,2274,2865,2705,2927
1754273673472962392,0,2271,2862,2704,2924
1754273673474923718,0,2268,2859,2702,2921
1754273673477031607,0,2266,2856,2701,2918
1754273673478968754,0,2263,2853,2699,2915
1754273673480984851,0,2260,2850,2698,2913
1754273673483020134,0,2258,2846,2696,2910
1754273673485010885,0,2256,2843,2695,2907
1754273673486920226,0,2253,2840,2693,2905
1754273673488957870,0,2250,2836,2691,2902
1754273673490937152,0,2247,2833,2690,2899
1754273673492965812,0,2245,2829,2688,2896
1754273673495004152,0,2242,2826,2687,2893
1754273673496951556,0,2240,2822,2685,2890
1754273673498977386,0,2238,2818,2684,2888
1754273673501008437,0,2235,2815,2682,2885
1754273673502938091,0,2232,2811,2681,2882
1754273673504968487,0,2230,2807,2679,2879
1754273673506959451,0,2228,2803,2678,2876
1754273673508960969,0,2225,2800,2676,2873
1754273673510920028,0,2222,2796,2675,2870
1754273673512892189,0,2219,2793,2672,2868
1754273673514941548,0,2217,2789,2670,2865
1754273673516921026,0,2214,2786,2669,2862
1754273673518874801,0,2212,2782,2668,2859
1754273673520965780,0,2209,2779,2666,2856
1754273673522879332,0,2207,2776,2664,2853
1754273673524989288,0,2204,2772,2663,2849
1754273673526931001,0,2202,2769,2661,2846
1754273673528913278,0,2199,2766,2659,2843
1754273673530888936,0,2197,2763,2658,2840
1754273673532898287,0,2195,2760,2656,2836
1754273673534920671,0,2192,2757,2654,2833
1754273673536917943,0,2190,2755,2653,2830
1754273673538896767,0,2188,2753,2651,2826
1754273673540904806,0,2186,2750,2649,2823
1754273673542881452,0,2184,2748,2648,2819
1754273673544905876,0,2182,2746,2646,2816
1754273673546922831,0,2181,2744,2644,2813
1754273673548897938,0,2179,2743,2643,2809
1754273673550932670,0,2177,2741,2641,2806
1754273673552898252,0,2176,2739,2639,2803
1754273673554883297,0,2175,2738,2637,2800
1754273673556902265,0,2173,2736,2636,2796
1754273673558864523,0,2172,2735,2634,2792
1754273673560895851,0,2171,2734,2632,2789
1754273673562904092,0,2170,2732,2630,2786
1754273673564989760,0,2168,2731,2629,2782
1754273673566913656,0,2168,2730,2627,2779
1754273673568857072,0,2167,2729,2625,2775
1754273673570930786,0,2166,2728,2623,2772
1754273673572924208,0,2165,2727,2622,2768
1754273673574922195,0,2165,2726,2620,2765
1754273673576839638,0,2164,2725,2618,2762
1754273673578855936,0,2163,2724,2617,2759
1754273673580845711,0,2163,2723,2615,2756
1754273673582903207,0,2162,2723,2613,2753
1754273673584841445,0,2162,2722,2611,2750
1754273673586838652,0,2161,2722,2610,2747
1754273673588859268,0,2161,2721,2608,2745
1754273673590825116,0,2161,2720,2606,2743
1754273673592791747,0,2160,2720,2604,2740
1754273673594831388,0,2160,2719,2603,2737
1754273673596791279,0,2160,2719,2601,2735
1754273673598852452,0,2159,2718,2600,2733
1754273673600908674,0,2159,2717,2597,2731
1754273673602913313,0,2159,2717,2596,2729
1754273673604774157,0,2158,2716,2594,2727
1754273673606835223,0,2158,2716,2592,2725
1754273673608753257,0,2158,2715,2590,2724
1754273673610797322,0,2157,2714,2588,2722
1754273673612857730,0,2157,2713,2587,2721
1754273673614808941,0,2156,2712,2585,2720
1754273673616776115,0,2155,2711,2583,2719
1754273673618858392,0,2154,2710,2582,2718
1754273673620793285,0,2154,2709,2580,2717
1754273673622855289,0,2153,2707,2578,2717
1754273673624794545,0,2152,2706,2576,2716
1754273673626765968,0,2150,2704,2574,2716
1754273673628775694,0,2149,2703,2572,2715
1754273673630809621,0,2147,2701,2570,2715
1754273673632826409,0,2146,2699,2568,2715
1754273673634719481,0,2144,2697,2567,2714
1754273673636802367,0,2142,2695,2565,2714
1754273673638786793,0,2140,2693,2563,2714
1754273673640763099,0,2139,2690,2561,2714
1754273673642795144,0,2136,2688,2560,2713
1754273673644743291,0,2134,2686,2558,2713
1754273673646806717,0,2132,2684,2556,2713
1754273673648779941,0,2129,2681,2554,2712
1754273673650792083,0,2127,2679,2552,2712
1754273673652789585,0,2124,2677,2550,2711
1754273673654778270,0,2122,2675,2548,2711
1754273673656783331,0,2118,2672,2546,2710
1754273673658796092,0,2116,2670,2544,2709
1754273673660715671,0,2113,2668,2542,2708
1754273673662701241,0,2110,2666,2541,2708
1754273673664749197,0,2107,2664,2539,2707
1754273673666781500,0,2104,2661,2537,2706
1754273673668761219,0,2101,2660,2535,2705
1754273673670720236,0,2098,2657,2533,2704
1754273673672817088,0,2096,2655,2531,2703
1754273673674726244,0,2092,2653,2530,2701
1754273673676811064,0,2089,2651,2527,2700
1754273673678821644,0,2086,2649,2525,2699
1754273673680799180,0,2083,2647,2524,2697
1754273673682735833,0,2081,2645,2522,2695
1754273673684737226,0,2078,2643,2520,2694
1754273673686719411,0,2076,2641,2519,2692
1754273673688717408,0,2074,2639,2517,2690
1754273673690713380,0,2072,2637,2515,2688
1754273673692697763,0,2070,2635,2513,2687
1754273673694712084,0,2068,2634,2511,2685
1754273673696706327,0,2066,2632,2510,2683
1754273673698761441,0,2064,2630,2508,2681
1754273673700762282,0,2063,2628,2505,2679
1754273673702726006,0,2061,2626,2503,2676
1754273673704737825,0,2060,2625,2501,2674
1754273673706704170,0,2058,2622,2499,2672
1754273673708697081,0,2057,2621,2498,2670
1754273673710676613,0,2056,2618,2496,2667
1754273673712657341,0,2055,2616,2494,2665
1754273673714652638,0,2054,2614,2492,2663
1754273673716642676,0,2053,2611,2490,2661
1754273673718646054,0,2053,2609,2488,2659
1754273673720752884,0,2052,2607,2486,2656
1754273673722708117,0,2051,2605,2483,2654
1754273673724704692,0,2050,2603,2482,2652
1754273673726720651,0,2049,2601,2481,2649
1754273673728762405,0,2048,2598,2479,2647
1754273673730658491,0,2047,2596,2476,2645
1754273673732671359,0,2047,2594,2475,2642
1754273673734613481,0,2046,2591,2473,2640
1754273673736601868,0,2045,2588,2471,2638
1754273673738666955,0,2044,2586,2469,2635
1754273673740613595,0,2043,2584,2467,2633
1754273673742678838,0,2042,2581,2465,2631
1754273673744609987,0,2041,2579,2463,2629
1754273673746592640,0,2040,2576,2461,2626
1754273673748640601,0,2040,2574,2460,2624
1754273673750634307,0,2038,2571,2458,2621
1754273673752549103,0,2036,2569,2456,2619
1754273673754586251,0,2035,2566,2454,2617
1754273673756606898,0,2034,2564,2452,2614
1754273673758588697,0,2032,2561,2450,2612
1754273673760539808,0,2031,2559,2448,2610
1754273673762562433,0,2029,2556,2446,2608
1754273673764627386,0,2027,2554,2444,2605
1754273673766701583,0,2026,2551,2442,2603
1754273673768645568,0,2024,2549,2440,2601
1754273673770654200,0,2022,2546,2438,2598
1754273673772680783,0,2019,2544,2436,2596
1754273673774605503,0,2017,2542,2434,2593
1754273673776556139,0,2015,2539,2432,2591
1754273673778523085,0,2013,2536,2430,2588
1754273673780541259,0,2011,2534,2428,2586
1754273673782521074,0,2009,2532,2426,2584
1754273673784649509,0,2006,2529,2424,2581
1754273673786664720,0,2004,2527,2422,2579
1754273673788624944,0,2002,2524,2420,2577
1754273673790684639,0,1999,2522,2418,2574
1754273673792615876,0,1997,2520,2416,2572
1754273673794686799,0,1995,2517,2413,2569
1754273673796563732,0,1992,2516,2412,2567
1754273673798553815,0,1990,2513,2410,2564
1754273673800585188,0,1988,2511,2407,2562
1754273673802517663,0,1985,2509,2405,2560
1754273673804538993,0,1983,2507,2404,2557
1754273673806604643,0,1980,2505,2401,2555
1754273673808573108,0,1977,2503,2400,2552
1754273673810596086,0,1975,2501,2398,2549
1754273673812572000,0,1972,2499,2396,2547
1754273673814542896,0,1969,2497,2393,2544
1754273673816543965,0,1967,2495,2391,2542
1754273673818522235,0,1964,2493,2389,2538
1754273673820555973,0,1961,2492,2387,2536
1754273673822572956,0,1959,2490,2385,2534
1754273673824539527,0,1956,2488,2383,2531
1754273673826617636,0,1954,2486,2381,2529
1754273673828574014,0,1952,2484,2379,2526
1754273673830587985,0,1949,2482,2377,2524
1754273673832600272,0,1947,2480,2375,2521
1754273673834621530,0,1944,2478,2373,2519
1754273673836598099,0,1942,2476,2370,2516
1754273673838573878,0,1939,2474,2369,2514
1754273673840577291,0,1937,2473,2366,2511
1754273673842687081,0,1935,2471,2364,2509
1754273673844564698,0,1932,2469,2362,2507
1754273673846599671,0,1930,2466,2360,2505
1754273673848453328,0,1927,2465,2357,2501
1754273673850480883,0,1925,2463,2355,2500
1754273673852429083,0,1923,2462,2353,2499
1754273673854431141,0,1921,2460,2351,2496
1754273673856445704,0,1919,2458,2349,2494
1754273673858523037,0,1917,2455,2347,2492
1754273673860494302,0,1915,2453,2345,2489
1754273673862565871,0,1914,2451,2343,2487
1754273673864493591,0,1912,2449,2341,2485
1754273673866542063,0,1910,2447,2339,2483
1754273673868445815,0,1909,2445,2337,2481
1754273673870449243,0,1907,2444,2334,2480
1754273673872444663,0,1905,2441,2332,2478
1754273673874493518,0,1904,2439,2330,2476
1754273673876432855,0,1902,2438,2328,2473
1754273673878506727,0,1901,2436,2326,2472
1754273673880486094,0,1900,2433,2324,2469
1754273673882463742,0,1898,2431,2321,2468
1754273673884529134,0,1897,2429,2319,2467
1754273673886531295,0,1895,2426,2317,2464
1754273673888487073,0,1894,2424,2315,2463
1754273673890480053,0,1893,2422,2312,2460
1754273673892469359,0,1891,2419,2310,2459
1754273673894483030,0,1891,2417,2308,2457
1754273673896532289,0,1889,2415,2306,2456
1754273673898474522,0,1888,2412,2304,2453
1754273673900515874,0,1887,2410,2302,2452
1754273673902430015,0,1885,2407,2300,2449
1754273673904431027,0,1884,2405,2298,2448
1754273673906469872,0,1883,2402,2295,2446
1754273673908551067,0,1882,2399,2293,2444
1754273673910375819,0,1880,2397,2291,2443
1754273673912629935,0,1879,2394,2289,2441
1754273673914388813,0,1877,2392,2286,2439
1754273673916526481,0,1876,2389,2284,2436
1754273673918389258,0,1874,2386,2282,2435
1754273673920648741,0,1872,2384,2279,2433
1754273673922440084,0,1871,2381,2277,2430
1754273673924659251,0,1869,2379,2275,2428
1754273673926442530,0,1867,2376,2273,2426
1754273673928631179,0,1865,2374,2271,2424
1754273673930508893,0,1863,2371,2268,2422
1754273673932660619,0,1861,2369,2266,2420
1754273673934490865,0,1859,2366,2264,2416
1754273673936575499,0,1857,2364,2262,2415
1754273673938453147,0,1855,2362,2259,2413
1754273673940674648,0,1853,2359,2257,2410
1754273673942491350,0,1851,2357,2255,2408
1754273673944359632,0,1849,2354,2252,2405
1754273673946389812,0,1846,2352,2250,2403
1754273673948420002,0,1844,2350,2248,2400
1754273673950417941,0,1842,2348,2246,2398
1754273673952428475,0,1839,2345,2243,2396
1754273673954475782,0,1837,2343,2241,2393
1754273673956398870,0,1834,2341,2239,2390
1754273673958422433,0,1832,2338,2236,2388
1754273673960386153,0,1829,2336,2234,2386
1754273673962436964,0,1827,2334,2232,2383
1754273673964443302,0,1825,2332,2229,2381
1754273673966461442,0,1822,2330,2227,2378
1754273673968373529,0,1820,2327,2225,2376
1754273673970353820,0,1817,2326,2222,2373
1754273673972296012,0,1815,2324,2220,2370
1754273673974342700,0,1812,2322,2218,2368
1754273673976344391,0,1809,2320,2215,2365
1754273673978379075,0,1807,2317,2213,2363
1754273673980378599,0,1804,2314,2211,2360
1754273673982409527,0,1802,2313,2208,2358
1754273673984332788,0,1799,2311,2206,2355
1754273673986357961,0,1797,2309,2204,2352
1754273673988369539,0,1795,2306,2201,2350
1754273673990415683,0,1792,2305,2199,2348
1754273673992328923,0,1790,2303,2197,2345
1754273673994421905,0,1787,2301,2194,2343
1754273673996390142,0,1785,2299,2192,2341
1754273673998366365,0,1783,2297,2189,2338
1754273674000362987,0,1781,2295,2187,2336
1754273674002350229,0,1778,2292,2185,2334
1754273674004377186,0,1776,2290,2183,2331
1754273674006375538,0,1774,2288,2180,2329
1754273674008290548,0,1772,2286,2178,2327
1754273674010360405,0,1771,2284,2175,2324
1754273674012370018,0,1768,2282,2173,2322
1754273674014382332,0,1766,2280,2170,2319
1754273674016290294,0,1763,2278,2168,2317
1754273674018322345,0,1762,2276,2166,2315
1754273674019351480,0,1761,2275,2164,2314
1754273674021364085,0,1759,2272,2162,2311
1754273674023472366,0,1757,2270,2160,2309
1754273674025415918,0,1755,2268,2157,2307
1754273674027407705,0,1753,2266,2155,2305
1754273674029346888,0,1751,2264,2152,2302
1754273674031348800,0,1750,2262,2150,2300
1754273674033365514,0,1748,2259,2147,2299
1754273674035339741,0,1747,2257,2145,2296
1754273674037395446,0,1745,2255,2143,2294
1754273674039384558,0,1743,2253,2140,2292
1754273674041463038,0,1741,2250,2138,2290
1754273674043352178,0,1739,2248,2136,2288
1754273674045431636,0,1737,2245,2133,2286
1754273674047410207,0,1735,2242,2130,2284
1754273674049383991,0,1733,2239,2128,2282
1754273674051342705,0,1731,2237,2125,2280
1754273674053395610,0,1729,2234,2123,2278
1754273674055297065,0,1727,2232,2121,2276
1754273674057346612,0,1725,2229,2118,2273
1754273674059287922,0,1723,2226,2115,2271
1754273674061334091,0,1721,2223,2113,2269
1754273674063272231,0,1720,2221,2111,2267
1754273674065293038,0,1718,2218,2108,2265
1754273674067250965,0,1716,2215,2106,2263
1754273674069313965,0,1714,2212,2104,2260
1754273674071288998,0,1712,2210,2101,2258
1754273674073244148,0,1709,2207,2099,2256
1754273674075244032,0,1707,2205,2096,2254
1754273674077371648,0,1705,2202,2093,2251
1754273674079245961,0,1703,2199,2091,2249
1754273674081158637,0,1700,2197,2088,2247
1754273674083174610,0,1698,2194,2086,2244
1754273674085347002,0,1696,2191,2084,2242
1754273674087238479,0,1693,2189,2081,2240
1754273674089242735,0,1691,2186,2079,2237
1754273674091221196,0,1689,2184,2076,2235
1754273674093246842,0,1686,2181,2074,2232
1754273674095276492,0,1684,2179,2071,2230
1754273674097142759,0,1681,2176,2069,2228
1754273674099163046,0,1679,2174,2066,2225
1754273674101191291,0,1676,2171,2064,2222
1754273674103204131,0,1674,2169,2061,2220
1754273674105130123,0,1672,2167,2059,2217
1754273674107283456,0,1669,2164,2056,2215
1754273674109169928,0,1667,2161,2054,2212
1754273674111235929,0,1664,2159,2051,2209
1754273674113181688,0,1662,2156,2049,2207
1754273674115289759,0,1659,2154,2046,2204
1754273674117188465,0,1657,2151,2044,2201
1754273674119243304,0,1654,2149,2041,2199
1754273674121201996,0,1651,2146,2039,2196
1754273674123273297,0,1649,2144,2036,2193
1754273674125192208,0,1646,2141,2034,2191
1754273674127129739,0,1644,2139,2031,2188
1754273674129204029,0,1641,2137,2028,2186
1754273674131140019,0,1638,2134,2026,2183
1754273674133185524,0,1636,2132,2023,2180
1754273674135150133,0,1633,2129,2021,2177
1754273674137109818,0,1630,2127,2018,2174
1754273674139160605,0,1628,2125,2015,2172
1754273674141132782,0,1625,2122,2013,2168
1754273674143165044,0,1623,2120,2010,2166
1754273674145153733,0,1620,2118,2007,2163
1754273674147116507,0,1618,2115,2005,2160
1754273674149125903,0,1615,2113,2002,2157
1754273674151051260,0,1612,2111,2000,2155
1754273674153109115,0,1609,2108,1997,2152
1754273674155145281,0,1607,2106,1994,2149
1754273674157089585,0,1605,2103,1992,2146
1754273674159164015,0,1602,2101,1989,2144
1754273674161063281,0,1599,2098,1986,2141
1754273674163137235,0,1596,2096,1984,2138
1754273674165086466,0,1594,2093,1981,2136
1754273674167077700,0,1592,2091,1978,2134
1754273674169068984,0,1589,2089,1976,2131
1754273674171145319,0,1587,2086,1973,2129
1754273674173064219,0,1585,2084,1970,2126
1754273674175121638,0,1583,2080,1968,2124
1754273674177085280,0,1581,2078,1965,2121
1754273674179131243,0,1579,2075,1963,2118
1754273674181090579,0,1576,2073,1960,2116
1754273674183087286,0,1575,2070,1957,2113
1754273674185080231,0,1572,2068,1954,2111
1754273674187049962,0,1571,2065,1951,2108
1754273674189049087,0,1569,2063,1949,2106
1754273674191106064,0,1567,2060,1946,2104
1754273674193146241,0,1565,2058,1943,2102
1754273674195113172,0,1563,2056,1941,2099
1754273674197095186,0,1561,2053,1938,2097
1754273674199132231,0,1559,2051,1936,2094
1754273674201119456,0,1557,2048,1933,2092
1754273674203114827,0,1555,2046,1930,2089
1754273674205075911,0,1553,2043,1927,2087
1754273674207099488,0,1551,2041,1925,2084
1754273674209072830,0,1549,2038,1922,2082
1754273674211097766,0,1547,2035,1919,2079
1754273674213064280,0,1544,2033,1916,2077
1754273674215057452,0,1542,2030,1914,2074
1754273674217084992,0,1540,2027,1911,2072
1754273674219032707,0,1538,2025,1908,2070
1754273674221054439,0,1536,2022,1904,2067
1754273674223053547,0,1533,2019,1902,2065
1754273674225082041,0,1531,2016,1900,2062
1754273674227040452,0,1529,2013,1898,2060
1754273674229063492,0,1526,2011,1895,2058
1754273674231029910,0,1524,2007,1891,2055
1754273674233034058,0,1522,2004,1890,2052
1754273674235050139,0,1519,2001,1887,2050
1754273674237076892,0,1517,1998,1885,2047
1754273674239059885,0,1514,1995,1881,2045
1754273674240972410,0,1512,1991,1879,2042
1754273674243029159,0,1510,1988,1876,2039
1754273674245032024,0,1508,1984,1873,2037
1754273674247113229,0,1506,1980,1871,2034
1754273674249023400,0,1504,1976,1868,2032
1754273674250983349,0,1502,1972,1865,2029
1754273674253032254,0,1500,1968,1862,2027
1754273674254986189,0,1499,1965,1859,2024
1754273674256949848,0,1497,1961,1857,2021
1754273674258930642,0,1495,1957,1854,2019
1754273674261016185,0,1493,1953,1851,2016
1754273674262933517,0,1492,1949,1848,2013
1754273674265005634,0,1490,1945,1845,2011
1754273674267051511,0,1489,1940,1842,2008
1754273674269025635,0,1487,1936,1840,2005
1754273674270988644,0,1485,1932,1837,2002
1754273674272946113,0,1484,1928,1834,1999
1754273674274996184,0,1482,1924,1831,1996
1754273674276924388,0,1481,1920,1828,1993
1754273674278937639,0,1479,1916,1825,1990
1754273674280991532,0,1477,1912,1823,1986
1754273674282930432,0,1476,1908,1820,1983
1754273674285016202,0,1474,1904,1817,1980
1754273674287008084,0,1473,1900,1814,1976
1754273674288963822,0,1471,1896,1811,1973
1754273674291015732,0,1469,1892,1808,1969
1754273674293036119,0,1467,1889,1805,1966
1754273674295019208,0,1465,1885,1802,1962
1754273674296941077,0,1463,1881,1799,1959
1754273674298983654,0,1461,1877,1797,1955
1754273674301009502,0,1458,1873,1794,1951
1754273674303084363,0,1456,1870,1791,1947
1754273674304994969,0,1454,1866,1788,1943
1754273674306974330,0,1452,1863,1785,1940
1754273674309024623,0,1449,1859,1782,1936
1754273674310958648,0,1447,1856,1779,1932
1754273674312997442,0,1444,1852,1776,1928
1754273674314998010,0,1443,1848,1774,1924
1754273674317008448,0,1440,1846,1771,1920
1754273674319036488,0,1437,1842,1768,1916
1754273674320930684,0,1435,1839,1765,1913
1754273674322977446,0,1432,1835,1761,1909
1754273674324943921,0,1429,1832,1759,1905
1754273674326979693,0,1426,1829,1756,1901
1754273674328924810,0,1423,1826,1753,1897
1754273674330968552,0,1420,1823,1750,1893
1754273674333020828,0,1417,1820,1747,1888
1754273674334940428,0,1415,1817,1744,1884
1754273674336954666,0,1412,1813,1741,1880
1754273674338918380,0,1408,1810,1738,1876
1754273674341014132,0,1405,1807,1735,1872
1754273674342945566,0,1402,1805,1732,1868
1754273674345028591,0,1399,1803,1729,1864
1754273674346935980,0,1396,1799,1726,1860
1754273674348907364,0,1393,1797,1723,1856
1754273674350882847,0,1389,1794,1721,1852
1754273674352933646,0,1386,1791,1718,1848
1754273674354880923,0,1383,1788,1715,1844
1754273674356949175,0,1379,1785,1711,1840
1754273674358944579,0,1376,1783,1709,1836
1754273674360906284,0,1372,1780,1705,1833
1754273674362824659,0,1369,1777,1702,1829
1754273674364863226,0,1366,1774,1699,1825
1754273674367006585,0,1363,1771,1697,1822
1754273674368941899,0,1359,1769,1694,1818
1754273674370909654,0,1356,1766,1691,1815
1754273674372924215,0,1352,1764,1688,1811
1754273674374921982,0,1349,1761,1685,1807
1754273674376905748,0,1345,1759,1682,1804
1754273674378941922,0,1341,1756,1679,1801
1754273674380908549,0,1338,1754,1676,1797
1754273674382920171,0,1334,1752,1673,1794
1754273674384880321,0,1330,1750,1670,1791
1754273674386952377,0,1326,1749,1667,1787
1754273674388854543,0,1322,1746,1664,1784
1754273674390921462,0,1318,1745,1661,1781
1754273674392951606,0,1315,1743,1658,1778
1754273674395022116,0,1311,1741,1655,1775
1754273674396987448,0,1308,1739,1652,1772
1754273674398898773,0,1303,1737,1648,1769
1754273674400866750,0,1299,1735,1645,1766
1754273674402834715,0,1295,1734,1642,1763
1754273674404813229,0,1292,1732,1639,1761
1754273674406857793,0,1288,1730,1636,1758
1754273674408841476,0,1284,1728,1633,1755
1754273674410884783,0,1280,1727,1630,1753
1754273674412878404,0,1276,1725,1626,1750
1754273674414897173,0,1273,1723,1624,1748
1754273674416814964,0,1269,1721,1620,1746
1754273674418871178,0,1265,1720,1617,1743
1754273674420813278,0,1262,1717,1614,1741
1754273674422850055,0,1259,1715,1612,1738
1754273674424845053,0,1256,1713,1609,1736
1754273674426946677,0,1253,1711,1605,1734
1754273674428869418,0,1249,1708,1602,1732
1754273674430898664,0,1246,1706,1599,1730
1754273674432922962,0,1243,1703,1596,1727
1754273674434872893,0,1240,1701,1593,1725
1754273674436790533,0,1237,1698,1590,1723
1754273674438828966,0,1234,1695,1587,1722
1754273674440836364,0,1232,1692,1584,1720
1754273674442828903,0,1229,1689,1581,1718
1754273674444850438,0,1226,1686,1578,1716
1754273674446883263,0,1224,1682,1575,1714
1754273674448842412,0,1221,1679,1572,1713
1754273674450866561,0,1219,1675,1569,1711
1754273674452853666,0,1217,1671,1566,1709
1754273674454789131,0,1215,1668,1563,1707
1754273674456815119,0,1214,1663,1560,1706
1754273674458848853,0,1212,1659,1557,1704
1754273674460815360,0,1211,1655,1554,1702
1754273674462849941,0,1209,1651,1551,1700
1754273674464799589,0,1208,1646,1548,1698
1754273674466879316,0,1206,1642,1545,1695
1754273674468855068,0,1204,1637,1542,1694
1754273674470800971,0,1204,1632,1539,1692
1754273674472790364,0,1203,1627,1536,1689
1754273674474819336,0,1201,1623,1533,1687
1754273674476746862,0,1200,1618,1530,1685
1754273674478752591,0,1198,1613,1527,1683
1754273674480769433,0,1197,1609,1524,1680
1754273674482798412,0,1196,1604,1520,1678
1754273674484776604,0,1195,1599,1517,1675
1754273674486748636,0,1193,1594,1514,1672
1754273674488807843,0,1192,1590,1511,1670
1754273674490804311,0,1190,1585,1508,1667
1754273674492793094,0,1189,1581,1505,1664
1754273674494816771,0,1187,1577,1502,1661
1754273674496820514,0,1185,1572,1498,1658
1754273674498776182,0,1184,1567,1496,1655
1754273674500739910,0,1182,1563,1492,1652
1754273674502742343,0,1180,1559,1489,1648
1754273674504751811,0,1178,1555,1486,1645
1754273674506797192,0,1176,1550,1483,1641
1754273674508739366,0,1173,1546,1480,1638
1754273674510720871,0,1171,1542,1477,1634
1754273674512723049,0,1168,1538,1474,1630
1754273674514683129,0,1166,1533,1471,1626
1754273674516704692,0,1163,1530,1467,1621
1754273674518624990,0,1161,1527,1464,1618
1754273674520699227,0,1158,1522,1461,1613
1754273674522658585,0,1155,1519,1457,1609
1754273674524733834,0,1152,1515,1455,1605
1754273674526690541,0,1149,1512,1451,1600
1754273674528657111,0,1146,1509,1448,1596
1754273674530678758,0,1143,1505,1445,1591
1754273674532685972,0,1140,1502,1442,1587
1754273674534665770,0,1136,1500,1439,1582
1754273674536757027,0,1133,1497,1436,1578
1754273674538682968,0,1129,1494,1433,1573
1754273674540648146,0,1126,1492,1429,1568
1754273674542700479,0,1122,1490,1426,1564
1754273674544651948,0,1119,1487,1423,1559
1754273674546779430,0,1114,1485,1420,1554
1754273674548724158,0,1111,1483,1416,1549
1754273674550759021,0,1107,1481,1413,1545
1754273674552679252,0,1103,1479,1410,1540
1754273674554739050,0,1099,1477,1407,1535
1754273674556650412,0,1096,1475,1403,1530
1754273674558720435,0,1092,1473,1400,1525
1754273674560661399,0,1088,1471,1397,1521
1754273674562639852,0,1083,1469,1394,1516
1754273674564768012,0,1080,1468,1391,1512
1754273674566766006,0,1076,1466,1387,1507
1754273674568816632,0,1072,1464,1384,1503
1754273674570663300,0,1068,1462,1381,1499
1754273674572776201,0,1064,1460,1378,1495
1754273674574639089,0,1060,1459,1374,1491
1754273674576628602,0,1057,1456,1371,1487
1754273674578624402,0,1054,1454,1368,1483
1754273674580609469,0,1051,1452,1364,1479
1754273674582629649,0,1048,1450,1361,1476
1754273674584645345,0,1044,1448,1358,1472
1754273674586711057,0,1042,1446,1354,1469
1754273674588662507,0,1039,1444,1351,1466
1754273674590720414,0,1036,1441,1348,1462
1754273674592710136,0,1033,1439,1345,1459
1754273674594697584,0,1030,1438,1341,1457
1754273674596823769,0,1028,1435,1338,1454
1754273674598654632,0,1025,1434,1334,1451
1754273674600663460,0,1023,1431,1331,1449
1754273674602675317,0,1021,1428,1328,1447
1754273674604725332,0,1018,1426,1325,1444
1754273674606699620,0,1016,1424,1321,1442
1754273674608693982,0,1014,1421,1318,1439
1754273674610695502,0,1012,1419,1315,1437
1754273674612652000,0,1010,1416,1311,1435
1754273674614770310,0,1008,1413,1308,1433
1754273674616715331,0,1006,1411,1305,1431
1754273674618733709,0,1004,1408,1302,1429
1754273674620622922,0,1002,1404,1298,1427
1754273674622751011,0,1001,1402,1295,1425
1754273674624659172,0,999,1399,1291,1423
1754273674626654345,0,997,1396,1288,1421
1754273674628703953,0,996,1393,1284,1419
1754273674630706534,0,995,1390,1281,1418
1754273674632682305,0,994,1387,1278,1416
1754273674634687163,0,992,1384,1274,1414
1754273674636771232,0,990,1381,1271,1413
1754273674638662614,0,989,1377,1267,1411
1754273674640722571,0,987,1374,1263,1409
1754273674642600611,0,986,1371,1260,1407
1754273674644625763,0,984,1368,1256,1405
1754273674646596152,0,982,1365,1253,1404
1754273674648588064,0,980,1362,1249,1402
1754273674650551261,0,978,1359,1246,1400
1754273674652575283,0,976,1356,1243,1398
1754273674654653362,0,974,1353,1239,1396
1754273674656557307,0,973,1350,1236,1394
1754273674658667311,0,971,1346,1233,1392
1754273674660565723,0,968,1343,1229,1390
1754273674662649283,0,966,1340,1226,1388
1754273674664544345,0,964,1337,1222,1386
1754273674666610043,0,962,1335,1219,1383
1754273674668501051,0,960,1331,1215,1381
1754273674670686745,0,958,1329,1212,1380
1754273674672528542,0,955,1326,1208,1376
1754273674674912479,0,953,1323,1205,1374
1754273674676542072,0,950,1320,1201,1371
1754273674678816278,0,947,1317,1198,1368
1754273674680529222,0,945,1314,1195,1366
1754273674682676057,0,942,1311,1191,1363
1754273674684501542,0,940,1308,1188,1360
1754273674686748084,0,937,1305,1184,1357
1754273674688492795,0,934,1303,1181,1355
1754273674690633352,0,931,1300,1177,1352
1754273674692448125,0,928,1298,1174,1349
1754273674694541457,0,925,1295,1170,1348
1754273674696558191,0,922,1292,1166,1343
1754273674698510932,0,919,1290,1163,1340
1754273674700493585,0,916,1288,1159,1337
1754273674702485835,0,913,1286,1156,1334
1754273674704453423,0,910,1284,1153,1332
1754273674706506468,0,907,1282,1149,1329
1754273674708444397,0,904,1279,1146,1326
1754273674710479071,0,901,1278,1142,1323
1754273674712483061,0,898,1275,1138,1318
1754273674714524168,0,895,1273,1135,1316
1754273674716489866,0,892,1271,1132,1313
1754273674718509978,0,888,1269,1129,1310
1754273674720452244,0,885,1267,1125,1305
1754273674722462901,0,882,1264,1122,1304
1754273674724459452,0,879,1262,1118,1301
1754273674726465693,0,876,1260,1114,1298
1754273674728434182,0,873,1258,1111,1294
1754273674730537595,0,869,1256,1107,1291
1754273674732447177,0,867,1253,1104,1288
1754273674734507480,0,864,1251,1101,1285
1754273674736716396,0,861,1249,1097,1282
1754273674738486730,0,858,1247,1094,1279
1754273674740578622,0,855,1244,1090,1276
1754273674742398982,0,853,1242,1086,1274
1754273674744425906,0,850,1239,1083,1271
1754273674746430917,0,847,1236,1079,1268
1754273674748558555,0,844,1234,1076,1265
1754273674750407707,0,841,1231,1072,1263
1754273674752610588,0,839,1228,1068,1260
1754273674754451619,0,836,1226,1064,1257
1754273674756620004,0,833,1223,1061,1255
1754273674758404655,0,831,1220,1057,1252
1754273674760584167,0,828,1217,1053,1249
1754273674762390878,0,826,1215,1050,1247
1754273674764407073,0,823,1211,1047,1244
1754273674766407457,0,820,1208,1045,1242
1754273674768694031,0,818,1206,1040,1239
1754273674770371612,0,815,1203,1036,1237
1754273674772457167,0,813,1200,1035,1235
1754273674774429107,0,811,1197,1029,1232
1754273674776336373,0,808,1194,1026,1229
1754273674778311867,0,806,1191,1024,1227
1754273674780380518,0,804,1188,1021,1224
1754273674782441965,0,802,1185,1018,1222
1754273674784360896,0,800,1181,1013,1220
1754273674786409273,0,798,1179,1011,1217
1754273674788489337,0,795,1176,1007,1214
1754273674790378999,0,793,1173,1002,1212
1754273674792365243,0,790,1170,1001,1209
1754273674794355023,0,788,1166,997,1207
1754273674796390332,0,786,1163,994,1204
1754273674798383326,0,783,1160,991,1201
1754273674800375338,0,781,1157,988,1199
1754273674802341497,0,779,1154,985,1196
1754273674804371172,0,777,1151,981,1194
1754273674806449097,0,775,1147,978,1191
1754273674808425369,0,773,1144,975,1188
1754273674810422542,0,770,1141,972,1185
1754273674812425152,0,768,1138,969,1183
1754273674814400466,0,766,1135,966,1180
1754273674816382524,0,763,1131,964,1177
1754273674818372361,0,761,1128,961,1174
1754273674820414787,0,759,1125,958,1172
1754273674822384631,0,756,1121,955,1169
1754273674824413891,0,754,1118,952,1166
1754273674826430999,0,751,1115,949,1163
1754273674828412279,0,749,1112,947,1160
1754273674830373372,0,746,1108,943,1157
1754273674832467250,0,744,1105,940,1154
1754273674834309267,0,741,1102,938,1151
1754273674836345185,0,738,1099,935,1148
1754273674838376151,0,736,1095,932,1145
1754273674840314511,0,733,1092,929,1142
1754273674842289664,0,730,1089,926,1139
1754273674844350778,0,727,1086,924,1136
1754273674846394014,0,726,1084,922,1135
1754273674848364573,0,722,1080,917,1130
1754273674850281670,0,719,1076,916,1127
1754273674852256258,0,716,1074,914,1123
1754273674854269925,0,713,1071,911,1121
1754273674856305124,0,710,1067,908,1117
1754273674858312336,0,707,1065,905,1114
1754273674860369744,0,704,1062,902,1111
1754273674862485142,0,701,1059,900,1107
1754273674864296484,0,697,1058,897,1104
1754273674866366709,0,694,1055,894,1101
1754273674868419794,0,691,1052,891,1098
1754273674870292848,0,688,1049,889,1094
1754273674872389477,0,685,1047,887,1091
1754273674874344977,0,681,1044,884,1088
1754273674876303216,0,678,1042,880,1085
1754273674878362536,0,675,1039,878,1082
1754273674880314589,0,672,1037,875,1079
1754273674882414774,0,669,1034,872,1076
1754273674884367914,0,665,1032,869,1073
1754273674886352135,0,662,1029,866,1070
1754273674888345016,0,658,1027,864,1066
1754273674890353643,0,654,1024,861,1064
1754273674892433420,0,651,1022,859,1060
1754273674894324552,0,647,1019,856,1057
1754273674896281406,0,644,1017,853,1054
1754273674898306636,0,641,1014,850,1051
1754273674900299292,0,638,1012,848,1048
1754273674902328116,0,634,1009,845,1046
1754273674904315004,0,632,1008,844,1044
1754273674906400710,0,627,1004,840,1039
1754273674908317949,0,624,1001,837,1037
1754273674910383866,0,622,1000,836,1035
1754273674912364506,0,618,996,832,1031
1754273674914349706,0,616,994,831,1029
1754273674916368519,0,613,991,827,1024
1754273674918407878,0,610,989,824,1022
1754273674920338439,0,607,986,821,1019
1754273674922404919,0,604,983,818,1016
1754273674924341831,0,601,981,816,1013
1754273674926360733,0,597,978,813,1011
1754273674928400235,0,595,977,812,1010
1754273674930407002,0,592,973,808,1006
1754273674932374156,0,589,970,805,1003
1754273674934360019,0,586,967,803,1000
1754273674936365516,0,583,965,800,997
1754273674938339413,0,582,963,799,996
1754273674940377659,0,579,959,794,992
1754273674942372971,0,576,957,792,990
1754273674944376713,0,574,954,789,988
1754273674946371633,0,572,951,787,985
1754273674948332319,0,570,948,784,982
1754273674950319127,0,568,945,781,980
1754273674952340937,0,566,942,779,977
1754273674954345094,0,564,939,776,975
1754273674956314393,0,562,936,774,972
1754273674958334182,0,559,933,771,970
1754273674960326604,0,558,930,769,967
1754273674962307620,0,555,927,766,965
1754273674964312976,0,553,924,763,962
1754273674966304893,0,551,921,760,960
1754273674968315931,0,549,918,758,958
1754273674970233863,0,547,915,755,955
1754273674972235371,0,545,912,753,953
1754273674974240008,0,543,909,752,950
1754273674976264052,0,541,905,749,948
1754273674978225820,0,538,903,746,945
1754273674980148134,0,537,900,744,942
1754273674982147290,0,535,897,742,940
1754273674984144945,0,532,893,739,938
1754273674986222220,0,530,890,736,935
1754273674988219397,0,528,887,734,932
1754273674990200299,0,525,884,731,930
1754273674992226988,0,523,881,729,927
1754273674994160433,0,521,878,726,924
1754273674996147574,0,518,876,724,921
1754273674998235064,0,516,872,722,920
1754273675000236219,0,513,870,719,917
1754273675002133406,0,511,866,717,914
1754273675004137241,0,508,864,715,911
1754273675006149811,0,506,861,713,908
1754273675008201810,0,503,858,710,906
1754273675010112436,0,500,855,708,903
1754273675012122462,0,497,852,706,900
1754273675014112749,0,495,850,705,896
1754273675016105181,0,492,847,703,893
1754273675018079818,0,489,845,701,891
1754273675020133671,0,487,842,699,887
1754273675022092943,0,484,840,697,884
1754273675024121527,0,481,837,696,881
1754273675026096975,0,478,834,694,879
1754273675028115733,0,475,831,692,875
1754273675030103342,0,472,829,690,872
1754273675032189896,0,469,826,687,869
1754273675034217387,0,467,824,685,866
1754273675036118409,0,464,822,683,863
1754273675038123091,0,461,819,681,860
1754273675040130481,0,458,817,679,857
1754273675042121653,0,455,814,677,853
1754273675044069624,0,453,811,675,850
1754273675046053081,0,450,809,673,848
1754273675048076269,0,447,807,670,844
1754273675050057589,0,445,804,668,842
1754273675052057196,0,442,802,666,838
1754273675054077141,0,439,800,664,836
1754273675056140939,0,437,798,661,832
1754273675058077518,0,435,795,659,830
1754273675060099108,0,432,793,656,827
1754273675062084222,0,430,790,654,824
1754273675064100879,0,428,789,652,821
1754273675066037999,0,426,787,649,818
1754273675068053881,0,423,785,647,816
1754273675070088121,0,421,782,645,813
1754273675072052618,0,419,780,642,810
1754273675074070083,0,418,777,640,807
1754273675076048608,0,416,776,637,804
1754273675078064295,0,415,774,635,802
1754273675080031973,0,413,772,632,799
1754273675082050724,0,412,769,629,797
1754273675084016647,0,410,767,627,794
1754273675086079358,0,408,765,624,791
1754273675088064389,0,407,763,622,788
1754273675090011071,0,405,760,619,786
1754273675092011299,0,404,758,617,784
1754273675094064600,0,403,755,614,781
1754273675096071791,0,401,752,611,778
1754273675098091086,0,399,751,609,776
1754273675100056050,0,398,748,606,774
1754273675102067285,0,396,745,603,771
1754273675104024502,0,394,742,601,769
1754273675106055430,0,393,739,598,767
1754273675108118410,0,391,738,596,765
1754273675110024193,0,390,735,593,763
1754273675112048112,0,388,732,590,761
1754273675114006539,0,386,729,588,758
1754273675115982419,0,385,727,586,756
1754273675117999837,0,383,724,583,754
1754273675120028018,0,381,722,581,751
1754273675122036101,0,379,719,578,749
1754273675123983619,0,378,717,575,747
1754273675126035985,0,376,715,573,745
1754273675128016226,0,374,713,570,743
1754273675130041274,0,372,711,568,740
1754273675131989495,0,370,708,566,738
1754273675133957083,0,368,706,563,736
1754273675135956367,0,366,704,561,734
1754273675137955212,0,364,702,560,731
1754273675139975565,0,362,700,557,729
1754273675141938862,0,360,698,555,727
1754273675143967782,0,357,696,553,724
1754273675145944412,0,355,694,551,722
1754273675147986372,0,353,692,549,720
1754273675149988247,0,350,690,547,717
1754273675151947657,0,348,688,545,715
1754273675153941817,0,346,686,543,713
1754273675155946095,0,344,684,542,710
1754273675157965231,0,341,682,540,708
1754273675159954399,0,339,681,538,706
1754273675161981194,0,336,678,536,703
1754273675163953043,0,333,676,535,701
1754273675165902002,0,331,674,533,699
1754273675167921634,0,328,672,531,696
1754273675169916165,0,326,670,530,694
1754273675171989529,0,324,668,528,691
1754273675173997447,0,322,666,526,689
1754273675175979431,0,320,664,524,686
1754273675177967122,0,318,662,522,684
1754273675179990358,0,316,660,520,682
1754273675181969883,0,312,658,519,680
1754273675183952644,0,310,656,517,677
1754273675185903280,0,308,654,516,675
1754273675187921623,0,306,652,514,673
1754273675189933138,0,304,650,512,670
1754273675191950842,0,302,647,511,668
1754273675194053718,0,300,645,509,666
1754273675195989170,0,298,644,508,664
1754273675198042277,0,296,641,506,662
1754273675199943050,0,294,639,504,659
1754273675201929788,0,291,637,503,657
1754273675203877166,0,289,635,501,655
1754273675205881391,0,288,633,499,653
1754273675207893575,0,285,631,497,651
1754273675209897377,0,283,629,496,649
1754273675211848751,0,282,627,494,647
1754273675213901105,0,280,625,492,644
1754273675215863061,0,278,623,490,642
1754273675217901657,0,276,621,488,640
1754273675219919714,0,275,619,486,638
1754273675221859379,0,273,617,484,637
1754273675223872726,0,271,615,482,634
1754273675225895815,0,270,613,480,632
1754273675227851539,0,268,610,478,630
1754273675229895338,0,266,608,476,628
1754273675231861565,0,265,606,474,626
1754273675233866522,0,263,604,471,624
1754273675235863645,0,262,602,469,622
1754273675237899629,0,260,600,466,620
1754273675239859836,0,259,598,464,618
1754273675241873241,0,257,596,462,616
1754273675243808464,0,256,593,460,614
1754273675245878850,0,254,592,458,612
1754273675247817871,0,253,589,456,610
1754273675249831865,0,251,587,455,608
1754273675251864685,0,250,585,453,606
1754273675253842258,0,248,583,451,604
1754273675255852384,0,246,581,450,602
1754273675257823201,0,245,578,448,600
1754273675259843144,0,244,576,446,598
1754273675261835269,0,242,574,444,596
1754273675263849097,0,241,573,443,594
1754273675265856791,0,239,570,440,592
1754273675267840944,0,238,569,439,590
1754273675269849649,0,236,567,437,588
1754273675271801945,0,234,564,435,585
1754273675273828488,0,232,562,433,583
1754273675275776792,0,231,560,431,582
1754273675277719358,0,229,559,430,579
1754273675279815782,0,227,557,429,577
1754273675281810412,0,227,554,426,575
1754273675283815716,0,225,552,425,573
1754273675285701123,0,224,550,423,571
1754273675287724029,0,222,549,422,569
1754273675289706759,0,220,548,421,568
1754273675291739392,0,218,545,419,566
1754273675293792321,0,217,543,417,563
1754273675295780472,0,215,540,415,562
1754273675297744856,0,213,538,413,560
1754273675299777175,0,211,537,412,558
1754273675301776879,0,211,534,410,555
1754273675303726090,0,209,532,408,553
1754273675305700229,0,207,531,407,551
1754273675307767416,0,205,529,406,549
1754273675309685484,0,203,527,403,547
1754273675311665131,0,202,526,402,545
1754273675313684736,0,200,523,400,543
1754273675315696855,0,199,521,399,541
1754273675317693395,0,197,519,397,539
1754273675319759730,0,195,518,395,536
1754273675321692482,0,193,515,393,534
1754273675323699043,0,192,513,391,532
1754273675325703558,0,191,511,389,530
1754273675327726479,0,189,509,387,528
1754273675329713827,0,187,507,385,526
1754273675331701966,0,185,504,383,525
1754273675333655521,0,184,502,381,523
1754273675335686220,0,182,500,380,520
1754273675337707067,0,180,498,378,518
1754273675339717170,0,179,496,376,516
1754273675341735643,0,178,494,374,514
1754273675343728764,0,176,492,372,512
1754273675345798276,0,174,490,370,510
1754273675347691323,0,173,488,368,508
1754273675349678825,0,171,486,366,506
1754273675351702931,0,169,484,364,504
1754273675353684656,0,168,482,362,502
1754273675355671692,0,166,481,360,500
1754273675357624708,0,165,479,358,498
1754273675359626664,0,163,477,357,496
1754273675361619220,0,162,475,355,494
1754273675363610971,0,160,473,353,492
1754273675365630790,0,159,471,351,490
1754273675367624545,0,157,469,350,488
1754273675369635732,0,155,467,348,486
1754273675371650784,0,154,465,346,484
1754273675373629734,0,152,464,344,482
1754273675375619852,0,151,462,343,480
1754273675377641094,0,149,460,341,478
1754273675379658242,0,147,458,339,476
1754273675381649802,0,146,456,337,474
1754273675383747855,0,145,454,336,472
1754273675385590006,0,143,452,334,471
1754273675387756266,0,141,450,333,469
1754273675389727728,0,139,449,331,466
1754273675391676068,0,138,447,330,464
1754273675393645214,0,137,445,328,463
1754273675395683093,0,135,443,327,460
1754273675397651238,0,133,442,325,458
1754273675399640002,0,132,440,324,457
1754273675401642813,0,130,438,322,454
1754273675403609400,0,129,436,321,453
1754273675405600796,0,127,434,320,451
1754273675407607968,0,125,432,319,448
1754273675409583201,0,123,430,317,447
1754273675411572329,0,122,428,315,445
1754273675413594764,0,120,427,314,443
1754273675415589351,0,119,425,312,441
1754273675417593951,0,118,423,310,439
1754273675419716169,0,116,421,308,437
1754273675421580618,0,115,419,307,435
1754273675423623611,0,113,418,305,433
1754273675425610888,0,112,416,303,431
1754273675427638678,0,110,415,301,429
1754273675429574621,0,109,413,300,428
1754273675431603142,0,108,411,298,426
1754273675433581257,0,106,409,296,424
1754273675435535731,0,105,407,294,422
1754273675437556051,0,104,405,292,421
1754273675439547520,0,102,404,290,419
1754273675441565467,0,101,402,288,417
1754273675443551132,0,99,400,286,414
1754273675445560161,0,98,398,284,413
1754273675447603654,0,97,396,282,411
1754273675449704215,0,95,394,279,409
1754273675451639472,0,94,392,277,407
1754273675453705514,0,93,390,275,406
1754273675455680663,0,91,389,273,404
1754273675457687178,0,90,387,271,402
1754273675459681786,0,89,385,269,400
1754273675461735204,0,88,383,267,398
1754273675463643893,0,86,381,266,396
1754273675465647774,0,85,379,264,395
1754273675467600408,0,83,377,262,392
1754273675469751295,0,82,376,261,391
1754273675471557306,0,81,374,259,390
1754273675473577632,0,80,372,258,387
1754273675475548567,0,78,370,255,386
1754273675477828621,0,77,368,254,384
1754273675479529923,0,76,367,252,382
1754273675481740937,0,74,364,251,381
1754273675483526874,0,73,363,249,379
1754273675485526563,0,72,361,247,377
1754273675487512712,0,70,360,246,375
1754273675489543289,0,69,358,245,373
1754273675491512806,0,67,356,243,371
1754273675493537027,0,66,354,242,369
1754273675495500261,0,65,354,241,368
1754273675497502738,0,63,352,240,366
1754273675499494607,0,62,350,239,364
1754273675501533582,0,61,348,238,362
1754273675503545932,0,59,346,237,360
1754273675505533175,0,58,345,236,358
1754273675507560990,0,57,344,235,357
1754273675509471794,0,55,342,233,354
1754273675511472994,0,54,340,232,353
1754273675513520682,0,52,338,231,351
1754273675515484475,0,52,336,230,349
1754273675517502043,0,50,336,229,347
1754273675519505005,0,48,334,228,345
1754273675521465485,0,47,332,227,343
1754273675523492409,0,46,330,226,342
1754273675525470875,0,45,328,224,340
1754273675527694929,0,44,327,223,338
1754273675529499383,0,43,326,222,336
1754273675531594384,0,41,323,221,335
1754273675533549765,0,40,322,220,333
1754273675535672593,0,39,320,218,331
1754273675537577565,0,39,318,217,329
1754273675539493155,0,38,317,216,328
1754273675541529909,0,37,316,215,326
1754273675543729904,0,36,314,213,324
1754273675545535517,0,35,312,212,322
1754273675547526423,0,34,311,210,321
1754273675549470331,0,34,309,209,319
1754273675551430838,0,33,308,207,318
1754273675553465737,0,32,306,205,316
1754273675555427446,0,31,304,203,313
1754273675557539494,0,31,302,201,312
1754273675559409487,0,31,300,199,310
1754273675561369448,0,30,299,197,309
1754273675563472749,0,30,297,195,307
1754273675565382246,0,30,295,193,305
1754273675567401132,0,29,293,191,304
1754273675569375192,0,29,292,189,302
1754273675571547744,0,29,290,186,301
1754273675573585775,0,28,288,185,299
1754273675575498251,0,28,286,182,297
1754273675577534755,0,28,285,180,295
1754273675579562178,0,27,283,178,294
1754273675581586039,0,27,282,175,292
1754273675583488016,0,27,279,173,291
1754273675585517481,0,27,277,171,289
1754273675587508705,0,26,276,169,287
1754273675589555918,0,26,275,166,286
1754273675591500399,0,26,273,164,284
1754273675593459510,0,26,271,162,282
1754273675595384744,0,26,269,161,281
1754273675597360764,0,25,268,159,279
1754273675599386840,0,25,266,157,278
1754273675601361822,0,25,264,156,276
1754273675603363085,0,25,262,155,274
1754273675605455845,0,25,260,154,272
1754273675607363249,0,24,258,153,270
1754273675609430623,0,24,257,152,269
1754273675611377469,0,24,255,151,267
1754273675613787122,0,24,252,151,266
1754273675615459522,0,24,251,150,264
1754273675617467292,0,24,249,149,262
1754273675619448234,0,23,248,149,261
1754273675621469983,0,23,246,148,259
1754273675623412287,0,23,243,147,257
1754273675625445173,0,22,242,147,255
1754273675627409785,0,22,240,146,254
1754273675629401583,0,21,238,145,252
1754273675631505394,0,21,237,144,250
1754273675633603035,0,20,234,143,248
1754273675635445377,0,20,233,142,246
1754273675637563250,0,20,231,141,245
1754273675639452054,0,19,229,140,243
1754273675641607063,0,19,228,140,241
1754273675643466702,0,18,226,138,239
1754273675645442490,0,18,225,137,238
1754273675647342392,0,18,223,136,236
1754273675649715156,0,18,221,135,234
1754273675651393237,0,18,220,134,232
1754273675653398486,0,18,218,133,230
1754273675655326230,0,17,217,132,228
1754273675657303965,0,17,215,130,227
1754273675659285452,0,17,213,129,225
1754273675661349482,0,17,212,127,223
1754273675663310217,0,17,210,126,221
1754273675665359058,0,17,208,124,219
1754273675667381104,0,17,207,122,217
1754273675669345581,0,17,205,120,216
1754273675671379133,0,18,203,118,214
1754273675673416678,0,17,202,116,212
1754273675675334168,0,17,200,114,210
1754273675677324672,0,17,199,112,208
1754273675679316019,0,18,197,111,207
1754273675681252950,0,17,195,109,205
1754273675683267737,0,17,194,106,203
1754273675685261387,0,18,192,105,201
1754273675687321830,0,18,190,103,200
1754273675689299736,0,18,188,100,198
1754273675691309451,0,18,187,98,196
1754273675693295349,0,18,185,95,195
1754273675695286978,0,18,183,93,193
1754273675697361971,0,18,182,91,191
1754273675699279592,0,18,180,89,189
1754273675701329896,0,18,178,87,188
1754273675703329950,0,18,177,84,186
1754273675705328963,0,18,175,82,184
1754273675707277535,0,18,173,80,182
1754273675709250954,0,18,172,78,181
1754273675711224304,0,18,170,76,179
1754273675713340813,0,18,169,74,178
1754273675715351811,0,18,167,72,176
1754273675717320693,0,18,165,71,174
1754273675719299421,0,18,164,69,172
1754273675721350715,0,18,162,67,171
1754273675723231538,0,18,162,65,169
1754273675725191865,0,18,160,64,167
1754273675727543111,0,18,158,62,166
1754273675729344731,0,18,157,61,164
1754273675731231502,0,17,155,59,162
1754273675733207049,0,17,153,58,161
1754273675735211454,0,17,152,57,159
1754273675737260841,0,17,150,55,158
1754273675739219548,0,17,149,54,156
1754273675741236782,0,17,147,53,155
1754273675743252520,0,17,145,52,153
1754273675745255225,0,16,144,51,151
1754273675747264118,0,16,142,50,150
1754273675749266042,0,16,141,49,148
1754273675751234398,0,15,139,48,146
1754273675753200238,0,14,137,48,145
1754273675755171193,0,14,136,46,144
1754273675757225400,0,14,135,45,142
1754273675759186530,0,13,133,44,140
1754273675761270565,0,13,131,43,138
1754273675763217992,0,12,130,42,137
1754273675765264125,0,12,128,41,136
1754273675767263026,0,11,127,39,134
1754273675769208506,0,10,125,38,132
1754273675771202862,0,10,124,37,131
1754273675773184239,0,10,122,36,129
1754273675775156653,0,9,120,35,128
1754273675777118613,0,8,119,33,126
1754273675779123949,0,8,117,32,125
1754273675781135247,0,7,116,31,123
1754273675783122753,0,6,114,29,122
1754273675785136402,0,5,113,28,120
1754273675787151235,0,5,111,27,119
1754273675789180013,0,4,109,26,117
1754273675791139549,0,4,108,24,116
1754273675793153280,0,3,106,23,114
1754273675795148509,0,3,105,21,113
1754273675797156562,0,2,103,20,111
1754273675799138570,0,1,102,18,109
1754273675801218443,0,0,100,16,108
1754273675803140787,0,-1,99,15,107
1754273675805142694,0,-1,98,13,105
1754273675807129451,0,-2,97,11,103
1754273675809137526,0,-3,95,10,102
1754273675811118176,0,-3,94,8,101
1754273675813115404,0,-4,92,6,99
1754273675815179874,0,-5,91,5,97
1754273675817103372,0,-5,89,3,96
1754273675819120084,0,-6,88,1,95
1754273675821349833,0,-7,86,0,93
